property_id,url,area_range,housing_type,scraped_at
1100734679082730254,https://www.hemnet.se/salda/lagenhet-3rum-mjolkudden-munkeberg-lulea-kommun-munkebergsgatan-46-1100734679082730254,77-78m²,bostadsratt,2026-08-28T16:20:48.464893
710701541734290956,https://www.hemnet.se/salda/lagenhet-3rum-kronogarden-trollhattans-kommun-lantmannavagen-74-710701541734290956,77-78m²,bostadsratt,2026-08-28T16:20:48.464898
5595381173354978183,https://www.hemnet.se/salda/lagenhet-4rum-torpa-jonkopings-kommun-hemstigen-3-5595381173354978183,77-78m²,bostadsratt,2026-08-28T16:20:48.464900
164661902303238030,"https://www.hemnet.se/salda/lagenhet-3rum-bandhagen-stockholms-kommun-salbyvagen-3,-1tr-164661902303238030",77-78m²,bostadsratt,2026-08-28T16:20:48.464902
5412161758088404765,https://www.hemnet.se/salda/lagenhet-3rum-norrangen-jonkopings-kommun-hagstensgatan-12c-5412161758088404765,77-78m²,bostadsratt,2026-08-28T16:20:48.464903
6324948474541609739,https://www.hemnet.se/salda/lagenhet-3rum-triangeln-malmo-kommun-foreningsgatan-20-6324948474541609739,77-78m²,bostadsratt,2026-08-28T16:20:48.464905
485636556935639947,https://www.hemnet.se/salda/lagenhet-4rum-klostergarden-lunds-kommun-virvelvindsvagen-4m-485636556935639947,77-78m²,bostadsratt,2026-08-28T16:20:48.464906
1599269174731806162,https://www.hemnet.se/salda/lagenhet-3rum-rosendal-uppsala-kommun-amanuensgatan-1-1599269174731806162,77-78m²,bostadsratt,2026-08-28T16:20:48.464907
3455247409133673710,https://www.hemnet.se/salda/lagenhet-3rum-attekulla-helsingborgs-kommun-barnstensgatan-45c-3455247409133673710,77-78m²,bostadsratt,2026-08-28T16:20:48.464909
9161019939086745295,https://www.hemnet.se/salda/lagenhet-3rum-skarphagen-norrkopings-kommun-lanhagsgatan-13-9161019939086745295,77-78m²,bostadsratt,2026-08-28T16:20:48.464910
161440726880897965,https://www.hemnet.se/salda/lagenhet-3rum-tomtebo-umea-kommun-alvans-vag-184-161440726880897965,77-78m²,bostadsratt,2026-08-28T16:20:48.464911
7845094690475239906,https://www.hemnet.se/salda/lagenhet-2rum-haninge-jordbro-haninge-kommun-hoglundavagen-11-7845094690475239906,77-78m²,bostadsratt,2026-08-28T16:20:48.464916
8547086796658000348,https://www.hemnet.se/salda/lagenhet-3rum-morohojden-skelleftea-kommun-myntgatan-5s-8547086796658000348,77-78m²,bostadsratt,2026-08-28T16:20:48.464919
1505897294403398879,"https://www.hemnet.se/salda/lagenhet-3rum-arsta-stockholms-kommun-branningevagen-28-a,-3-tr-1505897294403398879",77-78m²,bostadsratt,2026-08-28T16:20:48.464921
8900231013909570371,https://www.hemnet.se/salda/lagenhet-3rum-riksby-stockholms-kommun-spetsvagen-13-8900231013909570371,77-78m²,bostadsratt,2026-08-28T16:20:48.464924
2987441304405926802,https://www.hemnet.se/salda/lagenhet-3rum-matfors-sundsvalls-kommun-tallskogsvagen-13e-2987441304405926802,77-78m²,bostadsratt,2026-08-28T16:20:48.464926
3108667730780655325,https://www.hemnet.se/salda/lagenhet-3rum-kvisthamra-gransater-norrtalje-kommun-ostra-rogardsgatan-11-3108667730780655325,77-78m²,bostadsratt,2026-08-28T16:20:48.464934
6904537146729604157,https://www.hemnet.se/salda/lagenhet-3rum-henan-orust-kommun-strandangsstigen-19-6904537146729604157,77-78m²,bostadsratt,2026-08-28T16:20:48.464936
338006874789579960,https://www.hemnet.se/salda/lagenhet-3rum-vadergatorna-uppsala-kommun-dimgatan-10-338006874789579960,77-78m²,bostadsratt,2026-08-28T16:20:48.464938
8617964453620501088,https://www.hemnet.se/salda/lagenhet-2rum-ostermalm-vasastan-stockholms-kommun-valhallavagen-69-8617964453620501088,77-78m²,bostadsratt,2026-08-28T16:20:48.464941
4844619047249851306,https://www.hemnet.se/salda/lagenhet-3rum-bor-varnamo-kommun-dansbanevagen-22-4844619047249851306,77-78m²,bostadsratt,2026-08-28T16:20:48.464943
9214172541809896273,https://www.hemnet.se/salda/lagenhet-3rum-valbo-gavle-kommun-skommarsbacken-19b-9214172541809896273,77-78m²,bostadsratt,2026-08-28T16:20:48.464945
8197112640558964192,https://www.hemnet.se/salda/lagenhet-3rum-osthammar-osthammars-kommun-norra-tullportsgatan-9b-8197112640558964192,77-78m²,bostadsratt,2026-08-28T16:20:48.464947
4080831125753004982,"https://www.hemnet.se/salda/lagenhet-3rum-vasterhaninge-ribby-haninge-kommun-huggarvagen-9,-1-tr-4080831125753004982",77-78m²,bostadsratt,2026-08-28T16:20:48.464949
1967265920809011885,https://www.hemnet.se/salda/lagenhet-3rum-masthugget-goteborgs-kommun-paradisgatan-19-1967265920809011885,77-78m²,bostadsratt,2026-08-28T16:20:48.464951
8690907110165238615,https://www.hemnet.se/salda/lagenhet-3rum-viksang-vasteras-kommun-kaserngatan-3-8690907110165238615,77-78m²,bostadsratt,2026-08-28T16:20:48.464953
6228839103866517147,https://www.hemnet.se/salda/lagenhet-3rum-haga-sundsvalls-kommun-baldersvagen-21b-6228839103866517147,77-78m²,bostadsratt,2026-08-28T16:20:48.464955
4186464846336300552,https://www.hemnet.se/salda/lagenhet-3rum-centrala-handen-haninge-kommun-utgardsvagen-11-4186464846336300552,77-78m²,bostadsratt,2026-08-28T16:20:48.464957
468954708209145887,https://www.hemnet.se/salda/lagenhet-3rum-bandhagen-stockholms-kommun-fagelstavagen-1-468954708209145887,77-78m²,bostadsratt,2026-08-28T16:20:48.464959
7716840560854908772,https://www.hemnet.se/salda/lagenhet-3rum-vasastan-stockholms-kommun-hagagatan-17b-7716840560854908772,77-78m²,bostadsratt,2026-08-28T16:20:48.464962
5196955811773772750,https://www.hemnet.se/salda/lagenhet-3rum-norrtalje-hamn-norrtalje-kommun-ostra-rogardsgatan-20-5196955811773772750,77-78m²,bostadsratt,2026-08-28T16:20:48.464964
2126024894016704757,https://www.hemnet.se/salda/lagenhet-4rum-raa-helsingborgs-kommun-raavagen-113-2126024894016704757,77-78m²,bostadsratt,2026-08-28T16:20:48.464966
585879191186484002,https://www.hemnet.se/salda/lagenhet-4rum-norra-djurgardsstaden-stockholms-kommun-storangsgatan-17-585879191186484002,77-78m²,bostadsratt,2026-08-28T16:20:48.464968
1765260893965690310,"https://www.hemnet.se/salda/lagenhet-3rum-kungsholmen-stockholms-kommun-lindhagensterrassen-9,-van-11-1765260893965690310",77-78m²,bostadsratt,2026-08-28T16:20:48.464970
4251907322371144482,https://www.hemnet.se/salda/lagenhet-3rum-osmo-nynashamns-kommun-nermans-vag-50-4251907322371144482,77-78m²,bostadsratt,2026-08-28T16:20:48.464972
6525833033166808468,https://www.hemnet.se/salda/lagenhet-3rum-centrala-vasby-upplands-vasby-kommun-centralvagen-19-6525833033166808468,77-78m²,bostadsratt,2026-08-28T16:20:48.464974
3713462912271037258,"https://www.hemnet.se/salda/lagenhet-3rum-vasastan-stockholms-kommun-vanadisvagen-39,-4tr-3713462912271037258",77-78m²,bostadsratt,2026-08-28T16:20:48.464976
2788294264537250286,https://www.hemnet.se/salda/lagenhet-3rum-bellevue-malmo-kommun-limhamnsvagen-10b-2788294264537250286,77-78m²,bostadsratt,2026-08-28T16:20:48.464978
3040739823997861454,https://www.hemnet.se/salda/lagenhet-3rum-vastra-skogen-solna-kommun-johan-enbergs-vag-7-3040739823997861454,77-78m²,bostadsratt,2026-08-28T16:20:48.464981
2666826788162604623,"https://www.hemnet.se/salda/lagenhet-3rum-arsta-gullmarsplan-stockholms-kommun-skontorpsvagen-5,-4tr-2666826788162604623",77-78m²,bostadsratt,2026-08-28T16:20:48.464983
2363824173973959761,https://www.hemnet.se/salda/lagenhet-3rum-saltsjoqvarn-nacka-kommun-sjokvarnsbacken-4-2363824173973959761,77-78m²,bostadsratt,2026-08-28T16:20:48.464985
851118565304039098,https://www.hemnet.se/salda/lagenhet-3rum-frosang-oxelosunds-kommun-frosangsvagen-36-851118565304039098,77-78m²,bostadsratt,2026-08-28T16:20:48.464987
8309458987693683438,"https://www.hemnet.se/salda/lagenhet-3rum-spanga-tensta-stockholms-kommun-skaftingebacken-8,-5-tr-8309458987693683438",77-78m²,bostadsratt,2026-08-28T16:20:48.464992
6094607719003448289,https://www.hemnet.se/salda/lagenhet-2rum-torsvik-lidingo-kommun-torsvikssvangen-26-6094607719003448289,77-78m²,bostadsratt,2026-08-28T16:20:48.464994
8970421927356744067,https://www.hemnet.se/salda/lagenhet-3rum-finnboda-hamn-nacka-kommun-finnboda-parkvag-10-8970421927356744067,77-78m²,bostadsratt,2026-08-28T16:20:48.464996
8087759645355757693,https://www.hemnet.se/salda/lagenhet-3rum-ronnby-vasteras-kommun-slaggkastargatan-4-8087759645355757693,77-78m²,bostadsratt,2026-08-28T16:20:48.464999
4017685328494340849,https://www.hemnet.se/salda/lagenhet-4rum-gamla-rasunda-solna-kommun-parkvagen-2-4017685328494340849,77-78m²,bostadsratt,2026-08-28T16:20:48.465001
7078556080381457645,"https://www.hemnet.se/salda/lagenhet-3rum-balsta-fagerdal-habo-kommun-fagerdalsvagen-4,-3tr-7078556080381457645",77-78m²,bostadsratt,2026-08-28T16:20:48.465003
7742620501943069818,https://www.hemnet.se/salda/lagenhet-3rum-kvarnbyn-molndals-kommun-kvarnbygatan-49-7742620501943069818,77-78m²,bostadsratt,2026-08-28T16:20:48.465005
5716229061593638219,"https://www.hemnet.se/salda/lagenhet-3rum-alvsjo-stockholms-kommun-solberga-hagvag-9,-bv-5716229061593638219",77-78m²,bostadsratt,2026-08-28T16:20:48.465007
5240294132673408177,https://www.hemnet.se/salda/lagenhet-3rum-halmstad-centrum-halmstads-kommun-stenvinkelsgatan-15-5240294132673408177,77-78m²,bostadsratt,2026-08-28T16:20:48.465009
4515181111819671277,https://www.hemnet.se/salda/lagenhet-3rum-centrala-sundbyberg-sundbybergs-kommun-vintergatan-6-4515181111819671277,77-78m²,bostadsratt,2026-08-28T16:20:48.465012
3966437109198985160,https://www.hemnet.se/salda/lagenhet-2rum-teg-umea-kommun-nybrogatan-18-3966437109198985160,77-78m²,bostadsratt,2026-08-28T16:20:48.465014
3409465956829974203,https://www.hemnet.se/salda/lagenhet-2rum-falhagen-uppsala-kommun-frodegatan-5d-3409465956829974203,77-78m²,bostadsratt,2026-08-28T16:20:48.465016
2200008093155301697,https://www.hemnet.se/salda/lagenhet-3rum-centralt-knivsta-kommun-klyvargatan-3-2200008093155301697,77-78m²,bostadsratt,2026-08-28T16:20:48.465019
2347904390513462403,https://www.hemnet.se/salda/lagenhet-3rum-centralt-osterakers-kommun-bergaparksvagen-40-2347904390513462403,77-78m²,bostadsratt,2026-08-28T16:20:48.465021
3816929365060386927,https://www.hemnet.se/salda/lagenhet-3rum-kurverod-uddevalla-kommun-fredagsvagen-42-3816929365060386927,77-78m²,bostadsratt,2026-08-28T16:20:48.465023
971063732970310856,"https://www.hemnet.se/salda/lagenhet-3,5rum-frantorp-goteborgs-kommun-frantorpsgatan-82-971063732970310856",77-78m²,bostadsratt,2026-08-28T16:20:48.465025
753749072480838413,"https://www.hemnet.se/salda/lagenhet-3rum-fisksatra-nacka-kommun-fisksatravagen-28a,-lgh-11602-753749072480838413",77-78m²,bostadsratt,2026-08-28T16:20:48.465027
7986277027855081752,"https://www.hemnet.se/salda/lagenhet-3,5rum-vastra-kungsholmen-hornsbergs-strand-stockholms-kommun-par-lagerkvists-gata-26-7986277027855081752",77-78m²,bostadsratt,2026-08-28T16:20:48.465028
229591072653469672,"https://www.hemnet.se/salda/lagenhet-3rum-lilla-essingen-stockholms-kommun-primusgatan-60,-5tr-229591072653469672",77-78m²,bostadsratt,2026-08-28T16:20:48.465030
3980704015083673416,https://www.hemnet.se/salda/lagenhet-4rum-lindvallen-malung-salens-kommun-vintergatan-740-o-3980704015083673416,77-78m²,bostadsratt,2026-08-28T16:20:48.465031
5162811997707570473,"https://www.hemnet.se/salda/lagenhet-4rum-sodermalm-tanto-stockholms-kommun-flintbacken-18,-3-tr-5162811997707570473",77-78m²,bostadsratt,2026-08-28T16:20:48.465033
3614522969908464393,https://www.hemnet.se/salda/lagenhet-3rum-akeslund-stockholms-kommun-tunnlandsvagen-87-3614522969908464393,77-78m²,bostadsratt,2026-08-28T16:20:48.465034
151723000127656923,https://www.hemnet.se/salda/lagenhet-3rum-oxelosund-oxelosunds-kommun-nytorgsgatan-9b-151723000127656923,77-78m²,bostadsratt,2026-08-28T16:20:48.465035
9012086412238623676,https://www.hemnet.se/salda/lagenhet-3rum-vega-haninge-kommun-vega-alle-69-9012086412238623676,77-78m²,bostadsratt,2026-08-28T16:20:48.465036
177513061621714314,https://www.hemnet.se/salda/lagenhet-3rum-vallingby-centrum-stockholms-kommun-angermannagatan-170-177513061621714314,77-78m²,bostadsratt,2026-08-28T16:20:48.465038
6660126212405454096,https://www.hemnet.se/salda/lagenhet-4rum-vimpeltorpet-kalmar-kommun-hemvagen-16d-6660126212405454096,77-78m²,bostadsratt,2026-08-28T16:20:48.465041
7035460493864158895,https://www.hemnet.se/salda/lagenhet-3rum-morbyskogen-danderyds-kommun-morbyleden-22-7035460493864158895,77-78m²,bostadsratt,2026-08-28T16:20:48.465043
3702563397488010411,https://www.hemnet.se/salda/lagenhet-3rum-dragonfaltet-umea-kommun-ridhusgatan-14-3702563397488010411,77-78m²,bostadsratt,2026-08-28T16:20:48.465044
5004358816023573817,https://www.hemnet.se/salda/lagenhet-3rum-ljuskarrsberget-saltsjobaden-nacka-kommun-ljuskarrsvagen-64-5004358816023573817,77-78m²,bostadsratt,2026-08-28T16:20:48.465045
5239076825900384169,https://www.hemnet.se/salda/lagenhet-3rum-eslov-centralt-eslovs-kommun-norregatan-27-5239076825900384169,77-78m²,bostadsratt,2026-08-28T16:20:48.465046
2716793818233439670,https://www.hemnet.se/salda/lagenhet-3rum-hammarby-sjostad-stockholms-kommun-hammarby-alle-9-2716793818233439670,77-78m²,bostadsratt,2026-08-28T16:20:48.465048
2636166730650914594,https://www.hemnet.se/salda/lagenhet-3rum-billdal-goteborgs-kommun-berghagavagen-7b-2636166730650914594,77-78m²,bostadsratt,2026-08-28T16:20:48.465049
2832621702759588269,https://www.hemnet.se/salda/lagenhet-3rum-askim-goteborgs-kommun-uggleberget-27-2832621702759588269,77-78m²,bostadsratt,2026-08-28T16:20:48.465050
1092378121716801212,https://www.hemnet.se/salda/lagenhet-3rum-kungsholmen-stockholms-kommun-lindhagensterrassen-9-1092378121716801212,77-78m²,bostadsratt,2026-08-28T16:20:48.465051
2257357080158545937,https://www.hemnet.se/salda/lagenhet-3rum-bjorkekarr-goteborgs-kommun-smorslatten-30-2257357080158545937,77-78m²,bostadsratt,2026-08-28T16:20:48.465052
8339848954964991823,https://www.hemnet.se/salda/lagenhet-3rum-molndal-bifrost-molndals-kommun-blandsadesgatan-8d-8339848954964991823,77-78m²,bostadsratt,2026-08-28T16:20:48.465054
4714897051789507150,https://www.hemnet.se/salda/lagenhet-3rum-helenelund-sollentuna-kommun-stupvagen-35-4714897051789507150,77-78m²,bostadsratt,2026-08-28T16:20:48.465055
6682280776054788997,https://www.hemnet.se/salda/lagenhet-3rum-vendelsomalm-haninge-kommun-albatrossvagen-102-6682280776054788997,77-78m²,bostadsratt,2026-08-28T16:20:48.465057
6656255379049458079,https://www.hemnet.se/salda/lagenhet-3rum-centralt-upplands-vasby-kommun-kvarnvagen-10-6656255379049458079,77-78m²,bostadsratt,2026-08-28T16:20:48.465058
4917294431565931496,https://www.hemnet.se/salda/lagenhet-3rum-bromma-mariehall-stockholms-kommun-askangsbacken-16-4917294431565931496,77-78m²,bostadsratt,2026-08-28T16:20:48.465059
6879075099025714172,https://www.hemnet.se/salda/lagenhet-3rum-marsta-norra-sigtuna-kommun-ekilla-gardsvag-16-6879075099025714172,77-78m²,bostadsratt,2026-08-28T16:20:48.465060
1568450995310011601,https://www.hemnet.se/salda/lagenhet-3rum-centrala-hisingen-goteborgs-kommun-rodlonnsgangen-26-1568450995310011601,77-78m²,bostadsratt,2026-08-28T16:20:48.465062
7139116619388543584,https://www.hemnet.se/salda/lagenhet-3rum-bromma-akeslund-stockholms-kommun-tunnlandsvagen-87-7139116619388543584,77-78m²,bostadsratt,2026-08-28T16:20:48.465063
7583995946401874397,https://www.hemnet.se/salda/lagenhet-3rum-torslanda-centralt-goteborgs-kommun-gamla-tumlehedsvagen-7-7583995946401874397,77-78m²,bostadsratt,2026-08-28T16:20:48.465064
753648748752303678,https://www.hemnet.se/salda/lagenhet-3rum-centralt-stromstads-kommun-ankarstigen-43-753648748752303678,77-78m²,bostadsratt,2026-08-28T16:20:48.465065
2668574332540548491,https://www.hemnet.se/salda/lagenhet-3rum-gamla-ostberga-stockholms-kommun-stamgatan-89-2668574332540548491,77-78m²,bostadsratt,2026-08-28T16:20:48.465066
8821631516426244753,https://www.hemnet.se/salda/lagenhet-3rum-skovde-skovde-kommun-mariehovsvagen-28-8821631516426244753,77-78m²,bostadsratt,2026-08-28T16:20:48.465068
6793196620589565376,https://www.hemnet.se/salda/lagenhet-3rum-visby-gotlands-kommun-jungmansgatan-138-6793196620589565376,77-78m²,bostadsratt,2026-08-28T16:20:48.465069
5636204269898131970,https://www.hemnet.se/salda/lagenhet-3rum-torshalla-eskilstuna-kommun-aliforsgatan-6c-5636204269898131970,77-78m²,bostadsratt,2026-08-28T16:20:48.465070
7700243851072585653,https://www.hemnet.se/salda/lagenhet-3rum-arsta-uppsala-kommun-kamomillgatan-4-7700243851072585653,77-78m²,bostadsratt,2026-08-28T16:20:48.465071
3506763107567006694,https://www.hemnet.se/salda/lagenhet-3rum-centralt-pitea-kommun-storgatan-101a-3506763107567006694,77-78m²,bostadsratt,2026-08-28T16:20:48.465072
9074479029780070638,https://www.hemnet.se/salda/lagenhet-3rum-anderstorp-skelleftea-kommun-hemmansgatan-205-9074479029780070638,77-78m²,bostadsratt,2026-08-28T16:20:48.465077
1908559707477151390,https://www.hemnet.se/salda/lagenhet-3rum-ribersborg-malmo-kommun-limhamnsvagen-10b-1908559707477151390,77-78m²,bostadsratt,2026-08-28T16:20:48.465078
6551048504543857815,https://www.hemnet.se/salda/lagenhet-3rum-aby-molndals-kommun-ponnygatan-8b-6551048504543857815,77-78m²,bostadsratt,2026-08-28T16:20:48.465080
9030726042508339486,https://www.hemnet.se/salda/lagenhet-3rum-helenelund-sollentuna-kommun-pilvagen-90-9030726042508339486,77-78m²,bostadsratt,2026-08-28T16:20:48.465081
6813349173045839258,https://www.hemnet.se/salda/lagenhet-3rum-haga-sundsvalls-kommun-elevgrand-1b-6813349173045839258,77-78m²,bostadsratt,2026-08-28T16:20:48.465082
8273298344889683551,https://www.hemnet.se/salda/lagenhet-3rum-vasterhaninge-haninge-kommun-solhemsvagen-23-8273298344889683551,77-78m²,bostadsratt,2026-08-28T16:20:48.465083
3899276796596842433,"https://www.hemnet.se/salda/lagenhet-3rum-kista-stockholms-kommun-kastrupgatan-13,-3-tr-3899276796596842433",77-78m²,bostadsratt,2026-08-28T16:20:48.465085
7176657260356472237,https://www.hemnet.se/salda/lagenhet-3rum-aby-molndals-kommun-ridspogatan-8-a-7176657260356472237,77-78m²,bostadsratt,2026-08-28T16:20:48.465086
5717671293385546041,https://www.hemnet.se/salda/lagenhet-3rum-bromma-minneberg-stockholms-kommun-svartviksslingan-90-5717671293385546041,77-78m²,bostadsratt,2026-08-28T16:20:48.465087
1187081347151303659,https://www.hemnet.se/salda/lagenhet-3rum-rud-karlstad-karlstads-kommun-horsensgatan-48-1187081347151303659,77-78m²,bostadsratt,2026-08-28T16:20:48.465088
3110752026199345193,https://www.hemnet.se/salda/lagenhet-3rum-arsta-stockholms-kommun-sandfjardsgatan-10-3110752026199345193,77-78m²,bostadsratt,2026-08-28T16:20:48.465090
1958662080757192065,https://www.hemnet.se/salda/lagenhet-3rum-vastra-berga-helsingborgs-kommun-volontarsgatan-5a-1958662080757192065,77-78m²,bostadsratt,2026-08-28T16:20:48.465091
1537285470647489817,https://www.hemnet.se/salda/lagenhet-3rum-lomma-lomma-kommun-pilgatan-5-1537285470647489817,77-78m²,bostadsratt,2026-08-28T16:20:48.465092
4785011834195653555,https://www.hemnet.se/salda/lagenhet-2rum-hildedal-goteborgs-kommun-kamomillvagen-40-4785011834195653555,77-78m²,bostadsratt,2026-08-28T16:20:48.465094
5524013432344446570,"https://www.hemnet.se/salda/lagenhet-3,5rum-johanneberg-goteborgs-kommun-golvlaggaregatan-4d-5524013432344446570",77-78m²,bostadsratt,2026-08-28T16:20:48.465095
1952449406639315944,https://www.hemnet.se/salda/lagenhet-4rum-aspudden-midsommarkransen-stockholms-kommun-fastlagsvagen-2-1952449406639315944,77-78m²,bostadsratt,2026-08-28T16:20:48.465096
8412460766030039172,"https://www.hemnet.se/salda/lagenhet-3rum-kista-stockholms-kommun-helsingorsgatan-23,-3-tr-8412460766030039172",77-78m²,bostadsratt,2026-08-28T16:20:48.465098
1948988143670525579,https://www.hemnet.se/salda/lagenhet-4rum-skarpnack-stockholms-kommun-pilotgatan-25-1948988143670525579,77-78m²,bostadsratt,2026-08-28T16:20:48.465099
9024128437645430993,https://www.hemnet.se/salda/lagenhet-3rum-soder-gavle-kommun-murengatan-38-9024128437645430993,77-78m²,bostadsratt,2026-08-28T16:20:48.465100
1851169471967507963,https://www.hemnet.se/salda/lagenhet-3rum-centrum-lunds-kommun-erik-dahlbergsgatan-1-1851169471967507963,77-78m²,bostadsratt,2026-08-28T16:20:48.465101
5896217568969195855,https://www.hemnet.se/salda/lagenhet-3rum-virentofta-malmo-kommun-toftangsgatan-13d-5896217568969195855,77-78m²,bostadsratt,2026-08-28T16:20:48.465102
8527453628552435527,https://www.hemnet.se/salda/lagenhet-3rum-gideonsberg-skallberget-vasteras-kommun-rotorvagen-2-8527453628552435527,77-78m²,bostadsratt,2026-08-28T16:20:48.465104
2785627568743385027,https://www.hemnet.se/salda/lagenhet-3rum-storskogen-sundbybergs-kommun-tallgatan-11-2785627568743385027,77-78m²,bostadsratt,2026-08-28T16:20:48.465105
3086005979344413092,https://www.hemnet.se/salda/lagenhet-4rum-vikaholm-vaxjo-kommun-vikaholmsallen-7f-3086005979344413092,77-78m²,bostadsratt,2026-08-28T16:20:48.465106
2305013422878800219,https://www.hemnet.se/salda/lagenhet-2rum-mariastaden-helsingborgs-kommun-koltrastgatan-19a-2305013422878800219,77-78m²,bostadsratt,2026-08-28T16:20:48.465107
3248662225348900392,https://www.hemnet.se/salda/lagenhet-3rum-almedal-goteborgs-kommun-molndalsvagen-39-3248662225348900392,77-78m²,bostadsratt,2026-08-28T16:20:48.465111
3416812016053677985,"https://www.hemnet.se/salda/lagenhet-3rum-kungsholmen-stockholms-kommun-lindhagensterrassen-19,-12tr-3416812016053677985",77-78m²,bostadsratt,2026-08-28T16:20:48.465112
458245763388929364,https://www.hemnet.se/salda/lagenhet-77m2-munka-ljungby-angelholms-kommun-vanasgatan-2a-458245763388929364,77-78m²,bostadsratt,2026-08-28T16:20:48.465114
5888290212434114118,https://www.hemnet.se/salda/lagenhet-3rum-centrum-uppsala-kommun-drottninggatan-6-b-5888290212434114118,77-78m²,bostadsratt,2026-08-28T16:20:48.465115
2920078356660216199,https://www.hemnet.se/salda/lagenhet-3rum-arlov-burlovs-kommun-segevagen-8-2920078356660216199,77-78m²,bostadsratt,2026-08-28T16:20:48.465116
6344708874552144341,https://www.hemnet.se/salda/lagenhet-3rum-haga-umea-kommun-norra-ersmarksgatan-36-6344708874552144341,77-78m²,bostadsratt,2026-08-28T16:20:48.465117
7683070746868566852,https://www.hemnet.se/salda/lagenhet-4rum-mjolby-mjolby-kommun-burenskoldsvagen-32a-7683070746868566852,77-78m²,bostadsratt,2026-08-28T16:20:48.465118
7589468239109223514,https://www.hemnet.se/salda/lagenhet-3rum-trosa-trosa-kommun-nyangsvagen-51e-7589468239109223514,77-78m²,bostadsratt,2026-08-28T16:20:48.465120
5725756266586539890,"https://www.hemnet.se/salda/lagenhet-2,5rum-sodermalm-stockholms-kommun-hallandsgatan-34-5725756266586539890",77-78m²,bostadsratt,2026-08-28T16:20:48.465121
618781541833315019,https://www.hemnet.se/salda/lagenhet-3rum-attekulla-helsingborgs-kommun-barnstensgatan-43c-618781541833315019,77-78m²,bostadsratt,2026-08-28T16:20:48.465122
8870155969451509656,https://www.hemnet.se/salda/lagenhet-3rum-hagaborg-karlstads-kommun-tolvmansgatan-37-8870155969451509656,77-78m²,bostadsratt,2026-08-28T16:20:48.465123
2783464244926920407,https://www.hemnet.se/salda/lagenhet-4rum-norra-eslov-eslovs-kommun-vangavagen-40-2783464244926920407,77-78m²,bostadsratt,2026-08-28T16:20:48.465124
8187494904471019558,"https://www.hemnet.se/salda/lagenhet-4rum-viby-sollentuna-kommun-soldatvagen-51,-1-tr-8187494904471019558",77-78m²,bostadsratt,2026-08-28T16:20:48.465126
2324568742026791802,https://www.hemnet.se/salda/lagenhet-3rum-kumlaby-malmen-kumla-kommun-vattugatan-16b-2324568742026791802,77-78m²,bostadsratt,2026-08-28T16:20:48.465127
3561939960249353193,https://www.hemnet.se/salda/lagenhet-3rum-alvsjo-stockholms-kommun-solberga-hagvag-16-3561939960249353193,77-78m²,bostadsratt,2026-08-28T16:20:48.465128
6890808659361065235,https://www.hemnet.se/salda/lagenhet-3rum-hisings-karra-goteborgs-kommun-lilla-ingebacksvagen-38b-6890808659361065235,77-78m²,bostadsratt,2026-08-28T16:20:48.465129
1319063315712312648,https://www.hemnet.se/salda/lagenhet-3rum-hyllie-malmo-kommun-norra-tennisgrand-4-1319063315712312648,77-78m²,bostadsratt,2026-08-28T16:20:48.465131
1573714388418626541,"https://www.hemnet.se/salda/lagenhet-3rum-arsta-stockholms-kommun-sandfjardsgatan-105,-5-tr-1573714388418626541",77-78m²,bostadsratt,2026-08-28T16:20:48.465132
2518113288498592635,https://www.hemnet.se/salda/lagenhet-3rum-farsta-stockholms-kommun-varmlandsvagen-330-2518113288498592635,77-78m²,bostadsratt,2026-08-28T16:20:48.465133
3299123569965730306,https://www.hemnet.se/salda/lagenhet-3rum-vallen-soder-vaxjo-kommun-sjovallavagen-12-3299123569965730306,77-78m²,bostadsratt,2026-08-28T16:20:48.465137
1170854627264308250,https://www.hemnet.se/salda/lagenhet-3rum-blasut-stockholms-kommun-fyrvaktarkroken-70-1170854627264308250,77-78m²,bostadsratt,2026-08-28T16:20:48.465138
6357839281749259607,"https://www.hemnet.se/salda/lagenhet-2,5rum-haggvik-sollentuna-kommun-haggviksvagen-19-6357839281749259607",77-78m²,bostadsratt,2026-08-28T16:20:48.465139
8053881697408371857,https://www.hemnet.se/salda/lagenhet-3rum-nedre-haga-sundsvalls-kommun-riddargatan-23b-8053881697408371857,77-78m²,bostadsratt,2026-08-28T16:20:48.465141
8290732724104205631,https://www.hemnet.se/salda/lagenhet-3rum-arsta-uppsala-kommun-fyrislundsgatan-42-8290732724104205631,77-78m²,bostadsratt,2026-08-28T16:20:48.465142
7921831666564950924,https://www.hemnet.se/salda/lagenhet-3rum-gadeastaden-harnosands-kommun-gadeavagen-20-7921831666564950924,77-78m²,bostadsratt,2026-08-28T16:20:48.465143
1761339556976989307,https://www.hemnet.se/salda/lagenhet-3rum-centrum-vallentuna-kommun-sommarvagen-21-1761339556976989307,77-78m²,bostadsratt,2026-08-28T16:20:48.465144
2449154229910280407,https://www.hemnet.se/salda/lagenhet-3rum-korseberg-vanersborgs-kommun-bryggvagen-10c-2449154229910280407,77-78m²,bostadsratt,2026-08-28T16:20:48.465148
5799341414513004137,https://www.hemnet.se/salda/lagenhet-3rum-kullingsberg-alingsas-kommun-rosenvagen-8a-5799341414513004137,77-78m²,bostadsratt,2026-08-28T16:20:48.465149
3872209162790764736,https://www.hemnet.se/salda/lagenhet-3rum-rud-karlstads-kommun-horsensgatan-2-3872209162790764736,77-78m²,bostadsratt,2026-08-28T16:20:48.465150
2486367822014657002,https://www.hemnet.se/salda/lagenhet-3rum-roback-umea-kommun-paletavagen-10-2486367822014657002,77-78m²,bostadsratt,2026-08-28T16:20:48.465152
7157754609025862426,https://www.hemnet.se/salda/lagenhet-3rum-tunavallen-eskilstuna-kommun-grankvistgatan-4-7157754609025862426,77-78m²,bostadsratt,2026-08-28T16:20:48.465153
8226665364962702447,https://www.hemnet.se/salda/lagenhet-4rum-tegefjall-are-kommun-kyrkangesvagen-7g-8226665364962702447,77-78m²,bostadsratt,2026-08-28T16:20:48.465155
8751705119539635523,https://www.hemnet.se/salda/lagenhet-3rum-torshalla-eskilstuna-kommun-spangagatan-1c-8751705119539635523,77-78m²,bostadsratt,2026-08-28T16:20:48.465156
5612409633374244300,https://www.hemnet.se/salda/lagenhet-3rum-luthagen-uppsala-kommun-ringgatan-39d-5612409633374244300,77-78m²,bostadsratt,2026-08-28T16:20:48.465157
9165774790951999347,https://www.hemnet.se/salda/lagenhet-3rum-rud-karlstads-kommun-horsensgatan-26-9165774790951999347,77-78m²,bostadsratt,2026-08-28T16:20:48.465158
7444768476233587334,https://www.hemnet.se/salda/lagenhet-3rum-gustavsberg-porslinskvarteren-varmdo-kommun-wilhelm-kages-gata-3-7444768476233587334,77-78m²,bostadsratt,2026-08-28T16:20:48.465160
5319220484559554464,https://www.hemnet.se/salda/lagenhet-3rum-molndal-molndals-kommun-ponnygatan-2d-5319220484559554464,77-78m²,bostadsratt,2026-08-28T16:20:48.465161
7893293850502771448,https://www.hemnet.se/salda/lagenhet-3rum-vinstorp-lomma-kommun-vinstorpsvagen-58-7893293850502771448,77-78m²,bostadsratt,2026-08-28T16:20:48.465162
1774839481848296177,https://www.hemnet.se/salda/lagenhet-3rum-adolfsberg-helsingborgs-kommun-ragnvallagatan-28a-1774839481848296177,77-78m²,bostadsratt,2026-08-28T16:20:48.465163
1733361123799593126,https://www.hemnet.se/salda/lagenhet-3rum-snopptorp-eskilstuna-kommun-stenkvistavagen-8-1733361123799593126,77-78m²,bostadsratt,2026-08-28T16:20:48.465165
3605174689030018047,https://www.hemnet.se/salda/lagenhet-3rum-mollevangen-malmo-kommun-henrik-smithsgatan-1-3605174689030018047,77-78m²,bostadsratt,2026-08-28T16:20:48.465166
5617435916825400911,https://www.hemnet.se/salda/lagenhet-3rum-mollevangen-malmo-kommun-bangatan-6b-5617435916825400911,77-78m²,bostadsratt,2026-08-28T16:20:48.465167
6505242526467058293,https://www.hemnet.se/salda/lagenhet-3rum-nacka-strand-nacka-kommun-fabrikorvagen-10c-6505242526467058293,77-78m²,bostadsratt,2026-08-28T16:20:48.465168
5799722286324734521,https://www.hemnet.se/salda/lagenhet-4rum-ronnby-vasteras-kommun-slaggkastargatan-10-5799722286324734521,77-78m²,bostadsratt,2026-08-28T16:20:48.465170
6543638966454916532,https://www.hemnet.se/salda/lagenhet-3rum-timra-centralt-timra-kommun-mellangatan-19a-6543638966454916532,77-78m²,bostadsratt,2026-08-28T16:20:48.465171
5379139359282027474,https://www.hemnet.se/salda/lagenhet-3rum-sorby-orebro-kommun-hemmansvagen-38b-5379139359282027474,77-78m²,bostadsratt,2026-08-28T16:20:48.465172
8476386110749356183,https://www.hemnet.se/salda/lagenhet-3rum-trangsund-huddinge-kommun-tornslingan-18-8476386110749356183,77-78m²,bostadsratt,2026-08-28T16:20:48.465173
4377942472507817711,https://www.hemnet.se/salda/lagenhet-3rum-arsta-uppsala-kommun-fyrislundsgatan-40-4377942472507817711,77-78m²,bostadsratt,2026-08-28T16:20:48.465174
8406970041120249759,https://www.hemnet.se/salda/lagenhet-3rum-torshalla-eskilstuna-kommun-thermaeniusgatan-35a-8406970041120249759,77-78m²,bostadsratt,2026-08-28T16:20:48.465176
5406293259620386115,https://www.hemnet.se/salda/lagenhet-3rum-ljungby-ljungby-kommun-hogarorsgatan-9-5406293259620386115,77-78m²,bostadsratt,2026-08-28T16:20:48.465177
2507259621210608467,https://www.hemnet.se/salda/lagenhet-3rum-bro-finnsta-gard-upplands-bro-kommun-liljestigen-68-2507259621210608467,77-78m²,bostadsratt,2026-08-28T16:20:48.465178
6272833280563975616,https://www.hemnet.se/salda/lagenhet-3rum-vasastan-sibirien-stockholms-kommun-frejgatan-12-6272833280563975616,77-78m²,bostadsratt,2026-08-28T16:20:48.465184
4028223161004510050,https://www.hemnet.se/salda/lagenhet-3rum-vaxholm-vaxholms-kommun-soldatgatan-21-4028223161004510050,77-78m²,bostadsratt,2026-08-28T16:20:48.465185
7247246829437747098,"https://www.hemnet.se/salda/lagenhet-3rum-liljeholmen-liljeholmskajen-stockholms-kommun-ekfatsgatan-1,-18tr-7247246829437747098",77-78m²,bostadsratt,2026-08-28T16:20:48.465186
2390251717205849967,https://www.hemnet.se/salda/lagenhet-3rum-vigelsjo-norrtalje-kommun-vigelsjovagen-27a-2390251717205849967,77-78m²,bostadsratt,2026-08-28T16:20:48.465187
2036762100573126013,https://www.hemnet.se/salda/lagenhet-3rum-helenelund-sollentuna-kommun-stupvagen-49-2036762100573126013,77-78m²,bostadsratt,2026-08-28T16:20:48.465189
7585197920717782315,https://www.hemnet.se/salda/lagenhet-3rum-skarpnack-stockholms-kommun-pilotgatan-9-7585197920717782315,77-78m²,bostadsratt,2026-08-28T16:20:48.465190
4885141368368367396,https://www.hemnet.se/salda/lagenhet-3rum-ragnvalla-helsingborgs-kommun-ragnvallagatan-30-c-4885141368368367396,77-78m²,bostadsratt,2026-08-28T16:20:48.465191
2481059604193540803,https://www.hemnet.se/salda/lagenhet-3rum-vasastan-stockholms-kommun-hagagatan-15e-2481059604193540803,77-78m²,bostadsratt,2026-08-28T16:20:48.465192
456044751790909094,https://www.hemnet.se/salda/lagenhet-3rum-glasberga-sjostad-sodertalje-kommun-glasbygatan-3d-456044751790909094,77-78m²,bostadsratt,2026-08-28T16:20:48.465194
9109415452145685542,"https://www.hemnet.se/salda/lagenhet-3rum-farsta-stockholms-kommun-larsbodavagen-48,-4tr-9109415452145685542",77-78m²,bostadsratt,2026-08-28T16:20:48.465195
7640275893540342266,https://www.hemnet.se/salda/lagenhet-3rum-gustavsberg-farsta-slottsvik-varmdo-kommun-farsta-slottsvag-7-7640275893540342266,77-78m²,bostadsratt,2026-08-28T16:20:48.465196
6031822091350780334,https://www.hemnet.se/salda/lagenhet-2rum-vendelsomalm-haninge-kommun-kulfangsgatan-6-6031822091350780334,77-78m²,bostadsratt,2026-08-28T16:20:48.465198
5247023033465057085,https://www.hemnet.se/salda/lagenhet-3rum-nasbypark-taby-kommun-kuttervagen-4-5247023033465057085,77-78m²,bostadsratt,2026-08-28T16:20:48.465199
4112978653626638253,"https://www.hemnet.se/salda/lagenhet-3rum-skarpnack-stockholms-kommun-pilotgatan-7,-1tr-4112978653626638253",77-78m²,bostadsratt,2026-08-28T16:20:48.465201
3776374590877225724,https://www.hemnet.se/salda/lagenhet-3rum-bohuslan-kungalvs-kommun-vendergatan-34-3776374590877225724,77-78m²,bostadsratt,2026-08-28T16:20:48.465202
7739033523034644418,https://www.hemnet.se/salda/lagenhet-3rum-aby-molndals-kommun-ponnygatan-8a-7739033523034644418,77-78m²,bostadsratt,2026-08-28T16:20:48.465203
5712005574906287297,https://www.hemnet.se/salda/lagenhet-3rum-aspudden-stockholms-kommun-lilla-aspuddsvagen-8-5712005574906287297,77-78m²,bostadsratt,2026-08-28T16:20:48.465205
2721902702053121782,https://www.hemnet.se/salda/lagenhet-3rum-rasunda-solna-kommun-parkvagen-2-2721902702053121782,77-78m²,bostadsratt,2026-08-28T16:20:48.465206
9010364246006247993,https://www.hemnet.se/salda/lagenhet-3rum-norra-botkyrka-botkyrka-kommun-domarebacken-6-9010364246006247993,77-78m²,bostadsratt,2026-08-28T16:20:48.465207
6736795680775588953,https://www.hemnet.se/salda/lagenhet-3rum-smalandsangen-motala-kommun-bispmotalagatan-29d-6736795680775588953,77-78m²,bostadsratt,2026-08-28T16:20:48.465208
6674008741357014230,https://www.hemnet.se/salda/lagenhet-3rum-oxbacken-vasteras-kommun-hammarbygatan-5a-6674008741357014230,77-78m²,bostadsratt,2026-08-28T16:20:48.465210
834858054203285904,https://www.hemnet.se/salda/lagenhet-3rum-albatrossen-haninge-kommun-albatrossvagen-76-834858054203285904,77-78m²,bostadsratt,2026-08-28T16:20:48.465211
7386359524493187860,https://www.hemnet.se/salda/lagenhet-3rum-enskededalen-stockholms-kommun-slattervagen-3-7386359524493187860,77-78m²,bostadsratt,2026-08-28T16:20:48.465212
6503258987241800337,"https://www.hemnet.se/salda/lagenhet-3rum-ostermalm-stockholms-kommun-valhallavagen-148f,-7-tr-6503258987241800337",77-78m²,bostadsratt,2026-08-28T16:20:48.465214
4779494493538818785,https://www.hemnet.se/salda/lagenhet-3rum-norrliden-sundsvalls-kommun-baldersvagen-21c-4779494493538818785,77-78m²,bostadsratt,2026-08-28T16:20:48.465215
7248273051809993263,https://www.hemnet.se/salda/lagenhet-4rum-stureby-stockholms-kommun-bjulevagen-19-7248273051809993263,77-78m²,bostadsratt,2026-08-28T16:20:48.465216
7418163585008529631,https://www.hemnet.se/salda/lagenhet-3rum-skarpnack-stockholms-kommun-drakflygargatan-9-7418163585008529631,77-78m²,bostadsratt,2026-08-28T16:20:48.465220
1099490705434841310,https://www.hemnet.se/salda/lagenhet-3rum-storgardet-tallasen-tostero-strangnas-kommun-eskilstunavagen-12-1099490705434841310,77-78m²,bostadsratt,2026-08-28T16:20:48.465221
5753257210803831203,https://www.hemnet.se/salda/lagenhet-3rum-vastra-soderkulla-malmo-kommun-tornfalksgatan-2b-5753257210803831203,77-78m²,bostadsratt,2026-08-28T16:20:48.465223
8778927647084569039,https://www.hemnet.se/salda/lagenhet-3rum-slottsstaden-malmo-kommun-nordlinds-vag-100c-8778927647084569039,77-78m²,bostadsratt,2026-08-28T16:20:48.465224
7057280916400092110,"https://www.hemnet.se/salda/lagenhet-3rum-alphyddan-nacka-kommun-alphyddevagen-15,-5-tr-7057280916400092110",77-78m²,bostadsratt,2026-08-28T16:20:48.465225
9140991097895493174,https://www.hemnet.se/salda/lagenhet-3rum-krokslatt-goteborgs-kommun-nordgardsgatan-3-9140991097895493174,77-78m²,bostadsratt,2026-08-28T16:20:48.465229
6346535830271121179,"https://www.hemnet.se/salda/lagenhet-3rum-arsta-stockholms-kommun-sandfjardsgatan-109,-11-tr-6346535830271121179",77-78m²,bostadsratt,2026-08-28T16:20:48.465230
1475218030225682940,https://www.hemnet.se/salda/lagenhet-3rum-goteborg-partille-kommun-gamla-kronvagen-47a-1475218030225682940,77-78m²,bostadsratt,2026-08-28T16:20:48.465231
804673848926202262,https://www.hemnet.se/salda/lagenhet-3rum-geneta-sodertalje-kommun-orienteringsstigen-19b-804673848926202262,77-78m²,bostadsratt,2026-08-28T16:20:48.465233
3538319325207545846,https://www.hemnet.se/salda/lagenhet-3rum-gardet-centrum-bollnas-kommun-odengatan-12a-3538319325207545846,77-78m²,bostadsratt,2026-08-28T16:20:48.465234
7038034745334085757,https://www.hemnet.se/salda/lagenhet-3rum-lund-centrum-lunds-kommun-stora-fiskaregatan-9c-7038034745334085757,77-78m²,bostadsratt,2026-08-28T16:20:48.465235
3716913889992070046,"https://www.hemnet.se/salda/lagenhet-3rum-hasselby-strand-stockholms-kommun-piongrand-11,-3tr-3716913889992070046",77-78m²,bostadsratt,2026-08-28T16:20:48.465236
1352553848985897494,https://www.hemnet.se/salda/lagenhet-3rum-kallhall-jarfalla-kommun-kopparvagen-55-1352553848985897494,77-78m²,bostadsratt,2026-08-28T16:20:48.465237
6196749223489497711,https://www.hemnet.se/salda/lagenhet-3rum-falhagen-uppsala-kommun-torkelsgatan-19a-6196749223489497711,77-78m²,bostadsratt,2026-08-28T16:20:48.465239
7881720385879100286,https://www.hemnet.se/salda/lagenhet-2rum-sodermalm-stockholms-kommun-folkungagatan-91-7881720385879100286,77-78m²,bostadsratt,2026-08-28T16:20:48.465240
1806471722478662335,https://www.hemnet.se/salda/lagenhet-3rum-roback-umea-kommun-skyttelvagen-36-1806471722478662335,77-78m²,bostadsratt,2026-08-28T16:20:48.465241
7603563063301554423,"https://www.hemnet.se/salda/lagenhet-3rum-arsta-stockholms-kommun-glindragrand-5,-hogst-upp-7603563063301554423",77-78m²,bostadsratt,2026-08-28T16:20:48.465245
221505187728490589,https://www.hemnet.se/salda/lagenhet-3rum-torpa-jonkopings-kommun-torpagatan-3a-221505187728490589,77-78m²,bostadsratt,2026-08-28T16:20:48.465246
1101005111369659606,https://www.hemnet.se/salda/lagenhet-3rum-ursviken-skelleftea-kommun-skelleftehamnsvagen-150-1101005111369659606,77-78m²,bostadsratt,2026-08-28T16:20:48.465247
9012980927770897129,https://www.hemnet.se/salda/lagenhet-3rum-backa-ystads-kommun-hallonstigen-12b-9012980927770897129,77-78m²,bostadsratt,2026-08-28T16:20:48.465248
8554443848409345007,https://www.hemnet.se/salda/lagenhet-4rum-hovde-are-kommun-hovde-212b-8554443848409345007,77-78m²,bostadsratt,2026-08-28T16:20:48.465250
5962562682744440144,"https://www.hemnet.se/salda/lagenhet-3,5rum-sodermalm-stockholms-kommun-ringvagen-83-5962562682744440144",77-78m²,bostadsratt,2026-08-28T16:20:48.465251
2880899013167803108,https://www.hemnet.se/salda/lagenhet-4rum-skarsatra-lidingo-kommun-pyrolavagen-25-2880899013167803108,77-78m²,bostadsratt,2026-08-28T16:20:48.465252
2813339899438749543,"https://www.hemnet.se/salda/lagenhet-3rum-skarpnack-stockholms-kommun-pilotgatan-7,-1tr-2813339899438749543",77-78m²,bostadsratt,2026-08-28T16:20:48.465254
9168011787024781442,https://www.hemnet.se/salda/lagenhet-3rum-minneberg-stockholms-kommun-svartviksslingan-39-9168011787024781442,77-78m²,bostadsratt,2026-08-28T16:20:48.465255
3548298453004061909,https://www.hemnet.se/salda/lagenhet-3rum-barslov-helsingborgs-kommun-fyrhogagatan-5-3548298453004061909,77-78m²,bostadsratt,2026-08-28T16:20:48.465258
1242341020400712567,https://www.hemnet.se/salda/lagenhet-3rum-kungalv-kungalvs-kommun-trekungagatan-11-1242341020400712567,77-78m²,bostadsratt,2026-08-28T16:20:48.465260
8731097097467183850,https://www.hemnet.se/salda/lagenhet-3rum-kungsholmen-stockholms-kommun-lindhagensterrassen-27-8731097097467183850,77-78m²,bostadsratt,2026-08-28T16:20:48.465261
2222863996994763466,https://www.hemnet.se/salda/lagenhet-3rum-harnon-harnosands-kommun-bryggvagen-1-e-2222863996994763466,77-78m²,bostadsratt,2026-08-28T16:20:48.465262
6869530530316020685,https://www.hemnet.se/salda/lagenhet-3rum-sundbyberg-ursvik-sundbybergs-kommun-forskningsringen-82a-6869530530316020685,77-78m²,bostadsratt,2026-08-28T16:20:48.465284
7616674819396130359,https://www.hemnet.se/salda/lagenhet-3rum-gustavsberg-varmdo-kommun-meitens-vag-19-7616674819396130359,77-78m²,bostadsratt,2026-08-28T16:20:48.465286
7394507144342340219,https://www.hemnet.se/salda/lagenhet-3rum-mariastaden-helsingborgs-kommun-kungsfagelgatan-31-7394507144342340219,77-78m²,bostadsratt,2026-08-28T16:20:48.465288
2263914471314085827,https://www.hemnet.se/salda/lagenhet-3rum-luthagen-uppsala-kommun-tegnergatan-28a-2263914471314085827,77-78m²,bostadsratt,2026-08-28T16:20:48.465289
8329543126975284251,https://www.hemnet.se/salda/lagenhet-3rum-nacka-strand-nacka-kommun-fabrikorvagen-4a-8329543126975284251,77-78m²,bostadsratt,2026-08-28T16:20:48.465290
4221311592885260353,https://www.hemnet.se/salda/lagenhet-3rum-tomtebo-umea-kommun-alvans-vag-82-4221311592885260353,77-78m²,bostadsratt,2026-08-28T16:20:48.465292
1189393887457684960,https://www.hemnet.se/salda/lagenhet-3rum-hagsatra-stockholms-kommun-axbergsgrand-4-1189393887457684960,77-78m²,bostadsratt,2026-08-28T16:20:48.465293
5268673611058718475,https://www.hemnet.se/salda/lagenhet-3rum-sodermalm-stockholms-kommun-ringvagen-134-5268673611058718475,77-78m²,bostadsratt,2026-08-28T16:20:48.465294
4038244337978059287,https://www.hemnet.se/salda/lagenhet-3rum-centrum-fagersta-kommun-dalavagen-42-4038244337978059287,77-78m²,bostadsratt,2026-08-28T16:20:48.465298
5353230698714328305,https://www.hemnet.se/salda/lagenhet-3rum-vasastaden-stockholms-kommun-sveavagen-94-5353230698714328305,77-78m²,bostadsratt,2026-08-28T16:20:48.465299
3073316364328974780,https://www.hemnet.se/salda/lagenhet-3rum-lillhamra-vasteras-kommun-vanortsgatan-1-3073316364328974780,77-78m²,bostadsratt,2026-08-28T16:20:48.465300
1893404022936585544,https://www.hemnet.se/salda/lagenhet-3rum-angered-lovgardet-goteborgs-kommun-rosmaringatan-19-1893404022936585544,77-78m²,bostadsratt,2026-08-28T16:20:48.465301
6010584797634206253,https://www.hemnet.se/salda/lagenhet-3rum-husie-solangen-toftangen-malmo-kommun-klagerupsvagen-327h-6010584797634206253,77-78m²,bostadsratt,2026-08-28T16:20:48.465303
8659307312828701573,"https://www.hemnet.se/salda/lagenhet-3rum-liljeholmen-stockholms-kommun-karaffgatan-4,-4-tr,-8659307312828701573",77-78m²,bostadsratt,2026-08-28T16:20:48.465304
4896322904420165114,https://www.hemnet.se/salda/lagenhet-3rum-midsommarkransen-stockholms-kommun-aprilgatan-4-4896322904420165114,77-78m²,bostadsratt,2026-08-28T16:20:48.465305
4181894899153884248,https://www.hemnet.se/salda/lagenhet-3rum-ramlosa-helsingborgs-kommun-petrens-alle-19-4181894899153884248,77-78m²,bostadsratt,2026-08-28T16:20:48.465307
7781669573108844472,https://www.hemnet.se/salda/lagenhet-3rum-kungsholmen-stockholms-kommun-arbetargatan-33c-7781669573108844472,77-78m²,bostadsratt,2026-08-28T16:20:48.465308
7963819385154621778,https://www.hemnet.se/salda/lagenhet-4rum-stafsinge-falkenbergs-kommun-glasparlevagen-9b-7963819385154621778,77-78m²,bostadsratt,2026-08-28T16:20:48.465309
8520790439723621310,https://www.hemnet.se/salda/lagenhet-3rum-arsta-uppsala-kommun-fyrislundsgatan-58-8520790439723621310,77-78m²,bostadsratt,2026-08-28T16:20:48.465310
6433611847721581308,https://www.hemnet.se/salda/lagenhet-3rum-nasbypark-taby-kommun-nasbyviksgrand-4-6433611847721581308,77-78m²,bostadsratt,2026-08-28T16:20:48.465311
661278166513178519,https://www.hemnet.se/salda/lagenhet-3rum-ritorp-solna-kommun-ritorpsvagen-3-661278166513178519,77-78m²,bostadsratt,2026-08-28T16:20:48.465312
1188783750065622936,https://www.hemnet.se/salda/lagenhet-3rum-haga-vasteras-kommun-haga-parkgata-23b-1188783750065622936,77-78m²,bostadsratt,2026-08-28T16:20:48.465314
4022653460875510127,https://www.hemnet.se/salda/lagenhet-3rum-norra-kajen-sundsvalls-kommun-fregattgatan-16-4022653460875510127,77-78m²,bostadsratt,2026-08-28T16:20:48.465317
327196182919168021,https://www.hemnet.se/salda/lagenhet-3rum-hyllie-malmo-kommun-skrivaregatan-36-327196182919168021,77-78m²,bostadsratt,2026-08-28T16:20:48.465318
7028533131224848474,https://www.hemnet.se/salda/lagenhet-3rum-sodermalm-mariatorget-stockholms-kommun-krukmakargatan-33b-7028533131224848474,77-78m²,bostadsratt,2026-08-28T16:20:48.465320
7473739232141067320,https://www.hemnet.se/salda/lagenhet-3rum-brunflo-ostersunds-kommun-gransvagen-8-d-7473739232141067320,77-78m²,bostadsratt,2026-08-28T16:20:48.465321
4310695858848858974,https://www.hemnet.se/salda/lagenhet-3rum-oster-malarstrand-vasteras-kommun-oster-malarstrands-alle-138-4310695858848858974,77-78m²,bostadsratt,2026-08-28T16:20:48.465322
9077986482831216492,https://www.hemnet.se/salda/lagenhet-3rum-tolo-kungsbacka-kommun-aroniavagen-1a-9077986482831216492,77-78m²,bostadsratt,2026-08-28T16:20:48.465323
5465956605765225219,https://www.hemnet.se/salda/lagenhet-3rum-kungsholmen-stockholms-kommun-norr-malarstrand-92-fridhemsgatan-3-5465956605765225219,77-78m²,bostadsratt,2026-08-28T16:20:48.465325
3577573354831107044,https://www.hemnet.se/salda/lagenhet-3rum-torslanda-andalen-goteborgs-kommun-flyghamnsvagen-27f-3577573354831107044,77-78m²,bostadsratt,2026-08-28T16:20:48.465326
2505468003322761096,https://www.hemnet.se/salda/lagenhet-3rum-liljeholmskajen-stockholms-kommun-marieviksgatan-43-2505468003322761096,77-78m²,bostadsratt,2026-08-28T16:20:48.465327
7177287180937511747,https://www.hemnet.se/salda/lagenhet-3rum-arsta-uppsala-kommun-kamomillgatan-31-7177287180937511747,77-78m²,bostadsratt,2026-08-28T16:20:48.465329
5157485307263636236,https://www.hemnet.se/salda/lagenhet-4rum-hagsatra-stockholms-kommun-hallsbergsgatan-20-5157485307263636236,77-78m²,bostadsratt,2026-08-28T16:20:48.465330
7510614613515720658,"https://www.hemnet.se/salda/lagenhet-3rum-farsta-stockholms-kommun-larsbodavagen-42,-1tr-7510614613515720658",77-78m²,bostadsratt,2026-08-28T16:20:48.465331
4265013738145420281,"https://www.hemnet.se/salda/lagenhet-3rum-kista-stockholms-kommun-almbygatan-10,-vaning-2-4265013738145420281",77-78m²,bostadsratt,2026-08-28T16:20:48.465332
6561280578363368727,https://www.hemnet.se/salda/lagenhet-3rum-strandparksomradet-nacka-kommun-stensovagen-15-6561280578363368727,77-78m²,bostadsratt,2026-08-28T16:20:48.465333
3605043615341137409,https://www.hemnet.se/salda/lagenhet-3rum-hammarby-sjostad-stockholms-kommun-henriksdalsallen-36-3605043615341137409,77-78m²,bostadsratt,2026-08-28T16:20:48.465335
1375920417896970774,https://www.hemnet.se/salda/lagenhet-3rum-viksang-vasteras-kommun-kaserngatan-1-1375920417896970774,77-78m²,bostadsratt,2026-08-28T16:20:48.465336
2553813448283817145,https://www.hemnet.se/salda/lagenhet-3rum-klara-karlstads-kommun-malmtorgsgatan-10-2553813448283817145,77-78m²,bostadsratt,2026-08-28T16:20:48.465337
1764606003037201230,https://www.hemnet.se/salda/lagenhet-3rum-knislinge-ostra-goinge-kommun-tranbarsgrand-6-1764606003037201230,77-78m²,bostadsratt,2026-08-28T16:20:48.465338
3996124615821855599,https://www.hemnet.se/salda/lagenhet-3rum-stavre-trollhattans-kommun-peter-baggegatan-8b-3996124615821855599,77-78m²,bostadsratt,2026-08-28T16:20:48.465341
5292749638783331685,https://www.hemnet.se/salda/lagenhet-3rum-skelleftehamn-skelleftea-kommun-kaptensgatan-21b-5292749638783331685,77-78m²,bostadsratt,2026-08-28T16:20:48.465343
652628831353744086,https://www.hemnet.se/salda/lagenhet-2rum-furulund-kavlinge-kommun-karderskans-gata-13-652628831353744086,77-78m²,bostadsratt,2026-08-28T16:20:48.465344
8899432814632023342,https://www.hemnet.se/salda/lagenhet-3rum-toftangen-husie-malmo-kommun-toftangsgatan-15c-8899432814632023342,77-78m²,bostadsratt,2026-08-28T16:20:48.465345
6484039581583243964,https://www.hemnet.se/salda/lagenhet-3rum-hovslatt-jonkopings-kommun-dammgatan-5-6484039581583243964,77-78m²,bostadsratt,2026-08-28T16:20:48.465346
1263909851793226500,https://www.hemnet.se/salda/lagenhet-3rum-skogas-huddinge-kommun-loftvagen-7-1263909851793226500,77-78m²,bostadsratt,2026-08-28T16:20:48.465348
227218533560906775,https://www.hemnet.se/salda/lagenhet-3rum-vasastan-norrmalm-stockholms-kommun-luntmakargatan-54a-227218533560906775,77-78m²,bostadsratt,2026-08-28T16:20:48.465349
8956130823072743129,https://www.hemnet.se/salda/lagenhet-3rum-mollevangen-malmo-kommun-sofielundsvagen-23c-8956130823072743129,77-78m²,bostadsratt,2026-08-28T16:20:48.465352
1069627792498382524,https://www.hemnet.se/salda/lagenhet-3rum-lyckebo-sjostad-boras-kommun-lonnebergagatan-1-a-1069627792498382524,77-78m²,bostadsratt,2026-08-28T16:20:48.465354
852975871493679966,https://www.hemnet.se/salda/lagenhet-3rum-barslov-helsingborgs-kommun-fyrhogagatan-103-852975871493679966,77-78m²,bostadsratt,2026-08-28T16:20:48.465355
8454558112127152849,"https://www.hemnet.se/salda/lagenhet-3rum-taby-park-taby-kommun-boulevarden-54,-5tr-8454558112127152849",77-78m²,bostadsratt,2026-08-28T16:20:48.465359
1039043297422184158,https://www.hemnet.se/salda/lagenhet-3rum-froson-ostersunds-kommun-ruuthsvagen-5b-1039043297422184158,77-78m²,bostadsratt,2026-08-28T16:20:48.465360
36467611930405792,"https://www.hemnet.se/salda/lagenhet-3rum-vasastan-odenplan-stockholms-kommun-vanadisvagen-11b,-5tr,-36467611930405792",77-78m²,bostadsratt,2026-08-28T16:20:48.465361
381979037470319609,"https://www.hemnet.se/salda/lagenhet-3rum-vasastan-stockholms-kommun-hagagatan-15e,-3tr-381979037470319609",77-78m²,bostadsratt,2026-08-28T16:20:48.465362
582138397995700049,https://www.hemnet.se/salda/lagenhet-4rum-vasterhaninge-ribby-haninge-kommun-solhemsvagen-11-582138397995700049,77-78m²,bostadsratt,2026-08-28T16:20:48.465364
4851557778931733934,"https://www.hemnet.se/salda/lagenhet-3rum-kallhall-jarfalla-kommun-emaljvagen-18,-vaning-9-9-4851557778931733934",77-78m²,bostadsratt,2026-08-28T16:20:48.465365
6855703388344094733,https://www.hemnet.se/salda/lagenhet-3rum-luthagen-uppsala-kommun-jumkilsgatan-7d-6855703388344094733,77-78m²,bostadsratt,2026-08-28T16:20:48.465366
3208950482296535992,https://www.hemnet.se/salda/lagenhet-3rum-roback-umea-kommun-kragvagen-140-3208950482296535992,77-78m²,bostadsratt,2026-08-28T16:20:48.465367
4406417562756319931,"https://www.hemnet.se/salda/lagenhet-3rum-hammarbyhojden,-johanneshov-stockholms-kommun-finn-malmgrens-vag-4a-4406417562756319931",77-78m²,bostadsratt,2026-08-28T16:20:48.465369
7364374560708845556,https://www.hemnet.se/salda/lagenhet-3rum-morohojden-skelleftea-kommun-myntgatan-7h-7364374560708845556,77-78m²,bostadsratt,2026-08-28T16:20:48.465370
3084934985502784621,https://www.hemnet.se/salda/lagenhet-3rum-adolfsberg-helsingborgs-kommun-sodra-hunnetorpsvagen-38c-3084934985502784621,77-78m²,bostadsratt,2026-08-28T16:20:48.465371
8062288699486283230,"https://www.hemnet.se/salda/lagenhet-3rum-sodermalm-mariatorget-stockholms-kommun-wollmar-yxkullsgatan-15-d,-hogst-upp-8062288699486283230",77-78m²,bostadsratt,2026-08-28T16:20:48.465373
843290939705442911,https://www.hemnet.se/salda/lagenhet-2rum-vasastan-birkastan-stockholms-kommun-rorstrandsgatan-33a-843290939705442911,77-78m²,bostadsratt,2026-08-28T16:20:48.465374
3718250469615230977,https://www.hemnet.se/salda/lagenhet-3rum-almedal-goteborgs-kommun-bomgatan-6-b-3718250469615230977,77-78m²,bostadsratt,2026-08-28T16:20:48.465375
5259717944587453330,https://www.hemnet.se/salda/lagenhet-3rum-soder-gavle-kommun-ovre-arbetshusgatan-50-5259717944587453330,77-78m²,bostadsratt,2026-08-28T16:20:48.465376
5895878902217492925,https://www.hemnet.se/salda/lagenhet-3rum-klostergarden-lunds-kommun-sunnanvag-6b-5895878902217492925,77-78m²,bostadsratt,2026-08-28T16:20:48.465377
3731431424668853031,https://www.hemnet.se/salda/lagenhet-4rum-kurverod-uddevalla-kommun-fredagsvagen-12-3731431424668853031,77-78m²,bostadsratt,2026-08-28T16:20:48.465379
2143210912291830114,https://www.hemnet.se/salda/lagenhet-3rum-frosang-oxelosunds-kommun-frosangsvagen-56-2143210912291830114,77-78m²,bostadsratt,2026-08-28T16:20:48.465380
5647680690302574232,https://www.hemnet.se/salda/lagenhet-3rum-molndal-toltorp-molndals-kommun-toltorpsgatan-137-5647680690302574232,77-78m²,bostadsratt,2026-08-28T16:20:48.465381
6740166268934105718,https://www.hemnet.se/salda/lagenhet-3rum-ostra-sorgenfri-malmo-kommun-ostra-farmvagen-37d-6740166268934105718,77-78m²,bostadsratt,2026-08-28T16:20:48.465382
419551647382333613,https://www.hemnet.se/salda/lagenhet-3rum-kungsholmen-stockholms-kommun-fridhemsgatan-3-419551647382333613,77-78m²,bostadsratt,2026-08-28T16:20:48.465383
6410436177406980125,https://www.hemnet.se/salda/lagenhet-4rum-sodermalm-mariatorget-stockholms-kommun-krukmakargatan-33a-6410436177406980125,77-78m²,bostadsratt,2026-08-28T16:20:48.465385
6472789447760572997,https://www.hemnet.se/salda/lagenhet-3rum-centralt-upplands-vasby-kommun-centralvagen-21-6472789447760572997,77-78m²,bostadsratt,2026-08-28T16:20:48.465388
7497897080320955430,https://www.hemnet.se/salda/lagenhet-3rum-soder-hasthaga-varbergs-kommun-bandholtzgatan-27a-7497897080320955430,77-78m²,bostadsratt,2026-08-28T16:20:48.465392
1192245890773774300,https://www.hemnet.se/salda/lagenhet-3rum-sommarro-uppsala-kommun-lindsbergsgatan-15a-1192245890773774300,77-78m²,bostadsratt,2026-08-28T16:20:48.465393
7426404061181166629,https://www.hemnet.se/salda/lagenhet-3rum-centralt-norrtalje-kommun-ostra-tillfallegatan-4-7426404061181166629,77-78m²,bostadsratt,2026-08-28T16:20:48.465394
6356072151247190308,https://www.hemnet.se/salda/lagenhet-4rum-kungsberget-sandvikens-kommun-verandan-a08-karins-vag-10-6356072151247190308,77-78m²,bostadsratt,2026-08-28T16:20:48.465395
4705209339952645550,https://www.hemnet.se/salda/lagenhet-3rum-haga-umea-kommun-norra-ersmarksgatan-46-4705209339952645550,77-78m²,bostadsratt,2026-08-28T16:20:48.465397
7361692709949094622,https://www.hemnet.se/salda/lagenhet-3rum-froson-ostersunds-kommun-norra-strandvagen-7-a-7361692709949094622,77-78m²,bostadsratt,2026-08-28T16:20:48.465398
5249720418678226720,"https://www.hemnet.se/salda/lagenhet-3rum-solberga-alvsjo-stockholms-kommun-sulvagen-69,-van-2-4-5249720418678226720",77-78m²,bostadsratt,2026-08-28T16:20:48.465399
4355735165539182753,https://www.hemnet.se/salda/lagenhet-3rum-viksang-vasteras-kommun-kaserngatan-31-4355735165539182753,77-78m²,bostadsratt,2026-08-28T16:20:48.465400
6443906043268093802,https://www.hemnet.se/salda/lagenhet-3rum-knivsta-knivsta-kommun-gredelbyvagen-7-6443906043268093802,77-78m²,bostadsratt,2026-08-28T16:20:48.465401
4313633366389697721,https://www.hemnet.se/salda/lagenhet-3rum-lindesberg-lindesbergs-kommun-thulevagen-11a-4313633366389697721,77-78m²,bostadsratt,2026-08-28T16:20:48.465403
2748064505119766214,https://www.hemnet.se/salda/lagenhet-3rum-gottsunda-uppsala-kommun-valthornsvagen-58c-2748064505119766214,77-78m²,bostadsratt,2026-08-28T16:20:48.465404
6478518465925323489,https://www.hemnet.se/salda/lagenhet-3rum-liljeholmen-stockholms-kommun-liljeholmsvagen-8a-6478518465925323489,77-78m²,bostadsratt,2026-08-28T16:20:48.465405
1951254071499164836,https://www.hemnet.se/salda/lagenhet-3rum-teg-umea-kommun-malargrand-3g-1951254071499164836,77-78m²,bostadsratt,2026-08-28T16:20:48.465406
2025885477682366725,https://www.hemnet.se/salda/lagenhet-3rum-vasastaden-goteborgs-kommun-engelbrektsgatan-11-2025885477682366725,77-78m²,bostadsratt,2026-08-28T16:20:48.465408
1150834484686140065,"https://www.hemnet.se/salda/lagenhet-3rum-arsta-stockholms-kommun-sandfjardsgatan-12,-9-tr-1150834484686140065",77-78m²,bostadsratt,2026-08-28T16:20:48.465409
7499730293932574422,https://www.hemnet.se/salda/lagenhet-2rum-bergviken-lulea-kommun-barrgatan-4-7499730293932574422,77-78m²,bostadsratt,2026-08-28T16:20:48.465410
5540509221781689347,https://www.hemnet.se/salda/lagenhet-3rum-arsta-uppsala-kommun-fankalsgatan-20-5540509221781689347,77-78m²,bostadsratt,2026-08-28T16:20:48.465411
681638236855273010,"https://www.hemnet.se/salda/lagenhet-3rum-vasastan-stockholms-kommun-hagagatan-17e,-5tr-681638236855273010",77-78m²,bostadsratt,2026-08-28T16:20:48.465412
8128134699187671865,https://www.hemnet.se/salda/lagenhet-3rum-kungsangen-uppsala-kommun-viragatan-3-8128134699187671865,77-78m²,bostadsratt,2026-08-28T16:20:48.465414
4330408098214850399,https://www.hemnet.se/salda/lagenhet-3rum-centralt-vaster-orebro-kommun-vastmannagatan-15-4330408098214850399,77-78m²,bostadsratt,2026-08-28T16:20:48.465415
7706094978177153164,https://www.hemnet.se/salda/lagenhet-3rum-vast-pa-stan-umea-kommun-ostra-brinkvagen-25-7706094978177153164,77-78m²,bostadsratt,2026-08-28T16:20:48.465416
578212762958200635,https://www.hemnet.se/salda/lagenhet-4rum-farsta-stockholms-kommun-forshagagatan-32-578212762958200635,77-78m²,bostadsratt,2026-08-28T16:20:48.465417
4367932834882680821,https://www.hemnet.se/salda/lagenhet-3rum-viksang-vasteras-kommun-regementsgatan-14-4367932834882680821,77-78m²,bostadsratt,2026-08-28T16:20:48.465418
4792024095726597205,https://www.hemnet.se/salda/lagenhet-3rum-johannelund-linkopings-kommun-soderleden-3-4792024095726597205,77-78m²,bostadsratt,2026-08-28T16:20:48.465419
1548844787653359107,https://www.hemnet.se/salda/lagenhet-3rum-kviberg-goteborgs-kommun-soldathemsgatan-6-1548844787653359107,77-78m²,bostadsratt,2026-08-28T16:20:48.465421
845755049843963509,https://www.hemnet.se/salda/lagenhet-3rum-finnboda-hamn-nacka-kommun-finnboda-parkvag-20c-845755049843963509,77-78m²,bostadsratt,2026-08-28T16:20:48.465424
725214564371495024,https://www.hemnet.se/salda/lagenhet-3rum-hammarby-sjostad-stockholms-kommun-babordsgatan-12-725214564371495024,77-78m²,bostadsratt,2026-08-28T16:20:48.465426
1628820619774137415,"https://www.hemnet.se/salda/lagenhet-3rum-vasastan-hagastaden-stockholms-kommun-torsplan-8,-van-26-1628820619774137415",77-78m²,bostadsratt,2026-08-28T16:20:48.465427
8474120684964535363,https://www.hemnet.se/salda/lagenhet-3rum-falhagen-uppsala-kommun-vaderkvarnsgatan-52a-8474120684964535363,77-78m²,bostadsratt,2026-08-28T16:20:48.465428
4945668790607823882,https://www.hemnet.se/salda/lagenhet-3rum-granby-uppsala-kommun-bruno-liljeforsgatan-36-4945668790607823882,77-78m²,bostadsratt,2026-08-28T16:20:48.465429
6139378240093581176,https://www.hemnet.se/salda/lagenhet-3rum-ostra-hudiksvall-hudiksvalls-kommun-storgatan-43-6139378240093581176,77-78m²,bostadsratt,2026-08-28T16:20:48.465433
2964716153109603978,https://www.hemnet.se/salda/lagenhet-3rum-vast-pa-stan-umea-kommun-storgatan-11c-2964716153109603978,77-78m²,bostadsratt,2026-08-28T16:20:48.465434
6522976379476237849,"https://www.hemnet.se/salda/lagenhet-3rum-hammarby-sjostad-stockholms-kommun-virkesvagen-7b,-takvaning-6522976379476237849",77-78m²,bostadsratt,2026-08-28T16:20:48.465435
1590730887934884193,https://www.hemnet.se/salda/lagenhet-3rum-runby-upplands-vasby-kommun-lovstavagen-55-1590730887934884193,77-78m²,bostadsratt,2026-08-28T16:20:48.465437
2285902633934311768,https://www.hemnet.se/salda/lagenhet-3rum-arsta-uppsala-kommun-kamomillgatan-9-2285902633934311768,77-78m²,bostadsratt,2026-08-28T16:20:48.465438
7981734092378550786,https://www.hemnet.se/salda/lagenhet-2rum-vastra-hamnen-malmo-kommun-vimpelgatan-17-7981734092378550786,77-78m²,bostadsratt,2026-08-28T16:20:48.465439
7759190969036841751,https://www.hemnet.se/salda/lagenhet-3rum-mortvik-huddinge-kommun-mortviksvagen-70-7759190969036841751,77-78m²,bostadsratt,2026-08-28T16:20:48.465440
7665017052684865007,https://www.hemnet.se/salda/lagenhet-3rum-molkom-karlstads-kommun-kramaregatan-8-7665017052684865007,77-78m²,bostadsratt,2026-08-28T16:20:48.465441
546238944641918839,https://www.hemnet.se/salda/lagenhet-3rum-adolfsberg-helsingborgs-kommun-sodra-hunnetorpsvagen-46-a-546238944641918839,77-78m²,bostadsratt,2026-08-28T16:20:48.465443
7562379274273832702,https://www.hemnet.se/salda/lagenhet-3rum-komarken-kungalvs-kommun-brynjegatan-2-7562379274273832702,77-78m²,bostadsratt,2026-08-28T16:20:48.465444
3070363503161537117,https://www.hemnet.se/salda/lagenhet-3rum-hoganas-uppsala-kommun-storgatan-9c-3070363503161537117,77-78m²,bostadsratt,2026-08-28T16:20:48.465445
719021068847894277,https://www.hemnet.se/salda/lagenhet-3rum-vasterhaninge-haninge-kommun-solhemsvagen-2-719021068847894277,77-78m²,bostadsratt,2026-08-28T16:20:48.465446
728633862176068573,https://www.hemnet.se/salda/lagenhet-3rum-sodermalm-zinkensdamm-stockholms-kommun-ringvagen-39b-728633862176068573,77-78m²,bostadsratt,2026-08-28T16:20:48.465454
2617337149928206499,https://www.hemnet.se/salda/lagenhet-3rum-nockebyhov-stockholms-kommun-gubbkarrsvagen-19b-2617337149928206499,77-78m²,bostadsratt,2026-08-28T16:20:48.465455
2248372163409915916,https://www.hemnet.se/salda/lagenhet-3rum-skelleftehamn-skelleftea-kommun-myrangsvagen-18b-2248372163409915916,77-78m²,bostadsratt,2026-08-28T16:20:48.465456
2217702563866538010,https://www.hemnet.se/salda/lagenhet-3rum-vastra-skogen-solna-kommun-johan-enbergs-vag-7-2217702563866538010,77-78m²,bostadsratt,2026-08-28T16:20:48.465458
3362309329523540413,https://www.hemnet.se/salda/lagenhet-3rum-trangsund-huddinge-kommun-tornslingan-22-3362309329523540413,77-78m²,bostadsratt,2026-08-28T16:20:48.465459
5237640559999347321,https://www.hemnet.se/salda/lagenhet-3rum-framre-luthagen-uppsala-kommun-fredsgatan-4a-5237640559999347321,77-78m²,bostadsratt,2026-08-28T16:20:48.465460
5289175118720744365,https://www.hemnet.se/salda/lagenhet-3rum-mariero-vanersborgs-kommun-marierovagen-35b-5289175118720744365,77-78m²,bostadsratt,2026-08-28T16:20:48.465461
636826114659826753,https://www.hemnet.se/salda/lagenhet-2rum-stromstad-stromstads-kommun-sodra-bergsgatan-3a-636826114659826753,77-78m²,bostadsratt,2026-08-28T16:20:48.465462
7227972595030594980,"https://www.hemnet.se/salda/lagenhet-3rum-kallhall-jarfalla-kommun-kopparvagen-43,-van-6-7227972595030594980",77-78m²,bostadsratt,2026-08-28T16:20:48.465464
1676120598747741161,https://www.hemnet.se/salda/lagenhet-3rum-valbo-gavle-kommun-skommarsbacken-5a-1676120598747741161,77-78m²,bostadsratt,2026-08-28T16:20:48.465467
5878978888031926438,https://www.hemnet.se/salda/lagenhet-3rum-centrala-marsta-sigtuna-kommun-vastra-bangatan-49c-5878978888031926438,77-78m²,bostadsratt,2026-08-28T16:20:48.465468
1102934800573408470,https://www.hemnet.se/salda/lagenhet-2rum-kvarnholmen-nacka-kommun-mjolnarvagen-4-b-1102934800573408470,77-78m²,bostadsratt,2026-08-28T16:20:48.465470
3028216743273148339,https://www.hemnet.se/salda/lagenhet-3rum-vasastan-stockholms-kommun-hagagatan-15e-3028216743273148339,77-78m²,bostadsratt,2026-08-28T16:20:48.465471
2181170829877496265,"https://www.hemnet.se/salda/lagenhet-4rum-skarsatra-lidingo-kommun-pyrolavagen-31,-3-tr-2181170829877496265",77-78m²,bostadsratt,2026-08-28T16:20:48.465472
6073375307379042257,"https://www.hemnet.se/salda/lagenhet-3,5rum-sundbyberg-centrum-sundbybergs-kommun-starrbacksgatan-11a-6073375307379042257",77-78m²,bostadsratt,2026-08-28T16:20:48.465474
5490163286458679399,https://www.hemnet.se/salda/lagenhet-3rum-granby-uppsala-kommun-granby-bilgata-10-5490163286458679399,77-78m²,bostadsratt,2026-08-28T16:20:48.465475
4823087720984626126,https://www.hemnet.se/salda/lagenhet-3rum-amberg-sunne-kommun-repslagaregatan-26n-4823087720984626126,77-78m²,bostadsratt,2026-08-28T16:20:48.465476
8973983705355021562,"https://www.hemnet.se/salda/lagenhet-3,5rum-arsta-uppsala-kommun-fankalsgatan-5-8973983705355021562",77-78m²,bostadsratt,2026-08-28T16:20:48.465478
4256165460735831266,https://www.hemnet.se/salda/lagenhet-3rum-ekero-sandudden-ekero-kommun-malarvyn-13-4256165460735831266,77-78m²,bostadsratt,2026-08-28T16:20:48.465479
6098583447225045542,"https://www.hemnet.se/salda/lagenhet-3,5rum-orby-bandhagen-stockholms-kommun-malmkopingsvagen-36-6098583447225045542",77-78m²,bostadsratt,2026-08-28T16:20:48.465480
8580418871668878194,https://www.hemnet.se/salda/lagenhet-3rum-vellinge-vellinge-kommun-severin-cavallinsgatan-16b-8580418871668878194,77-78m²,bostadsratt,2026-08-28T16:20:48.465484
1058555180497979191,https://www.hemnet.se/salda/lagenhet-3rum-hammarbyhojden-stockholms-kommun-sten-bergmans-vag-37-1058555180497979191,77-78m²,bostadsratt,2026-08-28T16:20:48.465485
6121324190743428128,https://www.hemnet.se/salda/lagenhet-4rum-falhagen-uppsala-kommun-petterslundsgatan-19-6121324190743428128,77-78m²,bostadsratt,2026-08-28T16:20:48.465486
3286595339761592796,https://www.hemnet.se/salda/lagenhet-3rum-tuna-lunds-kommun-dag-hammarskjolds-vag-5d-3286595339761592796,77-78m²,bostadsratt,2026-08-28T16:20:48.465487
5939369631383388648,https://www.hemnet.se/salda/lagenhet-3rum-frosang-oxelosunds-kommun-frosangsvagen-16-5939369631383388648,77-78m²,bostadsratt,2026-08-28T16:20:48.465489
3228603700878769208,https://www.hemnet.se/salda/lagenhet-3rum-edvinshem-ystads-kommun-repslagaregatan-16c-3228603700878769208,77-78m²,bostadsratt,2026-08-28T16:20:48.465490
316774880877872858,https://www.hemnet.se/salda/lagenhet-3rum-lorensborg-malmo-kommun-stadiongatan-55a-316774880877872858,77-78m²,bostadsratt,2026-08-28T16:20:48.465491
9119489080712630566,https://www.hemnet.se/salda/lagenhet-3rum-smedby-anestad-norrkopings-kommun-anestadsgatan-263-9119489080712630566,77-78m²,bostadsratt,2026-08-28T16:20:48.465492
5784858258636449529,https://www.hemnet.se/salda/lagenhet-3rum-johannelund-linkopings-kommun-soderleden-7-5784858258636449529,77-78m²,bostadsratt,2026-08-28T16:20:48.465493
8176124327198686015,https://www.hemnet.se/salda/lagenhet-3rum-kvissleby-sundsvalls-kommun-alvgatan-4-8176124327198686015,77-78m²,bostadsratt,2026-08-28T16:20:48.465494
2064299067451382343,https://www.hemnet.se/salda/lagenhet-3rum-eriksberg-goteborgs-kommun-monsungatan-65b-2064299067451382343,77-78m²,bostadsratt,2026-08-28T16:20:48.465496
137910353853699909,https://www.hemnet.se/salda/lagenhet-3rum-helgevarma-vaxjo-kommun-ojabyvagen-23d-137910353853699909,77-78m²,bostadsratt,2026-08-28T16:20:48.465497
8211702778270365316,https://www.hemnet.se/salda/lagenhet-3rum-nacksta-sundsvalls-kommun-nackstavagen-50a-8211702778270365316,77-78m²,bostadsratt,2026-08-28T16:20:48.465498
2333641899438253872,https://www.hemnet.se/salda/lagenhet-3rum-viksang-vasteras-kommun-kaserngatan-29-2333641899438253872,77-78m²,bostadsratt,2026-08-28T16:20:48.465499
4479642106697130919,https://www.hemnet.se/salda/lagenhet-4rum-sundstrand-uddevalla-kommun-ostra-sundskogsvagen-68c-4479642106697130919,77-78m²,bostadsratt,2026-08-28T16:20:48.465503
7598941295145992453,https://www.hemnet.se/salda/lagenhet-2rum-vejbystrand-angelholms-kommun-bergfinksvagen-4b-7598941295145992453,77-78m²,bostadsratt,2026-08-28T16:20:48.465504
6160722007889709338,https://www.hemnet.se/salda/lagenhet-3rum-marsta-ekilla-sigtuna-kommun-ekilla-gardsvag-28-6160722007889709338,77-78m²,bostadsratt,2026-08-28T16:20:48.465505
717919460307122156,"https://www.hemnet.se/salda/lagenhet-3rum-vasastan-stockholms-kommun-dalagatan-90,-2-tr-717919460307122156",77-78m²,bostadsratt,2026-08-28T16:20:48.465506
1625578908126080373,https://www.hemnet.se/salda/lagenhet-3rum-savar-umea-kommun-kaptensvagen-17-1625578908126080373,77-78m²,bostadsratt,2026-08-28T16:20:48.465508
9153048424734233965,https://www.hemnet.se/salda/lagenhet-3rum-bjorkekarr-goteborgs-kommun-smorslatten-30-9153048424734233965,77-78m²,bostadsratt,2026-08-28T16:20:48.465509
3192445391788286234,https://www.hemnet.se/salda/lagenhet-3rum-taby-centrum-taby-kommun-marknadsvagen-145-3192445391788286234,77-78m²,bostadsratt,2026-08-28T16:20:48.465510
3581853862090580230,https://www.hemnet.se/salda/lagenhet-3rum-trosso-karlskrona-kommun-vallgatan-28a-3581853862090580230,77-78m²,bostadsratt,2026-08-28T16:20:48.465511
5429570946480100002,https://www.hemnet.se/salda/lagenhet-3rum-bollmora-tyreso-kommun-bollmoravagen-154-5429570946480100002,77-78m²,bostadsratt,2026-08-28T16:20:48.465513
4145141252818749831,https://www.hemnet.se/salda/lagenhet-3rum-visby-grabo-gotlands-kommun-styrmansgatan-9-4145141252818749831,77-78m²,bostadsratt,2026-08-28T16:20:48.465514
4491735165762542372,https://www.hemnet.se/salda/lagenhet-3rum-backby-vasteras-kommun-axel-oxenstiernas-gata-38-4491735165762542372,77-78m²,bostadsratt,2026-08-28T16:20:48.465515
1571612526375169698,https://www.hemnet.se/salda/lagenhet-3rum-viksjo-jarfalla-kommun-traktorvagen-56-1571612526375169698,77-78m²,bostadsratt,2026-08-28T16:20:48.465516
3508782669383091287,https://www.hemnet.se/salda/lagenhet-3rum-berga-kalmar-kommun-sagovagen-5-3508782669383091287,77-78m²,bostadsratt,2026-08-28T16:20:48.465517
2154857629312275349,https://www.hemnet.se/salda/lagenhet-3rum-norra-angby-stockholms-kommun-ballstavagen-242-c-2154857629312275349,77-78m²,bostadsratt,2026-08-28T16:20:48.465519
4507031499002081963,https://www.hemnet.se/salda/lagenhet-3rum-olsbacka-gavle-kommun-eiraplan-6b-4507031499002081963,77-78m²,bostadsratt,2026-08-28T16:20:48.465520
3650541511818201669,https://www.hemnet.se/salda/lagenhet-3rum-arlov-burlovs-kommun-segevagen-8-3650541511818201669,77-78m²,bostadsratt,2026-08-28T16:20:48.465521
6831643677740526327,https://www.hemnet.se/salda/lagenhet-3rum-marnas-hammarbacken-ludvika-kommun-industrivagen-8-b-6831643677740526327,77-78m²,bostadsratt,2026-08-28T16:20:48.465522
6551291144866183878,https://www.hemnet.se/salda/lagenhet-4rum-kvarnbergsplan-huddinge-kommun-solfagravagen-15-6551291144866183878,77-78m²,bostadsratt,2026-08-28T16:20:48.465524
5169042096724532160,"https://www.hemnet.se/salda/lagenhet-3rum-sodra-handen-valla-haninge-kommun-vallavagen-161,-1-trappa-5169042096724532160",77-78m²,bostadsratt,2026-08-28T16:20:48.465528
3882646160943449655,https://www.hemnet.se/salda/lagenhet-3rum-virentofta-malmo-kommun-klagerupsvagen-327h-3882646160943449655,77-78m²,bostadsratt,2026-08-28T16:20:48.465529
5314598764322090455,"https://www.hemnet.se/salda/lagenhet-3rum-solna-centrum-solna-kommun-centrumslingan-49,-van-5-5314598764322090455",77-78m²,bostadsratt,2026-08-28T16:20:48.465530
3218495824356626119,https://www.hemnet.se/salda/lagenhet-3rum-centrum-vaxjo-kommun-liedbergsgatan-53-3218495824356626119,77-78m²,bostadsratt,2026-08-28T16:20:48.465531
7034112914247604661,"https://www.hemnet.se/salda/lagenhet-3rum-ostermalm-karlaplan-stockholms-kommun-karlaplan-21c,-1tr-7034112914247604661",77-78m²,bostadsratt,2026-08-28T16:20:48.465532
7083553060185560591,https://www.hemnet.se/salda/lagenhet-3rum-taby-centrum-taby-kommun-grindtorps-skolgrand-44-7083553060185560591,77-78m²,bostadsratt,2026-08-28T16:20:48.465534
6948335794453127615,https://www.hemnet.se/salda/lagenhet-3rum-torps-gard-jonkopings-kommun-toltgatan-2-10-6948335794453127615,77-78m²,bostadsratt,2026-08-28T16:20:48.465535
4506855289468542402,"https://www.hemnet.se/salda/lagenhet-3,5rum-falhagen-uppsala-kommun-frodegatan-17b-4506855289468542402",77-78m²,bostadsratt,2026-08-28T16:20:48.465537
1408239033874064598,"https://www.hemnet.se/salda/lagenhet-3,5rum-kungsholmen-stockholms-kommun-drottningholmsvagen-40-1408239033874064598",77-78m²,bostadsratt,2026-08-28T16:20:48.465541
3219889523012685909,https://www.hemnet.se/salda/lagenhet-3rum-hoganas-uppsala-kommun-s-t-olofsgatan-64b-3219889523012685909,77-78m²,bostadsratt,2026-08-28T16:20:48.465544
246646838104147626,"https://www.hemnet.se/salda/lagenhet-3rum-solberga-alvsjo-stockholms-kommun-sulvagen-69,-van-3-4-246646838104147626",77-78m²,bostadsratt,2026-08-28T16:20:48.465546
2431103735658253279,https://www.hemnet.se/salda/lagenhet-3rum-vigelsjo-norrtalje-kommun-vigelsjovagen-14-c-2431103735658253279,77-78m²,bostadsratt,2026-08-28T16:20:48.465547
7386325762017009584,https://www.hemnet.se/salda/lagenhet-3rum-sodermalm-stockholms-kommun-barnangsgatan-15-7386325762017009584,77-78m²,bostadsratt,2026-08-28T16:20:48.465549
3412845359342880577,https://www.hemnet.se/salda/lagenhet-3rum-centrum-alingsas-kommun-paradisgatan-12-3412845359342880577,77-78m²,bostadsratt,2026-08-28T16:20:48.465552
4626659530770575543,https://www.hemnet.se/salda/lagenhet-3rum-steninge-slottsby-sigtuna-kommun-tradgardsmasteriets-vag-3a-4626659530770575543,77-78m²,bostadsratt,2026-08-28T16:20:48.465554
1494839728912246251,https://www.hemnet.se/salda/lagenhet-3rum-ulleraker-uppsala-kommun-ullerakersvagen-68-1494839728912246251,77-78m²,bostadsratt,2026-08-28T16:20:48.465555
265351864301090182,https://www.hemnet.se/salda/lagenhet-3rum-savja-uppsala-kommun-smalandsvagen-14-265351864301090182,77-78m²,bostadsratt,2026-08-28T16:20:48.465556
6163203634627981812,https://www.hemnet.se/salda/lagenhet-3rum-vasastan-stockholms-kommun-birger-jarlsgatan-107b-6163203634627981812,77-78m²,bostadsratt,2026-08-28T16:20:48.465557
6848387427154778225,https://www.hemnet.se/salda/lagenhet-3rum-kungsangen-jonkopings-kommun-polluxgatan-14-6848387427154778225,77-78m²,bostadsratt,2026-08-28T16:20:48.465558
618550900370393797,https://www.hemnet.se/salda/lagenhet-3rum-jarvastaden-solna-kommun-fridensborgsvagen-46-618550900370393797,77-78m²,bostadsratt,2026-08-28T16:20:48.465560
2024457627336960865,"https://www.hemnet.se/salda/lagenhet-3rum-frovi-lindesbergs-kommun-jarnvagsgatan-7b,-lgh-1202-2024457627336960865",77-78m²,bostadsratt,2026-08-28T16:20:48.465561
3197212186568712087,https://www.hemnet.se/salda/lagenhet-3rum-munka-ljungby-angelholms-kommun-vanasgatan-2-c-3197212186568712087,77-78m²,bostadsratt,2026-08-28T16:20:48.465562
2942601645382130936,"https://www.hemnet.se/salda/lagenhet-4rum-skarsatra-lidingo-kommun-pyrolavagen-45,-3tr-2942601645382130936",77-78m²,bostadsratt,2026-08-28T16:20:48.465563
5795767909098993170,https://www.hemnet.se/salda/lagenhet-4rum-vemdalen-harjedalens-kommun-vemdalsskalet-kallvagen-16e-5795767909098993170,77-78m²,bostadsratt,2026-08-28T16:20:48.465564
6347329448823274928,https://www.hemnet.se/salda/lagenhet-3rum-ostermalm-kristianstads-kommun-tredalagatan-13a-6347329448823274928,77-78m²,bostadsratt,2026-08-28T16:20:48.465566
565110193190441628,https://www.hemnet.se/salda/lagenhet-3rum-centrum-skovde-kommun-staketgrand-1-565110193190441628,77-78m²,bostadsratt,2026-08-28T16:20:48.465567
5822585117635722378,https://www.hemnet.se/salda/lagenhet-3rum-ovre-vasastaden-linkopings-kommun-slojdgatan-6-5822585117635722378,77-78m²,bostadsratt,2026-08-28T16:20:48.465568
8236648056931785949,https://www.hemnet.se/salda/lagenhet-3rum-froson-ostersunds-kommun-fjallgatan-19a-8236648056931785949,77-78m²,bostadsratt,2026-08-28T16:20:48.465569
510207202683327065,"https://www.hemnet.se/salda/lagenhet-3rum-vastra-skogen-solna-kommun-johan-enbergs-vag-15,-van-3-510207202683327065",77-78m²,bostadsratt,2026-08-28T16:20:48.465571
3683700010528150787,https://www.hemnet.se/salda/lagenhet-3rum-johanneberg-almedal-goteborgs-kommun-molndalsvagen-39-3683700010528150787,77-78m²,bostadsratt,2026-08-28T16:20:48.465572
2776856393230727164,https://www.hemnet.se/salda/lagenhet-3rum-stureby-stockholms-kommun-tussmotevagen-134a-2776856393230727164,77-78m²,bostadsratt,2026-08-28T16:20:48.465573
3848451209163790771,https://www.hemnet.se/salda/lagenhet-3rum-torslanda-goteborgs-kommun-noleredsvagen-8-3848451209163790771,77-78m²,bostadsratt,2026-08-28T16:20:48.465575
5475054384020124981,https://www.hemnet.se/salda/lagenhet-3rum-aspudden-stockholms-kommun-ivar-vidfamnes-gata-25-5475054384020124981,77-78m²,bostadsratt,2026-08-28T16:20:48.465578
3391757176033417205,"https://www.hemnet.se/salda/lagenhet-3rum-nedre-gardet-stockholms-kommun-artillerigatan-70a,-3tr-3391757176033417205",77-78m²,bostadsratt,2026-08-28T16:20:48.465582
318559552767950381,"https://www.hemnet.se/salda/lagenhet-3rum-nasby-park-taby-kommun-kuttervagen-4,-van-6-318559552767950381",77-78m²,bostadsratt,2026-08-28T16:20:48.465583
1481015020854500000,https://www.hemnet.se/salda/lagenhet-2rum-centrum-halmstads-kommun-vattugatan-2c-1481015020854500000,77-78m²,bostadsratt,2026-08-28T16:20:48.465585
5849750315790835011,https://www.hemnet.se/salda/lagenhet-3rum-kvisthamra-gransater-norrtalje-kommun-pilgatan-2-5849750315790835011,77-78m²,bostadsratt,2026-08-28T16:20:48.465586
3049496554386862028,https://www.hemnet.se/salda/lagenhet-3rum-uppsala-uppsala-kommun-fankalsgatan-29-3049496554386862028,77-78m²,bostadsratt,2026-08-28T16:20:48.465587
5729659011757314180,https://www.hemnet.se/salda/lagenhet-3rum-korseberg-vanersborgs-kommun-bryggvagen-10-a-5729659011757314180,77-78m²,bostadsratt,2026-08-28T16:20:48.465588
3451979949953430106,https://www.hemnet.se/salda/lagenhet-3rum-vasterhaninge-haninge-kommun-solhemsvagen-2-3451979949953430106,77-78m²,bostadsratt,2026-08-28T16:20:48.465589
7135015270105191235,https://www.hemnet.se/salda/lagenhet-3rum-linero-lunds-kommun-kampagranden-5a-7135015270105191235,77-78m²,bostadsratt,2026-08-28T16:20:48.465591
582475995350477073,https://www.hemnet.se/salda/lagenhet-3rum-havstena-skovde-kommun-havstenavagen-17b-582475995350477073,77-78m²,bostadsratt,2026-08-28T16:20:48.465592
6318164983965448132,https://www.hemnet.se/salda/lagenhet-4rum-skarsatra-lidingo-kommun-pyrolavagen-49-6318164983965448132,77-78m²,bostadsratt,2026-08-28T16:20:48.465593
3449494666661793310,https://www.hemnet.se/salda/lagenhet-3rum-vasastaden-goteborgs-kommun-viktoriagatan-32-3449494666661793310,77-78m²,bostadsratt,2026-08-28T16:20:48.465594
8556429467392406728,"https://www.hemnet.se/salda/lagenhet-3rum-farsta-stockholms-kommun-larsbodavagen-53,-2tr-8556429467392406728",77-78m²,bostadsratt,2026-08-28T16:20:48.465595
28318966118318702,https://www.hemnet.se/salda/lagenhet-3rum-eslov-eslovs-kommun-vasterlanggatan-28c-28318966118318702,77-78m²,bostadsratt,2026-08-28T16:20:48.465597
2945634847959430014,https://www.hemnet.se/salda/lagenhet-4rum-ljusstaden-kalmar-kommun-alice-babs-gata-44f-2945634847959430014,77-78m²,bostadsratt,2026-08-28T16:20:48.465598
1402079981183279410,https://www.hemnet.se/salda/lagenhet-3rum-sjobo-sjobo-kommun-planteringsgatan-31a-1402079981183279410,77-78m²,bostadsratt,2026-08-28T16:20:48.465599
7905012901327903592,https://www.hemnet.se/salda/lagenhet-3rum-hjarup-staffanstorps-kommun-amnesvagen-5-7905012901327903592,77-78m²,bostadsratt,2026-08-28T16:20:48.465600
5476423499514359998,https://www.hemnet.se/salda/lagenhet-3rum-johanneberg-goteborgs-kommun-utlandagatan-22-5476423499514359998,77-78m²,bostadsratt,2026-08-28T16:20:48.465601
4699862323349341277,https://www.hemnet.se/salda/lagenhet-2rum-vasastaden-goteborgs-kommun-erik-dahlbergsgatan-35-c-4699862323349341277,77-78m²,bostadsratt,2026-08-28T16:20:48.465603
3748523757961475100,https://www.hemnet.se/salda/lagenhet-3rum-ursviken-skelleftea-kommun-vanskapsgatan-85-3748523757961475100,77-78m²,bostadsratt,2026-08-28T16:20:48.465604
9175227279390573962,https://www.hemnet.se/salda/lagenhet-3rum-centralt-ornskoldsvik-ornskoldsviks-kommun-skogsgatan-4c-9175227279390573962,77-78m²,bostadsratt,2026-08-28T16:20:48.465605
8351221538377107088,https://www.hemnet.se/salda/lagenhet-3rum-korsta-sundsvalls-kommun-medborgargatan-63f-8351221538377107088,77-78m²,bostadsratt,2026-08-28T16:20:48.465606
3269254602146101108,https://www.hemnet.se/salda/lagenhet-3rum-hisings-backa-goteborgs-kommun-sandbanksvagen-10-3269254602146101108,77-78m²,bostadsratt,2026-08-28T16:20:48.465608
4145227323688104382,https://www.hemnet.se/salda/lagenhet-3rum-hisingstorp-jonkopings-kommun-stattutgatan-84-4145227323688104382,77-78m²,bostadsratt,2026-08-28T16:20:48.465609
4307386500702963037,https://www.hemnet.se/salda/lagenhet-3rum-vastra-berga-helsingborgs-kommun-volontarsgatan-5a-4307386500702963037,77-78m²,bostadsratt,2026-08-28T16:20:48.465610
1420654052395411917,https://www.hemnet.se/salda/lagenhet-3rum-lillhamra-vasteras-kommun-vanortsgatan-1-1420654052395411917,77-78m²,bostadsratt,2026-08-28T16:20:48.465611
6797622770567302375,https://www.hemnet.se/salda/lagenhet-3rum-haninge-haninge-kommun-albatrossvagen-114-6797622770567302375,77-78m²,bostadsratt,2026-08-28T16:20:48.465612
6794107946893694075,https://www.hemnet.se/salda/lagenhet-3rum-bromma-mariehall-stockholms-kommun-askangsbacken-56-6794107946893694075,77-78m²,bostadsratt,2026-08-28T16:20:48.465616
3887296429947934632,https://www.hemnet.se/salda/lagenhet-3rum-hagastaden-stockholms-kommun-torsplan-10-3887296429947934632,77-78m²,bostadsratt,2026-08-28T16:20:48.465617
2621343094322761218,https://www.hemnet.se/salda/lagenhet-3rum-baromradet-ystads-kommun-hallonstigen-4f-2621343094322761218,77-78m²,bostadsratt,2026-08-28T16:20:48.465618
638256922703968688,https://www.hemnet.se/salda/lagenhet-3rum-nedre-kungsholmen-stockholms-kommun-karlsviksgatan-7-638256922703968688,77-78m²,bostadsratt,2026-08-28T16:20:48.465620
5886160834111829202,https://www.hemnet.se/salda/lagenhet-3rum-rosenkalla-nykopings-kommun-erikslundsvagen-13-5886160834111829202,77-78m²,bostadsratt,2026-08-28T16:20:48.465623
4131867859485033524,https://www.hemnet.se/salda/lagenhet-2rum-filipstad-filipstads-kommun-blombackavagen-3h-4131867859485033524,77-78m²,bostadsratt,2026-08-28T16:20:48.465624
6393623676271611772,https://www.hemnet.se/salda/lagenhet-3rum-falhagen-uppsala-kommun-marielundsgatan-5a-6393623676271611772,77-78m²,bostadsratt,2026-08-28T16:20:48.465625
2069964473022924384,https://www.hemnet.se/salda/lagenhet-2rum-lomma-tatort-lomma-kommun-hojeagatan-93-2069964473022924384,77-78m²,bostadsratt,2026-08-28T16:20:48.465627
643548267756487913,https://www.hemnet.se/salda/lagenhet-3rum-tynnered-goteborgs-kommun-turkosgatan-4-643548267756487913,77-78m²,bostadsratt,2026-08-28T16:20:48.465628
5171734388346166121,https://www.hemnet.se/salda/lagenhet-3rum-kvarnholmen-nacka-kommun-kvarnholmsvagen-110-5171734388346166121,77-78m²,bostadsratt,2026-08-28T16:20:48.465629
6583747601576336823,https://www.hemnet.se/salda/lagenhet-3rum-godisfabriken-gavle-kommun-sodra-skeppsbron-24-6583747601576336823,77-78m²,bostadsratt,2026-08-28T16:20:48.465630
8418015737737832828,https://www.hemnet.se/salda/lagenhet-3rum-farsta-stockholms-kommun-forshagagatan-46-8418015737737832828,77-78m²,bostadsratt,2026-08-28T16:20:48.465632
8428385444811322819,https://www.hemnet.se/salda/lagenhet-3rum-centrala-stan-umea-kommun-ostra-kyrkogatan-12-8428385444811322819,77-78m²,bostadsratt,2026-08-28T16:20:48.465633
5384622690726497303,https://www.hemnet.se/salda/lagenhet-3rum-sandhult-boras-kommun-lejongapsvagen-15b-5384622690726497303,77-78m²,bostadsratt,2026-08-28T16:20:48.465634
3992347540179575783,https://www.hemnet.se/salda/lagenhet-2rum-nedre-gardet-stockholms-kommun-de-geersgatan-16-3992347540179575783,77-78m²,bostadsratt,2026-08-28T16:20:48.465635
9137599023137318618,https://www.hemnet.se/salda/lagenhet-3rum-odenslund-ostersunds-kommun-allegatan-16b-9137599023137318618,77-78m²,bostadsratt,2026-08-28T16:20:48.465636
881203902758731759,https://www.hemnet.se/salda/lagenhet-3rum-sodermalm-stockholms-kommun-ringvagen-9f-881203902758731759,77-78m²,bostadsratt,2026-08-28T16:20:48.465637
3571524353424516323,https://www.hemnet.se/salda/lagenhet-3rum-marieberg-ett-citynara-kvarter-mellan-vatten-och-park-stockholms-kommun-ralambsvagen-16a-3571524353424516323,77-78m²,bostadsratt,2026-08-28T16:20:48.465642
1764601494871080521,https://www.hemnet.se/salda/lagenhet-3rum-lindesberg-hagaberg-lindesbergs-kommun-thulevagen-11a-1764601494871080521,77-78m²,bostadsratt,2026-08-28T16:20:48.465643
6658472393223151694,https://www.hemnet.se/salda/lagenhet-3rum-backby-vasteras-kommun-axel-oxenstiernas-gata-42-6658472393223151694,77-78m²,bostadsratt,2026-08-28T16:20:48.465645
2892869910842301086,https://www.hemnet.se/salda/lagenhet-3rum-barslov-helsingborgs-kommun-fyrhogagatan-18-2892869910842301086,77-78m²,bostadsratt,2026-08-28T16:20:48.465646
4998183634164571617,https://www.hemnet.se/salda/lagenhet-3rum-sunne-sunne-kommun-gettjarn-100-4998183634164571617,77-78m²,bostadsratt,2026-08-28T16:20:48.465647
1892658555962019852,https://www.hemnet.se/salda/lagenhet-3rum-lerum-norra-hallsas-lerums-kommun-halssmyckevagen-21-b-1892658555962019852,77-78m²,bostadsratt,2026-08-28T16:20:48.465648
4869808332701978053,https://www.hemnet.se/salda/lagenhet-3rum-centralt-eklunda-sorby-orebro-kommun-restalundsvagen-87-4869808332701978053,77-78m²,bostadsratt,2026-08-28T16:20:48.465650
6715972784743392349,https://www.hemnet.se/salda/lagenhet-3rum-centrum-lulea-kommun-sodra-kungsgatan-8-6715972784743392349,77-78m²,bostadsratt,2026-08-28T16:20:48.465651
2702151153664027869,https://www.hemnet.se/salda/lagenhet-3rum-centrala-sodertalje-sodertalje-kommun-polhemsgatan-16-2702151153664027869,77-78m²,bostadsratt,2026-08-28T16:20:48.465655
6388516321436982516,https://www.hemnet.se/salda/lagenhet-3rum-city-malmo-kommun-master-nilsgatan-14-6388516321436982516,77-78m²,bostadsratt,2026-08-28T16:20:48.465656
1984599318024220414,https://www.hemnet.se/salda/lagenhet-3rum-haga-norrkopings-kommun-smedstuguplan-13-1984599318024220414,77-78m²,bostadsratt,2026-08-28T16:20:48.465657
2509799142730311293,"https://www.hemnet.se/salda/lagenhet-3rum-arsta-stockholms-kommun-sandfjardsgatan-105,-11-tr-2509799142730311293",77-78m²,bostadsratt,2026-08-28T16:20:48.465659
4952998968083112746,https://www.hemnet.se/salda/lagenhet-3rum-masta-eskilstuna-kommun-tomtebogatan-2d-4952998968083112746,77-78m²,bostadsratt,2026-08-28T16:20:48.465660
2476443170576036105,"https://www.hemnet.se/salda/lagenhet-3rum-gamla-ostberga-alvsjo-stockholms-kommun-stamgatan-2,-van-2-2476443170576036105",77-78m²,bostadsratt,2026-08-28T16:20:48.465661
1216785869137724278,https://www.hemnet.se/salda/lagenhet-3rum-granby-uppsala-kommun-molngatan-15-1216785869137724278,77-78m²,bostadsratt,2026-08-28T16:20:48.465662
442005101622957602,https://www.hemnet.se/salda/lagenhet-3rum-hovas-goteborgs-kommun-hedtangsvagen-31b-442005101622957602,77-78m²,bostadsratt,2026-08-28T16:20:48.465664
7812546510468788464,https://www.hemnet.se/salda/lagenhet-3rum-sorby-orebro-kommun-esbjornsgatan-100-7812546510468788464,77-78m²,bostadsratt,2026-08-28T16:20:48.465665
5931286178229657200,https://www.hemnet.se/salda/lagenhet-3rum-ljusdal-ljusdals-kommun-stora-vintergatan-18b-5931286178229657200,77-78m²,bostadsratt,2026-08-28T16:20:48.465666
2247991492258095174,"https://www.hemnet.se/salda/lagenhet-3,5rum-soderby-salems-kommun-soderby-torgs-alle-14-2247991492258095174",77-78m²,bostadsratt,2026-08-28T16:20:48.465667
3127568929919655767,https://www.hemnet.se/salda/lagenhet-4rum-osterhaninge-haninge-kommun-albatrossvagen-16-3127568929919655767,77-78m²,bostadsratt,2026-08-28T16:20:48.465671
5841228831536625715,https://www.hemnet.se/salda/lagenhet-3rum-molndal-bifrost-molndals-kommun-blandsadesgatan-4c-5841228831536625715,77-78m²,bostadsratt,2026-08-28T16:20:48.465672
5940127228774538848,https://www.hemnet.se/salda/lagenhet-3rum-helenelund-sollentuna-kommun-stupvagen-23-5940127228774538848,77-78m²,bostadsratt,2026-08-28T16:20:48.465673
6768163205666639718,https://www.hemnet.se/salda/lagenhet-3rum-kungsholmen-stockholms-kommun-lindhagensterrassen-9-6768163205666639718,77-78m²,bostadsratt,2026-08-28T16:20:48.465675
7718640108007156476,"https://www.hemnet.se/salda/lagenhet-3rum-frosunda-solna-kommun-gustav-iii-s-boulevard-117,-van-3-7718640108007156476",77-78m²,bostadsratt,2026-08-28T16:20:48.465676
3687680492638358095,https://www.hemnet.se/salda/lagenhet-3rum-gamla-kalgarden-jonkopings-kommun-poppelgrand-4-3687680492638358095,77-78m²,bostadsratt,2026-08-28T16:20:48.465677
950376693213398962,"https://www.hemnet.se/salda/lagenhet-3rum-sodra-hammarbyhamnen-stockholms-kommun-virkesvagen-7b,-pl5-950376693213398962",77-78m²,bostadsratt,2026-08-28T16:20:48.465679
8691283181464869057,"https://www.hemnet.se/salda/lagenhet-3rum-hammarby-sjostad-stockholms-kommun-hammarby-alle-24,-5-7tr-8691283181464869057",77-78m²,bostadsratt,2026-08-28T16:20:48.465680
2487791208946179158,https://www.hemnet.se/salda/lagenhet-3rum-annedal-stockholms-kommun-dartanjangs-gata-60-2487791208946179158,77-78m²,bostadsratt,2026-08-28T16:20:48.465681
8784259823884377364,"https://www.hemnet.se/salda/lagenhet-3rum-traneberg-stockholms-kommun-kebnekaisevagen-2,-3-3tr-8784259823884377364",77-78m²,bostadsratt,2026-08-28T16:20:48.465682
6514011808231166227,https://www.hemnet.se/salda/lagenhet-3rum-rasunda-solna-kommun-virebergsvagen-20-6514011808231166227,77-78m²,bostadsratt,2026-08-28T16:20:48.465684
4968913544894395919,https://www.hemnet.se/salda/lagenhet-3rum-vasastan-norrmalm-ostermalm-stockholms-kommun-tegnergatan-5-4968913544894395919,77-78m²,bostadsratt,2026-08-28T16:20:48.465685
3224908253640337357,https://www.hemnet.se/salda/lagenhet-3rum-oxie-malmo-kommun-oshogavagen-204-3224908253640337357,77-78m²,bostadsratt,2026-08-28T16:20:48.465686
7629610290686500826,"https://www.hemnet.se/salda/lagenhet-3rum-vasastan-stockholms-kommun-luntmakargatan-65,-1tr-7629610290686500826",77-78m²,bostadsratt,2026-08-28T16:20:48.465687
4343274910468830866,https://www.hemnet.se/salda/lagenhet-3rum-centralt-harnosand-harnosands-kommun-tullportsgatan-1-4343274910468830866,77-78m²,bostadsratt,2026-08-28T16:20:48.465688
247046400046289543,https://www.hemnet.se/salda/lagenhet-3rum-rindo-hamn-vaxholms-kommun-massvagen-4-247046400046289543,77-78m²,bostadsratt,2026-08-28T16:20:48.465692
5343948350978763085,https://www.hemnet.se/salda/lagenhet-3rum-taby-park-taby-kommun-vintergaloppsgatan-11-5343948350978763085,77-78m²,bostadsratt,2026-08-28T16:20:48.465693
1685184460695349443,"https://www.hemnet.se/salda/lagenhet-3rum-akalla-tradgardsstaden-stockholms-kommun-helsingforsgatan-73,-van-2-2-1685184460695349443",77-78m²,bostadsratt,2026-08-28T16:20:48.465695
3692876504317528287,"https://www.hemnet.se/salda/lagenhet-2,5rum-vaxjo-centrum-vaxjo-kommun-tvargatan-3-3692876504317528287",77-78m²,bostadsratt,2026-08-28T16:20:48.465696
265905060067467959,https://www.hemnet.se/salda/lagenhet-3rum-kungsangen-uppsala-kommun-kungsangsgatan-57k-265905060067467959,77-78m²,bostadsratt,2026-08-28T16:20:48.465697
8572339581973844922,https://www.hemnet.se/salda/lagenhet-3rum-centrum-halmstads-kommun-torsgatan-3-a-8572339581973844922,77-78m²,bostadsratt,2026-08-28T16:20:48.465698
4912099969529418545,"https://www.hemnet.se/salda/lagenhet-3rum-bromma-mariehall-stockholms-kommun-mariehallsvagen-6,-5tr-4912099969529418545",77-78m²,bostadsratt,2026-08-28T16:20:48.465700
10325919690146951,https://www.hemnet.se/salda/lagenhet-3rum-centrum-falu-kommun-vallmansgatan-7a-10325919690146951,77-78m²,bostadsratt,2026-08-28T16:20:48.465701
4238260928005907529,https://www.hemnet.se/salda/lagenhet-3rum-alvsjostaden-stockholms-kommun-spikskogatan-18-4238260928005907529,77-78m²,bostadsratt,2026-08-28T16:20:48.465702
2140126874673464356,https://www.hemnet.se/salda/lagenhet-3rum-vallbacken-gavle-kommun-eddagatan-18-2140126874673464356,77-78m²,bostadsratt,2026-08-28T16:20:48.465703
4834787123449410608,https://www.hemnet.se/salda/lagenhet-3rum-centralt-resecentrum-norrkopings-kommun-rodgagatan-6-4834787123449410608,77-78m²,bostadsratt,2026-08-28T16:20:48.465704
3025466188156683062,https://www.hemnet.se/salda/lagenhet-3rum-centrala-sundbyberg-sundbybergs-kommun-tulegatan-5-3025466188156683062,77-78m²,bostadsratt,2026-08-28T16:20:48.465706
6115895418779815675,https://www.hemnet.se/salda/lagenhet-3rum-goingegarden-varbergs-kommun-brunnsapplets-vag-6-6115895418779815675,77-78m²,bostadsratt,2026-08-28T16:20:48.465707
9128813081441424742,https://www.hemnet.se/salda/lagenhet-4rum-gardet-stockholms-kommun-askrikegatan-1-9128813081441424742,77-78m²,bostadsratt,2026-08-28T16:20:48.465708
649801552922373692,"https://www.hemnet.se/salda/lagenhet-3rum-lilla-essingen-stockholms-kommun-primusgatan-64,-3tr-649801552922373692",77-78m²,bostadsratt,2026-08-28T16:20:48.465709
6514821250386610304,https://www.hemnet.se/salda/lagenhet-3rum-valsatra-uppsala-kommun-hugo-alfvens-vag-4-6514821250386610304,77-78m²,bostadsratt,2026-08-28T16:20:48.465710
6233597794538484284,https://www.hemnet.se/salda/lagenhet-3rum-luthagen-uppsala-kommun-borjegatan-57-6233597794538484284,77-78m²,bostadsratt,2026-08-28T16:20:48.465711
2692861216568978696,https://www.hemnet.se/salda/lagenhet-3rum-ronnby-vasteras-kommun-slaggkastargatan-10-2692861216568978696,77-78m²,bostadsratt,2026-08-28T16:20:48.465715
7413718780923954981,"https://www.hemnet.se/salda/lagenhet-3rum-vasastan-stockholms-kommun-vasterasgatan-3b,-2tr-7413718780923954981",77-78m²,bostadsratt,2026-08-28T16:20:48.465716
7152571865172414542,https://www.hemnet.se/salda/lagenhet-3rum-centralt-nykvarns-kommun-norra-stationsvagen-4a-7152571865172414542,77-78m²,bostadsratt,2026-08-28T16:20:48.465718
5843061946960288078,https://www.hemnet.se/salda/lagenhet-3rum-savenas-goteborgs-kommun-smorslottsgatan-22-5843061946960288078,77-78m²,bostadsratt,2026-08-28T16:20:48.465719
6690898796855566377,https://www.hemnet.se/salda/lagenhet-3rum-marnas-hammarbacken-ludvika-kommun-industrivagen-8b-6690898796855566377,77-78m²,bostadsratt,2026-08-28T16:20:48.465720
7222016359998166431,https://www.hemnet.se/salda/lagenhet-2rum-vasastaden-stockholms-kommun-tomtebogatan-20-7222016359998166431,77-78m²,bostadsratt,2026-08-28T16:20:48.465722
1400497258326226031,https://www.hemnet.se/salda/lagenhet-3rum-nydala-malmo-kommun-lektorsgangen-5b-1400497258326226031,77-78m²,bostadsratt,2026-08-28T16:20:48.465723
6982764672907263036,https://www.hemnet.se/salda/lagenhet-3rum-lustigknopp-falu-kommun-linnevagen-26c-6982764672907263036,77-78m²,bostadsratt,2026-08-28T16:20:48.465724
679446580463062733,https://www.hemnet.se/salda/lagenhet-3rum-norrhult-uppvidinge-kommun-byvagen-9b-679446580463062733,77-78m²,bostadsratt,2026-08-28T16:20:48.465728
6011016362118808259,https://www.hemnet.se/salda/lagenhet-4rum-vallingby-centrum-stockholms-kommun-morsilsgatan-24-vaning-1-6011016362118808259,77-78m²,bostadsratt,2026-08-28T16:20:48.465729
6099143805223896235,https://www.hemnet.se/salda/lagenhet-3rum-nynashamn-osmo-nynashamns-kommun-nermans-vag-36-6099143805223896235,77-78m²,bostadsratt,2026-08-28T16:20:48.465730
8970619268336037252,https://www.hemnet.se/salda/lagenhet-3rum-anderstorp-skelleftea-kommun-frogatan-468-8970619268336037252,77-78m²,bostadsratt,2026-08-28T16:20:48.465732
2855900625765675718,https://www.hemnet.se/salda/lagenhet-3rum-rotebro-sollentuna-kommun-vasavagen-130a-2855900625765675718,77-78m²,bostadsratt,2026-08-28T16:20:48.465733
4686523911678683159,https://www.hemnet.se/salda/lagenhet-3rum-johanneberg-goteborgs-kommun-gibraltargatan-40-4686523911678683159,77-78m²,bostadsratt,2026-08-28T16:20:48.465737
3052953474753728754,https://www.hemnet.se/salda/lagenhet-3rum-rotebro-sollentuna-kommun-vasavagen-94b-3052953474753728754,77-78m²,bostadsratt,2026-08-28T16:20:48.465738
1846707044771184228,https://www.hemnet.se/salda/lagenhet-3rum-edsberg-sollentuna-kommun-flintlasvagen-15-1846707044771184228,77-78m²,bostadsratt,2026-08-28T16:20:48.465739
3150512632782597463,https://www.hemnet.se/salda/lagenhet-3rum-angom-sundsvalls-kommun-tallskogsvagen-12b-3150512632782597463,77-78m²,bostadsratt,2026-08-28T16:20:48.465740
7797526463389909123,https://www.hemnet.se/salda/lagenhet-3rum-mariedal-sorsedammsomradet-varbergs-kommun-sodra-vagen-21-7797526463389909123,77-78m²,bostadsratt,2026-08-28T16:20:48.465742
5754771180012807965,"https://www.hemnet.se/salda/lagenhet-3rum-bolinder-strand-jarfalla-kommun-gjutmastare-rosbergs-vag-11b,-vaning-5-5754771180012807965",77-78m²,bostadsratt,2026-08-28T16:20:48.465743
7831244062650027993,https://www.hemnet.se/salda/lagenhet-3rum-sodermalm-stockholms-kommun-svartensgatan-28-7831244062650027993,77-78m²,bostadsratt,2026-08-28T16:20:48.465744
3559834486605819194,https://www.hemnet.se/salda/lagenhet-3rum-sorby-eklunda-orebro-kommun-restalundsvagen-61-3559834486605819194,77-78m²,bostadsratt,2026-08-28T16:20:48.465746
9199677861383318207,https://www.hemnet.se/salda/lagenhet-3rum-johanneberg-goteborgs-kommun-liljeforsgatan-55-9199677861383318207,77-78m²,bostadsratt,2026-08-28T16:20:48.465747
72921994986571268,https://www.hemnet.se/salda/lagenhet-3rum-norr-stadsparken-eskilstuna-kommun-ostra-storgatan-12-72921994986571268,77-78m²,bostadsratt,2026-08-28T16:20:48.465748
7121582679678806793,https://www.hemnet.se/salda/lagenhet-3rum-huvudsta-solna-kommun-jungfrudansen-40-7121582679678806793,77-78m²,bostadsratt,2026-08-28T16:20:48.465749
4045612677875272707,https://www.hemnet.se/salda/lagenhet-3rum-soder-varbergs-kommun-granitvagen-23b-4045612677875272707,77-78m²,bostadsratt,2026-08-28T16:20:48.465750
4797661448749409990,https://www.hemnet.se/salda/lagenhet-3rum-tunabackar-uppsala-kommun-tunagatan-7c-4797661448749409990,77-78m²,bostadsratt,2026-08-28T16:20:48.465751
882459777790103485,https://www.hemnet.se/salda/lagenhet-3rum-bohuslan-uddevalla-kommun-ostanvindsvagen-6-882459777790103485,77-78m²,bostadsratt,2026-08-28T16:20:48.465752
4057023446875951344,https://www.hemnet.se/salda/lagenhet-3rum-fagersta-fagersta-kommun-ringvagen-11-4057023446875951344,77-78m²,bostadsratt,2026-08-28T16:20:48.465754
974921424099107179,https://www.hemnet.se/salda/lagenhet-3rum-viksang-vasteras-kommun-soldatgatan-46-974921424099107179,77-78m²,bostadsratt,2026-08-28T16:20:48.465755
7996247646045375732,https://www.hemnet.se/salda/lagenhet-3rum-solangen-molndals-kommun-pinnharvsgatan-5c-7996247646045375732,77-78m²,bostadsratt,2026-08-28T16:20:48.465756
1901328123099623525,https://www.hemnet.se/salda/lagenhet-2rum-handen-haninge-kommun-sleipnervagen-83-1901328123099623525,77-78m²,bostadsratt,2026-08-28T16:20:48.465757
3210819152008244410,https://www.hemnet.se/salda/lagenhet-4rum-arsta-uppsala-kommun-kamomillgatan-24-3210819152008244410,77-78m²,bostadsratt,2026-08-28T16:20:48.465758
6392399651820426095,https://www.hemnet.se/salda/lagenhet-3rum-aby-molndals-kommun-ponnygatan-4c-6392399651820426095,77-78m²,bostadsratt,2026-08-28T16:20:48.465762
7485667499231699854,https://www.hemnet.se/salda/lagenhet-3rum-centralt-lage-solvesborgs-kommun-markgatan-11-7485667499231699854,77-78m²,bostadsratt,2026-08-28T16:20:48.465763
5281550049883966203,https://www.hemnet.se/salda/lagenhet-3rum-birkastan-stockholms-kommun-norrbackagatan-33-5281550049883966203,77-78m²,bostadsratt,2026-08-28T16:20:48.465766
3223609123863235104,https://www.hemnet.se/salda/lagenhet-3rum-kungalv-centrum-kungalvs-kommun-trekungagatan-23-3223609123863235104,77-78m²,bostadsratt,2026-08-28T16:20:48.465768
4483277056089859093,https://www.hemnet.se/salda/lagenhet-3rum-tynnered-goteborgs-kommun-bergkristallsgatan-46-4483277056089859093,77-78m²,bostadsratt,2026-08-28T16:20:48.465769
8266603141213403516,https://www.hemnet.se/salda/lagenhet-3rum-hoganas-uppsala-kommun-storgatan-12-8266603141213403516,77-78m²,bostadsratt,2026-08-28T16:20:48.465770
7994080222249600518,https://www.hemnet.se/salda/lagenhet-3rum-hagastaden-vasastan-stockholms-kommun-torsplan-10-7994080222249600518,77-78m²,bostadsratt,2026-08-28T16:20:48.465772
2091341007226121097,https://www.hemnet.se/salda/lagenhet-3rum-vasterhaninge-haninge-kommun-huggarvagen-45-2091341007226121097,77-78m²,bostadsratt,2026-08-28T16:20:48.465773
1591895897065225734,https://www.hemnet.se/salda/lagenhet-4rum-skalby-jarfalla-kommun-vegagrand-22-1591895897065225734,77-78m²,bostadsratt,2026-08-28T16:20:48.465774
6671378644527455755,https://www.hemnet.se/salda/lagenhet-3rum-vasterhaninge-haninge-kommun-ringvagen-50-6671378644527455755,77-78m²,bostadsratt,2026-08-28T16:20:48.465775
929313682273614274,https://www.hemnet.se/salda/lagenhet-3rum-ojebyn-pitea-kommun-notgrand-17-929313682273614274,77-78m²,bostadsratt,2026-08-28T16:20:48.465776
4023223379822117199,https://www.hemnet.se/salda/lagenhet-3rum-kungsbacka-kungsbacka-kommun-medikamentgatan-30-4023223379822117199,77-78m²,bostadsratt,2026-08-28T16:20:48.465778
4229885110220509111,https://www.hemnet.se/salda/lagenhet-3rum-ulricehamn-ulricehamns-kommun-batbyggargatan-7c-4229885110220509111,77-78m²,bostadsratt,2026-08-28T16:20:48.465779
7391890553968135889,https://www.hemnet.se/salda/lagenhet-3rum-sodermalm-mariaberget-stockholms-kommun-brannkyrkagatan-66-7391890553968135889,77-78m²,bostadsratt,2026-08-28T16:20:48.465780
1427579281201296898,https://www.hemnet.se/salda/lagenhet-3rum-stallarholmen-strangnas-kommun-ringugnsvagen-2-1427579281201296898,77-78m²,bostadsratt,2026-08-28T16:20:48.465781
8324891715519764347,https://www.hemnet.se/salda/lagenhet-3rum-centrum-molkom-karlstads-kommun-kramaregatan-9-8324891715519764347,77-78m²,bostadsratt,2026-08-28T16:20:48.465782
6604644605076808916,https://www.hemnet.se/salda/lagenhet-3rum-strand-arvika-kommun-skeppargatan-17a-6604644605076808916,77-78m²,bostadsratt,2026-08-28T16:20:48.465784
1026019331246180297,"https://www.hemnet.se/salda/lagenhet-3rum-liljeholmen-stockholms-kommun-ekfatsgatan-1,-19tr-1026019331246180297",77-78m²,bostadsratt,2026-08-28T16:20:48.465785
6569064634468834691,https://www.hemnet.se/salda/lagenhet-3rum-fagersta-fagersta-kommun-floravagen-21a-6569064634468834691,77-78m²,bostadsratt,2026-08-28T16:20:48.465786
6399457410413008076,https://www.hemnet.se/salda/lagenhet-3rum-fredriksskans-kalmar-kommun-ronny-nilssons-gata-8-6399457410413008076,77-78m²,bostadsratt,2026-08-28T16:20:48.465787
989560137152729163,https://www.hemnet.se/salda/lagenhet-3rum-centrum-fjardingen-uppsala-kommun-sturegatan-1-989560137152729163,77-78m²,bostadsratt,2026-08-28T16:20:48.465788
4874679833862599241,https://www.hemnet.se/salda/lagenhet-3rum-torslanda-goteborgs-kommun-noleredsvagen-12-4874679833862599241,77-78m²,bostadsratt,2026-08-28T16:20:48.465790
8718999237134604975,https://www.hemnet.se/salda/lagenhet-3rum-hjorthagen-stockholms-kommun-artemisgatan-5b-8718999237134604975,77-78m²,bostadsratt,2026-08-28T16:20:48.465791
8954896475133378820,https://www.hemnet.se/salda/lagenhet-3rum-centralt-liljeback-kristinehamns-kommun-karlskogavagen-15a-8954896475133378820,77-78m²,bostadsratt,2026-08-28T16:20:48.465792
7720475576232319950,https://www.hemnet.se/salda/lagenhet-3rum-linkoping-linkopings-kommun-vallavagen-1c-7720475576232319950,77-78m²,bostadsratt,2026-08-28T16:20:48.465793
5176168531408052305,https://www.hemnet.se/salda/lagenhet-3rum-odenslund-ostersunds-kommun-ringvagen-18i-5176168531408052305,77-78m²,bostadsratt,2026-08-28T16:20:48.465794
7711898533938198584,https://www.hemnet.se/salda/lagenhet-3rum-sundbyberg-ursvik-sundbybergs-kommun-oxenstiernas-alle-12-7711898533938198584,77-78m²,bostadsratt,2026-08-28T16:20:48.465796
968648868463534570,https://www.hemnet.se/salda/lagenhet-3rum-oceanhamnen-helsingborgs-kommun-redaregatan-41-968648868463534570,77-78m²,bostadsratt,2026-08-28T16:20:48.465799
6529683792564271663,https://www.hemnet.se/salda/lagenhet-3rum-eriksberg-haga-uppsala-kommun-granitvagen-18d-6529683792564271663,77-78m²,bostadsratt,2026-08-28T16:20:48.465801
4764029418600499299,https://www.hemnet.se/salda/lagenhet-3rum-liljeholmen-liljeholmskajen-stockholms-kommun-nybohovsgrand-42-4764029418600499299,77-78m²,bostadsratt,2026-08-28T16:20:48.465802
4193236421129781833,https://www.hemnet.se/salda/lagenhet-3rum-centrum-oxelosunds-kommun-nytorgsgatan-9b-4193236421129781833,77-78m²,bostadsratt,2026-08-28T16:20:48.465803
7385151991309572379,https://www.hemnet.se/salda/lagenhet-3rum-frosang-oxelosunds-kommun-frosangsvagen-56-7385151991309572379,77-78m²,bostadsratt,2026-08-28T16:20:48.465806
3403073050331407403,https://www.hemnet.se/salda/lagenhet-3rum-kungsholmen-stockholms-kommun-fleminggatan-33-3403073050331407403,77-78m²,bostadsratt,2026-08-28T16:20:48.465808
6749779686518513329,https://www.hemnet.se/salda/lagenhet-3rum-orebro-orebro-kommun-anggatan-25-6749779686518513329,77-78m²,bostadsratt,2026-08-28T16:20:48.465809
7899319771047958579,https://www.hemnet.se/salda/lagenhet-3rum-kungsholmen-stockholms-kommun-fleminggatan-62b-7899319771047958579,77-78m²,bostadsratt,2026-08-28T16:20:48.465810
2618874504693535160,https://www.hemnet.se/salda/lagenhet-3rum-farstadal-varmdo-kommun-publikvagen-29-2618874504693535160,77-78m²,bostadsratt,2026-08-28T16:20:48.465811
4423324641401994667,https://www.hemnet.se/salda/lagenhet-3rum-centralt-arboga-kommun-kapellgatan-24-a-4423324641401994667,77-78m²,bostadsratt,2026-08-28T16:20:48.465813
2307909792326834983,https://www.hemnet.se/salda/lagenhet-3rum-lunden-goteborgs-kommun-liedstrandsgatan-12-2307909792326834983,77-78m²,bostadsratt,2026-08-28T16:20:48.465814
3652868865424905271,https://www.hemnet.se/salda/lagenhet-3rum-vasastaden-stockholms-kommun-tomtebogatan-10a-3652868865424905271,77-78m²,bostadsratt,2026-08-28T16:20:48.465815
3096356104092252108,https://www.hemnet.se/salda/lagenhet-3rum-komarken-kungalvs-kommun-trekungagatan-19-3096356104092252108,77-78m²,bostadsratt,2026-08-28T16:20:48.465816
4131909780756597301,https://www.hemnet.se/salda/lagenhet-3rum-barsta-sodertalje-kommun-karlslundsgatan-20-4131909780756597301,77-78m²,bostadsratt,2026-08-28T16:20:48.465818
6466950680080841845,https://www.hemnet.se/salda/lagenhet-3rum-viby-sollentuna-kommun-soldatvagen-57d-6466950680080841845,77-78m²,bostadsratt,2026-08-28T16:20:48.465819
2029788561307442589,https://www.hemnet.se/salda/lagenhet-2rum-dalby-lunds-kommun-hallestadsvagen-8a-2029788561307442589,77-78m²,bostadsratt,2026-08-28T16:20:48.465820
663790713785377777,https://www.hemnet.se/salda/lagenhet-3rum-masta-eskilstuna-kommun-tomtebogatan-16b-663790713785377777,77-78m²,bostadsratt,2026-08-28T16:20:48.465821
7000129088319720465,"https://www.hemnet.se/salda/lagenhet-3,5rum-arsta-stockholms-kommun-sandfjardsgatan-124,-11-tr-7000129088319720465",77-78m²,bostadsratt,2026-08-28T16:20:48.465825
4317595784730084744,https://www.hemnet.se/salda/lagenhet-3rum-centralt-nassjo-kommun-skolgatan-10c-4317595784730084744,77-78m²,bostadsratt,2026-08-28T16:20:48.465826
4378651069556479397,https://www.hemnet.se/salda/lagenhet-3rum-masta-eskilstuna-kommun-tomtebogatan-6b-4378651069556479397,77-78m²,bostadsratt,2026-08-28T16:20:48.465827
6792777731379237094,https://www.hemnet.se/salda/lagenhet-4rum-vasastaden-stockholms-kommun-vanadisvagen-5-6792777731379237094,77-78m²,bostadsratt,2026-08-28T16:20:48.465828
3635661791625930397,"https://www.hemnet.se/salda/lagenhet-3,5rum-liljeholmen-stockholms-kommun-nybohovsgrand-40,-2tr-3635661791625930397",77-78m²,bostadsratt,2026-08-28T16:20:48.465830
3349975104895411450,https://www.hemnet.se/salda/lagenhet-3rum-tullinge-botkyrka-kommun-tullingebergsvagen-17-3349975104895411450,77-78m²,bostadsratt,2026-08-28T16:20:48.465831
6777297661642426399,https://www.hemnet.se/salda/lagenhet-3rum-bergviken-lulea-kommun-kallgatan-3a-6777297661642426399,77-78m²,bostadsratt,2026-08-28T16:20:48.465832
1490171144218004500,https://www.hemnet.se/salda/lagenhet-3rum-kungsholmen-stockholms-kommun-kungsholms-kyrkoplan-6-1490171144218004500,77-78m²,bostadsratt,2026-08-28T16:20:48.465833
4127727509509036058,https://www.hemnet.se/salda/lagenhet-3rum-lunden-goteborgs-kommun-danska-vagen-71b-4127727509509036058,77-78m²,bostadsratt,2026-08-28T16:20:48.465834
3879418597231682513,https://www.hemnet.se/salda/lagenhet-3rum-edsbacka-sollentuna-kommun-djupdalsvagen-4e-3879418597231682513,77-78m²,bostadsratt,2026-08-28T16:20:48.465838
7795227974396957494,https://www.hemnet.se/salda/lagenhet-3rum-huskvarna-city-jonkopings-kommun-bruksgatan-16-7795227974396957494,77-78m²,bostadsratt,2026-08-28T16:20:48.465839
7115244951614585482,https://www.hemnet.se/salda/lagenhet-3rum-farsta-stockholms-kommun-forshagagatan-42-7115244951614585482,77-78m²,bostadsratt,2026-08-28T16:20:48.465840
6601075986472630759,https://www.hemnet.se/salda/lagenhet-3rum-bromma-akeslund-stockholms-kommun-tunnlandsvagen-85-6601075986472630759,77-78m²,bostadsratt,2026-08-28T16:20:48.465842
8735671811323763055,https://www.hemnet.se/salda/lagenhet-3rum-centrala-sundbyberg-sundbybergs-kommun-eliegatan-18-8735671811323763055,77-78m²,bostadsratt,2026-08-28T16:20:48.465843
2704593765497695828,https://www.hemnet.se/salda/lagenhet-3rum-loddekopinge-centrum-kavlinge-kommun-prastvagen-30-2704593765497695828,77-78m²,bostadsratt,2026-08-28T16:20:48.465844
3752775289683891699,https://www.hemnet.se/salda/lagenhet-3rum-hallstahammar-hallstahammars-kommun-lovboasvagen-14-3752775289683891699,77-78m²,bostadsratt,2026-08-28T16:20:48.465845
7589678400081131323,https://www.hemnet.se/salda/lagenhet-3rum-sanden-bodens-kommun-kyrkgatan-31a-7589678400081131323,77-78m²,bostadsratt,2026-08-28T16:20:48.465846
4211947474593614587,"https://www.hemnet.se/salda/lagenhet-3rum-liljeholmskajen-stockholms-kommun-marieviksgatan-43,-6-tr-4211947474593614587",77-78m²,bostadsratt,2026-08-28T16:20:48.465848
1975520580672137881,https://www.hemnet.se/salda/lagenhet-3rum-eriksberg-goteborgs-kommun-bratterasgatan-30a-1975520580672137881,77-78m²,bostadsratt,2026-08-28T16:20:48.465849
7910989160459092530,https://www.hemnet.se/salda/lagenhet-3rum-kungsangen-uppsala-kommun-kryddblandargatan-13-7910989160459092530,77-78m²,bostadsratt,2026-08-28T16:20:48.465853
7946705043496419931,https://www.hemnet.se/salda/lagenhet-3rum-kil-kils-kommun-hagagatan-24d-7946705043496419931,77-78m²,bostadsratt,2026-08-28T16:20:48.465854
6226096050832047335,https://www.hemnet.se/salda/lagenhet-3rum-ornskoldsvik-staden-ornskoldsviks-kommun-skogsgatan-4b-6226096050832047335,77-78m²,bostadsratt,2026-08-28T16:20:48.465855
4663935213787501769,"https://www.hemnet.se/salda/lagenhet-3rum-vastra-kungsholmen-stockholms-kommun-sankt-goransgatan-146,-van-5-4663935213787501769",77-78m²,bostadsratt,2026-08-28T16:20:48.465856
208460032149862390,https://www.hemnet.se/salda/lagenhet-4rum-hammarbyhojden-stockholms-kommun-ulricehamnsvagen-35-208460032149862390,77-78m²,bostadsratt,2026-08-28T16:20:48.465858
7357950515252665349,https://www.hemnet.se/salda/lagenhet-3rum-gottsunda-uppsala-kommun-valthornsvagen-42-a-7357950515252665349,77-78m²,bostadsratt,2026-08-28T16:20:48.465859
685279591731226083,https://www.hemnet.se/salda/lagenhet-2rum-morko-sodertalje-kommun-eneboda-11-685279591731226083,77-78m²,bostadsratt,2026-08-28T16:20:48.465860
8889814814538167198,https://www.hemnet.se/salda/lagenhet-3rum-ojersjo-partille-kommun-storegarden-27b-8889814814538167198,77-78m²,bostadsratt,2026-08-28T16:20:48.465861
3865221554048104128,https://www.hemnet.se/salda/lagenhet-3rum-triangeln-malmo-kommun-mjolnaregatan-8-3865221554048104128,77-78m²,bostadsratt,2026-08-28T16:20:48.465862
5626523178188969868,https://www.hemnet.se/salda/lagenhet-3rum-centrum-alingsas-kommun-landskyrkoallen-6a-5626523178188969868,77-78m²,bostadsratt,2026-08-28T16:20:48.465863
893279563378272744,https://www.hemnet.se/salda/lagenhet-3rum-ulleraker-uppsala-kommun-ullerakersvagen-70-893279563378272744,77-78m²,bostadsratt,2026-08-28T16:20:48.465865
3321475200755574755,https://www.hemnet.se/salda/lagenhet-3rum-tolo-kungsbacka-kommun-apotekargranden-5c-3321475200755574755,77-78m²,bostadsratt,2026-08-28T16:20:48.465866
4108999127130403740,"https://www.hemnet.se/salda/lagenhet-3rum-arsta-stockholms-kommun-sandfjardsgatan-109,-10tr-4108999127130403740",77-78m²,bostadsratt,2026-08-28T16:20:48.465867
430521570150447378,https://www.hemnet.se/salda/lagenhet-3rum-vastra-frolunda-goteborgs-kommun-turkosgatan-7-430521570150447378,77-78m²,bostadsratt,2026-08-28T16:20:48.465868
6787973502643167300,https://www.hemnet.se/salda/lagenhet-3rum-husie-malmo-kommun-klagerupsvagen-343i-6787973502643167300,77-78m²,bostadsratt,2026-08-28T16:20:48.465869
5514262285749722302,https://www.hemnet.se/salda/lagenhet-3rum-arsta-stockholms-kommun-sandfjardsgatan-94-5514262285749722302,77-78m²,bostadsratt,2026-08-28T16:20:48.465873
8932859700430546103,https://www.hemnet.se/salda/lagenhet-3rum-backalyckan-jonkopings-kommun-backalyckevagen-50-8932859700430546103,77-78m²,bostadsratt,2026-08-28T16:20:48.465874
962910158433761422,https://www.hemnet.se/salda/lagenhet-2rum-centrum-boras-kommun-lilla-brogatan-8-962910158433761422,77-78m²,bostadsratt,2026-08-28T16:20:48.465875
1776401420652882563,https://www.hemnet.se/salda/lagenhet-3rum-porslinskvarteret-varmdo-kommun-wilhelm-kages-gata-64b-1776401420652882563,77-78m²,bostadsratt,2026-08-28T16:20:48.465876
7886463347624633538,https://www.hemnet.se/salda/lagenhet-3rum-hyllie-malmo-kommun-hyllie-alle-24b-7886463347624633538,77-78m²,bostadsratt,2026-08-28T16:20:48.465878
5233638309183890850,"https://www.hemnet.se/salda/lagenhet-3rum-nasby-park-taby-kommun-eskadervagen-44,-taby,-sweden-5233638309183890850",77-78m²,bostadsratt,2026-08-28T16:20:48.465879
209569276486886218,https://www.hemnet.se/salda/lagenhet-3rum-erikslust-malmo-kommun-kopenhamnsvagen-45-c-209569276486886218,77-78m²,bostadsratt,2026-08-28T16:20:48.465880
3795314196802088412,https://www.hemnet.se/salda/lagenhet-4rum-karlsdal-varnamo-kommun-brannerigatan-3h-3795314196802088412,77-78m²,bostadsratt,2026-08-28T16:20:48.465881
9155613621482185573,"https://www.hemnet.se/salda/lagenhet-3rum-tollare-nacka-kommun-tollareslingan-24,-9tr-9155613621482185573",77-78m²,bostadsratt,2026-08-28T16:20:48.465883
912104828048358802,https://www.hemnet.se/salda/lagenhet-3rum-centralt-folkparken-norrkopings-kommun-plankgatan-60-912104828048358802,77-78m²,bostadsratt,2026-08-28T16:20:48.465884
5938580656392340406,"https://www.hemnet.se/salda/lagenhet-3rum-hammarby-sjostad-stockholms-kommun-virkesvagen-7a,-pl3-5938580656392340406",77-78m²,bostadsratt,2026-08-28T16:20:48.465885
7431431585771765901,https://www.hemnet.se/salda/lagenhet-4rum-sundbyberg-centrum-sundbybergs-kommun-vegagatan-15-7431431585771765901,77-78m²,bostadsratt,2026-08-28T16:20:48.465886
7141909043331733372,https://www.hemnet.se/salda/lagenhet-3rum-hasselby-norra-villastad-stockholms-kommun-gladjevagen-2b-7141909043331733372,77-78m²,bostadsratt,2026-08-28T16:20:48.465888
7648412077189551549,https://www.hemnet.se/salda/lagenhet-3rum-blasut-stockholms-kommun-finngrundsvagen-3-7648412077189551549,77-78m²,bostadsratt,2026-08-28T16:20:48.465889
4765926489480585580,https://www.hemnet.se/salda/lagenhet-3rum-anderstorp-skelleftea-kommun-frogatan-214-4765926489480585580,77-78m²,bostadsratt,2026-08-28T16:20:48.465890
5225456517413904417,https://www.hemnet.se/salda/lagenhet-3rum-knivsta-knivsta-kommun-hogasvagen-13-5225456517413904417,77-78m²,bostadsratt,2026-08-28T16:20:48.465891
556652037336394662,https://www.hemnet.se/salda/lagenhet-3rum-ostermalm-vasteras-kommun-kakelgatan-1-556652037336394662,77-78m²,bostadsratt,2026-08-28T16:20:48.465892
7732500005989382603,https://www.hemnet.se/salda/lagenhet-3rum-huskvarna-jonkopings-kommun-mastaregatan-9-7732500005989382603,77-78m²,bostadsratt,2026-08-28T16:20:48.465896
4674135083305782102,https://www.hemnet.se/salda/lagenhet-3rum-arsta-uppsala-kommun-kamomillgatan-18-4674135083305782102,77-78m²,bostadsratt,2026-08-28T16:20:48.465897
4622502128009786853,https://www.hemnet.se/salda/lagenhet-3rum-moro-hojden-skelleftea-kommun-krongatan-16-4622502128009786853,77-78m²,bostadsratt,2026-08-28T16:20:48.465898
6284063434565898516,https://www.hemnet.se/salda/lagenhet-3rum-gredby-eskilstuna-kommun-gredbergsgatan-12a-6284063434565898516,77-78m²,bostadsratt,2026-08-28T16:20:48.465900
314633760883990843,https://www.hemnet.se/salda/lagenhet-3rum-vasastaden-goteborgs-kommun-vastergatan-4b-314633760883990843,77-78m²,bostadsratt,2026-08-28T16:20:48.465901
3411887439371835001,https://www.hemnet.se/salda/lagenhet-3rum-nybrostrand-ystads-kommun-krokfiskevagen-3-3411887439371835001,77-78m²,bostadsratt,2026-08-28T16:20:48.465902
7806965031930067228,https://www.hemnet.se/salda/lagenhet-3rum-aby-molndals-kommun-ponnygatan-6c-7806965031930067228,77-78m²,bostadsratt,2026-08-28T16:20:48.465903
2429863430028465202,https://www.hemnet.se/salda/lagenhet-3rum-ahus-kristianstads-kommun-vannebergavagen-31m-2429863430028465202,77-78m²,bostadsratt,2026-08-28T16:20:48.465904
3595839311330309917,https://www.hemnet.se/salda/lagenhet-3rum-vasastan-odenplan-stockholms-kommun-upplandsgatan-54e-3595839311330309917,77-78m²,bostadsratt,2026-08-28T16:20:48.465906
1114501803469560633,https://www.hemnet.se/salda/lagenhet-3rum-sandarna-goteborgs-kommun-guldkallegatan-46-1114501803469560633,77-78m²,bostadsratt,2026-08-28T16:20:48.465909
4331654227529515550,https://www.hemnet.se/salda/lagenhet-3rum-arsta-brillinge-vaksala-uppsala-kommun-fyrislundsgatan-56-4331654227529515550,77-78m²,bostadsratt,2026-08-28T16:20:48.465910
3876426509968641333,https://www.hemnet.se/salda/lagenhet-3rum-arsta-stockholms-kommun-ramensvagen-25b-3876426509968641333,77-78m²,bostadsratt,2026-08-28T16:20:48.465912
2978317605463477436,https://www.hemnet.se/salda/lagenhet-3rum-vasastan-stockholms-kommun-norrbackagatan-60-2978317605463477436,77-78m²,bostadsratt,2026-08-28T16:20:48.465913
258523257934561385,https://www.hemnet.se/salda/lagenhet-3rum-kvisthamra-gransater-norrtalje-kommun-pilgatan-2-258523257934561385,77-78m²,bostadsratt,2026-08-28T16:20:48.465914
5798256920223556531,https://www.hemnet.se/salda/lagenhet-3rum-vasterhaninge-haninge-kommun-ringvagen-108-5798256920223556531,77-78m²,bostadsratt,2026-08-28T16:20:48.465917
6011121489785387786,https://www.hemnet.se/salda/lagenhet-3rum-vastra-berga-helsingborgs-kommun-volontarsgatan-1b-6011121489785387786,77-78m²,bostadsratt,2026-08-28T16:20:48.465919
2127766612439736364,https://www.hemnet.se/salda/lagenhet-3rum-norra-djurgardsstaden-stockholms-kommun-hamlingsgatan-4-2127766612439736364,77-78m²,bostadsratt,2026-08-28T16:20:48.465920
865808263100117094,https://www.hemnet.se/salda/lagenhet-3rum-tuna-lunds-kommun-scheelevagen-3h-865808263100117094,77-78m²,bostadsratt,2026-08-28T16:20:48.465921
1488293281461608900,https://www.hemnet.se/salda/lagenhet-3rum-kvarnholmen-nacka-kommun-siloplatsen-4-1488293281461608900,77-78m²,bostadsratt,2026-08-28T16:20:48.465923
2862718801782767338,https://www.hemnet.se/salda/lagenhet-3rum-vasastaden-stockholms-kommun-hagagatan-15a-2862718801782767338,77-78m²,bostadsratt,2026-08-28T16:20:48.465924
1102046814972783797,https://www.hemnet.se/salda/lagenhet-3rum-anneberg-hammaro-hammaro-kommun-annebergsvagen-19-1102046814972783797,77-78m²,bostadsratt,2026-08-28T16:20:48.465925
8533656539211997450,https://www.hemnet.se/salda/lagenhet-4rum-lambohov-linkopings-kommun-utsadesgatan-45f-8533656539211997450,77-78m²,bostadsratt,2026-08-28T16:20:48.465926
643081951419624489,https://www.hemnet.se/salda/lagenhet-3rum-kviberg-goteborgs-kommun-soldathemsgatan-14-643081951419624489,77-78m²,bostadsratt,2026-08-28T16:20:48.465927
7629347226260388044,https://www.hemnet.se/salda/lagenhet-3rum-sodermalm-nytorget-stockholms-kommun-katarina-bangata-42-7629347226260388044,77-78m²,bostadsratt,2026-08-28T16:20:48.465929
2911511568328227275,https://www.hemnet.se/salda/lagenhet-3rum-centrala-vasby-upplands-vasby-kommun-husarvagen-14-2911511568328227275,77-78m²,bostadsratt,2026-08-28T16:20:48.465930
3601746196406985788,https://www.hemnet.se/salda/lagenhet-3rum-bolinder-strand-jarfalla-kommun-maskinistvagen-10-3601746196406985788,77-78m²,bostadsratt,2026-08-28T16:20:48.465931
7579626172833273714,https://www.hemnet.se/salda/lagenhet-4rum-umedalen-umea-kommun-balettgrand-7d-7579626172833273714,77-78m²,bostadsratt,2026-08-28T16:20:48.465932
8651203207975667668,https://www.hemnet.se/salda/lagenhet-3rum-karlslund-ostersunds-kommun-samuel-permans-gata-22-a-8651203207975667668,77-78m²,bostadsratt,2026-08-28T16:20:48.465933
1222553237888792671,https://www.hemnet.se/salda/lagenhet-3rum-helsingborg-centrum-helsingborgs-kommun-sodra-storgatan-27-1222553237888792671,77-78m²,bostadsratt,2026-08-28T16:20:48.465935
9037065717504391850,https://www.hemnet.se/salda/lagenhet-3rum-arlov-burlovs-kommun-timmermansgatan-6-9037065717504391850,77-78m²,bostadsratt,2026-08-28T16:20:48.465936
5874806734757638220,https://www.hemnet.se/salda/lagenhet-3rum-nyhem-finspangs-kommun-enbarsstigen-18-5874806734757638220,77-78m²,bostadsratt,2026-08-28T16:20:48.465937
4732410608295657097,https://www.hemnet.se/salda/lagenhet-3rum-sagen-haninge-kommun-sagenvagen-14-4732410608295657097,77-78m²,bostadsratt,2026-08-28T16:20:48.465939
871659199744644187,https://www.hemnet.se/salda/lagenhet-3rum-lyckhem-huvudnas-vanersborgs-kommun-roddaregatan-7-b-871659199744644187,77-78m²,bostadsratt,2026-08-28T16:20:48.465942
4827105088138720084,https://www.hemnet.se/salda/lagenhet-3rum-sorbyangen-orebro-kommun-karlsdalsallen-38-4827105088138720084,77-78m²,bostadsratt,2026-08-28T16:20:48.465943
8423337625593460622,https://www.hemnet.se/salda/lagenhet-4rum-centrum-kristiansborg-vasteras-kommun-bomansgatan-12h-8423337625593460622,77-78m²,bostadsratt,2026-08-28T16:20:48.465947
9009032972287253933,https://www.hemnet.se/salda/lagenhet-3rum-centrum-lunds-kommun-revingegatan-6b-9009032972287253933,77-78m²,bostadsratt,2026-08-28T16:20:48.465948
3384518001252761564,https://www.hemnet.se/salda/lagenhet-3rum-granby-uppsala-kommun-dimgatan-22-3384518001252761564,77-78m²,bostadsratt,2026-08-28T16:20:48.465949
6996904699794809785,"https://www.hemnet.se/salda/lagenhet-3rum-akalla-stockholms-kommun-helsingforsgatan-17,-2-tr-6996904699794809785",77-78m²,bostadsratt,2026-08-28T16:20:48.465950
1771661073385428436,https://www.hemnet.se/salda/lagenhet-3rum-eriksberg-goteborgs-kommun-bratterasgatan-40-1771661073385428436,77-78m²,bostadsratt,2026-08-28T16:20:48.465952
1799137275267387172,"https://www.hemnet.se/salda/lagenhet-3rum-nacka-kvarnholmen-nacka-kommun-kvarnholmsvagen-110,-3tr-1799137275267387172",77-78m²,bostadsratt,2026-08-28T16:20:48.465953
5091677806305625814,https://www.hemnet.se/salda/lagenhet-4rum-sodra-hammarbyhamnen-stockholms-kommun-batbyggargatan-2-5091677806305625814,77-78m²,bostadsratt,2026-08-28T16:20:48.465954
8690454730422913327,https://www.hemnet.se/salda/lagenhet-3rum-majorna-goteborgs-kommun-kaptensgatan-20f-8690454730422913327,77-78m²,bostadsratt,2026-08-28T16:20:48.465955
861696652159246147,https://www.hemnet.se/salda/lagenhet-3rum-dalenum-lidingo-kommun-optikvagen-9-861696652159246147,77-78m²,bostadsratt,2026-08-28T16:20:48.465956
2918587434915027792,https://www.hemnet.se/salda/lagenhet-3rum-vastra-skogen-solna-kommun-johan-enbergs-vag-5-2918587434915027792,77-78m²,bostadsratt,2026-08-28T16:20:48.465958
5930724160057933929,https://www.hemnet.se/salda/lagenhet-3rum-lugnet-brunnsberg-varbergs-kommun-brunnsapplets-vag-2-5930724160057933929,77-78m²,bostadsratt,2026-08-28T16:20:48.465959
6690027980441234544,https://www.hemnet.se/salda/lagenhet-3rum-ribersborg-malmo-kommun-sergels-vag-6b-6690027980441234544,77-78m²,bostadsratt,2026-08-28T16:20:48.465960
2626434212301946675,https://www.hemnet.se/salda/lagenhet-3rum-centralt-stenungsunds-kommun-solgardsterrassen-15-2626434212301946675,77-78m²,bostadsratt,2026-08-28T16:20:48.465961
531174932210165430,"https://www.hemnet.se/salda/lagenhet-3rum-vasastan-stockholms-kommun-hagagatan-15b,-3tr-531174932210165430",77-78m²,bostadsratt,2026-08-28T16:20:48.465962
914963940263416044,https://www.hemnet.se/salda/lagenhet-3rum-are-are-kommun-are-strand-4b2-v52-914963940263416044,77-78m²,bostadsratt,2026-08-28T16:20:48.465964
4961889211546206035,https://www.hemnet.se/salda/lagenhet-3rum-tyreso-tyreso-kommun-bollmoravagen-162-4961889211546206035,77-78m²,bostadsratt,2026-08-28T16:20:48.465965
1959705496483393448,https://www.hemnet.se/salda/lagenhet-3rum-norra-djurgardsstaden-stockholms-kommun-labradorgatan-8-1959705496483393448,77-78m²,bostadsratt,2026-08-28T16:20:48.465966
6665601461273507352,https://www.hemnet.se/salda/lagenhet-3rum-ronneholm-malmo-kommun-kopenhamnsvagen-43b-6665601461273507352,77-78m²,bostadsratt,2026-08-28T16:20:48.465967
1589355703434983727,https://www.hemnet.se/salda/lagenhet-3rum-hoglandet-stockholms-kommun-nockebyvagen-22-1589355703434983727,77-78m²,bostadsratt,2026-08-28T16:20:48.465968
6434310031589449755,https://www.hemnet.se/salda/lagenhet-3rum-masta-eskilstuna-kommun-mastavagen-21c-6434310031589449755,77-78m²,bostadsratt,2026-08-28T16:20:48.465970
640141588876421891,https://www.hemnet.se/salda/lagenhet-3rum-tenhult-jonkopings-kommun-mickels-vag-12d-640141588876421891,77-78m²,bostadsratt,2026-08-28T16:20:48.465971
1594507048867767681,"https://www.hemnet.se/salda/lagenhet-3rum-vasastan-roda-bergen-stockholms-kommun-norrbackagatan-60,-3-tr-1594507048867767681",77-78m²,bostadsratt,2026-08-28T16:20:48.465972
5341680036003541424,"https://www.hemnet.se/salda/lagenhet-3,5rum-falhagen-uppsala-kommun-frodegatan-19a-5341680036003541424",77-78m²,bostadsratt,2026-08-28T16:20:48.465973
6263367078878901576,https://www.hemnet.se/salda/lagenhet-3rum-vast-pa-stan-umea-kommun-ostra-brinkvagen-43-6263367078878901576,77-78m²,bostadsratt,2026-08-28T16:20:48.465975
2157484110088033001,https://www.hemnet.se/salda/lagenhet-3rum-norra-luthagen-uppsala-kommun-lockgatan-3-2157484110088033001,77-78m²,bostadsratt,2026-08-28T16:20:48.465976
2118008056782946681,https://www.hemnet.se/salda/lagenhet-3rum-bandhagen-hagsatra-stockholms-kommun-axbergsgrand-10-2118008056782946681,77-78m²,bostadsratt,2026-08-28T16:20:48.465977
8656745476276707474,https://www.hemnet.se/salda/lagenhet-4rum-vasastan-ostermalm-stockholms-kommun-surbrunnsgatan-4-8656745476276707474,77-78m²,bostadsratt,2026-08-28T16:20:48.465984
1123507670140463307,"https://www.hemnet.se/salda/lagenhet-3rum-taby-centrum-taby-kommun-marknadsvagen-89,-tr-1123507670140463307",77-78m²,bostadsratt,2026-08-28T16:20:48.465986
9108372864765604727,https://www.hemnet.se/salda/lagenhet-3rum-hillerstorp-gnosjo-kommun-myrliljevagen-3a-9108372864765604727,77-78m²,bostadsratt,2026-08-28T16:20:48.465987
2535319431411724982,https://www.hemnet.se/salda/lagenhet-3rum-haggvik-sollentuna-kommun-sollentunavagen-275-2535319431411724982,77-78m²,bostadsratt,2026-08-28T16:20:48.465990
8562090835375971423,https://www.hemnet.se/salda/lagenhet-3rum-knutby-uppsala-kommun-knutbyvagen-13-b-8562090835375971423,77-78m²,bostadsratt,2026-08-28T16:20:48.465992
4505785155388015212,https://www.hemnet.se/salda/lagenhet-3rum-stureborg-gavle-kommun-bidevindsgatan-42a-4505785155388015212,77-78m²,bostadsratt,2026-08-28T16:20:48.465993
9123549856115422054,https://www.hemnet.se/salda/lagenhet-3rum-nya-hovas-goteborgs-kommun-hovas-alle-23-9123549856115422054,77-78m²,bostadsratt,2026-08-28T16:20:48.465994
6659180841029637495,https://www.hemnet.se/salda/lagenhet-3rum-almedal-goteborgs-kommun-molndalsvagen-69c-6659180841029637495,77-78m²,bostadsratt,2026-08-28T16:20:48.465995
7797282323361891488,https://www.hemnet.se/salda/lagenhet-3rum-ladugardsangen-orebro-kommun-landbotorpsallen-15c-7797282323361891488,77-78m²,bostadsratt,2026-08-28T16:20:48.465997
4474290810016051981,"https://www.hemnet.se/salda/lagenhet-4rum-bromma-mariehall-stockholms-kommun-alpvagen-1,-3-tr,-4474290810016051981",77-78m²,bostadsratt,2026-08-28T16:20:48.465998
7380289919968708185,https://www.hemnet.se/salda/lagenhet-2rum-linnestaden-goteborgs-kommun-fjarde-langgatan-2-7380289919968708185,77-78m²,bostadsratt,2026-08-28T16:20:48.465999
5842008181637387408,https://www.hemnet.se/salda/lagenhet-3rum-granby-uppsala-kommun-dimgatan-4-5842008181637387408,77-78m²,bostadsratt,2026-08-28T16:20:48.466001
8364146014809146406,https://www.hemnet.se/salda/lagenhet-3rum-anderstorp-skelleftea-kommun-frogatan-206-8364146014809146406,77-78m²,bostadsratt,2026-08-28T16:20:48.466002
1826441708960256336,https://www.hemnet.se/salda/lagenhet-3rum-centrum-bodens-kommun-bastugatan-1b-1826441708960256336,77-78m²,bostadsratt,2026-08-28T16:20:48.466003
2525338024079298595,"https://www.hemnet.se/salda/lagenhet-2,5rum-kungsholmen-stockholms-kommun-bergsgatan-31-2525338024079298595",77-78m²,bostadsratt,2026-08-28T16:20:48.466004
4058844566209207634,https://www.hemnet.se/salda/lagenhet-3rum-vasastan-stockholms-kommun-upplandsgatan-25b-4058844566209207634,77-78m²,bostadsratt,2026-08-28T16:20:48.466005
9016227053805373430,https://www.hemnet.se/salda/lagenhet-3rum-lorensborg-malmo-kommun-vendelsfridsgatan-6b-9016227053805373430,77-78m²,bostadsratt,2026-08-28T16:20:48.466007
3126261573444681317,https://www.hemnet.se/salda/lagenhet-3rum-pildammarna-kronborg-malmo-kommun-tornskarsgangen-9c-3126261573444681317,77-78m²,bostadsratt,2026-08-28T16:20:48.466010
9159228366524464478,https://www.hemnet.se/salda/lagenhet-3rum-johanneberg-goteborgs-kommun-richertsgatan-12-9159228366524464478,77-78m²,bostadsratt,2026-08-28T16:20:48.466012
2470674922468070409,https://www.hemnet.se/salda/lagenhet-3rum-glasberga-sjostad-sodertalje-kommun-glasbygatan-3d-2470674922468070409,77-78m²,bostadsratt,2026-08-28T16:20:48.466013
2618567130004636920,https://www.hemnet.se/salda/lagenhet-3rum-valbo-gavle-kommun-skommarsbacken-29-a-2618567130004636920,77-78m²,bostadsratt,2026-08-28T16:20:48.466014
4538473567321122624,https://www.hemnet.se/salda/lagenhet-3rum-lindalen-tyreso-kommun-herkulesvagen-26-4538473567321122624,77-78m²,bostadsratt,2026-08-28T16:20:48.466016
5291537637717583053,https://www.hemnet.se/salda/lagenhet-2rum-skafto-lysekils-kommun-pinneberget-30a-5291537637717583053,77-78m²,bostadsratt,2026-08-28T16:20:48.466017
7775064053239177393,https://www.hemnet.se/salda/lagenhet-3rum-frosunda-solna-kommun-signe-tillischgatan-10-7775064053239177393,77-78m²,bostadsratt,2026-08-28T16:20:48.466018
382982095269571957,https://www.hemnet.se/salda/lagenhet-3rum-kronogarden-trollhattans-kommun-lantmannavagen-58-382982095269571957,77-78m²,bostadsratt,2026-08-28T16:20:48.466019
6133340038148588316,https://www.hemnet.se/salda/lagenhet-3rum-tungelsta-haninge-kommun-blomgardsvagen-8-6133340038148588316,77-78m²,bostadsratt,2026-08-28T16:20:48.466023
8375285134162663584,https://www.hemnet.se/salda/lagenhet-3rum-centralt-ornskoldsviks-kommun-villagatan-63-a-8375285134162663584,77-78m²,bostadsratt,2026-08-28T16:20:48.466024
5790572528805137666,https://www.hemnet.se/salda/lagenhet-3rum-jakobsberg-karlstads-kommun-johan-richters-gata-17-5790572528805137666,77-78m²,bostadsratt,2026-08-28T16:20:48.466025
5085656812227357267,https://www.hemnet.se/salda/lagenhet-3rum-centralt-ornskoldsviks-kommun-fabriksgatan-26b-5085656812227357267,77-78m²,bostadsratt,2026-08-28T16:20:48.466027
418513715939863331,https://www.hemnet.se/salda/lagenhet-3rum-eriksberg-haga-uppsala-kommun-granitvagen-18-d-418513715939863331,77-78m²,bostadsratt,2026-08-28T16:20:48.466028
3272513465426413302,https://www.hemnet.se/salda/lagenhet-3rum-vega-haninge-kommun-vega-alle-94-3272513465426413302,77-78m²,bostadsratt,2026-08-28T16:20:48.466029
3108484421729981150,https://www.hemnet.se/salda/lagenhet-3rum-soder-helsingborgs-kommun-furutorpsgatan-30a-3108484421729981150,77-78m²,bostadsratt,2026-08-28T16:20:48.466030
2053959146957408797,https://www.hemnet.se/salda/lagenhet-3rum-farsta-stockholms-kommun-rottnerosbacken-3-2053959146957408797,77-78m²,bostadsratt,2026-08-28T16:20:48.466031
7467582348373399513,"https://www.hemnet.se/salda/lagenhet-3,5rum-arsta-stockholms-kommun-sandfjardsgatan-98,-7tr-7467582348373399513",77-78m²,bostadsratt,2026-08-28T16:20:48.466033
5737910386603086810,https://www.hemnet.se/salda/lagenhet-3rum-vasteras-vasteras-kommun-slaggkastargatan-11-5737910386603086810,77-78m²,bostadsratt,2026-08-28T16:20:48.466034
3022231802094643115,https://www.hemnet.se/salda/lagenhet-3rum-granby-uppsala-kommun-stormgatan-12-3022231802094643115,77-78m²,bostadsratt,2026-08-28T16:20:48.466037
7469960425958638797,https://www.hemnet.se/salda/lagenhet-3rum-brunflo-ostersunds-kommun-sofiavagen-9d-7469960425958638797,77-78m²,bostadsratt,2026-08-28T16:20:48.466039
8482908567005549565,https://www.hemnet.se/salda/lagenhet-4rum-bjornrike-harjedalens-kommun-bjornrike-blabarsvagen-3-8482908567005549565,77-78m²,bostadsratt,2026-08-28T16:20:48.466040
6050850852817692417,https://www.hemnet.se/salda/lagenhet-3rum-grossgardet-norrtalje-kommun-gotgatan-2b-6050850852817692417,77-78m²,bostadsratt,2026-08-28T16:20:48.466041
1776266332921260385,https://www.hemnet.se/salda/lagenhet-3rum-risbron-fagersta-kommun-ringvagen-11-1776266332921260385,77-78m²,bostadsratt,2026-08-28T16:20:48.466042
7265013815818679131,https://www.hemnet.se/salda/lagenhet-4rum-stafsinge-falkenbergs-kommun-glasparlevagen-7e-7265013815818679131,77-78m²,bostadsratt,2026-08-28T16:20:48.466043
336173808226458056,https://www.hemnet.se/salda/lagenhet-3rum-huskvarna-jonkopings-kommun-grannavagen-46-336173808226458056,77-78m²,bostadsratt,2026-08-28T16:20:48.466044
5925101392304554771,https://www.hemnet.se/salda/lagenhet-2rum-norra-rosengard-malmo-kommun-vougts-vag-11-5925101392304554771,77-78m²,bostadsratt,2026-08-28T16:20:48.466046
2330166321437515446,https://www.hemnet.se/salda/lagenhet-3rum-arsta-uppsala-kommun-fyrislundsgatan-38-2330166321437515446,77-78m²,bostadsratt,2026-08-28T16:20:48.466047
6423541221964909602,https://www.hemnet.se/salda/lagenhet-3rum-linkoping-linkopings-kommun-skogsvandan-5a-6423541221964909602,77-78m²,bostadsratt,2026-08-28T16:20:48.466048
2795098555795939177,https://www.hemnet.se/salda/lagenhet-3rum-bromma-abrahamsberg-stockholms-kommun-registervagen-28-2795098555795939177,77-78m²,bostadsratt,2026-08-28T16:20:48.466049
7911563717991252828,https://www.hemnet.se/salda/lagenhet-3rum-klostergarden-lunds-kommun-varvadersvagen-4o-7911563717991252828,77-78m²,bostadsratt,2026-08-28T16:20:48.466050
8767930211720599258,https://www.hemnet.se/salda/lagenhet-3rum-munksund-pitea-kommun-vandrarstigen-54-8767930211720599258,77-78m²,bostadsratt,2026-08-28T16:20:48.466051
2522522025249930933,https://www.hemnet.se/salda/lagenhet-3rum-brynas-gavle-kommun-hillmansgatan-11a-2522522025249930933,77-78m²,bostadsratt,2026-08-28T16:20:48.466053
5937483625057377220,https://www.hemnet.se/salda/lagenhet-2rum-vastra-hamnen-malmo-kommun-vimpelgatan-21-5937483625057377220,77-78m²,bostadsratt,2026-08-28T16:20:48.466054
2046544348136544748,https://www.hemnet.se/salda/lagenhet-3rum-anderstorp-skelleftea-kommun-frogatan-362-2046544348136544748,77-78m²,bostadsratt,2026-08-28T16:20:48.466055
3387810228956419092,https://www.hemnet.se/salda/lagenhet-3rum-vastra-hamnen-malmo-kommun-stora-varvsgatan-43-3387810228956419092,77-78m²,bostadsratt,2026-08-28T16:20:48.466058
5454760128132578794,https://www.hemnet.se/salda/lagenhet-3rum-linnestaden-goteborgs-kommun-nordhemsgatan-50-5454760128132578794,77-78m²,bostadsratt,2026-08-28T16:20:48.466060
687512972035220883,"https://www.hemnet.se/salda/lagenhet-3rum-nedre-gardet-ostermalm-stockholms-kommun-skeppargatan-67,-1-tr-687512972035220883",77-78m²,bostadsratt,2026-08-28T16:20:48.466061
7445675584526491850,https://www.hemnet.se/salda/lagenhet-3rum-sorgenfri-malmo-kommun-ostra-farmvagen-37d-7445675584526491850,77-78m²,bostadsratt,2026-08-28T16:20:48.466062
8318896283998609892,https://www.hemnet.se/salda/lagenhet-3rum-teg-umea-kommun-skeppargatan-5-8318896283998609892,77-78m²,bostadsratt,2026-08-28T16:20:48.466064
4216193902967252547,https://www.hemnet.se/salda/lagenhet-3rum-ulvsunda-stockholms-kommun-grenvagen-10-4216193902967252547,77-78m²,bostadsratt,2026-08-28T16:20:48.466065
2750681072877632707,https://www.hemnet.se/salda/lagenhet-3rum-alphyddan-nacka-kommun-alphyddevagen-9-2750681072877632707,77-78m²,bostadsratt,2026-08-28T16:20:48.466066
8523759611933993698,https://www.hemnet.se/salda/lagenhet-3rum-kalkbrottet-malmo-kommun-kalkstensvagen-15-8523759611933993698,77-78m²,bostadsratt,2026-08-28T16:20:48.466067
8232656876462662473,https://www.hemnet.se/salda/lagenhet-3rum-getberget-skelleftea-kommun-getbergsvagen-9-8232656876462662473,77-78m²,bostadsratt,2026-08-28T16:20:48.466068
6006984013061895340,https://www.hemnet.se/salda/lagenhet-3rum-pedagogen-park-molndals-kommun-professorsgatan-2-6006984013061895340,77-78m²,bostadsratt,2026-08-28T16:20:48.466099
7982410440668643978,https://www.hemnet.se/salda/lagenhet-3rum-norrmalm-vasteras-kommun-lovisebergsvagen-10c-7982410440668643978,77-78m²,bostadsratt,2026-08-28T16:20:48.466100
291610826541622943,https://www.hemnet.se/salda/lagenhet-3rum-molnlycke-harryda-kommun-idrottsgatan-3-291610826541622943,77-78m²,bostadsratt,2026-08-28T16:20:48.466101
109621056352233501,"https://www.hemnet.se/salda/lagenhet-3,5rum-luthagen-uppsala-kommun-luthagsesplanaden-36a-109621056352233501",77-78m²,bostadsratt,2026-08-28T16:20:48.466103
5521063194891400105,https://www.hemnet.se/salda/lagenhet-3rum-centrum-fjardingen-uppsala-kommun-luthagsesplanaden-15b-5521063194891400105,77-78m²,bostadsratt,2026-08-28T16:20:48.466104
7956695758027291136,https://www.hemnet.se/salda/lagenhet-3rum-centralt-vanersborgs-kommun-hamngatan-5b-7956695758027291136,77-78m²,bostadsratt,2026-08-28T16:20:48.466105
4920983894314933994,https://www.hemnet.se/salda/lagenhet-3rum-centralt-kungalvs-kommun-trekungagatan-15-4920983894314933994,77-78m²,bostadsratt,2026-08-28T16:20:48.466106
3802195470921787957,https://www.hemnet.se/salda/lagenhet-3rum-centrala-sundbyberg-sundbybergs-kommun-agatan-20-3802195470921787957,77-78m²,bostadsratt,2026-08-28T16:20:48.466110
1505046330760859052,https://www.hemnet.se/salda/lagenhet-3rum-liljeholmen-stockholms-kommun-ekfatsgatan-1-1505046330760859052,77-78m²,bostadsratt,2026-08-28T16:20:48.466111
8488612736100221130,https://www.hemnet.se/salda/lagenhet-3rum-klostergarden-lunds-kommun-virvelvindsvagen-4p-8488612736100221130,77-78m²,bostadsratt,2026-08-28T16:20:48.466112
7472266288471844824,https://www.hemnet.se/salda/lagenhet-3rum-marsta-ekilla-sigtuna-kommun-ekilla-gardsvag-12-7472266288471844824,77-78m²,bostadsratt,2026-08-28T16:20:48.466114
6112174520608433632,https://www.hemnet.se/salda/lagenhet-3rum-oster-vaxjo-kommun-ostregardsgatan-32a-6112174520608433632,77-78m²,bostadsratt,2026-08-28T16:20:48.466115
973526433796311765,"https://www.hemnet.se/salda/lagenhet-3,5rum-lunden-goteborgs-kommun-karlagatan-26b-973526433796311765",77-78m²,bostadsratt,2026-08-28T16:20:48.466116
3782649020470991922,https://www.hemnet.se/salda/lagenhet-3rum-hagerneholm-taby-kommun-hagerneholmsvagen-8b-3782649020470991922,77-78m²,bostadsratt,2026-08-28T16:20:48.466117
26754120047479785,https://www.hemnet.se/salda/lagenhet-3rum-centrala-hisingen-goteborgs-kommun-ekebergsgatan-4a-26754120047479785,77-78m²,bostadsratt,2026-08-28T16:20:48.466119
5184768213928072217,https://www.hemnet.se/salda/lagenhet-3rum-bulltofta-malmo-kommun-elsa-anderssons-gata-15d-5184768213928072217,77-78m²,bostadsratt,2026-08-28T16:20:48.466120
2406524467020856598,https://www.hemnet.se/salda/lagenhet-3rum-fagersta-fagersta-kommun-ringvagen-5-2406524467020856598,77-78m²,bostadsratt,2026-08-28T16:20:48.466123
8624423236431963503,https://www.hemnet.se/salda/lagenhet-3rum-bromma-abrahamsberg-stockholms-kommun-registervagen-28-8624423236431963503,77-78m²,bostadsratt,2026-08-28T16:20:48.466125
7137388645151093401,https://www.hemnet.se/salda/lagenhet-3rum-havstena-skovde-kommun-havstenavagen-7-a-7137388645151093401,77-78m²,bostadsratt,2026-08-28T16:20:48.466126
1750447764941907260,https://www.hemnet.se/salda/lagenhet-3rum-solna-solna-kommun-johan-enbergs-vag-11-1750447764941907260,77-78m²,bostadsratt,2026-08-28T16:20:48.466129
8587395200828355144,https://www.hemnet.se/salda/lagenhet-3rum-hjorthagen-stockholms-kommun-artemisgatan-7-8587395200828355144,77-78m²,bostadsratt,2026-08-28T16:20:48.466131
4939541400752148569,https://www.hemnet.se/salda/lagenhet-3rum-nyatorp-halmstads-kommun-blasbackegatan-8-4939541400752148569,77-78m²,bostadsratt,2026-08-28T16:20:48.466132
1814053427171476848,https://www.hemnet.se/salda/lagenhet-3rum-jarvastaden-solna-kommun-torrangsgatan-3-1814053427171476848,77-78m²,bostadsratt,2026-08-28T16:20:48.466133
4761425104201091058,https://www.hemnet.se/salda/lagenhet-3rum-spanga-bromstensstaden-stockholms-kommun-froken-gohles-vag-4-4761425104201091058,77-78m²,bostadsratt,2026-08-28T16:20:48.466134
7457585247339221683,https://www.hemnet.se/salda/lagenhet-3rum-jakobsberg-jarfalla-kommun-tornerplatsen-18-7457585247339221683,77-78m²,bostadsratt,2026-08-28T16:20:48.466135
7479874404422539305,https://www.hemnet.se/salda/lagenhet-3rum-kviberg-goteborgs-kommun-kadettgatan-1-7479874404422539305,77-78m²,bostadsratt,2026-08-28T16:20:48.466137
7459704432598909613,https://www.hemnet.se/salda/lagenhet-3rum-aby-molndals-kommun-ponnygatan-4d-7459704432598909613,77-78m²,bostadsratt,2026-08-28T16:20:48.466138
5645733154568885594,https://www.hemnet.se/salda/lagenhet-3rum-centralt-solvesborgs-kommun-markgatan-11-5645733154568885594,77-78m²,bostadsratt,2026-08-28T16:20:48.466139
5679220007622780012,https://www.hemnet.se/salda/lagenhet-3rum-oxie-kyrkby-malmo-kommun-oshogavagen-170-5679220007622780012,77-78m²,bostadsratt,2026-08-28T16:20:48.466140
6394584008441045680,https://www.hemnet.se/salda/lagenhet-3rum-brevik-lidingo-kommun-vapnarstigen-12-6394584008441045680,77-78m²,bostadsratt,2026-08-28T16:20:48.466141
3878969599336764889,https://www.hemnet.se/salda/lagenhet-2rum-brandkarr-nykopings-kommun-brandkarrsvagen-136-3878969599336764889,77-78m²,bostadsratt,2026-08-28T16:20:48.466142
5511613204884629477,https://www.hemnet.se/salda/lagenhet-3rum-ekero-sandudden-ekero-kommun-malarvyn-13-lgh-1101-5511613204884629477,77-78m²,bostadsratt,2026-08-28T16:20:48.466144
7122716296057930365,https://www.hemnet.se/salda/lagenhet-3rum-hisingstorp-jonkopings-kommun-valhallavagen-117-7122716296057930365,77-78m²,bostadsratt,2026-08-28T16:20:48.466145
406854801630771534,https://www.hemnet.se/salda/lagenhet-3rum-johanneberg-almedal-goteborgs-kommun-molndalsvagen-87f-406854801630771534,77-78m²,bostadsratt,2026-08-28T16:20:48.466146
265757047778335857,https://www.hemnet.se/salda/lagenhet-3rum-hisings-karra-goteborgs-kommun-solhagagatan-100-265757047778335857,77-78m²,bostadsratt,2026-08-28T16:20:48.466147
8348236121020270837,https://www.hemnet.se/salda/lagenhet-3rum-granby-uppsala-kommun-dimgatan-14-8348236121020270837,77-78m²,bostadsratt,2026-08-28T16:20:48.466148
1933774754026660764,https://www.hemnet.se/salda/lagenhet-3rum-lund-centrum-lunds-kommun-mittlinjen-9a-1933774754026660764,77-78m²,bostadsratt,2026-08-28T16:20:48.466150
5088664072545712524,https://www.hemnet.se/salda/lagenhet-3rum-centralt-oster-orebro-kommun-isgatan-3-5088664072545712524,77-78m²,bostadsratt,2026-08-28T16:20:48.466151
2628570692443651277,https://www.hemnet.se/salda/lagenhet-3rum-centrala-filipstad-filipstads-kommun-allegatan-9c-2628570692443651277,77-78m²,bostadsratt,2026-08-28T16:20:48.466152
3691293106686748964,https://www.hemnet.se/salda/lagenhet-3rum-tynnered-goteborgs-kommun-turkosgatan-9-3691293106686748964,77-78m²,bostadsratt,2026-08-28T16:20:48.466156
1179300983978596013,https://www.hemnet.se/salda/lagenhet-3rum-pildammarna-kronborg-malmo-kommun-annebergsgatan-19a-1179300983978596013,77-78m²,bostadsratt,2026-08-28T16:20:48.466157
2995024850417065966,https://www.hemnet.se/salda/lagenhet-3rum-tomelilla-tomelilla-kommun-gronegatan-6b-2995024850417065966,77-78m²,bostadsratt,2026-08-28T16:20:48.466158
5047261156450762710,https://www.hemnet.se/salda/lagenhet-3rum-arlov-burlovs-kommun-elisetorpsvagen-15a-5047261156450762710,77-78m²,bostadsratt,2026-08-28T16:20:48.466162
1700095565258060260,https://www.hemnet.se/salda/lagenhet-2rum-vasastan-stockholms-kommun-teknologgatan-9d-1700095565258060260,77-78m²,bostadsratt,2026-08-28T16:20:48.466163
1745082381083687942,https://www.hemnet.se/salda/lagenhet-3rum-mjolkudden-lulea-kommun-munkebergsgatan-52-1745082381083687942,77-78m²,bostadsratt,2026-08-28T16:20:48.466165
7953904773008524645,https://www.hemnet.se/salda/lagenhet-3rum-centrala-sundbyberg-sundbybergs-kommun-eliegatan-20-7953904773008524645,77-78m²,bostadsratt,2026-08-28T16:20:48.466166
1789722432902648977,https://www.hemnet.se/salda/lagenhet-3rum-kolback-hallstahammars-kommun-stationsgatan-12d-1789722432902648977,77-78m²,bostadsratt,2026-08-28T16:20:48.466167
7053093651964760289,https://www.hemnet.se/salda/lagenhet-3rum-vidablick-norrkopings-kommun-rosgangen-9-7053093651964760289,77-78m²,bostadsratt,2026-08-28T16:20:48.466168
5412126583116792669,https://www.hemnet.se/salda/lagenhet-3rum-martens-falad-linero-lunds-kommun-kampagranden-11b-5412126583116792669,77-78m²,bostadsratt,2026-08-28T16:20:48.466169
8223718938521324450,https://www.hemnet.se/salda/lagenhet-3rum-virentofta-malmo-kommun-ellenborgsvagen-106-i-8223718938521324450,77-78m²,bostadsratt,2026-08-28T16:20:48.466171
1944359974417724798,https://www.hemnet.se/salda/lagenhet-3rum-johannelund-linkopings-kommun-soderleden-1-1944359974417724798,77-78m²,bostadsratt,2026-08-28T16:20:48.466172
2409423044194177105,https://www.hemnet.se/salda/lagenhet-3rum-visby-soder-kolen-gotlands-kommun-styrmansgatan-175-2409423044194177105,77-78m²,bostadsratt,2026-08-28T16:20:48.466173
4917316442040735934,https://www.hemnet.se/salda/lagenhet-3rum-falhagen-uppsala-kommun-petterslundsgatan-19-4917316442040735934,77-78m²,bostadsratt,2026-08-28T16:20:48.466174
3080227358031132350,"https://www.hemnet.se/salda/lagenhet-3,5rum-centralt-kungalvs-kommun-ivar-claessons-gata-32-3080227358031132350",77-78m²,bostadsratt,2026-08-28T16:20:48.466175
5937199733642172766,https://www.hemnet.se/salda/lagenhet-3rum-sjoberg-sollentuna-kommun-sidensvansvagen-30-5937199733642172766,77-78m²,bostadsratt,2026-08-28T16:20:48.466177
4958307370859090815,https://www.hemnet.se/salda/lagenhet-3rum-lagavallen-ljungby-kommun-elfstromsgatan-14-4958307370859090815,77-78m²,bostadsratt,2026-08-28T16:20:48.466178
7136444497382003569,https://www.hemnet.se/salda/lagenhet-3rum-kvarnholmen-nacka-kommun-kvarnholmsvagen-100-7136444497382003569,77-78m²,bostadsratt,2026-08-28T16:20:48.466179
32274320857765708,https://www.hemnet.se/salda/lagenhet-3rum-bymarken-jonkopings-kommun-master-gudmunds-vag-33-32274320857765708,77-78m²,bostadsratt,2026-08-28T16:20:48.466180
3431858039091021946,https://www.hemnet.se/salda/lagenhet-3rum-linero-lunds-kommun-kampagranden-3b-3431858039091021946,77-78m²,bostadsratt,2026-08-28T16:20:48.466181
1464168858826890272,https://www.hemnet.se/salda/lagenhet-3rum-molnlycke-ostra-molndals-kommun-kvarnbygatan-47-1464168858826890272,77-78m²,bostadsratt,2026-08-28T16:20:48.466182
2225433969582625042,"https://www.hemnet.se/salda/lagenhet-3rum-spanga-tensta-stockholms-kommun-stadingeplan-22,-1-tr-2225433969582625042",77-78m²,bostadsratt,2026-08-28T16:20:48.466184
5482044264894045207,https://www.hemnet.se/salda/lagenhet-3rum-handen-haninge-kommun-vallavagen-47-5482044264894045207,77-78m²,bostadsratt,2026-08-28T16:20:48.466185
163350887168596617,https://www.hemnet.se/salda/lagenhet-3rum-linero-lunds-kommun-kampagranden-15c-163350887168596617,77-78m²,bostadsratt,2026-08-28T16:20:48.466186
9142283535551531267,https://www.hemnet.se/salda/lagenhet-3rum-taby-centrum-taby-kommun-marknadsvagen-91-9142283535551531267,77-78m²,bostadsratt,2026-08-28T16:20:48.466187
3967816741118492921,https://www.hemnet.se/salda/lagenhet-3rum-centralt-eslovs-kommun-kanalgatan-41a-3967816741118492921,77-78m²,bostadsratt,2026-08-28T16:20:48.466188
7985704866371362408,"https://www.hemnet.se/salda/lagenhet-3rum-arsta-stockholms-kommun-siljansvagen-73a,-3tr-7985704866371362408",77-78m²,bostadsratt,2026-08-28T16:20:48.466190
4706865648635213891,https://www.hemnet.se/salda/lagenhet-3rum-ronnby-vasteras-kommun-slaggkastargatan-5-4706865648635213891,77-78m²,bostadsratt,2026-08-28T16:20:48.466191
5116455758997122311,https://www.hemnet.se/salda/lagenhet-3rum-vastra-berga-helsingborgs-kommun-volontarsgatan-5a-5116455758997122311,77-78m²,bostadsratt,2026-08-28T16:20:48.466194
3908362642389773805,https://www.hemnet.se/salda/lagenhet-3rum-matfors-sundsvalls-kommun-tallskogsvagen-18d-3908362642389773805,77-78m²,bostadsratt,2026-08-28T16:20:48.466195
9118709147248676371,https://www.hemnet.se/salda/lagenhet-3rum-edsberg-sollentuna-kommun-djupdalsvagen-4e-9118709147248676371,77-78m²,bostadsratt,2026-08-28T16:20:48.466197
1820015892333221766,https://www.hemnet.se/salda/lagenhet-3rum-lomma-vinstorp-lomma-kommun-vinstorpsvagen-58-1820015892333221766,77-78m²,bostadsratt,2026-08-28T16:20:48.466200
5840136582701061698,https://www.hemnet.se/salda/lagenhet-2rum-simrislund-simrishamns-kommun-lundegatan-3a-5840136582701061698,77-78m²,bostadsratt,2026-08-28T16:20:48.466201
2103004426060379297,https://www.hemnet.se/salda/lagenhet-3rum-skytteholm-solna-kommun-ankdammsgatan-40-2103004426060379297,77-78m²,bostadsratt,2026-08-28T16:20:48.466203
7684806700707487632,"https://www.hemnet.se/salda/lagenhet-3rum-centrum-gallivare-kommun-schaktmastaregatan-12b,-lgh-0251-7684806700707487632",77-78m²,bostadsratt,2026-08-28T16:20:48.466204
2891612598988643185,https://www.hemnet.se/salda/lagenhet-3rum-dammfri-malmo-kommun-randersvagen-24b-2891612598988643185,77-78m²,bostadsratt,2026-08-28T16:20:48.466205
4582757917759502843,https://www.hemnet.se/salda/lagenhet-3rum-mjolkudden-lulea-kommun-munkebergsgatan-82-4582757917759502843,77-78m²,bostadsratt,2026-08-28T16:20:48.466206
4201246834686715974,https://www.hemnet.se/salda/lagenhet-3rum-hammarby-sjostad-stockholms-kommun-heliosgatan-16a-4201246834686715974,77-78m²,bostadsratt,2026-08-28T16:20:48.466208
2477987411662812781,https://www.hemnet.se/salda/lagenhet-3rum-skarpnack-stockholms-kommun-sportflygargatan-7-2477987411662812781,77-78m²,bostadsratt,2026-08-28T16:20:48.466209
5760178504742903716,https://www.hemnet.se/salda/lagenhet-3rum-centrala-vasby-upplands-vasby-kommun-husarvagen-5-5760178504742903716,77-78m²,bostadsratt,2026-08-28T16:20:48.466210
4430777511598404103,"https://www.hemnet.se/salda/lagenhet-3rum-kvarnholmen-nacka-kommun-makaronigrand-3,-van-8-4430777511598404103",77-78m²,bostadsratt,2026-08-28T16:20:48.466211
8028220554337506372,https://www.hemnet.se/salda/lagenhet-3rum-arsta-uppsala-kommun-kamomillgatan-22-8028220554337506372,77-78m²,bostadsratt,2026-08-28T16:20:48.466212
7707891161507022710,https://www.hemnet.se/salda/lagenhet-3rum-sodermalm-katarina-stockholms-kommun-hokens-gata-8-7707891161507022710,77-78m²,bostadsratt,2026-08-28T16:20:48.466214
2964610638160992610,https://www.hemnet.se/salda/lagenhet-3rum-haga-umea-kommun-gustav-garvares-gata-6a-2964610638160992610,77-78m²,bostadsratt,2026-08-28T16:20:48.466215
995830978754051481,https://www.hemnet.se/salda/lagenhet-3rum-kallhall-jarfalla-kommun-kopparvagen-5-van-5-6-995830978754051481,77-78m²,bostadsratt,2026-08-28T16:20:48.466216
2809656669727109239,https://www.hemnet.se/salda/lagenhet-2rum-holmangen-vanersborgs-kommun-bjorkholmsgatan-1b-2809656669727109239,77-78m²,bostadsratt,2026-08-28T16:20:48.466217
3752464524151072175,https://www.hemnet.se/salda/lagenhet-3rum-vallingby-stockholms-kommun-jamtlandsgatan-152-3752464524151072175,77-78m²,bostadsratt,2026-08-28T16:20:48.466221
3824595816965406947,https://www.hemnet.se/salda/lagenhet-3rum-centrum-angelholms-kommun-bruksgatan-33-a-3824595816965406947,77-78m²,bostadsratt,2026-08-28T16:20:48.466222
5334180284950842740,https://www.hemnet.se/salda/lagenhet-3rum-vallda-tingsberget-kungsbacka-kommun-drottninggatan-21-b-5334180284950842740,77-78m²,bostadsratt,2026-08-28T16:20:48.466223
8147169572904135597,"https://www.hemnet.se/salda/lagenhet-2,5rum-vasastan-sibirien-stockholms-kommun-frejgatan-45-8147169572904135597",77-78m²,bostadsratt,2026-08-28T16:20:48.466225
7499335005532204226,https://www.hemnet.se/salda/lagenhet-3rum-torvalla-ostersunds-kommun-stamvagen-78-7499335005532204226,77-78m²,bostadsratt,2026-08-28T16:20:48.466226
8616275839868915663,https://www.hemnet.se/salda/lagenhet-3rum-dammfri-malmo-kommun-ribevagen-16c-8616275839868915663,77-78m²,bostadsratt,2026-08-28T16:20:48.466227
7512946108543369827,https://www.hemnet.se/salda/lagenhet-3rum-lund-centrum-lunds-kommun-karl-xi-gatan-3a-7512946108543369827,77-78m²,bostadsratt,2026-08-28T16:20:48.466228
5820925501334162852,https://www.hemnet.se/salda/lagenhet-3rum-brunna-upplands-bro-kommun-melofonstigen-5-5820925501334162852,77-78m²,bostadsratt,2026-08-28T16:20:48.466229
2478949753764184284,https://www.hemnet.se/salda/lagenhet-3rum-tjuvkil-kungalvs-kommun-sundviksvagen-31-2478949753764184284,77-78m²,bostadsratt,2026-08-28T16:20:48.466233
3202094058222548648,https://www.hemnet.se/salda/lagenhet-3rum-centralt-bodens-kommun-soldatgatan-4a-3202094058222548648,77-78m²,bostadsratt,2026-08-28T16:20:48.466234
2681453341318621404,https://www.hemnet.se/salda/lagenhet-3rum-hammarby-sjostad-stockholms-kommun-stapelgatan-4-2681453341318621404,77-78m²,bostadsratt,2026-08-28T16:20:48.466235
9091103635960413045,"https://www.hemnet.se/salda/lagenhet-2rum-kungsholmen-nedre-kungsholmen-stockholms-kommun-sankt-eriksgatan-15,-3-tr-9091103635960413045",77-78m²,bostadsratt,2026-08-28T16:20:48.466237
8106953029856624484,https://www.hemnet.se/salda/lagenhet-3rum-johanneberg-goteborgs-kommun-rosenskoldsgatan-9-8106953029856624484,77-78m²,bostadsratt,2026-08-28T16:20:48.466239
8516250586670362418,https://www.hemnet.se/salda/lagenhet-3rum-farsta-stockholms-kommun-olmevagen-10-8516250586670362418,77-78m²,bostadsratt,2026-08-28T16:20:48.466240
5328313578408679864,https://www.hemnet.se/salda/lagenhet-3rum-komarken-kungalvs-kommun-brynjegatan-21-5328313578408679864,77-78m²,bostadsratt,2026-08-28T16:20:48.466241
8118432912160994582,https://www.hemnet.se/salda/lagenhet-3rum-kungsbacka-centralt-kungsbacka-kommun-drottninggatan-21-b-8118432912160994582,77-78m²,bostadsratt,2026-08-28T16:20:48.466242
9073717059893032166,https://www.hemnet.se/salda/lagenhet-3rum-soderhamn-soderhamns-kommun-kopmangatan-22-c-9073717059893032166,77-78m²,bostadsratt,2026-08-28T16:20:48.466244
5974242274326391530,https://www.hemnet.se/salda/lagenhet-3rum-habo-habo-kommun-malmgatan-4-5974242274326391530,77-78m²,bostadsratt,2026-08-28T16:20:48.466247
4373436376887892501,https://www.hemnet.se/salda/lagenhet-3rum-gustavsberg-kedjebacken-varmdo-kommun-kedjebacken-4a-4373436376887892501,77-78m²,bostadsratt,2026-08-28T16:20:48.466248
3012009832000719779,"https://www.hemnet.se/salda/lagenhet-3rum-centralt-lysekils-kommun-kvarnberget-1,-lgh-1301-3012009832000719779",77-78m²,bostadsratt,2026-08-28T16:20:48.466250
807773251899658008,https://www.hemnet.se/salda/lagenhet-3rum-marsta-centralt-sigtuna-kommun-vastra-bangatan-49b-807773251899658008,77-78m²,bostadsratt,2026-08-28T16:20:48.466251
3166561571496766827,https://www.hemnet.se/salda/lagenhet-3rum-centrala-vasby-upplands-vasby-kommun-forsgrand-1-3166561571496766827,77-78m²,bostadsratt,2026-08-28T16:20:48.466252
2240699237388006599,https://www.hemnet.se/salda/lagenhet-3rum-torslanda-centralt-goteborgs-kommun-noleredsvagen-6-2240699237388006599,77-78m²,bostadsratt,2026-08-28T16:20:48.466253
1614186627973532556,https://www.hemnet.se/salda/lagenhet-3rum-rorsjostaden-malmo-kommun-foreningsgatan-37-1614186627973532556,77-78m²,bostadsratt,2026-08-28T16:20:48.466254
8527670014211427519,https://www.hemnet.se/salda/lagenhet-3rum-havstena-skovde-kommun-havstenavagen-34d-8527670014211427519,77-78m²,bostadsratt,2026-08-28T16:20:48.466256
4032610579753100216,https://www.hemnet.se/salda/lagenhet-2rum-stavrelund-halvarstorp-trollhattans-kommun-kaggetorpsvagen-183-4032610579753100216,77-78m²,bostadsratt,2026-08-28T16:20:48.466257
5042671158269903210,https://www.hemnet.se/salda/lagenhet-3rum-vaster-jonkopings-kommun-lasarettsgatan-5b-5042671158269903210,77-78m²,bostadsratt,2026-08-28T16:20:48.466258
4098080491156216342,https://www.hemnet.se/salda/lagenhet-3rum-molndal-bosgarden-molndals-kommun-fralsegardsgatan-7a-4098080491156216342,77-78m²,bostadsratt,2026-08-28T16:20:48.466259
8270717004481199737,https://www.hemnet.se/salda/lagenhet-3rum-berghem-umea-kommun-axtorpsvagen-29b-8270717004481199737,77-78m²,bostadsratt,2026-08-28T16:20:48.466260
590779138570292107,https://www.hemnet.se/salda/lagenhet-3rum-sodra-hoganas-hoganas-kommun-norra-manstorpsvagen-8-590779138570292107,77-78m²,bostadsratt,2026-08-28T16:20:48.466262
456524728342781636,https://www.hemnet.se/salda/lagenhet-3rum-tyreso-tyreso-kommun-granitvagen-15b-456524728342781636,77-78m²,bostadsratt,2026-08-28T16:20:48.466274
7236035791184123041,https://www.hemnet.se/salda/lagenhet-3rum-froson-ostersunds-kommun-hornsgatan-22a-7236035791184123041,77-78m²,bostadsratt,2026-08-28T16:20:48.466275
5365214526466327786,https://www.hemnet.se/salda/lagenhet-3rum-akallahojden-stockholms-kommun-pargasgatan-6-5365214526466327786,77-78m²,bostadsratt,2026-08-28T16:20:48.466277
7162092880132192235,https://www.hemnet.se/salda/lagenhet-4rum-lindvallen-malung-salens-kommun-brandmossvagen-4d-7162092880132192235,77-78m²,bostadsratt,2026-08-28T16:20:48.466280
6370426613831169331,https://www.hemnet.se/salda/lagenhet-3rum-lomma-strandstaden-lomma-kommun-esplanaden-12-6370426613831169331,77-78m²,bostadsratt,2026-08-28T16:20:48.466282
6967212816611728730,https://www.hemnet.se/salda/lagenhet-3rum-solbacka-strand-norrtalje-kommun-maria-winkvists-vag-10-a-6967212816611728730,77-78m²,bostadsratt,2026-08-28T16:20:48.466283
5319604704800803598,https://www.hemnet.se/salda/lagenhet-3rum-centralt-knivsta-kommun-hogasvagen-23-5319604704800803598,77-78m²,bostadsratt,2026-08-28T16:20:48.466284
3025293266365116046,https://www.hemnet.se/salda/lagenhet-3rum-s-t-ilian-enkopings-kommun-varfrugatan-9a-3025293266365116046,77-78m²,bostadsratt,2026-08-28T16:20:48.466285
384898625097680703,https://www.hemnet.se/salda/lagenhet-3rum-havstena-skovde-kommun-havstenavagen-34c-384898625097680703,77-78m²,bostadsratt,2026-08-28T16:20:48.466287
1501624515242407525,"https://www.hemnet.se/salda/lagenhet-3rum-tyreso-centrum-tyreso-kommun-granitvagen-7a,-2-tr-1501624515242407525",77-78m²,bostadsratt,2026-08-28T16:20:48.466288
8887718824102285880,https://www.hemnet.se/salda/lagenhet-3rum-ovre-vasastaden-linkopings-kommun-slojdgatan-6-8887718824102285880,77-78m²,bostadsratt,2026-08-28T16:20:48.466289
4233373933523969266,https://www.hemnet.se/salda/lagenhet-3rum-kumla-centralt-kumla-kommun-vattugatan-14a-4233373933523969266,77-78m²,bostadsratt,2026-08-28T16:20:48.466290
7802470353727821834,https://www.hemnet.se/salda/lagenhet-3rum-peru-lidhem-vasterviks-kommun-folkparksvagen-23-7802470353727821834,77-78m²,bostadsratt,2026-08-28T16:20:48.466292
1736726296997982063,"https://www.hemnet.se/salda/lagenhet-4rum-spanga-tensta-stockholms-kommun-elinsborgsbacken-38,-1-tr-1736726296997982063",77-78m²,bostadsratt,2026-08-28T16:20:48.466293
127944540820329809,https://www.hemnet.se/salda/lagenhet-3rum-stenungsund-stenungsunds-kommun-janssons-vag-17-127944540820329809,77-78m²,bostadsratt,2026-08-28T16:20:48.466294
1727557205995695289,https://www.hemnet.se/salda/lagenhet-3rum-malmaberg-vasteras-kommun-gunnilbogatan-12a-1727557205995695289,77-78m²,bostadsratt,2026-08-28T16:20:48.466295
2282640424012562056,"https://www.hemnet.se/salda/lagenhet-3,5rum-tyreso-skogsstad-tyreso-kommun-barrskogsvagen-9-2282640424012562056",77-78m²,bostadsratt,2026-08-28T16:20:48.466296
5742843581130386430,https://www.hemnet.se/salda/lagenhet-3rum-mjolkudden-lulea-kommun-munkebergsgatan-80-5742843581130386430,77-78m²,bostadsratt,2026-08-28T16:20:48.466298
2057542839719385618,https://www.hemnet.se/salda/lagenhet-3rum-ribersborg-malmo-kommun-sergels-vag-6a-2057542839719385618,77-78m²,bostadsratt,2026-08-28T16:20:48.466299
6067864959686663675,https://www.hemnet.se/salda/lagenhet-3rum-hyllie-malmo-kommun-hyllie-alle-10-6067864959686663675,77-78m²,bostadsratt,2026-08-28T16:20:48.466302
1345129896230080214,https://www.hemnet.se/salda/lagenhet-3rum-huvudsta-ingenting-solna-kommun-arvid-tydens-alle-28-1345129896230080214,77-78m²,bostadsratt,2026-08-28T16:20:48.466304
597765870029841711,https://www.hemnet.se/salda/lagenhet-4rum-bro-finnsta-upplands-bro-kommun-liljestigen-76-597765870029841711,77-78m²,bostadsratt,2026-08-28T16:20:48.466305
8570001457954812323,https://www.hemnet.se/salda/lagenhet-3rum-centrum-lulea-kommun-stationsgatan-25a-8570001457954812323,77-78m²,bostadsratt,2026-08-28T16:20:48.466306
1947239808912215272,https://www.hemnet.se/salda/lagenhet-3rum-ringstorp-helsingborgs-kommun-ryttmastaregatan-13c-1947239808912215272,77-78m²,bostadsratt,2026-08-28T16:20:48.466307
5213789423394660283,"https://www.hemnet.se/salda/lagenhet-3,5rum-silverdal-sollentuna-kommun-silverdalsvagen-37-5213789423394660283",77-78m²,bostadsratt,2026-08-28T16:20:48.466309
5107452926815069081,https://www.hemnet.se/salda/lagenhet-3rum-saltsjobaden-nacka-kommun-ljuskarrsvagen-55-5107452926815069081,77-78m²,bostadsratt,2026-08-28T16:20:48.466310
3059007168925179342,https://www.hemnet.se/salda/lagenhet-3rum-landskrona-landskrona-kommun-jarnvagsgatan-65-3059007168925179342,77-78m²,bostadsratt,2026-08-28T16:20:48.466311
5563154595513831710,https://www.hemnet.se/salda/lagenhet-3rum-bankeryd-jonkopings-kommun-sjoakravagen-38a-5563154595513831710,77-78m²,bostadsratt,2026-08-28T16:20:48.466312
1449757539878573763,https://www.hemnet.se/salda/lagenhet-3rum-centrum-harnosands-kommun-norra-kyrkogatan-30-1449757539878573763,77-78m²,bostadsratt,2026-08-28T16:20:48.466313
5863680288264358363,"https://www.hemnet.se/salda/lagenhet-3rum-vasastan-birkastan-stockholms-kommun-tomtebogatan-36,-4tr-5863680288264358363",77-78m²,bostadsratt,2026-08-28T16:20:48.466317
4126070669367488500,https://www.hemnet.se/salda/lagenhet-3rum-bodal-lidingo-kommun-bodalsvagen-10-4126070669367488500,77-78m²,bostadsratt,2026-08-28T16:20:48.466318
8702182994433709708,https://www.hemnet.se/salda/lagenhet-3rum-huvudsta-ingenting-solna-kommun-armegatan-9a-8702182994433709708,77-78m²,bostadsratt,2026-08-28T16:20:48.466319
6490919515821806054,https://www.hemnet.se/salda/lagenhet-3rum-grums-grums-kommun-gamla-vagen-90a-6490919515821806054,77-78m²,bostadsratt,2026-08-28T16:20:48.466320
5284850346178088713,https://www.hemnet.se/salda/lagenhet-3rum-djursholm-danderyds-kommun-lillkalmarvagen-25-5284850346178088713,77-78m²,bostadsratt,2026-08-28T16:20:48.466321
8464896816372013909,https://www.hemnet.se/salda/lagenhet-3rum-mollevangen-malmo-kommun-sofielundsvagen-23d-8464896816372013909,77-78m²,bostadsratt,2026-08-28T16:20:48.466325
4402567305356525670,https://www.hemnet.se/salda/lagenhet-4rum-ytterby-kungalvs-kommun-odlingsgatan-185-4402567305356525670,77-78m²,bostadsratt,2026-08-28T16:20:48.466326
3098563839198450889,https://www.hemnet.se/salda/lagenhet-3rum-sockerbruket-lunds-kommun-raffinadgatan-6-3098563839198450889,77-78m²,bostadsratt,2026-08-28T16:20:48.466328
5951692180014781738,https://www.hemnet.se/salda/lagenhet-3rum-valhall-skara-kommun-valhallagatan-13-b-5951692180014781738,77-78m²,bostadsratt,2026-08-28T16:20:48.466329
8322364304506105122,"https://www.hemnet.se/salda/lagenhet-3rum-alta-stenso-nacka-kommun-stensovagen-13,-3-tr-8322364304506105122",77-78m²,bostadsratt,2026-08-28T16:20:48.466330
3435124227533643326,https://www.hemnet.se/salda/lagenhet-3rum-centrum-lulea-kommun-sodra-smedjegatan-17-3435124227533643326,77-78m²,bostadsratt,2026-08-28T16:20:48.466331
835058796851860157,https://www.hemnet.se/salda/lagenhet-3rum-hogsbo-goteborgs-kommun-hogsbogatan-27-835058796851860157,77-78m²,bostadsratt,2026-08-28T16:20:48.466332
8111794357842934628,"https://www.hemnet.se/salda/lagenhet-3rum-liljeholmskajen-stockholms-kommun-vingardsgatan-48,-1tr-8111794357842934628",77-78m²,bostadsratt,2026-08-28T16:20:48.466334
451839850916376961,https://www.hemnet.se/salda/lagenhet-3rum-centrala-sodertalje-sodertalje-kommun-karlslundsgatan-20-451839850916376961,77-78m²,bostadsratt,2026-08-28T16:20:48.466335
8927533549885937618,"https://www.hemnet.se/salda/lagenhet-4rum-orby-stockholms-kommun-malmkopingsvagen-36,-2tr-8927533549885937618",77-78m²,bostadsratt,2026-08-28T16:20:48.466336
4637225995282473666,https://www.hemnet.se/salda/lagenhet-3rum-molndal-stallbacken-molndals-kommun-aby-alle-31-4637225995282473666,77-78m²,bostadsratt,2026-08-28T16:20:48.466338
6275736799369427215,"https://www.hemnet.se/salda/lagenhet-3rum-fagersjo-stockholms-kommun-ejdervagen-60,-1tr-6275736799369427215",77-78m²,bostadsratt,2026-08-28T16:20:48.466339
204648787108654108,https://www.hemnet.se/salda/lagenhet-3rum-norrstaden-norra-brannan-stenhammar-harnosands-kommun-brunnshusgatan-29-a-204648787108654108,77-78m²,bostadsratt,2026-08-28T16:20:48.466340
8676442891134734950,https://www.hemnet.se/salda/lagenhet-4rum-margretelund-osterakers-kommun-kanonvagen-26a-8676442891134734950,77-78m²,bostadsratt,2026-08-28T16:20:48.466342
8949453056790227245,https://www.hemnet.se/salda/lagenhet-3rum-sodermalm-katarina-stockholms-kommun-mosebacke-torg-8c-8949453056790227245,77-78m²,bostadsratt,2026-08-28T16:20:48.466344
2366186513539505001,https://www.hemnet.se/salda/lagenhet-3rum-finninge-ulvhall-strangnas-kommun-finningevagen-1d-2366186513539505001,77-78m²,bostadsratt,2026-08-28T16:20:48.466345
2117298238193151823,https://www.hemnet.se/salda/lagenhet-3rum-askim-goteborgs-kommun-solarvsplan-20-2117298238193151823,77-78m²,bostadsratt,2026-08-28T16:20:48.466346
2475963696599972822,https://www.hemnet.se/salda/lagenhet-2rum-navertorp-genne-katrineholms-kommun-skogsglantan-7-2475963696599972822,77-78m²,bostadsratt,2026-08-28T16:20:48.466350
7268668950960011128,https://www.hemnet.se/salda/lagenhet-3rum-torsvik-herserud-lidingo-kommun-herserudsvagen-2-c-7268668950960011128,77-78m²,bostadsratt,2026-08-28T16:20:48.466352
7632607544127902061,https://www.hemnet.se/salda/lagenhet-2rum-olskroken-goteborgs-kommun-olskroksgatan-25-7632607544127902061,77-78m²,bostadsratt,2026-08-28T16:20:48.466353
5249113134990151062,https://www.hemnet.se/salda/lagenhet-3rum-frosang-oxelosunds-kommun-frosangsvagen-14-5249113134990151062,77-78m²,bostadsratt,2026-08-28T16:20:48.466356
4705785979898895976,https://www.hemnet.se/salda/lagenhet-3rum-kvillebacken-goteborgs-kommun-penselgatan-14-4705785979898895976,77-78m²,bostadsratt,2026-08-28T16:20:48.466357
8768785925046309883,https://www.hemnet.se/salda/lagenhet-3rum-pildammarna-kronborg-malmo-kommun-orsholmsgangen-6b-8768785925046309883,77-78m²,bostadsratt,2026-08-28T16:20:48.466359
1254254719398951437,https://www.hemnet.se/salda/lagenhet-3rum-arlov-burlov-burlovs-kommun-jarnvagsgatan-5b-1254254719398951437,77-78m²,bostadsratt,2026-08-28T16:20:48.466360
400455674439253669,https://www.hemnet.se/salda/lagenhet-3rum-oster-orebro-kommun-formansgatan-20-400455674439253669,77-78m²,bostadsratt,2026-08-28T16:20:48.466361
8329980504890123095,https://www.hemnet.se/salda/lagenhet-3rum-blasut-stockholms-kommun-vingavagen-9-8329980504890123095,77-78m²,bostadsratt,2026-08-28T16:20:48.466362
5026129055865332510,https://www.hemnet.se/salda/lagenhet-3rum-haverodal-norrtalje-kommun-fridavagen-23-5026129055865332510,77-78m²,bostadsratt,2026-08-28T16:20:48.466363
4316124548618157030,https://www.hemnet.se/salda/lagenhet-3rum-frosang-oxelosunds-kommun-frosangsvagen-16-4316124548618157030,77-78m²,bostadsratt,2026-08-28T16:20:48.466364
4087892584338994159,"https://www.hemnet.se/salda/lagenhet-3rum-grondal-stockholms-kommun-ljusstoparbacken-9c,-1tr-4087892584338994159",77-78m²,bostadsratt,2026-08-28T16:20:48.466366
729316611415975044,"https://www.hemnet.se/salda/lagenhet-3rum-farsta-stockholms-kommun-varmlandsvagen-269,-1tr-729316611415975044",77-78m²,bostadsratt,2026-08-28T16:20:48.466367
1962584988993213600,https://www.hemnet.se/salda/lagenhet-3rum-djurangen-kalmar-kommun-skraddaretorpsvagen-27b-1962584988993213600,77-78m²,bostadsratt,2026-08-28T16:20:48.466368
2059796817109818356,https://www.hemnet.se/salda/lagenhet-3rum-ursviken-skelleftea-kommun-saltmatargrand-12-2059796817109818356,77-78m²,bostadsratt,2026-08-28T16:20:48.466369
1714592884659560793,https://www.hemnet.se/salda/lagenhet-4rum-eslov-centralt-eslovs-kommun-foreningstorget-2d-1714592884659560793,77-78m²,bostadsratt,2026-08-28T16:20:48.466371
1855615346434063176,https://www.hemnet.se/salda/lagenhet-3rum-marsta-norra-sigtuna-kommun-vastra-bangatan-49c-1855615346434063176,77-78m²,bostadsratt,2026-08-28T16:20:48.466372
8545142560591059314,https://www.hemnet.se/salda/lagenhet-3rum-kungsgardet-uppsala-kommun-siktargatan-16-8545142560591059314,77-78m²,bostadsratt,2026-08-28T16:20:48.466373
7737572102189294400,https://www.hemnet.se/salda/lagenhet-3rum-fullersta-huddinge-kommun-kyrkangsbacken-14-7737572102189294400,77-78m²,bostadsratt,2026-08-28T16:20:48.466374
6644439195707988693,https://www.hemnet.se/salda/lagenhet-77m2-kalkbrottet-malmo-kommun-kalkstensvagen-15-6644439195707988693,77-78m²,bostadsratt,2026-08-28T16:20:48.466376
4048177469625943114,https://www.hemnet.se/salda/lagenhet-3rum-brottsta-lundby-eskilstuna-kommun-vadmansgatan-5a-4048177469625943114,77-78m²,bostadsratt,2026-08-28T16:20:48.466377
4734294280149887276,https://www.hemnet.se/salda/lagenhet-4rum-beckomberga-stockholms-kommun-ballstavagen-242a-4734294280149887276,77-78m²,bostadsratt,2026-08-28T16:20:48.466378
749796579456983103,https://www.hemnet.se/salda/lagenhet-4rum-lerum-norra-hallsas-lerums-kommun-halssmyckevagen-15-g-749796579456983103,77-78m²,bostadsratt,2026-08-28T16:20:48.466379
6193892023184549094,https://www.hemnet.se/salda/lagenhet-3rum-ulricehamn-ulricehamns-kommun-prastgardsgatan-3-6193892023184549094,77-78m²,bostadsratt,2026-08-28T16:20:48.466381
4685403751101132401,https://www.hemnet.se/salda/lagenhet-3rum-kviberg-goteborgs-kommun-ingeborg-hammarskjolds-gata-57-4685403751101132401,77-78m²,bostadsratt,2026-08-28T16:20:48.466382
6062194903791586216,https://www.hemnet.se/salda/lagenhet-3rum-bromma-annedal-stockholms-kommun-annedalsvagen-57-6062194903791586216,77-78m²,bostadsratt,2026-08-28T16:20:48.466383
841073877890787355,https://www.hemnet.se/salda/lagenhet-3rum-ostra-hudiksvall-hudiksvalls-kommun-ostra-tullgatan-7-841073877890787355,77-78m²,bostadsratt,2026-08-28T16:20:48.466384
14424934312953137,https://www.hemnet.se/salda/lagenhet-4rum-arsta-stockholms-kommun-ymsenvagen-10-14424934312953137,77-78m²,bostadsratt,2026-08-28T16:20:48.466386
7612852727617339375,https://www.hemnet.se/salda/lagenhet-3rum-lomma-lomma-kommun-vinstorpsvagen-30-7612852727617339375,77-78m²,bostadsratt,2026-08-28T16:20:48.466387
1593502969824151007,"https://www.hemnet.se/salda/lagenhet-3rum-birkastan-vasastan-stockholms-kommun-tomtebogatan-36,-2tr-1593502969824151007",77-78m²,bostadsratt,2026-08-28T16:20:48.466390
7201738404787301387,https://www.hemnet.se/salda/lagenhet-3rum-helenelund-sollentuna-kommun-stupvagen-75-7201738404787301387,77-78m²,bostadsratt,2026-08-28T16:20:48.466391
5375597727910104094,https://www.hemnet.se/salda/lagenhet-3rum-arsta-stockholms-kommun-sandfjardsgatan-105-5375597727910104094,77-78m²,bostadsratt,2026-08-28T16:20:48.466395
2777207391271153134,https://www.hemnet.se/salda/lagenhet-3rum-hindric-pers-fagersta-kommun-floravagen-21-a-2777207391271153134,77-78m²,bostadsratt,2026-08-28T16:20:48.466396
6214034195672321817,https://www.hemnet.se/salda/lagenhet-3rum-druvefors-boras-kommun-kellgrensgatan-23b-6214034195672321817,77-78m²,bostadsratt,2026-08-28T16:20:48.466397
8810097856485682260,https://www.hemnet.se/salda/lagenhet-3rum-huskvarna-norrangen-jonkopings-kommun-hagstensgatan-5a-8810097856485682260,77-78m²,bostadsratt,2026-08-28T16:20:48.466399
1374124366817718464,https://www.hemnet.se/salda/lagenhet-3rum-havstena-skovde-kommun-havstenavagen-44-1374124366817718464,77-78m²,bostadsratt,2026-08-28T16:20:48.466400
197108661746699724,https://www.hemnet.se/salda/lagenhet-3rum-centrum-gallivare-kommun-lasarettsgatan-40a-197108661746699724,77-78m²,bostadsratt,2026-08-28T16:20:48.466401
727542121013897285,https://www.hemnet.se/salda/lagenhet-3rum-lagavallen-ljungby-kommun-hogarorsgatan-11-727542121013897285,77-78m²,bostadsratt,2026-08-28T16:20:48.466402
8468837664937794936,https://www.hemnet.se/salda/lagenhet-3rum-bredang-malarhojden-stockholms-kommun-algrytebacken-18-8468837664937794936,77-78m²,bostadsratt,2026-08-28T16:20:48.466403
8840483140268901404,https://www.hemnet.se/salda/lagenhet-3rum-centrum-hassleholms-kommun-akaregatan-15c-8840483140268901404,77-78m²,bostadsratt,2026-08-28T16:20:48.466404
4998787669426200141,https://www.hemnet.se/salda/lagenhet-3rum-ostermalm-lulea-kommun-backgatan-10a-4998787669426200141,77-78m²,bostadsratt,2026-08-28T16:20:48.466405
6018917072732077973,https://www.hemnet.se/salda/lagenhet-3rum-huvudsta-solna-kommun-lundagatan-9-6018917072732077973,77-78m²,bostadsratt,2026-08-28T16:20:48.466407
5558835394565008086,https://www.hemnet.se/salda/lagenhet-3rum-aby-molndals-kommun-skrittgatan-2b-5558835394565008086,77-78m²,bostadsratt,2026-08-28T16:20:48.466408
4892173267592546831,https://www.hemnet.se/salda/lagenhet-3rum-soderkulla-malmo-kommun-tornfalksgatan-2b-4892173267592546831,77-78m²,bostadsratt,2026-08-28T16:20:48.466410
2380987313343496914,"https://www.hemnet.se/salda/lagenhet-3,5rum-vastra-skogen-solna-kommun-johan-enbergs-vag-3-2380987313343496914",77-78m²,bostadsratt,2026-08-28T16:20:48.466411
3338799916014481835,https://www.hemnet.se/salda/lagenhet-3rum-ekudden-nacka-kommun-ekuddsvagen-2-3338799916014481835,77-78m²,bostadsratt,2026-08-28T16:20:48.466412
1677470015234687381,https://www.hemnet.se/salda/lagenhet-3rum-billdal-goteborgs-kommun-berghagavagen-22b-1677470015234687381,77-78m²,bostadsratt,2026-08-28T16:20:48.466413
2975562511955844438,https://www.hemnet.se/salda/lagenhet-4rum-ulvsunda-stockholms-kommun-drottningholmsvagen-312-2975562511955844438,77-78m²,bostadsratt,2026-08-28T16:20:48.466414
7840099605406546325,https://www.hemnet.se/salda/lagenhet-2rum-or-sundbybergs-kommun-orsvangen-5-7840099605406546325,77-78m²,bostadsratt,2026-08-28T16:20:48.466418
2173973315960402603,https://www.hemnet.se/salda/lagenhet-3rum-lillhamra-vasteras-kommun-vanortsgatan-1-2173973315960402603,77-78m²,bostadsratt,2026-08-28T16:20:48.466419
1608512340805390386,https://www.hemnet.se/salda/lagenhet-3rum-farsta-stockholms-kommun-forshagagatan-28-1608512340805390386,77-78m²,bostadsratt,2026-08-28T16:20:48.466421
4053332082101790156,https://www.hemnet.se/salda/lagenhet-3rum-sala-backe-uppsala-kommun-murargatan-4c-4053332082101790156,77-78m²,bostadsratt,2026-08-28T16:20:48.466422
794125602172105601,https://www.hemnet.se/salda/lagenhet-3rum-bjorka-odakra-helsingborgs-kommun-tellusgatan-7c-794125602172105601,77-78m²,bostadsratt,2026-08-28T16:20:48.466423
5277619668017934357,https://www.hemnet.se/salda/lagenhet-3rum-stenhagen-vasterviks-kommun-folkparksvagen-21-5277619668017934357,77-78m²,bostadsratt,2026-08-28T16:20:48.466424
79382229023524655,https://www.hemnet.se/salda/lagenhet-3rum-alvsjo-stockholms-kommun-prastgardsgrand-17-79382229023524655,77-78m²,bostadsratt,2026-08-28T16:20:48.466428
4999812283057002319,https://www.hemnet.se/salda/lagenhet-3rum-alvsjo-stockholms-kommun-prastgardsgrand-8-4999812283057002319,77-78m²,bostadsratt,2026-08-28T16:20:48.466429
4837803420792078063,https://www.hemnet.se/salda/lagenhet-3rum-luthagen-uppsala-kommun-hallbygatan-39-4837803420792078063,77-78m²,bostadsratt,2026-08-28T16:20:48.466430
2057817816925131524,https://www.hemnet.se/salda/lagenhet-3rum-gardet-ostermalm-stockholms-kommun-skeppargatan-94-2057817816925131524,77-78m²,bostadsratt,2026-08-28T16:20:48.466432
7118629496546248071,https://www.hemnet.se/salda/lagenhet-3rum-centralt-kopings-kommun-prastgardsgatan-22b-7118629496546248071,77-78m²,bostadsratt,2026-08-28T16:20:48.466433
1954848649585315958,https://www.hemnet.se/salda/lagenhet-3rum-hyllie-malmo-kommun-bures-gata-17a-1954848649585315958,77-78m²,bostadsratt,2026-08-28T16:20:48.466434
2588491747930046787,https://www.hemnet.se/salda/lagenhet-3rum-huvudsta-solna-kommun-jungfrudansen-54-2588491747930046787,77-78m²,bostadsratt,2026-08-28T16:20:48.466435
8694329910967877122,https://www.hemnet.se/salda/lagenhet-4rum-vimpeltorpet-kalmar-kommun-hemvagen-16g-8694329910967877122,77-78m²,bostadsratt,2026-08-28T16:20:48.466436
4984270572089347664,https://www.hemnet.se/salda/lagenhet-3rum-ostermalm-stockholms-kommun-artillerigatan-75-4984270572089347664,77-78m²,bostadsratt,2026-08-28T16:20:48.466438
3341422182448087060,https://www.hemnet.se/salda/lagenhet-3rum-helenelund-sollentuna-kommun-stupvagen-37-3341422182448087060,77-78m²,bostadsratt,2026-08-28T16:20:48.466441
3943562878363216892,https://www.hemnet.se/salda/lagenhet-3rum-ursvik-sundbybergs-kommun-forskningsringen-80-3943562878363216892,77-78m²,bostadsratt,2026-08-28T16:20:48.466442
855658861826126956,https://www.hemnet.se/salda/lagenhet-3rum-ersboda-umea-kommun-ersbodavagen-96-855658861826126956,77-78m²,bostadsratt,2026-08-28T16:20:48.466444
4153910876511020254,https://www.hemnet.se/salda/lagenhet-3rum-vadergatorna-uppsala-kommun-molngatan-16-4153910876511020254,77-78m²,bostadsratt,2026-08-28T16:20:48.466445
1453281955178709410,"https://www.hemnet.se/salda/lagenhet-3,5rum-gustavsberg-kvarnberget-varmdo-kommun-mariaterrassen-1-1453281955178709410",77-78m²,bostadsratt,2026-08-28T16:20:48.466446
1304010971754665050,https://www.hemnet.se/salda/lagenhet-3rum-lomma-lomma-kommun-hojeagatan-105-1304010971754665050,77-78m²,bostadsratt,2026-08-28T16:20:48.466447
4376773137415065660,https://www.hemnet.se/salda/lagenhet-3rum-johanneberg-almedal-goteborgs-kommun-molndalsvagen-87f-4376773137415065660,77-78m²,bostadsratt,2026-08-28T16:20:48.466448
5253058094959839191,https://www.hemnet.se/salda/lagenhet-3rum-vendelso-haninge-kommun-vendelso-skolvag-23-5253058094959839191,77-78m²,bostadsratt,2026-08-28T16:20:48.466450
7774402127590620539,"https://www.hemnet.se/salda/lagenhet-3,5rum-vasterhaninge-haninge-kommun-solhemsvagen-4-7774402127590620539",77-78m²,bostadsratt,2026-08-28T16:20:48.466451
5035075102145845208,https://www.hemnet.se/salda/lagenhet-3rum-masta-eskilstuna-kommun-tomtebogatan-4c-5035075102145845208,77-78m²,bostadsratt,2026-08-28T16:20:48.466452
636095186898438972,https://www.hemnet.se/salda/lagenhet-3rum-brittgarden-tibro-kommun-brittgarden-198-636095186898438972,77-78m²,bostadsratt,2026-08-28T16:20:48.466453
2634207288915951125,https://www.hemnet.se/salda/lagenhet-3rum-mjolkudden-lulea-kommun-munkebergsgatan-48-2634207288915951125,77-78m²,bostadsratt,2026-08-28T16:20:48.466454
6355902434553785079,https://www.hemnet.se/salda/lagenhet-2rum-odenslund-ostersunds-kommun-skolgatan-2-6355902434553785079,77-78m²,bostadsratt,2026-08-28T16:20:48.466455
1074927085010968748,https://www.hemnet.se/salda/lagenhet-3rum-odensala-ostersunds-kommun-vickervagen-24-1074927085010968748,77-78m²,bostadsratt,2026-08-28T16:20:48.466457
9075889754213390377,https://www.hemnet.se/salda/lagenhet-3rum-mjolkudden-munkeberg-lulea-kommun-mjolkuddsvagen-33-9075889754213390377,77-78m²,bostadsratt,2026-08-28T16:20:48.466458
6670051619265797677,https://www.hemnet.se/salda/lagenhet-3rum-tynnered-goteborgs-kommun-turkosgatan-17-6670051619265797677,77-78m²,bostadsratt,2026-08-28T16:20:48.466459
1171780123789135267,https://www.hemnet.se/salda/lagenhet-3rum-surte-ale-kommun-goteborgsvagen-97c-1171780123789135267,77-78m²,bostadsratt,2026-08-28T16:20:48.466460
5107344497919876059,https://www.hemnet.se/salda/lagenhet-3rum-ramlosa-helsingborgs-kommun-harlemans-alle-2-5107344497919876059,77-78m²,bostadsratt,2026-08-28T16:20:48.466464
7736506970948442207,https://www.hemnet.se/salda/lagenhet-3rum-arsta-uppsala-kommun-kamomillgatan-27-7736506970948442207,77-78m²,bostadsratt,2026-08-28T16:20:48.466465
6039858799741802542,https://www.hemnet.se/salda/lagenhet-4rum-kungsberget-sandvikens-kommun-backglantan-17-alanittislingan-17a-6039858799741802542,77-78m²,bostadsratt,2026-08-28T16:20:48.466467
2263557904007113146,https://www.hemnet.se/salda/lagenhet-3rum-centrum-kumla-kommun-vattugatan-14b-2263557904007113146,77-78m²,bostadsratt,2026-08-28T16:20:48.466468
6813898003996476763,https://www.hemnet.se/salda/lagenhet-3rum-solna-karolinska-solna-kommun-solnavagen-13-a-6813898003996476763,77-78m²,bostadsratt,2026-08-28T16:20:48.466469
4800952072212932596,"https://www.hemnet.se/salda/lagenhet-3rum-trosa-trosa-kommun-vinkelgatan-12,-lgh-1201-4800952072212932596",77-78m²,bostadsratt,2026-08-28T16:20:48.466470
7155170104147048957,https://www.hemnet.se/salda/lagenhet-3rum-hyllie-malmo-kommun-ymers-gata-21a-7155170104147048957,77-78m²,bostadsratt,2026-08-28T16:20:48.466471
6099942198700653553,https://www.hemnet.se/salda/lagenhet-3rum-norelund-saffle-kommun-siriusgatan-7d-6099942198700653553,77-78m²,bostadsratt,2026-08-28T16:20:48.466473
6097087469082384677,https://www.hemnet.se/salda/lagenhet-3rum-centrala-vasby-upplands-vasby-kommun-centralvagen-15-6097087469082384677,77-78m²,bostadsratt,2026-08-28T16:20:48.466474
8088326360288851835,"https://www.hemnet.se/salda/lagenhet-3rum-arsta-stockholms-kommun-ottsjovagen-25,-3-tr-8088326360288851835",77-78m²,bostadsratt,2026-08-28T16:20:48.466475
2864602222149726010,https://www.hemnet.se/salda/lagenhet-3rum-arsta-uppsala-kommun-grasloksgatan-4-2864602222149726010,77-78m²,bostadsratt,2026-08-28T16:20:48.466476
5568231077448621538,https://www.hemnet.se/salda/lagenhet-3rum-trangsund-huddinge-kommun-tornslingan-22-5568231077448621538,77-78m²,bostadsratt,2026-08-28T16:20:48.466477
5169147586766445869,https://www.hemnet.se/salda/lagenhet-3rum-finspang-finspangs-kommun-norra-storangsvagen-26a-5169147586766445869,77-78m²,bostadsratt,2026-08-28T16:20:48.466478
3370752883007121151,https://www.hemnet.se/salda/lagenhet-3rum-orgryte-bo-goteborgs-kommun-goketorpsgatan-28a-3370752883007121151,77-78m²,bostadsratt,2026-08-28T16:20:48.466480
1896335530843665252,https://www.hemnet.se/salda/lagenhet-3rum-mjolkudden-lulea-kommun-munkebergsgatan-42-1896335530843665252,77-78m²,bostadsratt,2026-08-28T16:20:48.466481
7607347944363287318,https://www.hemnet.se/salda/lagenhet-3rum-centralt-norrkopings-kommun-luntgatan-12d-7607347944363287318,77-78m²,bostadsratt,2026-08-28T16:20:48.466484
6645487839330236978,https://www.hemnet.se/salda/lagenhet-3rum-bankeryd-jonkopings-kommun-sjoakravagen-44c-6645487839330236978,77-78m²,bostadsratt,2026-08-28T16:20:48.466486
4570650717351820409,https://www.hemnet.se/salda/lagenhet-3rum-mjolkudden-lulea-kommun-mjolkuddsvagen-45-4570650717351820409,77-78m²,bostadsratt,2026-08-28T16:20:48.466487
1613300194786177318,https://www.hemnet.se/salda/lagenhet-3rum-centralt-vanersborgs-kommun-hamngatan-5a-1613300194786177318,77-78m²,bostadsratt,2026-08-28T16:20:48.466488
8290755700114639586,https://www.hemnet.se/salda/lagenhet-2rum-ostermalm-stockholms-kommun-skeppargatan-72-8290755700114639586,77-78m²,bostadsratt,2026-08-28T16:20:48.466489
5315372205459542093,https://www.hemnet.se/salda/lagenhet-3rum-farsta-stockholms-kommun-forshagagatan-12-5315372205459542093,77-78m²,bostadsratt,2026-08-28T16:20:48.466490
7547671266473051841,https://www.hemnet.se/salda/lagenhet-3rum-bodal-lidingo-kommun-bodalsvagen-20-7547671266473051841,77-78m²,bostadsratt,2026-08-28T16:20:48.466491
310317865195582870,https://www.hemnet.se/salda/lagenhet-3rum-arsta-uppsala-kommun-kamomillgatan-26-310317865195582870,77-78m²,bostadsratt,2026-08-28T16:20:48.466493
3055117415136496522,https://www.hemnet.se/salda/lagenhet-4rum-virentofta-malmo-kommun-klagerupsvagen-325d-3055117415136496522,77-78m²,bostadsratt,2026-08-28T16:20:48.466494
337711354155739224,https://www.hemnet.se/salda/lagenhet-3rum-farsta-stockholms-kommun-varmlandsvagen-269-337711354155739224,77-78m²,bostadsratt,2026-08-28T16:20:48.466495
9077396673781922001,https://www.hemnet.se/salda/lagenhet-3rum-oster-hudiksvall-hudiksvalls-kommun-fiskebyvagen-4b-9077396673781922001,77-78m²,bostadsratt,2026-08-28T16:20:48.466498
5417207973057132095,https://www.hemnet.se/salda/lagenhet-3rum-visby-innerstad-gotlands-kommun-sodra-kyrkogatan-7-5417207973057132095,77-78m²,bostadsratt,2026-08-28T16:20:48.466500
7265139027620071610,https://www.hemnet.se/salda/lagenhet-3rum-kabo-uppsala-kommun-prefektgatan-8-7265139027620071610,77-78m²,bostadsratt,2026-08-28T16:20:48.466501
3662811040770591254,https://www.hemnet.se/salda/lagenhet-3rum-tureberg-sollentuna-kommun-engelbrekts-vag-16-3662811040770591254,77-78m²,bostadsratt,2026-08-28T16:20:48.466502
6228016602904215906,https://www.hemnet.se/salda/lagenhet-3rum-soderkulla-malmo-kommun-tornfalksgatan-4a-6228016602904215906,77-78m²,bostadsratt,2026-08-28T16:20:48.466504
6947245348735024803,https://www.hemnet.se/salda/lagenhet-3rum-kvarngardet-uppsala-kommun-rabyvagen-26-6947245348735024803,77-78m²,bostadsratt,2026-08-28T16:20:48.466507
4337538310692107446,https://www.hemnet.se/salda/lagenhet-3rum-toltorpsdalen-molndals-kommun-toltorpsgatan-137-4337538310692107446,77-78m²,bostadsratt,2026-08-28T16:20:48.466508
6405948456973865753,https://www.hemnet.se/salda/lagenhet-3rum-viksang-vasteras-kommun-regementsgatan-14-6405948456973865753,77-78m²,bostadsratt,2026-08-28T16:20:48.466510
7996036901828278812,https://www.hemnet.se/salda/lagenhet-3rum-t1-centralt-linkopings-kommun-fridtunagatan-5-7996036901828278812,77-78m²,bostadsratt,2026-08-28T16:20:48.466511
2598691434867173485,https://www.hemnet.se/salda/lagenhet-3rum-eriksberg-goteborgs-kommun-bratterasgatan-40-2598691434867173485,77-78m²,bostadsratt,2026-08-28T16:20:48.466512
1843510914698337466,https://www.hemnet.se/salda/lagenhet-3rum-brunflo-ostersunds-kommun-sofiavagen-9f-1843510914698337466,77-78m²,bostadsratt,2026-08-28T16:20:48.466513
2455988037938851705,https://www.hemnet.se/salda/lagenhet-3rum-aby-molndals-kommun-ponnygatan-2d-2455988037938851705,77-78m²,bostadsratt,2026-08-28T16:20:48.466514
8189319157428021064,https://www.hemnet.se/salda/lagenhet-3rum-aseastan-vasteras-kommun-rotorvagen-4-8189319157428021064,77-78m²,bostadsratt,2026-08-28T16:20:48.466516
3323149394633930224,https://www.hemnet.se/salda/lagenhet-2rum-centrum-uppsala-kommun-hoganasgatan-2d-3323149394633930224,77-78m²,bostadsratt,2026-08-28T16:20:48.466517
6990321719093934505,https://www.hemnet.se/salda/lagenhet-3rum-centralt-eslovs-kommun-vangavagen-34-6990321719093934505,77-78m²,bostadsratt,2026-08-28T16:20:48.466518
1113829138659710307,https://www.hemnet.se/salda/lagenhet-3rum-askim-goteborgs-kommun-kungagardsangen-4-1113829138659710307,77-78m²,bostadsratt,2026-08-28T16:20:48.466519
4201519203952196585,https://www.hemnet.se/salda/lagenhet-3rum-vasastaden-goteborgs-kommun-aschebergsgatan-11a-4201519203952196585,77-78m²,bostadsratt,2026-08-28T16:20:48.466520
5488969653831823976,"https://www.hemnet.se/salda/lagenhet-3,5rum-vasterhaninge-haninge-kommun-solhemsvagen-3-5488969653831823976",77-78m²,bostadsratt,2026-08-28T16:20:48.466522
3365059194611380584,https://www.hemnet.se/salda/lagenhet-3rum-torsvik-herserud-lidingo-kommun-siggebovagen-5-3365059194611380584,77-78m²,bostadsratt,2026-08-28T16:20:48.466523
2455716651052396051,https://www.hemnet.se/salda/lagenhet-3rum-norra-luthagen-uppsala-kommun-gimogatan-13d-2455716651052396051,77-78m²,bostadsratt,2026-08-28T16:20:48.466524
12064456529717597,https://www.hemnet.se/salda/lagenhet-3rum-ronnby-vasteras-kommun-slaggkastargatan-11-12064456529717597,77-78m²,bostadsratt,2026-08-28T16:20:48.466525
2322770585700707673,https://www.hemnet.se/salda/lagenhet-3rum-malmo-malmo-kommun-elsa-anderssons-gata-15d-2322770585700707673,77-78m²,bostadsratt,2026-08-28T16:20:48.466526
1731234191542328912,"https://www.hemnet.se/salda/lagenhet-3,5rum-hammarbyhojden-stockholms-kommun-sten-bergmans-vag-5-1731234191542328912",77-78m²,bostadsratt,2026-08-28T16:20:48.466533
4185342753770899438,https://www.hemnet.se/salda/lagenhet-3rum-bettorp-orebro-kommun-kornellvagen-12-4185342753770899438,77-78m²,bostadsratt,2026-08-28T16:20:48.466535
1294799355425520896,https://www.hemnet.se/salda/lagenhet-3rum-grashagen-jonkopings-kommun-stragatan-15-1294799355425520896,77-78m²,bostadsratt,2026-08-28T16:20:48.466536
7681097441661973106,"https://www.hemnet.se/salda/lagenhet-2,5rum-furulund-partille-kommun-bjorndammsterrassen-43-7681097441661973106",77-78m²,bostadsratt,2026-08-28T16:20:48.466537
7991757741483899273,https://www.hemnet.se/salda/lagenhet-3rum-s-t-ilian-enkopings-kommun-radmansgatan-10b-7991757741483899273,77-78m²,bostadsratt,2026-08-28T16:20:48.466541
4158577228693740309,"https://www.hemnet.se/salda/lagenhet-3rum-sodermalm-stockholms-kommun-tullgardsgatan-14,-8-tr-4158577228693740309",77-78m²,bostadsratt,2026-08-28T16:20:48.466542
726312951433999473,https://www.hemnet.se/salda/lagenhet-3rum-adolfsberg-orebro-kommun-mosasvagen-62-726312951433999473,77-78m²,bostadsratt,2026-08-28T16:20:48.466543
6980535884304802292,https://www.hemnet.se/salda/lagenhet-3rum-stockholm-stockholms-kommun-forskeppsgatan-3-6980535884304802292,77-78m²,bostadsratt,2026-08-28T16:20:48.466544
455634545958269843,https://www.hemnet.se/salda/lagenhet-3rum-alphyddan-nacka-kommun-alphyddevagen-35-455634545958269843,77-78m²,bostadsratt,2026-08-28T16:20:48.466546
6065344089077168796,https://www.hemnet.se/salda/lagenhet-3rum-sundsvall-granlo-sundsvalls-kommun-muninvagen-2-6065344089077168796,77-78m²,bostadsratt,2026-08-28T16:20:48.466547
455914221230722992,https://www.hemnet.se/salda/lagenhet-3rum-vasastan-stockholms-kommun-hagagatan-17g-455914221230722992,77-78m²,bostadsratt,2026-08-28T16:20:48.466548
1494053369917726162,https://www.hemnet.se/salda/lagenhet-2rum-kungshojd-goteborgs-kommun-kungshojdsgatan-11a-1494053369917726162,77-78m²,bostadsratt,2026-08-28T16:20:48.466549
6431109512200765402,https://www.hemnet.se/salda/lagenhet-3rum-ribersborg-malmo-kommun-ola-hanssonsgatan-8a-6431109512200765402,77-78m²,bostadsratt,2026-08-28T16:20:48.466550
7618073512772159440,https://www.hemnet.se/salda/lagenhet-3rum-hagernas-taby-kommun-radarvagen-20-7618073512772159440,77-78m²,bostadsratt,2026-08-28T16:20:48.466551
8091056732014501240,https://www.hemnet.se/salda/lagenhet-3rum-herrhagen-karlstads-kommun-varmlandsgatan-10-8091056732014501240,77-78m²,bostadsratt,2026-08-28T16:20:48.466553
8869797994615621636,https://www.hemnet.se/salda/lagenhet-3rum-hagerstensasen-stockholms-kommun-dymlingsgrand-11-8869797994615621636,77-78m²,bostadsratt,2026-08-28T16:20:48.466554
7715984657362363919,https://www.hemnet.se/salda/lagenhet-3rum-ronnby-vasteras-kommun-slaggkastargatan-16-7715984657362363919,77-78m²,bostadsratt,2026-08-28T16:20:48.466555
657012522457897284,https://www.hemnet.se/salda/lagenhet-3rum-husie-malmo-kommun-klagerupsvagen-323b-657012522457897284,77-78m²,bostadsratt,2026-08-28T16:20:48.466556
2460805569176796141,https://www.hemnet.se/salda/lagenhet-3rum-bulltofta-malmo-kommun-elsa-anderssons-gata-2b-2460805569176796141,77-78m²,bostadsratt,2026-08-28T16:20:48.466557
4076662464845721041,https://www.hemnet.se/salda/lagenhet-3rum-porslinskvarteren-varmdo-kommun-wilhelm-kages-gata-64-b-4076662464845721041,77-78m²,bostadsratt,2026-08-28T16:20:48.466559
3151183990181001083,https://www.hemnet.se/salda/lagenhet-3rum-liljeholmen-stockholms-kommun-rosterigrand-3-3151183990181001083,77-78m²,bostadsratt,2026-08-28T16:20:48.466560
6926990866274712601,https://www.hemnet.se/salda/lagenhet-3rum-vilboken-olofstroms-kommun-vilboksvagen-17c-6926990866274712601,77-78m²,bostadsratt,2026-08-28T16:20:48.466561
2826881485742136912,https://www.hemnet.se/salda/lagenhet-3rum-centralt-gislaveds-kommun-paradisgatan-21e-2826881485742136912,77-78m²,bostadsratt,2026-08-28T16:20:48.466562
2212624276554715454,"https://www.hemnet.se/salda/lagenhet-3rum-vasastan-stockholms-kommun-hagagatan-15g,-2tr-2212624276554715454",77-78m²,bostadsratt,2026-08-28T16:20:48.466563
130361473742959718,https://www.hemnet.se/salda/lagenhet-3rum-gardet-stockholms-kommun-furusundsgatan-16-130361473742959718,77-78m²,bostadsratt,2026-08-28T16:20:48.466565
6628282470477877403,https://www.hemnet.se/salda/lagenhet-3rum-eriksberg-goteborgs-kommun-bratterasgatan-40-6628282470477877403,77-78m²,bostadsratt,2026-08-28T16:20:48.466566
1224764227287986382,"https://www.hemnet.se/salda/lagenhet-2rum-gustavsberg-holmviksskogen-varmdo-kommun-bergmossevagen-23,-vaning-3-1224764227287986382",77-78m²,bostadsratt,2026-08-28T16:20:48.466567
1204671739199654522,"https://www.hemnet.se/salda/lagenhet-3,5rum-falhagen-uppsala-kommun-falhagsleden-2d-1204671739199654522",77-78m²,bostadsratt,2026-08-28T16:20:48.466568
6341829335067356817,https://www.hemnet.se/salda/lagenhet-4rum-bromma-annedal-stockholms-kommun-tappvagen-35-6341829335067356817,77-78m²,bostadsratt,2026-08-28T16:20:48.466570
898675740681491809,"https://www.hemnet.se/salda/lagenhet-3rum-frosunda-solna-kommun-gustav-iii-s-boulevard-105,-4-tr-898675740681491809",77-78m²,bostadsratt,2026-08-28T16:20:48.466573
1795225260699774483,https://www.hemnet.se/salda/lagenhet-3rum-sodra-soderhamn-soderhamns-kommun-abraham-backgatan-16-1795225260699774483,77-78m²,bostadsratt,2026-08-28T16:20:48.466575
4658957219173317440,https://www.hemnet.se/salda/lagenhet-3rum-vastra-skogen-solna-kommun-johan-enbergs-vag-19-4658957219173317440,77-78m²,bostadsratt,2026-08-28T16:20:48.466579
4294323445767661726,https://www.hemnet.se/salda/lagenhet-3rum-roback-umea-kommun-paletavagen-79-4294323445767661726,77-78m²,bostadsratt,2026-08-28T16:20:48.466580
6473234525722001424,https://www.hemnet.se/salda/lagenhet-4rum-ostermalm-stockholms-kommun-kommendorsgatan-4-6473234525722001424,77-78m²,bostadsratt,2026-08-28T16:20:48.466581
515024393993946074,https://www.hemnet.se/salda/lagenhet-3rum-hallsberg-hallsbergs-kommun-nygatan-3a-515024393993946074,77-78m²,bostadsratt,2026-08-28T16:20:48.466582
200381928752212568,https://www.hemnet.se/salda/lagenhet-3rum-torslanda-centralt-goteborgs-kommun-gamla-tumlehedsvagen-7-200381928752212568,77-78m²,bostadsratt,2026-08-28T16:20:48.466584
5733692804539826957,https://www.hemnet.se/salda/lagenhet-3rum-enskede-stockholms-kommun-tussmotevagen-134a-5733692804539826957,77-78m²,bostadsratt,2026-08-28T16:20:48.466585
759300536501755449,https://www.hemnet.se/salda/lagenhet-3rum-limhamns-sjostad-malmo-kommun-glasbrukskajen-2c-759300536501755449,77-78m²,bostadsratt,2026-08-28T16:20:48.466586
1868540080280988989,https://www.hemnet.se/salda/lagenhet-3rum-gamla-ostberga-stureby-stockholms-kommun-stamgatan-89-1868540080280988989,77-78m²,bostadsratt,2026-08-28T16:20:48.466587
7122738419825476224,https://www.hemnet.se/salda/lagenhet-3rum-eriksberg-goteborgs-kommun-bratterasgatan-40-7122738419825476224,77-78m²,bostadsratt,2026-08-28T16:20:48.466588
1170526763050876332,https://www.hemnet.se/salda/lagenhet-3rum-tuletorget-sundbybergs-kommun-tulegatan-5-1170526763050876332,77-78m²,bostadsratt,2026-08-28T16:20:48.466589
2858859996162590286,https://www.hemnet.se/salda/lagenhet-3rum-vast-pa-stan-umea-kommun-ostra-brinkvagen-43-2858859996162590286,77-78m²,bostadsratt,2026-08-28T16:20:48.466591
2707602817697829743,"https://www.hemnet.se/salda/lagenhet-3rum-hammarby-sjostad-stockholms-kommun-hammarby-alle-11,-7tr-2707602817697829743",77-78m²,bostadsratt,2026-08-28T16:20:48.466592
5631620103455547641,https://www.hemnet.se/salda/lagenhet-3rum-romme-borlange-kommun-stackvagen-3b-5631620103455547641,77-78m²,bostadsratt,2026-08-28T16:20:48.466593
3370817155064851109,https://www.hemnet.se/salda/lagenhet-3rum-tyreso-tyreso-kommun-tidvattengatan-19-3370817155064851109,77-78m²,bostadsratt,2026-08-28T16:20:48.466594
1872687033959255665,https://www.hemnet.se/salda/lagenhet-3rum-vasastan-stockholms-kommun-tulegatan-21-1872687033959255665,77-78m²,bostadsratt,2026-08-28T16:20:48.466596
98196503158812602,https://www.hemnet.se/salda/lagenhet-3rum-saltsjobaden-ljuskarrsberget-nacka-kommun-ljuskarrsvagen-100-98196503158812602,77-78m²,bostadsratt,2026-08-28T16:20:48.466599
1056037471925083028,https://www.hemnet.se/salda/lagenhet-3rum-billdal-goteborgs-kommun-berghagagangen-1a-1056037471925083028,77-78m²,bostadsratt,2026-08-28T16:20:48.466601
6448478795521591362,https://www.hemnet.se/salda/lagenhet-3rum-furulund-partille-kommun-hyggesvagen-2-6448478795521591362,77-78m²,bostadsratt,2026-08-28T16:20:48.466602
7226009694620334369,https://www.hemnet.se/salda/lagenhet-3rum-kallhall-jarfalla-kommun-kopparvagen-43-7226009694620334369,77-78m²,bostadsratt,2026-08-28T16:20:48.466603
8105175829086034331,https://www.hemnet.se/salda/lagenhet-2rum-orbyhus-tierps-kommun-gyllbyvagen-10f-8105175829086034331,77-78m²,bostadsratt,2026-08-28T16:20:48.466604
7116294246346245005,https://www.hemnet.se/salda/lagenhet-3rum-centrala-sodertalje-sodertalje-kommun-lovisinsgatan-7-7116294246346245005,77-78m²,bostadsratt,2026-08-28T16:20:48.466605
8495754065682370885,https://www.hemnet.se/salda/lagenhet-3rum-tuna-backar-uppsala-kommun-tunagatan-7c-8495754065682370885,77-78m²,bostadsratt,2026-08-28T16:20:48.466606
3388548917702735936,https://www.hemnet.se/salda/lagenhet-3rum-lillangshamnen-hammaro-kommun-tallvagen-10-3388548917702735936,77-78m²,bostadsratt,2026-08-28T16:20:48.466608
8457665213329171978,https://www.hemnet.se/salda/lagenhet-3rum-huskvarna-centrum-jonkopings-kommun-mastaregatan-9-8457665213329171978,77-78m²,bostadsratt,2026-08-28T16:20:48.466609
703773259837334993,https://www.hemnet.se/salda/lagenhet-3rum-soderhamn-centrum-soderhamns-kommun-grengatan-2a-703773259837334993,77-78m²,bostadsratt,2026-08-28T16:20:48.466613
223008714845431665,"https://www.hemnet.se/salda/lagenhet-3rum-vasastan-birkastan-stockholms-kommun-rorstrandsgatan-36a,-over-gard-223008714845431665",77-78m²,bostadsratt,2026-08-28T16:20:48.466614
1047659080070783021,https://www.hemnet.se/salda/lagenhet-4rum-almhog-malmo-kommun-solvandestigen-7a-1047659080070783021,77-78m²,bostadsratt,2026-08-28T16:20:48.466615
1831834877871405464,"https://www.hemnet.se/salda/lagenhet-3,5rum-viksang-vasteras-kommun-regementsgatan-24-1831834877871405464",77-78m²,bostadsratt,2026-08-28T16:20:48.466617
1116526982376059714,"https://www.hemnet.se/salda/lagenhet-2rum-bohuslan-stromstads-kommun-strandpromenaden-9,-stromstad-1116526982376059714",77-78m²,bostadsratt,2026-08-28T16:20:48.466618
5091014319187770051,https://www.hemnet.se/salda/lagenhet-3rum-korsta-sundsvalls-kommun-korstavagen-4-a-5091014319187770051,77-78m²,bostadsratt,2026-08-28T16:20:48.466619
167604616518944252,https://www.hemnet.se/salda/lagenhet-3rum-medvaga-borlange-kommun-uppfartsvagen-12g-167604616518944252,77-78m²,bostadsratt,2026-08-28T16:20:48.466620
237759342990308382,https://www.hemnet.se/salda/lagenhet-3rum-sundsta-norrstrand-karlstads-kommun-tolvmansgatan-15-237759342990308382,77-78m²,bostadsratt,2026-08-28T16:20:48.466621
626925265718240331,"https://www.hemnet.se/salda/lagenhet-2,5rum-huvudsta-solna-kommun-polhemsgatan-1-626925265718240331",77-78m²,bostadsratt,2026-08-28T16:20:48.466625
775217371933545758,"https://www.hemnet.se/salda/lagenhet-3rum-vasterhaninge-aby-haninge-kommun-ringvagen-140,-2-tr-775217371933545758",77-78m²,bostadsratt,2026-08-28T16:20:48.466626
2149847283634128949,https://www.hemnet.se/salda/lagenhet-4rum-centrum-eslovs-kommun-vangavagen-34-2149847283634128949,77-78m²,bostadsratt,2026-08-28T16:20:48.466627
1775362683180608896,https://www.hemnet.se/salda/lagenhet-3rum-barslov-helsingborgs-kommun-fyrhogagatan-3-1775362683180608896,77-78m²,bostadsratt,2026-08-28T16:20:48.466629
3387509734457920403,https://www.hemnet.se/salda/lagenhet-3rum-malmaberg-vasteras-kommun-gunnilbogatan-18e-3387509734457920403,77-78m²,bostadsratt,2026-08-28T16:20:48.466630
7670380907111367658,https://www.hemnet.se/salda/lagenhet-3rum-linero-lunds-kommun-kampagranden-21a-7670380907111367658,77-78m²,bostadsratt,2026-08-28T16:20:48.466631
1598841540740256037,https://www.hemnet.se/salda/lagenhet-3rum-savja-uppsala-kommun-blekingevagen-9-1598841540740256037,77-78m²,bostadsratt,2026-08-28T16:20:48.466632
5542198973855900514,https://www.hemnet.se/salda/lagenhet-3rum-hornstull-hogalid-stockholms-kommun-lindvallsplan-4-5542198973855900514,77-78m²,bostadsratt,2026-08-28T16:20:48.466633
7511087048159301545,"https://www.hemnet.se/salda/lagenhet-3rum-liljeholmskajen-stockholms-kommun-sjoviksvagen-81,-1-tr-7511087048159301545",77-78m²,bostadsratt,2026-08-28T16:20:48.466634
672252150821782313,https://www.hemnet.se/salda/lagenhet-3rum-alno-sundsvalls-kommun-ekvagen-9-672252150821782313,77-78m²,bostadsratt,2026-08-28T16:20:48.466636
5016556225125433220,https://www.hemnet.se/salda/lagenhet-3rum-lomma-hamn-lomma-kommun-sjogatan-4-5016556225125433220,77-78m²,bostadsratt,2026-08-28T16:20:48.466637
2771520919001477028,https://www.hemnet.se/salda/lagenhet-3rum-skogalund-nacka-kommun-klyvarevagen-42-c-2771520919001477028,77-78m²,bostadsratt,2026-08-28T16:20:48.466638
5103253000273867661,https://www.hemnet.se/salda/lagenhet-3rum-balsby-kristianstads-kommun-segrells-vag-4a-5103253000273867661,77-78m²,bostadsratt,2026-08-28T16:20:48.466639
582076220271975460,https://www.hemnet.se/salda/lagenhet-3rum-akersberga-centralt-osterakers-kommun-bergaparksvagen-40-582076220271975460,77-78m²,bostadsratt,2026-08-28T16:20:48.466641
465371549474348060,https://www.hemnet.se/salda/lagenhet-3rum-segeltorp-huddinge-kommun-visirvagen-10-465371549474348060,77-78m²,bostadsratt,2026-08-28T16:20:48.466642
8332158643429588347,https://www.hemnet.se/salda/lagenhet-4rum-bydalen-are-kommun-hovde-228b-8332158643429588347,77-78m²,bostadsratt,2026-08-28T16:20:48.466643
4634869782093460713,https://www.hemnet.se/salda/lagenhet-2rum-centralt-vagnharad-trosa-kommun-odesbyvagen-16-1201-4634869782093460713,77-78m²,bostadsratt,2026-08-28T16:20:48.466644
9202146199318237189,https://www.hemnet.se/salda/lagenhet-3rum-edvinshem-ystads-kommun-malmovagen-13b-9202146199318237189,77-78m²,bostadsratt,2026-08-28T16:20:48.466648
8435164293378623619,https://www.hemnet.se/salda/lagenhet-3rum-eriksberg-goteborgs-kommun-bratterasgatan-40-8435164293378623619,77-78m²,bostadsratt,2026-08-28T16:20:48.466649
123724302139489647,https://www.hemnet.se/salda/lagenhet-2rum-dalby-lunds-kommun-hallestadsvagen-8b-123724302139489647,77-78m²,bostadsratt,2026-08-28T16:20:48.466650
3078311633606965429,https://www.hemnet.se/salda/lagenhet-3rum-ursviken-skelleftea-kommun-vanskapsgatan-92-3078311633606965429,77-78m²,bostadsratt,2026-08-28T16:20:48.466651
4383966036604537801,https://www.hemnet.se/salda/lagenhet-3rum-blasut-stockholms-kommun-sofielundsvagen-5-4383966036604537801,77-78m²,bostadsratt,2026-08-28T16:20:48.466653
7158831585137741018,https://www.hemnet.se/salda/lagenhet-3rum-mjolby-mjolby-kommun-kungsvagen-73-7158831585137741018,77-78m²,bostadsratt,2026-08-28T16:20:48.466654
2708122662223720274,https://www.hemnet.se/salda/lagenhet-3rum-hammarby-sjostad-stockholms-kommun-fredriksdalsgatan-12-2708122662223720274,77-78m²,bostadsratt,2026-08-28T16:20:48.466655
3875212397758377533,https://www.hemnet.se/salda/lagenhet-3rum-soder-hasthaga-varbergs-kommun-granitvagen-22b-3875212397758377533,77-78m²,bostadsratt,2026-08-28T16:20:48.466656
6718754497374978616,https://www.hemnet.se/salda/lagenhet-3rum-hokarangen-stockholms-kommun-pepparvagen-60-6718754497374978616,77-78m²,bostadsratt,2026-08-28T16:20:48.466657
5717881344111076486,https://www.hemnet.se/salda/lagenhet-2rum-onsjo-vanersborgs-kommun-slattergatan-67-5717881344111076486,77-78m²,bostadsratt,2026-08-28T16:20:48.466659
1635314355758904499,"https://www.hemnet.se/salda/lagenhet-4rum-vik-simrishamns-kommun-williams-vag-17a-andel-nr,-6-1635314355758904499",77-78m²,bostadsratt,2026-08-28T16:20:48.466660
5102109493287101097,https://www.hemnet.se/salda/lagenhet-3rum-vallen-vaxjo-kommun-sjovallavagen-14-5102109493287101097,77-78m²,bostadsratt,2026-08-28T16:20:48.466661
2751043506107169252,https://www.hemnet.se/salda/lagenhet-3rum-bromma-nockebyhov-stockholms-kommun-nockeby-backe-2e-2751043506107169252,77-78m²,bostadsratt,2026-08-28T16:20:48.466663
4580593195701712741,https://www.hemnet.se/salda/lagenhet-3rum-centralt-ornskoldsvik-ornskoldsviks-kommun-nygatan-45-4580593195701712741,77-78m²,bostadsratt,2026-08-28T16:20:48.466664
7785531075659714739,https://www.hemnet.se/salda/lagenhet-4rum-granby-uppsala-kommun-dimgatan-4-7785531075659714739,77-78m²,bostadsratt,2026-08-28T16:20:48.466665
1281150481358126002,"https://www.hemnet.se/salda/lagenhet-3rum-midsommarkransen-telefonplan-stockholms-kommun-cedergrensvagen-4,-van-3-1281150481358126002",77-78m²,bostadsratt,2026-08-28T16:20:48.466669
9218804886176150375,https://www.hemnet.se/salda/lagenhet-3rum-vanersborg-vanersborgs-kommun-stadsgardsvagen-12-9218804886176150375,77-78m²,bostadsratt,2026-08-28T16:20:48.466670
2257597657863751981,https://www.hemnet.se/salda/lagenhet-3rum-centrala-sodertalje-sodertalje-kommun-karlslundsgatan-18-2257597657863751981,77-78m²,bostadsratt,2026-08-28T16:20:48.466671
4197218816208586790,https://www.hemnet.se/salda/lagenhet-3rum-mullsjo-mullsjo-kommun-larkgatan-1-4197218816208586790,77-78m²,bostadsratt,2026-08-28T16:20:48.466672
935192355696435265,https://www.hemnet.se/salda/lagenhet-3rum-kolmarden-norrkopings-kommun-kalkugnsvagen-5-935192355696435265,77-78m²,bostadsratt,2026-08-28T16:20:48.466673
5311612405287257178,https://www.hemnet.se/salda/lagenhet-3rum-sodertalje-sodertalje-kommun-mariekallgatan-32b-5311612405287257178,77-78m²,bostadsratt,2026-08-28T16:20:48.466675
6141057476597744907,https://www.hemnet.se/salda/lagenhet-3rum-vallentuna-vallentuna-kommun-sommarvagen-19-6141057476597744907,77-78m²,bostadsratt,2026-08-28T16:20:48.466676
2163017564082520732,https://www.hemnet.se/salda/lagenhet-3rum-ursviken-skelleftea-kommun-vanskapsgatan-129-2163017564082520732,77-78m²,bostadsratt,2026-08-28T16:20:48.466677
7995721758711575164,https://www.hemnet.se/salda/lagenhet-3rum-hagernas-taby-kommun-radarvagen-20-7995721758711575164,77-78m²,bostadsratt,2026-08-28T16:20:48.466678
5379030594460231109,https://www.hemnet.se/salda/lagenhet-3rum-rasunda-solna-kommun-lovgatan-68-5379030594460231109,77-78m²,bostadsratt,2026-08-28T16:20:48.466679
980917656497513264,https://www.hemnet.se/salda/lagenhet-3rum-hammarby-sjostad-stockholms-kommun-heliosgatan-10b-980917656497513264,77-78m²,bostadsratt,2026-08-28T16:20:48.466680
4975634789380665918,https://www.hemnet.se/salda/lagenhet-3rum-sodra-lindhult-orebro-kommun-norra-belltorpsvagen-23-4975634789380665918,77-78m²,bostadsratt,2026-08-28T16:20:48.466684
1747716591911195411,https://www.hemnet.se/salda/lagenhet-3rum-hammarby-sjostad-stockholms-kommun-heliosgatan-10b-1747716591911195411,77-78m²,bostadsratt,2026-08-28T16:20:48.466685
8961534706524248018,https://www.hemnet.se/salda/lagenhet-3rum-alphyddan-nacka-kommun-alphyddevagen-33-8961534706524248018,77-78m²,bostadsratt,2026-08-28T16:20:48.466687
3153570577078067654,https://www.hemnet.se/salda/lagenhet-4rum-kurverod-uddevalla-kommun-fredagsvagen-55-3153570577078067654,77-78m²,bostadsratt,2026-08-28T16:20:48.466688
2886762033114942211,"https://www.hemnet.se/salda/lagenhet-3rum-fisksatra-nacka-kommun-fisksatravagen-28a,-lgh-11402-2886762033114942211",77-78m²,bostadsratt,2026-08-28T16:20:48.466691
7784941885324505458,https://www.hemnet.se/salda/lagenhet-3rum-malarhojden-stockholms-kommun-sexstyversgrand-3a-7784941885324505458,77-78m²,bostadsratt,2026-08-28T16:20:48.466693
5034689343164220650,https://www.hemnet.se/salda/lagenhet-3rum-brunflo-ostersunds-kommun-gransvagen-8b-5034689343164220650,77-78m²,bostadsratt,2026-08-28T16:20:48.466694
7183696092115948687,https://www.hemnet.se/salda/lagenhet-3rum-staffanstorp-staffanstorps-kommun-strindbergs-vag-3-c-7183696092115948687,77-78m²,bostadsratt,2026-08-28T16:20:48.466695
4838606144215732110,https://www.hemnet.se/salda/lagenhet-3rum-bromma-nockebyhov-stockholms-kommun-nockeby-backe-6-4838606144215732110,77-78m²,bostadsratt,2026-08-28T16:20:48.466696
8382279168082871710,"https://www.hemnet.se/salda/lagenhet-3rum-vastra-skogen-solna-kommun-johan-enbergs-vag-7,-van-8-8382279168082871710",77-78m²,bostadsratt,2026-08-28T16:20:48.466697
4147417449364061153,https://www.hemnet.se/salda/lagenhet-3rum-silverdal-sollentuna-kommun-krogers-promenad-13-4147417449364061153,77-78m²,bostadsratt,2026-08-28T16:20:48.466699
2250818360968852204,https://www.hemnet.se/salda/lagenhet-3rum-rosenlund-sodertalje-kommun-rosenhojdsvagen-19-2250818360968852204,77-78m²,bostadsratt,2026-08-28T16:20:48.466700
6830617898039056392,https://www.hemnet.se/salda/lagenhet-3rum-brynas-gavle-kommun-hillmansgatan-18b-6830617898039056392,77-78m²,bostadsratt,2026-08-28T16:20:48.466701
1636789456873650313,https://www.hemnet.se/salda/lagenhet-3rum-vastra-skogen-solna-kommun-armegatan-36f-1636789456873650313,77-78m²,bostadsratt,2026-08-28T16:20:48.466702
362034772578679721,https://www.hemnet.se/salda/lagenhet-3rum-upplands-vasby-upplands-vasby-kommun-centralvagen-13-362034772578679721,77-78m²,bostadsratt,2026-08-28T16:20:48.466704
8962230708819145622,https://www.hemnet.se/salda/lagenhet-3rum-kviberg-goteborgs-kommun-soldathemsgatan-4-8962230708819145622,77-78m²,bostadsratt,2026-08-28T16:20:48.466705
1840960381958385025,https://www.hemnet.se/salda/lagenhet-4rum-kungsberget-sandvikens-kommun-backglantan-21-alanittislingan-15a-1840960381958385025,77-78m²,bostadsratt,2026-08-28T16:20:48.466706
8667273885441421706,https://www.hemnet.se/salda/lagenhet-3rum-tyringe-hassleholms-kommun-stenbocksgatan-15a-8667273885441421706,77-78m²,bostadsratt,2026-08-28T16:20:48.466707
655777326943948323,https://www.hemnet.se/salda/lagenhet-3rum-ostra-vi-gotlands-kommun-kolgardsgatan-4b-655777326943948323,77-78m²,bostadsratt,2026-08-28T16:20:48.466708
4738669202141038970,https://www.hemnet.se/salda/lagenhet-3rum-vallingby-racksta-stockholms-kommun-nickelgrand-14-4738669202141038970,77-78m²,bostadsratt,2026-08-28T16:20:48.466709
3041074193071697391,https://www.hemnet.se/salda/lagenhet-3rum-vaster-lunds-kommun-tarnvagen-8a-3041074193071697391,77-78m²,bostadsratt,2026-08-28T16:20:48.466711
5373500646716348806,https://www.hemnet.se/salda/lagenhet-3rum-ockero-ockero-kommun-breviksangar-34-5373500646716348806,77-78m²,bostadsratt,2026-08-28T16:20:48.466714
5965011924762573458,https://www.hemnet.se/salda/lagenhet-3rum-norrtalje-stad-grossgardet-norrtalje-kommun-lundmansgatan-1a-5965011924762573458,77-78m²,bostadsratt,2026-08-28T16:20:48.466716
8574253517121838141,https://www.hemnet.se/salda/lagenhet-3rum-sollentuna-centrum-sollentuna-kommun-sofielundsvagen-1-8574253517121838141,77-78m²,bostadsratt,2026-08-28T16:20:48.466717
5741775763283625135,https://www.hemnet.se/salda/lagenhet-3rum-nacka-nacka-kommun-mjolnarvagen-10a-5741775763283625135,77-78m²,bostadsratt,2026-08-28T16:20:48.466718
583800930318662189,https://www.hemnet.se/salda/lagenhet-3rum-tyreso-centrum-tyreso-kommun-tidvattengatan-19-583800930318662189,77-78m²,bostadsratt,2026-08-28T16:20:48.466721
534948514444688513,"https://www.hemnet.se/salda/lagenhet-3,5rum-silverdal-sollentuna-kommun-silverdalsvagen-29,-3tr-534948514444688513",77-78m²,bostadsratt,2026-08-28T16:20:48.466723
6865760697160611222,https://www.hemnet.se/salda/lagenhet-3rum-rasunda-solna-kommun-parkvagen-2-6865760697160611222,77-78m²,bostadsratt,2026-08-28T16:20:48.466724
1650336434244865180,https://www.hemnet.se/salda/lagenhet-2rum-ostermalm-stockholms-kommun-narvavagen-31-1650336434244865180,77-78m²,bostadsratt,2026-08-28T16:20:48.466725
532976848649220819,https://www.hemnet.se/salda/lagenhet-3rum-arsta-stockholms-kommun-sandfjardsgatan-124-532976848649220819,77-78m²,bostadsratt,2026-08-28T16:20:48.466726
7400180230879990831,https://www.hemnet.se/salda/lagenhet-3rum-s-t-knut-malmo-kommun-henrik-smithsgatan-10-7400180230879990831,77-78m²,bostadsratt,2026-08-28T16:20:48.466727
6392054580778210666,https://www.hemnet.se/salda/lagenhet-3rum-stampen-goteborgs-kommun-friggagatan-7b-6392054580778210666,77-78m²,bostadsratt,2026-08-28T16:20:48.466729
4924305276716672712,https://www.hemnet.se/salda/lagenhet-3rum-globen-johanneshov-stockholms-kommun-konstgjutarvagen-18-4924305276716672712,77-78m²,bostadsratt,2026-08-28T16:20:48.466730
2230535351013666776,https://www.hemnet.se/salda/lagenhet-3rum-hammarby-sjostad-stockholms-kommun-hammarby-alle-11-2230535351013666776,77-78m²,bostadsratt,2026-08-28T16:20:48.466731
8756519115222123060,https://www.hemnet.se/salda/lagenhet-3rum-midsommarkransen-stockholms-kommun-backvagen-42-8756519115222123060,77-78m²,bostadsratt,2026-08-28T16:20:48.466732
3747539683757966221,https://www.hemnet.se/salda/lagenhet-3rum-ronneholm-malmo-kommun-kopenhamnsvagen-49a-3747539683757966221,77-78m²,bostadsratt,2026-08-28T16:20:48.466733
4978142908709532001,https://www.hemnet.se/salda/lagenhet-3rum-ostermalm-stockholms-kommun-valhallavagen-69-4978142908709532001,77-78m²,bostadsratt,2026-08-28T16:20:48.466734
5975235255743151310,https://www.hemnet.se/salda/lagenhet-3rum-torshalla-eskilstuna-kommun-thermaeniusgatan-39a-5975235255743151310,77-78m²,bostadsratt,2026-08-28T16:20:48.466736
1348700730576618763,https://www.hemnet.se/salda/lagenhet-3rum-hovas-goteborgs-kommun-uggleberget-25-1348700730576618763,77-78m²,bostadsratt,2026-08-28T16:20:48.466737
700811457850883702,https://www.hemnet.se/salda/lagenhet-3rum-solvesborg-solvesborgs-kommun-per-olsgatan-4b-700811457850883702,77-78m²,bostadsratt,2026-08-28T16:20:48.466738
7078687983737880232,https://www.hemnet.se/salda/lagenhet-3rum-norr-helsingborgs-kommun-persgatan-70-7078687983737880232,77-78m²,bostadsratt,2026-08-28T16:20:48.466739
713935098768134079,https://www.hemnet.se/salda/lagenhet-3rum-polhem-jarfalla-kommun-ostanvagen-60-713935098768134079,77-78m²,bostadsratt,2026-08-28T16:20:48.466740
6589151276259761136,https://www.hemnet.se/salda/lagenhet-3rum-lugnet-malmo-kommun-lugna-gatan-54-6589151276259761136,77-78m²,bostadsratt,2026-08-28T16:20:48.466742
6860519457839110584,https://www.hemnet.se/salda/lagenhet-3rum-morohojden-skelleftea-kommun-myntgatan-11-6860519457839110584,77-78m²,bostadsratt,2026-08-28T16:20:48.466743
9069018391375035575,https://www.hemnet.se/salda/lagenhet-3rum-havstena-skovde-kommun-havstenavagen-38d-9069018391375035575,77-78m²,bostadsratt,2026-08-28T16:20:48.466744
2535958422554632595,https://www.hemnet.se/salda/lagenhet-3rum-sticklinge-lidingo-kommun-frisksportarvagen-2-2535958422554632595,77-78m²,bostadsratt,2026-08-28T16:20:48.466745
2170509830664773572,https://www.hemnet.se/salda/lagenhet-3rum-norrbole-skelleftea-kommun-lakarvagen-5h-2170509830664773572,77-78m²,bostadsratt,2026-08-28T16:20:48.466746
8515625114070763602,https://www.hemnet.se/salda/lagenhet-3rum-mariehall-stockholms-kommun-kratsbodavagen-44c-8515625114070763602,77-78m²,bostadsratt,2026-08-28T16:20:48.466748
7299679969923114824,https://www.hemnet.se/salda/lagenhet-3rum-sjobo-boras-kommun-tomtegatan-21-c-7299679969923114824,77-78m²,bostadsratt,2026-08-28T16:20:48.466749
3717438975196409524,https://www.hemnet.se/salda/lagenhet-3rum-centrum-hassleholms-kommun-akaregatan-15c-3717438975196409524,77-78m²,bostadsratt,2026-08-28T16:20:48.466750
6954495449015923853,https://www.hemnet.se/salda/lagenhet-3rum-komarken-kungalvs-kommun-trekungagatan-21-6954495449015923853,77-78m²,bostadsratt,2026-08-28T16:20:48.466751
2531716658102580446,https://www.hemnet.se/salda/lagenhet-3rum-lagavallen-ljungby-kommun-elfstromsgatan-16-2531716658102580446,77-78m²,bostadsratt,2026-08-28T16:20:48.466755
4033446433812500559,https://www.hemnet.se/salda/lagenhet-3rum-triangeln-malmo-kommun-spangatan-14b-4033446433812500559,77-78m²,bostadsratt,2026-08-28T16:20:48.466758
6468623251823747773,https://www.hemnet.se/salda/lagenhet-3rum-taltet-sodertalje-kommun-ostra-kanalgatan-16-6468623251823747773,77-78m²,bostadsratt,2026-08-28T16:20:48.466760
1092539551932325831,https://www.hemnet.se/salda/lagenhet-3rum-vastra-skogen-huvudsta-solna-kommun-johan-enbergs-vag-11-1092539551932325831,77-78m²,bostadsratt,2026-08-28T16:20:48.466761
2262763118657863980,https://www.hemnet.se/salda/lagenhet-3rum-ardala-skara-kommun-korsbarsstigen-29-2262763118657863980,77-78m²,bostadsratt,2026-08-28T16:20:48.466762
3605958376864015663,https://www.hemnet.se/salda/lagenhet-3rum-sodra-brunna-upplands-bro-kommun-melofonstigen-7-3605958376864015663,77-78m²,bostadsratt,2026-08-28T16:20:48.466763
351772204451570196,"https://www.hemnet.se/salda/lagenhet-3rum-sodra-hagernas-taby-kommun-radarvagen-12,-2tr-351772204451570196",77-78m²,bostadsratt,2026-08-28T16:20:48.466765
5515575275332797901,https://www.hemnet.se/salda/lagenhet-3rum-rikstens-friluftsstad-botkyrka-kommun-eklundshovsvagen-29a-5515575275332797901,77-78m²,bostadsratt,2026-08-28T16:20:48.466766
6923783188551816792,https://www.hemnet.se/salda/lagenhet-3rum-arsta-brillinge-vaksala-uppsala-kommun-fyrislundsgatan-40-6923783188551816792,77-78m²,bostadsratt,2026-08-28T16:20:48.466767
5730765882307827419,https://www.hemnet.se/salda/lagenhet-3rum-gryta-vasteras-kommun-julrosvagen-104-5730765882307827419,77-78m²,bostadsratt,2026-08-28T16:20:48.466768
2350528713241030729,https://www.hemnet.se/salda/lagenhet-3rum-havstena-skovde-kommun-havstenavagen-30d-2350528713241030729,77-78m²,bostadsratt,2026-08-28T16:20:48.466769
3441604651012210110,"https://www.hemnet.se/salda/lagenhet-3,5rum-framre-luthagen-uppsala-kommun-luthagsesplanaden-15c-3441604651012210110",77-78m²,bostadsratt,2026-08-28T16:20:48.466771
6615395180461235706,https://www.hemnet.se/salda/lagenhet-3rum-edvinshem-ystads-kommun-repslagaregatan-14d-6615395180461235706,77-78m²,bostadsratt,2026-08-28T16:20:48.466772
279212772421685912,https://www.hemnet.se/salda/lagenhet-3rum-karlsdal-vasteras-kommun-lovisebergsvagen-12-279212772421685912,77-78m²,bostadsratt,2026-08-28T16:20:48.466773
6527690045376896807,https://www.hemnet.se/salda/lagenhet-3rum-druvefors-boras-kommun-kellgrensgatan-23a-6527690045376896807,77-78m²,bostadsratt,2026-08-28T16:20:48.466774
2945946555536872298,https://www.hemnet.se/salda/lagenhet-3rum-aby-molndals-kommun-ponnygatan-4d-2945946555536872298,77-78m²,bostadsratt,2026-08-28T16:20:48.466775
2020317130021088394,https://www.hemnet.se/salda/lagenhet-3rum-skonsberg-sundsvalls-kommun-korstavagen-12b-2020317130021088394,77-78m²,bostadsratt,2026-08-28T16:20:48.466776
8954742778171671857,https://www.hemnet.se/salda/lagenhet-3rum-lunden-skovde-kommun-lundenvagen-9c-8954742778171671857,77-78m²,bostadsratt,2026-08-28T16:20:48.466778
2367405972154523253,https://www.hemnet.se/salda/lagenhet-3rum-centrala-handen-haninge-kommun-utgardsvagen-5-2367405972154523253,77-78m²,bostadsratt,2026-08-28T16:20:48.466781
3846745962255625617,https://www.hemnet.se/salda/lagenhet-4rum-tensta-stockholms-kommun-mellingebacken-8-3846745962255625617,77-78m²,bostadsratt,2026-08-28T16:20:48.466782
3554453037632529727,"https://www.hemnet.se/salda/lagenhet-2,5rum-sodermalm-stockholms-kommun-wollmar-yxkullsgatan-12-3554453037632529727",77-78m²,bostadsratt,2026-08-28T16:20:48.466784
4599604438813671356,https://www.hemnet.se/salda/lagenhet-3rum-centrala-vasby-upplands-vasby-kommun-dragonvagen-37-4599604438813671356,77-78m²,bostadsratt,2026-08-28T16:20:48.466785
7555222492080395352,https://www.hemnet.se/salda/lagenhet-2rum-ostersund-ostersunds-kommun-radhusgatan-61a-7555222492080395352,77-78m²,bostadsratt,2026-08-28T16:20:48.466786
7100933963801266848,https://www.hemnet.se/salda/lagenhet-3rum-adolfsberg-helsingborgs-kommun-sodra-hunnetorpsvagen-40a-7100933963801266848,77-78m²,bostadsratt,2026-08-28T16:20:48.466788
2437102379695508435,https://www.hemnet.se/salda/lagenhet-3rum-gottfridsberg-linkopings-kommun-hanekindsgatan-1-2437102379695508435,77-78m²,bostadsratt,2026-08-28T16:20:48.466789
3249791497506560728,https://www.hemnet.se/salda/lagenhet-3rum-arsta-uppsala-kommun-grasloksgatan-14-3249791497506560728,77-78m²,bostadsratt,2026-08-28T16:20:48.466792
6792814002165300155,https://www.hemnet.se/salda/lagenhet-3rum-centrum-sundsvalls-kommun-sodra-jarnvagsgatan-27a-6792814002165300155,77-78m²,bostadsratt,2026-08-28T16:20:48.466793
6198941396369220179,https://www.hemnet.se/salda/lagenhet-3rum-soderkulla-malmo-kommun-tornfalksgatan-2b-6198941396369220179,77-78m²,bostadsratt,2026-08-28T16:20:48.466795
1464701400900922080,"https://www.hemnet.se/salda/lagenhet-3,5rum-dalaro-haninge-kommun-lyngsasa-11-b-1464701400900922080",77-78m²,bostadsratt,2026-08-28T16:20:48.466796
1680934100129642493,https://www.hemnet.se/salda/lagenhet-3rum-lomma-lomma-kommun-vinstorpsvagen-52-1680934100129642493,77-78m²,bostadsratt,2026-08-28T16:20:48.466797
1845826508472510454,https://www.hemnet.se/salda/lagenhet-3rum-torslanda-centralt-goteborgs-kommun-kvarnkullevagen-2l-1845826508472510454,77-78m²,bostadsratt,2026-08-28T16:20:48.466799
7741462343315526439,https://www.hemnet.se/salda/lagenhet-3rum-hoganas-uppsala-kommun-s-t-persgatan-40e-7741462343315526439,77-78m²,bostadsratt,2026-08-28T16:20:48.466800
3191312158380876357,https://www.hemnet.se/salda/lagenhet-3rum-skarpnack-stockholms-kommun-horisontvagen-97-3191312158380876357,77-78m²,bostadsratt,2026-08-28T16:20:48.466801
7852503291799444574,https://www.hemnet.se/salda/lagenhet-3rum-torsvik-lidingo-kommun-torsvikssvangen-15-7852503291799444574,77-78m²,bostadsratt,2026-08-28T16:20:48.466804
84174843823336657,https://www.hemnet.se/salda/lagenhet-3rum-hagalund-borlange-kommun-vasagatan-23a-84174843823336657,77-78m²,bostadsratt,2026-08-28T16:20:48.466806
5684152118999371205,https://www.hemnet.se/salda/lagenhet-3rum-kungsbacka-centralt-kungsbacka-kommun-drottninggatan-21-b-5684152118999371205,77-78m²,bostadsratt,2026-08-28T16:20:48.466807
8467299260396108006,https://www.hemnet.se/salda/lagenhet-3rum-ronnby-vasteras-kommun-slaggkastargatan-16-8467299260396108006,77-78m²,bostadsratt,2026-08-28T16:20:48.466808
310847377960828297,https://www.hemnet.se/salda/lagenhet-3rum-lugnet-brunnsberg-varbergs-kommun-brunnsapplets-vag-6-310847377960828297,77-78m²,bostadsratt,2026-08-28T16:20:48.466809
2549112518744266561,https://www.hemnet.se/salda/lagenhet-4rum-are-are-kommun-kyrkangesvagen-4g-2549112518744266561,77-78m²,bostadsratt,2026-08-28T16:20:48.466811
6410395696345162429,https://www.hemnet.se/salda/lagenhet-3rum-slagsta-eskilstuna-kommun-mastavagen-19e-6410395696345162429,77-78m²,bostadsratt,2026-08-28T16:20:48.466812
949556880885289334,"https://www.hemnet.se/salda/lagenhet-4rum-spanga-tensta-stockholms-kommun-stadingeplan-16,-1tr-949556880885289334",77-78m²,bostadsratt,2026-08-28T16:20:48.466813
5587634542531409719,https://www.hemnet.se/salda/lagenhet-3rum-flatas-goteborgs-kommun-svangrumsgatan-83-5587634542531409719,77-78m²,bostadsratt,2026-08-28T16:20:48.466814
5890111897716382891,https://www.hemnet.se/salda/lagenhet-4rum-bandhagen-stockholms-kommun-fagelstavagen-8-5890111897716382891,77-78m²,bostadsratt,2026-08-28T16:20:48.466815
6243610773633803397,"https://www.hemnet.se/salda/lagenhet-3rum-arsta-stockholms-kommun-sandfjardsgatan-124,-3-trappor-6243610773633803397",77-78m²,bostadsratt,2026-08-28T16:20:48.466816
1768372044788142544,https://www.hemnet.se/salda/lagenhet-3rum-oppeby-nykopings-kommun-sturevagen-9-1768372044788142544,77-78m²,bostadsratt,2026-08-28T16:20:48.466818
3785949028146515697,https://www.hemnet.se/salda/lagenhet-3rum-sollentuna-tureberg-sollentuna-kommun-engelbrekts-vag-20-3785949028146515697,77-78m²,bostadsratt,2026-08-28T16:20:48.466819
486412428683013516,https://www.hemnet.se/salda/lagenhet-3rum-tenhult-jonkopings-kommun-mickels-vag-10d-486412428683013516,77-78m²,bostadsratt,2026-08-28T16:20:48.466820
5339778578006714416,https://www.hemnet.se/salda/lagenhet-2rum-brynas-gavle-kommun-brynasgatan-1-5339778578006714416,77-78m²,bostadsratt,2026-08-28T16:20:48.466821
3282996957682171399,https://www.hemnet.se/salda/lagenhet-3rum-taltet-sodertalje-kommun-ostra-kanalgatan-14-3282996957682171399,77-78m²,bostadsratt,2026-08-28T16:20:48.466822
7201182457790631514,https://www.hemnet.se/salda/lagenhet-3rum-tidaholm-tidaholms-kommun-idrottsgatan-5-7201182457790631514,77-78m²,bostadsratt,2026-08-28T16:20:48.466824
4157166052383647651,https://www.hemnet.se/salda/lagenhet-3rum-saffle-saffle-kommun-hamngatan-7-4157166052383647651,77-78m²,bostadsratt,2026-08-28T16:20:48.466825
6669610863158692535,https://www.hemnet.se/salda/lagenhet-3rum-gamleby-vasterviks-kommun-hagahojden-1b-6669610863158692535,77-78m²,bostadsratt,2026-08-28T16:20:48.466828
1345089852141272831,https://www.hemnet.se/salda/lagenhet-3rum-arsta-brillinge-vaksala-uppsala-kommun-fyrislundsgatan-48-1345089852141272831,77-78m²,bostadsratt,2026-08-28T16:20:48.466829
6215567204262780115,https://www.hemnet.se/salda/lagenhet-3rum-vastra-kattarp-malmo-kommun-jagersrovagen-7b-6215567204262780115,77-78m²,bostadsratt,2026-08-28T16:20:48.466831
6396135798093130152,https://www.hemnet.se/salda/lagenhet-3rum-vallda-tingsberget-kungsbacka-kommun-drottninggatan-21c-6396135798093130152,77-78m²,bostadsratt,2026-08-28T16:20:48.466832
9056615907045171592,https://www.hemnet.se/salda/lagenhet-3rum-ojersjo-partille-kommun-storegarden-88b-9056615907045171592,77-78m²,bostadsratt,2026-08-28T16:20:48.466833
170850606624442161,https://www.hemnet.se/salda/lagenhet-3rum-fagelbacken-malmo-kommun-tornskarsgangen-9c-170850606624442161,77-78m²,bostadsratt,2026-08-28T16:20:48.466834
7259055853822560814,https://www.hemnet.se/salda/lagenhet-3rum-loddekopinge-kavlinge-kommun-magistergrand-2-7259055853822560814,77-78m²,bostadsratt,2026-08-28T16:20:48.466835
7591742635181630306,https://www.hemnet.se/salda/lagenhet-3rum-norrmalm-vasastan-stockholms-kommun-johannesgatan-2-7591742635181630306,77-78m²,bostadsratt,2026-08-28T16:20:48.466837
1175811308729693593,https://www.hemnet.se/salda/lagenhet-3rum-kvarnholmen-nacka-kommun-sodra-vagen-51-1175811308729693593,77-78m²,bostadsratt,2026-08-28T16:20:48.466838
5426569228400573280,https://www.hemnet.se/salda/lagenhet-3rum-linkoping-innerstaden-hejdegarden-linkopings-kommun-kaptensgatan-5-5426569228400573280,77-78m²,bostadsratt,2026-08-28T16:20:48.466839
1093773818881682020,https://www.hemnet.se/salda/lagenhet-3rum-tungelsta-haninge-kommun-kryddgardsvagen-15-1093773818881682020,77-78m²,bostadsratt,2026-08-28T16:20:48.466840
2829850573772725102,https://www.hemnet.se/salda/lagenhet-4rum-torps-gard-jonkopings-kommun-galoppgatan-26-2829850573772725102,77-78m²,bostadsratt,2026-08-28T16:20:48.466841
7947658539203590633,https://www.hemnet.se/salda/lagenhet-3rum-centrala-hisingen-goteborgs-kommun-rambergsvagen-3a-7947658539203590633,77-78m²,bostadsratt,2026-08-28T16:20:48.466843
7227430964316897454,https://www.hemnet.se/salda/lagenhet-3rum-edsberg-sollentuna-kommun-flintlasvagen-11-7227430964316897454,77-78m²,bostadsratt,2026-08-28T16:20:48.466844
6936762573734328092,https://www.hemnet.se/salda/lagenhet-3rum-sodermalm-stockholms-kommun-duvnasgatan-1-6936762573734328092,77-78m²,bostadsratt,2026-08-28T16:20:48.466848
1294473750356589409,https://www.hemnet.se/salda/lagenhet-2rum-centrum-helsingborgs-kommun-prastgatan-28-1294473750356589409,77-78m²,bostadsratt,2026-08-28T16:20:48.466849
7589129872451448084,https://www.hemnet.se/salda/lagenhet-3rum-finnboda-hamn-nacka-kommun-finnboda-parkvag-4-7589129872451448084,77-78m²,bostadsratt,2026-08-28T16:20:48.466850
1604046103795790004,"https://www.hemnet.se/salda/lagenhet-4rum-hersby-lidingo-kommun-bredablicksvagen-9b,-3-tr-1604046103795790004",77-78m²,bostadsratt,2026-08-28T16:20:48.466852
828866960209860084,https://www.hemnet.se/salda/lagenhet-3rum-hogalid-kiruna-kommun-kengisgatan-37-c-828866960209860084,77-78m²,bostadsratt,2026-08-28T16:20:48.466853
4556983595229857604,https://www.hemnet.se/salda/lagenhet-3rum-finnboda-hamn-nacka-kommun-finnboda-parkvag-2-4556983595229857604,77-78m²,bostadsratt,2026-08-28T16:20:48.466854
4765635530397501628,https://www.hemnet.se/salda/lagenhet-3rum-kungsbacka-kungsbacka-kommun-porfyrvagen-5-4765635530397501628,77-78m²,bostadsratt,2026-08-28T16:20:48.466855
7512647730579004234,"https://www.hemnet.se/salda/lagenhet-3rum-farsta-stockholms-kommun-larsbodavagen-38,-6tr-7512647730579004234",77-78m²,bostadsratt,2026-08-28T16:20:48.466856
6255621951802444179,https://www.hemnet.se/salda/lagenhet-3rum-nacka-kvarnholmen-nacka-kommun-siloplatsen-6-6255621951802444179,77-78m²,bostadsratt,2026-08-28T16:20:48.466858
8440819923253584795,https://www.hemnet.se/salda/lagenhet-3rum-haga-vasteras-kommun-norra-skjutbanegatan-23b-8440819923253584795,77-78m²,bostadsratt,2026-08-28T16:20:48.466859
5669310722700799510,https://www.hemnet.se/salda/lagenhet-3rum-odal-kristianstads-kommun-poppelvagen-19-5669310722700799510,77-78m²,bostadsratt,2026-08-28T16:20:48.466860
5665126731048359496,https://www.hemnet.se/salda/lagenhet-4rum-kvarnbergsplan-huddinge-kommun-solfagravagen-9-5665126731048359496,77-78m²,bostadsratt,2026-08-28T16:20:48.466863
6440378508192946338,https://www.hemnet.se/salda/lagenhet-3rum-angered-lovgardet-goteborgs-kommun-rosmaringatan-22-6440378508192946338,77-78m²,bostadsratt,2026-08-28T16:20:48.466865
6680974728337411197,https://www.hemnet.se/salda/lagenhet-3rum-masta-eskilstuna-kommun-mastavagen-15b-6680974728337411197,77-78m²,bostadsratt,2026-08-28T16:20:48.466866
7065220704749336496,https://www.hemnet.se/salda/lagenhet-2rum-liljeholmen-jonkopings-kommun-huskvarnavagen-4a-7065220704749336496,77-78m²,bostadsratt,2026-08-28T16:20:48.466867
7473536214182303237,https://www.hemnet.se/salda/lagenhet-3rum-luthagen-rickomberga-uppsala-kommun-hallbygatan-34a-7473536214182303237,77-78m²,bostadsratt,2026-08-28T16:20:48.466871
4862956147162840428,https://www.hemnet.se/salda/lagenhet-3rum-helenelund-sollentuna-kommun-pilvagen-62-4862956147162840428,77-78m²,bostadsratt,2026-08-28T16:20:48.466872
6329832308622249848,https://www.hemnet.se/salda/lagenhet-3rum-centrum-skovde-kommun-staketgrand-3-6329832308622249848,77-78m²,bostadsratt,2026-08-28T16:20:48.466873
2739392658283497459,https://www.hemnet.se/salda/lagenhet-3rum-kungsbacka-tingberget-kungsbacka-kommun-drottninggatan-21c-2739392658283497459,77-78m²,bostadsratt,2026-08-28T16:20:48.466874
6574966863015757351,https://www.hemnet.se/salda/lagenhet-3rum-centrala-handen-haninge-kommun-midgardsvagen-38-6574966863015757351,77-78m²,bostadsratt,2026-08-28T16:20:48.466876
8941845105268252877,https://www.hemnet.se/salda/lagenhet-2rum-strangnas-strangnas-kommun-sorgardsgatan-17-8941845105268252877,77-78m²,bostadsratt,2026-08-28T16:20:48.466877
7600546409512369092,https://www.hemnet.se/salda/lagenhet-3rum-buskaker-borlange-kommun-buskakersvagen-9a-7600546409512369092,77-78m²,bostadsratt,2026-08-28T16:20:48.466878
3090804729352737342,https://www.hemnet.se/salda/lagenhet-3rum-arsta-uppsala-kommun-grasloksgatan-34-3090804729352737342,77-78m²,bostadsratt,2026-08-28T16:20:48.466879
9019334443033850343,"https://www.hemnet.se/salda/lagenhet-3rum-sofia-stockholms-kommun-tullgardsgatan-18,-van-4-9019334443033850343",77-78m²,bostadsratt,2026-08-28T16:20:48.466880
4351801851380605595,"https://www.hemnet.se/salda/lagenhet-3rum-traneberg-stockholms-kommun-sulitelmavagen-24,-van-2-3-4351801851380605595",77-78m²,bostadsratt,2026-08-28T16:20:48.466882
7665926081195079408,https://www.hemnet.se/salda/lagenhet-4rum-martens-falad-linero-lunds-kommun-norrangavagen-5c-7665926081195079408,77-78m²,bostadsratt,2026-08-28T16:20:48.466883
7497354859223316815,https://www.hemnet.se/salda/lagenhet-3rum-kronoparken-umea-kommun-kronoskogsvagen-55-7497354859223316815,77-78m²,bostadsratt,2026-08-28T16:20:48.466884
1327294195814170273,https://www.hemnet.se/salda/lagenhet-3rum-triangeln-malmo-kommun-norra-skolgatan-1-1327294195814170273,77-78m²,bostadsratt,2026-08-28T16:20:48.466885
4342053631562200091,https://www.hemnet.se/salda/lagenhet-3rum-klostergarden-lunds-kommun-sunnanvag-18m-4342053631562200091,77-78m²,bostadsratt,2026-08-28T16:20:48.466886
4327639145566541190,https://www.hemnet.se/salda/lagenhet-3rum-vasteras-vasteras-kommun-slaggkastargatan-10-4327639145566541190,77-78m²,bostadsratt,2026-08-28T16:20:48.466887
5421960727204390150,https://www.hemnet.se/salda/lagenhet-3rum-gideonsberg-vasteras-kommun-rotorvagen-4-5421960727204390150,77-78m²,bostadsratt,2026-08-28T16:20:48.466889
5988968151722187496,"https://www.hemnet.se/salda/lagenhet-3rum-kvarnholmen-nacka-kommun-kvarnholmsvagen-106,-5-tr-5988968151722187496",77-78m²,bostadsratt,2026-08-28T16:20:48.466890
6500422994514103234,https://www.hemnet.se/salda/lagenhet-3rum-anderstorp-skelleftea-kommun-mo-i-ranagatan-28-6500422994514103234,77-78m²,bostadsratt,2026-08-28T16:20:48.466894
7935436168676658109,https://www.hemnet.se/salda/lagenhet-3rum-arsta-uppsala-kommun-fyrislundsgatan-40-7935436168676658109,77-78m²,bostadsratt,2026-08-28T16:20:48.466895
5768114250261332500,https://www.hemnet.se/salda/lagenhet-3rum-centralt-folkparken-norrkopings-kommun-luntgatan-39-5768114250261332500,77-78m²,bostadsratt,2026-08-28T16:20:48.466896
1595166503942782072,https://www.hemnet.se/salda/lagenhet-3rum-ostra-visby-gotlands-kommun-artillerigatan-23a-1595166503942782072,77-78m²,bostadsratt,2026-08-28T16:20:48.466897
4305926573034689744,"https://www.hemnet.se/salda/lagenhet-3rum-nacka-saltsjo-boo-telegrafberget-nacka-kommun-telegrafvagen-30,-8tr-4305926573034689744",77-78m²,bostadsratt,2026-08-28T16:20:48.466899
2552972479077775159,https://www.hemnet.se/salda/lagenhet-3rum-edvinshem-ystads-kommun-sjogangen-11f-2552972479077775159,77-78m²,bostadsratt,2026-08-28T16:20:48.466902
7032196620249925539,https://www.hemnet.se/salda/lagenhet-3rum-arsta-brillinge-vaksala-uppsala-kommun-grasloksgatan-22-7032196620249925539,77-78m²,bostadsratt,2026-08-28T16:20:48.466904
5935577013074833825,https://www.hemnet.se/salda/lagenhet-3rum-kallhall-jarfalla-kommun-sagovagen-19-5935577013074833825,77-78m²,bostadsratt,2026-08-28T16:20:48.466905
870415091722868331,https://www.hemnet.se/salda/lagenhet-2rum-torvalla-ostersunds-kommun-navervagen-20-870415091722868331,77-78m²,bostadsratt,2026-08-28T16:20:48.466906
7702728637786920287,https://www.hemnet.se/salda/lagenhet-3rum-hedemora-hedemora-kommun-asgatan-86d-7702728637786920287,77-78m²,bostadsratt,2026-08-28T16:20:48.466907
7998382082258711081,https://www.hemnet.se/salda/lagenhet-3rum-stampen-goteborgs-kommun-odinsplatsen-3-a-7998382082258711081,77-78m²,bostadsratt,2026-08-28T16:20:48.466908
3760960195779917138,https://www.hemnet.se/salda/lagenhet-3rum-trangsund-stortorp-huddinge-kommun-bridgevagen-12-3760960195779917138,77-78m²,bostadsratt,2026-08-28T16:20:48.466909
2431303754505651866,https://www.hemnet.se/salda/lagenhet-3rum-as-krokoms-kommun-valtvagen-4-2431303754505651866,77-78m²,bostadsratt,2026-08-28T16:20:48.466911
4123313195403750990,https://www.hemnet.se/salda/lagenhet-3rum-moron-skelleftea-kommun-myntgatan-3d-4123313195403750990,77-78m²,bostadsratt,2026-08-28T16:20:48.466912
8101387020787540377,https://www.hemnet.se/salda/lagenhet-3rum-tollarp-kristianstads-kommun-betaniavagen-22a-8101387020787540377,77-78m²,bostadsratt,2026-08-28T16:20:48.466913
1158750448851934942,https://www.hemnet.se/salda/lagenhet-3rum-tidaholm-tidaholms-kommun-betesvagen-22-1158750448851934942,77-78m²,bostadsratt,2026-08-28T16:20:48.466915
3499332034153382845,https://www.hemnet.se/salda/lagenhet-3rum-alvsbacka-skelleftea-kommun-ostra-nygatan-108c-3499332034153382845,77-78m²,bostadsratt,2026-08-28T16:20:48.466916
8415873321044724681,https://www.hemnet.se/salda/lagenhet-3rum-kungalv-centralt-kungalvs-kommun-trollhattevagen-16b-8415873321044724681,77-78m²,bostadsratt,2026-08-28T16:20:48.466918
5844571196568596122,https://www.hemnet.se/salda/lagenhet-3rum-jakobsberg-sommarro-karlstads-kommun-knud-dahls-gata-16-5844571196568596122,77-78m²,bostadsratt,2026-08-28T16:20:48.466919
2083144756082668331,https://www.hemnet.se/salda/lagenhet-3rum-vaxnas-karlstads-kommun-karmgatan-107-2083144756082668331,77-78m²,bostadsratt,2026-08-28T16:20:48.466920
958080092598219610,https://www.hemnet.se/salda/lagenhet-3rum-tyreso-tyreso-kommun-granitvagen-11a-958080092598219610,77-78m²,bostadsratt,2026-08-28T16:20:48.466921
6943396940829889057,https://www.hemnet.se/salda/lagenhet-3rum-rosendal-uppsala-kommun-kansliskrivargatan-18-6943396940829889057,77-78m²,bostadsratt,2026-08-28T16:20:48.466922
1366376303049677452,"https://www.hemnet.se/salda/lagenhet-3rum-alta-stenso-nacka-kommun-stensovagen-13,-2-tr-1366376303049677452",77-78m²,bostadsratt,2026-08-28T16:20:48.466924
9196407801592415432,https://www.hemnet.se/salda/lagenhet-3rum-norra-angby-stockholms-kommun-bjorketorpsvagen-7-9196407801592415432,77-78m²,bostadsratt,2026-08-28T16:20:48.466925
2418926021715769279,https://www.hemnet.se/salda/lagenhet-3rum-solvesborg-solvesborgs-kommun-norregatan-3-2418926021715769279,77-78m²,bostadsratt,2026-08-28T16:20:48.466926
6863394388989974547,https://www.hemnet.se/salda/lagenhet-3rum-alphyddan-nacka-kommun-alphyddevagen-35-6863394388989974547,77-78m²,bostadsratt,2026-08-28T16:20:48.466927
6456949600704361833,https://www.hemnet.se/salda/lagenhet-3rum-landskrona-landskrona-kommun-enoch-thulins-vag-34c-6456949600704361833,77-78m²,bostadsratt,2026-08-28T16:20:48.466928
300580019906570074,https://www.hemnet.se/salda/lagenhet-3rum-ojersjo-partille-kommun-storegarden-20b-300580019906570074,77-78m²,bostadsratt,2026-08-28T16:20:48.466929
5777906173493285642,https://www.hemnet.se/salda/lagenhet-3rum-branann-harnosands-kommun-brannavagen-108-5777906173493285642,77-78m²,bostadsratt,2026-08-28T16:20:48.466931
1265848785466141700,https://www.hemnet.se/salda/lagenhet-3rum-hallunda-botkyrka-kommun-tomtbergavagen-86-1265848785466141700,77-78m²,bostadsratt,2026-08-28T16:20:48.466932
6123321062565048514,https://www.hemnet.se/salda/lagenhet-3rum-centrala-marsta-sigtuna-kommun-vastra-bangatan-55c-6123321062565048514,77-78m²,bostadsratt,2026-08-28T16:20:48.466935
2726568470993289383,"https://www.hemnet.se/salda/lagenhet-3,5rum-raa-helsingborgs-kommun-hogastensgatan-1-2726568470993289383",77-78m²,bostadsratt,2026-08-28T16:20:48.466939
4324904793134116569,https://www.hemnet.se/salda/lagenhet-3rum-hjortmossen-trollhattans-kommun-hjortmossegatan-78-4324904793134116569,77-78m²,bostadsratt,2026-08-28T16:20:48.466940
7264478330997887986,https://www.hemnet.se/salda/lagenhet-3rum-almedal-goteborgs-kommun-molndalsvagen-87f-7264478330997887986,77-78m²,bostadsratt,2026-08-28T16:20:48.466941
2645089546463380880,https://www.hemnet.se/salda/lagenhet-3rum-bredang-malarhojden-stockholms-kommun-algrytebacken-13-2645089546463380880,77-78m²,bostadsratt,2026-08-28T16:20:48.466943
3917677965510590454,https://www.hemnet.se/salda/lagenhet-3rum-nacksta-sundsvalls-kommun-nackstavagen-48b-3917677965510590454,77-78m²,bostadsratt,2026-08-28T16:20:48.466944
2885469121960275717,https://www.hemnet.se/salda/lagenhet-3rum-lund-centrum-lunds-kommun-erik-dahlbergsgatan-1-2885469121960275717,77-78m²,bostadsratt,2026-08-28T16:20:48.466945
7326389898372767914,https://www.hemnet.se/salda/lagenhet-3rum-bromma-norra-angby-stockholms-kommun-bjorketorpsvagen-7-7326389898372767914,77-78m²,bostadsratt,2026-08-28T16:20:48.466946
5871074538530157768,"https://www.hemnet.se/salda/lagenhet-3rum-vireberg,-rasunda-solna-kommun-virebergsvagen-24,-van-8-5871074538530157768",77-78m²,bostadsratt,2026-08-28T16:20:48.466948
4078154666763373942,https://www.hemnet.se/salda/lagenhet-2rum-onsjo-vanersborgs-kommun-slattergatan-7-4078154666763373942,77-78m²,bostadsratt,2026-08-28T16:20:48.466949
9206781891532419138,https://www.hemnet.se/salda/lagenhet-3rum-hagernas-taby-kommun-radarvagen-12-9206781891532419138,77-78m²,bostadsratt,2026-08-28T16:20:48.466950
1246319671678321531,https://www.hemnet.se/salda/lagenhet-2rum-brandkarr-nykopings-kommun-brandkarrsvagen-138-1246319671678321531,77-78m²,bostadsratt,2026-08-28T16:20:48.466951
8991833272158437602,https://www.hemnet.se/salda/lagenhet-3rum-teg-umea-kommun-verkstadsgatan-7e-8991833272158437602,77-78m²,bostadsratt,2026-08-28T16:20:48.466952
9031411611106753607,https://www.hemnet.se/salda/lagenhet-3rum-torpa-jonkopings-kommun-kungsgatan-27-9031411611106753607,77-78m²,bostadsratt,2026-08-28T16:20:48.466954
6507956111514254147,https://www.hemnet.se/salda/lagenhet-3rum-vastra-hamnen-malmo-kommun-krankajen-24-6507956111514254147,77-78m²,bostadsratt,2026-08-28T16:20:48.466955
55215360977647526,https://www.hemnet.se/salda/lagenhet-3rum-skene-marks-kommun-postgatan-5c-55215360977647526,77-78m²,bostadsratt,2026-08-28T16:20:48.466956
1519659712458800605,"https://www.hemnet.se/salda/lagenhet-3rum-sodermalm-stockholms-kommun-folkungagatan-104,-1-tr-1519659712458800605",77-78m²,bostadsratt,2026-08-28T16:20:48.466957
4177244711293949276,https://www.hemnet.se/salda/lagenhet-3rum-riksby-stockholms-kommun-spetsvagen-35-4177244711293949276,77-78m²,bostadsratt,2026-08-28T16:20:48.466958
1770432185083457180,"https://www.hemnet.se/salda/lagenhet-3rum-spanga-tensta-stockholms-kommun-sotingeplan-6,-1-tr-1770432185083457180",77-78m²,bostadsratt,2026-08-28T16:20:48.466962
3328981585963057505,https://www.hemnet.se/salda/lagenhet-3rum-viksang-vasteras-kommun-kaserngatan-1-3328981585963057505,77-78m²,bostadsratt,2026-08-28T16:20:48.466963
1698652490378963914,https://www.hemnet.se/salda/lagenhet-2rum-alvsjo-stockholms-kommun-johan-skyttes-vag-198-1698652490378963914,77-78m²,bostadsratt,2026-08-28T16:20:48.466964
3027942871221269660,https://www.hemnet.se/salda/lagenhet-4rum-arsta-stockholms-kommun-sandfjardsgatan-94-3027942871221269660,77-78m²,bostadsratt,2026-08-28T16:20:48.466966
3781310216183847555,https://www.hemnet.se/salda/lagenhet-3rum-bromma-stora-mossen-stockholms-kommun-enhorningsgrand-14-3781310216183847555,77-78m²,bostadsratt,2026-08-28T16:20:48.466967
5190885897071173257,https://www.hemnet.se/salda/lagenhet-3rum-vastra-hamnen-malmo-kommun-dockgatan-49a-5190885897071173257,77-78m²,bostadsratt,2026-08-28T16:20:48.466968
2169959679876149012,https://www.hemnet.se/salda/lagenhet-3rum-askim-vita-flacken-goteborgs-kommun-solarvsplan-28-2169959679876149012,77-78m²,bostadsratt,2026-08-28T16:20:48.466970
1018019148902838060,https://www.hemnet.se/salda/lagenhet-3rum-enebymo-norrkopings-kommun-sysslomansgangen-10-1018019148902838060,77-78m²,bostadsratt,2026-08-28T16:20:48.466972
3310589748364774160,https://www.hemnet.se/salda/lagenhet-3rum-sundstrand-uddevalla-kommun-vastra-sundskogsvagen-39-3310589748364774160,77-78m²,bostadsratt,2026-08-28T16:20:48.466975
5300660619180796228,https://www.hemnet.se/salda/lagenhet-3rum-vetterslund-vasteras-kommun-vetterslundsgatan-48-5300660619180796228,77-78m²,bostadsratt,2026-08-28T16:20:48.466977
564733084600929934,https://www.hemnet.se/salda/lagenhet-3rum-norr-gotlands-kommun-ammonitgatan-5-564733084600929934,77-78m²,bostadsratt,2026-08-28T16:20:48.466978
4632060253919893307,https://www.hemnet.se/salda/lagenhet-3rum-ronnby-vasteras-kommun-slaggkastargatan-16-4632060253919893307,77-78m²,bostadsratt,2026-08-28T16:20:48.466979
485359047799463224,https://www.hemnet.se/salda/lagenhet-3rum-klintehamn-gotlands-kommun-skolkvior-42-485359047799463224,77-78m²,bostadsratt,2026-08-28T16:20:48.466980
9220036148987609857,https://www.hemnet.se/salda/lagenhet-3rum-ystad-ystads-kommun-soltergatan-1k-9220036148987609857,77-78m²,bostadsratt,2026-08-28T16:20:48.466981
8961940883344794787,https://www.hemnet.se/salda/lagenhet-3rum-rotebro-sollentuna-kommun-vasavagen-62b-8961940883344794787,77-78m²,bostadsratt,2026-08-28T16:20:48.466982
1499486591048092741,https://www.hemnet.se/salda/lagenhet-3rum-are-are-kommun-are-strand-6b3-v11-1499486591048092741,77-78m²,bostadsratt,2026-08-28T16:20:48.466986
8211911249456445002,https://www.hemnet.se/salda/lagenhet-3rum-backby-vasteras-kommun-axel-oxenstiernas-gata-22-8211911249456445002,77-78m²,bostadsratt,2026-08-28T16:20:48.466987
1328669890798716734,https://www.hemnet.se/salda/lagenhet-3rum-fagelbacken-malmo-kommun-tornskarsgangen-9b-1328669890798716734,77-78m²,bostadsratt,2026-08-28T16:20:48.466989
8189030840376279535,https://www.hemnet.se/salda/lagenhet-3rum-haga-umea-kommun-gustav-garvares-gata-6b-8189030840376279535,77-78m²,bostadsratt,2026-08-28T16:20:48.466990
4395799929833917793,https://www.hemnet.se/salda/lagenhet-3rum-sodra-soderhamn-soderhamns-kommun-abraham-backgatan-16-4395799929833917793,77-78m²,bostadsratt,2026-08-28T16:20:48.466991
4740974220112826948,https://www.hemnet.se/salda/lagenhet-3rum-hyllie-malmo-kommun-dagvattengatan-8c-4740974220112826948,77-78m²,bostadsratt,2026-08-28T16:20:48.466992
2659127193816142085,https://www.hemnet.se/salda/lagenhet-3rum-fagersta-fagersta-kommun-ringvagen-14-2659127193816142085,77-78m²,bostadsratt,2026-08-28T16:20:48.466994
2112757173507315325,https://www.hemnet.se/salda/lagenhet-3rum-finnboda-hamn-nacka-kommun-finnboda-parkvag-4-2112757173507315325,77-78m²,bostadsratt,2026-08-28T16:20:48.466995
5929927851374701392,https://www.hemnet.se/salda/lagenhet-3rum-rorstorp-varnamo-kommun-blabarsvagen-9-5929927851374701392,77-78m²,bostadsratt,2026-08-28T16:20:48.466996
4141859955427584733,https://www.hemnet.se/salda/lagenhet-3rum-hammarby-sjostad-stockholms-kommun-hammarby-alle-9-van-8-4141859955427584733,77-78m²,bostadsratt,2026-08-28T16:20:48.466997
4771407144458829851,https://www.hemnet.se/salda/lagenhet-3rum-liljeholmen-stockholms-kommun-liljeholmsvagen-12-4771407144458829851,77-78m²,bostadsratt,2026-08-28T16:20:48.466999
4484924141454182972,https://www.hemnet.se/salda/lagenhet-4rum-storhogna-bergs-kommun-storhogna-torg-8d-4484924141454182972,77-78m²,bostadsratt,2026-08-28T16:20:48.467000
5110144804112778875,https://www.hemnet.se/salda/lagenhet-3rum-alta-nacka-kommun-stensovagen-15-5110144804112778875,77-78m²,bostadsratt,2026-08-28T16:20:48.467001
6764236341316833377,https://www.hemnet.se/salda/lagenhet-3rum-skogas-huddinge-kommun-loftvagen-7-6764236341316833377,77-78m²,bostadsratt,2026-08-28T16:20:48.467002
2956856733819330681,https://www.hemnet.se/salda/lagenhet-4rum-strangnas-centrum-strangnas-kommun-nicandergatan-15-2956856733819330681,77-78m²,bostadsratt,2026-08-28T16:20:48.467003
8787528842444402888,https://www.hemnet.se/salda/lagenhet-3rum-vastervang-ystads-kommun-soltergatan-1a-8787528842444402888,77-78m²,bostadsratt,2026-08-28T16:20:48.467005
2007847628625637738,https://www.hemnet.se/salda/lagenhet-3rum-haga-norrliden-sundsvalls-kommun-baldersvagen-42-2007847628625637738,77-78m²,bostadsratt,2026-08-28T16:20:48.467006
4461874092071484529,https://www.hemnet.se/salda/lagenhet-4rum-skogstorp-eskilstuna-kommun-kalbyholmsvagen-14d-4461874092071484529,77-78m²,bostadsratt,2026-08-28T16:20:48.467007
5371227771436342080,https://www.hemnet.se/salda/lagenhet-3rum-lidingo-sticklinge-lidingo-kommun-motionsvagen-5-5371227771436342080,77-78m²,bostadsratt,2026-08-28T16:20:48.467010
3012785032057131994,https://www.hemnet.se/salda/lagenhet-3rum-lillhamra-vasteras-kommun-vanortsgatan-5-3012785032057131994,77-78m²,bostadsratt,2026-08-28T16:20:48.467012
7439920090113799167,https://www.hemnet.se/salda/lagenhet-3rum-farsta-stockholms-kommun-olmevagen-18-7439920090113799167,77-78m²,bostadsratt,2026-08-28T16:20:48.467013
496886473362659612,https://www.hemnet.se/salda/lagenhet-3rum-torslanda-centralt-goteborgs-kommun-noleredsvagen-12-496886473362659612,77-78m²,bostadsratt,2026-08-28T16:20:48.467014
5499969589197186690,https://www.hemnet.se/salda/lagenhet-3rum-johanneberg-goteborgs-kommun-fyrverkaregatan-10b-5499969589197186690,77-78m²,bostadsratt,2026-08-28T16:20:48.467015
7997615218828593113,https://www.hemnet.se/salda/lagenhet-3rum-granby-uppsala-kommun-dimgatan-16-7997615218828593113,77-78m²,bostadsratt,2026-08-28T16:20:48.467017
5360394581833041434,https://www.hemnet.se/salda/lagenhet-3rum-strandangen-jonkopings-kommun-strandangsgatan-22-5360394581833041434,77-78m²,bostadsratt,2026-08-28T16:20:48.467018
589007807447810410,https://www.hemnet.se/salda/lagenhet-3rum-nacksta-sundsvalls-kommun-nackstavagen-32b-589007807447810410,77-78m²,bostadsratt,2026-08-28T16:20:48.467019
2408229640678532889,https://www.hemnet.se/salda/lagenhet-3rum-lagavallen-ljungby-kommun-elfstromsgatan-12-2408229640678532889,77-78m²,bostadsratt,2026-08-28T16:20:48.467020
2310679777395965204,https://www.hemnet.se/salda/lagenhet-3rum-karlslund-ostersunds-kommun-samuel-permans-gata-20-a-2310679777395965204,77-78m²,bostadsratt,2026-08-28T16:20:48.467021
4078712789367092801,https://www.hemnet.se/salda/lagenhet-3rum-helenelund-sollentuna-kommun-stupvagen-27-4078712789367092801,77-78m²,bostadsratt,2026-08-28T16:20:48.467023
8878742089331560481,https://www.hemnet.se/salda/lagenhet-3rum-havstena-skovde-kommun-havstenavagen-17c-8878742089331560481,77-78m²,bostadsratt,2026-08-28T16:20:48.467024
910782666843361607,https://www.hemnet.se/salda/lagenhet-3rum-frosang-oxelosunds-kommun-frosangsvagen-84-910782666843361607,77-78m²,bostadsratt,2026-08-28T16:20:48.467025
5480627121509880477,https://www.hemnet.se/salda/lagenhet-3rum-grossgardet-norrtalje-kommun-gustaf-adolfs-vag-48-5480627121509880477,77-78m²,bostadsratt,2026-08-28T16:20:48.467027
4426911033630490564,"https://www.hemnet.se/salda/lagenhet-2,5rum-sodermalm-stockholms-kommun-wollmar-yxkullsgatan-12-4426911033630490564",77-78m²,bostadsratt,2026-08-28T16:20:48.467030
106882531416012381,https://www.hemnet.se/salda/lagenhet-3rum-centrala-sundbyberg-sundbybergs-kommun-fredsgrand-7-106882531416012381,77-78m²,bostadsratt,2026-08-28T16:20:48.467032
4888205069824951535,https://www.hemnet.se/salda/lagenhet-3rum-norra-djurgardsstaden-stockholms-kommun-settergatan-3-4888205069824951535,77-78m²,bostadsratt,2026-08-28T16:20:48.467033
5424829873823151676,https://www.hemnet.se/salda/lagenhet-3rum-sundsta-norrstrand-karlstads-kommun-tolvmansgatan-1-5424829873823151676,77-78m²,bostadsratt,2026-08-28T16:20:48.467034
4093945257706603443,https://www.hemnet.se/salda/lagenhet-3rum-bromma-appelviken-stockholms-kommun-vasterled-29-4093945257706603443,77-78m²,bostadsratt,2026-08-28T16:20:48.467035
299925791089120392,https://www.hemnet.se/salda/lagenhet-3rum-tynnered-goteborgs-kommun-turkosgatan-47-299925791089120392,77-78m²,bostadsratt,2026-08-28T16:20:48.467037
3898350781667489837,https://www.hemnet.se/salda/lagenhet-3rum-porslinskvarteren-varmdo-kommun-idrottsvagen-2-3898350781667489837,77-78m²,bostadsratt,2026-08-28T16:20:48.467038
6035766510361772554,https://www.hemnet.se/salda/lagenhet-3rum-drottninghog-helsingborgs-kommun-regementsvagen-12b-6035766510361772554,77-78m²,bostadsratt,2026-08-28T16:20:48.467039
5350877068499573424,https://www.hemnet.se/salda/lagenhet-3rum-vendelso-haninge-kommun-albatrossvagen-28-5350877068499573424,77-78m²,bostadsratt,2026-08-28T16:20:48.467040
7531336710991641923,https://www.hemnet.se/salda/lagenhet-3rum-hagernas-taby-kommun-radarvagen-22-7531336710991641923,77-78m²,bostadsratt,2026-08-28T16:20:48.467041
5739315609386358461,https://www.hemnet.se/salda/lagenhet-3rum-fredriksskans-kalmar-kommun-fredriksskanstorget-6-5739315609386358461,77-78m²,bostadsratt,2026-08-28T16:20:48.467042
8805352829323782440,https://www.hemnet.se/salda/lagenhet-3rum-vasastaden-goteborgs-kommun-viktoriagatan-40-8805352829323782440,77-78m²,bostadsratt,2026-08-28T16:20:48.467044
561557561792605642,https://www.hemnet.se/salda/lagenhet-2rum-centrum-vaxjo-kommun-storangsgatan-3b-561557561792605642,77-78m²,bostadsratt,2026-08-28T16:20:48.467051
2205229992762493683,https://www.hemnet.se/salda/lagenhet-3rum-havstena-skovde-kommun-havstenavagen-42d-2205229992762493683,77-78m²,bostadsratt,2026-08-28T16:20:48.467053
3984259394590643303,https://www.hemnet.se/salda/lagenhet-3rum-erikslust-slottsstaden-malmo-kommun-kopenhamnsvagen-43b-3984259394590643303,77-78m²,bostadsratt,2026-08-28T16:20:48.467054
4933867942614115352,https://www.hemnet.se/salda/lagenhet-3rum-centralt-eslovs-kommun-vasterlanggatan-28d-4933867942614115352,77-78m²,bostadsratt,2026-08-28T16:20:48.467055
1807884235666756905,https://www.hemnet.se/salda/lagenhet-3rum-kungsangen-industristaden-uppsala-kommun-tullgarnsgatan-7-1807884235666756905,77-78m²,bostadsratt,2026-08-28T16:20:48.467057
1749539976314501442,https://www.hemnet.se/salda/lagenhet-3rum-lulea-innerstaden-ostermalm-lulea-kommun-tullgatan-31-b-1749539976314501442,77-78m²,bostadsratt,2026-08-28T16:20:48.467060
6962665682927651590,https://www.hemnet.se/salda/lagenhet-3rum-gamla-staden-malmo-kommun-baltzarsgatan-14f-6962665682927651590,77-78m²,bostadsratt,2026-08-28T16:20:48.467062
2706343534909904074,https://www.hemnet.se/salda/lagenhet-3rum-centralt-strangnas-kommun-storgatan-18a-2706343534909904074,77-78m²,bostadsratt,2026-08-28T16:20:48.467063
1196897691771339042,https://www.hemnet.se/salda/lagenhet-4rum-gamla-enskede-stockholms-kommun-sockenvagen-406-1196897691771339042,77-78m²,bostadsratt,2026-08-28T16:20:48.467064
1576568592853099168,https://www.hemnet.se/salda/lagenhet-3rum-skarpnack-stockholms-kommun-skarpnacks-alle-3-1576568592853099168,77-78m²,bostadsratt,2026-08-28T16:20:48.467065
6328350543246541603,https://www.hemnet.se/salda/lagenhet-3rum-centrum-kungsbacka-kommun-wallingatan-11e-6328350543246541603,77-78m²,bostadsratt,2026-08-28T16:20:48.467066
2843883799145708922,https://www.hemnet.se/salda/lagenhet-3rum-skene-marks-kommun-postgatan-3-d-2843883799145708922,77-78m²,bostadsratt,2026-08-28T16:20:48.467068
6959242046210006385,"https://www.hemnet.se/salda/lagenhet-3rum-saltsjobaden-ljuskarrsberget-nacka-kommun-ljuskarrsvagen-109,-ep-6959242046210006385",77-78m²,bostadsratt,2026-08-28T16:20:48.467069
3837914908911143343,https://www.hemnet.se/salda/lagenhet-3rum-vasterhaninge-haninge-kommun-solhemsvagen-6-3837914908911143343,77-78m²,bostadsratt,2026-08-28T16:20:48.467070
7643994117861033368,"https://www.hemnet.se/salda/lagenhet-3,5rum-centrala-sundbyberg-sundbybergs-kommun-eliegatan-20-7643994117861033368",77-78m²,bostadsratt,2026-08-28T16:20:48.467071
8025753913598529138,"https://www.hemnet.se/salda/lagenhet-3rum-arsta-stockholms-kommun-sandfjardsgatan-105,-8-tr-8025753913598529138",77-78m²,bostadsratt,2026-08-28T16:20:48.467072
286595765069263674,https://www.hemnet.se/salda/lagenhet-3rum-nydala-malmo-kommun-lektorsgangen-5b-286595765069263674,77-78m²,bostadsratt,2026-08-28T16:20:48.467074
523193304216642447,https://www.hemnet.se/salda/lagenhet-3rum-tomtebo-umea-kommun-alvans-vag-86-523193304216642447,77-78m²,bostadsratt,2026-08-28T16:20:48.467075
7360996641713844769,https://www.hemnet.se/salda/lagenhet-3rum-sala-backe-uppsala-kommun-murargatan-4c-7360996641713844769,77-78m²,bostadsratt,2026-08-28T16:20:48.467076
4058118151497032579,"https://www.hemnet.se/salda/lagenhet-2,5rum-haga-karlstads-kommun-trekantsgatan-6-4058118151497032579",77-78m²,bostadsratt,2026-08-28T16:20:48.467077
7880639811436942694,https://www.hemnet.se/salda/lagenhet-3rum-malarhojden-hagersten-stockholms-kommun-personnevagen-46a-7880639811436942694,77-78m²,bostadsratt,2026-08-28T16:20:48.467101
8885195593685106474,https://www.hemnet.se/salda/lagenhet-3rum-loddekopinge-kavlinge-kommun-prastvagen-30-8885195593685106474,77-78m²,bostadsratt,2026-08-28T16:20:48.467102
5990483921097151590,https://www.hemnet.se/salda/lagenhet-3rum-norrbole-skelleftea-kommun-lakarvagen-5g-5990483921097151590,77-78m²,bostadsratt,2026-08-28T16:20:48.467103
3462287079748950831,https://www.hemnet.se/salda/lagenhet-2rum-heden-goteborgs-kommun-vastgotagatan-11-3462287079748950831,77-78m²,bostadsratt,2026-08-28T16:20:48.467104
9222489335509510433,https://www.hemnet.se/salda/lagenhet-3rum-torsvik-lidingo-kommun-siggebovagen-7-9222489335509510433,77-78m²,bostadsratt,2026-08-28T16:20:48.467106
5982452000674133860,https://www.hemnet.se/salda/lagenhet-3rum-midsommarkransen-telefonplan-stockholms-kommun-telefonvagen-9-5982452000674133860,77-78m²,bostadsratt,2026-08-28T16:20:48.467109
6365989459367952489,https://www.hemnet.se/salda/lagenhet-3rum-oxie-malmo-kommun-oshogavagen-206-6365989459367952489,77-78m²,bostadsratt,2026-08-28T16:20:48.467111
5153995137954705609,https://www.hemnet.se/salda/lagenhet-3rum-husie-malmo-kommun-klagerupsvagen-313h-5153995137954705609,77-78m²,bostadsratt,2026-08-28T16:20:48.467112
6053347939856707128,"https://www.hemnet.se/salda/lagenhet-3,5rum-stigberget-goteborgs-kommun-alfhemsgatan-6-6053347939856707128",77-78m²,bostadsratt,2026-08-28T16:20:48.467113
907525347738513003,https://www.hemnet.se/salda/lagenhet-3rum-stenungsund-stenungsunds-kommun-solgardsterrassen-14-907525347738513003,77-78m²,bostadsratt,2026-08-28T16:20:48.467114
921290719600644545,https://www.hemnet.se/salda/lagenhet-3rum-bergsater-boras-kommun-backadalsstigen-8a-921290719600644545,77-78m²,bostadsratt,2026-08-28T16:20:48.467116
6416133503246634206,https://www.hemnet.se/salda/lagenhet-3rum-centrum-borlange-kommun-malaregatan-18-6416133503246634206,77-78m²,bostadsratt,2026-08-28T16:20:48.467117
7358234115638602283,https://www.hemnet.se/salda/lagenhet-3rum-molndal-molndals-kommun-utsadesgatan-6a-7358234115638602283,77-78m²,bostadsratt,2026-08-28T16:20:48.467118
6105101269361383783,https://www.hemnet.se/salda/lagenhet-3rum-varnamo-centrum-varnamo-kommun-lagmansgatan-14a-6105101269361383783,77-78m²,bostadsratt,2026-08-28T16:20:48.467119
288651870293802195,https://www.hemnet.se/salda/lagenhet-3rum-sodermalm-zinkensdamm-stockholms-kommun-ringvagen-39b-288651870293802195,77-78m²,bostadsratt,2026-08-28T16:20:48.467121
1521180878353828860,https://www.hemnet.se/salda/lagenhet-3rum-alideberg-boras-kommun-alidebergsgatan-15a-1521180878353828860,77-78m²,bostadsratt,2026-08-28T16:20:48.467122
7640769873013003870,https://www.hemnet.se/salda/lagenhet-3rum-marsta-ekilla-sigtuna-kommun-ekilla-gardsvag-16-7640769873013003870,77-78m²,bostadsratt,2026-08-28T16:20:48.467123
1216867600497338572,"https://www.hemnet.se/salda/lagenhet-3rum-frosunda-solna-kommun-anders-lundstroms-gata-14,-6-tr-1216867600497338572",77-78m²,bostadsratt,2026-08-28T16:20:48.467124
2790368317472647239,"https://www.hemnet.se/salda/lagenhet-2rum-sodermalm-mosebacke-stockholms-kommun-urvadersgrand-7-klevgrand-6,-4-tr-2790368317472647239",77-78m²,bostadsratt,2026-08-28T16:20:48.467126
1120000575950289822,https://www.hemnet.se/salda/lagenhet-3rum-mjolby-mjolby-kommun-kungsvagen-82-1120000575950289822,77-78m²,bostadsratt,2026-08-28T16:20:48.467127
4707657446373901665,https://www.hemnet.se/salda/lagenhet-3rum-skarpnack-stockholms-kommun-luftskeppsgatan-10-4707657446373901665,77-78m²,bostadsratt,2026-08-28T16:20:48.467128
3401417329133269459,https://www.hemnet.se/salda/lagenhet-3rum-vastra-berga-helsingborgs-kommun-volontarsgatan-6a-3401417329133269459,77-78m²,bostadsratt,2026-08-28T16:20:48.467129
5372984641449369995,https://www.hemnet.se/salda/lagenhet-3rum-norr-orebro-kommun-bromsgatan-7b-1tr-5372984641449369995,77-78m²,bostadsratt,2026-08-28T16:20:48.467131
903053354870883682,"https://www.hemnet.se/salda/lagenhet-4rum-brunna-park-upplands-bro-kommun-femstenavagen-3,-4tr-903053354870883682",77-78m²,bostadsratt,2026-08-28T16:20:48.467132
8013996373686327011,https://www.hemnet.se/salda/lagenhet-3rum-svalov-svalovs-kommun-herrevadsgatan-30-8013996373686327011,77-78m²,bostadsratt,2026-08-28T16:20:48.467133
841834585604012759,https://www.hemnet.se/salda/lagenhet-3rum-sodertalje-sodertalje-kommun-bergsgatan-10-841834585604012759,77-78m²,bostadsratt,2026-08-28T16:20:48.467134
4443802667974587668,https://www.hemnet.se/salda/lagenhet-3rum-ost-pa-stan-umea-kommun-kungsgatan-112a-4443802667974587668,77-78m²,bostadsratt,2026-08-28T16:20:48.467136
6251190172661984453,https://www.hemnet.se/salda/lagenhet-3rum-torpa-jonkopings-kommun-renserigatan-6251190172661984453,77-78m²,bostadsratt,2026-08-28T16:20:48.467137
7807082017134884519,https://www.hemnet.se/salda/lagenhet-3rum-eriksvik-nacka-kommun-enbacken-19-c-7807082017134884519,77-78m²,bostadsratt,2026-08-28T16:20:48.467138
5222241161965493633,https://www.hemnet.se/salda/lagenhet-5rum-idre-fjall-alvdalens-kommun-alpinvagen-860e-5222241161965493633,77-78m²,bostadsratt,2026-08-28T16:20:48.467140
4457989871137916671,https://www.hemnet.se/salda/lagenhet-3rum-kvarnholmen-nacka-kommun-siloplatsen-6-4457989871137916671,77-78m²,bostadsratt,2026-08-28T16:20:48.467141
8668537993295090887,"https://www.hemnet.se/salda/lagenhet-3,5rum-vasterhaninge-haninge-kommun-solhemsvagen-13-8668537993295090887",77-78m²,bostadsratt,2026-08-28T16:20:48.467146
1714920932956350465,https://www.hemnet.se/salda/lagenhet-3rum-soderkulla-malmo-kommun-berguvsgatan-2a-1714920932956350465,77-78m²,bostadsratt,2026-08-28T16:20:48.467148
2335655142623833105,https://www.hemnet.se/salda/lagenhet-2rum-handen-haninge-kommun-vallavagen-81-2335655142623833105,77-78m²,bostadsratt,2026-08-28T16:20:48.467149
2650517774055977361,"https://www.hemnet.se/salda/lagenhet-3rum-are-by-are-kommun-are-strand-6a2,-vecka-8-2650517774055977361",77-78m²,bostadsratt,2026-08-28T16:20:48.467150
4443693326099354582,https://www.hemnet.se/salda/lagenhet-4rum-centrum-harnosands-kommun-tullportsgatan-1-4443693326099354582,77-78m²,bostadsratt,2026-08-28T16:20:48.467151
3044212127001478634,https://www.hemnet.se/salda/lagenhet-3rum-skogas-huddinge-kommun-loftvagen-7-3044212127001478634,77-78m²,bostadsratt,2026-08-28T16:20:48.467152
4955729120004757345,"https://www.hemnet.se/salda/lagenhet-3,5rum-komarken-kungalvs-kommun-brynjegatan-13-4955729120004757345",77-78m²,bostadsratt,2026-08-28T16:20:48.467154
1637325797218220547,https://www.hemnet.se/salda/lagenhet-3rum-ribersborg-malmo-kommun-regementsgatan-31c-1637325797218220547,77-78m²,bostadsratt,2026-08-28T16:20:48.467155
3297755115815608168,https://www.hemnet.se/salda/lagenhet-2rum-centralt-orebro-kommun-manillagatan-22b-3297755115815608168,77-78m²,bostadsratt,2026-08-28T16:20:48.467156
3986575582447918755,https://www.hemnet.se/salda/lagenhet-3rum-nedre-gardet-ostermalm-stockholms-kommun-banergatan-75-3986575582447918755,77-78m²,bostadsratt,2026-08-28T16:20:48.467157
7389693425914719208,https://www.hemnet.se/salda/lagenhet-3rum-centralt-upplands-vasby-kommun-hagtornsvagen-3-7389693425914719208,77-78m²,bostadsratt,2026-08-28T16:20:48.467159
4334707741755044249,https://www.hemnet.se/salda/lagenhet-3rum-bomhus-gavle-kommun-prastgardsallen-20-4334707741755044249,77-78m²,bostadsratt,2026-08-28T16:20:48.467160
1200512058592828395,https://www.hemnet.se/salda/lagenhet-3rum-korsta-sundsvalls-kommun-korstavagen-12a-1200512058592828395,77-78m²,bostadsratt,2026-08-28T16:20:48.467161
8133918691884395343,https://www.hemnet.se/salda/lagenhet-3rum-luthagen-uppsala-kommun-hallbygatan-34a-8133918691884395343,77-78m²,bostadsratt,2026-08-28T16:20:48.467162
4578519733993992092,https://www.hemnet.se/salda/lagenhet-3rum-savar-umea-kommun-kaptensvagen-15-4578519733993992092,77-78m²,bostadsratt,2026-08-28T16:20:48.467163
7885893739593265537,https://www.hemnet.se/salda/lagenhet-3rum-lund-centrum-lunds-kommun-raffinadgatan-1-7885893739593265537,77-78m²,bostadsratt,2026-08-28T16:20:48.467164
5047457457651110013,https://www.hemnet.se/salda/lagenhet-3rum-triangeln-malmo-kommun-sodra-forstadsgatan-52-5047457457651110013,77-78m²,bostadsratt,2026-08-28T16:20:48.467166
209473135029983375,"https://www.hemnet.se/salda/lagenhet-2,5rum-centrum-uppsala-kommun-kryddblandargatan-9-209473135029983375",77-78m²,bostadsratt,2026-08-28T16:20:48.467167
6531833938052671849,https://www.hemnet.se/salda/lagenhet-4rum-norrviken-sollentuna-kommun-vespergrand-13-6531833938052671849,77-78m²,bostadsratt,2026-08-28T16:20:48.467170
1319691330822465419,https://www.hemnet.se/salda/lagenhet-3rum-lidingo-lidingo-kommun-herserudsvagen-2d-1319691330822465419,77-78m²,bostadsratt,2026-08-28T16:20:48.467172
4147610234448299037,https://www.hemnet.se/salda/lagenhet-3rum-mjolkudden-munkeberg-lulea-kommun-munkebergsgatan-80-4147610234448299037,77-78m²,bostadsratt,2026-08-28T16:20:48.467173
1792324078469019078,https://www.hemnet.se/salda/lagenhet-3rum-city-vasteras-kommun-ostermalmsgatan-7-1792324078469019078,77-78m²,bostadsratt,2026-08-28T16:20:48.467174
3204150718257826974,https://www.hemnet.se/salda/lagenhet-3rum-lustigknopp-falu-kommun-linnevagen-24c-3204150718257826974,77-78m²,bostadsratt,2026-08-28T16:20:48.467176
5561291808330826973,https://www.hemnet.se/salda/lagenhet-3rum-kopingsvik-borgholms-kommun-skurkvarnsvagen-1-lgh-09-2203-5561291808330826973,77-78m²,bostadsratt,2026-08-28T16:20:48.467177
1902502097044123785,https://www.hemnet.se/salda/lagenhet-3rum-soder-arboga-kommun-kapellgatan-24b-1902502097044123785,77-78m²,bostadsratt,2026-08-28T16:20:48.467178
3164782439078876925,https://www.hemnet.se/salda/lagenhet-3rum-adolfsberg-helsingborgs-kommun-sodra-hunnetorpsvagen-38c-3164782439078876925,77-78m²,bostadsratt,2026-08-28T16:20:48.467182
4462007444247803482,https://www.hemnet.se/salda/lagenhet-3rum-stampen-goteborgs-kommun-stampgatan-58c-4462007444247803482,77-78m²,bostadsratt,2026-08-28T16:20:48.467183
6429600501979848256,https://www.hemnet.se/salda/lagenhet-3rum-loddekopinge-centralt-kavlinge-kommun-edvin-anderssons-vag-21e-6429600501979848256,77-78m²,bostadsratt,2026-08-28T16:20:48.467184
5983554668557393442,https://www.hemnet.se/salda/lagenhet-3rum-storskogen-sundbybergs-kommun-fredsgatan-4a-5983554668557393442,77-78m²,bostadsratt,2026-08-28T16:20:48.467185
4992787129419808856,https://www.hemnet.se/salda/lagenhet-3rum-pildammarna-malmo-kommun-mariedalsvagen-60a-4992787129419808856,77-78m²,bostadsratt,2026-08-28T16:20:48.467187
4135859988002245490,https://www.hemnet.se/salda/lagenhet-3rum-hokarangen-stockholms-kommun-pepparvagen-64-4135859988002245490,77-78m²,bostadsratt,2026-08-28T16:20:48.467188
3436772492041222752,https://www.hemnet.se/salda/lagenhet-3rum-stigberget-goteborgs-kommun-tredje-langgatan-40-3436772492041222752,77-78m²,bostadsratt,2026-08-28T16:20:48.467189
3925094263369019202,"https://www.hemnet.se/salda/lagenhet-3rum-arsta-stockholms-kommun-arstavagen-103,-2-trappor-3925094263369019202",77-78m²,bostadsratt,2026-08-28T16:20:48.467193
533030628124018026,https://www.hemnet.se/salda/lagenhet-3rum-nasby-park-taby-kommun-kuttervagen-4-533030628124018026,77-78m²,bostadsratt,2026-08-28T16:20:48.467194
2802806972385468972,https://www.hemnet.se/salda/lagenhet-3rum-frolunda-goteborgs-kommun-transistorgatan-31-2802806972385468972,77-78m²,bostadsratt,2026-08-28T16:20:48.467195
762599809639731046,https://www.hemnet.se/salda/lagenhet-3rum-balsta-fagerdal-habo-kommun-fagerdalsvagen-5-762599809639731046,77-78m²,bostadsratt,2026-08-28T16:20:48.467196
7593571614585784598,https://www.hemnet.se/salda/lagenhet-3rum-sundsta-norrstrand-karlstads-kommun-sundsta-torg-1-7593571614585784598,77-78m²,bostadsratt,2026-08-28T16:20:48.467198
1600139205621649082,https://www.hemnet.se/salda/lagenhet-3rum-dalbo-vaxjo-kommun-dalbovagen-1b-1600139205621649082,77-78m²,bostadsratt,2026-08-28T16:20:48.467199
6488883610646296784,https://www.hemnet.se/salda/lagenhet-3rum-slaka-linkopings-kommun-haradsvagen-30-6488883610646296784,77-78m²,bostadsratt,2026-08-28T16:20:48.467200
1922479927922555833,https://www.hemnet.se/salda/lagenhet-3rum-skogas-huddinge-kommun-saterbacken-10-1922479927922555833,77-78m²,bostadsratt,2026-08-28T16:20:48.467201
4631957974831863794,https://www.hemnet.se/salda/lagenhet-3rum-vastra-skogen-solna-kommun-huvudstagatan-33-4631957974831863794,77-78m²,bostadsratt,2026-08-28T16:20:48.467202
8263739755260123347,https://www.hemnet.se/salda/lagenhet-3rum-haga-umea-kommun-norra-ersmarksgatan-46-8263739755260123347,77-78m²,bostadsratt,2026-08-28T16:20:48.467204
839375549921744052,https://www.hemnet.se/salda/lagenhet-3rum-sodermalm-stockholms-kommun-beckbrannarbacken-1-839375549921744052,77-78m²,bostadsratt,2026-08-28T16:20:48.467205
8408993081636026987,https://www.hemnet.se/salda/lagenhet-3rum-nacksta-sundsvalls-kommun-nackstavagen-48-b-8408993081636026987,77-78m²,bostadsratt,2026-08-28T16:20:48.467206
6362789531232380819,https://www.hemnet.se/salda/lagenhet-3rum-linero-lunds-kommun-kampagranden-13b-6362789531232380819,77-78m²,bostadsratt,2026-08-28T16:20:48.467207
5364907085056180389,https://www.hemnet.se/salda/lagenhet-4rum-vikingstad-linkopings-kommun-sivs-gata-13b-5364907085056180389,77-78m²,bostadsratt,2026-08-28T16:20:48.467208
1739220136599756816,https://www.hemnet.se/salda/lagenhet-3rum-trelleborg-trelleborgs-kommun-radmansgatan-2c-1739220136599756816,77-78m²,bostadsratt,2026-08-28T16:20:48.467209
5206596313217488549,https://www.hemnet.se/salda/lagenhet-3rum-liljeholmskajen-stockholms-kommun-sjoviksvagen-71-5206596313217488549,77-78m²,bostadsratt,2026-08-28T16:20:48.467210
9210945097602679608,https://www.hemnet.se/salda/lagenhet-3rum-korsta-sundsvalls-kommun-korstavagen-4a-9210945097602679608,77-78m²,bostadsratt,2026-08-28T16:20:48.467212
1903206390405867958,"https://www.hemnet.se/salda/lagenhet-3,5rum-vasterhaninge-haninge-kommun-solhemsvagen-23-1903206390405867958",77-78m²,bostadsratt,2026-08-28T16:20:48.467213
8750581575642012752,https://www.hemnet.se/salda/lagenhet-4rum-stora-hoga-stenungsunds-kommun-barnens-byvag-13e-8750581575642012752,77-78m²,bostadsratt,2026-08-28T16:20:48.467214
2222703103448788670,"https://www.hemnet.se/salda/lagenhet-3rum-tyreso-centrum-tyreso-kommun-granitvagen-11b,-2-tr-2222703103448788670",77-78m²,bostadsratt,2026-08-28T16:20:48.467217
296220542736670672,https://www.hemnet.se/salda/lagenhet-3rum-mjolby-mjolby-kommun-kungsvagen-73-296220542736670672,77-78m²,bostadsratt,2026-08-28T16:20:48.467219
2087606907472798310,https://www.hemnet.se/salda/lagenhet-3rum-anderstorp-skelleftea-kommun-hemmansgatan-127-2087606907472798310,77-78m²,bostadsratt,2026-08-28T16:20:48.467220
5078739165864798168,https://www.hemnet.se/salda/lagenhet-3rum-sodertalje-sodertalje-kommun-bergsgatan-12-5078739165864798168,77-78m²,bostadsratt,2026-08-28T16:20:48.467221
3614846651225810098,https://www.hemnet.se/salda/lagenhet-3rum-sala-backe-uppsala-kommun-murargatan-4c-3614846651225810098,77-78m²,bostadsratt,2026-08-28T16:20:48.467222
5699751364276337812,https://www.hemnet.se/salda/lagenhet-3rum-tynnered-goteborgs-kommun-turkosgatan-38-5699751364276337812,77-78m²,bostadsratt,2026-08-28T16:20:48.467223
7622713093895902462,https://www.hemnet.se/salda/lagenhet-3rum-mariefred-strangnas-kommun-foreningsgatan-1c-7622713093895902462,77-78m²,bostadsratt,2026-08-28T16:20:48.467225
4000646674780716298,https://www.hemnet.se/salda/lagenhet-2rum-kungsholmen-stockholms-kommun-ulriksborgsgatan-7-4000646674780716298,77-78m²,bostadsratt,2026-08-28T16:20:48.467226
4621729921013125475,https://www.hemnet.se/salda/lagenhet-3rum-kallhall-jarfalla-kommun-sagovagen-19-4621729921013125475,77-78m²,bostadsratt,2026-08-28T16:20:48.467227
4731425487094408942,https://www.hemnet.se/salda/lagenhet-3rum-tumba-botkyrka-kommun-samaritvagen-15-4731425487094408942,77-78m²,bostadsratt,2026-08-28T16:20:48.467228
4707112266316951995,https://www.hemnet.se/salda/lagenhet-3rum-vasastan-stockholms-kommun-karlbergsvagen-72b-4707112266316951995,77-78m²,bostadsratt,2026-08-28T16:20:48.467229
1437441989925922711,https://www.hemnet.se/salda/lagenhet-3rum-mjolkudden-lulea-kommun-mjolkuddsvagen-49-1437441989925922711,77-78m²,bostadsratt,2026-08-28T16:20:48.467230
190624122210305993,https://www.hemnet.se/salda/lagenhet-3rum-ostermalm-vasteras-kommun-kakelgatan-1-190624122210305993,77-78m²,bostadsratt,2026-08-28T16:20:48.467232
1918548803777854411,https://www.hemnet.se/salda/lagenhet-3rum-va-kristianstads-kommun-backstigen-5a-1918548803777854411,77-78m²,bostadsratt,2026-08-28T16:20:48.467235
5057178756486861350,https://www.hemnet.se/salda/lagenhet-3rum-s-t-knut-malmo-kommun-master-danielsgatan-3-5057178756486861350,77-78m²,bostadsratt,2026-08-28T16:20:48.467237
292421060884653364,https://www.hemnet.se/salda/lagenhet-2rum-kungsholmen-stockholms-kommun-pontonjargatan-38-292421060884653364,77-78m²,bostadsratt,2026-08-28T16:20:48.467238
6451463751712282339,https://www.hemnet.se/salda/lagenhet-3rum-arsta-uppsala-kommun-fankalsgatan-25-6451463751712282339,77-78m²,bostadsratt,2026-08-28T16:20:48.467239
7126754194353355597,https://www.hemnet.se/salda/lagenhet-4rum-lerum-norra-hallsas-lerums-kommun-halssmyckevagen-21h-7126754194353355597,77-78m²,bostadsratt,2026-08-28T16:20:48.467240
7354863001927405422,https://www.hemnet.se/salda/lagenhet-3rum-kalkbrottet-malmo-kommun-kalkstensvagen-17-7354863001927405422,77-78m²,bostadsratt,2026-08-28T16:20:48.467241
327835608261752887,https://www.hemnet.se/salda/lagenhet-3rum-valsatra-uppsala-kommun-hugo-alfvens-vag-16-327835608261752887,77-78m²,bostadsratt,2026-08-28T16:20:48.467243
9221808612028767260,https://www.hemnet.se/salda/lagenhet-3rum-tureberg-sollentuna-kommun-blaklockevagen-8-9221808612028767260,77-78m²,bostadsratt,2026-08-28T16:20:48.467244
5301681655384934645,https://www.hemnet.se/salda/lagenhet-3rum-stockholm-stockholms-kommun-nynasvagen-306-5301681655384934645,77-78m²,bostadsratt,2026-08-28T16:20:48.467245
7780530798236868548,https://www.hemnet.se/salda/lagenhet-3rum-skarblacka-norrkopings-kommun-folkets-husvagen-8b-7780530798236868548,77-78m²,bostadsratt,2026-08-28T16:20:48.467246
49864369741811032,https://www.hemnet.se/salda/lagenhet-3rum-nacka-kvarnholmen-nacka-kommun-makaronigrand-3-49864369741811032,77-78m²,bostadsratt,2026-08-28T16:20:48.467247
4486757451833785606,https://www.hemnet.se/salda/lagenhet-3rum-mora-centrum-mora-kommun-fridhemsplan-4-b-4486757451833785606,77-78m²,bostadsratt,2026-08-28T16:20:48.467249
6041480853470897136,"https://www.hemnet.se/salda/lagenhet-3rum-bagen-skara-kommun-djurgardsvagen-11-d,-van-2-6041480853470897136",77-78m²,bostadsratt,2026-08-28T16:20:48.467252
894384883160079314,https://www.hemnet.se/salda/lagenhet-2rum-tagaborg-helsingborgs-kommun-hjalmshultsgatan-15-894384883160079314,77-78m²,bostadsratt,2026-08-28T16:20:48.467253
270739353848315125,https://www.hemnet.se/salda/lagenhet-3rum-trosso-karlskrona-kommun-arklimastaregatan-14-270739353848315125,77-78m²,bostadsratt,2026-08-28T16:20:48.467254
4088132447742731451,https://www.hemnet.se/salda/lagenhet-3rum-bergfoten-tyreso-kommun-bollmoravagen-122-4088132447742731451,77-78m²,bostadsratt,2026-08-28T16:20:48.467256
3322942513367732987,https://www.hemnet.se/salda/lagenhet-3rum-centrum-strangnas-kommun-eskilsgatan-1-3322942513367732987,77-78m²,bostadsratt,2026-08-28T16:20:48.467257
1702722098190253729,https://www.hemnet.se/salda/lagenhet-2rum-strangnas-strangnas-kommun-petterstorp-6b-1702722098190253729,77-78m²,bostadsratt,2026-08-28T16:20:48.467260
1223584829861707945,https://www.hemnet.se/salda/lagenhet-3rum-nya-kungsgarden-angelholms-kommun-nordanvindsgatan-3a-1223584829861707945,77-78m²,bostadsratt,2026-08-28T16:20:48.467262
7078170896299892339,https://www.hemnet.se/salda/lagenhet-3rum-vasterhaninge-haninge-kommun-solhemsvagen-15-7078170896299892339,77-78m²,bostadsratt,2026-08-28T16:20:48.467281
9171554464893940666,https://www.hemnet.se/salda/lagenhet-3rum-soder-gavle-kommun-sodra-kansligatan-33-9171554464893940666,77-78m²,bostadsratt,2026-08-28T16:20:48.467284
4623247499373164757,https://www.hemnet.se/salda/lagenhet-3rum-sunnersta-uppsala-kommun-sveddvagen-13c-4623247499373164757,77-78m²,bostadsratt,2026-08-28T16:20:48.467286
9022040296441018801,https://www.hemnet.se/salda/lagenhet-3rum-danderyd-danderyds-kommun-gardes-backe-3e-9022040296441018801,77-78m²,bostadsratt,2026-08-28T16:20:48.467289
3134234236624260066,"https://www.hemnet.se/salda/lagenhet-3rum-lillsjon,-odensala-ostersunds-kommun-vickervagen-149-3134234236624260066",77-78m²,bostadsratt,2026-08-28T16:20:48.467291
5174585837142054843,https://www.hemnet.se/salda/lagenhet-4rum-vastra-hamnen-malmo-kommun-ankargatan-9-5174585837142054843,77-78m²,bostadsratt,2026-08-28T16:20:48.467293
1218198234891827313,https://www.hemnet.se/salda/lagenhet-3rum-jonkoping-jonkopings-kommun-gesallgatan-8b-1218198234891827313,77-78m²,bostadsratt,2026-08-28T16:20:48.467295
3696093434735322364,https://www.hemnet.se/salda/lagenhet-4rum-hagerstensasen-stockholms-kommun-inteckningsvagen-17b-3696093434735322364,77-78m²,bostadsratt,2026-08-28T16:20:48.467297
8048778714088716524,https://www.hemnet.se/salda/lagenhet-3rum-centrala-molndal-molndals-kommun-broslattsgatan-21-8048778714088716524,77-78m²,bostadsratt,2026-08-28T16:20:48.467300
2816776436228275804,https://www.hemnet.se/salda/lagenhet-3rum-arsta-uppsala-kommun-grasloksgatan-30-2816776436228275804,77-78m²,bostadsratt,2026-08-28T16:20:48.467303
2268072435207828447,"https://www.hemnet.se/salda/lagenhet-3rum-vargarda-kommun-vetevagen-5a,-lgh-1001-2268072435207828447",77-78m²,bostadsratt,2026-08-28T16:20:48.467305
7203810541845173178,https://www.hemnet.se/salda/lagenhet-3rum-tensta-stockholms-kommun-skaftingebacken-19-7203810541845173178,77-78m²,bostadsratt,2026-08-28T16:20:48.467307
7062799106046050788,https://www.hemnet.se/salda/lagenhet-3rum-norrliden-sundsvalls-kommun-baldersvagen-54-7062799106046050788,77-78m²,bostadsratt,2026-08-28T16:20:48.467308
6782460155630365127,https://www.hemnet.se/salda/lagenhet-3rum-tidaholm-tidaholms-kommun-dyckertsgatan-7-6782460155630365127,77-78m²,bostadsratt,2026-08-28T16:20:48.467312
6509268689985115040,https://www.hemnet.se/salda/lagenhet-3rum-taby-kyrkby-taby-kommun-midgardsvagen-24-6509268689985115040,77-78m²,bostadsratt,2026-08-28T16:20:48.467314
8030091839925717669,https://www.hemnet.se/salda/lagenhet-4rum-skarsatra-lidingo-kommun-pyrolavagen-29-8030091839925717669,77-78m²,bostadsratt,2026-08-28T16:20:48.467315
1388239162607124619,"https://www.hemnet.se/salda/lagenhet-3rum-kista-gard-stockholms-kommun-kista-allevag-25,-3-tr-1388239162607124619",77-78m²,bostadsratt,2026-08-28T16:20:48.467316
8887241703952021816,https://www.hemnet.se/salda/lagenhet-3rum-hagernas-taby-kommun-radarvagen-18-8887241703952021816,77-78m²,bostadsratt,2026-08-28T16:20:48.467317
8312369783389011456,https://www.hemnet.se/salda/lagenhet-5rum-burgsvik-samhalle-gotlands-kommun-malargrand-2b-8312369783389011456,77-78m²,bostadsratt,2026-08-28T16:20:48.467318
753642028944844706,https://www.hemnet.se/salda/lagenhet-3rum-torpa-jonkopings-kommun-hemstigen-3-753642028944844706,77-78m²,bostadsratt,2026-08-28T16:20:48.467322
7830116479551200434,"https://www.hemnet.se/salda/lagenhet-4rum-stureby-enskede-stockholms-kommun-bjulevagen-17,-1,5-tr-7830116479551200434",77-78m²,bostadsratt,2026-08-28T16:20:48.467323
1879247818645826492,https://www.hemnet.se/salda/lagenhet-3rum-hisings-backa-goteborgs-kommun-sandbanksvagen-26-1879247818645826492,77-78m²,bostadsratt,2026-08-28T16:20:48.467324
8995596335540703996,https://www.hemnet.se/salda/lagenhet-3rum-mariedal-sorsedammsomradet-varbergs-kommun-bandholtzgatan-37b-8995596335540703996,77-78m²,bostadsratt,2026-08-28T16:20:48.467326
196268093377897257,https://www.hemnet.se/salda/lagenhet-3rum-centrum-lulea-kommun-stationsgatan-25a-196268093377897257,77-78m²,bostadsratt,2026-08-28T16:20:48.467327
8332326867220689892,https://www.hemnet.se/salda/lagenhet-3rum-vastra-skogen-solna-kommun-johan-enbergs-vag-19-8332326867220689892,77-78m²,bostadsratt,2026-08-28T16:20:48.467328
7830185665603893007,https://www.hemnet.se/salda/lagenhet-3rum-kvisthamra-gransater-norrtalje-kommun-pilgatan-2-7830185665603893007,77-78m²,bostadsratt,2026-08-28T16:20:48.467329
8315179474158072953,https://www.hemnet.se/salda/lagenhet-3rum-jarvastaden-solna-kommun-dammtorps-alle-2-8315179474158072953,77-78m²,bostadsratt,2026-08-28T16:20:48.467330
6535696621434066877,https://www.hemnet.se/salda/lagenhet-3rum-ursviken-skelleftea-kommun-saltmatargrand-20-6535696621434066877,77-78m²,bostadsratt,2026-08-28T16:20:48.467332
8132424289058867044,https://www.hemnet.se/salda/lagenhet-3rum-utby-goteborgs-kommun-snormakaregatan-11-8132424289058867044,77-78m²,bostadsratt,2026-08-28T16:20:48.467333
7134880715552780660,https://www.hemnet.se/salda/lagenhet-3rum-slussen-malmo-kommun-slussplan-3a-7134880715552780660,77-78m²,bostadsratt,2026-08-28T16:20:48.467334
2144772811839232936,https://www.hemnet.se/salda/lagenhet-3rum-havstena-skovde-kommun-havstenavagen-38e-2144772811839232936,77-78m²,bostadsratt,2026-08-28T16:20:48.467335
745061523494809630,https://www.hemnet.se/salda/lagenhet-4rum-teg-umea-kommun-metargrand-7-745061523494809630,77-78m²,bostadsratt,2026-08-28T16:20:48.467336
5858031008851874185,"https://www.hemnet.se/salda/lagenhet-3,5rum-eslov-centralt-eslovs-kommun-odengatan-1a-5858031008851874185",77-78m²,bostadsratt,2026-08-28T16:20:48.467339
5070219627774270766,https://www.hemnet.se/salda/lagenhet-3rum-ovre-vasastaden-linkopings-kommun-timmermansgatan-7-5070219627774270766,77-78m²,bostadsratt,2026-08-28T16:20:48.467341
1771346077469033299,"https://www.hemnet.se/salda/lagenhet-3rum-spanga-tensta-stockholms-kommun-skaftingebacken-28,-4-tr-1771346077469033299",77-78m²,bostadsratt,2026-08-28T16:20:48.467342
5166054808668542897,https://www.hemnet.se/salda/lagenhet-3rum-geneta-sodertalje-kommun-orienteringsstigen-29a-5166054808668542897,77-78m²,bostadsratt,2026-08-28T16:20:48.467343
8978052781849587093,https://www.hemnet.se/salda/lagenhet-3rum-bromma-riksby-stockholms-kommun-spetsvagen-33-8978052781849587093,77-78m²,bostadsratt,2026-08-28T16:20:48.467345
2037663764935230572,https://www.hemnet.se/salda/lagenhet-3rum-vaxon-vaxholms-kommun-soldatgatan-21-2037663764935230572,77-78m²,bostadsratt,2026-08-28T16:20:48.467346
8234032104161659209,https://www.hemnet.se/salda/lagenhet-3rum-bromma-mariehall-stockholms-kommun-askangsbacken-52-8234032104161659209,77-78m²,bostadsratt,2026-08-28T16:20:48.467347
2134235826531181905,https://www.hemnet.se/salda/lagenhet-3rum-vetterslund-vasteras-kommun-vetterslundsgatan-84-2134235826531181905,77-78m²,bostadsratt,2026-08-28T16:20:48.467348
6735741966073368355,https://www.hemnet.se/salda/lagenhet-3rum-lambohov-linkopings-kommun-bygdegatan-401-6735741966073368355,77-78m²,bostadsratt,2026-08-28T16:20:48.467349
3452474679921895561,"https://www.hemnet.se/salda/lagenhet-3rum-farsta-centrum-stockholms-kommun-forshagagatan-32,-2-tr-3452474679921895561",77-78m²,bostadsratt,2026-08-28T16:20:48.467350
5480603166103669167,https://www.hemnet.se/salda/lagenhet-4rum-husie-solangen-toftangen-malmo-kommun-klagerupsvagen-307g-5480603166103669167,77-78m²,bostadsratt,2026-08-28T16:20:48.467352
8359821750155379780,https://www.hemnet.se/salda/lagenhet-3rum-attekulla-helsingborgs-kommun-barnstensgatan-55b-8359821750155379780,77-78m²,bostadsratt,2026-08-28T16:20:48.467353
3559195781276545461,"https://www.hemnet.se/salda/lagenhet-3rum-sodermalm-stockholms-kommun-sockerbruksgrand-18,-2tr-3559195781276545461",77-78m²,bostadsratt,2026-08-28T16:20:48.467358
2198336320994127776,https://www.hemnet.se/salda/lagenhet-3rum-ektorp-nacka-kommun-ektorpsvagen-7b-2198336320994127776,77-78m²,bostadsratt,2026-08-28T16:20:48.467360
3552583623903459060,https://www.hemnet.se/salda/lagenhet-3rum-centrum-trollhattans-kommun-staveredsgatan-17b-3552583623903459060,77-78m²,bostadsratt,2026-08-28T16:20:48.467361
5010572237189649287,https://www.hemnet.se/salda/lagenhet-3rum-vasastan-stockholms-kommun-frejgatan-36a-5010572237189649287,77-78m²,bostadsratt,2026-08-28T16:20:48.467362
8883446039692149898,https://www.hemnet.se/salda/lagenhet-3rum-mjolkudden-lulea-kommun-munkebergsgatan-52-8883446039692149898,77-78m²,bostadsratt,2026-08-28T16:20:48.467363
987504091407436655,https://www.hemnet.se/salda/lagenhet-3rum-norrtalje-stad-hamnen-norrtalje-kommun-brannasgatan-11b-987504091407436655,77-78m²,bostadsratt,2026-08-28T16:20:48.467364
3143105910862400511,https://www.hemnet.se/salda/lagenhet-3rum-ostermalm-vasteras-kommun-ostra-tullgatan-6-3143105910862400511,77-78m²,bostadsratt,2026-08-28T16:20:48.467366
6031730845635794647,https://www.hemnet.se/salda/lagenhet-3rum-molndal-molndals-kommun-ponnygatan-2d-6031730845635794647,77-78m²,bostadsratt,2026-08-28T16:20:48.467367
2403016532240810195,https://www.hemnet.se/salda/lagenhet-3rum-morohojden-skelleftea-kommun-myntgatan-5e-2403016532240810195,77-78m²,bostadsratt,2026-08-28T16:20:48.467368
5941632308968420498,https://www.hemnet.se/salda/lagenhet-3rum-trummens-strand-vaxjo-kommun-serafimervagen-11a-5941632308968420498,77-78m²,bostadsratt,2026-08-28T16:20:48.467369
232227800196249288,https://www.hemnet.se/salda/lagenhet-3rum-inverness-danderyds-kommun-gardes-backe-3e-232227800196249288,77-78m²,bostadsratt,2026-08-28T16:20:48.467370
2438907816179800842,"https://www.hemnet.se/salda/lagenhet-3rum-fisksatra-nacka-kommun-fisksatravagen-28a,-lgh-11502-2438907816179800842",77-78m²,bostadsratt,2026-08-28T16:20:48.467372
2138114493109566721,https://www.hemnet.se/salda/lagenhet-3rum-kungsholmen-stockholms-kommun-gambrinusgatan-6-2138114493109566721,77-78m²,bostadsratt,2026-08-28T16:20:48.467373
5818376081878156597,https://www.hemnet.se/salda/lagenhet-3rum-linnestaden-goteborgs-kommun-ovre-djupedalsgatan-9b-5818376081878156597,77-78m²,bostadsratt,2026-08-28T16:20:48.467374
3658709843997504184,https://www.hemnet.se/salda/lagenhet-3rum-linne-goteborgs-kommun-andra-langgatan-32-3658709843997504184,77-78m²,bostadsratt,2026-08-28T16:20:48.467375
7959886437799401722,https://www.hemnet.se/salda/lagenhet-3rum-kungsholmen-stockholms-kommun-kristinebergsvagen-24-7959886437799401722,77-78m²,bostadsratt,2026-08-28T16:20:48.467376
6639608684602892595,https://www.hemnet.se/salda/lagenhet-3rum-gustavsberg-porslinskvarteren-varmdo-kommun-chamottevagen-21-6639608684602892595,77-78m²,bostadsratt,2026-08-28T16:20:48.467377
3468510782892081245,https://www.hemnet.se/salda/lagenhet-3rum-norrmalm-skovde-kommun-norra-trangallen-20b-3468510782892081245,77-78m²,bostadsratt,2026-08-28T16:20:48.467381
5141891176044934941,https://www.hemnet.se/salda/lagenhet-3rum-hisings-backa-goteborgs-kommun-batsman-kapers-gata-102-5141891176044934941,77-78m²,bostadsratt,2026-08-28T16:20:48.467382
1921232652540209701,https://www.hemnet.se/salda/lagenhet-3rum-arsta-stockholms-kommun-sandfjardsgatan-120-1921232652540209701,77-78m²,bostadsratt,2026-08-28T16:20:48.467384
6268602034852897724,https://www.hemnet.se/salda/lagenhet-3rum-mjolkudden-lulea-kommun-munkebergsgatan-78-6268602034852897724,77-78m²,bostadsratt,2026-08-28T16:20:48.467385
3750599154094323873,https://www.hemnet.se/salda/lagenhet-3rum-soderkulla-malmo-kommun-tornfalksgatan-2b-3750599154094323873,77-78m²,bostadsratt,2026-08-28T16:20:48.467386
7804239591496047080,https://www.hemnet.se/salda/lagenhet-3rum-bro-finnsta-upplands-bro-kommun-vallmostigen-23-7804239591496047080,77-78m²,bostadsratt,2026-08-28T16:20:48.467387
5056662962117242272,"https://www.hemnet.se/salda/lagenhet-3rum-hammarby-sjostad-stockholms-kommun-batbyggargatan-21,-2tr-5056662962117242272",77-78m²,bostadsratt,2026-08-28T16:20:48.467388
5724000677777415151,https://www.hemnet.se/salda/lagenhet-3rum-surte-ale-kommun-goteborgsvagen-97b-5724000677777415151,77-78m²,bostadsratt,2026-08-28T16:20:48.467390
7277242323939992364,https://www.hemnet.se/salda/lagenhet-3rum-vaster-gavle-kommun-vastra-vagen-26a-7277242323939992364,77-78m²,bostadsratt,2026-08-28T16:20:48.467391
5655743829778236731,https://www.hemnet.se/salda/lagenhet-3rum-centrala-boden-bodens-kommun-kyrkgatan-31a-5655743829778236731,77-78m²,bostadsratt,2026-08-28T16:20:48.467394
9034501511160269966,https://www.hemnet.se/salda/lagenhet-4rum-carlslund-upplands-vasby-kommun-blommelundsvagen-15-9034501511160269966,77-78m²,bostadsratt,2026-08-28T16:20:48.467396
8157055479009437951,"https://www.hemnet.se/salda/lagenhet-3rum-arsta-stockholms-kommun-arstavagen-113,-van-1-8157055479009437951",77-78m²,bostadsratt,2026-08-28T16:20:48.467397
7191155643207302537,https://www.hemnet.se/salda/lagenhet-3rum-kneippen-norrkopings-kommun-kneippgatan-7-7191155643207302537,77-78m²,bostadsratt,2026-08-28T16:20:48.467398
9213869350412212886,https://www.hemnet.se/salda/lagenhet-4rum-tensta-stockholms-kommun-barkingeplan-16-9213869350412212886,77-78m²,bostadsratt,2026-08-28T16:20:48.467400
2968517510825864844,https://www.hemnet.se/salda/lagenhet-3rum-hestra-boras-kommun-sonatgatan-16d-2968517510825864844,77-78m²,bostadsratt,2026-08-28T16:20:48.467401
653566390404896814,"https://www.hemnet.se/salda/lagenhet-4rum-vasastaden-stockholms-kommun-norrbackagatan-31,-1tr-653566390404896814",77-78m²,bostadsratt,2026-08-28T16:20:48.467405
561221442844338915,https://www.hemnet.se/salda/lagenhet-3rum-boleang-umea-kommun-bjornbarsvagen-4d-561221442844338915,77-78m²,bostadsratt,2026-08-28T16:20:48.467406
6047886730343694358,"https://www.hemnet.se/salda/lagenhet-4,5rum-salen-malung-salens-kommun-timmerby-village-23d-6047886730343694358",77-78m²,bostadsratt,2026-08-28T16:20:48.467407
8498019799703885943,https://www.hemnet.se/salda/lagenhet-3rum-nora-nora-kommun-rattarvagen-6a-8498019799703885943,77-78m²,bostadsratt,2026-08-28T16:20:48.467409
4007138392198657088,"https://www.hemnet.se/salda/lagenhet-3rum-viksjo-jarfalla-kommun-traktorvagen-54,-1-tr,-4007138392198657088",77-78m²,bostadsratt,2026-08-28T16:20:48.467410
5866642737346928527,https://www.hemnet.se/salda/lagenhet-3rum-arsta-uppsala-kommun-kamomillgatan-8-5866642737346928527,77-78m²,bostadsratt,2026-08-28T16:20:48.467411
2022541669405673990,"https://www.hemnet.se/salda/lagenhet-2,5rum-ladugardsgardet-stockholms-kommun-erik-dahlbergsgatan-24-2022541669405673990",77-78m²,bostadsratt,2026-08-28T16:20:48.467412
2374758762361707696,https://www.hemnet.se/salda/lagenhet-3rum-vasastan-stockholms-kommun-hagagatan-30-2374758762361707696,77-78m²,bostadsratt,2026-08-28T16:20:48.467413
836326919589658848,https://www.hemnet.se/salda/lagenhet-3rum-vadergatorna-uppsala-kommun-molngatan-6-836326919589658848,77-78m²,bostadsratt,2026-08-28T16:20:48.467415
3388810731690730600,https://www.hemnet.se/salda/lagenhet-3rum-vasastan-sankt-eriksplan-stockholms-kommun-torsgatan-58-3388810731690730600,77-78m²,bostadsratt,2026-08-28T16:20:48.467416
3733480168039413208,https://www.hemnet.se/salda/lagenhet-3rum-hudiksvall-hudiksvalls-kommun-fiskebyvagen-4a-3733480168039413208,77-78m²,bostadsratt,2026-08-28T16:20:48.467417
8261934635787957066,"https://www.hemnet.se/salda/lagenhet-4rum-arsta-stockholms-kommun-ralangsvagen-6,-2-tr-8261934635787957066",77-78m²,bostadsratt,2026-08-28T16:20:48.467418
2755549761443363236,https://www.hemnet.se/salda/lagenhet-4rum-vimpeltorpet-kalmar-kommun-hemvagen-16l-2755549761443363236,77-78m²,bostadsratt,2026-08-28T16:20:48.467419
7844828097995161898,https://www.hemnet.se/salda/lagenhet-3rum-kapellgardet-uppsala-kommun-rabyvagen-26-7844828097995161898,77-78m²,bostadsratt,2026-08-28T16:20:48.467421
7626030940972096962,"https://www.hemnet.se/salda/lagenhet-3,5rum-bifrost-molndals-kommun-pinnharvsgatan-1e-7626030940972096962",77-78m²,bostadsratt,2026-08-28T16:20:48.467422
4295592299530301996,https://www.hemnet.se/salda/lagenhet-3rum-frostaliden-skovde-kommun-frostaliden-10-4295592299530301996,77-78m²,bostadsratt,2026-08-28T16:20:48.467423
8390713636800232252,https://www.hemnet.se/salda/lagenhet-3rum-halmstad-centralt-halmstads-kommun-strandgatan-2-8390713636800232252,77-78m²,bostadsratt,2026-08-28T16:20:48.467424
1380640703678903203,https://www.hemnet.se/salda/lagenhet-3rum-kavlinge-rinnbo-kavlinge-kommun-rinnbovagen-31-1380640703678903203,77-78m²,bostadsratt,2026-08-28T16:20:48.467425
3480566041083844038,https://www.hemnet.se/salda/lagenhet-3rum-kungsholmen-stockholms-kommun-norr-malarstrand-100-3480566041083844038,77-78m²,bostadsratt,2026-08-28T16:20:48.467427
5431237233212183366,https://www.hemnet.se/salda/lagenhet-3rum-trangsund-huddinge-kommun-bridgevagen-12-5431237233212183366,77-78m²,bostadsratt,2026-08-28T16:20:48.467430
8103715759776663266,https://www.hemnet.se/salda/lagenhet-3rum-kalltorp-goteborgs-kommun-lilla-karralundsgatan-15-a-8103715759776663266,77-78m²,bostadsratt,2026-08-28T16:20:48.467431
5228522196639400572,https://www.hemnet.se/salda/lagenhet-3rum-hovas-goteborgs-kommun-gunviken-8a-5228522196639400572,77-78m²,bostadsratt,2026-08-28T16:20:48.467433
6439636203758805984,https://www.hemnet.se/salda/lagenhet-4rum-bohuslan-kungalvs-kommun-lievagen-231-6439636203758805984,77-78m²,bostadsratt,2026-08-28T16:20:48.467434
3170820737578850945,https://www.hemnet.se/salda/lagenhet-3rum-centrum-trollhattans-kommun-drottninggatan-61a-3170820737578850945,77-78m²,bostadsratt,2026-08-28T16:20:48.467435
2157991921977718122,https://www.hemnet.se/salda/lagenhet-3rum-ostanfors-falu-kommun-moragatan-13a-2157991921977718122,77-78m²,bostadsratt,2026-08-28T16:20:48.467436
1167200714321636867,https://www.hemnet.se/salda/lagenhet-3rum-centrala-vasby-upplands-vasby-kommun-husarvagen-8-1167200714321636867,77-78m²,bostadsratt,2026-08-28T16:20:48.467437
5570804205528070163,https://www.hemnet.se/salda/lagenhet-3rum-inom-vallgraven-goteborgs-kommun-kungsgatan-8-5570804205528070163,77-78m²,bostadsratt,2026-08-28T16:20:48.467438
1360394861752894392,https://www.hemnet.se/salda/lagenhet-3rum-rejmyre-finspangs-kommun-tvartorpsvagen-7b-1360394861752894392,77-78m²,bostadsratt,2026-08-28T16:20:48.467440
7478884779136215125,"https://www.hemnet.se/salda/lagenhet-3rum-gardet-ostermalm-stockholms-kommun-furusundsgatan-18,-3-tr-7478884779136215125",77-78m²,bostadsratt,2026-08-28T16:20:48.467441
6063393079371179418,https://www.hemnet.se/salda/lagenhet-3rum-roback-umea-kommun-kragvagen-102-6063393079371179418,77-78m²,bostadsratt,2026-08-28T16:20:48.467442
570321109101733365,https://www.hemnet.se/salda/lagenhet-3rum-bergsater-boras-kommun-backadalsstigen-8a-570321109101733365,77-78m²,bostadsratt,2026-08-28T16:20:48.467443
558716462740807895,https://www.hemnet.se/salda/lagenhet-3rum-noltorp-alingsas-kommun-noltorpsgatan-7e-558716462740807895,77-78m²,bostadsratt,2026-08-28T16:20:48.467444
5724145148307189074,https://www.hemnet.se/salda/lagenhet-3rum-centrala-hudiksvall-hudiksvalls-kommun-storgatan-43-5724145148307189074,77-78m²,bostadsratt,2026-08-28T16:20:48.467448
3678665100280175411,https://www.hemnet.se/salda/lagenhet-2rum-molndal-centrum-molndals-kommun-torggatan-86-3678665100280175411,77-78m²,bostadsratt,2026-08-28T16:20:48.467449
2239833851846389032,https://www.hemnet.se/salda/lagenhet-3rum-hagernas-taby-kommun-radarvagen-20-2239833851846389032,77-78m²,bostadsratt,2026-08-28T16:20:48.467450
7139494950798693044,https://www.hemnet.se/salda/lagenhet-3rum-elinegard-malmo-kommun-hogatan-11-7139494950798693044,77-78m²,bostadsratt,2026-08-28T16:20:48.467451
4905611719790334937,https://www.hemnet.se/salda/lagenhet-3rum-huskvarna-centrum-jonkopings-kommun-bruksgatan-16-4905611719790334937,77-78m²,bostadsratt,2026-08-28T16:20:48.467453
6345923012173515933,"https://www.hemnet.se/salda/lagenhet-3,5rum-minneberg-stockholms-kommun-svartviksslingan-104-6345923012173515933",77-78m²,bostadsratt,2026-08-28T16:20:48.467454
7816005727555627380,https://www.hemnet.se/salda/lagenhet-4rum-nasbypark-taby-kommun-ornstigen-13-7816005727555627380,77-78m²,bostadsratt,2026-08-28T16:20:48.467455
5860268515690046192,https://www.hemnet.se/salda/lagenhet-2rum-oster-orebro-kommun-manillagatan-22b-5860268515690046192,77-78m²,bostadsratt,2026-08-28T16:20:48.467456
4425718053524548036,"https://www.hemnet.se/salda/lagenhet-3rum-herserud-hiertagarden-lidingo-kommun-herserudsvagen-8,-3-tr-4425718053524548036",77-78m²,bostadsratt,2026-08-28T16:20:48.467457
3949483153049682257,https://www.hemnet.se/salda/lagenhet-3rum-hassleholm-vaster-hassleholms-kommun-backslantsgatan-7b-3949483153049682257,77-78m²,bostadsratt,2026-08-28T16:20:48.467459
8815722132169823282,https://www.hemnet.se/salda/lagenhet-3rum-sala-backe-uppsala-kommun-murargatan-4b-8815722132169823282,77-78m²,bostadsratt,2026-08-28T16:20:48.467460
4987693523332507689,https://www.hemnet.se/salda/lagenhet-3rum-triangeln-malmo-kommun-radmansgatan-14-4987693523332507689,77-78m²,bostadsratt,2026-08-28T16:20:48.467461
8490716478308109828,https://www.hemnet.se/salda/lagenhet-3rum-helenelund-sollentuna-kommun-stupvagen-71-8490716478308109828,77-78m²,bostadsratt,2026-08-28T16:20:48.467462
4101480962701984349,https://www.hemnet.se/salda/lagenhet-3rum-arsta-uppsala-kommun-kamomillgatan-3-4101480962701984349,77-78m²,bostadsratt,2026-08-28T16:20:48.467466
4007378002951889333,https://www.hemnet.se/salda/lagenhet-3rum-skarpnacks-gard-stockholms-kommun-vinggatan-14-4007378002951889333,77-78m²,bostadsratt,2026-08-28T16:20:48.467467
6875083718301033224,https://www.hemnet.se/salda/lagenhet-3rum-ostra-staffasntorp-staffanstorps-kommun-kampanjegatan-4b-lgh-1003-6875083718301033224,77-78m²,bostadsratt,2026-08-28T16:20:48.467471
6159584408879825719,https://www.hemnet.se/salda/lagenhet-3rum-aspudden-ornsberg-stockholms-kommun-ivar-vidfamnes-gata-25-6159584408879825719,77-78m²,bostadsratt,2026-08-28T16:20:48.467472
7738465263662577777,https://www.hemnet.se/salda/lagenhet-3rum-kapellgardet-uppsala-kommun-portalgatan-15-7738465263662577777,77-78m²,bostadsratt,2026-08-28T16:20:48.467473
7757613679424993034,https://www.hemnet.se/salda/lagenhet-2rum-tagaborg-helsingborgs-kommun-bagaregatan-21-7757613679424993034,77-78m²,bostadsratt,2026-08-28T16:20:48.467474
976415807508059104,https://www.hemnet.se/salda/lagenhet-3rum-vastra-skogen-solna-kommun-lundagatan-11-976415807508059104,77-78m²,bostadsratt,2026-08-28T16:20:48.467476
5746987625206105236,https://www.hemnet.se/salda/lagenhet-3rum-norra-sorgenfri-malmo-kommun-industrigatan-4-a-5746987625206105236,77-78m²,bostadsratt,2026-08-28T16:20:48.467477
3007634816033451098,https://www.hemnet.se/salda/lagenhet-3rum-osby-osby-kommun-goingegatan-9d-3007634816033451098,77-78m²,bostadsratt,2026-08-28T16:20:48.467478
5746598198049659384,https://www.hemnet.se/salda/lagenhet-3rum-valbo-gavle-kommun-skommarsbacken-5b-5746598198049659384,77-78m²,bostadsratt,2026-08-28T16:20:48.467479
7651616895858842219,https://www.hemnet.se/salda/lagenhet-3rum-mariero-vanersborgs-kommun-marierovagen-35h-7651616895858842219,77-78m²,bostadsratt,2026-08-28T16:20:48.467480
1440430785959312982,https://www.hemnet.se/salda/lagenhet-3rum-husie-solangen-toftangen-malmo-kommun-klagerupsvagen-311c-1440430785959312982,77-78m²,bostadsratt,2026-08-28T16:20:48.467482
4142754680039248050,https://www.hemnet.se/salda/lagenhet-4rum-rasunda-solna-kommun-parkvagen-2-4142754680039248050,77-78m²,bostadsratt,2026-08-28T16:20:48.467483
4386058748308739724,"https://www.hemnet.se/salda/lagenhet-3rum-centrala-sundbyberg-sundbybergs-kommun-jarnvagsgatan-74,-van-3-4-4386058748308739724",77-78m²,bostadsratt,2026-08-28T16:20:48.467484
1716639935814980906,https://www.hemnet.se/salda/lagenhet-3rum-arsta-uppsala-kommun-grasloksgatan-8-1716639935814980906,77-78m²,bostadsratt,2026-08-28T16:20:48.467485
6698989518483278883,https://www.hemnet.se/salda/lagenhet-3rum-varnamo-varnamo-kommun-vattengatan-8-6698989518483278883,77-78m²,bostadsratt,2026-08-28T16:20:48.467486
7508207441149949201,https://www.hemnet.se/salda/lagenhet-3rum-mjolkudden-lulea-kommun-munkebergsgatan-62-7508207441149949201,77-78m²,bostadsratt,2026-08-28T16:20:48.467488
7171921517907796529,https://www.hemnet.se/salda/lagenhet-3rum-tureberg-sollentuna-kommun-sollentunavagen-195a-7171921517907796529,77-78m²,bostadsratt,2026-08-28T16:20:48.467489
1231593476734959568,"https://www.hemnet.se/salda/lagenhet-4rum-alphyddan-nacka-kommun-alphyddevagen-13,-3-tr-1231593476734959568",77-78m²,bostadsratt,2026-08-28T16:20:48.467490
4992880784007308291,https://www.hemnet.se/salda/lagenhet-4rum-bydalsfjallen-are-kommun-hovde-235b-4992880784007308291,77-78m²,bostadsratt,2026-08-28T16:20:48.467493
4547050262097617118,https://www.hemnet.se/salda/lagenhet-3rum-billdal-goteborgs-kommun-berghagavagen-20b-4547050262097617118,77-78m²,bostadsratt,2026-08-28T16:20:48.467495
5185957653437564987,"https://www.hemnet.se/salda/lagenhet-3rum-katarina-stockholms-kommun-klevgrand-2,-3-3-tr-5185957653437564987",77-78m²,bostadsratt,2026-08-28T16:20:48.467496
5707950569594148307,https://www.hemnet.se/salda/lagenhet-3rum-kista-stockholms-kommun-sorogatan-23-5707950569594148307,77-78m²,bostadsratt,2026-08-28T16:20:48.467497
5820734037977931749,https://www.hemnet.se/salda/lagenhet-3rum-viggestorp-nyhem-hogby-finspangs-kommun-ekmans-vag-20b-5820734037977931749,77-78m²,bostadsratt,2026-08-28T16:20:48.467498
1204628623503808454,https://www.hemnet.se/salda/lagenhet-3rum-breared-varbergs-kommun-marmorgatan-3-1204628623503808454,77-78m²,bostadsratt,2026-08-28T16:20:48.467500
2008579848360602907,https://www.hemnet.se/salda/lagenhet-3rum-svartbacken-kvarngar-uppsala-kommun-vaderkvarnsgatan-19a-2008579848360602907,77-78m²,bostadsratt,2026-08-28T16:20:48.467503
3452729457399386898,https://www.hemnet.se/salda/lagenhet-3rum-lunden-skovde-kommun-lundenvagen-9b-3452729457399386898,77-78m²,bostadsratt,2026-08-28T16:20:48.467505
7903765187918106643,https://www.hemnet.se/salda/lagenhet-3rum-oxie-kyrkby-malmo-kommun-oshogavagen-164-7903765187918106643,77-78m²,bostadsratt,2026-08-28T16:20:48.467506
6838182085538082234,https://www.hemnet.se/salda/lagenhet-3rum-centrum-linkopings-kommun-bielkegatan-2a-6838182085538082234,77-78m²,bostadsratt,2026-08-28T16:20:48.467507
1367657973987490297,https://www.hemnet.se/salda/lagenhet-3rum-johanneberg-goteborgs-kommun-richertsgatan-12-1367657973987490297,77-78m²,bostadsratt,2026-08-28T16:20:48.467508
7608186968242099792,https://www.hemnet.se/salda/lagenhet-3rum-korsta-sundsvalls-kommun-korstavagen-2c-7608186968242099792,77-78m²,bostadsratt,2026-08-28T16:20:48.467509
2196717754883713323,https://www.hemnet.se/salda/lagenhet-3rum-liljeback-kristinehamns-kommun-karlskogavagen-15a-2196717754883713323,77-78m²,bostadsratt,2026-08-28T16:20:48.467511
2295593789469532941,https://www.hemnet.se/salda/lagenhet-3rum-sollentuna-tureberg-sollentuna-kommun-turebergs-alle-24-2295593789469532941,77-78m²,bostadsratt,2026-08-28T16:20:48.467512
3237812904857517186,https://www.hemnet.se/salda/lagenhet-3rum-hagaborg-karlstads-kommun-tolvmansgatan-17-3237812904857517186,77-78m²,bostadsratt,2026-08-28T16:20:48.467513
7856428353568518240,https://www.hemnet.se/salda/lagenhet-3rum-rosendal-uppsala-kommun-torgny-segerstedts-alle-28-7856428353568518240,77-78m²,bostadsratt,2026-08-28T16:20:48.467514
6761171120701178402,https://www.hemnet.se/salda/lagenhet-3rum-molndal-kvarnbyn-molndals-kommun-samuel-norbergsgatan-4-6761171120701178402,77-78m²,bostadsratt,2026-08-28T16:20:48.467515
3218946023994612811,https://www.hemnet.se/salda/lagenhet-4rum-vimpeltorpet-kalmar-kommun-hemvagen-16h-3218946023994612811,77-78m²,bostadsratt,2026-08-28T16:20:48.467517
8635861171353615493,https://www.hemnet.se/salda/lagenhet-3rum-or-sundbybergs-kommun-orsvangen-13-8635861171353615493,77-78m²,bostadsratt,2026-08-28T16:20:48.467518
1132076527834419203,https://www.hemnet.se/salda/lagenhet-3rum-klippan-klippans-kommun-vastra-blomstergatan-21d-1132076527834419203,77-78m²,bostadsratt,2026-08-28T16:20:48.467519
8150582816191532080,"https://www.hemnet.se/salda/lagenhet-3,5rum-luthagen-uppsala-kommun-luthagsesplanaden-36a-8150582816191532080",77-78m²,bostadsratt,2026-08-28T16:20:48.467520
7427932926317413586,https://www.hemnet.se/salda/lagenhet-3rum-t1-linkopings-kommun-kaptensgatan-3b-7427932926317413586,77-78m²,bostadsratt,2026-08-28T16:20:48.467521
5805416665485965811,https://www.hemnet.se/salda/lagenhet-3rum-norby-uppsala-kommun-tryffelvagen-43-5805416665485965811,77-78m²,bostadsratt,2026-08-28T16:20:48.467522
5836369873953522752,"https://www.hemnet.se/salda/lagenhet-4rum-arsta-stockholms-kommun-sandfjardsgatan-105,-7-tr-5836369873953522752",77-78m²,bostadsratt,2026-08-28T16:20:48.467524
5351405262011402424,https://www.hemnet.se/salda/lagenhet-3rum-ostra-bergen-nykopings-kommun-ostra-bergsgatan-11-5351405262011402424,77-78m²,bostadsratt,2026-08-28T16:20:48.467525
8877746945251396239,"https://www.hemnet.se/salda/lagenhet-3rum-alta-stenso-nacka-kommun-stensovagen-5,-5-tr-8877746945251396239",77-78m²,bostadsratt,2026-08-28T16:20:48.467526
4354654833041833338,"https://www.hemnet.se/salda/lagenhet-3rum-kvarnholmen-nacka-kommun-kvarnholmsvagen-108,-5-tr-4354654833041833338",77-78m²,bostadsratt,2026-08-28T16:20:48.467527
1384024955888812065,https://www.hemnet.se/salda/lagenhet-3rum-stampen-goteborgs-kommun-karin-boyes-gata-8-1384024955888812065,77-78m²,bostadsratt,2026-08-28T16:20:48.467529
7768416818886508078,https://www.hemnet.se/salda/lagenhet-3rum-bromma-minneberg-stockholms-kommun-svartviksslingan-3-7768416818886508078,77-78m²,bostadsratt,2026-08-28T16:20:48.467530
2172135086266850180,https://www.hemnet.se/salda/lagenhet-3rum-ornskoldsvik-staden-ornskoldsviks-kommun-vegagatan-20a-2172135086266850180,77-78m²,bostadsratt,2026-08-28T16:20:48.467531
3799835678961524179,https://www.hemnet.se/salda/lagenhet-3rum-lund-centrum-lunds-kommun-ostra-vallgatan-2b-3799835678961524179,77-78m²,bostadsratt,2026-08-28T16:20:48.467532
4166847369149566431,https://www.hemnet.se/salda/lagenhet-3rum-sodra-ryd-skovde-kommun-stenelidsvagen-55b-4166847369149566431,77-78m²,bostadsratt,2026-08-28T16:20:48.467536
8771849289895799514,https://www.hemnet.se/salda/lagenhet-3rum-berga-kalmar-kommun-sagovagen-5-8771849289895799514,77-78m²,bostadsratt,2026-08-28T16:20:48.467539
3948461424466378537,https://www.hemnet.se/salda/lagenhet-3rum-krokslatt-goteborgs-kommun-molndalsvagen-87f-3948461424466378537,77-78m²,bostadsratt,2026-08-28T16:20:48.467541
2612219343634902609,https://www.hemnet.se/salda/lagenhet-3rum-nordviksberg-tjorns-kommun-nordviksberg-205-b-2612219343634902609,77-78m²,bostadsratt,2026-08-28T16:20:48.467542
7566652508065094628,https://www.hemnet.se/salda/lagenhet-3rum-centrala-sundbyberg-sundbybergs-kommun-fagelsangen-3-7566652508065094628,77-78m²,bostadsratt,2026-08-28T16:20:48.467543
6591712606254116556,https://www.hemnet.se/salda/lagenhet-3rum-pilbo-gruvriset-falu-kommun-svavelstigen-24-6591712606254116556,77-78m²,bostadsratt,2026-08-28T16:20:48.467544
2066355191940818882,https://www.hemnet.se/salda/lagenhet-3rum-majorna-goteborgs-kommun-guldkallegatan-37-2066355191940818882,77-78m²,bostadsratt,2026-08-28T16:20:48.467545
5596332070601774095,https://www.hemnet.se/salda/lagenhet-3rum-osby-centralt-osby-kommun-goingegatan-9c-5596332070601774095,77-78m²,bostadsratt,2026-08-28T16:20:48.467547
5890989386987662223,https://www.hemnet.se/salda/lagenhet-3rum-funkabo-kalmar-kommun-jagarevagen-2a-5890989386987662223,77-78m²,bostadsratt,2026-08-28T16:20:48.467548
6070973671801128926,https://www.hemnet.se/salda/lagenhet-3rum-alvsjo-stockholms-kommun-prastgardsgrand-17-6070973671801128926,77-78m²,bostadsratt,2026-08-28T16:20:48.467549
794105092579364752,https://www.hemnet.se/salda/lagenhet-3rum-backalyckan-jonkopings-kommun-backalyckevagen-32-794105092579364752,77-78m²,bostadsratt,2026-08-28T16:20:48.467550
5807400531396336137,https://www.hemnet.se/salda/lagenhet-3rum-centralt-norrkopings-kommun-rodgagatan-7-5807400531396336137,77-78m²,bostadsratt,2026-08-28T16:20:48.467551
2677924229122594619,"https://www.hemnet.se/salda/lagenhet-4rum-bromma-nockebyhov-stockholms-kommun-nockeby-backe-2g,-2tr-2677924229122594619",77-78m²,bostadsratt,2026-08-28T16:20:48.467553
5756692428492408672,https://www.hemnet.se/salda/lagenhet-3rum-storgardet-tallasen-tostero-strangnas-kommun-regementsgatan-44-5756692428492408672,77-78m²,bostadsratt,2026-08-28T16:20:48.467554
6703073834395131229,https://www.hemnet.se/salda/lagenhet-3rum-tuna-backar-uppsala-kommun-vapnargatan-3b-6703073834395131229,77-78m²,bostadsratt,2026-08-28T16:20:48.467555
3420889989853691789,https://www.hemnet.se/salda/lagenhet-3rum-lorensborg-malmo-kommun-stadiongatan-55e-3420889989853691789,77-78m²,bostadsratt,2026-08-28T16:20:48.467556
4625126990660304419,https://www.hemnet.se/salda/lagenhet-3rum-tureberg-sollentuna-kommun-sollentunavagen-195a-4625126990660304419,77-78m²,bostadsratt,2026-08-28T16:20:48.467558
5355750417008381580,https://www.hemnet.se/salda/lagenhet-3rum-soder-varbergs-kommun-granitvagen-21a-5355750417008381580,77-78m²,bostadsratt,2026-08-28T16:20:48.467559
4541899950137484073,https://www.hemnet.se/salda/lagenhet-3rum-norra-angby-stockholms-kommun-bjorketorpsvagen-7-4541899950137484073,77-78m²,bostadsratt,2026-08-28T16:20:48.467560
3570767577104894586,https://www.hemnet.se/salda/lagenhet-3rum-centralt-oxelosunds-kommun-sjogatan-4d-3570767577104894586,77-78m²,bostadsratt,2026-08-28T16:20:48.467564
435553329571122735,https://www.hemnet.se/salda/lagenhet-3rum-mollevangen-malmo-kommun-bangatan-6b-435553329571122735,77-78m²,bostadsratt,2026-08-28T16:20:48.467565
6098207362841620998,https://www.hemnet.se/salda/lagenhet-3rum-vastra-skogen-gamla-huvudsta-solna-kommun-lundagatan-11-6098207362841620998,77-78m²,bostadsratt,2026-08-28T16:20:48.467566
1170475768700748334,"https://www.hemnet.se/salda/lagenhet-3rum-spanga-tensta-stockholms-kommun-sotingeplan-56,-0,5-tr-1170475768700748334",77-78m²,bostadsratt,2026-08-28T16:20:48.467568
5881282157685096113,https://www.hemnet.se/salda/lagenhet-3rum-solvesborg-solvesborgs-kommun-per-olsgatan-4b-5881282157685096113,77-78m²,bostadsratt,2026-08-28T16:20:48.467569
654785015685755927,https://www.hemnet.se/salda/lagenhet-3rum-rotebro-sollentuna-kommun-vasavagen-12a-654785015685755927,77-78m²,bostadsratt,2026-08-28T16:20:48.467570
2450088291502974744,https://www.hemnet.se/salda/lagenhet-3rum-husie-malmo-kommun-klagerupsvagen-315h-2450088291502974744,77-78m²,bostadsratt,2026-08-28T16:20:48.467571
3478124910431328485,"https://www.hemnet.se/salda/lagenhet-3rum-kronan-lulea-kommun-kompanivagen-21,-van-15-3478124910431328485",77-78m²,bostadsratt,2026-08-28T16:20:48.467575
6928324515719165514,https://www.hemnet.se/salda/lagenhet-3rum-hammarby-sjostad-stockholms-kommun-fredriksdalsgatan-16-6928324515719165514,77-78m²,bostadsratt,2026-08-28T16:20:48.467576
8784262292788737225,"https://www.hemnet.se/salda/lagenhet-3rum-bolinder-strand-jarfalla-kommun-birger-dahlerus-vag-5,-v6-6-8784262292788737225",77-78m²,bostadsratt,2026-08-28T16:20:48.467578
5530676816345566776,https://www.hemnet.se/salda/lagenhet-3rum-trosa-trosa-kommun-nyangsvagen-51l-5530676816345566776,77-78m²,bostadsratt,2026-08-28T16:20:48.467579
5427291339327812222,https://www.hemnet.se/salda/lagenhet-3rum-trandared-boras-kommun-skarbogatan-12-5427291339327812222,77-78m²,bostadsratt,2026-08-28T16:20:48.467580
1421522147470577504,https://www.hemnet.se/salda/lagenhet-3rum-karlsdal-vasteras-kommun-lovisebergsvagen-12-1421522147470577504,77-78m²,bostadsratt,2026-08-28T16:20:48.467581
2165712860159073325,"https://www.hemnet.se/salda/lagenhet-3rum-kista-stockholms-kommun-vejlegatan-9,-5tr-2165712860159073325",77-78m²,bostadsratt,2026-08-28T16:20:48.467585
8834225740083440747,https://www.hemnet.se/salda/lagenhet-3rum-landskrona-landskrona-kommun-enoch-thulins-vag-34-c-8834225740083440747,77-78m²,bostadsratt,2026-08-28T16:20:48.467587
4868503991351994976,https://www.hemnet.se/salda/lagenhet-3rum-centralt-solvesborgs-kommun-per-olsgatan-4a-4868503991351994976,77-78m²,bostadsratt,2026-08-28T16:20:48.467588
2258102392467665845,https://www.hemnet.se/salda/lagenhet-3rum-farjestad-rud-karlstads-kommun-fadderortsgatan-4-2258102392467665845,77-78m²,bostadsratt,2026-08-28T16:20:48.467589
274182768419582918,https://www.hemnet.se/salda/lagenhet-3rum-vendelso-haninge-kommun-albatrossvagen-90-274182768419582918,77-78m²,bostadsratt,2026-08-28T16:20:48.467590
4106721204261790343,https://www.hemnet.se/salda/lagenhet-4rum-centrum-varnamo-kommun-flintgatan-5f-4106721204261790343,77-78m²,bostadsratt,2026-08-28T16:20:48.467591
1257143742909053237,https://www.hemnet.se/salda/lagenhet-3rum-roback-umea-kommun-kragvagen-144-1257143742909053237,77-78m²,bostadsratt,2026-08-28T16:20:48.467593
1156490925756183538,https://www.hemnet.se/salda/lagenhet-3rum-mjolkudden-lulea-kommun-munkebergsgatan-52-1156490925756183538,77-78m²,bostadsratt,2026-08-28T16:20:48.467594
503032007459846895,https://www.hemnet.se/salda/lagenhet-3rum-vast-pa-stan-umea-kommun-ostra-brinkvagen-27-503032007459846895,77-78m²,bostadsratt,2026-08-28T16:20:48.467595
3439907879032103497,https://www.hemnet.se/salda/lagenhet-3rum-anghog-trelleborgs-kommun-anghogsgatan-11d-3439907879032103497,77-78m²,bostadsratt,2026-08-28T16:20:48.467596
9094689110869523217,https://www.hemnet.se/salda/lagenhet-3rum-farsta-strand-stockholms-kommun-eksharadsgatan-81-9094689110869523217,77-78m²,bostadsratt,2026-08-28T16:20:48.467597
5875258648918672971,"https://www.hemnet.se/salda/lagenhet-3,5rum-framre-luthagen-uppsala-kommun-luthagsesplanaden-21b-5875258648918672971",77-78m²,bostadsratt,2026-08-28T16:20:48.467599
291293499490580362,https://www.hemnet.se/salda/lagenhet-3rum-hildedal-goteborgs-kommun-vaxthusvagen-38-291293499490580362,77-78m²,bostadsratt,2026-08-28T16:20:48.467600
7755890802875570469,https://www.hemnet.se/salda/lagenhet-3rum-centrum-helsingborgs-kommun-halsovagen-5-7755890802875570469,77-78m²,bostadsratt,2026-08-28T16:20:48.467601
5563398591035989778,https://www.hemnet.se/salda/lagenhet-3rum-sundsvall-sundsvalls-kommun-nackstavagen-50b-5563398591035989778,77-78m²,bostadsratt,2026-08-28T16:20:48.467602
5771237852659291392,https://www.hemnet.se/salda/lagenhet-3rum-jakobsberg-karlstads-kommun-knud-dahls-gata-20-5771237852659291392,77-78m²,bostadsratt,2026-08-28T16:20:48.467604
5937900122462468869,https://www.hemnet.se/salda/lagenhet-3rum-helenelund-sollentuna-kommun-stupvagen-73-5937900122462468869,77-78m²,bostadsratt,2026-08-28T16:20:48.467605
841104746167374042,https://www.hemnet.se/salda/lagenhet-3rum-hammarby-sjostad-stockholms-kommun-rorgangargatan-7-841104746167374042,77-78m²,bostadsratt,2026-08-28T16:20:48.467606
5468147641324274885,"https://www.hemnet.se/salda/lagenhet-2,5rum-norr-norrkopings-kommun-stockholmsvagen-3-5468147641324274885",77-78m²,bostadsratt,2026-08-28T16:20:48.467607
9124584471032397579,https://www.hemnet.se/salda/lagenhet-3rum-hassleholm-centralt-hassleholms-kommun-vallgatan-23c-9124584471032397579,77-78m²,bostadsratt,2026-08-28T16:20:48.467609
8692407114058659300,https://www.hemnet.se/salda/lagenhet-3rum-arsta-uppsala-kommun-fankalsgatan-16-8692407114058659300,77-78m²,bostadsratt,2026-08-28T16:20:48.467615
426140396107801648,https://www.hemnet.se/salda/lagenhet-3rum-bjorkekarr-goteborgs-kommun-smorslatten-30-426140396107801648,77-78m²,bostadsratt,2026-08-28T16:20:48.467617
7540420991795559158,https://www.hemnet.se/salda/lagenhet-3rum-vega-haninge-kommun-vega-alle-69-7540420991795559158,77-78m²,bostadsratt,2026-08-28T16:20:48.467618
6164537588679782164,https://www.hemnet.se/salda/lagenhet-3rum-landvetter-harryda-kommun-solbo-49-6164537588679782164,77-78m²,bostadsratt,2026-08-28T16:20:48.467619
1235711459269914860,"https://www.hemnet.se/salda/lagenhet-3rum-tynnered-goteborgs-kommun-turkosgatan-42,-2-tr-1235711459269914860",77-78m²,bostadsratt,2026-08-28T16:20:48.467620
8934282665501089643,https://www.hemnet.se/salda/lagenhet-3rum-arvidstorp-falkenbergs-kommun-viljansvagen-26d-8934282665501089643,77-78m²,bostadsratt,2026-08-28T16:20:48.467622
8531489479204606217,"https://www.hemnet.se/salda/lagenhet-3rum-vasastan-atlas-stockholms-kommun-vulcanusgatan-3,-5-6-tr-8531489479204606217",77-78m²,bostadsratt,2026-08-28T16:20:48.467623
5648936033982109054,https://www.hemnet.se/salda/lagenhet-4rum-helenelund-sollentuna-kommun-stupvagen-39-5648936033982109054,77-78m²,bostadsratt,2026-08-28T16:20:48.467624
2987932975775120,https://www.hemnet.se/salda/lagenhet-3rum-hogaborg-helsingborgs-kommun-faktorsgatan-13-2987932975775120,77-78m²,bostadsratt,2026-08-28T16:20:48.467625
7141711241088057209,https://www.hemnet.se/salda/lagenhet-3rum-breared-varbergs-kommun-brearedsvagen-98-lgh-1003-7141711241088057209,77-78m²,bostadsratt,2026-08-28T16:20:48.467626
8224217580126813770,https://www.hemnet.se/salda/lagenhet-3rum-centralt-oster-nykopings-kommun-ostra-kvarngatan-24-8224217580126813770,77-78m²,bostadsratt,2026-08-28T16:20:48.467628
1440708235266099169,https://www.hemnet.se/salda/lagenhet-3rum-saltsjobaden-nacka-kommun-ljuskarrsvagen-86-1440708235266099169,77-78m²,bostadsratt,2026-08-28T16:20:48.467629
8326832664505398162,https://www.hemnet.se/salda/lagenhet-3rum-strandangen-jonkopings-kommun-strandangsgatan-22-8326832664505398162,77-78m²,bostadsratt,2026-08-28T16:20:48.467632
1973391414927441658,https://www.hemnet.se/salda/lagenhet-3rum-ostermalm-kristianstads-kommun-tredalagatan-13a-1973391414927441658,77-78m²,bostadsratt,2026-08-28T16:20:48.467634
6376438538514695572,"https://www.hemnet.se/salda/lagenhet-3rum-centrala-solna-solna-kommun-hannebergsgatan-15,-2tr-6376438538514695572",77-78m²,bostadsratt,2026-08-28T16:20:48.467635
5559764382079468313,https://www.hemnet.se/salda/lagenhet-3rum-bondsjostaden-harnosands-kommun-adalsvagen-21-a-5559764382079468313,77-78m²,bostadsratt,2026-08-28T16:20:48.467636
3430427276221607810,https://www.hemnet.se/salda/lagenhet-3rum-mollevangen-malmo-kommun-typografgatan-4-b-3430427276221607810,77-78m²,bostadsratt,2026-08-28T16:20:48.467637
5147854311654429512,https://www.hemnet.se/salda/lagenhet-3rum-backby-vasteras-kommun-axel-oxenstiernas-gata-14-5147854311654429512,77-78m²,bostadsratt,2026-08-28T16:20:48.467639
5716533105147005870,https://www.hemnet.se/salda/lagenhet-3rum-tingvalla-trollhattans-kommun-magnus-abergsgatan-5a-5716533105147005870,77-78m²,bostadsratt,2026-08-28T16:20:48.467640
575486790860606645,https://www.hemnet.se/salda/lagenhet-3rum-trosa-trosa-kommun-vattenpassgrand-1-575486790860606645,77-78m²,bostadsratt,2026-08-28T16:20:48.467641
7605685408037636486,https://www.hemnet.se/salda/lagenhet-3rum-virentofta-malmo-kommun-klagerupsvagen-331h-7605685408037636486,77-78m²,bostadsratt,2026-08-28T16:20:48.467642
5465291372525916910,https://www.hemnet.se/salda/lagenhet-4rum-skegrie-trelleborgs-kommun-maja-lisa-gronbergs-vag-3c-5465291372525916910,77-78m²,bostadsratt,2026-08-28T16:20:48.467643
7704602783985659821,https://www.hemnet.se/salda/lagenhet-3rum-lulea-innerstaden-ostermalm-lulea-kommun-tullgatan-31b-7704602783985659821,77-78m²,bostadsratt,2026-08-28T16:20:48.467645
4483830562153606764,https://www.hemnet.se/salda/lagenhet-3rum-goteborg-partille-kommun-gamla-kronvagen-49-4483830562153606764,77-78m²,bostadsratt,2026-08-28T16:20:48.467646
5413771920207975803,"https://www.hemnet.se/salda/lagenhet-3,5rum-sodermalm-maria-magdalena-stockholms-kommun-swedenborgsgatan-27,-1-tr-5413771920207975803",77-78m²,bostadsratt,2026-08-28T16:20:48.467647
7774132824493540646,https://www.hemnet.se/salda/lagenhet-3rum-sollentuna-centrum-sollentuna-kommun-sofielundsvagen-1-7774132824493540646,77-78m²,bostadsratt,2026-08-28T16:20:48.467651
6019064349792205443,https://www.hemnet.se/salda/lagenhet-3rum-rynningeasen-orebro-kommun-venavagen-40-a-6019064349792205443,77-78m²,bostadsratt,2026-08-28T16:20:48.467652
8855132811731105508,https://www.hemnet.se/salda/lagenhet-3rum-grondal-stockholms-kommun-ormbergsvagen-16-8855132811731105508,77-78m²,bostadsratt,2026-08-28T16:20:48.467653
2032227689211701056,https://www.hemnet.se/salda/lagenhet-3rum-davidshall-malmo-kommun-davidshallstorg-7-2032227689211701056,77-78m²,bostadsratt,2026-08-28T16:20:48.467654
9028131329837798939,https://www.hemnet.se/salda/lagenhet-3rum-breared-varbergs-kommun-marmorgatan-3-9028131329837798939,77-78m²,bostadsratt,2026-08-28T16:20:48.467655
138448557737136606,https://www.hemnet.se/salda/lagenhet-3rum-centrum-varbergs-kommun-snidaregatan-7-138448557737136606,77-78m²,bostadsratt,2026-08-28T16:20:48.467657
193944664809176011,"https://www.hemnet.se/salda/lagenhet-3rum-frosunda-solna-kommun-signe-tillischgatan-12,-5-tr-193944664809176011",77-78m²,bostadsratt,2026-08-28T16:20:48.467660
8311594834004838124,https://www.hemnet.se/salda/lagenhet-3rum-teg-umea-kommun-furugrand-5-8311594834004838124,77-78m²,bostadsratt,2026-08-28T16:20:48.467662
8080520422510526395,https://www.hemnet.se/salda/lagenhet-3rum-centrala-vasby-upplands-vasby-kommun-husarvagen-12-8080520422510526395,77-78m²,bostadsratt,2026-08-28T16:20:48.467663
9104906673297331350,"https://www.hemnet.se/salda/lagenhet-3rum-handen-haninge-kommun-vallavagen-185,-1-tr-9104906673297331350",77-78m²,bostadsratt,2026-08-28T16:20:48.467664
5288052164871535155,https://www.hemnet.se/salda/lagenhet-3rum-sodermalm-katarina-stockholms-kommun-asogatan-128-5288052164871535155,77-78m²,bostadsratt,2026-08-28T16:20:48.467665
8868666207276530027,https://www.hemnet.se/salda/lagenhet-3rum-prippska-tomten-goteborgs-kommun-fargaregatan-7-8868666207276530027,77-78m²,bostadsratt,2026-08-28T16:20:48.467666
569020564558352070,https://www.hemnet.se/salda/lagenhet-3rum-centralt-vasastaden-linkopings-kommun-bielkegatan-2b-569020564558352070,77-78m²,bostadsratt,2026-08-28T16:20:48.467668
2823511907539847599,https://www.hemnet.se/salda/lagenhet-3rum-farsta-stockholms-kommun-forshagagatan-44-2823511907539847599,77-78m²,bostadsratt,2026-08-28T16:20:48.467669
5440484275790579709,https://www.hemnet.se/salda/lagenhet-3rum-anderstorp-skelleftea-kommun-frogatan-291-5440484275790579709,77-78m²,bostadsratt,2026-08-28T16:20:48.467670
8608101699657977405,https://www.hemnet.se/salda/lagenhet-2rum-brandkarr-nykopings-kommun-brandkarrsvagen-130-8608101699657977405,77-78m²,bostadsratt,2026-08-28T16:20:48.467671
2362394224348399874,https://www.hemnet.se/salda/lagenhet-3rum-farsta-stockholms-kommun-forshagagatan-34-2362394224348399874,77-78m²,bostadsratt,2026-08-28T16:20:48.467672
7840569393770501239,https://www.hemnet.se/salda/lagenhet-3rum-kramfors-kramfors-kommun-radhusvagen-6b-7840569393770501239,77-78m²,bostadsratt,2026-08-28T16:20:48.467673
8926572195607783420,https://www.hemnet.se/salda/lagenhet-3rum-viksjo-jarfalla-kommun-tegvagen-3-8926572195607783420,77-78m²,bostadsratt,2026-08-28T16:20:48.467675
8711839106021002671,https://www.hemnet.se/salda/lagenhet-3rum-kallhall-jarfalla-kommun-pressarvagen-23-8711839106021002671,77-78m²,bostadsratt,2026-08-28T16:20:48.467678
3487539814333510916,https://www.hemnet.se/salda/lagenhet-3rum-skene-marks-kommun-mullskarsgatan-38b-3487539814333510916,77-78m²,bostadsratt,2026-08-28T16:20:48.467679
7423091403170032999,"https://www.hemnet.se/salda/lagenhet-3rum-hagastaden-solna-kommun-solnavagen-13a,-4tr-7423091403170032999",77-78m²,bostadsratt,2026-08-28T16:20:48.467681
6593942905329318700,https://www.hemnet.se/salda/lagenhet-3rum-bymarken-jonkopings-kommun-strandangsgatan-22-6593942905329318700,77-78m²,bostadsratt,2026-08-28T16:20:48.467682
891664880337183417,https://www.hemnet.se/salda/lagenhet-3rum-vastermalm-eskilstuna-kommun-gillbergavagen-30a-891664880337183417,77-78m²,bostadsratt,2026-08-28T16:20:48.467683
2238672785741923774,https://www.hemnet.se/salda/lagenhet-3rum-molndal-aby-molndals-kommun-skrittgatan-4c-2238672785741923774,77-78m²,bostadsratt,2026-08-28T16:20:48.467684
2906560901098823379,https://www.hemnet.se/salda/lagenhet-3rum-ronnby-vasteras-kommun-slaggkastargatan-5-2906560901098823379,77-78m²,bostadsratt,2026-08-28T16:20:48.467685
6509164842928379481,https://www.hemnet.se/salda/lagenhet-3rum-kalltorp-goteborgs-kommun-stobeegatan-20a-6509164842928379481,77-78m²,bostadsratt,2026-08-28T16:20:48.467689
835853412972009367,https://www.hemnet.se/salda/lagenhet-3rum-brandholmen-nykopings-kommun-handbollsvagen-14-835853412972009367,77-78m²,bostadsratt,2026-08-28T16:20:48.467690
4033753251011296560,https://www.hemnet.se/salda/lagenhet-3rum-norrliden-sundsvalls-kommun-norrlidsgatan-8-4033753251011296560,77-78m²,bostadsratt,2026-08-28T16:20:48.467691
705231234292645039,https://www.hemnet.se/salda/lagenhet-4rum-vemdalsskalet-harjedalens-kommun-vemdalsskalet-klockarfjallsvagen-49q-705231234292645039,77-78m²,bostadsratt,2026-08-28T16:20:48.467693
2433558735808923881,https://www.hemnet.se/salda/lagenhet-3rum-vaster-landskrona-kommun-vengatan-15-2433558735808923881,77-78m²,bostadsratt,2026-08-28T16:20:48.467694
6347427023356460014,"https://www.hemnet.se/salda/lagenhet-4rum-gangsatra-lidingo-kommun-hogsatravagen-9,-4-tr-6347427023356460014",77-78m²,bostadsratt,2026-08-28T16:20:48.467695
803715533921390734,https://www.hemnet.se/salda/lagenhet-3rum-centrum-umea-kommun-ostra-kyrkogatan-12-803715533921390734,77-78m²,bostadsratt,2026-08-28T16:20:48.467696
2453092570297308414,https://www.hemnet.se/salda/lagenhet-4rum-vemdalsskalet-harjedalens-kommun-vemdalsskalet-kallvagen-14f-2453092570297308414,77-78m²,bostadsratt,2026-08-28T16:20:48.467697
5177391485364856428,"https://www.hemnet.se/salda/lagenhet-3rum-arsta-stockholms-kommun-ottsjovagen-27,-3-tr-5177391485364856428",77-78m²,bostadsratt,2026-08-28T16:20:48.467698
3467427693969721353,https://www.hemnet.se/salda/lagenhet-3rum-blackeberg-stockholms-kommun-karen-blixens-gata-7-3467427693969721353,77-78m²,bostadsratt,2026-08-28T16:20:48.467700
3993126170033662648,https://www.hemnet.se/salda/lagenhet-3rum-aseastan-vasteras-kommun-rotorvagen-6-3993126170033662648,77-78m²,bostadsratt,2026-08-28T16:20:48.467701
631413217056864054,https://www.hemnet.se/salda/lagenhet-3rum-kallhall-jarfalla-kommun-kopparvagen-63-631413217056864054,77-78m²,bostadsratt,2026-08-28T16:20:48.467702
7081633020436767832,https://www.hemnet.se/salda/lagenhet-3rum-nya-hovas-goteborgs-kommun-hedtangsvagen-31b-7081633020436767832,77-78m²,bostadsratt,2026-08-28T16:20:48.467703
792406989001339037,https://www.hemnet.se/salda/lagenhet-3rum-vipeholmsparken-lunds-kommun-vipeholms-alle-60-792406989001339037,77-78m²,bostadsratt,2026-08-28T16:20:48.467704
6697689661946151819,https://www.hemnet.se/salda/lagenhet-3rum-oster-malarstrand-vasteras-kommun-tritongatan-3-6697689661946151819,77-78m²,bostadsratt,2026-08-28T16:20:48.467705
113470980203333708,https://www.hemnet.se/salda/lagenhet-3rum-havstena-skovde-kommun-havstenavagen-38a-113470980203333708,77-78m²,bostadsratt,2026-08-28T16:20:48.467707
6175608894060503483,https://www.hemnet.se/salda/lagenhet-3rum-kabo-uppsala-kommun-artillerigatan-6-b-6175608894060503483,77-78m²,bostadsratt,2026-08-28T16:20:48.467708
5119731203162134184,https://www.hemnet.se/salda/lagenhet-3rum-vanersborg-vanersborgs-kommun-ringgatan-18a-5119731203162134184,77-78m²,bostadsratt,2026-08-28T16:20:48.467709
5887560297467968342,https://www.hemnet.se/salda/lagenhet-4rum-myrangen-myrskaren-skorby-eneby-habo-kommun-klovervagen-11a-5887560297467968342,77-78m²,bostadsratt,2026-08-28T16:20:48.467710
7863217179663060722,"https://www.hemnet.se/salda/lagenhet-3rum-vega-haninge-kommun-gaffelseglet-22,-lgh-1-1103-juno,-vaning-1-7863217179663060722",77-78m²,bostadsratt,2026-08-28T16:20:48.467712
5207874801179931353,https://www.hemnet.se/salda/lagenhet-3rum-torslanda-centralt-goteborgs-kommun-noleredsvagen-12-5207874801179931353,77-78m²,bostadsratt,2026-08-28T16:20:48.467713
1450860354886730053,https://www.hemnet.se/salda/lagenhet-3rum-lagavallen-ljungby-kommun-hogarorsgatan-19-1450860354886730053,77-78m²,bostadsratt,2026-08-28T16:20:48.467715
4508033564847827246,https://www.hemnet.se/salda/lagenhet-3rum-alvsjo-stockholms-kommun-alvsjo-torg-19-4508033564847827246,77-78m²,bostadsratt,2026-08-28T16:20:48.467716
9120707889403232016,https://www.hemnet.se/salda/lagenhet-3rum-osterhaninge-haninge-kommun-albatrossvagen-36-9120707889403232016,77-78m²,bostadsratt,2026-08-28T16:20:48.467717
7983394402044923541,https://www.hemnet.se/salda/lagenhet-3rum-helenelund-sollentuna-kommun-stupvagen-41-7983394402044923541,77-78m²,bostadsratt,2026-08-28T16:20:48.467720
1819341507820151719,https://www.hemnet.se/salda/lagenhet-3rum-mjolkudden-lulea-kommun-munkebergsgatan-40-1819341507820151719,77-78m²,bostadsratt,2026-08-28T16:20:48.467724
7783079572670351425,"https://www.hemnet.se/salda/lagenhet-3,5rum-kungsholmen-norr-malarstrand-stockholms-kommun-jakob-westinsgatan-7-7783079572670351425",77-78m²,bostadsratt,2026-08-28T16:20:48.467725
7512977894083148377,https://www.hemnet.se/salda/lagenhet-3rum-centrala-handen-haninge-kommun-vikingavagen-17-7512977894083148377,77-78m²,bostadsratt,2026-08-28T16:20:48.467726
8782019218898975884,https://www.hemnet.se/salda/lagenhet-3rum-centrala-sodertalje-sodertalje-kommun-ostra-kanalgatan-20-8782019218898975884,77-78m²,bostadsratt,2026-08-28T16:20:48.467727
5886901052375072654,https://www.hemnet.se/salda/lagenhet-3rum-centralt-lysekils-kommun-kvarnberget-2-5886901052375072654,77-78m²,bostadsratt,2026-08-28T16:20:48.467729
7944450300974852713,https://www.hemnet.se/salda/lagenhet-3rum-varnamo-varnamo-kommun-lagmansgatan-14-b-7944450300974852713,77-78m²,bostadsratt,2026-08-28T16:20:48.467730
4095407877732677955,https://www.hemnet.se/salda/lagenhet-3rum-bro-centralt-upplands-bro-kommun-blomstervagen-5-4095407877732677955,77-78m²,bostadsratt,2026-08-28T16:20:48.467731
5056001076819467370,https://www.hemnet.se/salda/lagenhet-3rum-gottsunda-uppsala-kommun-kontrabasvagen-1-5056001076819467370,77-78m²,bostadsratt,2026-08-28T16:20:48.467732
6618740929783785665,https://www.hemnet.se/salda/lagenhet-4rum-ljusstaden-kalmar-kommun-alice-babs-gata-44e-6618740929783785665,77-78m²,bostadsratt,2026-08-28T16:20:48.467733
971245287488597965,https://www.hemnet.se/salda/lagenhet-3rum-centrala-filipstad-filipstads-kommun-allegatan-7b-971245287488597965,77-78m²,bostadsratt,2026-08-28T16:20:48.467735
1255951055793826195,https://www.hemnet.se/salda/lagenhet-3rum-kvillebacken-goteborgs-kommun-penselgatan-20-1255951055793826195,77-78m²,bostadsratt,2026-08-28T16:20:48.467736
3574209645504734926,https://www.hemnet.se/salda/lagenhet-3rum-roback-umea-kommun-paletavagen-23-3574209645504734926,77-78m²,bostadsratt,2026-08-28T16:20:48.467737
1717308391685641116,"https://www.hemnet.se/salda/lagenhet-3rum-liljeholmen-stockholms-kommun-nybohovsgrand-44,-renoveringsobjekt-1717308391685641116",77-78m²,bostadsratt,2026-08-28T16:20:48.467738
6616866797654970485,"https://www.hemnet.se/salda/lagenhet-3rum-akalla-stockholms-kommun-helsingforsgatan-31,-entreplan-6616866797654970485",77-78m²,bostadsratt,2026-08-28T16:20:48.467740
6932633860944514624,"https://www.hemnet.se/salda/lagenhet-3rum-kungsholmen-stockholms-kommun-polhemsgatan-5,-3tr-6932633860944514624",77-78m²,bostadsratt,2026-08-28T16:20:48.467741
5922554472645722675,https://www.hemnet.se/salda/lagenhet-3rum-asea-stan-vasteras-kommun-rotorvagen-2-5922554472645722675,77-78m²,bostadsratt,2026-08-28T16:20:48.467742
4462679157857244985,https://www.hemnet.se/salda/lagenhet-3rum-raus-helsingborgs-kommun-barnstensgatan-45c-4462679157857244985,77-78m²,bostadsratt,2026-08-28T16:20:48.467743
5956347818989159447,https://www.hemnet.se/salda/lagenhet-3rum-kungsholmen-stockholms-kommun-john-ericssonsgatan-3-5956347818989159447,77-78m²,bostadsratt,2026-08-28T16:20:48.467745
5229618727699672835,https://www.hemnet.se/salda/lagenhet-3rum-vetterslund-vasteras-kommun-vetterslundsgatan-34-5229618727699672835,77-78m²,bostadsratt,2026-08-28T16:20:48.467746
6176591056010517179,https://www.hemnet.se/salda/lagenhet-3rum-skon-sundsvalls-kommun-riddargatan-27b-6176591056010517179,77-78m²,bostadsratt,2026-08-28T16:20:48.467749
649960023075616314,https://www.hemnet.se/salda/lagenhet-3rum-sundsvall-kvissleby-sundsvalls-kommun-snickargrand-4a-649960023075616314,77-78m²,bostadsratt,2026-08-28T16:20:48.467751
4033077864838175753,https://www.hemnet.se/salda/lagenhet-3rum-linnestaden-goteborgs-kommun-olivedalsgatan-15b-4033077864838175753,77-78m²,bostadsratt,2026-08-28T16:20:48.467752
6877231516731679366,https://www.hemnet.se/salda/lagenhet-3rum-solangen-molndals-kommun-bergskroken-2-6877231516731679366,77-78m²,bostadsratt,2026-08-28T16:20:48.467753
3051124976249708721,"https://www.hemnet.se/salda/lagenhet-3rum-hjorthagen-stockholms-kommun-dianavagen-5,-3-tr-3051124976249708721",77-78m²,bostadsratt,2026-08-28T16:20:48.467754
8673052960575734083,https://www.hemnet.se/salda/lagenhet-3rum-riksten-botkyrka-kommun-eklundshovsvagen-29b-8673052960575734083,77-78m²,bostadsratt,2026-08-28T16:20:48.467755
5781768940691354991,https://www.hemnet.se/salda/lagenhet-3rum-jakobsberg-jarfalla-kommun-veckovagen-27-5781768940691354991,77-78m²,bostadsratt,2026-08-28T16:20:48.467756
6930211140037899984,https://www.hemnet.se/salda/lagenhet-3rum-norrmalm-boras-kommun-sturegatan-7-6930211140037899984,77-78m²,bostadsratt,2026-08-28T16:20:48.467760
6990287685120754340,https://www.hemnet.se/salda/lagenhet-3rum-aby-molndals-kommun-ridspogatan-6-a-6990287685120754340,77-78m²,bostadsratt,2026-08-28T16:20:48.467761
3979679809376203836,https://www.hemnet.se/salda/lagenhet-3rum-soder-norrkopings-kommun-trozelligatan-31-3979679809376203836,77-78m²,bostadsratt,2026-08-28T16:20:48.467762
8194194362205980910,https://www.hemnet.se/salda/lagenhet-3rum-soderkulla-malmo-kommun-tornfalksgatan-4a-8194194362205980910,77-78m²,bostadsratt,2026-08-28T16:20:48.467763
2013323660806125813,https://www.hemnet.se/salda/lagenhet-3rum-molndal-molndals-kommun-ponnygatan-4b-2013323660806125813,77-78m²,bostadsratt,2026-08-28T16:20:48.467765
8785585283171420874,"https://www.hemnet.se/salda/lagenhet-3rum-norra-djurgardsstaden-stockholms-kommun-hamlingsgatan-4,-5tr-8785585283171420874",77-78m²,bostadsratt,2026-08-28T16:20:48.467768
7809063539548688244,https://www.hemnet.se/salda/lagenhet-2rum-nilssonsberg-goteborgs-kommun-nilssonsberg-24-7809063539548688244,77-78m²,bostadsratt,2026-08-28T16:20:48.467769
6913008793275553626,https://www.hemnet.se/salda/lagenhet-3rum-hyllie-malmo-kommun-nannas-gata-10-6913008793275553626,77-78m²,bostadsratt,2026-08-28T16:20:48.467771
6038760118050942932,"https://www.hemnet.se/salda/lagenhet-3rum-kungsholmen-stockholms-kommun-sankt-goransgatan-146,-van-4-6038760118050942932",77-78m²,bostadsratt,2026-08-28T16:20:48.467772
7668828250215709757,https://www.hemnet.se/salda/lagenhet-3rum-gideonsberg-asea-stan-vasteras-kommun-rotorvagen-4-7668828250215709757,77-78m²,bostadsratt,2026-08-28T16:20:48.467773
8329389625517321967,https://www.hemnet.se/salda/lagenhet-3rum-kapellgardet-uppsala-kommun-torngatan-24-8329389625517321967,77-78m²,bostadsratt,2026-08-28T16:20:48.467774
5237115823254044022,https://www.hemnet.se/salda/lagenhet-3rum-perstorp-perstorps-kommun-rydbovagen-1e-5237115823254044022,77-78m²,bostadsratt,2026-08-28T16:20:48.467775
8043984574198501641,https://www.hemnet.se/salda/lagenhet-3rum-hammarbyhojden-stockholms-kommun-finn-malmgrens-vag-2a-8043984574198501641,77-78m²,bostadsratt,2026-08-28T16:20:48.467777
2405671741752224233,https://www.hemnet.se/salda/lagenhet-3rum-lamberget-herrhagen-karlstads-kommun-strandvagen-13-c-2405671741752224233,77-78m²,bostadsratt,2026-08-28T16:20:48.467778
5112699735360209012,https://www.hemnet.se/salda/lagenhet-3rum-alidhemsomradet-umea-kommun-biologigrand-12-5112699735360209012,77-78m²,bostadsratt,2026-08-28T16:20:48.467779
1589957659401007076,"https://www.hemnet.se/salda/lagenhet-3rum-vasastan-birkastan-stockholms-kommun-karlbergsvagen-76,-4tr-1589957659401007076",77-78m²,bostadsratt,2026-08-28T16:20:48.467780
980474301220492292,https://www.hemnet.se/salda/lagenhet-3rum-centrum-skelleftea-kommun-kopmangatan-16c-980474301220492292,77-78m²,bostadsratt,2026-08-28T16:20:48.467781
8186673678901317144,https://www.hemnet.se/salda/lagenhet-3rum-vaster-orebro-kommun-lovstagatan-21f-8186673678901317144,77-78m²,bostadsratt,2026-08-28T16:20:48.467783
1304557878616397752,https://www.hemnet.se/salda/lagenhet-3rum-nacka-jarla-sjo-nacka-kommun-jarla-gardsvag-21-1304557878616397752,77-78m²,bostadsratt,2026-08-28T16:20:48.467784
8922278819182474193,https://www.hemnet.se/salda/lagenhet-3rum-mjolkudden-munkeberg-lulea-kommun-munkebergsgatan-66-8922278819182474193,77-78m²,bostadsratt,2026-08-28T16:20:48.467785
954388867539852062,https://www.hemnet.se/salda/lagenhet-3rum-froson-ostersunds-kommun-bergsgatan-21a-954388867539852062,77-78m²,bostadsratt,2026-08-28T16:20:48.467786
7209301360595386359,https://www.hemnet.se/salda/lagenhet-3rum-vast-pa-stan-umea-kommun-kvarnvagen-5-7209301360595386359,77-78m²,bostadsratt,2026-08-28T16:20:48.467788
2673640822814034359,https://www.hemnet.se/salda/lagenhet-3rum-finnboda-hamn-nacka-kommun-finnboda-parkvag-22a-2673640822814034359,77-78m²,bostadsratt,2026-08-28T16:20:48.467789
525846416164501482,https://www.hemnet.se/salda/lagenhet-3rum-granby-uppsala-kommun-granby-bilgata-8-525846416164501482,77-78m²,bostadsratt,2026-08-28T16:20:48.467790
6942509032210842207,https://www.hemnet.se/salda/lagenhet-3rum-kabo-uppsala-kommun-banergatan-10-a-6942509032210842207,77-78m²,bostadsratt,2026-08-28T16:20:48.467791
5238319547650232703,"https://www.hemnet.se/salda/lagenhet-3rum-alta-stenso-nacka-kommun-stensovagen-7,-4-tr-5238319547650232703",77-78m²,bostadsratt,2026-08-28T16:20:48.467795
5411661758198240316,https://www.hemnet.se/salda/lagenhet-3rum-masthugget-goteborgs-kommun-paradisgatan-19-5411661758198240316,77-78m²,bostadsratt,2026-08-28T16:20:48.467796
7491356321238549854,https://www.hemnet.se/salda/lagenhet-3rum-glasberga-sjostad-sodertalje-kommun-glasbygatan-3c-7491356321238549854,77-78m²,bostadsratt,2026-08-28T16:20:48.467797
1518647939164816833,https://www.hemnet.se/salda/lagenhet-4rum-linero-lunds-kommun-norrangavagen-5c-1518647939164816833,77-78m²,bostadsratt,2026-08-28T16:20:48.467798
5836388146433437798,https://www.hemnet.se/salda/lagenhet-3rum-soder-gavle-kommun-sodra-slottsgatan-23b-5836388146433437798,77-78m²,bostadsratt,2026-08-28T16:20:48.467800
8750853660152324414,https://www.hemnet.se/salda/lagenhet-3rum-vendelso-haninge-kommun-albatrossvagen-26-8750853660152324414,77-78m²,bostadsratt,2026-08-28T16:20:48.467801
7862741734938722584,https://www.hemnet.se/salda/lagenhet-3rum-norra-faladen-lunds-kommun-utsattaregranden-101-7862741734938722584,77-78m²,bostadsratt,2026-08-28T16:20:48.467802
8535231245089536832,https://www.hemnet.se/salda/lagenhet-3rum-nordantill-norrkopings-kommun-luntgatan-39-8535231245089536832,77-78m²,bostadsratt,2026-08-28T16:20:48.467803
7610791824985323206,https://www.hemnet.se/salda/lagenhet-3rum-ursviken-skelleftea-kommun-vanskapsgatan-53-7610791824985323206,77-78m²,bostadsratt,2026-08-28T16:20:48.467804
7358186102637039700,https://www.hemnet.se/salda/lagenhet-3rum-kvarnholmen-nacka-kommun-kvarnholmsvagen-108-7358186102637039700,77-78m²,bostadsratt,2026-08-28T16:20:48.467806
4673577152881295932,https://www.hemnet.se/salda/lagenhet-4rum-baggeby-lidingo-kommun-barkassvagen-1-4673577152881295932,77-78m²,bostadsratt,2026-08-28T16:20:48.467807
3099279174741764777,https://www.hemnet.se/salda/lagenhet-3rum-arsta-uppsala-kommun-fankalsgatan-14-3099279174741764777,77-78m²,bostadsratt,2026-08-28T16:20:48.467808
4059931067608821334,https://www.hemnet.se/salda/lagenhet-3rum-edsberg-sollentuna-kommun-flintlasvagen-9-4059931067608821334,77-78m²,bostadsratt,2026-08-28T16:20:48.467811
3096402561400222604,https://www.hemnet.se/salda/lagenhet-3rum-centrum-helsingborgs-kommun-mollegranden-17b-3096402561400222604,77-78m²,bostadsratt,2026-08-28T16:20:48.467813
4143932552669105111,https://www.hemnet.se/salda/lagenhet-3rum-bromma-minneberg-stockholms-kommun-svartviksslingan-108-4143932552669105111,77-78m²,bostadsratt,2026-08-28T16:20:48.467814
8089305495757801899,https://www.hemnet.se/salda/lagenhet-3rum-kapellgardet-uppsala-kommun-orgelgatan-15-8089305495757801899,77-78m²,bostadsratt,2026-08-28T16:20:48.467815
887110776185078903,https://www.hemnet.se/salda/lagenhet-3rum-adolfsberg-helsingborgs-kommun-ragnvallagatan-26c-887110776185078903,77-78m²,bostadsratt,2026-08-28T16:20:48.467816
2905833875657272213,https://www.hemnet.se/salda/lagenhet-3rum-molndal-kvarnbyn-molndals-kommun-samuel-norbergsgatan-9-2905833875657272213,77-78m²,bostadsratt,2026-08-28T16:20:48.467817
1272942887386721278,https://www.hemnet.se/salda/lagenhet-3rum-luossavaara-kiruna-kommun-maria-taavenikus-gata-9-1272942887386721278,77-78m²,bostadsratt,2026-08-28T16:20:48.467818
3664122481132884885,https://www.hemnet.se/salda/lagenhet-3rum-huvudsta-solna-kommun-johan-enbergs-vag-9-3664122481132884885,77-78m²,bostadsratt,2026-08-28T16:20:48.467820
4556598946191534492,https://www.hemnet.se/salda/lagenhet-3rum-nasby-park-taby-kommun-nasbyviksgrand-2-4556598946191534492,77-78m²,bostadsratt,2026-08-28T16:20:48.467821
3011816015446286542,https://www.hemnet.se/salda/lagenhet-3rum-karlslund-ostersunds-kommun-samuel-permans-gata-20b-3011816015446286542,77-78m²,bostadsratt,2026-08-28T16:20:48.467822
1304064082482370533,https://www.hemnet.se/salda/lagenhet-3rum-valhall-skara-kommun-valhallagatan-13-a-1304064082482370533,77-78m²,bostadsratt,2026-08-28T16:20:48.467823
6549779089461207702,https://www.hemnet.se/salda/lagenhet-3rum-centrala-solna-solna-kommun-hannebergsgatan-11-6549779089461207702,77-78m²,bostadsratt,2026-08-28T16:20:48.467825
6256276029114023394,https://www.hemnet.se/salda/lagenhet-3rum-ostra-hudiksvall-hudiksvalls-kommun-fiskebyvagen-4c-6256276029114023394,77-78m²,bostadsratt,2026-08-28T16:20:48.467826
5264536131738427324,"https://www.hemnet.se/salda/lagenhet-3rum-alta-stenso-nacka-kommun-stensovagen-5,-7-tr-5264536131738427324",77-78m²,bostadsratt,2026-08-28T16:20:48.467827
957628944685185127,https://www.hemnet.se/salda/lagenhet-3rum-mariedal-sorsedammsomradet-varbergs-kommun-marmorgatan-3-957628944685185127,77-78m²,bostadsratt,2026-08-28T16:20:48.467830
6236493869996754814,https://www.hemnet.se/salda/lagenhet-3rum-martens-falad-linero-lunds-kommun-kampagranden-7d-6236493869996754814,77-78m²,bostadsratt,2026-08-28T16:20:48.467832
8543480746994592798,https://www.hemnet.se/salda/lagenhet-3rum-maria-stockholms-kommun-krukmakargatan-6-8543480746994592798,77-78m²,bostadsratt,2026-08-28T16:20:48.467833
3606480473742723213,"https://www.hemnet.se/salda/lagenhet-3,5rum-ojersjo-partille-kommun-jordmossevagen-6-3606480473742723213",77-78m²,bostadsratt,2026-08-28T16:20:48.467834
8054742517865344771,https://www.hemnet.se/salda/lagenhet-2rum-soder-helsingborgs-kommun-sodra-tvargatan-1-8054742517865344771,77-78m²,bostadsratt,2026-08-28T16:20:48.467835
5315110711980062068,https://www.hemnet.se/salda/lagenhet-3rum-tungelsta-haninge-kommun-allevagen-15d-5315110711980062068,77-78m²,bostadsratt,2026-08-28T16:20:48.467839
926252165739367593,https://www.hemnet.se/salda/lagenhet-3rum-kista-arvinge-stockholms-kommun-jellingegrand-4-926252165739367593,77-78m²,bostadsratt,2026-08-28T16:20:48.467840
6211595094446599268,"https://www.hemnet.se/salda/lagenhet-3rum-skogas-huddinge-kommun-storvretsvagen-44,-1tr-6211595094446599268",77-78m²,bostadsratt,2026-08-28T16:20:48.467842
4099277582277912300,https://www.hemnet.se/salda/lagenhet-3rum-kapellgardet-uppsala-kommun-ljusbarargatan-7-4099277582277912300,77-78m²,bostadsratt,2026-08-28T16:20:48.467843
2292351091943662243,https://www.hemnet.se/salda/lagenhet-3rum-soder-gavle-kommun-timmermansgatan-13-2292351091943662243,77-78m²,bostadsratt,2026-08-28T16:20:48.467844
766188951231283909,https://www.hemnet.se/salda/lagenhet-3rum-bergsater-boras-kommun-backadalsstigen-8a-766188951231283909,77-78m²,bostadsratt,2026-08-28T16:20:48.467845
6024865634320222300,https://www.hemnet.se/salda/lagenhet-3rum-centrala-sundbyberg-sundbybergs-kommun-fredsgrand-15-6024865634320222300,77-78m²,bostadsratt,2026-08-28T16:20:48.467846
4361742628912978350,"https://www.hemnet.se/salda/lagenhet-3rum-vastra-skogen-solna-kommun-johan-enbergs-vag-9,-van-10-10-4361742628912978350",77-78m²,bostadsratt,2026-08-28T16:20:48.467848
8978196886153044828,https://www.hemnet.se/salda/lagenhet-3rum-komarken-kungalvs-kommun-ingegatan-4m-8978196886153044828,77-78m²,bostadsratt,2026-08-28T16:20:48.467849
8615341787283003426,"https://www.hemnet.se/salda/lagenhet-3,5rum-gottsunda-uppsala-kommun-valthornsvagen-46c-8615341787283003426",77-78m²,bostadsratt,2026-08-28T16:20:48.467850
4492514258616051558,"https://www.hemnet.se/salda/lagenhet-4rum-are-by-are-kommun-arevagen-115,-lght-3-4492514258616051558",77-78m²,bostadsratt,2026-08-28T16:20:48.467851
5793910815263546178,https://www.hemnet.se/salda/lagenhet-3rum-eriksberg-goteborgs-kommun-bratterasgatan-40-5793910815263546178,77-78m²,bostadsratt,2026-08-28T16:20:48.467852
6760964506502690886,https://www.hemnet.se/salda/lagenhet-3rum-varnamo-varnamo-kommun-vattengatan-8-6760964506502690886,77-78m²,bostadsratt,2026-08-28T16:20:48.467854
4312472833885599479,https://www.hemnet.se/salda/lagenhet-3rum-nacka-ostra-nacka-kommun-ektorpsvagen-7c-4312472833885599479,77-78m²,bostadsratt,2026-08-28T16:20:48.467857
7427893790591212095,https://www.hemnet.se/salda/lagenhet-3rum-gavle-strand-gavle-kommun-stuvaregatan-56c-7427893790591212095,77-78m²,bostadsratt,2026-08-28T16:20:48.467858
701140498048626850,https://www.hemnet.se/salda/lagenhet-3rum-ornsro-orebro-kommun-svarta-bangata-12b-701140498048626850,77-78m²,bostadsratt,2026-08-28T16:20:48.467860
5252620871942443013,https://www.hemnet.se/salda/lagenhet-3rum-barslov-helsingborgs-kommun-fyrhogagatan-69-5252620871942443013,77-78m²,bostadsratt,2026-08-28T16:20:48.467861
2256318521804266593,https://www.hemnet.se/salda/lagenhet-3rum-trosso-karlskrona-kommun-vallgatan-28b-2256318521804266593,77-78m²,bostadsratt,2026-08-28T16:20:48.467862
1606364360544547894,https://www.hemnet.se/salda/lagenhet-4rum-klappen-malung-salens-kommun-tranantorget-55-1606364360544547894,77-78m²,bostadsratt,2026-08-28T16:20:48.467863
908873142364946029,https://www.hemnet.se/salda/lagenhet-3rum-komarken-kungalvs-kommun-trekungagatan-19-908873142364946029,77-78m²,bostadsratt,2026-08-28T16:20:48.467865
5935445938989064892,https://www.hemnet.se/salda/lagenhet-3rum-tenggrenstorp-vanersborgs-kommun-ringgatan-14a-5935445938989064892,77-78m²,bostadsratt,2026-08-28T16:20:48.467868
1871276950167162283,"https://www.hemnet.se/salda/lagenhet-4rum-arsta-stockholms-kommun-sandfjardsgatan-105,-6tr-1871276950167162283",77-78m²,bostadsratt,2026-08-28T16:20:48.467869
7643369769352238510,https://www.hemnet.se/salda/lagenhet-3rum-tuve-goteborgs-kommun-arves-marias-vag-16-7643369769352238510,77-78m²,bostadsratt,2026-08-28T16:20:48.467871
6232899602832943339,https://www.hemnet.se/salda/lagenhet-3rum-ojersjo-partille-kommun-jordmossevagen-4-6232899602832943339,77-78m²,bostadsratt,2026-08-28T16:20:48.467872
3498696979885178366,https://www.hemnet.se/salda/lagenhet-3rum-gottsunda-uppsala-kommun-valthornsvagen-44a-3498696979885178366,77-78m²,bostadsratt,2026-08-28T16:20:48.467873
7893978009865280994,https://www.hemnet.se/salda/lagenhet-4rum-ljusstaden-kalmar-kommun-alice-babs-gata-46a-7893978009865280994,77-78m²,bostadsratt,2026-08-28T16:20:48.467874
44028119106476360,https://www.hemnet.se/salda/lagenhet-3rum-tanumshede-tanums-kommun-koltrastvagen-46-44028119106476360,77-78m²,bostadsratt,2026-08-28T16:20:48.467875
8179852139662568231,https://www.hemnet.se/salda/lagenhet-3rum-attekulla-helsingborgs-kommun-barnstensgatan-55b-8179852139662568231,77-78m²,bostadsratt,2026-08-28T16:20:48.467876
54226877534123373,https://www.hemnet.se/salda/lagenhet-3rum-molndal-kvarnbyn-molndals-kommun-kvarnbygatan-31-54226877534123373,77-78m²,bostadsratt,2026-08-28T16:20:48.467878
2289429173703972042,https://www.hemnet.se/salda/lagenhet-3rum-havstena-skovde-kommun-havstenavagen-38e-2289429173703972042,77-78m²,bostadsratt,2026-08-28T16:20:48.467879
5827529898157671132,"https://www.hemnet.se/salda/lagenhet-3rum-liljeholmskajen-stockholms-kommun-buteljgatan-30,-2tr-5827529898157671132",77-78m²,bostadsratt,2026-08-28T16:20:48.467880
3596490531854774468,https://www.hemnet.se/salda/lagenhet-3rum-johannelund-linkopings-kommun-soderleden-5-3596490531854774468,77-78m²,bostadsratt,2026-08-28T16:20:48.467881
8949526370248926856,https://www.hemnet.se/salda/lagenhet-3rum-kolback-hallstahammars-kommun-stationsgatan-16-8949526370248926856,77-78m²,bostadsratt,2026-08-28T16:20:48.467882
6125867054363417266,https://www.hemnet.se/salda/lagenhet-3rum-fagelbo-vaster-oster-nykopings-kommun-brunnsgatan-22-6125867054363417266,77-78m²,bostadsratt,2026-08-28T16:20:48.467883
654330153969600329,https://www.hemnet.se/salda/lagenhet-3rum-komarken-kungalvs-kommun-trekungagatan-17-654330153969600329,77-78m²,bostadsratt,2026-08-28T16:20:48.467885
1954130349987768613,https://www.hemnet.se/salda/lagenhet-3rum-hoganas-centrum-uppsala-kommun-storgatan-7b-1954130349987768613,77-78m²,bostadsratt,2026-08-28T16:20:48.467886
8797560044860644615,"https://www.hemnet.se/salda/lagenhet-3rum-centrala-handen-haninge-kommun-bragevagen-15,-3-tr-8797560044860644615",77-78m²,bostadsratt,2026-08-28T16:20:48.467887
2546942568661146079,https://www.hemnet.se/salda/lagenhet-3rum-soder-hasthaga-varbergs-kommun-bandholtzgatan-35b-1102-2546942568661146079,77-78m²,bostadsratt,2026-08-28T16:20:48.467888
3033417065934834202,"https://www.hemnet.se/salda/lagenhet-3,5rum-hammarby-sjostad-stockholms-kommun-batbyggargatan-14-3033417065934834202",77-78m²,bostadsratt,2026-08-28T16:20:48.467889
873146742850210869,https://www.hemnet.se/salda/lagenhet-3rum-lorensborg-malmo-kommun-lorensborgsgatan-5d-873146742850210869,77-78m²,bostadsratt,2026-08-28T16:20:48.467891
5823578532929701230,https://www.hemnet.se/salda/lagenhet-3rum-lagavallen-ljungby-kommun-hogarorsgatan-5-5823578532929701230,77-78m²,bostadsratt,2026-08-28T16:20:48.467892
1297741879937592576,https://www.hemnet.se/salda/lagenhet-3rum-lund-innerstaden-helgonagarden-lunds-kommun-gronegatan-19b-1297741879937592576,77-78m²,bostadsratt,2026-08-28T16:20:48.467893
2366983647365585525,https://www.hemnet.se/salda/lagenhet-3rum-kallhall-jarfalla-kommun-kopparvagen-31-2366983647365585525,77-78m²,bostadsratt,2026-08-28T16:20:48.467894
7043743839468038494,https://www.hemnet.se/salda/lagenhet-3rum-hyllie-malmo-kommun-nannas-gata-10-7043743839468038494,77-78m²,bostadsratt,2026-08-28T16:20:48.467895
2634462830644490718,https://www.hemnet.se/salda/lagenhet-3rum-komarken-kungalvs-kommun-kongahallagatan-51-2634462830644490718,77-78m²,bostadsratt,2026-08-28T16:20:48.467899
6637463517094976283,https://www.hemnet.se/salda/lagenhet-4rum-norrboda-kungsangen-upplands-bro-kommun-femstenavagen-3-6637463517094976283,77-78m²,bostadsratt,2026-08-28T16:20:48.467900
5456214757768580936,https://www.hemnet.se/salda/lagenhet-3rum-sodermalm-sofo-stockholms-kommun-skanegatan-55-5456214757768580936,77-78m²,bostadsratt,2026-08-28T16:20:48.467904
5997800536500215483,https://www.hemnet.se/salda/lagenhet-3rum-rasunda-solna-kommun-virebergsvagen-22-5997800536500215483,77-78m²,bostadsratt,2026-08-28T16:20:48.467905
3328648368050803162,"https://www.hemnet.se/salda/lagenhet-3rum-gardet-ostermalm-stockholms-kommun-sandhamnsgatan-1,-5tr-3328648368050803162",77-78m²,bostadsratt,2026-08-28T16:20:48.467906
4766920991364622964,https://www.hemnet.se/salda/lagenhet-3rum-luthagen-stabby-uppsala-kommun-hallbygatan-36-b-4766920991364622964,77-78m²,bostadsratt,2026-08-28T16:20:48.467908
1363989589993652127,https://www.hemnet.se/salda/lagenhet-4rum-arsta-uppsala-kommun-kamomillgatan-14-1363989589993652127,77-78m²,bostadsratt,2026-08-28T16:20:48.467909
9076501541123818685,https://www.hemnet.se/salda/lagenhet-2rum-bromma-beckomberga-stockholms-kommun-styresman-sanders-vag-11-9076501541123818685,77-78m²,bostadsratt,2026-08-28T16:20:48.467910
7148805813511438926,"https://www.hemnet.se/salda/lagenhet-3rum-barkarbystaden-jarfalla-kommun-herculesgatan-4,-vaning-6-av-6-7148805813511438926",77-78m²,bostadsratt,2026-08-28T16:20:48.467911
8188114733743288595,https://www.hemnet.se/salda/lagenhet-2rum-centralt-linkopings-kommun-skyttegatan-4a-8188114733743288595,77-78m²,bostadsratt,2026-08-28T16:20:48.467913
562960053957545804,https://www.hemnet.se/salda/lagenhet-3rum-vasterhaninge-haninge-kommun-ringvagen-76-562960053957545804,77-78m²,bostadsratt,2026-08-28T16:20:48.467914
4119665462443811860,https://www.hemnet.se/salda/lagenhet-3rum-centralt-oskarshamns-kommun-bjornstigen-4e-4119665462443811860,77-78m²,bostadsratt,2026-08-28T16:20:48.467915
8697735799016895838,https://www.hemnet.se/salda/lagenhet-3rum-centralt-orebro-kommun-isgatan-11-8697735799016895838,77-78m²,bostadsratt,2026-08-28T16:20:48.467916
3448387150813870227,https://www.hemnet.se/salda/lagenhet-3rum-morgongava-heby-kommun-bjorkvagen-5a-3448387150813870227,77-78m²,bostadsratt,2026-08-28T16:20:48.467917
1611779651474946549,https://www.hemnet.se/salda/lagenhet-2rum-centralt-arvika-kommun-hamngatan-16-b-1611779651474946549,77-78m²,bostadsratt,2026-08-28T16:20:48.467919
3389588640431658576,https://www.hemnet.se/salda/lagenhet-3rum-gamla-rasunda-solna-kommun-vintervagen-24-3389588640431658576,77-78m²,bostadsratt,2026-08-28T16:20:48.467920
6672652980471851875,https://www.hemnet.se/salda/lagenhet-3rum-gamlestaden-goteborgs-kommun-bunkebergsgatan-5-6672652980471851875,77-78m²,bostadsratt,2026-08-28T16:20:48.467921
821522730818819246,https://www.hemnet.se/salda/lagenhet-3rum-lugnet-malmo-kommun-lugna-gatan-50-821522730818819246,77-78m²,bostadsratt,2026-08-28T16:20:48.467922
6242991457797755756,https://www.hemnet.se/salda/lagenhet-3rum-bjorkekarr-goteborgs-kommun-smogengatan-16-6242991457797755756,77-78m²,bostadsratt,2026-08-28T16:20:48.467923
7004253911619011955,https://www.hemnet.se/salda/lagenhet-3rum-spanga-tensta-stockholms-kommun-barkingeplan-10-7004253911619011955,77-78m²,bostadsratt,2026-08-28T16:20:48.467927
1514335769504428331,https://www.hemnet.se/salda/lagenhet-4rum-stureby-stockholms-kommun-bjulevagen-19-1514335769504428331,77-78m²,bostadsratt,2026-08-28T16:20:48.467928
2980564731853108266,https://www.hemnet.se/salda/lagenhet-3rum-lindesberg-lindesbergs-kommun-norevagen-25b-2980564731853108266,77-78m²,bostadsratt,2026-08-28T16:20:48.467929
7224960522118221063,https://www.hemnet.se/salda/lagenhet-3rum-centralt-arvika-kommun-fallangsvagen-13-7224960522118221063,77-78m²,bostadsratt,2026-08-28T16:20:48.467931
3904427086091565219,https://www.hemnet.se/salda/lagenhet-3rum-centrala-akersberga-osterakers-kommun-bergaparksvagen-34-3904427086091565219,77-78m²,bostadsratt,2026-08-28T16:20:48.467932
2398209746262162275,"https://www.hemnet.se/salda/lagenhet-3rum-ostermalm-stockholms-kommun-karlavagen-53,-2tr-2398209746262162275",77-78m²,bostadsratt,2026-08-28T16:20:48.467933
3183334814433679489,https://www.hemnet.se/salda/lagenhet-3rum-junkaremalen-tranas-kommun-sofia-dahlbergs-gata-13-3183334814433679489,77-78m²,bostadsratt,2026-08-28T16:20:48.467934
7739313851649823206,https://www.hemnet.se/salda/lagenhet-3rum-stenungsund-tatort-stenungsunds-kommun-solgardsterrassen-18-7739313851649823206,77-78m²,bostadsratt,2026-08-28T16:20:48.467936
2523833918954462946,https://www.hemnet.se/salda/lagenhet-3rum-rissne-sundbybergs-kommun-mjolnerbacken-34-2523833918954462946,77-78m²,bostadsratt,2026-08-28T16:20:48.467939
153715997780647360,https://www.hemnet.se/salda/lagenhet-3rum-dalaberg-uddevalla-kommun-carl-rosens-grand-12-153715997780647360,77-78m²,bostadsratt,2026-08-28T16:20:48.467941
2707390989329398795,https://www.hemnet.se/salda/lagenhet-3rum-malmaberg-vasteras-kommun-gunnilbogatan-12a-2707390989329398795,77-78m²,bostadsratt,2026-08-28T16:20:48.467942
2568377497876596778,https://www.hemnet.se/salda/lagenhet-3rum-bromma-beckomberga-stockholms-kommun-beckomberga-angsvag-10-2568377497876596778,77-78m²,bostadsratt,2026-08-28T16:20:48.467943
998764213897431066,https://www.hemnet.se/salda/lagenhet-3rum-stigberget-goteborgs-kommun-andra-langgatan-30-998764213897431066,77-78m²,bostadsratt,2026-08-28T16:20:48.467944
2345697864017795662,"https://www.hemnet.se/salda/lagenhet-4rum-klappen,-salen-malung-salens-kommun-pistvagen-526a-2345697864017795662",77-78m²,bostadsratt,2026-08-28T16:20:48.467948
8975801174802821863,https://www.hemnet.se/salda/lagenhet-3rum-vaxjo-vaxjo-kommun-sjovallavagen-10-8975801174802821863,77-78m²,bostadsratt,2026-08-28T16:20:48.467949
8506684885881245456,https://www.hemnet.se/salda/lagenhet-3rum-centrala-hisingen-goteborgs-kommun-trollhasselgatan-22-8506684885881245456,77-78m²,bostadsratt,2026-08-28T16:20:48.467951
4877453523847922792,https://www.hemnet.se/salda/lagenhet-3rum-arno-nykopings-kommun-strandparksvagen-7-c-4877453523847922792,77-78m²,bostadsratt,2026-08-28T16:20:48.467952
7156997539109864366,https://www.hemnet.se/salda/lagenhet-3rum-jarvastaden-solna-kommun-fridensborgsvagen-106-7156997539109864366,77-78m²,bostadsratt,2026-08-28T16:20:48.467953
5615505623791776568,"https://www.hemnet.se/salda/lagenhet-3rum-vasastan-stockholms-kommun-surbrunnsgatan-31-b,-4-tr-5615505623791776568",77-78m²,bostadsratt,2026-08-28T16:20:48.467954
4790181018763716974,https://www.hemnet.se/salda/lagenhet-3rum-sockerstan-staffanstorps-kommun-kampanjegatan-4b-lgh-1003-4790181018763716974,77-78m²,bostadsratt,2026-08-28T16:20:48.467956
2998424127128638060,https://www.hemnet.se/salda/lagenhet-3rum-centrum-lunds-kommun-raffinadgatan-8-2998424127128638060,77-78m²,bostadsratt,2026-08-28T16:20:48.467957
977973843115190240,https://www.hemnet.se/salda/lagenhet-3rum-slottsstaden-malmo-kommun-tornskarsgangen-9c-977973843115190240,77-78m²,bostadsratt,2026-08-28T16:20:48.467958
4481168326176475500,https://www.hemnet.se/salda/lagenhet-3rum-rasunda-solna-kommun-vintervagen-24-4481168326176475500,77-78m²,bostadsratt,2026-08-28T16:20:48.467960
8400879156645276166,https://www.hemnet.se/salda/lagenhet-3rum-vega-haninge-kommun-vardovagen-63-8400879156645276166,77-78m²,bostadsratt,2026-08-28T16:20:48.467961
6864504395302383955,https://www.hemnet.se/salda/lagenhet-3rum-tumba-park-botkyrka-kommun-myntvagen-22-6864504395302383955,77-78m²,bostadsratt,2026-08-28T16:20:48.467962
1774764722184419150,https://www.hemnet.se/salda/lagenhet-3rum-medvaga-borlange-kommun-uppfartsvagen-16b-1774764722184419150,77-78m²,bostadsratt,2026-08-28T16:20:48.467963
1147498640251805225,https://www.hemnet.se/salda/lagenhet-3rum-soder-norrkopings-kommun-hagebygatan-43-1147498640251805225,77-78m²,bostadsratt,2026-08-28T16:20:48.467964
8038724939727833800,https://www.hemnet.se/salda/lagenhet-3rum-kviberg-goteborgs-kommun-kadettgatan-1-8038724939727833800,77-78m²,bostadsratt,2026-08-28T16:20:48.467965
4038192738315897456,https://www.hemnet.se/salda/lagenhet-3rum-mariekall-sodertalje-kommun-mariekallgatan-38-4038192738315897456,77-78m²,bostadsratt,2026-08-28T16:20:48.467966
1845627901667952785,https://www.hemnet.se/salda/lagenhet-3rum-centrum-vallentuna-kommun-sommarvagen-19-1845627901667952785,77-78m²,bostadsratt,2026-08-28T16:20:48.467968
582648557017042079,https://www.hemnet.se/salda/lagenhet-3rum-ostermalm-stockholms-kommun-styrmansgatan-9-582648557017042079,77-78m²,bostadsratt,2026-08-28T16:20:48.467969
7078447875682428888,"https://www.hemnet.se/salda/lagenhet-4rum-stureby-stockholms-kommun-bjulevagen-19,-2-tr-7078447875682428888",77-78m²,bostadsratt,2026-08-28T16:20:48.467970
1740469851815763761,https://www.hemnet.se/salda/lagenhet-3rum-haga-sundsvalls-kommun-baldersvagen-21c-1740469851815763761,77-78m²,bostadsratt,2026-08-28T16:20:48.467971
1970549296476024410,https://www.hemnet.se/salda/lagenhet-3rum-centrum-lidkopings-kommun-gotgatan-37a-1970549296476024410,77-78m²,bostadsratt,2026-08-28T16:20:48.467972
2100306207819540526,https://www.hemnet.se/salda/lagenhet-3rum-billdal-goteborgs-kommun-sjobackevagen-16-2100306207819540526,77-78m²,bostadsratt,2026-08-28T16:20:48.467976
6110868321828561697,https://www.hemnet.se/salda/lagenhet-3rum-centralt-arvika-kommun-fallangsvagen-13-6110868321828561697,77-78m²,bostadsratt,2026-08-28T16:20:48.467977
316744846155000755,https://www.hemnet.se/salda/lagenhet-2rum-vaster-city-jonkopings-kommun-lasarettsgatan-12-316744846155000755,77-78m²,bostadsratt,2026-08-28T16:20:48.467978
2730954814116876519,https://www.hemnet.se/salda/lagenhet-3rum-tokarp-jonkopings-kommun-lovisagatan-211-2730954814116876519,77-78m²,bostadsratt,2026-08-28T16:20:48.467979
4547423746742212204,"https://www.hemnet.se/salda/lagenhet-3rum-fredhall-stockholms-kommun-ralambsvagen-69,-6-tr-4547423746742212204",77-78m²,bostadsratt,2026-08-28T16:20:48.467981
1675688359787184024,https://www.hemnet.se/salda/lagenhet-3rum-centrala-huddinge-huddinge-kommun-forradsvagen-44-1675688359787184024,77-78m²,bostadsratt,2026-08-28T16:20:48.467982
3416877901652718009,https://www.hemnet.se/salda/lagenhet-3rum-alingsas-alingsas-kommun-ekdungsvagen-25-3416877901652718009,77-78m²,bostadsratt,2026-08-28T16:20:48.467983
8777853445948406196,https://www.hemnet.se/salda/lagenhet-3rum-ursviken-skelleftea-kommun-vanskapsgatan-74-8777853445948406196,77-78m²,bostadsratt,2026-08-28T16:20:48.467984
2594771744107519593,https://www.hemnet.se/salda/lagenhet-3rum-masta-eskilstuna-kommun-mastavagen-13e-2594771744107519593,77-78m²,bostadsratt,2026-08-28T16:20:48.467985
6344838884648146024,https://www.hemnet.se/salda/lagenhet-2rum-eskilstuna-ostermalm-eskilstuna-kommun-eleonoragatan-1-6344838884648146024,77-78m²,bostadsratt,2026-08-28T16:20:48.467987
5744967648885267301,https://www.hemnet.se/salda/lagenhet-3rum-hogsbo-goteborgs-kommun-hogsbogatan-27-5744967648885267301,77-78m²,bostadsratt,2026-08-28T16:20:48.467988
1100776491580842943,https://www.hemnet.se/salda/lagenhet-3rum-arsta-stockholms-kommun-skontorpsvagen-126-1100776491580842943,77-78m²,bostadsratt,2026-08-28T16:20:48.467991
1178087263221945813,https://www.hemnet.se/salda/lagenhet-3rum-centrala-hisingen-goteborgs-kommun-penselgatan-14-1178087263221945813,77-78m²,bostadsratt,2026-08-28T16:20:48.467993
2795307397724419370,https://www.hemnet.se/salda/lagenhet-3rum-ramlosa-helsingborgs-kommun-petrens-alle-33-2795307397724419370,77-78m²,bostadsratt,2026-08-28T16:20:48.467994
7073237132930862242,https://www.hemnet.se/salda/lagenhet-3rum-barkarbystaden-jarfalla-kommun-viggengatan-14-7073237132930862242,77-78m²,bostadsratt,2026-08-28T16:20:48.467995
6905580722259881953,https://www.hemnet.se/salda/lagenhet-3rum-luthagen-uppsala-kommun-hallbygatan-25-6905580722259881953,77-78m²,bostadsratt,2026-08-28T16:20:48.467996
8202644885688489008,https://www.hemnet.se/salda/lagenhet-3rum-vastra-skogen-solna-kommun-lundagatan-11-8202644885688489008,77-78m²,bostadsratt,2026-08-28T16:20:48.467997
4959378329962766754,https://www.hemnet.se/salda/lagenhet-3rum-centralt-mjolby-kommun-axel-traffs-gata-7-4959378329962766754,77-78m²,bostadsratt,2026-08-28T16:20:48.467999
9085930450959107594,https://www.hemnet.se/salda/lagenhet-3rum-odensala-ostersunds-kommun-vickervagen-64-9085930450959107594,77-78m²,bostadsratt,2026-08-28T16:20:48.468000
571393431834905611,https://www.hemnet.se/salda/lagenhet-3rum-ljungarum-jonkopings-kommun-lovisagatan-199-571393431834905611,77-78m²,bostadsratt,2026-08-28T16:20:48.468001
2914561795942484581,https://www.hemnet.se/salda/lagenhet-3rum-nasby-park-taby-kommun-kuttervagen-4-2914561795942484581,77-78m²,bostadsratt,2026-08-28T16:20:48.468002
4237821264559910032,https://www.hemnet.se/salda/lagenhet-3rum-gotene-gotene-kommun-vikingagatan-7c-4237821264559910032,77-78m²,bostadsratt,2026-08-28T16:20:48.468003
1656738534592018042,https://www.hemnet.se/salda/lagenhet-3rum-lundagard-forshaga-kommun-skordegatan-3-1656738534592018042,77-78m²,bostadsratt,2026-08-28T16:20:48.468004
1944171785717289788,https://www.hemnet.se/salda/lagenhet-3rum-farsta-stockholms-kommun-forshagagatan-36-1944171785717289788,77-78m²,bostadsratt,2026-08-28T16:20:48.468006
4250393724706985008,https://www.hemnet.se/salda/lagenhet-3rum-centrum-sala-kommun-tradgardsgatan-9c-4250393724706985008,77-78m²,bostadsratt,2026-08-28T16:20:48.468007
1530919629879602788,https://www.hemnet.se/salda/lagenhet-3rum-osterhaninge-haninge-kommun-albatrossvagen-54-1530919629879602788,77-78m²,bostadsratt,2026-08-28T16:20:48.468010
6528968651773601243,https://www.hemnet.se/salda/lagenhet-3rum-ostra-hudiksvall-hudiksvalls-kommun-fiskebyvagen-4a-6528968651773601243,77-78m²,bostadsratt,2026-08-28T16:20:48.468011
24377366898973575,https://www.hemnet.se/salda/lagenhet-3rum-slite-gotlands-kommun-narsvagen-20-24377366898973575,77-78m²,bostadsratt,2026-08-28T16:20:48.468012
2363907297500839415,https://www.hemnet.se/salda/lagenhet-2rum-ringstorp-helsingborgs-kommun-ringstorpsvagen-32-2363907297500839415,77-78m²,bostadsratt,2026-08-28T16:20:48.468014
6586884653682539390,https://www.hemnet.se/salda/lagenhet-3rum-tuve-goteborgs-kommun-nolehultsvagen-1-6586884653682539390,77-78m²,bostadsratt,2026-08-28T16:20:48.468015
6860620982522376575,https://www.hemnet.se/salda/lagenhet-3rum-salabacke-uppsala-kommun-murargatan-4b-6860620982522376575,77-78m²,bostadsratt,2026-08-28T16:20:48.468018
8276068634722102921,https://www.hemnet.se/salda/lagenhet-3rum-anderstorp-skelleftea-kommun-mo-i-ranagatan-10-8276068634722102921,77-78m²,bostadsratt,2026-08-28T16:20:48.468019
8468763943423073913,https://www.hemnet.se/salda/lagenhet-3rum-rosendal-uppsala-kommun-gerd-enequists-gata-12b-8468763943423073913,77-78m²,bostadsratt,2026-08-28T16:20:48.468021
1937328580411074443,https://www.hemnet.se/salda/lagenhet-3rum-molkom-karlstads-kommun-kramaregatan-3-1937328580411074443,77-78m²,bostadsratt,2026-08-28T16:20:48.468022
1212978221388809829,https://www.hemnet.se/salda/lagenhet-3rum-filipstad-filipstads-kommun-asphyttegatan-10-a-1212978221388809829,77-78m²,bostadsratt,2026-08-28T16:20:48.468023
1033194440528564539,https://www.hemnet.se/salda/lagenhet-4rum-enskede-stureby-stockholms-kommun-bjulevagen-17-1033194440528564539,77-78m²,bostadsratt,2026-08-28T16:20:48.468024
3692649912601459068,https://www.hemnet.se/salda/lagenhet-3rum-vastra-skogen-solna-kommun-ingentingsgatan-5-3692649912601459068,77-78m²,bostadsratt,2026-08-28T16:20:48.468025
5023483090818138776,https://www.hemnet.se/salda/lagenhet-3rum-oxelosund-oxelosunds-kommun-sjogatan-2a-5023483090818138776,77-78m²,bostadsratt,2026-08-28T16:20:48.468027
6720190615540447295,https://www.hemnet.se/salda/lagenhet-3rum-molndal-aby-molndals-kommun-ridspogatan-6c-6720190615540447295,77-78m²,bostadsratt,2026-08-28T16:20:48.468028
2616910762064021288,https://www.hemnet.se/salda/lagenhet-4rum-taby-park-taby-kommun-norra-parkpromenaden-37-2616910762064021288,77-78m²,bostadsratt,2026-08-28T16:20:48.468029
4243696457730262067,"https://www.hemnet.se/salda/lagenhet-3rum-kista-stockholms-kommun-kastrupgatan-10,-1tr-4243696457730262067",77-78m²,bostadsratt,2026-08-28T16:20:48.468030
6545871800266550746,https://www.hemnet.se/salda/lagenhet-3rum-ekero-centrum-ekero-kommun-clas-horns-vag-7b-6545871800266550746,77-78m²,bostadsratt,2026-08-28T16:20:48.468032
1522545056732067935,https://www.hemnet.se/salda/lagenhet-3rum-korseberg-vanersborgs-kommun-bryggvagen-3c-1522545056732067935,77-78m²,bostadsratt,2026-08-28T16:20:48.468033
3884199034391893373,https://www.hemnet.se/salda/lagenhet-3rum-malmen-kalmar-kommun-stagneliusgatan-9-3884199034391893373,77-78m²,bostadsratt,2026-08-28T16:20:48.468036
3807382884062058575,https://www.hemnet.se/salda/lagenhet-3rum-vasastan-stockholms-kommun-sveavagen-80-3807382884062058575,77-78m²,bostadsratt,2026-08-28T16:20:48.468038
8140241969839880325,https://www.hemnet.se/salda/lagenhet-3rum-attekulla-helsingborgs-kommun-barnstensgatan-21-b-8140241969839880325,77-78m²,bostadsratt,2026-08-28T16:20:48.468039
7628488313281701854,https://www.hemnet.se/salda/lagenhet-3rum-bohus-ale-kommun-byvagen-18a-7628488313281701854,77-78m²,bostadsratt,2026-08-28T16:20:48.468040
2461008913578755472,https://www.hemnet.se/salda/lagenhet-3rum-ulleraker-uppsala-kommun-eva-lagerwalls-vag-26-2461008913578755472,77-78m²,bostadsratt,2026-08-28T16:20:48.468041
5039474760058582799,https://www.hemnet.se/salda/lagenhet-3rum-kinna-marks-kommun-borasvagen-5-5039474760058582799,77-78m²,bostadsratt,2026-08-28T16:20:48.468042
5970766049920114058,https://www.hemnet.se/salda/lagenhet-3rum-trummens-strand-vaxjo-kommun-serafimervagen-9-5970766049920114058,77-78m²,bostadsratt,2026-08-28T16:20:48.468044
1119710878823987932,https://www.hemnet.se/salda/lagenhet-3rum-marsta-sigtuna-kommun-ekilla-gardsvag-18-1119710878823987932,77-78m²,bostadsratt,2026-08-28T16:20:48.468045
6537475278741151451,https://www.hemnet.se/salda/lagenhet-3rum-skarphagen-norrkopings-kommun-lanhagsgatan-3-6537475278741151451,77-78m²,bostadsratt,2026-08-28T16:20:48.468048
2513929088066527787,https://www.hemnet.se/salda/lagenhet-3rum-enskede-gubbangen-stockholms-kommun-majrovagen-1-2513929088066527787,77-78m²,bostadsratt,2026-08-28T16:20:48.468049
7216980823563086545,https://www.hemnet.se/salda/lagenhet-3rum-anderstorp-skelleftea-kommun-bladgatan-291-7216980823563086545,77-78m²,bostadsratt,2026-08-28T16:20:48.468051
6468485749596393681,https://www.hemnet.se/salda/lagenhet-4rum-vemdalsskalet-skalspasset-harjedalens-kommun-vemdalsskalet-kallvagen-20f-6468485749596393681,77-78m²,bostadsratt,2026-08-28T16:20:48.468052
7653707783504166130,"https://www.hemnet.se/salda/lagenhet-3rum-kista-stockholms-kommun-sorogatan-5,-bv-7653707783504166130",77-78m²,bostadsratt,2026-08-28T16:20:48.468053
8285901954056885703,https://www.hemnet.se/salda/lagenhet-4rum-vimpeltorpet-kalmar-kommun-hemvagen-20e-8285901954056885703,77-78m²,bostadsratt,2026-08-28T16:20:48.468054
2152033007814737093,https://www.hemnet.se/salda/lagenhet-3rum-vastra-hudiksvall-hudiksvalls-kommun-mala-benetts-grand-1-2152033007814737093,77-78m²,bostadsratt,2026-08-28T16:20:48.468056
8420669277603448956,https://www.hemnet.se/salda/lagenhet-3rum-dalvik-jonkopings-kommun-dalviksringen-97-8420669277603448956,77-78m²,bostadsratt,2026-08-28T16:20:48.468057
8009815025183388415,https://www.hemnet.se/salda/lagenhet-3rum-kurverod-uddevalla-kommun-onsdagsvagen-6-8009815025183388415,77-78m²,bostadsratt,2026-08-28T16:20:48.468058
9072225447878272245,https://www.hemnet.se/salda/lagenhet-3rum-gardet-ostermalm-stockholms-kommun-skeppargatan-67-9072225447878272245,77-78m²,bostadsratt,2026-08-28T16:20:48.468059
8485816763046058638,"https://www.hemnet.se/salda/lagenhet-3rum-mariedal-sorsedammsomradet-varbergs-kommun-brearedsvagen-98,-lgh-1102-8485816763046058638",77-78m²,bostadsratt,2026-08-28T16:20:48.468060
3126090102096764264,https://www.hemnet.se/salda/lagenhet-3rum-korsta-sundsvalls-kommun-korstavagen-4-d-3126090102096764264,77-78m²,bostadsratt,2026-08-28T16:20:48.468061
8219640729001940050,https://www.hemnet.se/salda/lagenhet-3rum-komarken-kungalvs-kommun-brynjegatan-17-8219640729001940050,77-78m²,bostadsratt,2026-08-28T16:20:48.468063
8923455372374553224,https://www.hemnet.se/salda/lagenhet-3rum-tynnered-goteborgs-kommun-turkosgatan-45-8923455372374553224,77-78m²,bostadsratt,2026-08-28T16:20:48.468064
3969590526468182446,https://www.hemnet.se/salda/lagenhet-3rum-osby-centralt-osby-kommun-goingegatan-9c-3969590526468182446,77-78m²,bostadsratt,2026-08-28T16:20:48.468065
7792504510216621750,https://www.hemnet.se/salda/lagenhet-3rum-silverdal-sollentuna-kommun-krogers-promenad-23-7792504510216621750,77-78m²,bostadsratt,2026-08-28T16:20:48.468066
7422755496458518732,https://www.hemnet.se/salda/lagenhet-3rum-vasastaden-goteborgs-kommun-foreningsgatan-16c-7422755496458518732,77-78m²,bostadsratt,2026-08-28T16:20:48.468067
3617360073238804429,https://www.hemnet.se/salda/lagenhet-3rum-froson-ostersunds-kommun-norra-strandvagen-7a-3617360073238804429,77-78m²,bostadsratt,2026-08-28T16:20:48.468069
9147589603406793249,https://www.hemnet.se/salda/lagenhet-3rum-masta-eskilstuna-kommun-tomtebogatan-18a-9147589603406793249,77-78m²,bostadsratt,2026-08-28T16:20:48.468070
763801147393131515,https://www.hemnet.se/salda/lagenhet-3rum-attekulla-helsingborgs-kommun-barnstensgatan-49c-763801147393131515,77-78m²,bostadsratt,2026-08-28T16:20:48.468071
6153721402048892857,"https://www.hemnet.se/salda/lagenhet-3rum-tyreso-centrum-tyreso-kommun-granitvagen-5b,-1-tr-6153721402048892857",77-78m²,bostadsratt,2026-08-28T16:20:48.468072
467971312539215749,https://www.hemnet.se/salda/lagenhet-3rum-edvinshem-ystads-kommun-repslagaregatan-14e-467971312539215749,77-78m²,bostadsratt,2026-08-28T16:20:48.468073
5647806446161259151,https://www.hemnet.se/salda/lagenhet-3rum-slagsta-eskilstuna-kommun-tomtebogatan-14b-5647806446161259151,77-78m²,bostadsratt,2026-08-28T16:20:48.468074
1394983564108373507,https://www.hemnet.se/salda/lagenhet-3rum-brunna-upplands-bro-kommun-melofonstigen-7-1394983564108373507,77-78m²,bostadsratt,2026-08-28T16:20:48.468078
2879456903799314808,"https://www.hemnet.se/salda/lagenhet-3rum-sodra-hammarbyhamnen-stockholms-kommun-virkesvagen-7b,-bv-2879456903799314808",77-78m²,bostadsratt,2026-08-28T16:20:48.468079
1549299896834269251,https://www.hemnet.se/salda/lagenhet-3rum-tuve-goteborgs-kommun-nolehultsvagen-1-1549299896834269251,77-78m²,bostadsratt,2026-08-28T16:20:48.468083
3679497666173295540,https://www.hemnet.se/salda/lagenhet-3rum-edvinshem-akesholm-ystads-kommun-hallonstigen-4-f-3679497666173295540,77-78m²,bostadsratt,2026-08-28T16:20:48.468084
247027199936427948,https://www.hemnet.se/salda/lagenhet-3rum-ardala-skara-kommun-korsbarsstigen-27-247027199936427948,77-78m²,bostadsratt,2026-08-28T16:20:48.468085
8541735071702241941,https://www.hemnet.se/salda/lagenhet-3rum-limhamns-sjostad-malmo-kommun-sallys-gata-40-8541735071702241941,77-78m²,bostadsratt,2026-08-28T16:20:48.468086
2501194481671285485,https://www.hemnet.se/salda/lagenhet-4rum-bromma-abrahamsberg-stockholms-kommun-rorlaggarvagen-44-2501194481671285485,77-78m²,bostadsratt,2026-08-28T16:20:48.468088
7573143673682581969,https://www.hemnet.se/salda/lagenhet-3rum-vast-pa-stan-umea-kommun-kvarnvagen-8-b-7573143673682581969,77-78m²,bostadsratt,2026-08-28T16:20:48.468089
4870962156863237224,https://www.hemnet.se/salda/lagenhet-3rum-sundbyberg-ursvik-sundbybergs-kommun-forskningsringen-84-4870962156863237224,77-78m²,bostadsratt,2026-08-28T16:20:48.468090
5782224859009569372,"https://www.hemnet.se/salda/lagenhet-3rum-alta-stenso-nacka-kommun-stensovagen-9,-6-tr-5782224859009569372",77-78m²,bostadsratt,2026-08-28T16:20:48.468091
7029317490426139570,https://www.hemnet.se/salda/lagenhet-3rum-billdal-goteborgs-kommun-berghagavagen-10b-7029317490426139570,77-78m²,bostadsratt,2026-08-28T16:20:48.468092
3186817392981025957,https://www.hemnet.se/salda/lagenhet-3rum-hisings-karra-goteborgs-kommun-russvagen-44-3186817392981025957,77-78m²,bostadsratt,2026-08-28T16:20:48.468094
1203980316775860104,https://www.hemnet.se/salda/lagenhet-3rum-gustavsbergs-lugnet-varmdo-kommun-meitens-vag-13-1203980316775860104,77-78m²,bostadsratt,2026-08-28T16:20:48.468095
352164596108603489,https://www.hemnet.se/salda/lagenhet-3rum-bergsater-boras-kommun-backadalsstigen-8b-352164596108603489,77-78m²,bostadsratt,2026-08-28T16:20:48.468096
1996366772583198759,https://www.hemnet.se/salda/lagenhet-3rum-ostra-skogas-huddinge-kommun-duettvagen-177-1996366772583198759,77-78m²,bostadsratt,2026-08-28T16:20:48.468097
2982596260391616324,https://www.hemnet.se/salda/lagenhet-3rum-elinegard-malmo-kommun-stallgrand-7-2982596260391616324,77-78m²,bostadsratt,2026-08-28T16:20:48.468098
8853429580215791266,https://www.hemnet.se/salda/lagenhet-3rum-teg-umea-kommun-tjarhovsgatan-19b-8853429580215791266,77-78m²,bostadsratt,2026-08-28T16:20:48.468099
3988043855261130499,https://www.hemnet.se/salda/lagenhet-3rum-mariehall-stockholms-kommun-kratsbodavagen-44c-3988043855261130499,77-78m²,bostadsratt,2026-08-28T16:20:48.468101
7834642712320968725,https://www.hemnet.se/salda/lagenhet-3rum-vanersborg-vanersborgs-kommun-karl-ericsons-alle-3e-7834642712320968725,77-78m²,bostadsratt,2026-08-28T16:20:48.468104
6844188539607758443,https://www.hemnet.se/salda/lagenhet-3rum-kabo-uppsala-kommun-banergatan-8a-6844188539607758443,77-78m²,bostadsratt,2026-08-28T16:20:48.468106
7550028871847010972,https://www.hemnet.se/salda/lagenhet-3rum-roback-umea-kommun-paletavagen-92-7550028871847010972,77-78m²,bostadsratt,2026-08-28T16:20:48.468107
5402179621339816347,https://www.hemnet.se/salda/lagenhet-3rum-klostergarden-lunds-kommun-sunnanvag-14-s-5402179621339816347,77-78m²,bostadsratt,2026-08-28T16:20:48.468108
5627223103774323503,https://www.hemnet.se/salda/lagenhet-4rum-farjestaden-morbylanga-kommun-ormgatan-21h-5627223103774323503,77-78m²,bostadsratt,2026-08-28T16:20:48.468109
2499106988785267737,https://www.hemnet.se/salda/lagenhet-3rum-kalltorp-goteborgs-kommun-bjorcksgatan-56b-2499106988785267737,77-78m²,bostadsratt,2026-08-28T16:20:48.468110
5080691592209097387,https://www.hemnet.se/salda/lagenhet-2rum-vendelsomalm-haninge-kommun-vendelsovagen-70-5080691592209097387,77-78m²,bostadsratt,2026-08-28T16:20:48.468111
4396536415482269317,https://www.hemnet.se/salda/lagenhet-3rum-hassleholm-hassleholms-kommun-trebackalanggatan-78-4396536415482269317,77-78m²,bostadsratt,2026-08-28T16:20:48.468113
4835553897694085046,https://www.hemnet.se/salda/lagenhet-3rum-centrala-mjolby-mjolby-kommun-kungsvagen-82b-4835553897694085046,77-78m²,bostadsratt,2026-08-28T16:20:48.468114
488208877191329371,https://www.hemnet.se/salda/lagenhet-3rum-hagernas-taby-kommun-radarvagen-18-488208877191329371,77-78m²,bostadsratt,2026-08-28T16:20:48.468115
1121891470641955033,https://www.hemnet.se/salda/lagenhet-3rum-froson-ostersunds-kommun-hornsgatan-22a-1121891470641955033,77-78m²,bostadsratt,2026-08-28T16:20:48.468122
1196198435761478871,https://www.hemnet.se/salda/lagenhet-3rum-kallhall-jarfalla-kommun-kopparvagen-39-1196198435761478871,77-78m²,bostadsratt,2026-08-28T16:20:48.468123
992439806232768652,https://www.hemnet.se/salda/lagenhet-3rum-slottshojden-helsingborgs-kommun-rektorsgatan-5-992439806232768652,77-78m²,bostadsratt,2026-08-28T16:20:48.468124
5455128666873749572,https://www.hemnet.se/salda/lagenhet-4rum-sundbyberg-or-sundbybergs-kommun-logdansvagen-12-5455128666873749572,77-78m²,bostadsratt,2026-08-28T16:20:48.468126
7597563998342801508,"https://www.hemnet.se/salda/lagenhet-2,5rum-borlange-borlange-kommun-tradgardsgatan-2a-7597563998342801508",77-78m²,bostadsratt,2026-08-28T16:20:48.468129
3371459134579038091,"https://www.hemnet.se/salda/lagenhet-2,5rum-odenslund-ostersunds-kommun-brunflovagen-6-a-3371459134579038091",77-78m²,bostadsratt,2026-08-28T16:20:48.468130
9162201852867343752,https://www.hemnet.se/salda/lagenhet-3rum-molnlycke-centrum-harryda-kommun-idrottsgatan-7-9162201852867343752,77-78m²,bostadsratt,2026-08-28T16:20:48.468132
7271325527880995852,https://www.hemnet.se/salda/lagenhet-3rum-lidaker-lidkopings-kommun-majorsallen-42d-7271325527880995852,77-78m²,bostadsratt,2026-08-28T16:20:48.468133
3613461953434040784,https://www.hemnet.se/salda/lagenhet-3rum-getberget-skelleftea-kommun-getbergsvagen-7-3613461953434040784,77-78m²,bostadsratt,2026-08-28T16:20:48.468134
6529515548763396733,https://www.hemnet.se/salda/lagenhet-3rum-lund-centrum-lunds-kommun-revingegatan-4a-6529515548763396733,77-78m²,bostadsratt,2026-08-28T16:20:48.468135
8068550397425648229,https://www.hemnet.se/salda/lagenhet-3rum-centrum-helsingborgs-kommun-mollegranden-15b-8068550397425648229,77-78m²,bostadsratt,2026-08-28T16:20:48.468136
8078300022525797273,"https://www.hemnet.se/salda/lagenhet-3rum-hasselby-strand-stockholms-kommun-maltesholmsvagen-153,-14tr-8078300022525797273",77-78m²,bostadsratt,2026-08-28T16:20:48.468138
7511378572058371720,https://www.hemnet.se/salda/lagenhet-3rum-sjobo-boras-kommun-bjorkhemsgatan-75-7511378572058371720,77-78m²,bostadsratt,2026-08-28T16:20:48.468139
7010506487408501111,https://www.hemnet.se/salda/lagenhet-3rum-mariefred-centralt-strangnas-kommun-lopargrand-29b-7010506487408501111,77-78m²,bostadsratt,2026-08-28T16:20:48.468140
96250706606214963,https://www.hemnet.se/salda/lagenhet-3rum-sandvangen-landskrona-kommun-enoch-thulins-vag-34a-96250706606214963,77-78m²,bostadsratt,2026-08-28T16:20:48.468141
4223623307942166492,https://www.hemnet.se/salda/lagenhet-3rum-stuvsta-huddinge-kommun-byalagsvagen-4a-4223623307942166492,77-78m²,bostadsratt,2026-08-28T16:20:48.468142
7781488216027157547,"https://www.hemnet.se/salda/lagenhet-3,5rum-vasterhaninge-haninge-kommun-solhemsvagen-23-7781488216027157547",77-78m²,bostadsratt,2026-08-28T16:20:48.468144
5962302812431226875,https://www.hemnet.se/salda/lagenhet-3rum-tunabackar-uppsala-kommun-vapnargatan-3d-5962302812431226875,77-78m²,bostadsratt,2026-08-28T16:20:48.468145
2678836173149466487,https://www.hemnet.se/salda/lagenhet-3rum-skonsmon-sundsvalls-kommun-harmonigatan-11a-2678836173149466487,77-78m²,bostadsratt,2026-08-28T16:20:48.468146
5403681861153831467,https://www.hemnet.se/salda/lagenhet-3rum-marsta-norrbacka-sigtuna-kommun-vastra-bangatan-65e-5403681861153831467,77-78m²,bostadsratt,2026-08-28T16:20:48.468147
5545002891867243163,https://www.hemnet.se/salda/lagenhet-3rum-sunnersta-uppsala-kommun-sveddvagen-13b-5545002891867243163,77-78m²,bostadsratt,2026-08-28T16:20:48.468148
8483752713214279031,https://www.hemnet.se/salda/lagenhet-3rum-kista-stockholms-kommun-kastrupgatan-6-8483752713214279031,77-78m²,bostadsratt,2026-08-28T16:20:48.468150
8905123159844867779,https://www.hemnet.se/salda/lagenhet-3rum-edvinshem-ystads-kommun-malmovagen-11b-8905123159844867779,77-78m²,bostadsratt,2026-08-28T16:20:48.468151
4619101250528062382,https://www.hemnet.se/salda/lagenhet-3rum-centrala-sundbyberg-sundbybergs-kommun-gjuteribacken-21a-4619101250528062382,77-78m²,bostadsratt,2026-08-28T16:20:48.468152
4880079456266478378,https://www.hemnet.se/salda/lagenhet-2rum-handen-haninge-kommun-vallavagen-57-4880079456266478378,77-78m²,bostadsratt,2026-08-28T16:20:48.468153
1670968719225797389,https://www.hemnet.se/salda/lagenhet-3rum-nacka-forum-nacka-kommun-stadshusgatan-4-1670968719225797389,77-78m²,bostadsratt,2026-08-28T16:20:48.468157
6485490947215046169,https://www.hemnet.se/salda/lagenhet-3rum-ronnby-vasteras-kommun-slaggkastargatan-5-6485490947215046169,77-78m²,bostadsratt,2026-08-28T16:20:48.468158
7185776746376795321,https://www.hemnet.se/salda/lagenhet-3rum-vendelso-haninge-kommun-albatrossvagen-88-7185776746376795321,77-78m²,bostadsratt,2026-08-28T16:20:48.468159
3596992305264311200,https://www.hemnet.se/salda/lagenhet-3rum-vast-pa-stan-umea-kommun-ostra-brinkvagen-57-3596992305264311200,77-78m²,bostadsratt,2026-08-28T16:20:48.468160
8285786375377854185,https://www.hemnet.se/salda/lagenhet-3rum-hoganas-uppsala-kommun-vaderkvarnsgatan-21-b-8285786375377854185,77-78m²,bostadsratt,2026-08-28T16:20:48.468161
3307706641129057506,https://www.hemnet.se/salda/lagenhet-4rum-ytterby-kungalvs-kommun-odlingsgatan-70-3307706641129057506,77-78m²,bostadsratt,2026-08-28T16:20:48.468163
1256457332343164206,https://www.hemnet.se/salda/lagenhet-3rum-gustavsberg-centrum-varmdo-kommun-mariaterrassen-4-1256457332343164206,77-78m²,bostadsratt,2026-08-28T16:20:48.468164
144540715664235679,"https://www.hemnet.se/salda/lagenhet-3rum-liljeholmskajen-stockholms-kommun-vingardsgatan-46,-5-tr-144540715664235679",77-78m²,bostadsratt,2026-08-28T16:20:48.468617
4988246299477292578,https://www.hemnet.se/salda/lagenhet-3rum-eriksberg-alingsas-kommun-opalgatan-28b-4988246299477292578,77-78m²,bostadsratt,2026-08-28T16:20:48.468620
8572211758184242453,https://www.hemnet.se/salda/lagenhet-3rum-vasastan-stockholms-kommun-hagagatan-17l-8572211758184242453,77-78m²,bostadsratt,2026-08-28T16:20:48.468621
666023764627798952,https://www.hemnet.se/salda/lagenhet-3rum-lund-centrum-lunds-kommun-magle-lilla-kyrkogata-9c-666023764627798952,77-78m²,bostadsratt,2026-08-28T16:20:48.468622
7696666982386488645,https://www.hemnet.se/salda/lagenhet-3rum-nasby-park-taby-kommun-slottsvagen-32-7696666982386488645,77-78m²,bostadsratt,2026-08-28T16:20:48.468624
1281902091453245638,https://www.hemnet.se/salda/lagenhet-3rum-ornsro-orebro-kommun-svarta-bangata-10-a-1281902091453245638,77-78m²,bostadsratt,2026-08-28T16:20:48.468625
266446685892740040,https://www.hemnet.se/salda/lagenhet-3rum-saltsjobaden-ljuskarrsberget-nacka-kommun-ljuskarrsvagen-101-266446685892740040,77-78m²,bostadsratt,2026-08-28T16:20:48.468626
1106633409907435841,https://www.hemnet.se/salda/lagenhet-3rum-tyringe-hassleholms-kommun-stenbocksgatan-15a-1106633409907435841,77-78m²,bostadsratt,2026-08-28T16:20:48.468628
4613722327932705650,https://www.hemnet.se/salda/lagenhet-3rum-taby-kyrkby-taby-kommun-midgardsvagen-20-4613722327932705650,77-78m²,bostadsratt,2026-08-28T16:20:48.468629
2242687274550252858,https://www.hemnet.se/salda/lagenhet-3rum-tynnered-goteborgs-kommun-turkosgatan-4-2242687274550252858,77-78m²,bostadsratt,2026-08-28T16:20:48.468630
3772808710244821088,https://www.hemnet.se/salda/lagenhet-3rum-hovsta-orebro-kommun-lundhagsvagen-86-3772808710244821088,77-78m²,bostadsratt,2026-08-28T16:20:48.468631
1711108663787859580,https://www.hemnet.se/salda/lagenhet-3rum-hyllie-malmo-kommun-mellersta-tennisgrand-11-1711108663787859580,77-78m²,bostadsratt,2026-08-28T16:20:48.468632
5908121108522897115,https://www.hemnet.se/salda/lagenhet-3rum-marsta-sigtuna-kommun-vastra-bangatan-47c-5908121108522897115,77-78m²,bostadsratt,2026-08-28T16:20:48.468634
414680888804602822,https://www.hemnet.se/salda/lagenhet-3rum-akers-styckebruk-strangnas-kommun-skordevagen-27d-414680888804602822,77-78m²,bostadsratt,2026-08-28T16:20:48.468635
4077424178058904073,https://www.hemnet.se/salda/lagenhet-3rum-vejbystrand-angelholms-kommun-bedas-vag-8a-4077424178058904073,77-78m²,bostadsratt,2026-08-28T16:20:48.468636
5285532080842314505,https://www.hemnet.se/salda/lagenhet-2rum-centralt-vasteras-kommun-vasagatan-30b-5285532080842314505,77-78m²,bostadsratt,2026-08-28T16:20:48.468637
7075742137666707584,https://www.hemnet.se/salda/lagenhet-3rum-hokarangen-stockholms-kommun-pepparvagen-64-7075742137666707584,77-78m²,bostadsratt,2026-08-28T16:20:48.468638
4242612623628093903,https://www.hemnet.se/salda/lagenhet-3rum-noltorp-alingsas-kommun-noltorpsgatan-7e-4242612623628093903,77-78m²,bostadsratt,2026-08-28T16:20:48.468639
5357719380852130279,https://www.hemnet.se/salda/lagenhet-3rum-centralt-solvesborgs-kommun-per-olsgatan-4a-5357719380852130279,77-78m²,bostadsratt,2026-08-28T16:20:48.468641
8377305434702559777,https://www.hemnet.se/salda/lagenhet-4rum-centrala-handen-haninge-kommun-vikingavagen-17-8377305434702559777,77-78m²,bostadsratt,2026-08-28T16:20:48.468642
4010001749324045092,https://www.hemnet.se/salda/lagenhet-3rum-kviberg-goteborgs-kommun-soldathemsgatan-17-4010001749324045092,77-78m²,bostadsratt,2026-08-28T16:20:48.468643
712584783039319392,https://www.hemnet.se/salda/lagenhet-3rum-kramfors-kramfors-kommun-radhusvagen-12d-712584783039319392,77-78m²,bostadsratt,2026-08-28T16:20:48.468644
7244188219689205284,https://www.hemnet.se/salda/lagenhet-3rum-kungsbacka-tingberget-kungsbacka-kommun-drottninggatan-21-a-7244188219689205284,77-78m²,bostadsratt,2026-08-28T16:20:48.468645
2664609414206958091,https://www.hemnet.se/salda/lagenhet-3rum-morohojden-skelleftea-kommun-myntgatan-5k-2664609414206958091,77-78m²,bostadsratt,2026-08-28T16:20:48.468646
2697733902111095302,https://www.hemnet.se/salda/lagenhet-3rum-medvaga-borlange-kommun-uppfartsvagen-16c-2697733902111095302,77-78m²,bostadsratt,2026-08-28T16:20:48.468648
6376364544206962707,"https://www.hemnet.se/salda/lagenhet-3,5rum-helenelund-sollentuna-kommun-silverdalsvagen-29-6376364544206962707",77-78m²,bostadsratt,2026-08-28T16:20:48.468649
5049249111268064155,https://www.hemnet.se/salda/lagenhet-3rum-bankeryd-jonkopings-kommun-sjoakravagen-42a-5049249111268064155,77-78m²,bostadsratt,2026-08-28T16:20:48.468650
1683850234449275115,https://www.hemnet.se/salda/lagenhet-4rum-stafsinge-falkenbergs-kommun-glasparlevagen-11b-1683850234449275115,77-78m²,bostadsratt,2026-08-28T16:20:48.468651
6367827987454365545,"https://www.hemnet.se/salda/lagenhet-2,5rum-katarina-stockholms-kommun-grindsgatan-33,-3-tr-6367827987454365545",77-78m²,bostadsratt,2026-08-28T16:20:48.468652
3930034184251559200,https://www.hemnet.se/salda/lagenhet-3rum-alno-sundsvalls-kommun-ekvagen-19-3930034184251559200,77-78m²,bostadsratt,2026-08-28T16:20:48.468653
27306085952839083,https://www.hemnet.se/salda/lagenhet-3rum-soder-soderkaj-halmstads-kommun-sodra-vagen-37-27306085952839083,77-78m²,bostadsratt,2026-08-28T16:20:48.468658
7674617545410613949,https://www.hemnet.se/salda/lagenhet-3rum-kallhall-jarfalla-kommun-kopparvagen-35-7674617545410613949,77-78m²,bostadsratt,2026-08-28T16:20:48.468660
2211248207980610615,https://www.hemnet.se/salda/lagenhet-3rum-hagalund-borlange-kommun-vasagatan-8-2211248207980610615,77-78m²,bostadsratt,2026-08-28T16:20:48.468661
1322273670284247333,https://www.hemnet.se/salda/lagenhet-3rum-luthagen-uppsala-kommun-plattgatan-2-1322273670284247333,77-78m²,bostadsratt,2026-08-28T16:20:48.468662
6914740311334096241,https://www.hemnet.se/salda/lagenhet-3rum-vastra-frolunda-goteborgs-kommun-turkosgatan-37-6914740311334096241,77-78m²,bostadsratt,2026-08-28T16:20:48.468663
1345749380176363868,https://www.hemnet.se/salda/lagenhet-3rum-noltorp-alingsas-kommun-noltorpsgatan-7d-1345749380176363868,77-78m²,bostadsratt,2026-08-28T16:20:48.468664
3855046024921255940,https://www.hemnet.se/salda/lagenhet-3rum-rotebro-sollentuna-kommun-sturevagen-56b-3855046024921255940,77-78m²,bostadsratt,2026-08-28T16:20:48.468665
4252834566633698707,https://www.hemnet.se/salda/lagenhet-2rum-vannas-vannas-kommun-hovslagargatan-20p-4252834566633698707,77-78m²,bostadsratt,2026-08-28T16:20:48.468667
1062400111380627491,https://www.hemnet.se/salda/lagenhet-3rum-centrala-sundbyberg-sundbybergs-kommun-fredsgatan-6a-1062400111380627491,77-78m²,bostadsratt,2026-08-28T16:20:48.468668
9130459765385042792,https://www.hemnet.se/salda/lagenhet-4rum-haninge-haninge-kommun-albatrossvagen-96-9130459765385042792,77-78m²,bostadsratt,2026-08-28T16:20:48.468669
6024314605989340315,https://www.hemnet.se/salda/lagenhet-3rum-centrum-angelholm-angelholms-kommun-bruksgatan-31c-6024314605989340315,77-78m²,bostadsratt,2026-08-28T16:20:48.468670
7849841311903979939,https://www.hemnet.se/salda/lagenhet-3rum-alta-nacka-kommun-stensovagen-13-7-7-tr-7849841311903979939,77-78m²,bostadsratt,2026-08-28T16:20:48.468671
5158117052593731725,https://www.hemnet.se/salda/lagenhet-3rum-ostermalm-lulea-kommun-backgatan-34-5158117052593731725,77-78m²,bostadsratt,2026-08-28T16:20:48.468673
5076106881362577235,https://www.hemnet.se/salda/lagenhet-3rum-arsta-uppsala-kommun-fankalsgatan-7-5076106881362577235,77-78m²,bostadsratt,2026-08-28T16:20:48.468674
7325034182563159678,https://www.hemnet.se/salda/lagenhet-3rum-vasastan-sibirien-stockholms-kommun-tulegatan-32a-7325034182563159678,77-78m²,bostadsratt,2026-08-28T16:20:48.468675
1204237084827560215,https://www.hemnet.se/salda/lagenhet-3rum-vastra-kungsholmen-hornsberg-strand-stockholms-kommun-hornsbergs-strand-15f-1204237084827560215,77-78m²,bostadsratt,2026-08-28T16:20:48.468676
2435008902543768446,https://www.hemnet.se/salda/lagenhet-3rum-centrum-ystads-kommun-sektersgatan-1b-2435008902543768446,77-78m²,bostadsratt,2026-08-28T16:20:48.468678
4099693033970405324,https://www.hemnet.se/salda/lagenhet-3rum-sollentuna-tureberg-sollentuna-kommun-vanortsstraket-1a-4099693033970405324,77-78m²,bostadsratt,2026-08-28T16:20:48.468679
2520698392450630572,https://www.hemnet.se/salda/lagenhet-3rum-tappstrom-ekero-kommun-bradgardsvagen-2-2520698392450630572,77-78m²,bostadsratt,2026-08-28T16:20:48.468680
5158838592982030546,https://www.hemnet.se/salda/lagenhet-3rum-kvarnbyn-molndals-kommun-samuel-norbergsgatan-8-5158838592982030546,77-78m²,bostadsratt,2026-08-28T16:20:48.468681
5979461899799861722,https://www.hemnet.se/salda/lagenhet-3rum-sodra-lindhult-orebro-kommun-norra-belltorpsvagen-25-5979461899799861722,77-78m²,bostadsratt,2026-08-28T16:20:48.468682
6406113227711524377,https://www.hemnet.se/salda/lagenhet-3rum-anderstorp-skelleftea-kommun-tradgrand-51-6406113227711524377,77-78m²,bostadsratt,2026-08-28T16:20:48.468683
5068817564449502028,"https://www.hemnet.se/salda/lagenhet-3rum-tureberg-sollentuna-kommun-blaklockevagen-8,-6-tr,-5068817564449502028",77-78m²,bostadsratt,2026-08-28T16:20:48.468685
656833353565203034,https://www.hemnet.se/salda/lagenhet-3rum-bredang-malarhojden-stockholms-kommun-algrytevagen-31-656833353565203034,77-78m²,bostadsratt,2026-08-28T16:20:48.468686
7843926287712818132,https://www.hemnet.se/salda/lagenhet-3rum-turinge-nykvarns-kommun-gammeltorpsvagen-4b-7843926287712818132,77-78m²,bostadsratt,2026-08-28T16:20:48.468687
7280978185305588932,https://www.hemnet.se/salda/lagenhet-4rum-bromma-mariehall-stockholms-kommun-alpvagen-1-7280978185305588932,77-78m²,bostadsratt,2026-08-28T16:20:48.468691
4990979631140218720,https://www.hemnet.se/salda/lagenhet-3rum-luthagen-uppsala-kommun-borjegatan-59-4990979631140218720,77-78m²,bostadsratt,2026-08-28T16:20:48.468692
1836008720747528528,"https://www.hemnet.se/salda/lagenhet-3,5rum-centrala-vasby-upplands-vasby-kommun-vallvagen-1b-1836008720747528528",77-78m²,bostadsratt,2026-08-28T16:20:48.468693
4009603137818945506,https://www.hemnet.se/salda/lagenhet-3rum-kvissleby-sundsvalls-kommun-alvgatan-12-4009603137818945506,77-78m²,bostadsratt,2026-08-28T16:20:48.468694
6505968137621815711,"https://www.hemnet.se/salda/lagenhet-3rum-dalenum-lidingo-kommun-periskopvagen-4,-3-tr-6505968137621815711",77-78m²,bostadsratt,2026-08-28T16:20:48.468696
5670412534144120899,https://www.hemnet.se/salda/lagenhet-3rum-farsta-stockholms-kommun-varmlandsvagen-330-5670412534144120899,77-78m²,bostadsratt,2026-08-28T16:20:48.468697
7893551725172514688,https://www.hemnet.se/salda/lagenhet-3rum-notviken-mjolkudden-lulea-kommun-munkebergsgatan-76-7893551725172514688,77-78m²,bostadsratt,2026-08-28T16:20:48.468698
4725151361610295789,https://www.hemnet.se/salda/lagenhet-3rum-vasastan-stockholms-kommun-hagagatan-17m-4725151361610295789,77-78m²,bostadsratt,2026-08-28T16:20:48.468699
3872573190096604088,https://www.hemnet.se/salda/lagenhet-4rum-kungsholmen-marieberg-stockholms-kommun-ralambsvagen-12a-3872573190096604088,77-78m²,bostadsratt,2026-08-28T16:20:48.468700
4070859441289156930,https://www.hemnet.se/salda/lagenhet-3rum-fruangen-stockholms-kommun-doktor-widerstroms-gata-46-4070859441289156930,77-78m²,bostadsratt,2026-08-28T16:20:48.468701
799989001039536737,https://www.hemnet.se/salda/lagenhet-3rum-lindesberg-lindesbergs-kommun-norevagen-25-c-799989001039536737,77-78m²,bostadsratt,2026-08-28T16:20:48.468703
4902437426003241814,https://www.hemnet.se/salda/lagenhet-3rum-staffanstorp-centrum-staffanstorps-kommun-valhallavagen-14b-4902437426003241814,77-78m²,bostadsratt,2026-08-28T16:20:48.468704
1840274775480911599,"https://www.hemnet.se/salda/lagenhet-3rum-huvudsta-solna-kommun-huvudstagatan-33,-van-5-1840274775480911599",77-78m²,bostadsratt,2026-08-28T16:20:48.468705
4303337354918337453,https://www.hemnet.se/salda/lagenhet-3rum-vasastaden-stockholms-kommun-luntmakargatan-86b-4303337354918337453,77-78m²,bostadsratt,2026-08-28T16:20:48.468706
1869832569584537049,https://www.hemnet.se/salda/lagenhet-3rum-billdal-goteborgs-kommun-berghagavagen-8b-1869832569584537049,77-78m²,bostadsratt,2026-08-28T16:20:48.468707
5513614691507493619,https://www.hemnet.se/salda/lagenhet-3rum-rotebro-sollentuna-kommun-sturevagen-12b-5513614691507493619,77-78m²,bostadsratt,2026-08-28T16:20:48.468708
3688116449810498054,https://www.hemnet.se/salda/lagenhet-2rum-vasastan-stockholms-kommun-vanadisvagen-5-3688116449810498054,77-78m²,bostadsratt,2026-08-28T16:20:48.468710
1960119104824840370,https://www.hemnet.se/salda/lagenhet-3rum-jarvastaden-solna-kommun-dammtorps-alle-6-1960119104824840370,77-78m²,bostadsratt,2026-08-28T16:20:48.468711
1010508032908511517,https://www.hemnet.se/salda/lagenhet-3rum-hoganas-uppsala-kommun-s-t-olofsgatan-50b-1010508032908511517,77-78m²,bostadsratt,2026-08-28T16:20:48.468712
8022722704600651008,https://www.hemnet.se/salda/lagenhet-3rum-gangsatra-lidingo-kommun-lillakersvagen-55-8022722704600651008,77-78m²,bostadsratt,2026-08-28T16:20:48.468713
175306718156370625,https://www.hemnet.se/salda/lagenhet-3rum-goingegarden-varbergs-kommun-ribstonvagen-2b-175306718156370625,77-78m²,bostadsratt,2026-08-28T16:20:48.468715
4996269375634758098,https://www.hemnet.se/salda/lagenhet-4rum-hokarangen-stockholms-kommun-tisdagsvagen-14-4996269375634758098,77-78m²,bostadsratt,2026-08-28T16:20:48.468716
5699043908052777803,https://www.hemnet.se/salda/lagenhet-3rum-huvudsta-solna-kommun-lidgatan-20-5699043908052777803,77-78m²,bostadsratt,2026-08-28T16:20:48.468717
3407959030660659683,https://www.hemnet.se/salda/lagenhet-3rum-salabacke-uppsala-kommun-byggmastargatan-13b-3407959030660659683,77-78m²,bostadsratt,2026-08-28T16:20:48.468718
7091959045028101090,https://www.hemnet.se/salda/lagenhet-3rum-are-by-are-kommun-are-strand-6a3-vecka-16-7091959045028101090,77-78m²,bostadsratt,2026-08-28T16:20:48.468719
2685663255003598705,https://www.hemnet.se/salda/lagenhet-3rum-centrala-mjolby-mjolby-kommun-kungsvagen-82-a-2685663255003598705,77-78m²,bostadsratt,2026-08-28T16:20:48.468721
3341046786125780907,https://www.hemnet.se/salda/lagenhet-3rum-lindo-strand-norrkopings-kommun-braviksvagen-67-3341046786125780907,77-78m²,bostadsratt,2026-08-28T16:20:48.468724
6530708013198755969,https://www.hemnet.se/salda/lagenhet-4rum-riksten-botkyrka-kommun-hanvedens-alle-93-6530708013198755969,77-78m²,bostadsratt,2026-08-28T16:20:48.468726
4124186324435161301,https://www.hemnet.se/salda/lagenhet-3rum-nasby-park-taby-kommun-nasbyviksgrand-2-4124186324435161301,77-78m²,bostadsratt,2026-08-28T16:20:48.468727
2485589632952405291,https://www.hemnet.se/salda/lagenhet-3rum-vaster-jonkopings-kommun-lasarettsgatan-1b-2485589632952405291,77-78m²,bostadsratt,2026-08-28T16:20:48.468728
1013345787604687123,https://www.hemnet.se/salda/lagenhet-3rum-hillerstorp-gnosjo-kommun-klockljungvagen-2a-1013345787604687123,77-78m²,bostadsratt,2026-08-28T16:20:48.468730
6271495797498006739,https://www.hemnet.se/salda/lagenhet-3rum-lerum-lerums-kommun-halssmyckevagen-17-e-6271495797498006739,77-78m²,bostadsratt,2026-08-28T16:20:48.468731
2229444493237175747,https://www.hemnet.se/salda/lagenhet-3rum-centralt-strommen-norrkopings-kommun-sveagatan-5-2229444493237175747,77-78m²,bostadsratt,2026-08-28T16:20:48.468732
4828792387613524082,https://www.hemnet.se/salda/lagenhet-3rum-hogsbo-goteborgs-kommun-hogsbogatan-27-4828792387613524082,77-78m²,bostadsratt,2026-08-28T16:20:48.468733
8400113436772875079,https://www.hemnet.se/salda/lagenhet-3rum-bokeberg-hassleholms-kommun-bokebergsgatan-10-8400113436772875079,77-78m²,bostadsratt,2026-08-28T16:20:48.468734
5371879066001515183,https://www.hemnet.se/salda/lagenhet-3rum-ronneholm-malmo-kommun-tarningholmsgatan-3b-5371879066001515183,77-78m²,bostadsratt,2026-08-28T16:20:48.468735
8340338629839672353,https://www.hemnet.se/salda/lagenhet-2rum-ribersborg-malmo-kommun-carl-hillsgatan-9-8340338629839672353,77-78m²,bostadsratt,2026-08-28T16:20:48.468737
3236783889137287243,https://www.hemnet.se/salda/lagenhet-3rum-hyllie-malmo-kommun-bures-gata-17b-3236783889137287243,77-78m²,bostadsratt,2026-08-28T16:20:48.468738
6444937758530627247,https://www.hemnet.se/salda/lagenhet-3rum-vetterslund-vasteras-kommun-vetterslundsgatan-10-6444937758530627247,77-78m²,bostadsratt,2026-08-28T16:20:48.468739
1355213912482573506,https://www.hemnet.se/salda/lagenhet-3rum-norra-sofielund-malmo-kommun-lindgatan-4b-1355213912482573506,77-78m²,bostadsratt,2026-08-28T16:20:48.468740
6408767486214449688,https://www.hemnet.se/salda/lagenhet-2rum-strandstaden-lomma-kommun-kryssgrand-7b-6408767486214449688,77-78m²,bostadsratt,2026-08-28T16:20:48.468741
6502330837316804615,https://www.hemnet.se/salda/lagenhet-3rum-hoganas-uppsala-kommun-s-t-persgatan-40a-6502330837316804615,77-78m²,bostadsratt,2026-08-28T16:20:48.468743
3328674858488052165,https://www.hemnet.se/salda/lagenhet-3rum-centralt-amals-kommun-jarngatan-4c-3328674858488052165,77-78m²,bostadsratt,2026-08-28T16:20:48.468744
4542045895644543169,https://www.hemnet.se/salda/lagenhet-3rum-soder-eskilstuna-kommun-bryggartorpsgatan-13-4542045895644543169,77-78m²,bostadsratt,2026-08-28T16:20:48.468745
5944832487798904280,https://www.hemnet.se/salda/lagenhet-3rum-lugnet-brunnsberg-varbergs-kommun-brunnsapplets-vag-4-5944832487798904280,77-78m²,bostadsratt,2026-08-28T16:20:48.468746
9204387384601718402,https://www.hemnet.se/salda/lagenhet-3rum-kallhall-jarfalla-kommun-kopparvagen-5-9204387384601718402,77-78m²,bostadsratt,2026-08-28T16:20:48.468747
3527961359351548144,https://www.hemnet.se/salda/lagenhet-3rum-vasastaden-goteborgs-kommun-aschebergsgatan-11-a-3527961359351548144,77-78m²,bostadsratt,2026-08-28T16:20:48.468748
1009892303329201274,https://www.hemnet.se/salda/lagenhet-3rum-bjarred-centralt-lomma-kommun-vikingavagen-1d-1009892303329201274,77-78m²,bostadsratt,2026-08-28T16:20:48.468749
8581299613883964123,https://www.hemnet.se/salda/lagenhet-3rum-sannegardshamnen-goteborgs-kommun-sannegardsgatan-24-8581299613883964123,77-78m²,bostadsratt,2026-08-28T16:20:48.468751
9098652584611020324,https://www.hemnet.se/salda/lagenhet-3rum-farsta-stockholms-kommun-agesta-brovag-82-9098652584611020324,77-78m²,bostadsratt,2026-08-28T16:20:48.468752
9045160145538450277,https://www.hemnet.se/salda/lagenhet-3rum-kolback-hallstahammars-kommun-stationsgatan-16-9045160145538450277,77-78m²,bostadsratt,2026-08-28T16:20:48.468753
3356380259876731127,https://www.hemnet.se/salda/lagenhet-3rum-djursholm-lillkalmar-danderyds-kommun-lillkalmarvagen-27-3356380259876731127,77-78m²,bostadsratt,2026-08-28T16:20:48.468757
8667337997443596364,https://www.hemnet.se/salda/lagenhet-3rum-tyreso-tyreso-kommun-bollmoravagen-106-8667337997443596364,77-78m²,bostadsratt,2026-08-28T16:20:48.468758
2026203789962200167,https://www.hemnet.se/salda/lagenhet-3rum-anderstorp-skelleftea-kommun-kvistgatan-192-2026203789962200167,77-78m²,bostadsratt,2026-08-28T16:20:48.468760
7146684320410083161,https://www.hemnet.se/salda/lagenhet-3rum-dockan-malmo-kommun-lagatan-17-7146684320410083161,77-78m²,bostadsratt,2026-08-28T16:20:48.468761
9009899135904799314,https://www.hemnet.se/salda/lagenhet-3rum-lunden-skovde-kommun-lundenvagen-9c-9009899135904799314,77-78m²,bostadsratt,2026-08-28T16:20:48.468762
4523854363610528165,https://www.hemnet.se/salda/lagenhet-3rum-bromma-akeslund-stockholms-kommun-tunnlandsvagen-87-4523854363610528165,77-78m²,bostadsratt,2026-08-28T16:20:48.468764
1194449967062201651,"https://www.hemnet.se/salda/lagenhet-3rum-centrum-stromstads-kommun-sodra-bergsgatan-1a,-lgh-1201-1194449967062201651",77-78m²,bostadsratt,2026-08-28T16:20:48.468765
1391835188190161020,https://www.hemnet.se/salda/lagenhet-3rum-almedal-goteborgs-kommun-molndalsvagen-69-c-1391835188190161020,77-78m²,bostadsratt,2026-08-28T16:20:48.468766
1730747837715080527,https://www.hemnet.se/salda/lagenhet-3rum-vallingby-centrum-stockholms-kommun-angermannagatan-176-1730747837715080527,77-78m²,bostadsratt,2026-08-28T16:20:48.468767
4891641534894640423,https://www.hemnet.se/salda/lagenhet-3rum-nya-hovas-goteborgs-kommun-hedtangsvagen-5b-4891641534894640423,77-78m²,bostadsratt,2026-08-28T16:20:48.468769
9033209159515636547,https://www.hemnet.se/salda/lagenhet-3rum-centrala-tyreso-tyreso-kommun-lm-ericssons-vag-12-9033209159515636547,77-78m²,bostadsratt,2026-08-28T16:20:48.468770
5946616739319280953,https://www.hemnet.se/salda/lagenhet-3rum-edvinshem-ystads-kommun-stavgatan-7a-5946616739319280953,77-78m²,bostadsratt,2026-08-28T16:20:48.468771
7491762988048204306,https://www.hemnet.se/salda/lagenhet-3rum-norrtalje-stad-centralt-norrtalje-kommun-drottninggatan-1c-7491762988048204306,77-78m²,bostadsratt,2026-08-28T16:20:48.468772
717105437321895744,https://www.hemnet.se/salda/lagenhet-3rum-vasterhaninge-haninge-kommun-ringvagen-24-717105437321895744,77-78m²,bostadsratt,2026-08-28T16:20:48.468774
7693980222723904032,"https://www.hemnet.se/salda/lagenhet-3rum-karlastaden-goteborgs-kommun-lodjursstraket-1,-van-22-7693980222723904032",77-78m²,bostadsratt,2026-08-28T16:20:48.468775
4081510474182621869,https://www.hemnet.se/salda/lagenhet-3rum-skogas-huddinge-kommun-storvretsvagen-21-4081510474182621869,77-78m²,bostadsratt,2026-08-28T16:20:48.468776
6732778479808422876,https://www.hemnet.se/salda/lagenhet-3rum-centralt-falu-kommun-bergmastaregatan-25b-6732778479808422876,77-78m²,bostadsratt,2026-08-28T16:20:48.468777
1944347529235398274,https://www.hemnet.se/salda/lagenhet-3rum-sodertalje-sodertalje-kommun-karlslundsgatan-18-1944347529235398274,77-78m²,bostadsratt,2026-08-28T16:20:48.468778
1586619501910428807,https://www.hemnet.se/salda/lagenhet-3rum-oster-hudiksvalls-kommun-fiskebyvagen-4d-1586619501910428807,77-78m²,bostadsratt,2026-08-28T16:20:48.468780
6937174790783182604,https://www.hemnet.se/salda/lagenhet-3rum-skraddarbacken-borlange-kommun-skottmors-vag-3e-6937174790783182604,77-78m²,bostadsratt,2026-08-28T16:20:48.468781
2743150337472170941,https://www.hemnet.se/salda/lagenhet-3rum-kungsbacka-kungsbacka-kommun-hugins-vag-29-2743150337472170941,77-78m²,bostadsratt,2026-08-28T16:20:48.468782
7779738636941618620,https://www.hemnet.se/salda/lagenhet-3rum-djurgarden-eskilstuna-kommun-lasarettsgatan-13a-7779738636941618620,77-78m²,bostadsratt,2026-08-28T16:20:48.468783
5286698795793846362,https://www.hemnet.se/salda/lagenhet-3rum-lindo-strand-norrkopings-kommun-braviksvagen-73-5286698795793846362,77-78m²,bostadsratt,2026-08-28T16:20:48.468784
4920429038933662542,https://www.hemnet.se/salda/lagenhet-3rum-solleftea-solleftea-kommun-billstavagen-9-4920429038933662542,77-78m²,bostadsratt,2026-08-28T16:20:48.468786
1185720016640901974,https://www.hemnet.se/salda/lagenhet-3rum-ronnby-vasteras-kommun-slaggkastargatan-16-1185720016640901974,77-78m²,bostadsratt,2026-08-28T16:20:48.468787
8001928257190829894,https://www.hemnet.se/salda/lagenhet-3rum-vasastan-hagastaden-stockholms-kommun-torsplan-10-8001928257190829894,77-78m²,bostadsratt,2026-08-28T16:20:48.468788
5846997171123639880,https://www.hemnet.se/salda/lagenhet-3rum-marsta-centralt-sigtuna-kommun-vastra-bangatan-53-b-5846997171123639880,77-78m²,bostadsratt,2026-08-28T16:20:48.468792
7857781039114237886,https://www.hemnet.se/salda/lagenhet-3rum-trangsund-huddinge-kommun-tornslingan-14-2tr-7857781039114237886,77-78m²,bostadsratt,2026-08-28T16:20:48.468793
5368466725610009490,https://www.hemnet.se/salda/lagenhet-3rum-tureberg-sollentuna-kommun-turebergs-alle-29-5368466725610009490,77-78m²,bostadsratt,2026-08-28T16:20:48.468794
1002533223680564333,https://www.hemnet.se/salda/lagenhet-3rum-granby-uppsala-kommun-dimgatan-6-1002533223680564333,77-78m²,bostadsratt,2026-08-28T16:20:48.468796
65832689289900803,https://www.hemnet.se/salda/lagenhet-3rum-sticklinge-lidingo-kommun-frisksportarvagen-6-65832689289900803,77-78m²,bostadsratt,2026-08-28T16:20:48.468797
6454472014867391602,"https://www.hemnet.se/salda/lagenhet-2,5rum-brandbergen-haninge-kommun-tvillingarnas-gata-313-6454472014867391602",77-78m²,bostadsratt,2026-08-28T16:20:48.468798
2897587687781748809,https://www.hemnet.se/salda/lagenhet-3rum-kungsholmen-fridhemsplan-stockholms-kommun-igeldammsgatan-22d-2897587687781748809,77-78m²,bostadsratt,2026-08-28T16:20:48.468799
5771914478438649366,https://www.hemnet.se/salda/lagenhet-3rum-kapellgardet-uppsala-kommun-portalgatan-15-5771914478438649366,77-78m²,bostadsratt,2026-08-28T16:20:48.468801
1687168169752199566,https://www.hemnet.se/salda/lagenhet-3rum-vasastaden-stockholms-kommun-dalagatan-68a-1687168169752199566,77-78m²,bostadsratt,2026-08-28T16:20:48.468802
3433986107296192846,https://www.hemnet.se/salda/lagenhet-3rum-bor-varnamo-kommun-varvivevagen-22-3433986107296192846,77-78m²,bostadsratt,2026-08-28T16:20:48.468803
5370546871283087672,https://www.hemnet.se/salda/lagenhet-3rum-centralt-kungalvs-kommun-vendergatan-15-5370546871283087672,77-78m²,bostadsratt,2026-08-28T16:20:48.468804
533867876869001486,https://www.hemnet.se/salda/lagenhet-3rum-lerum-centralt-lerums-kommun-goteborgsvagen-18-533867876869001486,77-78m²,bostadsratt,2026-08-28T16:20:48.468806
2589659617735030943,https://www.hemnet.se/salda/lagenhet-4rum-johannelund-linkopings-kommun-munkhagsgatan-126-2589659617735030943,77-78m²,bostadsratt,2026-08-28T16:20:48.468807
781628562123298757,https://www.hemnet.se/salda/lagenhet-3rum-brynas-gavle-kommun-hillmansgatan-11b-781628562123298757,77-78m²,bostadsratt,2026-08-28T16:20:48.468808
7047353636628404341,https://www.hemnet.se/salda/lagenhet-4rum-vimmerby-vimmerby-kommun-skyttegatan-1a-7047353636628404341,77-78m²,bostadsratt,2026-08-28T16:20:48.468809
6647750490316226887,https://www.hemnet.se/salda/lagenhet-4rum-ekero-ekbacken-ekero-kommun-clas-horns-vag-1-6647750490316226887,77-78m²,bostadsratt,2026-08-28T16:20:48.468810
2479197303800668886,https://www.hemnet.se/salda/lagenhet-3rum-kviberg-goteborgs-kommun-soldathemsgatan-4-2479197303800668886,77-78m²,bostadsratt,2026-08-28T16:20:48.468812
1656693435671718391,https://www.hemnet.se/salda/lagenhet-3rum-jarvastaden-solna-kommun-brotorpsvagen-2-1656693435671718391,77-78m²,bostadsratt,2026-08-28T16:20:48.468813
1155723310763379961,https://www.hemnet.se/salda/lagenhet-3rum-city-vasteras-kommun-ostermalmsgatan-7-1155723310763379961,77-78m²,bostadsratt,2026-08-28T16:20:48.468814
3350905204788013024,https://www.hemnet.se/salda/lagenhet-3rum-bankeryd-jonkopings-kommun-sjoakravagen-50a-3350905204788013024,77-78m²,bostadsratt,2026-08-28T16:20:48.468815
7873728891357058345,https://www.hemnet.se/salda/lagenhet-3rum-centralt-eslovs-kommun-vasterlanggatan-28b-7873728891357058345,77-78m²,bostadsratt,2026-08-28T16:20:48.468816
346138722796538408,https://www.hemnet.se/salda/lagenhet-3rum-bohus-ale-kommun-alkalievagen-17-a-lgh-1203-346138722796538408,77-78m²,bostadsratt,2026-08-28T16:20:48.468818
1039780610319715576,"https://www.hemnet.se/salda/lagenhet-3rum-spanga-tensta-stockholms-kommun-mellingebacken-16,-4-tr-1039780610319715576",77-78m²,bostadsratt,2026-08-28T16:20:48.468819
4684724006773868021,https://www.hemnet.se/salda/lagenhet-3rum-arsta-brillinge-vaksala-uppsala-kommun-kamomillgatan-25-4684724006773868021,77-78m²,bostadsratt,2026-08-28T16:20:48.468820
6676660432472865184,"https://www.hemnet.se/salda/lagenhet-3rum-tyreso-strand,-strandangarna-tyreso-kommun-ekangsgrand-1-6676660432472865184",77-78m²,bostadsratt,2026-08-28T16:20:48.468821
3112027691015237966,"https://www.hemnet.se/salda/lagenhet-3rum-centrala-vasby-upplands-vasby-kommun-susebogatan-4,-3tr-3112027691015237966",77-78m²,bostadsratt,2026-08-28T16:20:48.468825
6921797369016830480,https://www.hemnet.se/salda/lagenhet-3rum-bergvik-sodertalje-kommun-skogsgatan-3b-6921797369016830480,77-78m²,bostadsratt,2026-08-28T16:20:48.468826
2564386167236372357,https://www.hemnet.se/salda/lagenhet-3rum-fredhall-stockholms-kommun-runiusgatan-7-2564386167236372357,77-78m²,bostadsratt,2026-08-28T16:20:48.468827
6168917418742661310,https://www.hemnet.se/salda/lagenhet-3rum-havstena-skovde-kommun-havstenavagen-30e-6168917418742661310,77-78m²,bostadsratt,2026-08-28T16:20:48.468828
2406010123023571524,https://www.hemnet.se/salda/lagenhet-3rum-haga-sundsvalls-kommun-baldersvagen-19-d-2406010123023571524,77-78m²,bostadsratt,2026-08-28T16:20:48.468830
2559428248896233397,https://www.hemnet.se/salda/lagenhet-3rum-gamla-kolla-kungsbacka-kommun-odens-vag-10a-2559428248896233397,77-78m²,bostadsratt,2026-08-28T16:20:48.468831
1146985900598369027,"https://www.hemnet.se/salda/lagenhet-4rum-saltsjobaden-ljuskarrsberget-nacka-kommun-ljuskarrsvagen-20,-1tr-1146985900598369027",77-78m²,bostadsratt,2026-08-28T16:20:48.468832
2966282337356448419,https://www.hemnet.se/salda/lagenhet-3rum-bredang-malarhojden-stockholms-kommun-algrytevagen-31-2966282337356448419,77-78m²,bostadsratt,2026-08-28T16:20:48.468833
7077497558938784584,https://www.hemnet.se/salda/lagenhet-3rum-mora-centrum-mora-kommun-fridhemsplan-4-b-7077497558938784584,77-78m²,bostadsratt,2026-08-28T16:20:48.468834
4544379515261792817,"https://www.hemnet.se/salda/lagenhet-3rum-gardet-stockholms-kommun-artillerigatan-70b,-6-6-tr-4544379515261792817",77-78m²,bostadsratt,2026-08-28T16:20:48.468836
5419761730365616409,https://www.hemnet.se/salda/lagenhet-3rum-hjorthagen-stockholms-kommun-artemisgatan-5a-5419761730365616409,77-78m²,bostadsratt,2026-08-28T16:20:48.468837
6088429212026733666,https://www.hemnet.se/salda/lagenhet-3rum-fruangen-stockholms-kommun-fredrika-bremers-gata-5-6088429212026733666,77-78m²,bostadsratt,2026-08-28T16:20:48.468838
4157272662763717713,https://www.hemnet.se/salda/lagenhet-3rum-haninge-haninge-kommun-ringvagen-88-4157272662763717713,77-78m²,bostadsratt,2026-08-28T16:20:48.468839
6476749137611186793,https://www.hemnet.se/salda/lagenhet-3rum-klostergarden-lunds-kommun-sunnanvag-18o-6476749137611186793,77-78m²,bostadsratt,2026-08-28T16:20:48.468840
6532350719124271189,https://www.hemnet.se/salda/lagenhet-3rum-ljungby-ljungby-kommun-elfstromsgatan-18-6532350719124271189,77-78m²,bostadsratt,2026-08-28T16:20:48.468842
1665865597015373530,https://www.hemnet.se/salda/lagenhet-3rum-jarved-ornskoldsviks-kommun-jarvedsvagen-20a-1665865597015373530,77-78m²,bostadsratt,2026-08-28T16:20:48.468843
3710385306181031414,https://www.hemnet.se/salda/lagenhet-3rum-vejbystrand-angelholms-kommun-bedas-vag-5b-3710385306181031414,77-78m²,bostadsratt,2026-08-28T16:20:48.468844
3986551668413707364,"https://www.hemnet.se/salda/lagenhet-3rum-sodermalm-stockholms-kommun-timmermansgatan-12,-2-tr-3986551668413707364",77-78m²,bostadsratt,2026-08-28T16:20:48.468848
2284791637839878027,https://www.hemnet.se/salda/lagenhet-4rum-ostermalm-stockholms-kommun-surbrunnsgatan-4-2284791637839878027,77-78m²,bostadsratt,2026-08-28T16:20:48.468849
1507003190599855431,https://www.hemnet.se/salda/lagenhet-3rum-farsta-stockholms-kommun-varmlandsvagen-330-1507003190599855431,77-78m²,bostadsratt,2026-08-28T16:20:48.468850
5566632895837961795,https://www.hemnet.se/salda/lagenhet-3rum-johanneberg-goteborgs-kommun-gibraltargatan-60-5566632895837961795,77-78m²,bostadsratt,2026-08-28T16:20:48.468851
2886043070750092365,https://www.hemnet.se/salda/lagenhet-3rum-gustavsberg-kedjebacken-varmdo-kommun-kedjebacken-4b-2886043070750092365,77-78m²,bostadsratt,2026-08-28T16:20:48.468852
4995320186918583365,"https://www.hemnet.se/salda/lagenhet-4rum-traneberg-stockholms-kommun-vidangsvagen-51b,-vaning-3-3-4995320186918583365",77-78m²,bostadsratt,2026-08-28T16:20:48.468854
3187585364010055864,https://www.hemnet.se/salda/lagenhet-3rum-lindholmen-goteborgs-kommun-lindholmshamnen-23-3187585364010055864,77-78m²,bostadsratt,2026-08-28T16:20:48.468855
6662817025590099069,https://www.hemnet.se/salda/lagenhet-3rum-djupviken-pitea-kommun-abborrgatan-9c-6662817025590099069,77-78m²,bostadsratt,2026-08-28T16:20:48.468856
509770273898974914,https://www.hemnet.se/salda/lagenhet-3rum-sodra-ryd-skovde-kommun-stenelidsvagen-55a-509770273898974914,77-78m²,bostadsratt,2026-08-28T16:20:48.468857
257505984444558039,https://www.hemnet.se/salda/lagenhet-3rum-froson-ostersunds-kommun-hornsgatan-20b-257505984444558039,77-78m²,bostadsratt,2026-08-28T16:20:48.468861
302692140477330430,https://www.hemnet.se/salda/lagenhet-3rum-rosenkalla-nykopings-kommun-erikslundsvagen-13-302692140477330430,77-78m²,bostadsratt,2026-08-28T16:20:48.468862
7802460075618923852,https://www.hemnet.se/salda/lagenhet-3rum-rosenkalla-nykopings-kommun-erikslundsvagen-26-7802460075618923852,77-78m²,bostadsratt,2026-08-28T16:20:48.468863
6064341252444110472,https://www.hemnet.se/salda/lagenhet-3rum-hisingstorp-jonkopings-kommun-stattutgatan-34-6064341252444110472,77-78m²,bostadsratt,2026-08-28T16:20:48.468864
4204919721335052797,https://www.hemnet.se/salda/lagenhet-3rum-eriksberg-goteborgs-kommun-monsungatan-55-4204919721335052797,77-78m²,bostadsratt,2026-08-28T16:20:48.468865
8602216074670656215,https://www.hemnet.se/salda/lagenhet-3rum-backby-vasteras-kommun-axel-oxenstiernas-gata-32-8602216074670656215,77-78m²,bostadsratt,2026-08-28T16:20:48.468867
6923574632384584263,"https://www.hemnet.se/salda/lagenhet-3rum-liljeholmskajen-stockholms-kommun-argangsgatan-1,-13-tr-6923574632384584263",77-78m²,bostadsratt,2026-08-28T16:20:48.468868
5471184488034372296,https://www.hemnet.se/salda/lagenhet-3rum-gamla-ostberga-stockholms-kommun-stamgatan-89-5471184488034372296,77-78m²,bostadsratt,2026-08-28T16:20:48.468869
4457497679243517553,https://www.hemnet.se/salda/lagenhet-3rum-norrliden-sundsvalls-kommun-baldersvagen-42-4457497679243517553,77-78m²,bostadsratt,2026-08-28T16:20:48.468870
86540556604327294,https://www.hemnet.se/salda/lagenhet-3rum-centrum-halmstads-kommun-stenvinkelsgatan-15-86540556604327294,77-78m²,bostadsratt,2026-08-28T16:20:48.468872
1473682531140626243,https://www.hemnet.se/salda/lagenhet-3rum-centrala-marsta-sigtuna-kommun-vastra-bangatan-65-d-1473682531140626243,77-78m²,bostadsratt,2026-08-28T16:20:48.468873
2006441025008671674,https://www.hemnet.se/salda/lagenhet-3rum-centrum-solvesborgs-kommun-markgatan-11-2006441025008671674,77-78m²,bostadsratt,2026-08-28T16:20:48.468874
3103613356932519517,https://www.hemnet.se/salda/lagenhet-3rum-grondal-stockholms-kommun-lovholmsvagen-84-3103613356932519517,77-78m²,bostadsratt,2026-08-28T16:20:48.468875
7886525562643130016,https://www.hemnet.se/salda/lagenhet-3rum-centralt-avesta-kommun-myrgatan-21a-7886525562643130016,77-78m²,bostadsratt,2026-08-28T16:20:48.468877
310535755732491362,https://www.hemnet.se/salda/lagenhet-3rum-sandudden-ekero-kommun-singelgrand-13-310535755732491362,77-78m²,bostadsratt,2026-08-28T16:20:48.468878
1730772126636032543,https://www.hemnet.se/salda/lagenhet-3rum-oster-malarstrand-vasteras-kommun-genuagatan-6-1730772126636032543,77-78m²,bostadsratt,2026-08-28T16:20:48.468879
4072926724889929837,https://www.hemnet.se/salda/lagenhet-3rum-roback-umea-kommun-kragvagen-56-4072926724889929837,77-78m²,bostadsratt,2026-08-28T16:20:48.468880
527001523122504403,https://www.hemnet.se/salda/lagenhet-3rum-pedagogen-park-molndals-kommun-professorsgatan-4-527001523122504403,77-78m²,bostadsratt,2026-08-28T16:20:48.468881
4265110880606056099,https://www.hemnet.se/salda/lagenhet-4rum-jakobsberg-jarfalla-kommun-snapphanevagen-59-4265110880606056099,77-78m²,bostadsratt,2026-08-28T16:20:48.468883
91811507420289845,https://www.hemnet.se/salda/lagenhet-3rum-vastra-skogen-solna-kommun-johan-enbergs-vag-23-91811507420289845,77-78m²,bostadsratt,2026-08-28T16:20:48.468884
6079011283201576765,https://www.hemnet.se/salda/lagenhet-3rum-saltangen-nacka-kommun-beckasinvagen-38-6079011283201576765,77-78m²,bostadsratt,2026-08-28T16:20:48.468885
5273248850716994739,"https://www.hemnet.se/salda/lagenhet-2,5rum-sodermalm-sofia-stockholms-kommun-rutger-fuchsgatan-2,-5tr-5273248850716994739",77-78m²,bostadsratt,2026-08-28T16:20:48.468886
1485487727799490226,https://www.hemnet.se/salda/lagenhet-3rum-lillsjon-ostersunds-kommun-vickervagen-17-1485487727799490226,77-78m²,bostadsratt,2026-08-28T16:20:48.468888
5917533914158004406,https://www.hemnet.se/salda/lagenhet-3rum-frosang-oxelosunds-kommun-frosangsvagen-88-5917533914158004406,77-78m²,bostadsratt,2026-08-28T16:20:48.468892
4814127555631927275,https://www.hemnet.se/salda/lagenhet-3rum-jonkoping-jonkopings-kommun-mastaregatan-9-4814127555631927275,77-78m²,bostadsratt,2026-08-28T16:20:48.468893
4471198261867123153,https://www.hemnet.se/salda/lagenhet-3rum-norra-stockfallet-karlstads-kommun-kartlavsstigen-11a-4471198261867123153,77-78m²,bostadsratt,2026-08-28T16:20:48.468896
757762701616724053,https://www.hemnet.se/salda/lagenhet-3rum-skarpnack-stockholms-kommun-skarpnacks-alle-9-757762701616724053,77-78m²,bostadsratt,2026-08-28T16:20:48.468898
1303732441097807608,https://www.hemnet.se/salda/lagenhet-3rum-korsangsgardet-vasteras-kommun-tegnergatan-3-1303732441097807608,77-78m²,bostadsratt,2026-08-28T16:20:48.468899
630892412942937663,"https://www.hemnet.se/salda/lagenhet-3,5rum-overjarna-sodertalje-kommun-molnbovagen-23s-630892412942937663",77-78m²,bostadsratt,2026-08-28T16:20:48.468900
5426927049686925269,https://www.hemnet.se/salda/lagenhet-2rum-trelleborg-vaster-trelleborgs-kommun-bryggaregatan-11m-5426927049686925269,77-78m²,bostadsratt,2026-08-28T16:20:48.468901
2268103920862365312,https://www.hemnet.se/salda/lagenhet-3rum-tyreso-tyreso-kommun-videvagen-78-2268103920862365312,77-78m²,bostadsratt,2026-08-28T16:20:48.468902
7513938065064203990,https://www.hemnet.se/salda/lagenhet-3rum-kallhall-jarfalla-kommun-emaljvagen-18-7513938065064203990,77-78m²,bostadsratt,2026-08-28T16:20:48.468904
6085581952725675764,https://www.hemnet.se/salda/lagenhet-2rum-onsjo-vanersborgs-kommun-slattergatan-71-6085581952725675764,77-78m²,bostadsratt,2026-08-28T16:20:48.468905
2392137981288899409,https://www.hemnet.se/salda/lagenhet-3rum-linero-lunds-kommun-kampagranden-11c-2392137981288899409,77-78m²,bostadsratt,2026-08-28T16:20:48.468906
768871736616937959,https://www.hemnet.se/salda/lagenhet-3rum-ovre-vasastaden-linkopings-kommun-timmermansgatan-7-768871736616937959,77-78m²,bostadsratt,2026-08-28T16:20:48.468908
6650284165155738035,https://www.hemnet.se/salda/lagenhet-3rum-uppsala-uppsala-kommun-luthagsesplanaden-21b-6650284165155738035,77-78m²,bostadsratt,2026-08-28T16:20:48.468909
46937106265133211,https://www.hemnet.se/salda/lagenhet-3rum-staffanstorp-staffanstorps-kommun-storgatan-2c-46937106265133211,77-78m²,bostadsratt,2026-08-28T16:20:48.468910
6918678883449957830,https://www.hemnet.se/salda/lagenhet-3rum-centralt-kristinehamns-kommun-karlskogavagen-17b-6918678883449957830,77-78m²,bostadsratt,2026-08-28T16:20:48.468911
4949645104587573919,"https://www.hemnet.se/salda/lagenhet-3rum-nacka-sickla-ekudden-nacka-kommun-ekuddsvagen-27,-10tr-4949645104587573919",77-78m²,bostadsratt,2026-08-28T16:20:48.468913
4691172349849128151,https://www.hemnet.se/salda/lagenhet-2rum-folkets-park-malmo-kommun-amiralsgatan-47-4691172349849128151,77-78m²,bostadsratt,2026-08-28T16:20:48.468914
78942668332068502,https://www.hemnet.se/salda/lagenhet-3rum-haga-umea-kommun-korsgatan-8b-78942668332068502,77-78m²,bostadsratt,2026-08-28T16:20:48.468915
660396296497802,https://www.hemnet.se/salda/lagenhet-3rum-rosenkalla-nykopings-kommun-erikslundsvagen-26-660396296497802,77-78m²,bostadsratt,2026-08-28T16:20:48.468916
8960399746914586413,https://www.hemnet.se/salda/lagenhet-3rum-apoteksskogen-upplands-vasby-kommun-holmvagen-24-8960399746914586413,77-78m²,bostadsratt,2026-08-28T16:20:48.468918
8932283280571392933,"https://www.hemnet.se/salda/lagenhet-3rum-kista-stockholms-kommun-helsingorsgatan-44,-van-1-5-8932283280571392933",77-78m²,bostadsratt,2026-08-28T16:20:48.468919
2828940121500895708,https://www.hemnet.se/salda/lagenhet-3rum-havstena-skovde-kommun-havstenavagen-30b-2828940121500895708,77-78m²,bostadsratt,2026-08-28T16:20:48.468920
3453560843539422529,https://www.hemnet.se/salda/lagenhet-3rum-vendelso-haninge-kommun-albatrossvagen-112-3453560843539422529,77-78m²,bostadsratt,2026-08-28T16:20:48.468921
5631810257524905852,https://www.hemnet.se/salda/lagenhet-2rum-sodermalm-stockholms-kommun-katarina-bangata-37-5631810257524905852,77-78m²,bostadsratt,2026-08-28T16:20:48.468923
976012322982261162,https://www.hemnet.se/salda/lagenhet-3rum-centrala-vasby-upplands-vasby-kommun-husarvagen-13-976012322982261162,77-78m²,bostadsratt,2026-08-28T16:20:48.468924
8049620547336072857,https://www.hemnet.se/salda/lagenhet-3rum-sodra-hammarbyhamnen-stockholms-kommun-heliosgatan-16b-8049620547336072857,77-78m²,bostadsratt,2026-08-28T16:20:48.468925
6164769473373564553,"https://www.hemnet.se/salda/lagenhet-3,5rum-angered-goteborgs-kommun-gunnaredsterrassen-91-6164769473373564553",77-78m²,bostadsratt,2026-08-28T16:20:48.468926
4335622065911811941,https://www.hemnet.se/salda/lagenhet-2rum-nasbypark-taby-kommun-kryssarvagen-18-4335622065911811941,77-78m²,bostadsratt,2026-08-28T16:20:48.468928
5534637737926019508,"https://www.hemnet.se/salda/lagenhet-2,5rum-vendelso-haninge-kommun-vendelsomalmsvagen-104-5534637737926019508",77-78m²,bostadsratt,2026-08-28T16:20:48.468931
7255504019741111352,https://www.hemnet.se/salda/lagenhet-3rum-uddevalla-uddevalla-kommun-ostbergsvagen-7-7255504019741111352,77-78m²,bostadsratt,2026-08-28T16:20:48.468933
5172581508206705622,https://www.hemnet.se/salda/lagenhet-4rum-arsta-stockholms-kommun-sandfjardsgatan-12-5172581508206705622,77-78m²,bostadsratt,2026-08-28T16:20:48.468934
8549067817198394736,https://www.hemnet.se/salda/lagenhet-3rum-hoganas-uppsala-kommun-torkelsgatan-34b-8549067817198394736,77-78m²,bostadsratt,2026-08-28T16:20:48.468938
4456574171544830205,https://www.hemnet.se/salda/lagenhet-3rum-johannelund-linkopings-kommun-soderleden-7-4456574171544830205,77-78m²,bostadsratt,2026-08-28T16:20:48.468939
6052274880707408981,https://www.hemnet.se/salda/lagenhet-4rum-alsike-knivsta-kommun-halleborgsgatan-8d-6052274880707408981,77-78m²,bostadsratt,2026-08-28T16:20:48.468940
8783362689570437923,"https://www.hemnet.se/salda/lagenhet-3rum-nasbypark-taby-kommun-eskadervagen-30,-2tr-8783362689570437923",77-78m²,bostadsratt,2026-08-28T16:20:48.468942
5376758464743437645,https://www.hemnet.se/salda/lagenhet-3rum-tynnered-goteborgs-kommun-turkosgatan-7-5376758464743437645,77-78m²,bostadsratt,2026-08-28T16:20:48.468943
7419897366193810398,"https://www.hemnet.se/salda/lagenhet-3rum-centralt,-oster-norrkopings-kommun-odalgatan-14-7419897366193810398",77-78m²,bostadsratt,2026-08-28T16:20:48.468944
5104268930383496433,https://www.hemnet.se/salda/lagenhet-3rum-alidhem-umea-kommun-biologigrand-20-5104268930383496433,77-78m²,bostadsratt,2026-08-28T16:20:48.468945
6060603322002079442,"https://www.hemnet.se/salda/lagenhet-2,5rum-lomma-hamn-lomma-kommun-hojeagatan-81-6060603322002079442",77-78m²,bostadsratt,2026-08-28T16:20:48.468947
5801357448072137613,https://www.hemnet.se/salda/lagenhet-3rum-centralt-oster-nykopings-kommun-ostra-bergsgatan-35-5801357448072137613,77-78m²,bostadsratt,2026-08-28T16:20:48.468948
1895240937698458332,https://www.hemnet.se/salda/lagenhet-3rum-ribersborg-malmo-kommun-regementsgatan-31d-1895240937698458332,77-78m²,bostadsratt,2026-08-28T16:20:48.468949
6707920961384167000,https://www.hemnet.se/salda/lagenhet-3rum-skarsatra-lidingo-kommun-pyrolavagen-39-6707920961384167000,77-78m²,bostadsratt,2026-08-28T16:20:48.468950
5943862846710193192,https://www.hemnet.se/salda/lagenhet-3rum-bredang-malarhojden-stockholms-kommun-algrytevagen-31-5943862846710193192,77-78m²,bostadsratt,2026-08-28T16:20:48.468951
4674413873613506125,https://www.hemnet.se/salda/lagenhet-3rum-vastra-hamnen-malmo-kommun-stora-varvsgatan-43-4674413873613506125,77-78m²,bostadsratt,2026-08-28T16:20:48.468953
3699130988562663079,"https://www.hemnet.se/salda/lagenhet-4rum-klappen,-salen-malung-salens-kommun-pistvagen-519-a-3699130988562663079",77-78m²,bostadsratt,2026-08-28T16:20:48.468954
9107833715740478851,https://www.hemnet.se/salda/lagenhet-3rum-rasunda-solna-kommun-algatan-7-9107833715740478851,77-78m²,bostadsratt,2026-08-28T16:20:48.468955
3987818051911966893,https://www.hemnet.se/salda/lagenhet-3rum-ursvik-sundbybergs-kommun-forskningsringen-82a-3987818051911966893,77-78m²,bostadsratt,2026-08-28T16:20:48.468956
8926250745702164298,https://www.hemnet.se/salda/lagenhet-3rum-norrkoping-norrkopings-kommun-kneippgatan-7-8926250745702164298,77-78m²,bostadsratt,2026-08-28T16:20:48.468958
1693339506352715463,"https://www.hemnet.se/salda/lagenhet-3rum-vastra-skogen-solna-kommun-armegatan-36f,-3-tr-1693339506352715463",77-78m²,bostadsratt,2026-08-28T16:20:48.468959
4482088230633317812,https://www.hemnet.se/salda/lagenhet-3rum-edvinshem-akesholm-ystads-kommun-babordsgangen-1o-4482088230633317812,77-78m²,bostadsratt,2026-08-28T16:20:48.468960
7025690468287622728,https://www.hemnet.se/salda/lagenhet-3rum-helenelund-sollentuna-kommun-stupvagen-39-7025690468287622728,77-78m²,bostadsratt,2026-08-28T16:20:48.468961
3370235103476005441,https://www.hemnet.se/salda/lagenhet-4rum-tyreso-centrum-tyreso-kommun-granangsvagen-2b-3370235103476005441,77-78m²,bostadsratt,2026-08-28T16:20:48.468962
946812526848803778,https://www.hemnet.se/salda/lagenhet-3rum-sundbyberg-sundbybergs-kommun-fredsgatan-6a-946812526848803778,77-78m²,bostadsratt,2026-08-28T16:20:48.468963
3217514347240041748,https://www.hemnet.se/salda/lagenhet-3rum-nacka-ostra-nacka-kommun-klyvarevagen-60a-3217514347240041748,77-78m²,bostadsratt,2026-08-28T16:20:48.468965
317928382954593985,https://www.hemnet.se/salda/lagenhet-3rum-norrstaden-norra-brannan-stenhammar-harnosands-kommun-brannavagen-114-317928382954593985,77-78m²,bostadsratt,2026-08-28T16:20:48.468968
6731678249467999119,https://www.hemnet.se/salda/lagenhet-3rum-johannelund-linkopings-kommun-soderleden-7-6731678249467999119,77-78m²,bostadsratt,2026-08-28T16:20:48.468970
7205911765479871803,https://www.hemnet.se/salda/lagenhet-3rum-helenelund-sollentuna-kommun-margreteborgsvagen-12-7205911765479871803,77-78m²,bostadsratt,2026-08-28T16:20:48.468971
159013732787102855,"https://www.hemnet.se/salda/lagenhet-3,5rum-granby-uppsala-kommun-dimgatan-20-159013732787102855",77-78m²,bostadsratt,2026-08-28T16:20:48.468972
1413319100617658654,https://www.hemnet.se/salda/lagenhet-3rum-limhamns-sjostad-malmo-kommun-sallys-gata-36-1413319100617658654,77-78m²,bostadsratt,2026-08-28T16:20:48.468973
7801172468090419097,"https://www.hemnet.se/salda/lagenhet-3rum-skarsatra-lidingo-kommun-pyrolavagen-58,-3tr-7801172468090419097",77-78m²,bostadsratt,2026-08-28T16:20:48.468974
8014523454480699136,https://www.hemnet.se/salda/lagenhet-3rum-slottsstaden-malmo-kommun-kopenhamnsvagen-13b-8014523454480699136,77-78m²,bostadsratt,2026-08-28T16:20:48.468976
1976120447430457646,https://www.hemnet.se/salda/lagenhet-3rum-bankeryd-jonkopings-kommun-sjoakravagen-58-c-1976120447430457646,77-78m²,bostadsratt,2026-08-28T16:20:48.468977
6038344161686231352,https://www.hemnet.se/salda/lagenhet-3rum-helenelund-sollentuna-kommun-pilvagen-62-6038344161686231352,77-78m²,bostadsratt,2026-08-28T16:20:48.468978
4790744312129433882,https://www.hemnet.se/salda/lagenhet-3rum-frosunda-solna-kommun-gustav-iii-s-boulevard-117-4790744312129433882,77-78m²,bostadsratt,2026-08-28T16:20:48.468983
8635543484230263501,https://www.hemnet.se/salda/lagenhet-3rum-tokarp-jonkopings-kommun-lovisagatan-117-8635543484230263501,77-78m²,bostadsratt,2026-08-28T16:20:48.468985
7835810896151802457,https://www.hemnet.se/salda/lagenhet-3rum-gotene-tatort-gotene-kommun-vikingagatan-7b-7835810896151802457,77-78m²,bostadsratt,2026-08-28T16:20:48.468986
3231377013861293573,https://www.hemnet.se/salda/lagenhet-4rum-vikhem-staffanstorps-kommun-vikhemsvagen-70-3231377013861293573,77-78m²,bostadsratt,2026-08-28T16:20:48.468987
2508656622082857802,https://www.hemnet.se/salda/lagenhet-3rum-heden-goteborgs-kommun-bohusgatan-18-2508656622082857802,77-78m²,bostadsratt,2026-08-28T16:20:48.468988
87609904659537064,https://www.hemnet.se/salda/lagenhet-3rum-teg-umea-kommun-tjarhovsgatan-19b-87609904659537064,77-78m²,bostadsratt,2026-08-28T16:20:48.468989
4286950923756014897,https://www.hemnet.se/salda/lagenhet-3rum-lillhamra-vasteras-kommun-kasselgatan-1b-4286950923756014897,77-78m²,bostadsratt,2026-08-28T16:20:48.468991
4947154925167954296,https://www.hemnet.se/salda/lagenhet-3rum-kalltorp-goteborgs-kommun-sanatoriegatan-25b-4947154925167954296,77-78m²,bostadsratt,2026-08-28T16:20:48.468992
5014467707143211307,https://www.hemnet.se/salda/lagenhet-3rum-ronnby-vasteras-kommun-slaggkastargatan-12-5014467707143211307,77-78m²,bostadsratt,2026-08-28T16:20:48.468993
3259559087351957975,https://www.hemnet.se/salda/lagenhet-3rum-centrala-vasby-upplands-vasby-kommun-nils-ahlins-vag-1-3259559087351957975,77-78m²,bostadsratt,2026-08-28T16:20:48.468994
50244099655900105,https://www.hemnet.se/salda/lagenhet-3rum-tungelsta-haninge-kommun-allevagen-9c-50244099655900105,77-78m²,bostadsratt,2026-08-28T16:20:48.468995
3101297677396343409,"https://www.hemnet.se/salda/lagenhet-3rum-arsta-stockholms-kommun-sandfjardsgatan-105,-van-10-3101297677396343409",77-78m²,bostadsratt,2026-08-28T16:20:48.468997
4749542434097504293,https://www.hemnet.se/salda/lagenhet-4rum-sodra-munksjon-jonkopings-kommun-skeppsbrogatan-18-4749542434097504293,77-78m²,bostadsratt,2026-08-28T16:20:48.468998
8507033292408979483,https://www.hemnet.se/salda/lagenhet-3rum-sodra-ryd-skovde-kommun-stenelidsvagen-55c-8507033292408979483,77-78m²,bostadsratt,2026-08-28T16:20:48.468999
7136924837819351793,"https://www.hemnet.se/salda/lagenhet-3rum-liljeholmskajen-stockholms-kommun-sjoviksvagen-79,-hogst-upp-7136924837819351793",77-78m²,bostadsratt,2026-08-28T16:20:48.469000
919715695339958516,https://www.hemnet.se/salda/lagenhet-3rum-dammhagen-landskrona-kommun-foreningsgatan-68-919715695339958516,77-78m²,bostadsratt,2026-08-28T16:20:48.469001
3331336136395186976,https://www.hemnet.se/salda/lagenhet-3rum-pedagogen-park-molndals-kommun-professorsgatan-2-3331336136395186976,77-78m²,bostadsratt,2026-08-28T16:20:48.469003
3760873140283357763,https://www.hemnet.se/salda/lagenhet-3rum-haga-umea-kommun-stenmarksvagen-13c-3760873140283357763,77-78m²,bostadsratt,2026-08-28T16:20:48.469006
1988200578454942047,"https://www.hemnet.se/salda/lagenhet-4rum-arsta-stockholms-kommun-arstavagen-103,-1-tr-1988200578454942047",77-78m²,bostadsratt,2026-08-28T16:20:48.469007
8341163772234599982,https://www.hemnet.se/salda/lagenhet-3rum-vara-vara-kommun-allegatan-14-8341163772234599982,77-78m²,bostadsratt,2026-08-28T16:20:48.469009
1690622909814658841,https://www.hemnet.se/salda/lagenhet-3rum-city-vasteras-kommun-ostermalmsgatan-7-1690622909814658841,77-78m²,bostadsratt,2026-08-28T16:20:48.469010
4847272654455537513,https://www.hemnet.se/salda/lagenhet-3rum-norrtalje-hamn-norrtalje-kommun-angbatsgatan-2-4847272654455537513,77-78m²,bostadsratt,2026-08-28T16:20:48.469011
3341073357389155554,https://www.hemnet.se/salda/lagenhet-3rum-huvudsta-solna-kommun-jungfrudansen-40-3341073357389155554,77-78m²,bostadsratt,2026-08-28T16:20:48.469012
2671813060929178886,https://www.hemnet.se/salda/lagenhet-3rum-hagernas-taby-kommun-radarvagen-16-2671813060929178886,77-78m²,bostadsratt,2026-08-28T16:20:48.469013
6006443087704179404,https://www.hemnet.se/salda/lagenhet-3rum-anestad-norrkopings-kommun-anestadsgatan-265-6006443087704179404,77-78m²,bostadsratt,2026-08-28T16:20:48.469015
8555664281981370585,https://www.hemnet.se/salda/lagenhet-4rum-partille-partille-kommun-gamla-strandlinjen-4a-8555664281981370585,77-78m²,bostadsratt,2026-08-28T16:20:48.469016
3827988089590338589,https://www.hemnet.se/salda/lagenhet-3rum-centrum-falu-kommun-bergmastaregatan-24c-3827988089590338589,77-78m²,bostadsratt,2026-08-28T16:20:48.469017
8653045128699170319,https://www.hemnet.se/salda/lagenhet-3rum-gangsatra-lidingo-kommun-hogsatravagen-22-8653045128699170319,77-78m²,bostadsratt,2026-08-28T16:20:48.469018
7364501720253814988,https://www.hemnet.se/salda/lagenhet-3rum-ribersborg-malmo-kommun-regementsgatan-31b-7364501720253814988,77-78m²,bostadsratt,2026-08-28T16:20:48.469019
6236772152626166180,https://www.hemnet.se/salda/lagenhet-3rum-hammarby-sjostad-stockholms-kommun-heliosgatan-10-b-6236772152626166180,77-78m²,bostadsratt,2026-08-28T16:20:48.469021
4073592974224781514,https://www.hemnet.se/salda/lagenhet-3rum-tuve-goteborgs-kommun-nolehultsvagen-1-4073592974224781514,77-78m²,bostadsratt,2026-08-28T16:20:48.469022
8738399534521965615,https://www.hemnet.se/salda/lagenhet-3rum-centrum-uddevalla-kommun-kampegatan-37-8738399534521965615,77-78m²,bostadsratt,2026-08-28T16:20:48.469023
5990334173668483374,https://www.hemnet.se/salda/lagenhet-4rum-kurverod-uddevalla-kommun-fredagsvagen-39-5990334173668483374,77-78m²,bostadsratt,2026-08-28T16:20:48.469026
2887169621723522544,https://www.hemnet.se/salda/lagenhet-3rum-tibro-tibro-kommun-brittgarden-204-2887169621723522544,77-78m²,bostadsratt,2026-08-28T16:20:48.469028
1552992857902544558,https://www.hemnet.se/salda/lagenhet-3rum-sodermalm-stockholms-kommun-folkungagatan-91-1552992857902544558,77-78m²,bostadsratt,2026-08-28T16:20:48.469029
3866918487792639706,https://www.hemnet.se/salda/lagenhet-3rum-havstena-skovde-kommun-havstenavagen-38a-3866918487792639706,77-78m²,bostadsratt,2026-08-28T16:20:48.469030
5017778639049839273,"https://www.hemnet.se/salda/lagenhet-3rum-oland-mellersta-borgholms-kommun-gardsvagen-42,-1202-5017778639049839273",77-78m²,bostadsratt,2026-08-28T16:20:48.469031
6020546480896868532,https://www.hemnet.se/salda/lagenhet-3rum-bohus-ale-kommun-byvagen-19d-6020546480896868532,77-78m²,bostadsratt,2026-08-28T16:20:48.469032
7008284232951071284,https://www.hemnet.se/salda/lagenhet-3rum-flemingsberg-huddinge-kommun-terapivagen-12c-7008284232951071284,77-78m²,bostadsratt,2026-08-28T16:20:48.469034
2057697706466043386,https://www.hemnet.se/salda/lagenhet-3rum-soder-gavle-kommun-sodra-kansligatan-33-2057697706466043386,77-78m²,bostadsratt,2026-08-28T16:20:48.469035
5264910888966616477,https://www.hemnet.se/salda/lagenhet-3rum-kragstalund-vallentuna-kommun-zetterlunds-vag-4a-5264910888966616477,77-78m²,bostadsratt,2026-08-28T16:20:48.469036
3681176893230049575,https://www.hemnet.se/salda/lagenhet-3rum-sodermalm-stockholms-kommun-skaraborgsgatan-7-3681176893230049575,77-78m²,bostadsratt,2026-08-28T16:20:48.469037
4438283451988523359,https://www.hemnet.se/salda/lagenhet-3rum-mjolkudden-lulea-kommun-munkebergsgatan-50-4438283451988523359,77-78m²,bostadsratt,2026-08-28T16:20:48.469045
5672880491088122024,https://www.hemnet.se/salda/lagenhet-3rum-norr-norrkopings-kommun-norra-promenaden-128-5672880491088122024,77-78m²,bostadsratt,2026-08-28T16:20:48.469046
3878784808421155452,https://www.hemnet.se/salda/lagenhet-3rum-gyllenfors-gislaveds-kommun-abjornsgatan-32g-3878784808421155452,77-78m²,bostadsratt,2026-08-28T16:20:48.469047
8190573902277482590,https://www.hemnet.se/salda/lagenhet-4rum-johannelund-linkopings-kommun-munkhagsgatan-126-8190573902277482590,77-78m²,bostadsratt,2026-08-28T16:20:48.469048
2413238593298079313,"https://www.hemnet.se/salda/lagenhet-4rum-vemdalsskalet-harjedalens-kommun-vemdalsskalet,-kallvagen-22d-2413238593298079313",77-78m²,bostadsratt,2026-08-28T16:20:48.469050
784217874658146645,"https://www.hemnet.se/salda/lagenhet-4rum-spanga-tensta-stockholms-kommun-skaftingebacken-25,-3-tr-784217874658146645",77-78m²,bostadsratt,2026-08-28T16:20:48.469051
7524464099128297110,https://www.hemnet.se/salda/lagenhet-3rum-vasastan-stockholms-kommun-norrbackagatan-27b-7524464099128297110,77-78m²,bostadsratt,2026-08-28T16:20:48.469052
6428367552517441757,https://www.hemnet.se/salda/lagenhet-3rum-vasterhaninge-haninge-kommun-ringvagen-100-6428367552517441757,77-78m²,bostadsratt,2026-08-28T16:20:48.469053
1148018272742634488,https://www.hemnet.se/salda/lagenhet-3rum-hyllie-malmo-kommun-bures-gata-27-1148018272742634488,77-78m²,bostadsratt,2026-08-28T16:20:48.469055
9191041656675302257,https://www.hemnet.se/salda/lagenhet-3rum-gredby-eskilstuna-kommun-vadmansgatan-5c-9191041656675302257,77-78m²,bostadsratt,2026-08-28T16:20:48.469056
8701880429982097765,https://www.hemnet.se/salda/lagenhet-3rum-skytteholm-solna-kommun-ankdammsgatan-40-8701880429982097765,77-78m²,bostadsratt,2026-08-28T16:20:48.469057
2456172032253637264,https://www.hemnet.se/salda/lagenhet-3rum-viksang-vasteras-kommun-regementsgatan-16-2456172032253637264,77-78m²,bostadsratt,2026-08-28T16:20:48.469058
6142509311055303757,https://www.hemnet.se/salda/lagenhet-3rum-kallhall-jarfalla-kommun-kopparvagen-29-6142509311055303757,77-78m²,bostadsratt,2026-08-28T16:20:48.469059
1685040170199854120,https://www.hemnet.se/salda/lagenhet-3rum-savast-bodens-kommun-tranga-gatan-66-b-1685040170199854120,77-78m²,bostadsratt,2026-08-28T16:20:48.469061
7627447601046609050,https://www.hemnet.se/salda/lagenhet-2rum-norrmalm-vasteras-kommun-fyrtornsgatan-2-7627447601046609050,77-78m²,bostadsratt,2026-08-28T16:20:48.469062
1432393009855895455,https://www.hemnet.se/salda/lagenhet-3rum-toltorpsdalen-molndals-kommun-toltorpsgatan-137-1432393009855895455,77-78m²,bostadsratt,2026-08-28T16:20:48.469063
6248869556530005695,https://www.hemnet.se/salda/lagenhet-3rum-arsta-uppsala-kommun-fyrislundsgatan-52-6248869556530005695,77-78m²,bostadsratt,2026-08-28T16:20:48.469064
354801810237867640,https://www.hemnet.se/salda/lagenhet-3rum-vallingby-centrum-stockholms-kommun-morsilsgatan-30-354801810237867640,77-78m²,bostadsratt,2026-08-28T16:20:48.469066
7705761491760375878,https://www.hemnet.se/salda/lagenhet-3rum-ockero-ockero-kommun-breviksangar-40-7705761491760375878,77-78m²,bostadsratt,2026-08-28T16:20:48.469067
1578528201248355933,https://www.hemnet.se/salda/lagenhet-3rum-norra-luthagen-uppsala-kommun-fyrisvallsgatan-3c-1578528201248355933,77-78m²,bostadsratt,2026-08-28T16:20:48.469068
714749738218222009,https://www.hemnet.se/salda/lagenhet-3rum-boras-boras-kommun-kellgrensgatan-23a-714749738218222009,77-78m²,bostadsratt,2026-08-28T16:20:48.469069
1119964050438473581,https://www.hemnet.se/salda/lagenhet-3rum-storskogen-sundbybergs-kommun-fredsgatan-6a-1119964050438473581,77-78m²,bostadsratt,2026-08-28T16:20:48.469070
5394307956043817437,https://www.hemnet.se/salda/lagenhet-3rum-grangesberg-ludvika-kommun-orabergsvagen-31-5394307956043817437,77-78m²,bostadsratt,2026-08-28T16:20:48.469074
2439852471410047609,"https://www.hemnet.se/salda/lagenhet-3,5rum-framre-luthagen-uppsala-kommun-luthagsesplanaden-21b-2439852471410047609",77-78m²,bostadsratt,2026-08-28T16:20:48.469078
