property_id,url,area_range,housing_type,scraped_at
6703550943736985967,https://www.hemnet.se/salda/lagenhet-2rum-ostermalm-stockholms-kommun-hammargatan-2-eriksbergsgatan-30-6703550943736985967,59-60m²,bostadsratt,2026-04-16T20:38:28.288724
4300374982214424745,https://www.hemnet.se/salda/lagenhet-2rum-ljusdal-ljusdals-kommun-martensgatan-4a-4300374982214424745,59-60m²,bostadsratt,2026-04-16T20:38:28.288737
8685504425418437754,https://www.hemnet.se/salda/lagenhet-2rum-eneborg-helsingborgs-kommun-buntmakaregatan-7-8685504425418437754,59-60m²,bostadsratt,2026-04-16T20:38:28.288742
5519015509140467933,https://www.hemnet.se/salda/lagenhet-2rum-aby-molndals-kommun-fullblodsgatan-1a-5519015509140467933,59-60m²,bostadsratt,2026-04-16T20:38:28.288747
8221942957510426497,https://www.hemnet.se/salda/lagenhet-2rum-gula-hoja-husie-malmo-kommun-vastra-skravlingevagen-126-8221942957510426497,59-60m²,bostadsratt,2026-04-16T20:38:28.288749
5400831922256536160,https://www.hemnet.se/salda/lagenhet-2rum-limhamn-malmo-kommun-ostra-ansgarigatan-95-c-5400831922256536160,59-60m²,bostadsratt,2026-04-16T20:38:28.288754
2073013513368114733,"https://www.hemnet.se/salda/lagenhet-3rum-farsta-strand-stockholms-kommun-filipstadsbacken-70,-4tr-2073013513368114733",59-60m²,bostadsratt,2026-04-16T20:38:28.288758
236997434068823804,"https://www.hemnet.se/salda/lagenhet-2rum-sodermalm-maria-stockholms-kommun-repslagargatan-27,-6tr-236997434068823804",59-60m²,bostadsratt,2026-04-16T20:38:28.288761
8950037047512088373,"https://www.hemnet.se/salda/lagenhet-3rum-hammarbyhojden,-johanneshov-stockholms-kommun-lackovagen-23-8950037047512088373",59-60m²,bostadsratt,2026-04-16T20:38:28.288766
7657953459557943549,https://www.hemnet.se/salda/lagenhet-2rum-linnestaden-goteborgs-kommun-nordhemsgatan-65a-7657953459557943549,59-60m²,bostadsratt,2026-04-16T20:38:28.288768
3001464917101925565,https://www.hemnet.se/salda/lagenhet-3rum-vasterhaninge-ribby-haninge-kommun-gransvagen-15-3001464917101925565,59-60m²,bostadsratt,2026-04-16T20:38:28.288773
6554945865946416000,https://www.hemnet.se/salda/lagenhet-2rum-soltorget-borlange-kommun-tagtvagen-33-6554945865946416000,59-60m²,bostadsratt,2026-04-16T20:38:28.288775
1563108118048168741,https://www.hemnet.se/salda/lagenhet-2rum-vasteras-vasteras-kommun-jakobsgatan-44a-1563108118048168741,59-60m²,bostadsratt,2026-04-16T20:38:28.288779
5710246306693836787,https://www.hemnet.se/salda/lagenhet-2rum-solberga-hagersten-alvsjo-stockholms-kommun-kristallvagen-52-5710246306693836787,59-60m²,bostadsratt,2026-04-16T20:38:28.288784
5092121125978582320,https://www.hemnet.se/salda/lagenhet-2rum-haga-umea-kommun-ostra-kyrkogatan-54b-5092121125978582320,59-60m²,bostadsratt,2026-04-16T20:38:28.288786
1855502146464584388,https://www.hemnet.se/salda/lagenhet-2rum-vadergatorna-uppsala-kommun-regngatan-13-1855502146464584388,59-60m²,bostadsratt,2026-04-16T20:38:28.288791
8122025347730609098,https://www.hemnet.se/salda/lagenhet-2rum-blomangen-tegelplan-ostersunds-kommun-tegelbruksvagen-12-a-8122025347730609098,59-60m²,bostadsratt,2026-04-16T20:38:28.288807
6979029676192786619,https://www.hemnet.se/salda/lagenhet-2rum-overum-vasterviks-kommun-masugnsgatan-1a-6979029676192786619,59-60m²,bostadsratt,2026-04-16T20:38:28.288810
8246190758510158444,https://www.hemnet.se/salda/lagenhet-2rum-handen-haninge-kommun-idunvagen-10-8246190758510158444,59-60m²,bostadsratt,2026-04-16T20:38:28.288814
6469566471840402680,https://www.hemnet.se/salda/lagenhet-2rum-kallhall-jarfalla-kommun-sagovagen-3-6469566471840402680,59-60m²,bostadsratt,2026-04-16T20:38:28.288817
7771512545929506929,https://www.hemnet.se/salda/lagenhet-2rum-kristinehamn-kristinehamns-kommun-sodra-ringvagen-59-7771512545929506929,59-60m²,bostadsratt,2026-04-16T20:38:28.288821
9182743971302944931,https://www.hemnet.se/salda/lagenhet-2rum-stockholm-huddinge-kommun-varvsvagen-21-9182743971302944931,59-60m²,bostadsratt,2026-04-16T20:38:28.288825
5004801835277025620,https://www.hemnet.se/salda/lagenhet-3rum-vaster-gavle-kommun-engelbrektsgatan-13-5004801835277025620,59-60m²,bostadsratt,2026-04-16T20:38:28.288828
492668383946229696,https://www.hemnet.se/salda/lagenhet-2rum-rosengard-apelgarden-malmo-kommun-sjoblads-vag-15-492668383946229696,59-60m²,bostadsratt,2026-04-16T20:38:28.288832
5258521404220189945,https://www.hemnet.se/salda/lagenhet-2rum-barsta-sodertalje-kommun-karlslundsgatan-20-5258521404220189945,59-60m²,bostadsratt,2026-04-16T20:38:28.288840
947059817417641815,"https://www.hemnet.se/salda/lagenhet-2rum-sodra-ekkallan-linkopings-kommun-batterigatan-9,-markplan-947059817417641815",59-60m²,bostadsratt,2026-04-16T20:38:28.288844
6233074010202106280,https://www.hemnet.se/salda/lagenhet-2rum-madlyckan-mariestads-kommun-hantverkaregatan-36-6233074010202106280,59-60m²,bostadsratt,2026-04-16T20:38:28.288849
13928676670765115,https://www.hemnet.se/salda/lagenhet-2rum-hammarby-sjostad-stockholms-kommun-lugnets-alle-61-13928676670765115,59-60m²,bostadsratt,2026-04-16T20:38:28.288853
867410568161744121,https://www.hemnet.se/salda/lagenhet-2rum-vendelso-haninge-kommun-albatrossvagen-257-867410568161744121,59-60m²,bostadsratt,2026-04-16T20:38:28.288855
2980021318606696763,https://www.hemnet.se/salda/lagenhet-2rum-sorgenfri-malmo-kommun-branteviksgatan-8c-2980021318606696763,59-60m²,bostadsratt,2026-04-16T20:38:28.288860
7061897037956561724,https://www.hemnet.se/salda/lagenhet-2rum-centrala-sodertalje-sodertalje-kommun-amerikagatan-45a-7061897037956561724,59-60m²,bostadsratt,2026-04-16T20:38:28.288862
5456486811537750798,https://www.hemnet.se/salda/lagenhet-2rum-vastra-skogen-solna-kommun-arvid-tydens-alle-4-5456486811537750798,59-60m²,bostadsratt,2026-04-16T20:38:28.288867
5116613939991140407,https://www.hemnet.se/salda/lagenhet-2rum-borgmastaregarden-malmo-kommun-albinsrogatan-41-5116613939991140407,59-60m²,bostadsratt,2026-04-16T20:38:28.288871
7387412523146251985,https://www.hemnet.se/salda/lagenhet-2rum-vasteras-vasteras-kommun-norra-skjutbanegatan-12d-7387412523146251985,59-60m²,bostadsratt,2026-04-16T20:38:28.288875
1446814642980503369,https://www.hemnet.se/salda/lagenhet-2rum-frosunda-solna-kommun-gustav-iii-s-boulevard-167-1446814642980503369,59-60m²,bostadsratt,2026-04-16T20:38:28.288878
9144011728809593934,https://www.hemnet.se/salda/lagenhet-2rum-centralt-timra-kommun-bovagen-6-9144011728809593934,59-60m²,bostadsratt,2026-04-16T20:38:28.288882
3407992965077442326,https://www.hemnet.se/salda/lagenhet-2rum-hogsbo-goteborgs-kommun-sjupundsgatan-31-3407992965077442326,59-60m²,bostadsratt,2026-04-16T20:38:28.288884
3783028398498546153,https://www.hemnet.se/salda/lagenhet-2rum-ersboda-umea-kommun-kylgrand-115-3783028398498546153,59-60m²,bostadsratt,2026-04-16T20:38:28.288889
681439297799138085,https://www.hemnet.se/salda/lagenhet-2rum-hagalund-borlange-kommun-hagavagen-52-681439297799138085,59-60m²,bostadsratt,2026-04-16T20:38:28.288893
4139642287370362238,https://www.hemnet.se/salda/lagenhet-3rum-vastra-orminge-nacka-kommun-ormingeringen-55d-4139642287370362238,59-60m²,bostadsratt,2026-04-16T20:38:28.288895
4035216942198723031,"https://www.hemnet.se/salda/lagenhet-3rum-sodermalm-stockholms-kommun-maria-skolgata-93,-6tr-4035216942198723031",59-60m²,bostadsratt,2026-04-16T20:38:28.288900
6754106060936392628,https://www.hemnet.se/salda/lagenhet-2rum-bua-varbergs-kommun-hultavagen-1h-6754106060936392628,59-60m²,bostadsratt,2026-04-16T20:38:28.288904
3347655877788900672,https://www.hemnet.se/salda/lagenhet-2rum-centrumnara-svedala-kommun-organistgatan-7-a-3347655877788900672,59-60m²,bostadsratt,2026-04-16T20:38:28.288912
6199211708521999112,https://www.hemnet.se/salda/lagenhet-2rum-centrum-orebro-kommun-eyragatan-2g-6199211708521999112,59-60m²,bostadsratt,2026-04-16T20:38:28.288916
1997838661646945776,https://www.hemnet.se/salda/lagenhet-3rum-spanga-solhem-stockholms-kommun-spangavagen-397f-1997838661646945776,59-60m²,bostadsratt,2026-04-16T20:38:28.288921
7769716922643256579,https://www.hemnet.se/salda/lagenhet-2rum-centrum-umea-kommun-brogatan-3d-7769716922643256579,59-60m²,bostadsratt,2026-04-16T20:38:28.288923
1688977933709273586,https://www.hemnet.se/salda/lagenhet-2rum-borgmastaregarden-malmo-kommun-lagmansgatan-3c-1688977933709273586,59-60m²,bostadsratt,2026-04-16T20:38:28.288927
4500935899075236908,https://www.hemnet.se/salda/lagenhet-3rum-traneberg-stockholms-kommun-odmardsvagen-1-4500935899075236908,59-60m²,bostadsratt,2026-04-16T20:38:28.288932
3254943533589475613,https://www.hemnet.se/salda/lagenhet-2rum-vasastaden-linkopings-kommun-brunnsgatan-3a-3254943533589475613,59-60m²,bostadsratt,2026-04-16T20:38:28.288935
2750969836886856506,https://www.hemnet.se/salda/lagenhet-2rum-tagaborg-helsingborgs-kommun-tagagatan-39-2750969836886856506,59-60m²,bostadsratt,2026-04-16T20:38:28.288939
3283345517454198156,https://www.hemnet.se/salda/lagenhet-2rum-jarlaberg-nacka-kommun-landavagen-73-3283345517454198156,59-60m²,bostadsratt,2026-04-16T20:38:28.288943
3885861376070265317,https://www.hemnet.se/salda/lagenhet-2rum-asea-stan-vasteras-kommun-relavagen-6-3885861376070265317,59-60m²,bostadsratt,2026-04-16T20:38:28.288946
6769034440477437794,https://www.hemnet.se/salda/lagenhet-2rum-vaxon-vaxholms-kommun-karl-martins-vag-10-6769034440477437794,59-60m²,bostadsratt,2026-04-16T20:38:28.288951
7662935394011140270,https://www.hemnet.se/salda/lagenhet-2rum-hagerstensasen-stockholms-kommun-backvagen-114-7662935394011140270,59-60m²,bostadsratt,2026-04-16T20:38:28.288955
7905047890453567408,https://www.hemnet.se/salda/lagenhet-2rum-norrtalje-norrtalje-kommun-arholmagatan-13b-7905047890453567408,59-60m²,bostadsratt,2026-04-16T20:38:28.288959
2229116120717055447,"https://www.hemnet.se/salda/lagenhet-2rum-liljeholmen-stockholms-kommun-nybohovsbacken-65,-van-8-2229116120717055447",59-60m²,bostadsratt,2026-04-16T20:38:28.288962
5067340043912130815,https://www.hemnet.se/salda/lagenhet-2rum-sorby-eklunda-orebro-kommun-hagmarksgatan-9a-5067340043912130815,59-60m²,bostadsratt,2026-04-16T20:38:28.288971
2811401928079184059,"https://www.hemnet.se/salda/lagenhet-2rum-centrala-vasby-upplands-vasby-kommun-forsgrand-1,-2tr-2811401928079184059",59-60m²,bostadsratt,2026-04-16T20:38:28.288976
7871371866435889705,https://www.hemnet.se/salda/lagenhet-2rum-hokarangen-stockholms-kommun-lingvagen-211-7871371866435889705,59-60m²,bostadsratt,2026-04-16T20:38:28.288979
74242298278841919,"https://www.hemnet.se/salda/lagenhet-2rum-sodermalm-stockholms-kommun-sodermannagatan-64,-1tr-74242298278841919",59-60m²,bostadsratt,2026-04-16T20:38:28.288983
2545584314011988636,https://www.hemnet.se/salda/lagenhet-2rum-stampen-goteborgs-kommun-friggagatan-5a-2545584314011988636,59-60m²,bostadsratt,2026-04-16T20:38:28.288987
623648648979441065,https://www.hemnet.se/salda/lagenhet-2rum-sala-sala-kommun-bergslagsgatan-24b-623648648979441065,59-60m²,bostadsratt,2026-04-16T20:38:28.288990
6779812318507279449,https://www.hemnet.se/salda/lagenhet-2rum-hofors-hofors-kommun-goklundsvagen-12a-6779812318507279449,59-60m²,bostadsratt,2026-04-16T20:38:28.288994
2166996264478690861,https://www.hemnet.se/salda/lagenhet-2rum-vasastan-stockholms-kommun-torsgatan-50-2166996264478690861,59-60m²,bostadsratt,2026-04-16T20:38:28.288996
3068370315722825439,https://www.hemnet.se/salda/lagenhet-2rum-centralt-eslovs-kommun-foreningstorget-2b-3068370315722825439,59-60m²,bostadsratt,2026-04-16T20:38:28.288998
8184035189637739309,https://www.hemnet.se/salda/lagenhet-2rum-gustavsberg-tallbacken-varmdo-kommun-grenvagen-1-8184035189637739309,59-60m²,bostadsratt,2026-04-16T20:38:28.289000
7784968249755772042,https://www.hemnet.se/salda/lagenhet-2rum-dockan-malmo-kommun-krankajen-44-7784968249755772042,59-60m²,bostadsratt,2026-04-16T20:38:28.289003
1870626318790600244,"https://www.hemnet.se/salda/lagenhet-2rum-sodermalm-stockholms-kommun-hornsbruksgatan-3b,-5tr-1870626318790600244",59-60m²,bostadsratt,2026-04-16T20:38:28.289007
5311121317048747298,https://www.hemnet.se/salda/lagenhet-2rum-drottningtorget-malmo-kommun-ostra-promenaden-9b-5311121317048747298,59-60m²,bostadsratt,2026-04-16T20:38:28.289009
7917023431895851049,https://www.hemnet.se/salda/lagenhet-2rum-skultorp-skovde-kommun-riksbyggevagen-1b-7917023431895851049,59-60m²,bostadsratt,2026-04-16T20:38:28.289011
4549522724925527062,"https://www.hemnet.se/salda/lagenhet-3rum-baggeby-lidingo-kommun-baggebytorget-5,-2-tr-4549522724925527062",59-60m²,bostadsratt,2026-04-16T20:38:28.289013
6767269914517081905,https://www.hemnet.se/salda/lagenhet-2rum-centralt-ornskoldsvik-ornskoldsviks-kommun-vintergatan-11a-6767269914517081905,59-60m²,bostadsratt,2026-04-16T20:38:28.289015
8525271245085310848,"https://www.hemnet.se/salda/lagenhet-2rum-sodermalm-stockholms-kommun-folkungagatan-74,-5tr-8525271245085310848",59-60m²,bostadsratt,2026-04-16T20:38:28.289018
473505310440646722,https://www.hemnet.se/salda/lagenhet-2rum-annetorp-malmo-kommun-hyllie-kyrkovag-55a-473505310440646722,59-60m²,bostadsratt,2026-04-16T20:38:28.289020
4774568833455797397,https://www.hemnet.se/salda/lagenhet-2rum-froson-ostersunds-kommun-onevagen-46b-4774568833455797397,59-60m²,bostadsratt,2026-04-16T20:38:28.289022
8217962107435482715,https://www.hemnet.se/salda/lagenhet-2rum-fullero-uppsala-kommun-meteorvagen-28-8217962107435482715,59-60m²,bostadsratt,2026-04-16T20:38:28.289027
3516465704423345528,https://www.hemnet.se/salda/lagenhet-2rum-centrum-vaxjo-kommun-norra-esplanaden-26-3516465704423345528,59-60m²,bostadsratt,2026-04-16T20:38:28.289031
6391369061249353842,https://www.hemnet.se/salda/lagenhet-2rum-farsta-strand-stockholms-kommun-glavagatan-41-6391369061249353842,59-60m²,bostadsratt,2026-04-16T20:38:28.289034
7230979722569031719,https://www.hemnet.se/salda/lagenhet-2rum-fyllinge-halmstads-kommun-gaddvagen-31-7230979722569031719,59-60m²,bostadsratt,2026-04-16T20:38:28.289039
4753215090653009740,https://www.hemnet.se/salda/lagenhet-2rum-midsommarkransen-stockholms-kommun-backvagen-42-4753215090653009740,59-60m²,bostadsratt,2026-04-16T20:38:28.289043
3547908261840565269,https://www.hemnet.se/salda/lagenhet-2rum-centrala-ystad-ystads-kommun-kristianstadsvagen-6-3547908261840565269,59-60m²,bostadsratt,2026-04-16T20:38:28.289047
2825375726277222950,https://www.hemnet.se/salda/lagenhet-2rum-salabacke-uppsala-kommun-johannelundsgatan-2-2825375726277222950,59-60m²,bostadsratt,2026-04-16T20:38:28.289050
7444499006888199845,https://www.hemnet.se/salda/lagenhet-2rum-tuna-lunds-kommun-scheelevagen-3j-7444499006888199845,59-60m²,bostadsratt,2026-04-16T20:38:28.289059
3729468618220031634,https://www.hemnet.se/salda/lagenhet-2rum-trandared-boras-kommun-kallhagsgatan-5-3729468618220031634,59-60m²,bostadsratt,2026-04-16T20:38:28.289064
4796565188449897981,https://www.hemnet.se/salda/lagenhet-2rum-fridhemsplan-stockholms-kommun-svarvargatan-18-4796565188449897981,59-60m²,bostadsratt,2026-04-16T20:38:28.289068
1761175591836255709,"https://www.hemnet.se/salda/lagenhet-2,5rum-fruangen-stockholms-kommun-ellen-keys-gata-73-1761175591836255709",59-60m²,bostadsratt,2026-04-16T20:38:28.289071
2785877658224399645,https://www.hemnet.se/salda/lagenhet-2rum-centrum-varbergs-kommun-sveagatan-36-2785877658224399645,59-60m²,bostadsratt,2026-04-16T20:38:28.289075
5516358973321419659,https://www.hemnet.se/salda/lagenhet-2rum-kalleback-goteborgs-kommun-kallebacksvagen-11a-5516358973321419659,59-60m²,bostadsratt,2026-04-16T20:38:28.289080
3189894237028807182,https://www.hemnet.se/salda/lagenhet-3rum-jarvastaden-solna-kommun-fridensborgsvagen-62-3189894237028807182,59-60m²,bostadsratt,2026-04-16T20:38:28.289089
3726368990002432783,https://www.hemnet.se/salda/lagenhet-2rum-haga-sundsvalls-kommun-tallrotsgatan-21-3726368990002432783,59-60m²,bostadsratt,2026-04-16T20:38:28.289091
6491428691310234428,"https://www.hemnet.se/salda/lagenhet-2rum-brunnsang-sodertalje-kommun-nysattravagen-19,-12-tr-6491428691310234428",59-60m²,bostadsratt,2026-04-16T20:38:28.289096
1011209155661403972,https://www.hemnet.se/salda/lagenhet-2rum-centralt-ornskoldsvik-ornskoldsviks-kommun-vintergatan-10f-1011209155661403972,59-60m²,bostadsratt,2026-04-16T20:38:28.289100
4793904701120671873,"https://www.hemnet.se/salda/lagenhet-2rum-midsommarkransen-telefonplan-stockholms-kommun-midsommargrand-10,-1-tr-4793904701120671873",59-60m²,bostadsratt,2026-04-16T20:38:28.289105
802983489102895971,https://www.hemnet.se/salda/lagenhet-2rum-hammarby-sjostad-stockholms-kommun-sickla-kanalgata-9-802983489102895971,59-60m²,bostadsratt,2026-04-16T20:38:28.289112
448799822559499317,https://www.hemnet.se/salda/lagenhet-2rum-klossdammen-soderhamns-kommun-abraham-backgatan-11-d-448799822559499317,59-60m²,bostadsratt,2026-04-16T20:38:28.289117
7999227155224050594,https://www.hemnet.se/salda/lagenhet-2rum-arsta-stockholms-kommun-siljansvagen-82-7999227155224050594,59-60m²,bostadsratt,2026-04-16T20:38:28.289121
5319069143699282531,https://www.hemnet.se/salda/lagenhet-2rum-tradlyckan-varbergs-kommun-tradlyckevagen-124-5319069143699282531,59-60m²,bostadsratt,2026-04-16T20:38:28.289126
6701335787892673755,https://www.hemnet.se/salda/lagenhet-2rum-sodermalm-hogalid-stockholms-kommun-heleneborgsgatan-13a-6701335787892673755,59-60m²,bostadsratt,2026-04-16T20:38:28.289128
546088893618189857,https://www.hemnet.se/salda/lagenhet-2rum-ersboda-umea-kommun-snipgrand-127-546088893618189857,59-60m²,bostadsratt,2026-04-16T20:38:28.289132
3669089504632740066,https://www.hemnet.se/salda/lagenhet-2rum-visby-visborgsstaden-gotlands-kommun-signalgatan-5b-3669089504632740066,59-60m²,bostadsratt,2026-04-16T20:38:28.289137
5827169030634861148,https://www.hemnet.se/salda/lagenhet-2rum-sorgenfri-malmo-kommun-spanehusvagen-63b-5827169030634861148,59-60m²,bostadsratt,2026-04-16T20:38:28.289141
6547117307424148653,https://www.hemnet.se/salda/lagenhet-2rum-centralt-ornskoldsviks-kommun-nygatan-6f-6547117307424148653,59-60m²,bostadsratt,2026-04-16T20:38:28.289145
1335892093368406965,https://www.hemnet.se/salda/lagenhet-2rum-oster-nykopings-kommun-tullportsgatan-24a-1335892093368406965,59-60m²,bostadsratt,2026-04-16T20:38:28.289148
8307824142479097159,"https://www.hemnet.se/salda/lagenhet-2rum-sodra-ekkallan-linkopings-kommun-batterigatan-7,-markplan-8307824142479097159",59-60m²,bostadsratt,2026-04-16T20:38:28.289152
6736245722100298446,https://www.hemnet.se/salda/lagenhet-2rum-lomma-pilang-lomma-kommun-vinstorpsvagen-36-6736245722100298446,59-60m²,bostadsratt,2026-04-16T20:38:28.289157
8835707773001508603,https://www.hemnet.se/salda/lagenhet-2rum-karlshamn-centrum-karlshamns-kommun-norra-fogdelyckegatan-51b-8835707773001508603,59-60m²,bostadsratt,2026-04-16T20:38:28.289161
6729924139415534174,https://www.hemnet.se/salda/lagenhet-2rum-centralt-eslovs-kommun-backavagen-12b-6729924139415534174,59-60m²,bostadsratt,2026-04-16T20:38:28.289163
1367888889106587387,https://www.hemnet.se/salda/lagenhet-3rum-bromma-brommaplan-stockholms-kommun-kladesvagen-38-1367888889106587387,59-60m²,bostadsratt,2026-04-16T20:38:28.289168
1783901484377340577,https://www.hemnet.se/salda/lagenhet-2rum-tuna-hallstahammars-kommun-norra-kapellgatan-15-1783901484377340577,59-60m²,bostadsratt,2026-04-16T20:38:28.289172
1384439149850259713,"https://www.hemnet.se/salda/lagenhet-2,5rum-hoganas-uppsala-kommun-torkelsgatan-38c-1384439149850259713",59-60m²,bostadsratt,2026-04-16T20:38:28.289177
704843022910632791,https://www.hemnet.se/salda/lagenhet-2rum-harnon-johan-nybergs-vag-harnosands-kommun-johan-nybergs-vag-8-704843022910632791,59-60m²,bostadsratt,2026-04-16T20:38:28.289180
8905901789624244836,https://www.hemnet.se/salda/lagenhet-2rum-dalenum-lidingo-kommun-optikvagen-8c-8905901789624244836,59-60m²,bostadsratt,2026-04-16T20:38:28.289184
926932171544104837,https://www.hemnet.se/salda/lagenhet-2rum-trandared-boras-kommun-kallhagsgatan-23-926932171544104837,59-60m²,bostadsratt,2026-04-16T20:38:28.289186
4047728672388919126,"https://www.hemnet.se/salda/lagenhet-2,5rum-ostermalm-gardet-stockholms-kommun-smedsbacksgatan-7,-6tr-4047728672388919126",59-60m²,bostadsratt,2026-04-16T20:38:28.289191
2811641582174014679,https://www.hemnet.se/salda/lagenhet-2rum-rosenlund-sodertalje-kommun-viksangsvagen-1-2811641582174014679,59-60m²,bostadsratt,2026-04-16T20:38:28.289195
940968333931494002,https://www.hemnet.se/salda/lagenhet-2rum-tunabackar-uppsala-kommun-vapnargatan-7-a-940968333931494002,59-60m²,bostadsratt,2026-04-16T20:38:28.289199
8655334909873470540,https://www.hemnet.se/salda/lagenhet-2rum-korsta-sundsvalls-kommun-tjadervagen-2b-8655334909873470540,59-60m²,bostadsratt,2026-04-16T20:38:28.289202
1162502910884094881,"https://www.hemnet.se/salda/lagenhet-2rum-arsta-stockholms-kommun-skattungsvagen-12,-1tr-1162502910884094881",59-60m²,bostadsratt,2026-04-16T20:38:28.289206
4146458516099623220,https://www.hemnet.se/salda/lagenhet-2rum-jakobsberg-jarfalla-kommun-manadsvagen-20-4146458516099623220,59-60m²,bostadsratt,2026-04-16T20:38:28.289215
4404872318421924939,https://www.hemnet.se/salda/lagenhet-2rum-kumlaby-malmen-kumla-kommun-vattugatan-12a-4404872318421924939,59-60m²,bostadsratt,2026-04-16T20:38:28.289220
5993599923432058876,https://www.hemnet.se/salda/lagenhet-2rum-eriksberg-goteborgs-kommun-vingalandsgatan-3-5993599923432058876,59-60m²,bostadsratt,2026-04-16T20:38:28.289229
4706438478875534838,https://www.hemnet.se/salda/lagenhet-2rum-nedre-gardet-stockholms-kommun-angskarsgatan-3-4706438478875534838,59-60m²,bostadsratt,2026-04-16T20:38:28.289232
1616175954116448694,https://www.hemnet.se/salda/lagenhet-2rum-vasastan-stockholms-kommun-eastmansvagen-8b-1616175954116448694,59-60m²,bostadsratt,2026-04-16T20:38:28.289236
7916222293097901772,"https://www.hemnet.se/salda/lagenhet-2,5rum-hammarbyhojden,-johanneshov-stockholms-kommun-sten-bergmans-vag-21-7916222293097901772",59-60m²,bostadsratt,2026-04-16T20:38:28.289241
7728321015103396102,https://www.hemnet.se/salda/lagenhet-2rum-eriksberg-goteborgs-kommun-bratterasgatan-56-7728321015103396102,59-60m²,bostadsratt,2026-04-16T20:38:28.289245
7621788614395355112,https://www.hemnet.se/salda/lagenhet-2rum-traslov-varbergs-kommun-traslovsvagen-171g-7621788614395355112,59-60m²,bostadsratt,2026-04-16T20:38:28.289248
3966818599023403150,https://www.hemnet.se/salda/lagenhet-2rum-centralt-strommen-norrkopings-kommun-nya-radstugugatan-32-3966818599023403150,59-60m²,bostadsratt,2026-04-16T20:38:28.289252
3655393092532925298,https://www.hemnet.se/salda/lagenhet-2rum-centrum-angelholms-kommun-tegelmastaregatan-2b-3655393092532925298,59-60m²,bostadsratt,2026-04-16T20:38:28.289256
5811418359380944999,https://www.hemnet.se/salda/lagenhet-2rum-fruangen-stockholms-kommun-eva-bonniers-gata-6-5811418359380944999,59-60m²,bostadsratt,2026-04-16T20:38:28.289261
2457808598458631858,https://www.hemnet.se/salda/lagenhet-3rum-midsommarkransen-telefonplan-stockholms-kommun-valborgsmassovagen-20d-2457808598458631858,59-60m²,bostadsratt,2026-04-16T20:38:28.289266
3166767056870253447,https://www.hemnet.se/salda/lagenhet-2rum-umedalen-umea-kommun-paradisgrand-24-3166767056870253447,59-60m²,bostadsratt,2026-04-16T20:38:28.289269
5141182175119961862,https://www.hemnet.se/salda/lagenhet-2rum-centralt-gavle-kommun-norra-kopmangatan-18c-5141182175119961862,59-60m²,bostadsratt,2026-04-16T20:38:28.289273
1031135502381410020,"https://www.hemnet.se/salda/lagenhet-2rum-farsta-centrum-stockholms-kommun-farstavagen-181,-2tr-1031135502381410020",59-60m²,bostadsratt,2026-04-16T20:38:28.289278
3296166569625565167,https://www.hemnet.se/salda/lagenhet-2rum-gullmarsplan-stockholms-kommun-etsarvagen-4-3296166569625565167,59-60m²,bostadsratt,2026-04-16T20:38:28.289282
6986406553253201100,https://www.hemnet.se/salda/lagenhet-3rum-bymarken-jonkopings-kommun-kortebovagen-9b-6986406553253201100,59-60m²,bostadsratt,2026-04-16T20:38:28.289284
4020957549805197354,"https://www.hemnet.se/salda/lagenhet-2,5rum-vasastan-stockholms-kommun-dobelnsgatan-57,-5-tr-4020957549805197354",59-60m²,bostadsratt,2026-04-16T20:38:28.289289
8265552279926972542,https://www.hemnet.se/salda/lagenhet-2rum-ruddalen-goteborgs-kommun-mandolingatan-5-8265552279926972542,59-60m²,bostadsratt,2026-04-16T20:38:28.289293
1399858927257723179,https://www.hemnet.se/salda/lagenhet-2rum-kallhall-jarfalla-kommun-trollvagen-2-1399858927257723179,59-60m²,bostadsratt,2026-04-16T20:38:28.289298
2010145894748374972,https://www.hemnet.se/salda/lagenhet-2rum-kvissleby-sundsvalls-kommun-bryggaregrand-3a-2010145894748374972,59-60m²,bostadsratt,2026-04-16T20:38:28.289300
9204524454732718213,https://www.hemnet.se/salda/lagenhet-2rum-bergviken-lulea-kommun-lovgatan-5-9204524454732718213,59-60m²,bostadsratt,2026-04-16T20:38:28.289304
638533809245124941,https://www.hemnet.se/salda/lagenhet-2rum-centralt-oster-nykopings-kommun-ringvagen-27c-638533809245124941,59-60m²,bostadsratt,2026-04-16T20:38:28.289309
5716336755559109751,https://www.hemnet.se/salda/lagenhet-2rum-utmeland-mora-kommun-tomtebovagen-10-a-5716336755559109751,59-60m²,bostadsratt,2026-04-16T20:38:28.289313
6335144391810129855,https://www.hemnet.se/salda/lagenhet-2rum-vasastan-stockholms-kommun-observatoriegatan-9-6335144391810129855,59-60m²,bostadsratt,2026-04-16T20:38:28.289318
4705386084941685736,https://www.hemnet.se/salda/lagenhet-3rum-lund-centrum-lunds-kommun-sodra-esplanaden-20-4705386084941685736,59-60m²,bostadsratt,2026-04-16T20:38:28.289341
7013599377393133188,https://www.hemnet.se/salda/lagenhet-2rum-hogsbo-goteborgs-kommun-hogsbogatan-29-7013599377393133188,59-60m²,bostadsratt,2026-04-16T20:38:28.289348
8390802907439943877,https://www.hemnet.se/salda/lagenhet-2rum-ahus-kristianstads-kommun-getapelvagen-10d-8390802907439943877,59-60m²,bostadsratt,2026-04-16T20:38:28.289351
3561763087459876545,https://www.hemnet.se/salda/lagenhet-2rum-balsta-gamla-balsta-habo-kommun-balstavagen-6b-3561763087459876545,59-60m²,bostadsratt,2026-04-16T20:38:28.289355
7529537421416179333,https://www.hemnet.se/salda/lagenhet-2rum-blackeberg-stockholms-kommun-holbergsgatan-110-7529537421416179333,59-60m²,bostadsratt,2026-04-16T20:38:28.289359
636191601694398264,https://www.hemnet.se/salda/lagenhet-3rum-hornsbergs-strand-vastra-kungsholmen-stockholms-kommun-lustgardsgatan-1-636191601694398264,59-60m²,bostadsratt,2026-04-16T20:38:28.289364
8081641357967192582,https://www.hemnet.se/salda/lagenhet-2rum-centralt-vasteras-kommun-ostra-tullgatan-2-8081641357967192582,59-60m²,bostadsratt,2026-04-16T20:38:28.289367
6516352314004161602,https://www.hemnet.se/salda/lagenhet-2rum-herrljunga-herrljunga-kommun-verkstadsgatan-12-6516352314004161602,59-60m²,bostadsratt,2026-04-16T20:38:28.289371
1452612273027398374,https://www.hemnet.se/salda/lagenhet-2rum-mosebacke-sodermalm-stockholms-kommun-ostgotagatan-25a-1452612273027398374,59-60m²,bostadsratt,2026-04-16T20:38:28.289382
5569793167519878547,https://www.hemnet.se/salda/lagenhet-2rum-molndal-centrum-molndals-kommun-barnhemsgatan-24-5569793167519878547,59-60m²,bostadsratt,2026-04-16T20:38:28.289385
4236925523116043975,https://www.hemnet.se/salda/lagenhet-2rum-centralt-oskarshamns-kommun-borgmastaregatan-6a-4236925523116043975,59-60m²,bostadsratt,2026-04-16T20:38:28.289387
6658656307886826165,https://www.hemnet.se/salda/lagenhet-2rum-centralt-sundsvalls-kommun-storgatan-54a-6658656307886826165,59-60m²,bostadsratt,2026-04-16T20:38:28.289389
8884008152702757265,https://www.hemnet.se/salda/lagenhet-2rum-soderkulla-malmo-kommun-ormvraksgatan-5-8884008152702757265,59-60m²,bostadsratt,2026-04-16T20:38:28.289391
4236487846735687738,"https://www.hemnet.se/salda/lagenhet-2rum-sodermalm-mariatorget-stockholms-kommun-mariatorget-4-a,-1-tr-o,g,-4236487846735687738",59-60m²,bostadsratt,2026-04-16T20:38:28.289394
1529455349372818657,https://www.hemnet.se/salda/lagenhet-2rum-are-are-kommun-are-strand-5a2-v7-1529455349372818657,59-60m²,bostadsratt,2026-04-16T20:38:28.289396
2473194502826996814,https://www.hemnet.se/salda/lagenhet-2rum-centrum-kopings-kommun-bergslagsvagen-8b-2473194502826996814,59-60m²,bostadsratt,2026-04-16T20:38:28.289398
1181414710256646620,https://www.hemnet.se/salda/lagenhet-2rum-sodra-soderhamn-soderhamns-kommun-abraham-backgatan-13c-1181414710256646620,59-60m²,bostadsratt,2026-04-16T20:38:28.289400
4236824189105264487,https://www.hemnet.se/salda/lagenhet-2rum-sodra-soderhamn-soderhamns-kommun-abraham-backgatan-11d-4236824189105264487,59-60m²,bostadsratt,2026-04-16T20:38:28.289402
8206014105885718913,https://www.hemnet.se/salda/lagenhet-2rum-ersboda-umea-kommun-snipgrand-19-8206014105885718913,59-60m²,bostadsratt,2026-04-16T20:38:28.289404
7511707344017469017,https://www.hemnet.se/salda/lagenhet-2rum-bjorkhagen-stockholms-kommun-axvallsvagen-47-7511707344017469017,59-60m²,bostadsratt,2026-04-16T20:38:28.289406
1827309619195747371,https://www.hemnet.se/salda/lagenhet-3rum-smedslatten-stockholms-kommun-stromkarlsvagen-84-1827309619195747371,59-60m²,bostadsratt,2026-04-16T20:38:28.289408
7484974288092932934,https://www.hemnet.se/salda/lagenhet-2rum-tannefors-linkopings-kommun-stallgatan-11b-7484974288092932934,59-60m²,bostadsratt,2026-04-16T20:38:28.289410
3645350190819244049,https://www.hemnet.se/salda/lagenhet-2rum-granlunda-trelleborgs-kommun-solsidan-7b-3645350190819244049,59-60m²,bostadsratt,2026-04-16T20:38:28.289412
3469950470358188402,https://www.hemnet.se/salda/lagenhet-4rum-stoten-malung-salens-kommun-nedre-nordklint-8d-3469950470358188402,59-60m²,bostadsratt,2026-04-16T20:38:28.289414
2447109074074396241,https://www.hemnet.se/salda/lagenhet-2rum-fyllinge-halmstads-kommun-gaddvagen-145-2447109074074396241,59-60m²,bostadsratt,2026-04-16T20:38:28.289416
6090542925609085268,https://www.hemnet.se/salda/lagenhet-2rum-liljeholmen-stockholms-kommun-nybohovsbacken-83-6090542925609085268,59-60m²,bostadsratt,2026-04-16T20:38:28.289418
6503276332613105312,https://www.hemnet.se/salda/lagenhet-2rum-sannakajen-kristinehamns-kommun-nyhamnsvagen-2e-6503276332613105312,59-60m²,bostadsratt,2026-04-16T20:38:28.289423
8014587058766887416,https://www.hemnet.se/salda/lagenhet-2rum-vasastan-stockholms-kommun-frejgatan-48a-8014587058766887416,59-60m²,bostadsratt,2026-04-16T20:38:28.289425
1199417035122047517,https://www.hemnet.se/salda/lagenhet-3rum-kungsholmen-stockholms-kommun-hantverkargatan-44-1199417035122047517,59-60m²,bostadsratt,2026-04-16T20:38:28.289430
2295866891476782945,https://www.hemnet.se/salda/lagenhet-3rum-telefonplan-vastberga-stockholms-kommun-dansbanevagen-16-2295866891476782945,59-60m²,bostadsratt,2026-04-16T20:38:28.289432
6820547852803084590,https://www.hemnet.se/salda/lagenhet-2rum-vasastan-stockholms-kommun-tulegatan-25-6820547852803084590,59-60m²,bostadsratt,2026-04-16T20:38:28.289437
5646812347238065233,https://www.hemnet.se/salda/lagenhet-2rum-centrum-tidaholms-kommun-ostra-drottningvagen-43-5646812347238065233,59-60m²,bostadsratt,2026-04-16T20:38:28.289442
4114730895780321149,https://www.hemnet.se/salda/lagenhet-2rum-mariastaden-helsingborgs-kommun-kronovallsgatan-4-4114730895780321149,59-60m²,bostadsratt,2026-04-16T20:38:28.289446
1913130704865849438,https://www.hemnet.se/salda/lagenhet-2rum-segestrand-svedala-kommun-segestrandsgatan-2-1913130704865849438,59-60m²,bostadsratt,2026-04-16T20:38:28.289450
8283170156568187624,https://www.hemnet.se/salda/lagenhet-2rum-granlo-sundsvalls-kommun-vikingavagen-29-8283170156568187624,59-60m²,bostadsratt,2026-04-16T20:38:28.289453
6374770539380494136,https://www.hemnet.se/salda/lagenhet-2rum-bagarmossen-stockholms-kommun-svartagatan-58-6374770539380494136,59-60m²,bostadsratt,2026-04-16T20:38:28.289457
2457120022117597899,https://www.hemnet.se/salda/lagenhet-2rum-farsna-norrtalje-kommun-dalbyvagen-22j-2457120022117597899,59-60m²,bostadsratt,2026-04-16T20:38:28.289461
7436359036275788783,https://www.hemnet.se/salda/lagenhet-3rum-orgryte-goteborgs-kommun-topelsgatan-6b-7436359036275788783,59-60m²,bostadsratt,2026-04-16T20:38:28.289466
173324727772475786,https://www.hemnet.se/salda/lagenhet-2rum-klippan-klippans-kommun-jarnvagsgatan-3c-173324727772475786,59-60m²,bostadsratt,2026-04-16T20:38:28.289468
7285430186805021527,https://www.hemnet.se/salda/lagenhet-2rum-framre-luthagen-uppsala-kommun-gluntens-grand-4b-7285430186805021527,59-60m²,bostadsratt,2026-04-16T20:38:28.289473
6625872748289030377,https://www.hemnet.se/salda/lagenhet-2rum-hogalid-trelleborgs-kommun-hogalidsvagen-22b-6625872748289030377,59-60m²,bostadsratt,2026-04-16T20:38:28.289482
2351421026529084704,https://www.hemnet.se/salda/lagenhet-2rum-mariero-vanersborgs-kommun-marierovagen-6a-2351421026529084704,59-60m²,bostadsratt,2026-04-16T20:38:28.289487
8651032411702677100,https://www.hemnet.se/salda/lagenhet-2rum-nosaby-kristianstads-kommun-nosabyvagen-219-8651032411702677100,59-60m²,bostadsratt,2026-04-16T20:38:28.289489
1101396409757235480,"https://www.hemnet.se/salda/lagenhet-2rum-vasastan-birkastan-stockholms-kommun-vikingagatan-14b,-3-tr-1101396409757235480",59-60m²,bostadsratt,2026-04-16T20:38:28.289494
3688424313004833739,https://www.hemnet.se/salda/lagenhet-3rum-goteborg-goteborgs-kommun-rantmastaregatan-21b-3688424313004833739,59-60m²,bostadsratt,2026-04-16T20:38:28.289498
2022674521246549148,"https://www.hemnet.se/salda/lagenhet-3rum-kungsholmen-kristineberg-stockholms-kommun-lidnersgatan-5,-2tr-2022674521246549148",59-60m²,bostadsratt,2026-04-16T20:38:28.289503
6371940598470165661,https://www.hemnet.se/salda/lagenhet-4rum-stoten-malung-salens-kommun-nedre-nordklint-2a-6371940598470165661,59-60m²,bostadsratt,2026-04-16T20:38:28.289505
5755149972049048546,https://www.hemnet.se/salda/lagenhet-2rum-ulricehamn-ulricehamns-kommun-lindangsvagen-41b-5755149972049048546,59-60m²,bostadsratt,2026-04-16T20:38:28.289509
8250220886951666271,"https://www.hemnet.se/salda/lagenhet-1,5rum-linne-goteborgs-kommun-nordostpassagen-45a-8250220886951666271",59-60m²,bostadsratt,2026-04-16T20:38:28.289513
168368531316254474,https://www.hemnet.se/salda/lagenhet-2rum-centralt-ornskoldsvik-ornskoldsviks-kommun-terrassvagen-4a-168368531316254474,59-60m²,bostadsratt,2026-04-16T20:38:28.289518
7658692858170046101,https://www.hemnet.se/salda/lagenhet-2rum-soder-helsingborgs-kommun-gustav-adolfs-gata-27-7658692858170046101,59-60m²,bostadsratt,2026-04-16T20:38:28.289520
2217998941259744704,https://www.hemnet.se/salda/lagenhet-2rum-katrinelund-malmo-kommun-eriksdalsgatan-7-b-2217998941259744704,59-60m²,bostadsratt,2026-04-16T20:38:28.289525
454341305067061988,"https://www.hemnet.se/salda/lagenhet-2rum-liljeholmen-stockholms-kommun-nybohovsbacken-65,-van-9-454341305067061988",59-60m²,bostadsratt,2026-04-16T20:38:28.289534
7553184975704275387,https://www.hemnet.se/salda/lagenhet-2rum-visby-gotlands-kommun-signalgatan-11c-7553184975704275387,59-60m²,bostadsratt,2026-04-16T20:38:28.289539
2498977565025395823,https://www.hemnet.se/salda/lagenhet-2rum-hogsbo-goteborgs-kommun-hogsbogatan-31-2498977565025395823,59-60m²,bostadsratt,2026-04-16T20:38:28.289541
1707275650181349377,https://www.hemnet.se/salda/lagenhet-2rum-centralt-strangnas-kommun-klostergatan-22-1707275650181349377,59-60m²,bostadsratt,2026-04-16T20:38:28.289545
8915423962014763644,https://www.hemnet.se/salda/lagenhet-2rum-centralt-upplands-vasby-kommun-kvarnvagen-9-8915423962014763644,59-60m²,bostadsratt,2026-04-16T20:38:28.289550
2224818353991884623,https://www.hemnet.se/salda/lagenhet-3rum-ljustero-osterakers-kommun-myrmans-vag-15c-2224818353991884623,59-60m²,bostadsratt,2026-04-16T20:38:28.289554
1728840058915328536,https://www.hemnet.se/salda/lagenhet-2rum-centrala-hisingen-goteborgs-kommun-langangen-5-1728840058915328536,59-60m²,bostadsratt,2026-04-16T20:38:28.289557
352196436291282868,https://www.hemnet.se/salda/lagenhet-2rum-katrinelund-malmo-kommun-eriksdalsgatan-7a-352196436291282868,59-60m²,bostadsratt,2026-04-16T20:38:28.289561
3584862794297413745,https://www.hemnet.se/salda/lagenhet-2rum-blackeberg-stockholms-kommun-arvid-mornes-vag-40-3584862794297413745,59-60m²,bostadsratt,2026-04-16T20:38:28.289566
5971697138379687302,"https://www.hemnet.se/salda/lagenhet-3rum-kungsholmen-radhuset-stockholms-kommun-norra-agnegatan-43,-2-tr-5971697138379687302",59-60m²,bostadsratt,2026-04-16T20:38:28.289570
3991194381480080069,https://www.hemnet.se/salda/lagenhet-2rum-haga-vasteras-kommun-rekylgatan-19-3991194381480080069,59-60m²,bostadsratt,2026-04-16T20:38:28.289572
1454646500108749405,https://www.hemnet.se/salda/lagenhet-2rum-orkelljunga-orkelljunga-kommun-kungsvagen-3e-1454646500108749405,59-60m²,bostadsratt,2026-04-16T20:38:28.289576
5566800942211638453,https://www.hemnet.se/salda/lagenhet-2rum-midsommarkransen-stockholms-kommun-vattenledningsvagen-42b-5566800942211638453,59-60m²,bostadsratt,2026-04-16T20:38:28.289581
4198646822446957835,https://www.hemnet.se/salda/lagenhet-2rum-farsta-stockholms-kommun-filipstadsbacken-26-4198646822446957835,59-60m²,bostadsratt,2026-04-16T20:38:28.289585
1932459332731670246,https://www.hemnet.se/salda/lagenhet-2rum-lund-centrum-lunds-kommun-brunnshogsgatan-43-1932459332731670246,59-60m²,bostadsratt,2026-04-16T20:38:28.289593
822389293056276234,https://www.hemnet.se/salda/lagenhet-3rum-hokopinge-vellinge-kommun-bruksvagen-9b-822389293056276234,59-60m²,bostadsratt,2026-04-16T20:38:28.289597
5420972364985136649,https://www.hemnet.se/salda/lagenhet-2rum-liljeholmskajen-arstaberg-stockholms-kommun-arstaskogs-vag-14-5420972364985136649,59-60m²,bostadsratt,2026-04-16T20:38:28.289600
2192750540784285286,https://www.hemnet.se/salda/lagenhet-2rum-naset-lidingo-kommun-illerbacken-1-2192750540784285286,59-60m²,bostadsratt,2026-04-16T20:38:28.289604
8010836139956267716,"https://www.hemnet.se/salda/lagenhet-3rum-bromma-traneberg-stockholms-kommun-odmardsvagen-1,-van-3-av-3-8010836139956267716",59-60m²,bostadsratt,2026-04-16T20:38:28.289608
6578651200010592921,"https://www.hemnet.se/salda/lagenhet-2rum-spanga-bromstensstaden-stockholms-kommun-skogangsvagen-34,-2-tr-6578651200010592921",59-60m²,bostadsratt,2026-04-16T20:38:28.289613
7384185367427042972,https://www.hemnet.se/salda/lagenhet-2rum-centrala-filipstad-filipstads-kommun-hantverksgatan-12a-7384185367427042972,59-60m²,bostadsratt,2026-04-16T20:38:28.289621
7200484769595503600,https://www.hemnet.se/salda/lagenhet-2rum-vasastan-stockholms-kommun-sankt-eriksgatan-118-7200484769595503600,59-60m²,bostadsratt,2026-04-16T20:38:28.289625
882617352717870019,https://www.hemnet.se/salda/lagenhet-2rum-nissastrand-halmstads-kommun-egon-ostlunds-gata-12-882617352717870019,59-60m²,bostadsratt,2026-04-16T20:38:28.289630
8778162360140729674,https://www.hemnet.se/salda/lagenhet-2rum-ranten-falkopings-kommun-warenbergsgatan-20-8778162360140729674,59-60m²,bostadsratt,2026-04-16T20:38:28.289634
27349679474130861,https://www.hemnet.se/salda/lagenhet-2rum-borgmastaregarden-malmo-kommun-annebergsgatan-3a-27349679474130861,59-60m²,bostadsratt,2026-04-16T20:38:28.289638
3507333066020097584,https://www.hemnet.se/salda/lagenhet-2rum-vastergard-sodertalje-kommun-lundbygatan-2-3507333066020097584,59-60m²,bostadsratt,2026-04-16T20:38:28.289646
3732211419843338868,https://www.hemnet.se/salda/lagenhet-2rum-odensvi-vasteras-kommun-kumlagatan-11a-3732211419843338868,59-60m²,bostadsratt,2026-04-16T20:38:28.289650
984221939171112387,https://www.hemnet.se/salda/lagenhet-2rum-skondal-stockholms-kommun-bengt-bagares-grand-2a-984221939171112387,59-60m²,bostadsratt,2026-04-16T20:38:28.289654
7511407383092669761,https://www.hemnet.se/salda/lagenhet-2rum-centralt-norr-gavle-kommun-hantverkargatan-10a-7511407383092669761,59-60m²,bostadsratt,2026-04-16T20:38:28.289659
3895506804653760320,"https://www.hemnet.se/salda/lagenhet-2rum-vasterhaninge-haninge-kommun-gransvagen-21,-1-tr-3895506804653760320",59-60m²,bostadsratt,2026-04-16T20:38:28.289662
2844455723021461700,https://www.hemnet.se/salda/lagenhet-2rum-hagernas-taby-kommun-radarvagen-20-2844455723021461700,59-60m²,bostadsratt,2026-04-16T20:38:28.289666
4479490299820292580,https://www.hemnet.se/salda/lagenhet-2rum-centrum-kavlinge-kommun-vastergatan-6c-4479490299820292580,59-60m²,bostadsratt,2026-04-16T20:38:28.289670
1596556529942635284,https://www.hemnet.se/salda/lagenhet-2rum-haga-karlstads-kommun-attkantsgatan-12a-1596556529942635284,59-60m²,bostadsratt,2026-04-16T20:38:28.289675
3397869444080278355,https://www.hemnet.se/salda/lagenhet-2rum-centrum-nissastrand-halmstads-kommun-esaias-thorens-gata-3-3397869444080278355,59-60m²,bostadsratt,2026-04-16T20:38:28.289677
8784862846957835326,https://www.hemnet.se/salda/lagenhet-2rum-stode-sundsvalls-kommun-kvarnsvedsvagen-25-8784862846957835326,59-60m²,bostadsratt,2026-04-16T20:38:28.289681
1615745111112369507,https://www.hemnet.se/salda/lagenhet-2rum-edsviken-sollentuna-kommun-edsviksvagen-8-1615745111112369507,59-60m²,bostadsratt,2026-04-16T20:38:28.289686
1616664060441816982,https://www.hemnet.se/salda/lagenhet-2rum-ekkallan-linkopings-kommun-ekkallegatan-8-1616664060441816982,59-60m²,bostadsratt,2026-04-16T20:38:28.289690
7217509446330573566,https://www.hemnet.se/salda/lagenhet-2rum-eriksberg-goteborgs-kommun-bratterasgatan-66-7217509446330573566,59-60m²,bostadsratt,2026-04-16T20:38:28.289692
3833927096070213943,https://www.hemnet.se/salda/lagenhet-2rum-majorna-goteborgs-kommun-grona-gatan-47-3833927096070213943,59-60m²,bostadsratt,2026-04-16T20:38:28.289697
3402788236756820983,https://www.hemnet.se/salda/lagenhet-2rum-lilla-alby-centrala-sundbyberg-sundbybergs-kommun-tradgardsgatan-19-3402788236756820983,59-60m²,bostadsratt,2026-04-16T20:38:28.289701
4408890396017742363,https://www.hemnet.se/salda/lagenhet-2rum-rosengard-malmo-kommun-von-lingens-vag-114-4408890396017742363,59-60m²,bostadsratt,2026-04-16T20:38:28.289704
6770602802903637935,https://www.hemnet.se/salda/lagenhet-2rum-falhagen-uppsala-kommun-vaderkvarnsgatan-21a-6770602802903637935,59-60m²,bostadsratt,2026-04-16T20:38:28.289706
7077713688051192880,https://www.hemnet.se/salda/lagenhet-2rum-centralt-karlskoga-kommun-gustavsgatan-21-b-7077713688051192880,59-60m²,bostadsratt,2026-04-16T20:38:28.289709
286077162492370165,https://www.hemnet.se/salda/lagenhet-2rum-gula-hoja-malmo-kommun-vastra-skravlingevagen-163-286077162492370165,59-60m²,bostadsratt,2026-04-16T20:38:28.289711
6967827608931847915,https://www.hemnet.se/salda/lagenhet-2rum-gula-hoja-malmo-kommun-vastra-skravlingevagen-135-6967827608931847915,59-60m²,bostadsratt,2026-04-16T20:38:28.289714
5247681184140826092,https://www.hemnet.se/salda/lagenhet-2rum-vallastaden-linkopings-kommun-selma-lagerlofs-gata-5-5247681184140826092,59-60m²,bostadsratt,2026-04-16T20:38:28.289717
693107865637476415,https://www.hemnet.se/salda/lagenhet-2rum-finnboda-nacka-kommun-kvarnholmsvagen-39d-693107865637476415,59-60m²,bostadsratt,2026-04-16T20:38:28.289721
5778745874634014432,https://www.hemnet.se/salda/lagenhet-2rum-vallingby-centrum-stockholms-kommun-jamtlandsgatan-86-5778745874634014432,59-60m²,bostadsratt,2026-04-16T20:38:28.289725
246097565692509119,https://www.hemnet.se/salda/lagenhet-2rum-arsta-stockholms-kommun-sandfjardsgatan-128-246097565692509119,59-60m²,bostadsratt,2026-04-16T20:38:28.289728
8715401707442936835,https://www.hemnet.se/salda/lagenhet-2rum-vallingby-centrum-stockholms-kommun-duvedsvagen-17-8715401707442936835,59-60m²,bostadsratt,2026-04-16T20:38:28.289732
2779023371527202454,https://www.hemnet.se/salda/lagenhet-3rum-umedalen-umea-kommun-symfonivagen-9b-2779023371527202454,59-60m²,bostadsratt,2026-04-16T20:38:28.289736
1933349790549070569,https://www.hemnet.se/salda/lagenhet-3rum-arno-nykopings-kommun-skordevagen-27e-1933349790549070569,59-60m²,bostadsratt,2026-04-16T20:38:28.289746
9156911247114312698,https://www.hemnet.se/salda/lagenhet-2rum-vaster-lunds-kommun-lokforaregatan-11b-9156911247114312698,59-60m²,bostadsratt,2026-04-16T20:38:28.289754
6433554902846635091,https://www.hemnet.se/salda/lagenhet-2rum-haga-vasteras-kommun-norra-skjutbanegatan-18a-6433554902846635091,59-60m²,bostadsratt,2026-04-16T20:38:28.289758
4122542786387071137,https://www.hemnet.se/salda/lagenhet-2rum-hovshaga-vaxjo-kommun-bjorksatravagen-7a-4122542786387071137,59-60m²,bostadsratt,2026-04-16T20:38:28.289763
735620479667334776,"https://www.hemnet.se/salda/lagenhet-2rum-traneberg-stockholms-kommun-sulitelmavagen-11,-bostadsrattslokal-735620479667334776",59-60m²,bostadsratt,2026-04-16T20:38:28.289766
6662888086014971270,https://www.hemnet.se/salda/lagenhet-2rum-nacka-forum-nacka-kommun-serenadvagen-30-6662888086014971270,59-60m²,bostadsratt,2026-04-16T20:38:28.289770
2978383257039042728,https://www.hemnet.se/salda/lagenhet-2rum-slussen-malmo-kommun-slussgatan-14-u9-2978383257039042728,59-60m²,bostadsratt,2026-04-16T20:38:28.289774
6890289172058078446,"https://www.hemnet.se/salda/lagenhet-2,5rum-lerum-lerums-kommun-lerum-andersvagen-134-6890289172058078446",59-60m²,bostadsratt,2026-04-16T20:38:28.289777
2543136437853292358,"https://www.hemnet.se/salda/lagenhet-2rum-akalla-stockholms-kommun-sibeliusgangen-28,-8-tr-2543136437853292358",59-60m²,bostadsratt,2026-04-16T20:38:28.289779
4027946280799037931,https://www.hemnet.se/salda/lagenhet-2rum-nobeltorget-malmo-kommun-brobygatan-1a-4027946280799037931,59-60m²,bostadsratt,2026-04-16T20:38:28.289781
2313365834764521188,https://www.hemnet.se/salda/lagenhet-2rum-centralt-karlskoga-kommun-mekanikergatan-2c-2313365834764521188,59-60m²,bostadsratt,2026-04-16T20:38:28.289783
7497964802034210641,"https://www.hemnet.se/salda/lagenhet-2rum-grindtorp-taby-kommun-kometvagen-15,-9tr-7497964802034210641",59-60m²,bostadsratt,2026-04-16T20:38:28.289786
4545666614193891429,https://www.hemnet.se/salda/lagenhet-2rum-centrum-stenstaden-sundsvalls-kommun-dalgatan-2a-4545666614193891429,59-60m²,bostadsratt,2026-04-16T20:38:28.289788
5110282049736655798,https://www.hemnet.se/salda/lagenhet-2rum-gottfridsberg-linkopings-kommun-gullbergsgatan-6-5110282049736655798,59-60m²,bostadsratt,2026-04-16T20:38:28.289790
1647267302424331295,https://www.hemnet.se/salda/lagenhet-2rum-slussen-malmo-kommun-slussgatan-12c-1647267302424331295,59-60m²,bostadsratt,2026-04-16T20:38:28.289792
7268308367612129608,https://www.hemnet.se/salda/lagenhet-2rum-hofors-centralt-hofors-kommun-goklundsvagen-12b-7268308367612129608,59-60m²,bostadsratt,2026-04-16T20:38:28.289794
4107398219758346931,"https://www.hemnet.se/salda/lagenhet-2,5rum-sundsvall-centrum-sundsvalls-kommun-storgatan-72b-4107398219758346931",59-60m²,bostadsratt,2026-04-16T20:38:28.289796
5195517600038986039,https://www.hemnet.se/salda/lagenhet-3rum-finnberget-nacka-kommun-finnbergsvagen-58-5195517600038986039,59-60m²,bostadsratt,2026-04-16T20:38:28.289798
3803629826174515376,"https://www.hemnet.se/salda/lagenhet-2rum-gardet-stockholms-kommun-oregrundsgatan-18,-3-tr-3803629826174515376",59-60m²,bostadsratt,2026-04-16T20:38:28.289800
6740656820953795498,https://www.hemnet.se/salda/lagenhet-2rum-skondal-stockholms-kommun-bengt-bagares-grand-16-6740656820953795498,59-60m²,bostadsratt,2026-04-16T20:38:28.289802
797034312820573728,https://www.hemnet.se/salda/lagenhet-3rum-tomtebo-umea-kommun-skogsfruvagen-17b-797034312820573728,59-60m²,bostadsratt,2026-04-16T20:38:28.289805
8205776447782993471,"https://www.hemnet.se/salda/lagenhet-2rum-farsta-stockholms-kommun-boforsgatan-7,-3-tr-8205776447782993471",59-60m²,bostadsratt,2026-04-16T20:38:28.289807
4834808840409126594,https://www.hemnet.se/salda/lagenhet-2rum-jonkoping-jonkopings-kommun-ebba-ramsays-vag-18-4834808840409126594,59-60m²,bostadsratt,2026-04-16T20:38:28.289809
2940377251580575968,https://www.hemnet.se/salda/lagenhet-2rum-centrala-sundbyberg-sundbybergs-kommun-vintergatan-2d-2940377251580575968,59-60m²,bostadsratt,2026-04-16T20:38:28.289814
2429664870431388261,https://www.hemnet.se/salda/lagenhet-2rum-centralt-falu-kommun-vallmansgatan-7a-2429664870431388261,59-60m²,bostadsratt,2026-04-16T20:38:28.291202
6551925699391393585,"https://www.hemnet.se/salda/lagenhet-2rum-hagsatra-stockholms-kommun-lerbacksgrand-14,-1tr-6551925699391393585",59-60m²,bostadsratt,2026-04-16T20:38:28.291211
6091465796462703229,https://www.hemnet.se/salda/lagenhet-2rum-falhagen-uppsala-kommun-salagatan-39-a-6091465796462703229,59-60m²,bostadsratt,2026-04-16T20:38:28.291216
5465831390373802528,https://www.hemnet.se/salda/lagenhet-2rum-bifrost-molndals-kommun-pinnharvsgatan-3b-5465831390373802528,59-60m²,bostadsratt,2026-04-16T20:38:28.291221
8506342382970797126,https://www.hemnet.se/salda/lagenhet-2rum-vigelsjohojden-norrtalje-kommun-vigelsjohojden-5-b-8506342382970797126,59-60m²,bostadsratt,2026-04-16T20:38:28.291223
8080681248220451182,https://www.hemnet.se/salda/lagenhet-2rum-tuna-lunds-kommun-scheelevagen-3h-8080681248220451182,59-60m²,bostadsratt,2026-04-16T20:38:28.291228
733666482542019463,https://www.hemnet.se/salda/lagenhet-2rum-luthagen-uppsala-kommun-ringgatan-12a-733666482542019463,59-60m²,bostadsratt,2026-04-16T20:38:28.291232
6985398482178771183,https://www.hemnet.se/salda/lagenhet-2rum-mariestrand-umea-kommun-mariehemsvagen-154-6985398482178771183,59-60m²,bostadsratt,2026-04-16T20:38:28.291236
3902508718256399734,https://www.hemnet.se/salda/lagenhet-2rum-krylbo-avesta-kommun-magasinsgatan-4-b-3902508718256399734,59-60m²,bostadsratt,2026-04-16T20:38:28.291239
9037528970515090749,"https://www.hemnet.se/salda/lagenhet-3rum-hammarbyhojden-stockholms-kommun-thunbergsgatan-10,-2-tr-9037528970515090749",59-60m²,bostadsratt,2026-04-16T20:38:28.291241
5515985708751504266,https://www.hemnet.se/salda/lagenhet-2rum-norr-eskilstuna-kommun-heljestrandsgatan-14c-5515985708751504266,59-60m²,bostadsratt,2026-04-16T20:38:28.291243
4216608389516507564,https://www.hemnet.se/salda/lagenhet-2rum-ostra-sorgenfri-malmo-kommun-baskemollegatan-5e-4216608389516507564,59-60m²,bostadsratt,2026-04-16T20:38:28.291244
7734836254676708473,https://www.hemnet.se/salda/lagenhet-2rum-baggeby-lidingo-kommun-baggebytorget-3-7734836254676708473,59-60m²,bostadsratt,2026-04-16T20:38:28.291246
7110584085126888438,"https://www.hemnet.se/salda/lagenhet-3rum-kungsholmen-norr-malarstrand-stockholms-kommun-john-ericssonsgatan-1,-1tr-7110584085126888438",59-60m²,bostadsratt,2026-04-16T20:38:28.291249
7053299957863726120,https://www.hemnet.se/salda/lagenhet-2rum-kopingsvik-borgholms-kommun-skurkvarnsvagen-1-lgh-06-7053299957863726120,59-60m²,bostadsratt,2026-04-16T20:38:28.291251
2027667290770000284,https://www.hemnet.se/salda/lagenhet-2rum-ersboda-umea-kommun-glassgrand-82-2027667290770000284,59-60m²,bostadsratt,2026-04-16T20:38:28.291252
3359061426909550645,https://www.hemnet.se/salda/lagenhet-2rum-gamlestaden-goteborgs-kommun-gamlestadstorget-22-3359061426909550645,59-60m²,bostadsratt,2026-04-16T20:38:28.291254
2747567783826286799,https://www.hemnet.se/salda/lagenhet-2rum-minneberg-stockholms-kommun-svartviksslingan-108-2747567783826286799,59-60m²,bostadsratt,2026-04-16T20:38:28.291256
3118164386952344934,https://www.hemnet.se/salda/lagenhet-2rum-linnestaden-goteborgs-kommun-varmlandsgatan-22-3118164386952344934,59-60m²,bostadsratt,2026-04-16T20:38:28.291258
7177038639723084745,https://www.hemnet.se/salda/lagenhet-2rum-fanna-enkopings-kommun-litslenavagen-15a-7177038639723084745,59-60m²,bostadsratt,2026-04-16T20:38:28.291260
2738486598456935472,https://www.hemnet.se/salda/lagenhet-2rum-ursvik-sundbybergs-kommun-gronlingens-vag-5-2738486598456935472,59-60m²,bostadsratt,2026-04-16T20:38:28.291262
3586299329273211971,https://www.hemnet.se/salda/lagenhet-2rum-brunstorp-jonkopings-kommun-sikvagen-12-3586299329273211971,59-60m²,bostadsratt,2026-04-16T20:38:28.291264
7207743945209958019,https://www.hemnet.se/salda/lagenhet-2rum-farsta-strand-stockholms-kommun-filipstadsbacken-58-7207743945209958019,59-60m²,bostadsratt,2026-04-16T20:38:28.291268
1329902233840032656,https://www.hemnet.se/salda/lagenhet-3rum-umedalen-umea-kommun-symfonivagen-9d-1329902233840032656,59-60m²,bostadsratt,2026-04-16T20:38:28.291271
9202558508985494922,https://www.hemnet.se/salda/lagenhet-2rum-midsommarkransen-stockholms-kommun-vattenledningsvagen-63-9202558508985494922,59-60m²,bostadsratt,2026-04-16T20:38:28.291275
4312959589155544724,"https://www.hemnet.se/salda/lagenhet-2rum-alta-stenso-nacka-kommun-stensovagen-11,-4-tr-4312959589155544724",59-60m²,bostadsratt,2026-04-16T20:38:28.291279
9198413658273536828,https://www.hemnet.se/salda/lagenhet-2rum-skurholmen-lulea-kommun-langgatan-42-9198413658273536828,59-60m²,bostadsratt,2026-04-16T20:38:28.291282
1080471472285062071,https://www.hemnet.se/salda/lagenhet-2rum-skarphagen-norrkopings-kommun-klingagatan-6-1080471472285062071,59-60m²,bostadsratt,2026-04-16T20:38:28.291286
2938830526497759755,https://www.hemnet.se/salda/lagenhet-2rum-ostermalm-stockholms-kommun-linnegatan-51-2938830526497759755,59-60m²,bostadsratt,2026-04-16T20:38:28.291290
7615927485888875120,https://www.hemnet.se/salda/lagenhet-2rum-haga-vasteras-kommun-rekylgatan-17-7615927485888875120,59-60m²,bostadsratt,2026-04-16T20:38:28.291295
144544633642688348,https://www.hemnet.se/salda/lagenhet-2rum-bandhagen-stockholms-kommun-trollesundsvagen-50-144544633642688348,59-60m²,bostadsratt,2026-04-16T20:38:28.291297
6907967647179714551,https://www.hemnet.se/salda/lagenhet-2rum-norrbole-skelleftea-kommun-asgatan-32d-6907967647179714551,59-60m²,bostadsratt,2026-04-16T20:38:28.291301
32486978906785135,"https://www.hemnet.se/salda/lagenhet-3rum-margretelund-osterakers-kommun-margretelundsvagen-81,-bv-etagelagenhet-32486978906785135",59-60m²,bostadsratt,2026-04-16T20:38:28.291306
1691065038113483117,https://www.hemnet.se/salda/lagenhet-2rum-fagersanna-ransberg-tibro-kommun-molltorpsvagen-12-1691065038113483117,59-60m²,bostadsratt,2026-04-16T20:38:28.291310
6077575416353903273,https://www.hemnet.se/salda/lagenhet-2rum-heden-goteborgs-kommun-parkgatan-8a-6077575416353903273,59-60m²,bostadsratt,2026-04-16T20:38:28.291313
5061127640019359590,https://www.hemnet.se/salda/lagenhet-2rum-brunnsang-sodertalje-kommun-elsarostigen-2-5061127640019359590,59-60m²,bostadsratt,2026-04-16T20:38:28.291317
8236777235415623382,https://www.hemnet.se/salda/lagenhet-2rum-haga-karlstads-kommun-tage-erlandergatan-9-8236777235415623382,59-60m²,bostadsratt,2026-04-16T20:38:28.291321
5833516306324127917,"https://www.hemnet.se/salda/lagenhet-2,5rum-ostermalm-gardet-stockholms-kommun-rindogatan-48-5833516306324127917",59-60m²,bostadsratt,2026-04-16T20:38:28.291338
832630281417633728,https://www.hemnet.se/salda/lagenhet-2rum-lysekil-lysekils-kommun-kvarnberget-2-832630281417633728,59-60m²,bostadsratt,2026-04-16T20:38:28.291340
5526799990436540012,https://www.hemnet.se/salda/lagenhet-2rum-malmaberg-vasteras-kommun-fjardhundragatan-23b-5526799990436540012,59-60m²,bostadsratt,2026-04-16T20:38:28.291345
6625327152847446385,https://www.hemnet.se/salda/lagenhet-3rum-kungsholmen-stockholms-kommun-lindhagensgatan-106-6625327152847446385,59-60m²,bostadsratt,2026-04-16T20:38:28.291349
4044320036401295217,https://www.hemnet.se/salda/lagenhet-2rum-centralt-karlskoga-kommun-skragatan-10b-4044320036401295217,59-60m²,bostadsratt,2026-04-16T20:38:28.291354
9169555692018180315,https://www.hemnet.se/salda/lagenhet-2rum-malmen-kalmar-kommun-nygatan-16c-9169555692018180315,59-60m²,bostadsratt,2026-04-16T20:38:28.291356
5762969256222373260,https://www.hemnet.se/salda/lagenhet-2rum-skarsatra-lidingo-kommun-pyrolavagen-50-5762969256222373260,59-60m²,bostadsratt,2026-04-16T20:38:28.291361
8783445032816976156,"https://www.hemnet.se/salda/lagenhet-2,5rum-riksby-stockholms-kommun-synalsvagen-9-8783445032816976156",59-60m²,bostadsratt,2026-04-16T20:38:28.291365
4125649088625083155,https://www.hemnet.se/salda/lagenhet-2rum-gamla-staden-lidkopings-kommun-zettervallsgatan-3d-4125649088625083155,59-60m²,bostadsratt,2026-04-16T20:38:28.291369
2029109594786489305,https://www.hemnet.se/salda/lagenhet-2rum-centralt-soderkopings-kommun-radhustorget-3a-2029109594786489305,59-60m²,bostadsratt,2026-04-16T20:38:28.291372
2664476506403237151,https://www.hemnet.se/salda/lagenhet-2rum-slottshojden-helsingborgs-kommun-rektorsgatan-7-2664476506403237151,59-60m²,bostadsratt,2026-04-16T20:38:28.291376
5200290914946489534,https://www.hemnet.se/salda/lagenhet-2rum-kungsbacka-kungsbacka-kommun-mineralvagen-23-5200290914946489534,59-60m²,bostadsratt,2026-04-16T20:38:28.291380
2857563973273399538,https://www.hemnet.se/salda/lagenhet-2rum-bjorneborg-kristinehamns-kommun-hyttgatan-4-2857563973273399538,59-60m²,bostadsratt,2026-04-16T20:38:28.291383
7530519138365009586,"https://www.hemnet.se/salda/lagenhet-1rum-centrala-handen-haninge-kommun-vallavagen-51,-entreplan-7530519138365009586",59-60m²,bostadsratt,2026-04-16T20:38:28.291387
3619774277491714363,https://www.hemnet.se/salda/lagenhet-2rum-inre-hamn-karlstads-kommun-stapelgatan-1c-3619774277491714363,59-60m²,bostadsratt,2026-04-16T20:38:28.291392
4339417064358741501,https://www.hemnet.se/salda/lagenhet-2rum-bredang-stockholms-kommun-algrytebacken-6-4339417064358741501,59-60m²,bostadsratt,2026-04-16T20:38:28.291397
5470628773343783951,"https://www.hemnet.se/salda/lagenhet-2rum-vasastan-stockholms-kommun-vegagatan-13a,-gardshus-5470628773343783951",59-60m²,bostadsratt,2026-04-16T20:38:28.291401
3306895640664304524,https://www.hemnet.se/salda/lagenhet-2rum-centrala-sundbyberg-sundbybergs-kommun-vegagatan-17-vaning-4-4-3306895640664304524,59-60m²,bostadsratt,2026-04-16T20:38:28.291403
5228670822158435564,"https://www.hemnet.se/salda/lagenhet-2rum-gamla-bro-bro-upplands-bro-kommun-malarvagen-4,-1tr-5228670822158435564",59-60m²,bostadsratt,2026-04-16T20:38:28.291408
3828453766977729818,https://www.hemnet.se/salda/lagenhet-2rum-centrum-hjo-kommun-sturegatan-7b-3828453766977729818,59-60m²,bostadsratt,2026-04-16T20:38:28.291412
1202269492545949818,https://www.hemnet.se/salda/lagenhet-2rum-sodermalm-kristinehamns-kommun-sodra-ringvagen-61a-1202269492545949818,59-60m²,bostadsratt,2026-04-16T20:38:28.291417
1081694115507761551,https://www.hemnet.se/salda/lagenhet-2rum-sodra-svartbyn-bodens-kommun-stackvagen-3a-1081694115507761551,59-60m²,bostadsratt,2026-04-16T20:38:28.291419
1952234290661255322,https://www.hemnet.se/salda/lagenhet-2rum-svartviken-upplands-bro-kommun-svartviksbacken-10b-1952234290661255322,59-60m²,bostadsratt,2026-04-16T20:38:28.291423
5197674932095964161,https://www.hemnet.se/salda/lagenhet-3rum-ormkarr-stockholms-kommun-stjarnsundsgatan-25-5197674932095964161,59-60m²,bostadsratt,2026-04-16T20:38:28.291428
1741736274424701324,https://www.hemnet.se/salda/lagenhet-2rum-centralt-oxelosund-oxelosunds-kommun-sjogatan-4c-1741736274424701324,59-60m²,bostadsratt,2026-04-16T20:38:28.291432
1865132862834078840,https://www.hemnet.se/salda/lagenhet-2rum-arlov-burlovs-kommun-gronvagen-5a-1865132862834078840,59-60m²,bostadsratt,2026-04-16T20:38:28.291435
8667667238533926596,https://www.hemnet.se/salda/lagenhet-2rum-brannan-harnosands-kommun-krokvagen-11-8667667238533926596,59-60m²,bostadsratt,2026-04-16T20:38:28.291439
2165392692546248720,https://www.hemnet.se/salda/lagenhet-2rum-tagaborg-helsingborgs-kommun-tagagatan-41-2165392692546248720,59-60m²,bostadsratt,2026-04-16T20:38:28.291441
6322509750821865910,https://www.hemnet.se/salda/lagenhet-3rum-hagerstensasen-stockholms-kommun-boktryckarvagen-6-6322509750821865910,59-60m²,bostadsratt,2026-04-16T20:38:28.291445
6918788800597274437,https://www.hemnet.se/salda/lagenhet-2rum-centrum-vaster-halmstads-kommun-broddesonsgatan-63c-6918788800597274437,59-60m²,bostadsratt,2026-04-16T20:38:28.291450
374457428831096253,https://www.hemnet.se/salda/lagenhet-2rum-centrala-ostersund-ostersunds-kommun-storgatan-7b-374457428831096253,59-60m²,bostadsratt,2026-04-16T20:38:28.291452
4025934412639266165,https://www.hemnet.se/salda/lagenhet-2rum-centrum-jonkopings-kommun-odengatan-18a-4025934412639266165,59-60m²,bostadsratt,2026-04-16T20:38:28.291456
1771625873265560832,"https://www.hemnet.se/salda/lagenhet-2,5rum-vastra-sorgenfri-malmo-kommun-eslovsgatan-7-nobelvagen-60f-1771625873265560832",59-60m²,bostadsratt,2026-04-16T20:38:28.291461
8987649015051479650,https://www.hemnet.se/salda/lagenhet-3rum-finnboda-hamn-nacka-kommun-finnboda-varvsvag-10a-8987649015051479650,59-60m²,bostadsratt,2026-04-16T20:38:28.291465
4243539632996001675,https://www.hemnet.se/salda/lagenhet-2rum-vadergatorna-uppsala-kommun-regngatan-5-4243539632996001675,59-60m²,bostadsratt,2026-04-16T20:38:28.291470
4477052371850396445,"https://www.hemnet.se/salda/lagenhet-3rum-arsta-stockholms-kommun-gullmarsvagen-73,-2-tr-4477052371850396445",59-60m²,bostadsratt,2026-04-16T20:38:28.291474
238592417104921147,https://www.hemnet.se/salda/lagenhet-2rum-kallhall-jarfalla-kommun-kopparvagen-32-238592417104921147,59-60m²,bostadsratt,2026-04-16T20:38:28.291477
3672144741899499280,https://www.hemnet.se/salda/lagenhet-2rum-centrum-helsingborgs-kommun-bruksgatan-5i-3672144741899499280,59-60m²,bostadsratt,2026-04-16T20:38:28.291481
3407140381575697865,https://www.hemnet.se/salda/lagenhet-2rum-hovas-brottkarr-goteborgs-kommun-gamla-brottkarrsvagen-32-3407140381575697865,59-60m²,bostadsratt,2026-04-16T20:38:28.291486
1486080120266604832,https://www.hemnet.se/salda/lagenhet-2rum-kalleback-goteborgs-kommun-kallebacksvagen-11b-1486080120266604832,59-60m²,bostadsratt,2026-04-16T20:38:28.291490
2587262109752798641,"https://www.hemnet.se/salda/lagenhet-2,5rum-falhagen-uppsala-kommun-falhagsleden-1d-2587262109752798641",59-60m²,bostadsratt,2026-04-16T20:38:28.291492
8431480874966452201,https://www.hemnet.se/salda/lagenhet-2rum-vasastan-stockholms-kommun-upplandsgatan-79a-8431480874966452201,59-60m²,bostadsratt,2026-04-16T20:38:28.291497
5940388752360318438,https://www.hemnet.se/salda/lagenhet-2rum-norr-gavle-kommun-staketgatan-9-5940388752360318438,59-60m²,bostadsratt,2026-04-16T20:38:28.291501
2263364730398776348,https://www.hemnet.se/salda/lagenhet-3rum-hagsatra-ormkarr-stockholms-kommun-stjarnsundsgatan-29-2263364730398776348,59-60m²,bostadsratt,2026-04-16T20:38:28.291503
1566123959740260955,"https://www.hemnet.se/salda/lagenhet-2rum-bjorkhagen-stockholms-kommun-axvallsvagen-49,-2tr-1566123959740260955",59-60m²,bostadsratt,2026-04-16T20:38:28.291508
4774041046158415519,https://www.hemnet.se/salda/lagenhet-2rum-luthagen-uppsala-kommun-tegnergatan-15b-4774041046158415519,59-60m²,bostadsratt,2026-04-16T20:38:28.291512
9133174729242917022,https://www.hemnet.se/salda/lagenhet-2rum-slottsstaden-malmo-kommun-kopenhamnsvagen-41c-9133174729242917022,59-60m²,bostadsratt,2026-04-16T20:38:28.291527
8102897664326649616,https://www.hemnet.se/salda/lagenhet-2rum-ekeby-karlskoga-kommun-gosta-berlings-vag-2d-8102897664326649616,59-60m²,bostadsratt,2026-04-16T20:38:28.291532
2551056222675956661,https://www.hemnet.se/salda/lagenhet-2rum-sodra-sofielund-malmo-kommun-dalaplan-4d-2551056222675956661,59-60m²,bostadsratt,2026-04-16T20:38:28.291536
2221357661320199457,https://www.hemnet.se/salda/lagenhet-2rum-ludvika-centrum-ostra-ludvika-kommun-marnasgatan-29g-2221357661320199457,59-60m²,bostadsratt,2026-04-16T20:38:28.291540
122660174197907670,https://www.hemnet.se/salda/lagenhet-2rum-barkarbystaden-jarfalla-kommun-karlslundsvagen-5-122660174197907670,59-60m²,bostadsratt,2026-04-16T20:38:28.291543
8151902562458531840,"https://www.hemnet.se/salda/lagenhet-2,5rum-majorna-goteborgs-kommun-grona-gatan-49-8151902562458531840",59-60m²,bostadsratt,2026-04-16T20:38:28.291547
2984726996068844497,https://www.hemnet.se/salda/lagenhet-2rum-sodra-ladugardsangen-orebro-kommun-termikgatan-45b-2984726996068844497,59-60m²,bostadsratt,2026-04-16T20:38:28.291551
36516961506336428,https://www.hemnet.se/salda/lagenhet-2rum-barkarbystaden-jarfalla-kommun-karlslundsvagen-5-36516961506336428,59-60m²,bostadsratt,2026-04-16T20:38:28.291554
4838508408967832954,https://www.hemnet.se/salda/lagenhet-2rum-barkarby-jarfalla-kommun-flygarvagen-12-4838508408967832954,59-60m²,bostadsratt,2026-04-16T20:38:28.291558
318120096141515734,"https://www.hemnet.se/salda/lagenhet-2,5rum-sodermalm-hornstull-hogalid-stockholms-kommun-bergsundsgatan-23-318120096141515734",59-60m²,bostadsratt,2026-04-16T20:38:28.291562
1714438472079675676,https://www.hemnet.se/salda/lagenhet-2rum-sodermalm-katarina-stockholms-kommun-hokens-gata-1-1714438472079675676,59-60m²,bostadsratt,2026-04-16T20:38:28.291565
5627432834949332832,"https://www.hemnet.se/salda/lagenhet-2,5rum-hasselby-strand-stockholms-kommun-maltesholmsvagen-190,-133-1203-5627432834949332832",59-60m²,bostadsratt,2026-04-16T20:38:28.291569
7270165858885489839,https://www.hemnet.se/salda/lagenhet-2rum-lasarettet-landskrona-kommun-enoch-thulins-vag-30c-7270165858885489839,59-60m²,bostadsratt,2026-04-16T20:38:28.291573
2646636207665461792,https://www.hemnet.se/salda/lagenhet-2rum-arsta-gullmarsplan-stockholms-kommun-skontorpsvagen-1-2646636207665461792,59-60m²,bostadsratt,2026-04-16T20:38:28.291578
622705003738488234,https://www.hemnet.se/salda/lagenhet-2rum-ostra-hamnen-vasteras-kommun-packhusgatan-2a-622705003738488234,59-60m²,bostadsratt,2026-04-16T20:38:28.291582
4526865008437575680,https://www.hemnet.se/salda/lagenhet-2rum-gamlestaden-goteborgs-kommun-batterigatan-10e-4526865008437575680,59-60m²,bostadsratt,2026-04-16T20:38:28.291585
8004491225341269181,https://www.hemnet.se/salda/lagenhet-2rum-almunge-uppsala-kommun-lillsjovagen-12b-8004491225341269181,59-60m²,bostadsratt,2026-04-16T20:38:28.291589
6942570854596898064,https://www.hemnet.se/salda/lagenhet-2rum-ostra-sorgenfri-malmo-kommun-branteviksgatan-10b-6942570854596898064,59-60m²,bostadsratt,2026-04-16T20:38:28.291593
2259394725013306564,https://www.hemnet.se/salda/lagenhet-2rum-johanneberg-goteborgs-kommun-von-gerdesgatan-3-2259394725013306564,59-60m²,bostadsratt,2026-04-16T20:38:28.291598
2180150039190042350,https://www.hemnet.se/salda/lagenhet-2rum-jarvastaden-solna-kommun-dammtorps-alle-17-2180150039190042350,59-60m²,bostadsratt,2026-04-16T20:38:28.291600
3932684978776554864,https://www.hemnet.se/salda/lagenhet-2rum-abylund-haninge-kommun-kvartarvagen-187-3932684978776554864,59-60m²,bostadsratt,2026-04-16T20:38:28.291604
3699648838449901325,https://www.hemnet.se/salda/lagenhet-2rum-haga-vasteras-kommun-rekylgatan-3-3699648838449901325,59-60m²,bostadsratt,2026-04-16T20:38:28.291609
5665822263549759748,https://www.hemnet.se/salda/lagenhet-2rum-apelgarden-malmo-kommun-sjoblads-vag-3-5665822263549759748,59-60m²,bostadsratt,2026-04-16T20:38:28.291611
6317453680760953288,https://www.hemnet.se/salda/lagenhet-2rum-rasunda-solna-kommun-sjovagen-2-6317453680760953288,59-60m²,bostadsratt,2026-04-16T20:38:28.291613
688201509362333758,https://www.hemnet.se/salda/lagenhet-2rum-barstabergen-sodertalje-kommun-karlslundsgatan-16-688201509362333758,59-60m²,bostadsratt,2026-04-16T20:38:28.291615
8463292847693846914,https://www.hemnet.se/salda/lagenhet-2rum-gideonsberg-vasteras-kommun-siggesborgsgatan-11a-8463292847693846914,59-60m²,bostadsratt,2026-04-16T20:38:28.291617
1089853977403184296,https://www.hemnet.se/salda/lagenhet-2rum-centrum-kopings-kommun-bergslagsvagen-12-a-1089853977403184296,59-60m²,bostadsratt,2026-04-16T20:38:28.291622
508381296146972088,https://www.hemnet.se/salda/lagenhet-3rum-alta-hedvigslund-nacka-kommun-finserudsgrand-15b-508381296146972088,59-60m²,bostadsratt,2026-04-16T20:38:28.291624
7973740214610442113,https://www.hemnet.se/salda/lagenhet-2rum-snattringe-huddinge-kommun-haradsvagen-35a-7973740214610442113,59-60m²,bostadsratt,2026-04-16T20:38:28.291626
768050632693796657,https://www.hemnet.se/salda/lagenhet-2rum-centralt-svedala-kommun-organistgatan-6-a-768050632693796657,59-60m²,bostadsratt,2026-04-16T20:38:28.291628
7965260228703313987,https://www.hemnet.se/salda/lagenhet-2rum-husensjo-helsingborgs-kommun-norrtaljegatan-8c-7965260228703313987,59-60m²,bostadsratt,2026-04-16T20:38:28.291630
1788044756181799425,https://www.hemnet.se/salda/lagenhet-2rum-centrum-lulea-kommun-radstugatan-15a-1788044756181799425,59-60m²,bostadsratt,2026-04-16T20:38:28.291632
8182607428579602386,"https://www.hemnet.se/salda/lagenhet-2,5rum-orta-sandvikens-kommun-polhemsgatan-17a-8182607428579602386",59-60m²,bostadsratt,2026-04-16T20:38:28.291634
3822740149886979957,https://www.hemnet.se/salda/lagenhet-2rum-norr-vaxjo-kommun-salgstigen-4c-3822740149886979957,59-60m²,bostadsratt,2026-04-16T20:38:28.291637
8013784930080621998,https://www.hemnet.se/salda/lagenhet-2rum-centralt-sandvikens-kommun-promenaden-13-8013784930080621998,59-60m²,bostadsratt,2026-04-16T20:38:28.291641
5703993276480374370,https://www.hemnet.se/salda/lagenhet-2rum-centralt-vast-pa-stan-sundsvalls-kommun-gronborgsgatan-1-b-5703993276480374370,59-60m²,bostadsratt,2026-04-16T20:38:28.291645
4035058691100674311,https://www.hemnet.se/salda/lagenhet-2rum-kungsholmen-norr-malarstrand-stockholms-kommun-pontonjargatan-8-4035058691100674311,59-60m²,bostadsratt,2026-04-16T20:38:28.291650
8742704876595559178,https://www.hemnet.se/salda/lagenhet-2rum-gardsten-goteborgs-kommun-kardemummaslingan-59-8742704876595559178,59-60m²,bostadsratt,2026-04-16T20:38:28.291653
2872807780541966707,https://www.hemnet.se/salda/lagenhet-2rum-eneby-norrkopings-kommun-reenstiernagatan-70-2872807780541966707,59-60m²,bostadsratt,2026-04-16T20:38:28.291657
3547503047502256590,https://www.hemnet.se/salda/lagenhet-2rum-maria-stockholms-kommun-bysistorget-8-3547503047502256590,59-60m²,bostadsratt,2026-04-16T20:38:28.291661
6370667336187215598,https://www.hemnet.se/salda/lagenhet-2rum-hagalund-borlange-kommun-hagavagen-38-6370667336187215598,59-60m²,bostadsratt,2026-04-16T20:38:28.291663
2295274834129322836,https://www.hemnet.se/salda/lagenhet-2rum-teg-umea-kommun-bryggargatan-43b-2295274834129322836,59-60m²,bostadsratt,2026-04-16T20:38:28.291668
262291507865958970,https://www.hemnet.se/salda/lagenhet-2rum-hammarby-sjostad-stockholms-kommun-lugnets-alle-61-262291507865958970,59-60m²,bostadsratt,2026-04-16T20:38:28.291672
4002420527108550099,https://www.hemnet.se/salda/lagenhet-2rum-brunnsang-sodertalje-kommun-elsarostigen-4-4002420527108550099,59-60m²,bostadsratt,2026-04-16T20:38:28.291677
859919632900701357,"https://www.hemnet.se/salda/lagenhet-2rum-hagernas-taby-kommun-radarvagen-14,-4tr-859919632900701357",59-60m²,bostadsratt,2026-04-16T20:38:28.291679
1637522105852482897,https://www.hemnet.se/salda/lagenhet-2rum-centrum-svedala-kommun-organistgatan-4b-1637522105852482897,59-60m²,bostadsratt,2026-04-16T20:38:28.291683
523038686555937465,https://www.hemnet.se/salda/lagenhet-2rum-solna-centrum-solna-kommun-klippgatan-12c-523038686555937465,59-60m²,bostadsratt,2026-04-16T20:38:28.291688
1825952934520716583,https://www.hemnet.se/salda/lagenhet-2rum-oregrund-osthammars-kommun-skolgatan-9c-1825952934520716583,59-60m²,bostadsratt,2026-04-16T20:38:28.291692
7788997423057325529,https://www.hemnet.se/salda/lagenhet-3rum-huddinge-huddinge-kommun-arrendatorsvagen-4a-7788997423057325529,59-60m²,bostadsratt,2026-04-16T20:38:28.291695
7709519744867279081,https://www.hemnet.se/salda/lagenhet-2rum-grindtorp-taby-kommun-kometvagen-19-7709519744867279081,59-60m²,bostadsratt,2026-04-16T20:38:28.291700
684631987430075103,https://www.hemnet.se/salda/lagenhet-2rum-landskrona-helgebroten-landskrona-kommun-enoch-thulins-vag-34a-684631987430075103,59-60m²,bostadsratt,2026-04-16T20:38:28.291704
1378829986987227374,https://www.hemnet.se/salda/lagenhet-2rum-ostra-sorgenfri-malmo-kommun-branteviksgatan-6b-1378829986987227374,59-60m²,bostadsratt,2026-04-16T20:38:28.291714
4723878357752421265,https://www.hemnet.se/salda/lagenhet-2rum-bromma-beckomberga-stockholms-kommun-ballstavagen-242a-4723878357752421265,59-60m²,bostadsratt,2026-04-16T20:38:28.291718
261187066952727879,https://www.hemnet.se/salda/lagenhet-2rum-centrala-filipstad-filipstads-kommun-bronellsgatan-3a-261187066952727879,59-60m²,bostadsratt,2026-04-16T20:38:28.291721
3144082929557858083,https://www.hemnet.se/salda/lagenhet-2rum-gnesta-gnesta-kommun-bryggargrand-5b-3144082929557858083,59-60m²,bostadsratt,2026-04-16T20:38:28.291726
7765941881903903907,https://www.hemnet.se/salda/lagenhet-2rum-stenkulla-nykopings-kommun-jupitervagen-4-7765941881903903907,59-60m²,bostadsratt,2026-04-16T20:38:28.291730
1163729986313535143,https://www.hemnet.se/salda/lagenhet-3rum-finnboda-hamn-nacka-kommun-finnboda-varvsvag-10b-1163729986313535143,59-60m²,bostadsratt,2026-04-16T20:38:28.291734
626631494547437967,https://www.hemnet.se/salda/lagenhet-2rum-tyreso-strand-tyreso-kommun-maria-sofias-vag-5-626631494547437967,59-60m²,bostadsratt,2026-04-16T20:38:28.291739
2242359135617321190,https://www.hemnet.se/salda/lagenhet-2rum-korsta-sundsvalls-kommun-tjadervagen-2d-2242359135617321190,59-60m²,bostadsratt,2026-04-16T20:38:28.291741
2460956999567187501,https://www.hemnet.se/salda/lagenhet-2rum-centrala-hisingen-goteborgs-kommun-virvelvindsgatan-20c-2460956999567187501,59-60m²,bostadsratt,2026-04-16T20:38:28.291745
590839350886334051,https://www.hemnet.se/salda/lagenhet-2rum-erikslust-malmo-kommun-erikslustvagen-36h-590839350886334051,59-60m²,bostadsratt,2026-04-16T20:38:28.291749
3255343291664456909,https://www.hemnet.se/salda/lagenhet-2rum-segevang-malmo-kommun-kronetorpsgatan-48c-3255343291664456909,59-60m²,bostadsratt,2026-04-16T20:38:28.291752
647402171123948943,https://www.hemnet.se/salda/lagenhet-2rum-herrhagen-karlstads-kommun-langgatan-27b-647402171123948943,59-60m²,bostadsratt,2026-04-16T20:38:28.291756
5064363591398565653,https://www.hemnet.se/salda/lagenhet-2rum-centralt-lunds-kommun-spolegatan-20b-5064363591398565653,59-60m²,bostadsratt,2026-04-16T20:38:28.291761
3949680795364175677,"https://www.hemnet.se/salda/lagenhet-3,5rum-vastra-orminge-nacka-kommun-ormingeringen-24a-3949680795364175677",59-60m²,bostadsratt,2026-04-16T20:38:28.291766
9041287085582783534,https://www.hemnet.se/salda/lagenhet-3rum-lund-lunds-kommun-lokforaregatan-1a-9041287085582783534,59-60m²,bostadsratt,2026-04-16T20:38:28.291770
6242156376166122865,https://www.hemnet.se/salda/lagenhet-2rum-enoch-thulins-vag-landskrona-kommun-enoch-thulins-vag-36b-6242156376166122865,59-60m²,bostadsratt,2026-04-16T20:38:28.291775
5703847059045880646,https://www.hemnet.se/salda/lagenhet-2rum-orkelljunga-orkelljunga-kommun-kungsvagen-3-a-5703847059045880646,59-60m²,bostadsratt,2026-04-16T20:38:28.291777
2790783632428527825,https://www.hemnet.se/salda/lagenhet-2rum-arsta-stockholms-kommun-sandfjardsgatan-33-2790783632428527825,59-60m²,bostadsratt,2026-04-16T20:38:28.291782
7547659889164267817,https://www.hemnet.se/salda/lagenhet-3rum-sodermalm-katarina-stockholms-kommun-kocksgatan-32-7547659889164267817,59-60m²,bostadsratt,2026-04-16T20:38:28.291786
5560102957988146294,https://www.hemnet.se/salda/lagenhet-2rum-kungsangen-upplands-bro-kommun-tallrisvagen-8-5560102957988146294,59-60m²,bostadsratt,2026-04-16T20:38:28.291790
3298737771295487998,https://www.hemnet.se/salda/lagenhet-2rum-sodermalm-katarina-sofia-stockholms-kommun-asogatan-172-3298737771295487998,59-60m²,bostadsratt,2026-04-16T20:38:28.291793
1174361143885005262,https://www.hemnet.se/salda/lagenhet-2rum-kungsholmen-stockholms-kommun-ulriksborgsgatan-16-1174361143885005262,59-60m²,bostadsratt,2026-04-16T20:38:28.291797
3495148804245045779,https://www.hemnet.se/salda/lagenhet-2rum-helenelund-sollentuna-kommun-akervagen-12-3495148804245045779,59-60m²,bostadsratt,2026-04-16T20:38:28.291800
3231160172263010797,https://www.hemnet.se/salda/lagenhet-2rum-gustavsberg-munkmora-varmdo-kommun-skyttevagen-2-3231160172263010797,59-60m²,bostadsratt,2026-04-16T20:38:28.291804
6206725320097509248,https://www.hemnet.se/salda/lagenhet-2rum-fanna-enkopings-kommun-ekenkallsgatan-12-6206725320097509248,59-60m²,bostadsratt,2026-04-16T20:38:28.291808
1548319831588847384,https://www.hemnet.se/salda/lagenhet-2rum-ravasen-karlskoga-kommun-hallanningsgatan-15b-1548319831588847384,59-60m²,bostadsratt,2026-04-16T20:38:28.291812
5511747436148457776,https://www.hemnet.se/salda/lagenhet-2rum-eriksberg-goteborgs-kommun-bratterasbacken-30-5511747436148457776,59-60m²,bostadsratt,2026-04-16T20:38:28.291820
3792557165997860326,https://www.hemnet.se/salda/lagenhet-2rum-stattena-helsingborgs-kommun-tagagatan-82-3792557165997860326,59-60m²,bostadsratt,2026-04-16T20:38:28.291824
4896713585901363759,https://www.hemnet.se/salda/lagenhet-2rum-haga-sundsvalls-kommun-tallrotsgatan-7-4896713585901363759,59-60m²,bostadsratt,2026-04-16T20:38:28.291829
5284431225948404486,https://www.hemnet.se/salda/lagenhet-2rum-salabacke-uppsala-kommun-apelgatan-5-b-5284431225948404486,59-60m²,bostadsratt,2026-04-16T20:38:28.291833
9159299359790808551,https://www.hemnet.se/salda/lagenhet-2rum-nas-vimmerby-vimmerby-kommun-furugatan-13a-9159299359790808551,59-60m²,bostadsratt,2026-04-16T20:38:28.291837
4750335952704678695,"https://www.hemnet.se/salda/lagenhet-3rum-arsta-stockholms-kommun-skagersvagen-7,-2tr-4750335952704678695",59-60m²,bostadsratt,2026-04-16T20:38:28.291840
7035444434917311007,https://www.hemnet.se/salda/lagenhet-2rum-molndal-innerstaden-molndals-kommun-broslattsgatan-29-7035444434917311007,59-60m²,bostadsratt,2026-04-16T20:38:28.291844
9030528884826209205,https://www.hemnet.se/salda/lagenhet-2rum-soderkulla-malmo-kommun-sodra-gulsparvsgatan-54-9030528884826209205,59-60m²,bostadsratt,2026-04-16T20:38:28.291849
7336643925087042471,https://www.hemnet.se/salda/lagenhet-3rum-skafto-lysekils-kommun-svens-vag-7c-7336643925087042471,59-60m²,bostadsratt,2026-04-16T20:38:28.291853
3668479913982871784,https://www.hemnet.se/salda/lagenhet-2rum-tuna-lunds-kommun-scheelevagen-3h-3668479913982871784,59-60m²,bostadsratt,2026-04-16T20:38:28.291855
6736309196149935781,https://www.hemnet.se/salda/lagenhet-2rum-sallyhill-sundsvalls-kommun-kullagergatan-4a-6736309196149935781,59-60m²,bostadsratt,2026-04-16T20:38:28.291860
7525013177560683311,https://www.hemnet.se/salda/lagenhet-2rum-sodermalm-stockholms-kommun-hornsgatan-158b-7525013177560683311,59-60m²,bostadsratt,2026-04-16T20:38:28.291864
5390412728063105944,https://www.hemnet.se/salda/lagenhet-2rum-sodra-skogen-karlsborgs-kommun-skogvaktaregatan-30-5390412728063105944,59-60m²,bostadsratt,2026-04-16T20:38:28.291868
8874757991789339179,https://www.hemnet.se/salda/lagenhet-2rum-centrala-tyreso-tyreso-kommun-stadsparken-6-8874757991789339179,59-60m²,bostadsratt,2026-04-16T20:38:28.291871
3028745428796937411,https://www.hemnet.se/salda/lagenhet-2rum-ostanas-kopings-kommun-hagavagen-8d-3028745428796937411,59-60m²,bostadsratt,2026-04-16T20:38:28.291875
8523173953784026533,https://www.hemnet.se/salda/lagenhet-2rum-sankt-ilian-enkopings-kommun-langgatan-8a-8523173953784026533,59-60m²,bostadsratt,2026-04-16T20:38:28.291879
5291108751078456810,https://www.hemnet.se/salda/lagenhet-2rum-saltsjobaden-nacka-kommun-karl-gerhards-vag-23a-5291108751078456810,59-60m²,bostadsratt,2026-04-16T20:38:28.291881
3173182272237258706,https://www.hemnet.se/salda/lagenhet-2rum-centrum-vaxjo-kommun-liedbergsgatan-37d-3173182272237258706,59-60m²,bostadsratt,2026-04-16T20:38:28.291886
8316477398517526668,https://www.hemnet.se/salda/lagenhet-2rum-luthagen-uppsala-kommun-geijersgatan-23a-8316477398517526668,59-60m²,bostadsratt,2026-04-16T20:38:28.291890
1398747883649261563,https://www.hemnet.se/salda/lagenhet-2rum-hisings-backa-goteborgs-kommun-ovralidsgatan-15-1398747883649261563,59-60m²,bostadsratt,2026-04-16T20:38:28.291894
855863233374036639,https://www.hemnet.se/salda/lagenhet-2rum-kasta-huddinge-kommun-kavlevagen-105-855863233374036639,59-60m²,bostadsratt,2026-04-16T20:38:28.291897
5469710795190436682,https://www.hemnet.se/salda/lagenhet-2rum-bor-varnamo-kommun-milstensvagen-41-5469710795190436682,59-60m²,bostadsratt,2026-04-16T20:38:28.291901
9004112379320384293,https://www.hemnet.se/salda/lagenhet-2rum-slottsstaden-erikslust-malmo-kommun-kopenhamnsvagen-41b-9004112379320384293,59-60m²,bostadsratt,2026-04-16T20:38:28.291906
8295340283111985980,https://www.hemnet.se/salda/lagenhet-2rum-gula-hoja-malmo-kommun-vastra-skravlingevagen-209-8295340283111985980,59-60m²,bostadsratt,2026-04-16T20:38:28.291910
2540061364156985992,"https://www.hemnet.se/salda/lagenhet-3rum-alvsjo-orby-stockholms-kommun-bettnavagen-50,-2-tr-2540061364156985992",59-60m²,bostadsratt,2026-04-16T20:38:28.291913
4510004349672365141,"https://www.hemnet.se/salda/lagenhet-3rum-hasselby-stockholms-kommun-hundlokegrand-18,-6-tr-4510004349672365141",59-60m²,bostadsratt,2026-04-16T20:38:28.291922
3210061288124468397,https://www.hemnet.se/salda/lagenhet-2rum-staffanstorp-staffanstorps-kommun-kastanjevagen-17-c-3210061288124468397,59-60m²,bostadsratt,2026-04-16T20:38:28.291926
8531827999141985034,https://www.hemnet.se/salda/lagenhet-2rum-enebyberg-danderyds-kommun-enebytorg-7a-8531827999141985034,59-60m²,bostadsratt,2026-04-16T20:38:28.291931
1216642266162809484,https://www.hemnet.se/salda/lagenhet-2rum-hunnemara-karlshamns-kommun-hunnemaravagen-31-1216642266162809484,59-60m²,bostadsratt,2026-04-16T20:38:28.291933
75286926175309520,"https://www.hemnet.se/salda/lagenhet-3rum-sodermalm-katarina-sofia-stockholms-kommun-sodermannagatan-64,-3tr-75286926175309520",59-60m²,bostadsratt,2026-04-16T20:38:28.291937
3274954906209388011,https://www.hemnet.se/salda/lagenhet-3rum-tannefors-linkopings-kommun-stallgatan-11a-3274954906209388011,59-60m²,bostadsratt,2026-04-16T20:38:28.291941
3755885839570884708,https://www.hemnet.se/salda/lagenhet-2rum-jakobsberg-jarfalla-kommun-manadsvagen-25-3755885839570884708,59-60m²,bostadsratt,2026-04-16T20:38:28.291944
3353090220391379474,"https://www.hemnet.se/salda/lagenhet-2rum-grindtorp-taby-kommun-kometvagen-17,-11tr-3353090220391379474",59-60m²,bostadsratt,2026-04-16T20:38:28.291948
12588301364483327,https://www.hemnet.se/salda/lagenhet-2rum-odensvi-vasteras-kommun-kumlagatan-11b-12588301364483327,59-60m²,bostadsratt,2026-04-16T20:38:28.291952
8266703208665749735,https://www.hemnet.se/salda/lagenhet-2rum-almedal-goteborgs-kommun-drivhusgatan-17b-8266703208665749735,59-60m²,bostadsratt,2026-04-16T20:38:28.291957
7099581995459388008,https://www.hemnet.se/salda/lagenhet-3rum-hasselby-lovsta-alle-stockholms-kommun-hundlokegrand-18-7099581995459388008,59-60m²,bostadsratt,2026-04-16T20:38:28.291959
2342755058279490755,https://www.hemnet.se/salda/lagenhet-2rum-vaster-lunds-kommun-vildgasvagen-25a-2342755058279490755,59-60m²,bostadsratt,2026-04-16T20:38:28.291963
2734253961468434261,https://www.hemnet.se/salda/lagenhet-2rum-flatas-goteborgs-kommun-verktumsgatan-4-2734253961468434261,59-60m²,bostadsratt,2026-04-16T20:38:28.291968
7820515019432762347,https://www.hemnet.se/salda/lagenhet-3rum-rasunda-solna-kommun-hasselstigen-4-7820515019432762347,59-60m²,bostadsratt,2026-04-16T20:38:28.291970
631498613883938708,"https://www.hemnet.se/salda/lagenhet-2rum-sodermalm-stockholms-kommun-folkungagatan-91,-5-tr-631498613883938708",59-60m²,bostadsratt,2026-04-16T20:38:28.291972
7640292889373465551,https://www.hemnet.se/salda/lagenhet-2rum-ornaset-lulea-kommun-hallbruksgatan-21-7640292889373465551,59-60m²,bostadsratt,2026-04-16T20:38:28.291974
2343340453172059295,"https://www.hemnet.se/salda/lagenhet-2rum-kungsholmen-stockholms-kommun-lindhagensterrassen-27,-15-tr-2343340453172059295",59-60m²,bostadsratt,2026-04-16T20:38:28.291977
6539187985809119666,https://www.hemnet.se/salda/lagenhet-3rum-sodermalm-katarina-stockholms-kommun-hokens-gata-1-6539187985809119666,59-60m²,bostadsratt,2026-04-16T20:38:28.291979
8935771271095645045,https://www.hemnet.se/salda/lagenhet-2rum-dragonfaltet-umea-kommun-olof-palmes-gata-53-8935771271095645045,59-60m²,bostadsratt,2026-04-16T20:38:28.291981
4334236631608029079,https://www.hemnet.se/salda/lagenhet-2rum-centrala-huddinge-huddinge-kommun-edsvagen-7-4334236631608029079,59-60m²,bostadsratt,2026-04-16T20:38:28.291983
5849427480304593701,https://www.hemnet.se/salda/lagenhet-2rum-soder-eskilstuna-kommun-sodra-bangardsgatan-30a-5849427480304593701,59-60m²,bostadsratt,2026-04-16T20:38:28.291986
7025639585887936433,https://www.hemnet.se/salda/lagenhet-2rum-gamla-filmstaden-solna-kommun-mauritz-stillers-vag-3-7025639585887936433,59-60m²,bostadsratt,2026-04-16T20:38:28.291988
8594159175857598853,https://www.hemnet.se/salda/lagenhet-2rum-viggbyholm-taby-kommun-vartavagen-84-8594159175857598853,59-60m²,bostadsratt,2026-04-16T20:38:28.291990
3391361662079513727,https://www.hemnet.se/salda/lagenhet-2rum-linne-goteborgs-kommun-fjarde-langgatan-45-3391361662079513727,59-60m²,bostadsratt,2026-04-16T20:38:28.291992
4220576074463358995,https://www.hemnet.se/salda/lagenhet-2rum-sodermalm-hogalid-stockholms-kommun-heleneborgsgatan-8a-4220576074463358995,59-60m²,bostadsratt,2026-04-16T20:38:28.291994
7354321434234319938,https://www.hemnet.se/salda/lagenhet-2rum-haga-sundsvalls-kommun-skonsbergsvagen-27a-7354321434234319938,59-60m²,bostadsratt,2026-04-16T20:38:28.291996
1399029616955096138,https://www.hemnet.se/salda/lagenhet-2rum-kungsholmen-lindhagen-stockholms-kommun-lindhagensterrassen-9-1399029616955096138,59-60m²,bostadsratt,2026-04-16T20:38:28.292028
3062675822193580840,https://www.hemnet.se/salda/lagenhet-2rum-oster-halmstads-kommun-slattervagen-4b-3062675822193580840,59-60m²,bostadsratt,2026-04-16T20:38:28.292030
5177488977154020080,https://www.hemnet.se/salda/lagenhet-3rum-vastra-orminge-nacka-kommun-ormingeringen-46b-5177488977154020080,59-60m²,bostadsratt,2026-04-16T20:38:28.292035
1235434588038656731,"https://www.hemnet.se/salda/lagenhet-2rum-kungsholmen-stockholms-kommun-sankt-eriksgatan-52,-vindsvaning-1235434588038656731",59-60m²,bostadsratt,2026-04-16T20:38:28.292039
7694085386790393017,https://www.hemnet.se/salda/lagenhet-2rum-erikslust-malmo-kommun-torupsgatan-1c-7694085386790393017,59-60m²,bostadsratt,2026-04-16T20:38:28.292044
7702868429484222734,https://www.hemnet.se/salda/lagenhet-2rum-kallinge-ronneby-kommun-slattagardsvagen-4-7702868429484222734,59-60m²,bostadsratt,2026-04-16T20:38:28.292046
5180262420572462562,https://www.hemnet.se/salda/lagenhet-2rum-vasterhaninge-aby-haninge-kommun-abylundsvagen-229-5180262420572462562,59-60m²,bostadsratt,2026-04-16T20:38:28.292051
3451342192933739907,https://www.hemnet.se/salda/lagenhet-2rum-abylund-haninge-kommun-kvartarvagen-235-3451342192933739907,59-60m²,bostadsratt,2026-04-16T20:38:28.292055
2572618964722954441,https://www.hemnet.se/salda/lagenhet-2rum-kungsholmen-stockholms-kommun-norra-agnegatan-40-2572618964722954441,59-60m²,bostadsratt,2026-04-16T20:38:28.292060
6436026790920000703,https://www.hemnet.se/salda/lagenhet-2rum-ulvhall-strangnas-kommun-finningevagen-5b-6436026790920000703,59-60m²,bostadsratt,2026-04-16T20:38:28.292062
6353857470906336621,https://www.hemnet.se/salda/lagenhet-2rum-rosengard-apelgarden-malmo-kommun-sjoblads-vag-1-6353857470906336621,59-60m²,bostadsratt,2026-04-16T20:38:28.292067
4770819766987931650,"https://www.hemnet.se/salda/lagenhet-3rum-vasastan-norrmalm-stockholms-kommun-luntmakargatan-85,-3-tr-4770819766987931650",59-60m²,bostadsratt,2026-04-16T20:38:28.292071
8397141907772796212,https://www.hemnet.se/salda/lagenhet-2rum-ostermalm-stockholms-kommun-grevgatan-49-8397141907772796212,59-60m²,bostadsratt,2026-04-16T20:38:28.292076
6655021375367878922,https://www.hemnet.se/salda/lagenhet-2rum-borgmastaregarden-malmo-kommun-albinsrogatan-47-6655021375367878922,59-60m²,bostadsratt,2026-04-16T20:38:28.292078
241231375154777820,https://www.hemnet.se/salda/lagenhet-2rum-centrum-lulea-kommun-sodra-kungsgatan-10-241231375154777820,59-60m²,bostadsratt,2026-04-16T20:38:28.292083
67225107616844438,https://www.hemnet.se/salda/lagenhet-2rum-kallhall-jarfalla-kommun-kopparvagen-57-67225107616844438,59-60m²,bostadsratt,2026-04-16T20:38:28.292087
7238027833330029332,https://www.hemnet.se/salda/lagenhet-2rum-bollnas-bollnas-kommun-brogatan-5-7238027833330029332,59-60m²,bostadsratt,2026-04-16T20:38:28.292091
1208607640065964423,https://www.hemnet.se/salda/lagenhet-2rum-enoch-thulins-vag-landskrona-kommun-enoch-thulins-vag-30-c-1208607640065964423,59-60m²,bostadsratt,2026-04-16T20:38:28.292094
1159233283937242736,https://www.hemnet.se/salda/lagenhet-2rum-bredvik-vaxjo-kommun-hogovagen-14e-1159233283937242736,59-60m²,bostadsratt,2026-04-16T20:38:28.292098
3736018599918616249,https://www.hemnet.se/salda/lagenhet-2rum-barrsatra-sandvikens-kommun-promenaden-7-3736018599918616249,59-60m²,bostadsratt,2026-04-16T20:38:28.292103
6619813746050974978,https://www.hemnet.se/salda/lagenhet-2rum-grangesberg-ludvika-kommun-furuvagen-3-b-lgh-1203-6619813746050974978,59-60m²,bostadsratt,2026-04-16T20:38:28.292107
5007879127299584377,https://www.hemnet.se/salda/lagenhet-2rum-farsta-stockholms-kommun-boforsgatan-7-5007879127299584377,59-60m²,bostadsratt,2026-04-16T20:38:28.292109
2932018221638335731,https://www.hemnet.se/salda/lagenhet-2rum-angelholm-centrum-angelholms-kommun-bruksgatan-5c-2932018221638335731,59-60m²,bostadsratt,2026-04-16T20:38:28.292114
4294594692728422836,https://www.hemnet.se/salda/lagenhet-2rum-centrala-sundbyberg-sundbybergs-kommun-ursviksvagen-8-4294594692728422836,59-60m²,bostadsratt,2026-04-16T20:38:28.292118
393803458743214583,https://www.hemnet.se/salda/lagenhet-3rum-lund-centrum-lunds-kommun-gullregnsvagen-131d-393803458743214583,59-60m²,bostadsratt,2026-04-16T20:38:28.292123
5395506239971796680,"https://www.hemnet.se/salda/lagenhet-3rum-fredhall-stockholms-kommun-palmbladsvagen-2,-2tr-5395506239971796680",59-60m²,bostadsratt,2026-04-16T20:38:28.292130
1229348785679432109,https://www.hemnet.se/salda/lagenhet-2rum-gula-hoja-malmo-kommun-vastra-skravlingevagen-122-1229348785679432109,59-60m²,bostadsratt,2026-04-16T20:38:28.292135
4025376214401838785,"https://www.hemnet.se/salda/lagenhet-3rum-hammarbyhojden,-johanneshov-stockholms-kommun-bjornstahlsgatan-8-4025376214401838785",59-60m²,bostadsratt,2026-04-16T20:38:28.292139
2578563123468595515,https://www.hemnet.se/salda/lagenhet-2rum-vasastan-sibirien-stockholms-kommun-tulegatan-43-2578563123468595515,59-60m²,bostadsratt,2026-04-16T20:38:28.292144
5949578691404653590,"https://www.hemnet.se/salda/lagenhet-2rum-ostermalm-gardet-stockholms-kommun-oregrundsgatan-18,-8-tr-5949578691404653590",59-60m²,bostadsratt,2026-04-16T20:38:28.292148
6649654662293581827,https://www.hemnet.se/salda/lagenhet-2rum-svartbacken-uppsala-kommun-svartbacksgatan-78a-6649654662293581827,59-60m²,bostadsratt,2026-04-16T20:38:28.292151
3710173869104432614,https://www.hemnet.se/salda/lagenhet-2rum-skiljebo-vasteras-kommun-sevallagatan-3-3710173869104432614,59-60m²,bostadsratt,2026-04-16T20:38:28.292155
621325726260579324,https://www.hemnet.se/salda/lagenhet-2rum-dammfri-malmo-kommun-ribevagen-20a-621325726260579324,59-60m²,bostadsratt,2026-04-16T20:38:28.292159
1860420100858542476,https://www.hemnet.se/salda/lagenhet-2rum-ruddalen-goteborgs-kommun-fagottgatan-8-1860420100858542476,59-60m²,bostadsratt,2026-04-16T20:38:28.292163
5297620429898774820,https://www.hemnet.se/salda/lagenhet-2rum-centalt-strangnas-kommun-stabsvagen-14-5297620429898774820,59-60m²,bostadsratt,2026-04-16T20:38:28.292166
1967383450446960354,https://www.hemnet.se/salda/lagenhet-2rum-gustavsberg-varmdo-kommun-stig-lindbergs-gata-8-1967383450446960354,59-60m²,bostadsratt,2026-04-16T20:38:28.292168
3839886081897225847,https://www.hemnet.se/salda/lagenhet-2rum-vasterhaninge-haninge-kommun-kvartarvagen-157-3839886081897225847,59-60m²,bostadsratt,2026-04-16T20:38:28.292171
3712689827219375644,https://www.hemnet.se/salda/lagenhet-2rum-tuna-lunds-kommun-scheelevagen-3f-3712689827219375644,59-60m²,bostadsratt,2026-04-16T20:38:28.292173
4669030111905044624,https://www.hemnet.se/salda/lagenhet-2rum-tidaholm-tidaholms-kommun-sodra-ringvagen-6a-4669030111905044624,59-60m²,bostadsratt,2026-04-16T20:38:28.292176
6310526255936291610,"https://www.hemnet.se/salda/lagenhet-2,5rum-nobeltorget-malmo-kommun-brobygatan-1a-6310526255936291610",59-60m²,bostadsratt,2026-04-16T20:38:28.292178
1236286709073084039,https://www.hemnet.se/salda/lagenhet-2rum-industristaden-uppsala-kommun-kungsgatan-93d-1236286709073084039,59-60m²,bostadsratt,2026-04-16T20:38:28.292183
397380650480028116,https://www.hemnet.se/salda/lagenhet-3rum-smedby-upplands-vasby-kommun-sadelgatan-177-397380650480028116,59-60m²,bostadsratt,2026-04-16T20:38:28.292185
3972583652041679420,https://www.hemnet.se/salda/lagenhet-3rum-blasbo-vasteras-kommun-apalbyvagen-6-3972583652041679420,59-60m²,bostadsratt,2026-04-16T20:38:28.292190
232410541457434395,https://www.hemnet.se/salda/lagenhet-3rum-centrala-sundbyberg-sundbybergs-kommun-rastensgatan-6-232410541457434395,59-60m²,bostadsratt,2026-04-16T20:38:28.292194
5896871929664620353,https://www.hemnet.se/salda/lagenhet-2rum-norra-guldheden-goteborgs-kommun-kallsprangsgatan-3-5896871929664620353,59-60m²,bostadsratt,2026-04-16T20:38:28.292196
7233002109936870015,https://www.hemnet.se/salda/lagenhet-2rum-centralt-oster-halmstads-kommun-hemmansvagen-4-7233002109936870015,59-60m²,bostadsratt,2026-04-16T20:38:28.292201
868178281399683359,https://www.hemnet.se/salda/lagenhet-2rum-orta-sandvikens-kommun-tulegatan-22a-868178281399683359,59-60m²,bostadsratt,2026-04-16T20:38:28.292205
1341120301228280776,https://www.hemnet.se/salda/lagenhet-3rum-bollmora-tyreso-kommun-bollmoravagen-100-1341120301228280776,59-60m²,bostadsratt,2026-04-16T20:38:28.292209
4704043823122136201,https://www.hemnet.se/salda/lagenhet-2rum-naset-lidingo-kommun-kallangsvagen-53-4704043823122136201,59-60m²,bostadsratt,2026-04-16T20:38:28.292212
5313996530769300799,https://www.hemnet.se/salda/lagenhet-2rum-slussen-malmo-kommun-slussgatan-12c-5313996530769300799,59-60m²,bostadsratt,2026-04-16T20:38:28.292216
6555738946936159547,https://www.hemnet.se/salda/lagenhet-2rum-edvinshem-ystads-kommun-repslagaregatan-18b-6555738946936159547,59-60m²,bostadsratt,2026-04-16T20:38:28.292220
4607452815968493126,https://www.hemnet.se/salda/lagenhet-2rum-surte-ale-kommun-cykelgrand-3a-4607452815968493126,59-60m²,bostadsratt,2026-04-16T20:38:28.292230
6238606117265510212,https://www.hemnet.se/salda/lagenhet-2rum-miatorp-helsingborgs-kommun-miatorpsgatan-24-6238606117265510212,59-60m²,bostadsratt,2026-04-16T20:38:28.292233
6882598245837692876,"https://www.hemnet.se/salda/lagenhet-2rum-ostermalm-stockholms-kommun-nybrogatan-38a,-1-tr-og-6882598245837692876",59-60m²,bostadsratt,2026-04-16T20:38:28.292237
3485684044719306578,https://www.hemnet.se/salda/lagenhet-2rum-vallingby-stockholms-kommun-rabattvagen-42-3485684044719306578,59-60m²,bostadsratt,2026-04-16T20:38:28.292242
478054799987253647,"https://www.hemnet.se/salda/lagenhet-2rum-saltsjobaden-neglinge-nacka-kommun-sturevagen-1c,-1tr-478054799987253647",59-60m²,bostadsratt,2026-04-16T20:38:28.292244
1917183579360499680,https://www.hemnet.se/salda/lagenhet-2rum-slottsstaden-erikslust-malmo-kommun-kopenhamnsvagen-49c-1917183579360499680,59-60m²,bostadsratt,2026-04-16T20:38:28.292248
2267669442274727600,"https://www.hemnet.se/salda/lagenhet-2rum-telefonplan-midsommarkransen-stockholms-kommun-lm-ericssons-vag-2,-van-2-2267669442274727600",59-60m²,bostadsratt,2026-04-16T20:38:28.292253
717048992368493285,https://www.hemnet.se/salda/lagenhet-2rum-herrhagen-karlstads-kommun-olovsgatan-6b-717048992368493285,59-60m²,bostadsratt,2026-04-16T20:38:28.292258
1695722669705514096,https://www.hemnet.se/salda/lagenhet-2rum-centrum-bodens-kommun-brogatan-35-1695722669705514096,59-60m²,bostadsratt,2026-04-16T20:38:28.292260
7563423680053122108,https://www.hemnet.se/salda/lagenhet-2rum-tunabackar-uppsala-kommun-vapnargatan-7-c-7563423680053122108,59-60m²,bostadsratt,2026-04-16T20:38:28.292264
1982161109353546298,https://www.hemnet.se/salda/lagenhet-2rum-ahus-kristianstads-kommun-ronnowsgatan-10b-1982161109353546298,59-60m²,bostadsratt,2026-04-16T20:38:28.292269
2307150741916241365,https://www.hemnet.se/salda/lagenhet-2rum-sundsta-karlstads-kommun-drottning-kristinas-vag-6-b-2307150741916241365,59-60m²,bostadsratt,2026-04-16T20:38:28.292273
1960232437146972273,https://www.hemnet.se/salda/lagenhet-2rum-sorgenfri-malmo-kommun-spanehusvagen-62e-1960232437146972273,59-60m²,bostadsratt,2026-04-16T20:38:28.292276
1247062915895987752,"https://www.hemnet.se/salda/lagenhet-2rum-farsta-stockholms-kommun-filipstadsbacken-70,-3-tr-1247062915895987752",59-60m²,bostadsratt,2026-04-16T20:38:28.292280
6168684305732025895,https://www.hemnet.se/salda/lagenhet-2rum-orta-sandvikens-kommun-polhemsgatan-9a-6168684305732025895,59-60m²,bostadsratt,2026-04-16T20:38:28.292285
2701560137844270260,https://www.hemnet.se/salda/lagenhet-2rum-sodermalm-sofia-stockholms-kommun-katarina-bangata-50-2701560137844270260,59-60m²,bostadsratt,2026-04-16T20:38:28.292289
7714029225793267267,https://www.hemnet.se/salda/lagenhet-2rum-knutby-uppsala-kommun-knutbyvagen-13a-7714029225793267267,59-60m²,bostadsratt,2026-04-16T20:38:28.292292
5674510863731243095,"https://www.hemnet.se/salda/lagenhet-2rum-liljeholmen-stockholms-kommun-nybohovsbacken-81,-van-3-5674510863731243095",59-60m²,bostadsratt,2026-04-16T20:38:28.292296
5011846909876023444,https://www.hemnet.se/salda/lagenhet-2rum-bjorneborg-kristinehamns-kommun-parbovagen-5-5011846909876023444,59-60m²,bostadsratt,2026-04-16T20:38:28.292301
4906966571633649839,https://www.hemnet.se/salda/lagenhet-3rum-centrum-enkopings-kommun-torggatan-16a-lgh-1303-4906966571633649839,59-60m²,bostadsratt,2026-04-16T20:38:28.292305
3853307762046254708,https://www.hemnet.se/salda/lagenhet-2rum-bjorkekarr-goteborgs-kommun-traringen-62-3853307762046254708,59-60m²,bostadsratt,2026-04-16T20:38:28.292308
2119639957043591300,https://www.hemnet.se/salda/lagenhet-2rum-almvik-malmo-kommun-tenorgatan-10-2119639957043591300,59-60m²,bostadsratt,2026-04-16T20:38:28.292312
1388238368431920024,https://www.hemnet.se/salda/lagenhet-2rum-kasta-huddinge-kommun-kavlevagen-141-1388238368431920024,59-60m²,bostadsratt,2026-04-16T20:38:28.292316
5396960406180688466,https://www.hemnet.se/salda/lagenhet-2rum-landskrona-landskrona-kommun-enoch-thulins-vag-30a-5396960406180688466,59-60m²,bostadsratt,2026-04-16T20:38:28.292321
6109738009701841531,https://www.hemnet.se/salda/lagenhet-2rum-luthagen-rickomberga-uppsala-kommun-norrlandsgatan-38d-6109738009701841531,59-60m²,bostadsratt,2026-04-16T20:38:28.292335
8712690136060870850,https://www.hemnet.se/salda/lagenhet-2rum-fagelbacken-malmo-kommun-edward-lindahlsgatan-20c-8712690136060870850,59-60m²,bostadsratt,2026-04-16T20:38:28.292343
6634388628772554103,https://www.hemnet.se/salda/lagenhet-2rum-seau-helsingborgs-kommun-brogatan-3-6634388628772554103,59-60m²,bostadsratt,2026-04-16T20:38:28.292348
504685897579748076,https://www.hemnet.se/salda/lagenhet-2rum-ostra-sorgenfri-malmo-kommun-branteviksgatan-14a-504685897579748076,59-60m²,bostadsratt,2026-04-16T20:38:28.292352
6877928063872815918,https://www.hemnet.se/salda/lagenhet-2rum-centralt-solvesborgs-kommun-nygatan-33-6877928063872815918,59-60m²,bostadsratt,2026-04-16T20:38:28.292356
2139005008748475585,https://www.hemnet.se/salda/lagenhet-2rum-svartostaden-lulea-kommun-laxgatan-25c-2139005008748475585,59-60m²,bostadsratt,2026-04-16T20:38:28.292359
8441225192184205824,https://www.hemnet.se/salda/lagenhet-2rum-tannefors-linkopings-kommun-hastskogatan-13e-8441225192184205824,59-60m²,bostadsratt,2026-04-16T20:38:28.292364
1763681289216690177,https://www.hemnet.se/salda/lagenhet-2rum-slottsstaden-malmo-kommun-kopenhamnsvagen-42b-1763681289216690177,59-60m²,bostadsratt,2026-04-16T20:38:28.292368
3973865128479535500,https://www.hemnet.se/salda/lagenhet-2rum-arsta-stockholms-kommun-skattungsvagen-6-3973865128479535500,59-60m²,bostadsratt,2026-04-16T20:38:28.292370
3069717539374700438,https://www.hemnet.se/salda/lagenhet-2rum-rorsjostaden-malmo-kommun-bertrandsgatan-2c-3069717539374700438,59-60m²,bostadsratt,2026-04-16T20:38:28.292372
7527983673208532726,"https://www.hemnet.se/salda/lagenhet-2,5rum-majorna-goteborgs-kommun-kommendorsgatan-12a-7527983673208532726",59-60m²,bostadsratt,2026-04-16T20:38:28.292374
5364916796184925404,https://www.hemnet.se/salda/lagenhet-2rum-hoganas-uppsala-kommun-torkelsgatan-38d-5364916796184925404,59-60m²,bostadsratt,2026-04-16T20:38:28.292377
491562266456637543,"https://www.hemnet.se/salda/lagenhet-2rum-vasastan-stockholms-kommun-roslagsgatan-29,-3tr-491562266456637543",59-60m²,bostadsratt,2026-04-16T20:38:28.292379
3295462615724770646,https://www.hemnet.se/salda/lagenhet-2rum-grossgardet-norrtalje-kommun-gotgatan-8-a-3295462615724770646,59-60m²,bostadsratt,2026-04-16T20:38:28.292381
4581025613477549543,https://www.hemnet.se/salda/lagenhet-2rum-vaxnas-karlstads-kommun-sydvarnsgatan-5-b-4581025613477549543,59-60m²,bostadsratt,2026-04-16T20:38:28.292383
2929101424716746662,https://www.hemnet.se/salda/lagenhet-2rum-arvika-arvika-kommun-borggatan-21b-2929101424716746662,59-60m²,bostadsratt,2026-04-16T20:38:28.292385
1794948449730062971,https://www.hemnet.se/salda/lagenhet-2rum-limhamn-malmo-kommun-gronalundsgatan-13a-1794948449730062971,59-60m²,bostadsratt,2026-04-16T20:38:28.292387
7119853825869791991,https://www.hemnet.se/salda/lagenhet-2rum-gula-hoja-malmo-kommun-vastra-skravlingevagen-108-7119853825869791991,59-60m²,bostadsratt,2026-04-16T20:38:28.292389
3295754157503006564,https://www.hemnet.se/salda/lagenhet-2rum-telefonplan-midsommarkransen-stockholms-kommun-backvagen-42-3295754157503006564,59-60m²,bostadsratt,2026-04-16T20:38:28.292391
8875665153587137579,https://www.hemnet.se/salda/lagenhet-2rum-oster-hogskolan-halmstads-kommun-slattervagen-4a-8875665153587137579,59-60m²,bostadsratt,2026-04-16T20:38:28.292393
1681084307667191832,"https://www.hemnet.se/salda/lagenhet-4rum-stoten,-salen-malung-salens-kommun-nedre-nordklint-6f-1681084307667191832",59-60m²,bostadsratt,2026-04-16T20:38:28.292395
1369980980062457655,https://www.hemnet.se/salda/lagenhet-2rum-centrala-sundbyberg-sundbybergs-kommun-vintergatan-2-1369980980062457655,59-60m²,bostadsratt,2026-04-16T20:38:28.292397
5978898023139030442,"https://www.hemnet.se/salda/lagenhet-2rum-aspudden-stockholms-kommun-torsten-alms-gata-7,-van-2-av-3-5978898023139030442",59-60m²,bostadsratt,2026-04-16T20:38:28.292400
5233841888122658244,https://www.hemnet.se/salda/lagenhet-2rum-torshalla-eskilstuna-kommun-julingatan-6d-5233841888122658244,59-60m²,bostadsratt,2026-04-16T20:38:28.292402
7737242836115738736,"https://www.hemnet.se/salda/lagenhet-2rum-kungsholmen-stockholms-kommun-kungsgatan-90,-5tr-7737242836115738736",59-60m²,bostadsratt,2026-04-16T20:38:28.292406
2253822723468010167,https://www.hemnet.se/salda/lagenhet-2rum-malmaberg-vasteras-kommun-kumlagatan-11c-2253822723468010167,59-60m²,bostadsratt,2026-04-16T20:38:28.292409
1452246445845308111,https://www.hemnet.se/salda/lagenhet-2rum-sorbyangen-orebro-kommun-peppargatan-13-1452246445845308111,59-60m²,bostadsratt,2026-04-16T20:38:28.292413
7452196195463522993,https://www.hemnet.se/salda/lagenhet-2rum-sodertalje-sodertalje-kommun-vikingavagen-1a-7452196195463522993,59-60m²,bostadsratt,2026-04-16T20:38:28.292422
7541665026776892562,https://www.hemnet.se/salda/lagenhet-2rum-galjevangen-lunds-kommun-lagerbrings-vag-7e-7541665026776892562,59-60m²,bostadsratt,2026-04-16T20:38:28.292425
531422974129765574,https://www.hemnet.se/salda/lagenhet-2rum-skarphagen-norrkopings-kommun-klingagatan-2-531422974129765574,59-60m²,bostadsratt,2026-04-16T20:38:28.292430
8206194476802494030,https://www.hemnet.se/salda/lagenhet-2rum-sofiaparken-lunds-kommun-sofiaparken-5e-8206194476802494030,59-60m²,bostadsratt,2026-04-16T20:38:28.292434
622232793146487549,"https://www.hemnet.se/salda/lagenhet-2rum-bromma-blackeberg-stockholms-kommun-bjornsonsgatan-130,-2-tr,-622232793146487549",59-60m²,bostadsratt,2026-04-16T20:38:28.292439
6702001900368710193,"https://www.hemnet.se/salda/lagenhet-2rum-sodermalm-stockholms-kommun-sodermannagatan-34,-van-3-6702001900368710193",59-60m²,bostadsratt,2026-04-16T20:38:28.292442
5498256645110806613,https://www.hemnet.se/salda/lagenhet-2rum-solna-centrum-solna-kommun-skytteholmsvagen-5b-5498256645110806613,59-60m²,bostadsratt,2026-04-16T20:38:28.292446
4978265162266172312,https://www.hemnet.se/salda/lagenhet-2rum-sundsvall-korsta-sundsvalls-kommun-tjadervagen-2e-4978265162266172312,59-60m²,bostadsratt,2026-04-16T20:38:28.292451
6087358987371901122,https://www.hemnet.se/salda/lagenhet-2rum-odensvi-vasteras-kommun-kumlagatan-1a-6087358987371901122,59-60m²,bostadsratt,2026-04-16T20:38:28.292455
2154986228392725622,https://www.hemnet.se/salda/lagenhet-2rum-karlsdal-kopings-kommun-bergslagsvagen-16a-2154986228392725622,59-60m²,bostadsratt,2026-04-16T20:38:28.292458
634642254092306105,https://www.hemnet.se/salda/lagenhet-2rum-city-malmo-kommun-norra-skolgatan-13-634642254092306105,59-60m²,bostadsratt,2026-04-16T20:38:28.292461
6481225753201884228,https://www.hemnet.se/salda/lagenhet-2rum-g-a-tullingeberg-botkyrka-kommun-tullingebergsvagen-8a-6481225753201884228,59-60m²,bostadsratt,2026-04-16T20:38:28.292464
1300286417396164914,"https://www.hemnet.se/salda/lagenhet-2rum-farsta-centrum-stockholms-kommun-farstavagen-181,-3tr-1300286417396164914",59-60m²,bostadsratt,2026-04-16T20:38:28.292467
8564577200797483157,"https://www.hemnet.se/salda/lagenhet-2,5rum-hestra-hestra-tradgardsstad-boras-kommun-symfonigatan-5a-8564577200797483157",59-60m²,bostadsratt,2026-04-16T20:38:28.292471
7755816238178437722,https://www.hemnet.se/salda/lagenhet-2rum-centrum-inre-hamnen-sundsvalls-kommun-nya-hamngatan-10-7755816238178437722,59-60m²,bostadsratt,2026-04-16T20:38:28.292476
5065559181495852773,https://www.hemnet.se/salda/lagenhet-2rum-lomma-slattang-lomma-kommun-slattangsgatan-31b-5065559181495852773,59-60m²,bostadsratt,2026-04-16T20:38:28.292478
6861781535849078996,https://www.hemnet.se/salda/lagenhet-2rum-grubbe-umea-kommun-kronoskogsvagen-87-6861781535849078996,59-60m²,bostadsratt,2026-04-16T20:38:28.292483
1548339446248969457,"https://www.hemnet.se/salda/lagenhet-2rum-farsta-strand-stockholms-kommun-filipstadsbacken-58,-van-3-1548339446248969457",59-60m²,bostadsratt,2026-04-16T20:38:28.292487
2079030121125971311,https://www.hemnet.se/salda/lagenhet-2rum-kavlinge-kavlinge-kommun-fridhemsgatan-4b-2079030121125971311,59-60m²,bostadsratt,2026-04-16T20:38:28.292492
7795989202211990683,https://www.hemnet.se/salda/lagenhet-2rum-vastra-skravlinge-gula-hoja-malmo-kommun-vastra-skravlingevagen-122-7795989202211990683,59-60m²,bostadsratt,2026-04-16T20:38:28.292494
393758787616464626,"https://www.hemnet.se/salda/lagenhet-3rum-sodermalm-mariatorget-stockholms-kommun-wollmar-yxkullsgatan-14,-3tr-393758787616464626",59-60m²,bostadsratt,2026-04-16T20:38:28.292499
5209255732368997347,https://www.hemnet.se/salda/lagenhet-2rum-akersberga-centralt-osterakers-kommun-hojdvagen-1-5209255732368997347,59-60m²,bostadsratt,2026-04-16T20:38:28.292503
2673975802906542386,https://www.hemnet.se/salda/lagenhet-2rum-hisings-backa-goteborgs-kommun-ovralidsgatan-19-2673975802906542386,59-60m²,bostadsratt,2026-04-16T20:38:28.292508
2884445687441540190,https://www.hemnet.se/salda/lagenhet-2rum-lerum-lerums-kommun-lerum-andersvagen-110-2884445687441540190,59-60m²,bostadsratt,2026-04-16T20:38:28.292510
3671672586832265777,https://www.hemnet.se/salda/lagenhet-2rum-centrum-sala-kommun-brunnsgatan-2c-3671672586832265777,59-60m²,bostadsratt,2026-04-16T20:38:28.292515
6122482831681711282,https://www.hemnet.se/salda/lagenhet-2rum-farsta-stockholms-kommun-farstavagen-181-6122482831681711282,59-60m²,bostadsratt,2026-04-16T20:38:28.292524
6211954119379346465,"https://www.hemnet.se/salda/lagenhet-2rum-farsta-strand-stockholms-kommun-glavagatan-5,-4tr-6211954119379346465",59-60m²,bostadsratt,2026-04-16T20:38:28.292527
2702344306005152229,https://www.hemnet.se/salda/lagenhet-2rum-ekkallan-linkopings-kommun-garnisonsvagen-10-2702344306005152229,59-60m²,bostadsratt,2026-04-16T20:38:28.292531
2393690326999394606,https://www.hemnet.se/salda/lagenhet-2rum-hogdalen-stockholms-kommun-onskehemsgatan-8-2393690326999394606,59-60m²,bostadsratt,2026-04-16T20:38:28.292535
5563370912826523132,https://www.hemnet.se/salda/lagenhet-2rum-centrum-vetlanda-kommun-kanalgatan-7-b-5563370912826523132,59-60m²,bostadsratt,2026-04-16T20:38:28.292538
7130287424468203839,https://www.hemnet.se/salda/lagenhet-2rum-kallhall-jarfalla-kommun-kopparvagen-57-7130287424468203839,59-60m²,bostadsratt,2026-04-16T20:38:28.292542
26701467221870154,https://www.hemnet.se/salda/lagenhet-2rum-vrena-nykopings-kommun-stationsvagen-4a-26701467221870154,59-60m²,bostadsratt,2026-04-16T20:38:28.292546
438323437870336690,https://www.hemnet.se/salda/lagenhet-2rum-rosengard-centrum-malmo-kommun-vougts-vag-7-438323437870336690,59-60m²,bostadsratt,2026-04-16T20:38:28.292551
948199535127688420,https://www.hemnet.se/salda/lagenhet-2rum-visby-gotlands-kommun-stenkumlavag-24-948199535127688420,59-60m²,bostadsratt,2026-04-16T20:38:28.292555
7492223603469800103,https://www.hemnet.se/salda/lagenhet-2rum-martens-falad-linero-lunds-kommun-basungranden-16b-7492223603469800103,59-60m²,bostadsratt,2026-04-16T20:38:28.292558
6086929471471648920,https://www.hemnet.se/salda/lagenhet-2rum-kimstad-norrkopings-kommun-backvagen-3a-6086929471471648920,59-60m²,bostadsratt,2026-04-16T20:38:28.292562
3932797011562462232,https://www.hemnet.se/salda/lagenhet-2rum-dagny-borlange-kommun-vasagatan-12c-3932797011562462232,59-60m²,bostadsratt,2026-04-16T20:38:28.292566
1663039085430253749,https://www.hemnet.se/salda/lagenhet-2rum-karrtorp-stockholms-kommun-karrtorpsvagen-7-1663039085430253749,59-60m²,bostadsratt,2026-04-16T20:38:28.292571
3647587903477833201,https://www.hemnet.se/salda/lagenhet-2rum-haga-norra-solna-kommun-rasundavagen-7-3647587903477833201,59-60m²,bostadsratt,2026-04-16T20:38:28.292573
6089254602238373363,https://www.hemnet.se/salda/lagenhet-2rum-rorstorp-varnamo-kommun-smultronvagen-16-6089254602238373363,59-60m²,bostadsratt,2026-04-16T20:38:28.292577
6787941448395456883,https://www.hemnet.se/salda/lagenhet-3rum-tomtebo-umea-kommun-loftvagen-1e-6787941448395456883,59-60m²,bostadsratt,2026-04-16T20:38:28.292580
2316912384059264475,https://www.hemnet.se/salda/lagenhet-2rum-sodertorn-oskarshamns-kommun-kapellvagen-5-2316912384059264475,59-60m²,bostadsratt,2026-04-16T20:38:28.292584
860021862511980274,https://www.hemnet.se/salda/lagenhet-2rum-uttran-botkyrka-kommun-kyrkvardsplan-10-860021862511980274,59-60m²,bostadsratt,2026-04-16T20:38:28.292588
5945046308629620926,https://www.hemnet.se/salda/lagenhet-2rum-vallingby-stockholms-kommun-harjedalsgatan-1-5945046308629620926,59-60m²,bostadsratt,2026-04-16T20:38:28.292591
2314619049227143811,"https://www.hemnet.se/salda/lagenhet-3rum-naset-lidingo-kommun-kallangsvagen-7,-1-tr-2314619049227143811",59-60m²,bostadsratt,2026-04-16T20:38:28.292595
1111326961364049014,https://www.hemnet.se/salda/lagenhet-3rum-svartbacken-uppsala-kommun-swedenborgsgatan-30c-1111326961364049014,59-60m²,bostadsratt,2026-04-16T20:38:28.292599
8619789008301202529,"https://www.hemnet.se/salda/lagenhet-2,5rum-kungsholmen-stockholms-kommun-pontonjargatan-38-8619789008301202529",59-60m²,bostadsratt,2026-04-16T20:38:28.292604
8287955541009293448,https://www.hemnet.se/salda/lagenhet-2rum-nedansjo-sundsvalls-kommun-kvarnsvedsvagen-31-8287955541009293448,59-60m²,bostadsratt,2026-04-16T20:38:28.292606
1763472954053778647,https://www.hemnet.se/salda/lagenhet-2rum-helenelund-sollentuna-kommun-kummelbyvagen-1k-1763472954053778647,59-60m²,bostadsratt,2026-04-16T20:38:28.292610
1781629689968296130,https://www.hemnet.se/salda/lagenhet-2rum-sommarro-uppsala-kommun-karlsrogatan-85a-1781629689968296130,59-60m²,bostadsratt,2026-04-16T20:38:28.292614
6263543730932162715,https://www.hemnet.se/salda/lagenhet-2rum-obacka-strand-umea-kommun-hoppets-grand-22-6263543730932162715,59-60m²,bostadsratt,2026-04-16T20:38:28.292617
1484691391346493612,https://www.hemnet.se/salda/lagenhet-3rum-bromma-nockeby-stockholms-kommun-bralunden-9-1484691391346493612,59-60m²,bostadsratt,2026-04-16T20:38:28.292626
734269164821778624,https://www.hemnet.se/salda/lagenhet-2rum-centrum-landskrona-kommun-slottsgatan-2a-734269164821778624,59-60m²,bostadsratt,2026-04-16T20:38:28.292631
4250913878593371443,"https://www.hemnet.se/salda/lagenhet-2rum-vasastan-birkastan-stockholms-kommun-vikingagatan-28,-3tr-4250913878593371443",59-60m²,bostadsratt,2026-04-16T20:38:28.292635
252156895361056809,https://www.hemnet.se/salda/lagenhet-2rum-eslov-centralt-eslovs-kommun-vangavagen-32d-252156895361056809,59-60m²,bostadsratt,2026-04-16T20:38:28.292639
648532197855992741,https://www.hemnet.se/salda/lagenhet-2rum-centrum-sjobo-kommun-planteringsgatan-24c-648532197855992741,59-60m²,bostadsratt,2026-04-16T20:38:28.292642
4714317170541758648,"https://www.hemnet.se/salda/lagenhet-2rum-lindvallen,-salen-malung-salens-kommun-vrilbacken-5f-4714317170541758648",59-60m²,bostadsratt,2026-04-16T20:38:28.292647
8766816016871590039,https://www.hemnet.se/salda/lagenhet-3rum-kungsholmen-nedre-kungsholmen-stockholms-kommun-pilgatan-19-b-8766816016871590039,59-60m²,bostadsratt,2026-04-16T20:38:28.292651
4381760636338520195,https://www.hemnet.se/salda/lagenhet-2rum-ostermalm-stockholms-kommun-styrmansgatan-7a-4381760636338520195,59-60m²,bostadsratt,2026-04-16T20:38:28.292655
5635269162173403024,https://www.hemnet.se/salda/lagenhet-2rum-steninge-slottsby-sigtuna-kommun-tradgardsmasteriets-vag-3a-5635269162173403024,59-60m²,bostadsratt,2026-04-16T20:38:28.292658
3575026868427123844,"https://www.hemnet.se/salda/lagenhet-2rum-vasastan-stockholms-kommun-rorstrandsgatan-17,-5-tr-3575026868427123844",59-60m²,bostadsratt,2026-04-16T20:38:28.292662
8298663658663258205,https://www.hemnet.se/salda/lagenhet-5rum-hisings-karra-goteborgs-kommun-prilyckegatan-81-8298663658663258205,59-60m²,bostadsratt,2026-04-16T20:38:28.292666
2602178329812846939,"https://www.hemnet.se/salda/lagenhet-2,5rum-vasastan-stockholms-kommun-teknologgatan-8c,-1tr-2602178329812846939",59-60m²,bostadsratt,2026-04-16T20:38:28.292671
3446135084173364949,https://www.hemnet.se/salda/lagenhet-2rum-kirseberg-malmo-kommun-musketorgatan-4b-3446135084173364949,59-60m²,bostadsratt,2026-04-16T20:38:28.292675
772907599421246340,https://www.hemnet.se/salda/lagenhet-2rum-saffle-saffle-kommun-vintergatan-25a-772907599421246340,59-60m²,bostadsratt,2026-04-16T20:38:28.292677
8379935950461336029,https://www.hemnet.se/salda/lagenhet-2rum-ostermalm-stockholms-kommun-styrmansgatan-7a-8379935950461336029,59-60m²,bostadsratt,2026-04-16T20:38:28.292682
5658701882478633839,"https://www.hemnet.se/salda/lagenhet-2rum-solna-centrum-solna-kommun-centralvagen-1,-5-tr-5658701882478633839",59-60m²,bostadsratt,2026-04-16T20:38:28.292686
2298740982540188759,"https://www.hemnet.se/salda/lagenhet-3rum-arsta-stockholms-kommun-skattungsvagen-8,-1tr-2298740982540188759",59-60m²,bostadsratt,2026-04-16T20:38:28.292691
9055776073136682540,https://www.hemnet.se/salda/lagenhet-3rum-norr-centrum-eskilstuna-kommun-gransgatan-22c-9055776073136682540,59-60m²,bostadsratt,2026-04-16T20:38:28.292693
1032232162724876582,https://www.hemnet.se/salda/lagenhet-2rum-ulriksdal-solna-kommun-banmastargatan-8-1032232162724876582,59-60m²,bostadsratt,2026-04-16T20:38:28.292698
400737597056053601,https://www.hemnet.se/salda/lagenhet-2rum-kronogarden-trollhattans-kommun-slattervagen-129-400737597056053601,59-60m²,bostadsratt,2026-04-16T20:38:28.292702
6625151045535299983,https://www.hemnet.se/salda/lagenhet-2rum-ronninge-salems-kommun-tallsatravagen-15b-6625151045535299983,59-60m²,bostadsratt,2026-04-16T20:38:28.292707
1339559147753110019,https://www.hemnet.se/salda/lagenhet-2rum-husensjo-helsingborgs-kommun-husensjovagen-85f-1339559147753110019,59-60m²,bostadsratt,2026-04-16T20:38:28.292709
156008306828714921,https://www.hemnet.se/salda/lagenhet-2rum-ovre-bryggardsgardet-norrtalje-kommun-safirgatan-7-156008306828714921,59-60m²,bostadsratt,2026-04-16T20:38:28.292714
4290579989647549557,https://www.hemnet.se/salda/lagenhet-2rum-centrum-timra-kommun-bovagen-10c-4290579989647549557,59-60m²,bostadsratt,2026-04-16T20:38:28.292718
1594734210632697262,https://www.hemnet.se/salda/lagenhet-2rum-grossgardet-norrtalje-kommun-lundmansgatan-7-b-1594734210632697262,59-60m²,bostadsratt,2026-04-16T20:38:28.292722
5378620866227449054,https://www.hemnet.se/salda/lagenhet-2rum-vasastan-stockholms-kommun-frejgatan-25-5378620866227449054,59-60m²,bostadsratt,2026-04-16T20:38:28.292729
982214678390541079,https://www.hemnet.se/salda/lagenhet-2rum-centrumnara-svedala-kommun-organistgatan-2-b-982214678390541079,59-60m²,bostadsratt,2026-04-16T20:38:28.292734
2121247221839615254,https://www.hemnet.se/salda/lagenhet-2rum-skytteholm-solna-kommun-framnasbacken-12-2121247221839615254,59-60m²,bostadsratt,2026-04-16T20:38:28.292738
4699987441132924634,https://www.hemnet.se/salda/lagenhet-2rum-sodra-ratorp-karlstads-kommun-galoppstigen-30-c-4699987441132924634,59-60m²,bostadsratt,2026-04-16T20:38:28.292743
4252917730622674393,https://www.hemnet.se/salda/lagenhet-2rum-tidaholm-tidaholms-kommun-stallangsvagen-41-4252917730622674393,59-60m²,bostadsratt,2026-04-16T20:38:28.292745
7816682063153988917,https://www.hemnet.se/salda/lagenhet-2rum-centrala-vasby-upplands-vasby-kommun-kvarnvagen-7-7816682063153988917,59-60m²,bostadsratt,2026-04-16T20:38:28.292750
305649998726982353,https://www.hemnet.se/salda/lagenhet-2rum-flen-flens-kommun-villagatan-21b-305649998726982353,59-60m²,bostadsratt,2026-04-16T20:38:28.292752
7847324157631574252,https://www.hemnet.se/salda/lagenhet-2rum-elinegard-malmo-kommun-harvgrand-4-7847324157631574252,59-60m²,bostadsratt,2026-04-16T20:38:28.292754
7342792333155829121,https://www.hemnet.se/salda/lagenhet-2rum-sjobo-boras-kommun-bjorkhemsgatan-75-7342792333155829121,59-60m²,bostadsratt,2026-04-16T20:38:28.292756
7736410483969940053,"https://www.hemnet.se/salda/lagenhet-2,5rum-luthagen-uppsala-kommun-geijersgatan-17b-7736410483969940053",59-60m²,bostadsratt,2026-04-16T20:38:28.292758
1025279533723673686,https://www.hemnet.se/salda/lagenhet-2rum-ulricehamn-ulricehamns-kommun-lindangsvagen-41-b-1025279533723673686,59-60m²,bostadsratt,2026-04-16T20:38:28.292760
8202897021621366200,https://www.hemnet.se/salda/lagenhet-2rum-jamtbo-sagbo-avesta-kommun-kolgillaregatan-2a-8202897021621366200,59-60m²,bostadsratt,2026-04-16T20:38:28.292763
503006476483169325,https://www.hemnet.se/salda/lagenhet-2rum-norrbole-skelleftea-kommun-hagglundsgatan-8b-503006476483169325,59-60m²,bostadsratt,2026-04-16T20:38:28.292764
1264498000368214374,https://www.hemnet.se/salda/lagenhet-2rum-hagalund-solna-kommun-hagalundsgatan-10-1264498000368214374,59-60m²,bostadsratt,2026-04-16T20:38:28.292766
7126424886162798137,https://www.hemnet.se/salda/lagenhet-2rum-jonkoping-centrum-jonkopings-kommun-smedjegatan-38-7126424886162798137,59-60m²,bostadsratt,2026-04-16T20:38:28.292769
2786286744323638570,https://www.hemnet.se/salda/lagenhet-2rum-eriksberg-goteborgs-kommun-monsungatan-40-2786286744323638570,59-60m²,bostadsratt,2026-04-16T20:38:28.292771
7116956787012681428,https://www.hemnet.se/salda/lagenhet-2rum-vasastan-stockholms-kommun-dannemoragatan-8b-7116956787012681428,59-60m²,bostadsratt,2026-04-16T20:38:28.292773
8543728221330744716,https://www.hemnet.se/salda/lagenhet-2rum-gideonsberg-vasteras-kommun-smorblomsgatan-5-8543728221330744716,59-60m²,bostadsratt,2026-04-16T20:38:28.292775
3991554388123654380,https://www.hemnet.se/salda/lagenhet-2rum-herting-falkenbergs-kommun-august-bondesons-vag-4-3991554388123654380,59-60m²,bostadsratt,2026-04-16T20:38:28.292780
5895568943530608803,https://www.hemnet.se/salda/lagenhet-3rum-sodermalm-stockholms-kommun-asogatan-172-5895568943530608803,59-60m²,bostadsratt,2026-04-16T20:38:28.292782
289076435797559974,https://www.hemnet.se/salda/lagenhet-2rum-obacka-strand-umea-kommun-hoppets-grand-22-289076435797559974,59-60m²,bostadsratt,2026-04-16T20:38:28.292787
33814949933031277,https://www.hemnet.se/salda/lagenhet-2rum-djakneberget-vasteras-kommun-djaknebergsgatan-15a-33814949933031277,59-60m²,bostadsratt,2026-04-16T20:38:28.292791
4604482418748487811,"https://www.hemnet.se/salda/lagenhet-2rum-vasastan-stockholms-kommun-tulegatan-43,-6tr-4604482418748487811",59-60m²,bostadsratt,2026-04-16T20:38:28.292795
2560423311690520452,"https://www.hemnet.se/salda/lagenhet-2rum-lindvallen,-salen-malung-salens-kommun-vrilbacken-6f-2560423311690520452",59-60m²,bostadsratt,2026-04-16T20:38:28.292798
3448437573697414262,https://www.hemnet.se/salda/lagenhet-2rum-kungshojd-goteborgs-kommun-kungsgatan-7b-3448437573697414262,59-60m²,bostadsratt,2026-04-16T20:38:28.292802
6720805538680160426,https://www.hemnet.se/salda/lagenhet-2rum-grind-norrtalje-kommun-grindvagen-2-n-6720805538680160426,59-60m²,bostadsratt,2026-04-16T20:38:28.292807
7621793303879981274,https://www.hemnet.se/salda/lagenhet-2rum-mollevangen-malmo-kommun-kristianstadsgatan-39-b-7621793303879981274,59-60m²,bostadsratt,2026-04-16T20:38:28.292816
3622124260343620266,https://www.hemnet.se/salda/lagenhet-2rum-tuna-backar-uppsala-kommun-tunagatan-7e-3622124260343620266,59-60m²,bostadsratt,2026-04-16T20:38:28.292821
5635326694969170714,"https://www.hemnet.se/salda/lagenhet-2,5rum-orta-sandvikens-kommun-polhemsgatan-9-b-5635326694969170714",59-60m²,bostadsratt,2026-04-16T20:38:28.292824
8849658338000664543,https://www.hemnet.se/salda/lagenhet-2rum-vasastan-atlas-stockholms-kommun-vulcanusgatan-1-8849658338000664543,59-60m²,bostadsratt,2026-04-16T20:38:28.292828
497586041671439556,https://www.hemnet.se/salda/lagenhet-3rum-huddinge-huddinge-kommun-kolonivagen-32-497586041671439556,59-60m²,bostadsratt,2026-04-16T20:38:28.292832
259415534711924245,https://www.hemnet.se/salda/lagenhet-2rum-kungsholmen-fridhemsplan-stockholms-kommun-arbetargatan-24a-259415534711924245,59-60m²,bostadsratt,2026-04-16T20:38:28.292837
3310468095245974571,"https://www.hemnet.se/salda/lagenhet-2rum-liljeholmen-stockholms-kommun-nybohovsbacken-81,-van-2-3310468095245974571",59-60m²,bostadsratt,2026-04-16T20:38:28.292839
3922670021051784730,https://www.hemnet.se/salda/lagenhet-2rum-gavle-centrum-gavle-kommun-norra-skeppargatan-3b-3922670021051784730,59-60m²,bostadsratt,2026-04-16T20:38:28.292844
964615780764867977,https://www.hemnet.se/salda/lagenhet-2rum-vasastaden-stockholms-kommun-torsplan-8-964615780764867977,59-60m²,bostadsratt,2026-04-16T20:38:28.292848
6163932646165721917,https://www.hemnet.se/salda/lagenhet-2rum-rynningeasen-orebro-kommun-lagerhyddsgatan-1-6163932646165721917,59-60m²,bostadsratt,2026-04-16T20:38:28.292852
7862659129962621349,https://www.hemnet.se/salda/lagenhet-2rum-edsviken-sollentuna-kommun-strandvagen-4d-7862659129962621349,59-60m²,bostadsratt,2026-04-16T20:38:28.292855
4987025342807595145,https://www.hemnet.se/salda/lagenhet-2rum-centrala-uppsala-uppsala-kommun-stationsgatan-36-4987025342807595145,59-60m²,bostadsratt,2026-04-16T20:38:28.292859
7653999605498844255,"https://www.hemnet.se/salda/lagenhet-3rum-vasastan-stockholms-kommun-sankt-eriksplan-5,-5tr-7653999605498844255",59-60m²,bostadsratt,2026-04-16T20:38:28.292864
5736282516160079904,https://www.hemnet.se/salda/lagenhet-2rum-vastra-hamnen-malmo-kommun-vastra-varvsgatan-27-5736282516160079904,59-60m²,bostadsratt,2026-04-16T20:38:28.292868
330193081852478987,https://www.hemnet.se/salda/lagenhet-2rum-ostra-vi-gotlands-kommun-artillerigatan-21b-330193081852478987,59-60m²,bostadsratt,2026-04-16T20:38:28.292871
6093022244819001179,https://www.hemnet.se/salda/lagenhet-2rum-arsta-stockholms-kommun-sandfjardsgatan-134-6093022244819001179,59-60m²,bostadsratt,2026-04-16T20:38:28.292875
1482355624925494162,https://www.hemnet.se/salda/lagenhet-2rum-bagaregarden-goteborgs-kommun-uddevallagatan-35b-1482355624925494162,59-60m²,bostadsratt,2026-04-16T20:38:28.292880
1626532722948323838,https://www.hemnet.se/salda/lagenhet-2rum-malmen-kalmar-kommun-fabriksgatan-17-1626532722948323838,59-60m²,bostadsratt,2026-04-16T20:38:28.292884
450440403704039080,"https://www.hemnet.se/salda/lagenhet-2,5rum-luthagen-uppsala-kommun-kyrkogardsgatan-16b-450440403704039080",59-60m²,bostadsratt,2026-04-16T20:38:28.292888
2624422708943901034,https://www.hemnet.se/salda/lagenhet-2rum-vasastan-stockholms-kommun-tomtebogatan-49a-2624422708943901034,59-60m²,bostadsratt,2026-04-16T20:38:28.292891
8619254335149477473,https://www.hemnet.se/salda/lagenhet-2rum-rosersberg-sigtuna-kommun-kadettvagen-5-8619254335149477473,59-60m²,bostadsratt,2026-04-16T20:38:28.292895
3283205663148571897,"https://www.hemnet.se/salda/lagenhet-2,5rum-mariaberget-sodermalm-stockholms-kommun-blecktornsgrand-7-3283205663148571897",59-60m²,bostadsratt,2026-04-16T20:38:28.292899
6229562829964880923,https://www.hemnet.se/salda/lagenhet-2rum-centrum-sala-kommun-tradgardsgatan-11-a-6229562829964880923,59-60m²,bostadsratt,2026-04-16T20:38:28.292904
8806029189614831228,https://www.hemnet.se/salda/lagenhet-2rum-soder-eskilstuna-kommun-stenkvistavagen-8-8806029189614831228,59-60m²,bostadsratt,2026-04-16T20:38:28.292906
7846676249075618122,https://www.hemnet.se/salda/lagenhet-2rum-skurholmen-lulea-kommun-ringgatan-50-7846676249075618122,59-60m²,bostadsratt,2026-04-16T20:38:28.292910
1119754660899698190,https://www.hemnet.se/salda/lagenhet-2rum-kulladal-malmo-kommun-kulladalsgatan-18c-1119754660899698190,59-60m²,bostadsratt,2026-04-16T20:38:28.292920
4327171934887099243,https://www.hemnet.se/salda/lagenhet-2rum-bromma-traneberg-stockholms-kommun-tranebergsvagen-43-4327171934887099243,59-60m²,bostadsratt,2026-04-16T20:38:28.292922
3577493139380170034,https://www.hemnet.se/salda/lagenhet-2rum-luthagen-uppsala-kommun-bredmansgatan-4a-3577493139380170034,59-60m²,bostadsratt,2026-04-16T20:38:28.292927
7716910905107810101,https://www.hemnet.se/salda/lagenhet-2rum-sodertorn-oskarshamns-kommun-tallvagen-18-7716910905107810101,59-60m²,bostadsratt,2026-04-16T20:38:28.292931
9084804621403304427,https://www.hemnet.se/salda/lagenhet-2rum-salabacke-uppsala-kommun-johannesbacksgatan-95a-9084804621403304427,59-60m²,bostadsratt,2026-04-16T20:38:28.292935
6139796221174719636,https://www.hemnet.se/salda/lagenhet-2rum-drottninghog-helsingborgs-kommun-gronkullagatan-10-6139796221174719636,59-60m²,bostadsratt,2026-04-16T20:38:28.292937
8253086525148404383,https://www.hemnet.se/salda/lagenhet-2rum-almsta-norrtalje-kommun-vardshusvagen-5b-8253086525148404383,59-60m²,bostadsratt,2026-04-16T20:38:28.292942
3067843304361718551,https://www.hemnet.se/salda/lagenhet-2rum-tuna-lunds-kommun-tunavagen-51b-3067843304361718551,59-60m²,bostadsratt,2026-04-16T20:38:28.292944
37164957333761967,https://www.hemnet.se/salda/lagenhet-3rum-s-t-knut-malmo-kommun-master-danielsgatan-2-37164957333761967,59-60m²,bostadsratt,2026-04-16T20:38:28.292948
6719883901184052615,https://www.hemnet.se/salda/lagenhet-2rum-surahammar-surahammars-kommun-metallgatan-28b-6719883901184052615,59-60m²,bostadsratt,2026-04-16T20:38:28.292953
3631720261112251507,https://www.hemnet.se/salda/lagenhet-2rum-bromma-blackeberg-stockholms-kommun-elias-lonnrots-vag-27-3631720261112251507,59-60m²,bostadsratt,2026-04-16T20:38:28.292957
6152686661892392955,"https://www.hemnet.se/salda/lagenhet-3rum-bromma-abrahamsberg-stockholms-kommun-arkitektvagen-28,-1tr,-6152686661892392955",59-60m²,bostadsratt,2026-04-16T20:38:28.292962
3530151293574874759,https://www.hemnet.se/salda/lagenhet-2rum-gustavsberg-lugnet-bjornkarret-varmdo-kommun-meitens-vag-23-3530151293574874759,59-60m²,bostadsratt,2026-04-16T20:38:28.292966
7078673759699229766,https://www.hemnet.se/salda/lagenhet-3rum-ormkarr-stockholms-kommun-fjugestagrand-11-7078673759699229766,59-60m²,bostadsratt,2026-04-16T20:38:28.292969
8872773137484313767,https://www.hemnet.se/salda/lagenhet-2rum-hogalid-trelleborgs-kommun-hogalidsvagen-42a-8872773137484313767,59-60m²,bostadsratt,2026-04-16T20:38:28.292973
6202047321952106745,https://www.hemnet.se/salda/lagenhet-2rum-arsta-stockholms-kommun-skontorpsvagen-1-6202047321952106745,59-60m²,bostadsratt,2026-04-16T20:38:28.292982
6449990113620196665,https://www.hemnet.se/salda/lagenhet-2rum-vasterhaninge-abylund-haninge-kommun-kvartarvagen-237-6449990113620196665,59-60m²,bostadsratt,2026-04-16T20:38:28.292987
5821738445589246192,https://www.hemnet.se/salda/lagenhet-2rum-solna-centrum-solna-kommun-klippgatan-24a-5821738445589246192,59-60m²,bostadsratt,2026-04-16T20:38:28.292992
1556293254645303856,"https://www.hemnet.se/salda/lagenhet-2,5rum-centrum-eskilstuna-kommun-lindtorpsgatan-8c-1556293254645303856",59-60m²,bostadsratt,2026-04-16T20:38:28.292994
8743709107243124939,https://www.hemnet.se/salda/lagenhet-2rum-norrstand-karlstads-kommun-ulvsbygatan-27d-8743709107243124939,59-60m²,bostadsratt,2026-04-16T20:38:28.292999
2176263485578717135,https://www.hemnet.se/salda/lagenhet-2rum-bagaregarden-goteborgs-kommun-stockholmsgatan-40b-2176263485578717135,59-60m²,bostadsratt,2026-04-16T20:38:28.293003
690854470132600068,https://www.hemnet.se/salda/lagenhet-2rum-katrinelund-malmo-kommun-eriksdalsgatan-7a-690854470132600068,59-60m²,bostadsratt,2026-04-16T20:38:28.293008
2181059903037013010,https://www.hemnet.se/salda/lagenhet-2rum-bromma-blackeberg-stockholms-kommun-holbergsgatan-138-2181059903037013010,59-60m²,bostadsratt,2026-04-16T20:38:28.293010
4378494320043190141,https://www.hemnet.se/salda/lagenhet-2rum-haga-sundsvalls-kommun-kungsvagen-3-4378494320043190141,59-60m²,bostadsratt,2026-04-16T20:38:28.293014
8083003315077553644,https://www.hemnet.se/salda/lagenhet-2rum-liljeholmen-jonkopings-kommun-ostra-storgatan-124c-8083003315077553644,59-60m²,bostadsratt,2026-04-16T20:38:28.293019
3989242104040310874,https://www.hemnet.se/salda/lagenhet-2rum-bohus-ale-kommun-skardalsvagen-11b-3989242104040310874,59-60m²,bostadsratt,2026-04-16T20:38:28.293022
6031219951392510958,https://www.hemnet.se/salda/lagenhet-2rum-flatas-goteborgs-kommun-distansgatan-23-a-6031219951392510958,59-60m²,bostadsratt,2026-04-16T20:38:28.293031
4835369272163209157,https://www.hemnet.se/salda/lagenhet-2rum-salabacke-uppsala-kommun-apelgatan-5-c-4835369272163209157,59-60m²,bostadsratt,2026-04-16T20:38:28.293035
499983077124502004,https://www.hemnet.se/salda/lagenhet-2rum-luthagen-uppsala-kommun-sibyllegatan-18d-499983077124502004,59-60m²,bostadsratt,2026-04-16T20:38:28.293039
7657120927071659683,"https://www.hemnet.se/salda/lagenhet-1,5rum-kungsholmen-stockholms-kommun-pipersgatan-27a-7657120927071659683",59-60m²,bostadsratt,2026-04-16T20:38:28.293044
3605592217390829493,https://www.hemnet.se/salda/lagenhet-3rum-majorna-goteborgs-kommun-saggatan-56a-3605592217390829493,59-60m²,bostadsratt,2026-04-16T20:38:28.293046
3069766650803261401,https://www.hemnet.se/salda/lagenhet-2rum-ulricehamn-ulricehamns-kommun-rektorsvagen-3a-3069766650803261401,59-60m²,bostadsratt,2026-04-16T20:38:28.293050
6711647472850751009,https://www.hemnet.se/salda/lagenhet-2rum-vasterhaninge-haninge-kommun-abylundsvagen-38-6711647472850751009,59-60m²,bostadsratt,2026-04-16T20:38:28.293055
4890715262691868993,https://www.hemnet.se/salda/lagenhet-2rum-vallastaden-linkopings-kommun-selma-lagerlofs-gata-5-4890715262691868993,59-60m²,bostadsratt,2026-04-16T20:38:28.293057
8730358515095176872,https://www.hemnet.se/salda/lagenhet-2rum-slottsstaden-malmo-kommun-kopenhamnsvagen-46a-8730358515095176872,59-60m²,bostadsratt,2026-04-16T20:38:28.293061
9127413488068459428,https://www.hemnet.se/salda/lagenhet-2rum-limhamn-malmo-kommun-vastanvag-49d-9127413488068459428,59-60m²,bostadsratt,2026-04-16T20:38:28.293066
383864151270388104,https://www.hemnet.se/salda/lagenhet-2rum-centralt-norrtalje-kommun-stockholmsvagen-29-a-383864151270388104,59-60m²,bostadsratt,2026-04-16T20:38:28.293070
6005576775882606837,https://www.hemnet.se/salda/lagenhet-2rum-vasterhaninge-haninge-kommun-abylundsvagen-161-6005576775882606837,59-60m²,bostadsratt,2026-04-16T20:38:28.293072
4523323473796369259,https://www.hemnet.se/salda/lagenhet-2rum-norra-asum-kristianstad-kristianstads-kommun-hemvarnsvagen-3c-4523323473796369259,59-60m²,bostadsratt,2026-04-16T20:38:28.293077
2388504802038639696,https://www.hemnet.se/salda/lagenhet-2rum-centralt-karlskoga-kommun-mekanikergatan-2b-2388504802038639696,59-60m²,bostadsratt,2026-04-16T20:38:28.293082
4993632518005155529,https://www.hemnet.se/salda/lagenhet-2rum-st-ilian-enkopings-kommun-langgatan-4b-4993632518005155529,59-60m²,bostadsratt,2026-04-16T20:38:28.293086
1946241426107023045,https://www.hemnet.se/salda/lagenhet-2rum-akersberga-centralt-osterakers-kommun-skolvagen-7a-1946241426107023045,59-60m²,bostadsratt,2026-04-16T20:38:28.293090
250841419589193485,https://www.hemnet.se/salda/lagenhet-2rum-ursvik-sundbybergs-kommun-oxenstiernas-alle-18-250841419589193485,59-60m²,bostadsratt,2026-04-16T20:38:28.293093
7641797205971294058,https://www.hemnet.se/salda/lagenhet-2rum-kallhall-jarfalla-kommun-kopparvagen-63-7641797205971294058,59-60m²,bostadsratt,2026-04-16T20:38:28.293097
6315664749023294369,https://www.hemnet.se/salda/lagenhet-3rum-bromma-riksby-stockholms-kommun-spangavagen-37-6315664749023294369,59-60m²,bostadsratt,2026-04-16T20:38:28.293102
81148640314723458,https://www.hemnet.se/salda/lagenhet-2rum-sorgenfri-malmo-kommun-spanehusvagen-62a-81148640314723458,59-60m²,bostadsratt,2026-04-16T20:38:28.293104
3443944333788611460,https://www.hemnet.se/salda/lagenhet-2rum-eslov-centralt-eslovs-kommun-backavagen-12b-3443944333788611460,59-60m²,bostadsratt,2026-04-16T20:38:28.293109
1483183168338217122,https://www.hemnet.se/salda/lagenhet-2rum-kungsholmen-stockholms-kommun-fridhemsgatan-64-1483183168338217122,59-60m²,bostadsratt,2026-04-16T20:38:28.293114
520585198727595073,https://www.hemnet.se/salda/lagenhet-2rum-hagernas-taby-kommun-radarvagen-18-520585198727595073,59-60m²,bostadsratt,2026-04-16T20:38:28.293116
7261734029396320410,https://www.hemnet.se/salda/lagenhet-2rum-bodal-lidingo-kommun-bodalsvagen-39-7261734029396320410,59-60m²,bostadsratt,2026-04-16T20:38:28.293118
3906553195391250364,https://www.hemnet.se/salda/lagenhet-2rum-terrassvagen-ornskoldsviks-kommun-terrassvagen-8a-3906553195391250364,59-60m²,bostadsratt,2026-04-16T20:38:28.293120
1365226703602115992,https://www.hemnet.se/salda/lagenhet-2rum-hofors-centralt-hofors-kommun-goklundsvagen-12a-1365226703602115992,59-60m²,bostadsratt,2026-04-16T20:38:28.293125
8598560103699913772,https://www.hemnet.se/salda/lagenhet-2rum-ostra-sorgenfri-malmo-kommun-ostra-farmvagen-38b-8598560103699913772,59-60m²,bostadsratt,2026-04-16T20:38:28.293127
4946484160194630273,https://www.hemnet.se/salda/lagenhet-2rum-marsta-centralt-sigtuna-kommun-vastra-bangatan-57b-4946484160194630273,59-60m²,bostadsratt,2026-04-16T20:38:28.293129
8355125873484453968,https://www.hemnet.se/salda/lagenhet-2rum-teg-umea-kommun-nipvagen-3-8355125873484453968,59-60m²,bostadsratt,2026-04-16T20:38:28.293131
4352648096344877129,https://www.hemnet.se/salda/lagenhet-2rum-klubbgardet-pitea-kommun-furunasvagen-67b-4352648096344877129,59-60m²,bostadsratt,2026-04-16T20:38:28.293133
318131424754995258,https://www.hemnet.se/salda/lagenhet-2rum-eriksberg-uppsala-kommun-gnejsvagen-18b-318131424754995258,59-60m²,bostadsratt,2026-04-16T20:38:28.293135
4211082877842614655,https://www.hemnet.se/salda/lagenhet-2rum-centrala-tyreso-tyreso-kommun-stadsparken-6-4211082877842614655,59-60m²,bostadsratt,2026-04-16T20:38:28.293137
2271722401639104816,https://www.hemnet.se/salda/lagenhet-2rum-lanesund-uddevalla-kommun-bockholmsvagen-6c-2271722401639104816,59-60m²,bostadsratt,2026-04-16T20:38:28.293139
7421497965266374799,https://www.hemnet.se/salda/lagenhet-2rum-vasastan-stockholms-kommun-kammakargatan-35-7421497965266374799,59-60m²,bostadsratt,2026-04-16T20:38:28.293141
1393541981956735708,https://www.hemnet.se/salda/lagenhet-3rum-vasastan-sibirien-stockholms-kommun-roslagsgatan-40c-1393541981956735708,59-60m²,bostadsratt,2026-04-16T20:38:28.293143
8665756422710417359,https://www.hemnet.se/salda/lagenhet-2rum-centralt-oster-nykopings-kommun-ringvagen-1b-8665756422710417359,59-60m²,bostadsratt,2026-04-16T20:38:28.293146
6429502667647736324,https://www.hemnet.se/salda/lagenhet-2rum-skarphagen-norrkopings-kommun-klingagatan-2-6429502667647736324,59-60m²,bostadsratt,2026-04-16T20:38:28.293151
7491647187240025323,https://www.hemnet.se/salda/lagenhet-2rum-centrala-stuvsta-huddinge-kommun-stationsvagen-37-7491647187240025323,59-60m²,bostadsratt,2026-04-16T20:38:28.293153
8490707778413039424,https://www.hemnet.se/salda/lagenhet-2rum-centralt-harnosand-harnosands-kommun-murbergsvagen-17-8490707778413039424,59-60m²,bostadsratt,2026-04-16T20:38:28.293157
5791763154092952607,https://www.hemnet.se/salda/lagenhet-2rum-lerum-lerums-kommun-lerum-andersvagen-134-5791763154092952607,59-60m²,bostadsratt,2026-04-16T20:38:28.293162
5553744746690648046,https://www.hemnet.se/salda/lagenhet-2rum-barrsatra-sandvikens-kommun-promenaden-1-5553744746690648046,59-60m²,bostadsratt,2026-04-16T20:38:28.293166
1455010783614540823,https://www.hemnet.se/salda/lagenhet-2rum-ostra-sorgenfri-malmo-kommun-spanehusvagen-62-e-1455010783614540823,59-60m²,bostadsratt,2026-04-16T20:38:28.293169
7364887567796142286,https://www.hemnet.se/salda/lagenhet-2rum-rosengard-apelgarden-malmo-kommun-sjoblads-vag-37-7364887567796142286,59-60m²,bostadsratt,2026-04-16T20:38:28.293173
8449608952105773730,https://www.hemnet.se/salda/lagenhet-2rum-visby-gotlands-kommun-signalgatan-22b-8449608952105773730,59-60m²,bostadsratt,2026-04-16T20:38:28.293178
8850167422791164877,"https://www.hemnet.se/salda/lagenhet-2rum-liljeholmen-stockholms-kommun-nybohovsbacken-99,-van-9-8850167422791164877",59-60m²,bostadsratt,2026-04-16T20:38:28.293182
8833102073891561428,https://www.hemnet.se/salda/lagenhet-2rum-centralt-stromstads-kommun-norra-uddegatan-1-8833102073891561428,59-60m²,bostadsratt,2026-04-16T20:38:28.293186
1138498019963343990,"https://www.hemnet.se/salda/lagenhet-2rum-nedre-gardet-ostermalm-stockholms-kommun-de-geersgatan-16,-7tr-1138498019963343990",59-60m²,bostadsratt,2026-04-16T20:38:28.293189
4301464328999526034,https://www.hemnet.se/salda/lagenhet-2rum-klara-karlstads-kommun-malmtorgsgatan-20b-4301464328999526034,59-60m²,bostadsratt,2026-04-16T20:38:28.293193
6880846337742079255,https://www.hemnet.se/salda/lagenhet-2rum-torpa-jonkopings-kommun-junelundsgatan-3-6880846337742079255,59-60m²,bostadsratt,2026-04-16T20:38:28.293198
2142330777404776196,https://www.hemnet.se/salda/lagenhet-2rum-viken-karlstads-kommun-stinsgatan-14-2142330777404776196,59-60m²,bostadsratt,2026-04-16T20:38:28.293202
6677596304367746975,"https://www.hemnet.se/salda/lagenhet-2rum-sodermalm-stockholms-kommun-gotgatan-102,-5tr-6677596304367746975",59-60m²,bostadsratt,2026-04-16T20:38:28.293205
7441626786780545271,https://www.hemnet.se/salda/lagenhet-2rum-centrum-ystads-kommun-fridhemsgatan-45c-7441626786780545271,59-60m²,bostadsratt,2026-04-16T20:38:28.293213
350793945935722819,https://www.hemnet.se/salda/lagenhet-2rum-skarpnacks-gard-stockholms-kommun-fallvindsgatan-5-350793945935722819,59-60m²,bostadsratt,2026-04-16T20:38:28.293218
3315250008210277425,"https://www.hemnet.se/salda/lagenhet-2rum-kungsholmen-stockholms-kommun-igeldammsgatan-20,-hogst-upp-3315250008210277425",59-60m²,bostadsratt,2026-04-16T20:38:28.293227
8684951515211868807,"https://www.hemnet.se/salda/lagenhet-2,5rum-sommarro-uppsala-kommun-lindsbergsgatan-5b-8684951515211868807",59-60m²,bostadsratt,2026-04-16T20:38:28.293230
6528573928493475946,"https://www.hemnet.se/salda/lagenhet-2rum-ektorp-nacka-kommun-edinsvagen-2,-2-tr-6528573928493475946",59-60m²,bostadsratt,2026-04-16T20:38:28.293234
450527245166873229,https://www.hemnet.se/salda/lagenhet-2rum-munkeback-goteborgs-kommun-ahrenbergsgatan-13b-450527245166873229,59-60m²,bostadsratt,2026-04-16T20:38:28.293238
1391495621082901006,https://www.hemnet.se/salda/lagenhet-3rum-farsta-stockholms-kommun-lingvagen-223-1391495621082901006,59-60m²,bostadsratt,2026-04-16T20:38:28.293243
5569338584990295511,https://www.hemnet.se/salda/lagenhet-2rum-hudiksvall-hudiksvalls-kommun-reffelmansvagen-3-c-5569338584990295511,59-60m²,bostadsratt,2026-04-16T20:38:28.293245
2283786657487846906,https://www.hemnet.se/salda/lagenhet-2rum-centrala-sundbyberg-sundbybergs-kommun-vintergatan-2-2283786657487846906,59-60m²,bostadsratt,2026-04-16T20:38:28.293250
2299929188034122939,https://www.hemnet.se/salda/lagenhet-2rum-ljusdal-ljusdals-kommun-hotellgatan-56b-2299929188034122939,59-60m²,bostadsratt,2026-04-16T20:38:28.293254
7063925822036378485,https://www.hemnet.se/salda/lagenhet-2rum-fruangen-stockholms-kommun-hanna-paulis-gata-13-7063925822036378485,59-60m²,bostadsratt,2026-04-16T20:38:28.293259
253874680425382622,https://www.hemnet.se/salda/lagenhet-2rum-johannesfred-stockholms-kommun-tackjarnsvagen-14-253874680425382622,59-60m²,bostadsratt,2026-04-16T20:38:28.293261
943445418439755045,https://www.hemnet.se/salda/lagenhet-3rum-hammarbyhojden-stockholms-kommun-lackovagen-11-943445418439755045,59-60m²,bostadsratt,2026-04-16T20:38:28.293266
1508993118816708606,https://www.hemnet.se/salda/lagenhet-2rum-vastanfors-fagersta-kommun-sjovagen-21-b-1508993118816708606,59-60m²,bostadsratt,2026-04-16T20:38:28.293270
7142669293860793809,https://www.hemnet.se/salda/lagenhet-2rum-vasastan-stockholms-kommun-upplandsgatan-69a-7142669293860793809,59-60m²,bostadsratt,2026-04-16T20:38:28.293274
8791223651658037341,https://www.hemnet.se/salda/lagenhet-2rum-ersboda-umea-kommun-kylgrand-41-8791223651658037341,59-60m²,bostadsratt,2026-04-16T20:38:28.293277
990661479560450177,https://www.hemnet.se/salda/lagenhet-2rum-malmaberg-vasteras-kommun-norra-skjutbanegatan-18c-990661479560450177,59-60m²,bostadsratt,2026-04-16T20:38:28.293281
8320199883892912052,https://www.hemnet.se/salda/lagenhet-2rum-rosengard-malmo-kommun-von-lingens-vag-84-8320199883892912052,59-60m²,bostadsratt,2026-04-16T20:38:28.293286
6586174424465352906,https://www.hemnet.se/salda/lagenhet-2rum-odensvi-vasteras-kommun-kumlagatan-11a-6586174424465352906,59-60m²,bostadsratt,2026-04-16T20:38:28.293290
1895428850982487735,https://www.hemnet.se/salda/lagenhet-2rum-solna-rasunda-solna-kommun-hasselstigen-6-1895428850982487735,59-60m²,bostadsratt,2026-04-16T20:38:28.293294
3242244900416759611,https://www.hemnet.se/salda/lagenhet-2rum-fanna-enkopings-kommun-ekenkallsgatan-12-3242244900416759611,59-60m²,bostadsratt,2026-04-16T20:38:28.293297
7220190753320588565,https://www.hemnet.se/salda/lagenhet-2rum-hisings-backa-goteborgs-kommun-ovralidsgatan-13-7220190753320588565,59-60m²,bostadsratt,2026-04-16T20:38:28.293301
1012678899352579648,https://www.hemnet.se/salda/lagenhet-2rum-hisingen-goteborgs-kommun-heidenstams-gata-11-1012678899352579648,59-60m²,bostadsratt,2026-04-16T20:38:28.293306
3162100262006815394,https://www.hemnet.se/salda/lagenhet-2rum-lerum-centralt-lerums-kommun-lerum-andersvagen-112-3162100262006815394,59-60m²,bostadsratt,2026-04-16T20:38:28.293308
3831690577412968157,https://www.hemnet.se/salda/lagenhet-3rum-triangeln-malmo-kommun-norra-skolgatan-13-3831690577412968157,59-60m²,bostadsratt,2026-04-16T20:38:28.293313
3384332410026760309,https://www.hemnet.se/salda/lagenhet-2rum-ostermalm-stockholms-kommun-karlavagen-54-3384332410026760309,59-60m²,bostadsratt,2026-04-16T20:38:28.293322
852870553362127351,https://www.hemnet.se/salda/lagenhet-2rum-gamla-bro-upplands-bro-kommun-lantmatarvagen-21-852870553362127351,59-60m²,bostadsratt,2026-04-16T20:38:28.293337
474174850070941749,https://www.hemnet.se/salda/lagenhet-3rum-ostermalm-stockholms-kommun-sibyllegatan-26-474174850070941749,59-60m²,bostadsratt,2026-04-16T20:38:28.293339
6142713726147229006,https://www.hemnet.se/salda/lagenhet-2rum-hisings-backa-goteborgs-kommun-ovralidsgatan-25-6142713726147229006,59-60m²,bostadsratt,2026-04-16T20:38:28.293342
3692661748247921098,https://www.hemnet.se/salda/lagenhet-3rum-vasastan-stockholms-kommun-luntmakargatan-85-3692661748247921098,59-60m²,bostadsratt,2026-04-16T20:38:28.293344
8319956136110205587,https://www.hemnet.se/salda/lagenhet-2rum-soderkulla-malmo-kommun-tornfalksgatan-14-8319956136110205587,59-60m²,bostadsratt,2026-04-16T20:38:28.293346
2463237341841206720,https://www.hemnet.se/salda/lagenhet-2rum-dragonfaltet-umea-kommun-olof-palmes-gata-31-2463237341841206720,59-60m²,bostadsratt,2026-04-16T20:38:28.293349
8415648635249636013,https://www.hemnet.se/salda/lagenhet-2rum-orgryte-torp-goteborgs-kommun-sten-ake-cederhoks-gata-1b-8415648635249636013,59-60m²,bostadsratt,2026-04-16T20:38:28.293354
8221644413144420191,https://www.hemnet.se/salda/lagenhet-4rum-s-t-knut-malmo-kommun-ronnebygatan-3a-8221644413144420191,59-60m²,bostadsratt,2026-04-16T20:38:28.293358
5160418331986957666,https://www.hemnet.se/salda/lagenhet-2rum-valberg-karlstads-kommun-bjorntorpsgatan-15a-5160418331986957666,59-60m²,bostadsratt,2026-04-16T20:38:28.293374
4153731397760097346,https://www.hemnet.se/salda/lagenhet-2rum-granby-uppsala-kommun-regngatan-23-4153731397760097346,59-60m²,bostadsratt,2026-04-16T20:38:28.293379
3036587388551737280,https://www.hemnet.se/salda/lagenhet-3rum-bromma-brommaplan-stockholms-kommun-kladesvagen-38-3036587388551737280,59-60m²,bostadsratt,2026-04-16T20:38:28.293381
1145117013532276803,"https://www.hemnet.se/salda/lagenhet-2rum-centrala-vasby-upplands-vasby-kommun-susebogatan-4,-6tr-1145117013532276803",59-60m²,bostadsratt,2026-04-16T20:38:28.293386
665751756257826363,https://www.hemnet.se/salda/lagenhet-2rum-farsta-stockholms-kommun-farstavagen-175-665751756257826363,59-60m²,bostadsratt,2026-04-16T20:38:28.293390
5118875474143079406,https://www.hemnet.se/salda/lagenhet-4rum-hemavan-storumans-kommun-marias-vag-11a-5118875474143079406,59-60m²,bostadsratt,2026-04-16T20:38:28.293394
150530362656164515,https://www.hemnet.se/salda/lagenhet-2rum-sandarna-goteborgs-kommun-bruksgatan-54-150530362656164515,59-60m²,bostadsratt,2026-04-16T20:38:28.293397
6592661596100473599,https://www.hemnet.se/salda/lagenhet-2rum-landskrona-landskrona-kommun-enoch-thulins-vag-36a-6592661596100473599,59-60m²,bostadsratt,2026-04-16T20:38:28.293401
4437461333096628480,"https://www.hemnet.se/salda/lagenhet-2,5rum-centralt-gavle-kommun-hantverkargatan-20c-4437461333096628480",59-60m²,bostadsratt,2026-04-16T20:38:28.293405
4817500210921823829,https://www.hemnet.se/salda/lagenhet-3rum-kungsholmen-kristineberg-stockholms-kommun-love-almqvists-vag-10-4817500210921823829,59-60m²,bostadsratt,2026-04-16T20:38:28.293408
2823226100625608191,https://www.hemnet.se/salda/lagenhet-2rum-centralt-oster-orebro-kommun-engelbrektsgatan-76-2823226100625608191,59-60m²,bostadsratt,2026-04-16T20:38:28.293413
8721503412188801801,https://www.hemnet.se/salda/lagenhet-2rum-dragonfaltet-umea-kommun-olof-palmes-gata-47-8721503412188801801,59-60m²,bostadsratt,2026-04-16T20:38:28.293417
9075702554273694342,https://www.hemnet.se/salda/lagenhet-2rum-kungsholmen-stockholms-kommun-igeldammsgatan-16-9075702554273694342,59-60m²,bostadsratt,2026-04-16T20:38:28.293421
1841862307378133971,"https://www.hemnet.se/salda/lagenhet-2rum-sodermalm-stockholms-kommun-bondegatan-18,-4-5-tr-1841862307378133971",59-60m²,bostadsratt,2026-04-16T20:38:28.293424
6429991560777491897,https://www.hemnet.se/salda/lagenhet-2rum-hammarbyhojden-stockholms-kommun-paternostervagen-30-6429991560777491897,59-60m²,bostadsratt,2026-04-16T20:38:28.293429
2869017166079855293,https://www.hemnet.se/salda/lagenhet-2rum-sofiaparken-lunds-kommun-sofiaparken-4c-2869017166079855293,59-60m²,bostadsratt,2026-04-16T20:38:28.293433
8111544739062516453,https://www.hemnet.se/salda/lagenhet-2rum-ribersborg-malmo-kommun-tessins-vag-8b-8111544739062516453,59-60m²,bostadsratt,2026-04-16T20:38:28.293438
6649584299244115033,https://www.hemnet.se/salda/lagenhet-2rum-landskrona-enoch-thulins-vag-landskrona-kommun-enoch-thulins-vag-30-b-6649584299244115033,59-60m²,bostadsratt,2026-04-16T20:38:28.293445
8342589857811687653,https://www.hemnet.se/salda/lagenhet-2rum-ostra-sorgenfri-malmo-kommun-ostra-farmvagen-38c-8342589857811687653,59-60m²,bostadsratt,2026-04-16T20:38:28.293450
1558684351633109896,https://www.hemnet.se/salda/lagenhet-2rum-centrala-sundbyberg-sundbybergs-kommun-tulegatan-71-1558684351633109896,59-60m²,bostadsratt,2026-04-16T20:38:28.293454
5631520031724319143,"https://www.hemnet.se/salda/lagenhet-2rum-hasselby-strand-stockholms-kommun-maltesholmsvagen-186,-van-1-5631520031724319143",59-60m²,bostadsratt,2026-04-16T20:38:28.293459
8172761806402847403,https://www.hemnet.se/salda/lagenhet-3rum-lund-centrum-lunds-kommun-byggmastaregatan-8c-8172761806402847403,59-60m²,bostadsratt,2026-04-16T20:38:28.293461
244394083282503864,"https://www.hemnet.se/salda/lagenhet-2rum-kista-gard-stockholms-kommun-hanstavagen-94,-2-tr-244394083282503864",59-60m²,bostadsratt,2026-04-16T20:38:28.293466
1792276570821760493,https://www.hemnet.se/salda/lagenhet-2rum-lidingo-lidingo-kommun-tivedsvagen-7-1792276570821760493,59-60m²,bostadsratt,2026-04-16T20:38:28.293470
3868856400351068762,https://www.hemnet.se/salda/lagenhet-2rum-centralt-grossgardet-norrtalje-kommun-gotgatan-14-b-3868856400351068762,59-60m²,bostadsratt,2026-04-16T20:38:28.293474
5474880867175132265,https://www.hemnet.se/salda/lagenhet-2rum-sodermalm-hogalid-stockholms-kommun-heleneborgsgatan-26-van-5-5-5474880867175132265,59-60m²,bostadsratt,2026-04-16T20:38:28.293477
5829858042607887333,https://www.hemnet.se/salda/lagenhet-2rum-hagalund-solna-kommun-hagalundsgatan-22-5829858042607887333,59-60m²,bostadsratt,2026-04-16T20:38:28.293481
1365427344576486990,https://www.hemnet.se/salda/lagenhet-2rum-gribbylund-taby-kommun-reduttvagen-14b-1365427344576486990,59-60m²,bostadsratt,2026-04-16T20:38:28.293486
5404815131150879720,https://www.hemnet.se/salda/lagenhet-2rum-teg-umea-kommun-tegsvagen-4b-5404815131150879720,59-60m²,bostadsratt,2026-04-16T20:38:28.293488
515773939385612925,https://www.hemnet.se/salda/lagenhet-2rum-kungsangen-jonkopings-kommun-kungsangstorget-1-515773939385612925,59-60m²,bostadsratt,2026-04-16T20:38:28.293493
5420879187635902066,https://www.hemnet.se/salda/lagenhet-2rum-bromma-blackeberg-stockholms-kommun-holbergsgatan-122-5420879187635902066,59-60m²,bostadsratt,2026-04-16T20:38:28.293497
5365383151635611972,https://www.hemnet.se/salda/lagenhet-2rum-marsta-centralt-sigtuna-kommun-satunavagen-8b-5365383151635611972,59-60m²,bostadsratt,2026-04-16T20:38:28.293506
2608986114297662733,https://www.hemnet.se/salda/lagenhet-2rum-avesta-avesta-kommun-kolgillaregatan-4b-2608986114297662733,59-60m²,bostadsratt,2026-04-16T20:38:28.293509
5043033985171076381,https://www.hemnet.se/salda/lagenhet-2rum-sjobo-sjobo-kommun-planteringsgatan-24c-5043033985171076381,59-60m²,bostadsratt,2026-04-16T20:38:28.293511
574735140001152354,https://www.hemnet.se/salda/lagenhet-2rum-marnas-hammarbacken-ludvika-kommun-timmermansvagen-8-g-574735140001152354,59-60m²,bostadsratt,2026-04-16T20:38:28.293513
4755520046143570909,https://www.hemnet.se/salda/lagenhet-2rum-sondrum-albinsro-halmstads-kommun-betesstigen-11-4755520046143570909,59-60m²,bostadsratt,2026-04-16T20:38:28.293515
2868345465067175949,https://www.hemnet.se/salda/lagenhet-2rum-tingvallastaden-karlstads-kommun-herrgardsgatan-1-2868345465067175949,59-60m²,bostadsratt,2026-04-16T20:38:28.293517
7937909383917600182,https://www.hemnet.se/salda/lagenhet-2rum-centrum-sala-kommun-kungsangsgatan-5a-7937909383917600182,59-60m²,bostadsratt,2026-04-16T20:38:28.293519
4135491957952881843,https://www.hemnet.se/salda/lagenhet-2rum-rosengarden-helsingborgs-kommun-tyringegatan-15-4135491957952881843,59-60m²,bostadsratt,2026-04-16T20:38:28.293521
4091461613793985201,https://www.hemnet.se/salda/lagenhet-2rum-ljungbyhed-klippans-kommun-infanterigatan-8b-4091461613793985201,59-60m²,bostadsratt,2026-04-16T20:38:28.293523
5796983142133502463,https://www.hemnet.se/salda/lagenhet-2rum-katrinelund-malmo-kommun-eriksdalsgatan-5a-5796983142133502463,59-60m²,bostadsratt,2026-04-16T20:38:28.293525
1423070374345289604,https://www.hemnet.se/salda/lagenhet-2rum-halmstad-oster-halmstads-kommun-slattervagen-6b-1423070374345289604,59-60m²,bostadsratt,2026-04-16T20:38:28.293527
7785934961812059417,https://www.hemnet.se/salda/lagenhet-2rum-ostermalm-stockholms-kommun-surbrunnsgatan-3-7785934961812059417,59-60m²,bostadsratt,2026-04-16T20:38:28.293531
6629702148806925558,"https://www.hemnet.se/salda/lagenhet-2rum-tyreso-tyreso-kommun-stadsparken-6,-van-14-6629702148806925558",59-60m²,bostadsratt,2026-04-16T20:38:28.293534
2034280923640573770,"https://www.hemnet.se/salda/lagenhet-2rum-hasselby-hasselby-strand-stockholms-kommun-maltesholmsvagen-153,-van-3-33-1203-2034280923640573770",59-60m²,bostadsratt,2026-04-16T20:38:28.293538
7185485066167580459,https://www.hemnet.se/salda/lagenhet-2rum-mossle-varnamo-kommun-gotavagen-22b-7185485066167580459,59-60m²,bostadsratt,2026-04-16T20:38:28.293541
7876431995767232107,"https://www.hemnet.se/salda/lagenhet-2rum-liljeholmen-stockholms-kommun-nybohovsbacken-81,-1tr-7876431995767232107",59-60m²,bostadsratt,2026-04-16T20:38:28.293545
6284942651418219438,https://www.hemnet.se/salda/lagenhet-3rum-rasunda-solna-kommun-ostervagen-36-6284942651418219438,59-60m²,bostadsratt,2026-04-16T20:38:28.293549
5376834264738694752,https://www.hemnet.se/salda/lagenhet-2rum-ostermalm-stockholms-kommun-valhallavagen-160-5376834264738694752,59-60m²,bostadsratt,2026-04-16T20:38:28.293552
3031330160586087799,https://www.hemnet.se/salda/lagenhet-2rum-arlov-burlovs-kommun-gronvagen-3d-3031330160586087799,59-60m²,bostadsratt,2026-04-16T20:38:28.293556
4475417862529571733,https://www.hemnet.se/salda/lagenhet-2rum-vega-haninge-kommun-gaffelseglet-41-4475417862529571733,59-60m²,bostadsratt,2026-04-16T20:38:28.293561
697594257373802387,https://www.hemnet.se/salda/lagenhet-2rum-ratorp-karlstads-kommun-sandbacksgatan-20b-697594257373802387,59-60m²,bostadsratt,2026-04-16T20:38:28.293565
6139360019472868314,https://www.hemnet.se/salda/lagenhet-2rum-vastermalm-skovde-kommun-staketgrand-1-6139360019472868314,59-60m²,bostadsratt,2026-04-16T20:38:28.293568
7534150088027739419,https://www.hemnet.se/salda/lagenhet-2rum-heby-heby-kommun-kyrkogatan-7b-7534150088027739419,59-60m²,bostadsratt,2026-04-16T20:38:28.293572
2855360929338623597,https://www.hemnet.se/salda/lagenhet-2rum-sodermalm-stockholms-kommun-bondegatan-1d-2855360929338623597,59-60m²,bostadsratt,2026-04-16T20:38:28.293577
9039872006734735750,https://www.hemnet.se/salda/lagenhet-3rum-nacka-strand-nacka-kommun-fabrikorvagen-15-9039872006734735750,59-60m²,bostadsratt,2026-04-16T20:38:28.293581
6283107073547888415,https://www.hemnet.se/salda/lagenhet-2rum-gullbergslyckan-karlshamns-kommun-hunnemaravagen-25-6283107073547888415,59-60m²,bostadsratt,2026-04-16T20:38:28.293583
4800079523879229261,https://www.hemnet.se/salda/lagenhet-2rum-ovre-vasastaden-linkopings-kommun-timmermansgatan-7-4800079523879229261,59-60m²,bostadsratt,2026-04-16T20:38:28.293588
2253900895311485917,https://www.hemnet.se/salda/lagenhet-2rum-albinsro-halmstads-kommun-betesstigen-13-2253900895311485917,59-60m²,bostadsratt,2026-04-16T20:38:28.293592
2222770259613631464,https://www.hemnet.se/salda/lagenhet-2rum-nydala-malmo-kommun-munkhattegatan-34a-2222770259613631464,59-60m²,bostadsratt,2026-04-16T20:38:28.293596
5357177684161026610,https://www.hemnet.se/salda/lagenhet-2rum-soderkulla-malmo-kommun-duvhoksgatan-4b-5357177684161026610,59-60m²,bostadsratt,2026-04-16T20:38:28.293599
2508484726168261922,https://www.hemnet.se/salda/lagenhet-2rum-norby-uppsala-kommun-svampvagen-4a-2508484726168261922,59-60m²,bostadsratt,2026-04-16T20:38:28.293603
5207061645597478182,https://www.hemnet.se/salda/lagenhet-2rum-haga-sundsvalls-kommun-baldersvagen-46-5207061645597478182,59-60m²,bostadsratt,2026-04-16T20:38:28.293608
6198806822383325982,"https://www.hemnet.se/salda/lagenhet-3rum-blasut-stockholms-kommun-pastellvagen-17,-3-tr-6198806822383325982",59-60m²,bostadsratt,2026-04-16T20:38:28.293617
145280449486477409,https://www.hemnet.se/salda/lagenhet-3rum-brynas-gavle-kommun-brynasgrand-17-145280449486477409,59-60m²,bostadsratt,2026-04-16T20:38:28.293620
9206456708381620462,https://www.hemnet.se/salda/lagenhet-2rum-storskogen-sundbybergs-kommun-mariagatan-9-9206456708381620462,59-60m²,bostadsratt,2026-04-16T20:38:28.293625
8004081460086105108,"https://www.hemnet.se/salda/lagenhet-2rum-huvudsta-solna-kommun-bygatan-37,-1-tr-8004081460086105108",59-60m²,bostadsratt,2026-04-16T20:38:28.293629
6511692220604831596,https://www.hemnet.se/salda/lagenhet-2rum-centralt-norr-orebro-kommun-rynningsbergsgatan-2-6511692220604831596,59-60m²,bostadsratt,2026-04-16T20:38:28.293634
5515344199178196852,https://www.hemnet.se/salda/lagenhet-3rum-vastra-orminge-nacka-kommun-edovagen-22a-5515344199178196852,59-60m²,bostadsratt,2026-04-16T20:38:28.293643
7406862699884025246,https://www.hemnet.se/salda/lagenhet-2rum-sundbyberg-brotorp-sundbybergs-kommun-brogatan-7-7406862699884025246,59-60m²,bostadsratt,2026-04-16T20:38:28.293646
7276561003643809421,https://www.hemnet.se/salda/lagenhet-3rum-vallentuna-centrum-vallentuna-kommun-aby-alle-1b-7276561003643809421,59-60m²,bostadsratt,2026-04-16T20:38:28.293650
3934735849911524408,https://www.hemnet.se/salda/lagenhet-2rum-vasastan-stockholms-kommun-upplandsgatan-79a-3934735849911524408,59-60m²,bostadsratt,2026-04-16T20:38:28.293654
1321331222027492828,https://www.hemnet.se/salda/lagenhet-2rum-centralt-falu-kommun-vallmansgatan-7a-1321331222027492828,59-60m²,bostadsratt,2026-04-16T20:38:28.293659
8814504415460126517,https://www.hemnet.se/salda/lagenhet-2rum-malmaberg-vasteras-kommun-gunnilbogatan-30d-8814504415460126517,59-60m²,bostadsratt,2026-04-16T20:38:28.293663
1718693021520295947,https://www.hemnet.se/salda/lagenhet-2rum-lerum-centralt-lerums-kommun-lerum-andersvagen-112-1718693021520295947,59-60m²,bostadsratt,2026-04-16T20:38:28.293666
3190714037541461418,https://www.hemnet.se/salda/lagenhet-2rum-norr-vid-folkparken-norrkopings-kommun-plankgatan-34-3190714037541461418,59-60m²,bostadsratt,2026-04-16T20:38:28.293670
515534897499063988,https://www.hemnet.se/salda/lagenhet-2rum-agneteberg-arvika-kommun-savsjovagen-49b-515534897499063988,59-60m²,bostadsratt,2026-04-16T20:38:28.293675
5250967874852033767,https://www.hemnet.se/salda/lagenhet-2rum-bromma-blackeberg-stockholms-kommun-wergelandsgatan-26-5250967874852033767,59-60m²,bostadsratt,2026-04-16T20:38:28.293679
4559484732201001827,https://www.hemnet.se/salda/lagenhet-2rum-ostermalm-borlange-kommun-haradsvagen-28b-4559484732201001827,59-60m²,bostadsratt,2026-04-16T20:38:28.293682
1017054392099418832,https://www.hemnet.se/salda/lagenhet-2rum-centralt-tidaholms-kommun-dyckertsgatan-12-1017054392099418832,59-60m²,bostadsratt,2026-04-16T20:38:28.293686
6351742814246441111,https://www.hemnet.se/salda/lagenhet-2rum-haggvik-sollentuna-kommun-studievagen-9-6351742814246441111,59-60m²,bostadsratt,2026-04-16T20:38:28.293691
3698461223237294608,https://www.hemnet.se/salda/lagenhet-2rum-dammfri-malmo-kommun-dammfrigangen-4a-3698461223237294608,59-60m²,bostadsratt,2026-04-16T20:38:28.293695
3117624185027586892,https://www.hemnet.se/salda/lagenhet-2rum-centralt-eslovs-kommun-kyrkogatan-3b-3117624185027586892,59-60m²,bostadsratt,2026-04-16T20:38:28.293697
6409602259540590611,https://www.hemnet.se/salda/lagenhet-3rum-hagerneholm-taby-kommun-hagerneholmsvagen-7a-6409602259540590611,59-60m²,bostadsratt,2026-04-16T20:38:28.293702
4060225370696483608,https://www.hemnet.se/salda/lagenhet-2rum-pantarholmen-karlskrona-kommun-landsvagsgatan-13-lgh-1104-4060225370696483608,59-60m²,bostadsratt,2026-04-16T20:38:28.293711
4165639585203870214,https://www.hemnet.se/salda/lagenhet-2rum-almvik-malmo-kommun-soprangatan-2-4165639585203870214,59-60m²,bostadsratt,2026-04-16T20:38:28.293714
3391143702478551027,https://www.hemnet.se/salda/lagenhet-2rum-molndal-molndals-kommun-knarrhogsgatan-8b-3391143702478551027,59-60m²,bostadsratt,2026-04-16T20:38:28.293718
1797385434762000906,https://www.hemnet.se/salda/lagenhet-2rum-centralt-oskarshamns-kommun-kopmangatan-33b-1797385434762000906,59-60m²,bostadsratt,2026-04-16T20:38:28.293722
4398281946665429578,https://www.hemnet.se/salda/lagenhet-2rum-centrala-sundbyberg-sundbybergs-kommun-vattugatan-21a-4398281946665429578,59-60m²,bostadsratt,2026-04-16T20:38:28.293725
3122415526299087276,"https://www.hemnet.se/salda/lagenhet-2rum-gustavsberg-lugnet-varmdo-kommun-meitens-vag-3,-2tr-3122415526299087276",59-60m²,bostadsratt,2026-04-16T20:38:28.293729
3019402946991052054,https://www.hemnet.se/salda/lagenhet-2rum-haga-vasteras-kommun-norra-skjutbanegatan-12e-3019402946991052054,59-60m²,bostadsratt,2026-04-16T20:38:28.293733
4670191197723125004,https://www.hemnet.se/salda/lagenhet-2rum-centrum-falu-kommun-svardsjogatan-12b-4670191197723125004,59-60m²,bostadsratt,2026-04-16T20:38:28.293737
1443381878831681097,"https://www.hemnet.se/salda/lagenhet-3rum-vastra-orminge-nacka-kommun-edovagen-7i,-2tr-1443381878831681097",59-60m²,bostadsratt,2026-04-16T20:38:28.293740
7180276240235747067,https://www.hemnet.se/salda/lagenhet-2rum-riksby-stockholms-kommun-spetsvagen-7-7180276240235747067,59-60m²,bostadsratt,2026-04-16T20:38:28.293749
7983176130578679706,https://www.hemnet.se/salda/lagenhet-2rum-granlo-sundsvalls-kommun-vikingavagen-46-7983176130578679706,59-60m²,bostadsratt,2026-04-16T20:38:28.293754
2982272218068809677,https://www.hemnet.se/salda/lagenhet-2rum-kungsholmen-stockholms-kommun-inedalsgatan-17-2982272218068809677,59-60m²,bostadsratt,2026-04-16T20:38:28.293763
359424677059113473,https://www.hemnet.se/salda/lagenhet-2rum-oster-city-jonkopings-kommun-ostra-storgatan-49c-359424677059113473,59-60m²,bostadsratt,2026-04-16T20:38:28.293766
1525252166181498010,https://www.hemnet.se/salda/lagenhet-2rum-barnangen-hallstahammars-kommun-snevringevagen-68-1525252166181498010,59-60m²,bostadsratt,2026-04-16T20:38:28.293770
8323324232485923562,https://www.hemnet.se/salda/lagenhet-4rum-bjornrike-harjedalens-kommun-bjornrike-lostigen-10b-8323324232485923562,59-60m²,bostadsratt,2026-04-16T20:38:28.293774
3445413726983449596,https://www.hemnet.se/salda/lagenhet-2rum-karlsdal-kopings-kommun-bergslagsvagen-8a-3445413726983449596,59-60m²,bostadsratt,2026-04-16T20:38:28.293779
1423657571573268818,https://www.hemnet.se/salda/lagenhet-3rum-tierp-tierps-kommun-gavlevagen-18b-1423657571573268818,59-60m²,bostadsratt,2026-04-16T20:38:28.293781
3431280318328338966,"https://www.hemnet.se/salda/lagenhet-2,5rum-svalthagen-finspangs-kommun-ekmans-vag-17b-3431280318328338966",59-60m²,bostadsratt,2026-04-16T20:38:28.293785
7000896215254698370,https://www.hemnet.se/salda/lagenhet-2rum-berghem-umea-kommun-nydalavagen-14-7000896215254698370,59-60m²,bostadsratt,2026-04-16T20:38:28.293790
6479591722266095971,https://www.hemnet.se/salda/lagenhet-2rum-bergshamra-solna-kommun-radjursstigen-32-6479591722266095971,59-60m²,bostadsratt,2026-04-16T20:38:28.293794
1265352009022858747,https://www.hemnet.se/salda/lagenhet-2rum-farsta-stockholms-kommun-agesta-brovag-58-1tr-1265352009022858747,59-60m²,bostadsratt,2026-04-16T20:38:28.293797
4364790884606973573,https://www.hemnet.se/salda/lagenhet-2rum-kirseberg-malmo-kommun-vattenverksvagen-52a-4364790884606973573,59-60m²,bostadsratt,2026-04-16T20:38:28.293801
5404102482680459613,https://www.hemnet.se/salda/lagenhet-2rum-ovre-nyfors-eskilstuna-kommun-tegelbruksgatan-21-5404102482680459613,59-60m²,bostadsratt,2026-04-16T20:38:28.293805
7282432690398534933,https://www.hemnet.se/salda/lagenhet-2rum-sala-backe-uppsala-kommun-johannelundsgatan-2-7282432690398534933,59-60m²,bostadsratt,2026-04-16T20:38:28.293810
7851065373883610318,https://www.hemnet.se/salda/lagenhet-2rum-vadergatorna-uppsala-kommun-regngatan-11-7851065373883610318,59-60m²,bostadsratt,2026-04-16T20:38:28.293812
1540326603111317957,https://www.hemnet.se/salda/lagenhet-2rum-huvudsta-solna-kommun-jungfrudansen-38-1540326603111317957,59-60m²,bostadsratt,2026-04-16T20:38:28.293817
401524088518466482,"https://www.hemnet.se/salda/lagenhet-1,5rum-kungshojd-goteborgs-kommun-lasarettsgatan-6-401524088518466482",59-60m²,bostadsratt,2026-04-16T20:38:28.293821
1470605005685183018,https://www.hemnet.se/salda/lagenhet-2rum-centrum-uppsala-uppsala-kommun-tradgardsgatan-3-1470605005685183018,59-60m²,bostadsratt,2026-04-16T20:38:28.293825
2342361427053428268,https://www.hemnet.se/salda/lagenhet-2rum-jakobsberg-jarfalla-kommun-manadsvagen-24-2342361427053428268,59-60m²,bostadsratt,2026-04-16T20:38:28.293828
3803799815552240298,https://www.hemnet.se/salda/lagenhet-2rum-hallstahammar-hallstahammars-kommun-snevringevagen-64-3803799815552240298,59-60m²,bostadsratt,2026-04-16T20:38:28.293833
4611658373700076409,https://www.hemnet.se/salda/lagenhet-2rum-vallastaden-linkopings-kommun-selma-lagerlofs-gata-5-4611658373700076409,59-60m²,bostadsratt,2026-04-16T20:38:28.293837
3536236389262408088,https://www.hemnet.se/salda/lagenhet-2rum-broangen-sodermalm-kristinehamns-kommun-sodra-ringvagen-61b-3536236389262408088,59-60m²,bostadsratt,2026-04-16T20:38:28.293842
1799874495954084436,https://www.hemnet.se/salda/lagenhet-2rum-vastra-skogen-solna-kommun-infanterigatan-27-1799874495954084436,59-60m²,bostadsratt,2026-04-16T20:38:28.293846
6906383889703105855,https://www.hemnet.se/salda/lagenhet-2rum-norrbole-skelleftea-kommun-stenkilsgatan-46a-6906383889703105855,59-60m²,bostadsratt,2026-04-16T20:38:28.293849
1844556069266136750,https://www.hemnet.se/salda/lagenhet-2rum-hagsatra-stockholms-kommun-goksholmsbacken-16-1844556069266136750,59-60m²,bostadsratt,2026-04-16T20:38:28.293853
3048139585916782583,https://www.hemnet.se/salda/lagenhet-2rum-ostra-sorgenfri-malmo-kommun-ostra-farmvagen-38f-3048139585916782583,59-60m²,bostadsratt,2026-04-16T20:38:28.293862
7411084377468567211,https://www.hemnet.se/salda/lagenhet-2rum-hammarbyhojden-stockholms-kommun-paternostervagen-30-7411084377468567211,59-60m²,bostadsratt,2026-04-16T20:38:28.293867
6771867987291693999,https://www.hemnet.se/salda/lagenhet-2rum-marsta-centralt-sigtuna-kommun-satunavagen-13f-6771867987291693999,59-60m²,bostadsratt,2026-04-16T20:38:28.293869
4932826943776427472,https://www.hemnet.se/salda/lagenhet-2rum-portvakten-vaxjo-kommun-emil-lindells-vag-30-4932826943776427472,59-60m²,bostadsratt,2026-04-16T20:38:28.293871
586073090981911222,https://www.hemnet.se/salda/lagenhet-2rum-gamla-gefle-gavle-kommun-sodra-radmansgatan-13-586073090981911222,59-60m²,bostadsratt,2026-04-16T20:38:28.293873
1624778001988214097,https://www.hemnet.se/salda/lagenhet-3rum-jarvso-ljusdals-kommun-skidvagen-6c-1624778001988214097,59-60m²,bostadsratt,2026-04-16T20:38:28.293875
8565947766779038553,https://www.hemnet.se/salda/lagenhet-2rum-berghem-umea-kommun-skidsparet-15-8565947766779038553,59-60m²,bostadsratt,2026-04-16T20:38:28.293877
1627918060303270935,https://www.hemnet.se/salda/lagenhet-2rum-ruddalen-goteborgs-kommun-fagottgatan-4-1627918060303270935,59-60m²,bostadsratt,2026-04-16T20:38:28.293880
368185903634249680,https://www.hemnet.se/salda/lagenhet-2rum-bromsten-stockholms-kommun-alvagen-2-368185903634249680,59-60m²,bostadsratt,2026-04-16T20:38:28.293885
4024861811017234444,https://www.hemnet.se/salda/lagenhet-2rum-teg-umea-kommun-borgvagen-25b-4024861811017234444,59-60m²,bostadsratt,2026-04-16T20:38:28.293887
2031384574700632756,https://www.hemnet.se/salda/lagenhet-2rum-centrala-vaxholm-vaxholms-kommun-rosenbergsgatan-1-2031384574700632756,59-60m²,bostadsratt,2026-04-16T20:38:28.293889
6015913520821834947,https://www.hemnet.se/salda/lagenhet-2rum-nasbypark-taby-kommun-koltrastvagen-2d-lgh-1203-6015913520821834947,59-60m²,bostadsratt,2026-04-16T20:38:28.293891
5485774798327224035,https://www.hemnet.se/salda/lagenhet-2rum-grangesberg-ludvika-kommun-orabergsvagen-28-lgh-1201-5485774798327224035,59-60m²,bostadsratt,2026-04-16T20:38:28.293893
7307014170610490626,https://www.hemnet.se/salda/lagenhet-2rum-abylund-haninge-kommun-abylundsvagen-95-7307014170610490626,59-60m²,bostadsratt,2026-04-16T20:38:28.293895
3479072394083141899,https://www.hemnet.se/salda/lagenhet-2rum-svedala-svedala-kommun-organistgatan-3b-3479072394083141899,59-60m²,bostadsratt,2026-04-16T20:38:28.293897
625678765293993914,https://www.hemnet.se/salda/lagenhet-3rum-krokom-krokoms-kommun-aspasvagen-18a-625678765293993914,59-60m²,bostadsratt,2026-04-16T20:38:28.293898
7631247070330469076,"https://www.hemnet.se/salda/lagenhet-2rum-ostermalm-stockholms-kommun-grevgatan-40,-0,5tr-hogt-lage-7631247070330469076",59-60m²,bostadsratt,2026-04-16T20:38:28.293900
4501723205227892445,https://www.hemnet.se/salda/lagenhet-2rum-centrum-haparanda-kommun-stationsgatan-32-4501723205227892445,59-60m²,bostadsratt,2026-04-16T20:38:28.293903
363932986004144223,https://www.hemnet.se/salda/lagenhet-2rum-centrum-eskilstuna-kommun-kungsgatan-3a-363932986004144223,59-60m²,bostadsratt,2026-04-16T20:38:28.293905
4481176415107894695,https://www.hemnet.se/salda/lagenhet-2rum-hagernas-taby-kommun-radarvagen-22-4481176415107894695,59-60m²,bostadsratt,2026-04-16T20:38:28.293907
7436678764806263619,https://www.hemnet.se/salda/lagenhet-2rum-arlov-burlovs-kommun-gronvagen-3-d-7436678764806263619,59-60m²,bostadsratt,2026-04-16T20:38:28.293911
7238745308650230218,https://www.hemnet.se/salda/lagenhet-2rum-kungsangen-sala-kommun-bergslagsgatan-26-7238745308650230218,59-60m²,bostadsratt,2026-04-16T20:38:28.293916
2290284330028660883,https://www.hemnet.se/salda/lagenhet-2rum-hagaberg-linkopings-kommun-kompanigatan-68-2290284330028660883,59-60m²,bostadsratt,2026-04-16T20:38:28.293918
463840061799736988,https://www.hemnet.se/salda/lagenhet-2rum-haga-sundsvalls-kommun-tallrotsgatan-5-463840061799736988,59-60m²,bostadsratt,2026-04-16T20:38:28.293922
4175598535496702451,https://www.hemnet.se/salda/lagenhet-2rum-soderhamn-centrum-soderhamns-kommun-norralagatan-11-4175598535496702451,59-60m²,bostadsratt,2026-04-16T20:38:28.293927
4938333070365070829,https://www.hemnet.se/salda/lagenhet-2rum-kalgarden-jonkopings-kommun-stenhuggargatan-28-4938333070365070829,59-60m²,bostadsratt,2026-04-16T20:38:28.293935
5597720579798868613,https://www.hemnet.se/salda/lagenhet-2rum-arno-strand-nykopings-kommun-strandparksvagen-7b-5597720579798868613,59-60m²,bostadsratt,2026-04-16T20:38:28.293939
3282397572604739176,https://www.hemnet.se/salda/lagenhet-2rum-torslanda-bjorlanda-goteborgs-kommun-brygghusvagen-10-3282397572604739176,59-60m²,bostadsratt,2026-04-16T20:38:28.293943
7341781196339891521,"https://www.hemnet.se/salda/lagenhet-2,5rum-lindo-kalmar-kommun-lagmansgatan-8a-7341781196339891521",59-60m²,bostadsratt,2026-04-16T20:38:28.293947
7733611897199527290,https://www.hemnet.se/salda/lagenhet-2rum-ostermalm-stockholms-kommun-danderydsgatan-28a-7733611897199527290,59-60m²,bostadsratt,2026-04-16T20:38:28.293950
2990928787667701799,https://www.hemnet.se/salda/lagenhet-2rum-tullholmsviken-karlstads-kommun-packhusallen-6-b-2990928787667701799,59-60m²,bostadsratt,2026-04-16T20:38:28.293954
1734651303733576872,https://www.hemnet.se/salda/lagenhet-2rum-vasterhaninge-haninge-kommun-abylundsvagen-181-1734651303733576872,59-60m²,bostadsratt,2026-04-16T20:38:28.293964
5255175453827204372,https://www.hemnet.se/salda/lagenhet-2rum-filipstad-filipstads-kommun-hantverksgatan-14-b-5255175453827204372,59-60m²,bostadsratt,2026-04-16T20:38:28.293969
5371874357874947716,https://www.hemnet.se/salda/lagenhet-2rum-kavlinge-centralt-kavlinge-kommun-kullagatan-13b-5371874357874947716,59-60m²,bostadsratt,2026-04-16T20:38:28.293974
429965917482261780,https://www.hemnet.se/salda/lagenhet-2rum-farsta-stockholms-kommun-filipstadsbacken-70-429965917482261780,59-60m²,bostadsratt,2026-04-16T20:38:28.293978
8860971441703100143,https://www.hemnet.se/salda/lagenhet-3rum-tallboda-linkopings-kommun-stormvagen-17d-8860971441703100143,59-60m²,bostadsratt,2026-04-16T20:38:28.293980
7776726745427864448,https://www.hemnet.se/salda/lagenhet-2rum-solberga-stockholms-kommun-kristallvagen-24-7776726745427864448,59-60m²,bostadsratt,2026-04-16T20:38:28.293991
2554054394485907518,https://www.hemnet.se/salda/lagenhet-2rum-kumlaby-malmen-kumla-kommun-vattugatan-12b-2554054394485907518,59-60m²,bostadsratt,2026-04-16T20:38:28.293996
5210243833585630278,https://www.hemnet.se/salda/lagenhet-2rum-arsta-stockholms-kommun-skontorpsvagen-1-5210243833585630278,59-60m²,bostadsratt,2026-04-16T20:38:28.294000
4180060629571253389,https://www.hemnet.se/salda/lagenhet-2rum-gula-hoja-malmo-kommun-vastra-skravlingevagen-139-4180060629571253389,59-60m²,bostadsratt,2026-04-16T20:38:28.294009
1977905761567133442,https://www.hemnet.se/salda/lagenhet-2rum-rosengard-malmo-kommun-von-lingens-vag-52-1977905761567133442,59-60m²,bostadsratt,2026-04-16T20:38:28.294012
6200108524669187940,https://www.hemnet.se/salda/lagenhet-2rum-marsta-norra-sigtuna-kommun-satunavagen-14d-6200108524669187940,59-60m²,bostadsratt,2026-04-16T20:38:28.294016
1223030363015362817,https://www.hemnet.se/salda/lagenhet-2rum-finnberget-nacka-kommun-finnbergsvagen-58-1223030363015362817,59-60m²,bostadsratt,2026-04-16T20:38:28.294021
6723280240294480770,https://www.hemnet.se/salda/lagenhet-2rum-norrtalje-norrtalje-kommun-knutbyvagen-41-6723280240294480770,59-60m²,bostadsratt,2026-04-16T20:38:28.294025
1304147898300501829,https://www.hemnet.se/salda/lagenhet-2rum-trosso-karlskrona-kommun-drottninggatan-34-1304147898300501829,59-60m²,bostadsratt,2026-04-16T20:38:28.294027
4542627731667960980,https://www.hemnet.se/salda/lagenhet-2rum-svartbacken-uppsala-kommun-folkungagatan-4c-4542627731667960980,59-60m²,bostadsratt,2026-04-16T20:38:28.294029
1507398852454877333,https://www.hemnet.se/salda/lagenhet-2rum-sodertalje-sodertalje-kommun-bergviksgatan-10-1507398852454877333,59-60m²,bostadsratt,2026-04-16T20:38:28.294032
7470409470693979997,"https://www.hemnet.se/salda/lagenhet-3rum-arsta-stockholms-kommun-arstavagen-26,-4-tr-7470409470693979997",59-60m²,bostadsratt,2026-04-16T20:38:28.294035
935147860264499106,https://www.hemnet.se/salda/lagenhet-2rum-borgmastaregarden-malmo-kommun-albinsrogatan-41-935147860264499106,59-60m²,bostadsratt,2026-04-16T20:38:28.294037
5413477872507130958,"https://www.hemnet.se/salda/lagenhet-2rum-kungsholmen-stockholms-kommun-norr-malarstrand-100,-van-4-5413477872507130958",59-60m²,bostadsratt,2026-04-16T20:38:28.294042
4950918405176596406,https://www.hemnet.se/salda/lagenhet-2rum-norr-vaxjo-kommun-salgstigen-6d-4950918405176596406,59-60m²,bostadsratt,2026-04-16T20:38:28.294044
6578507793357506428,https://www.hemnet.se/salda/lagenhet-2rum-lerum-lerums-kommun-lerum-andersvagen-112-6578507793357506428,59-60m²,bostadsratt,2026-04-16T20:38:28.294054
8441325729539368796,https://www.hemnet.se/salda/lagenhet-2rum-huddinge-huddinge-kommun-forradsvagen-15-8441325729539368796,59-60m²,bostadsratt,2026-04-16T20:38:28.294058
4709475437719086261,https://www.hemnet.se/salda/lagenhet-2rum-eneborg-wilson-park-helsingborgs-kommun-skanegatan-16a-4709475437719086261,59-60m²,bostadsratt,2026-04-16T20:38:28.294063
6530215714189721698,https://www.hemnet.se/salda/lagenhet-3rum-centrala-sodertalje-sodertalje-kommun-lagmansvagen-7a-6530215714189721698,59-60m²,bostadsratt,2026-04-16T20:38:28.294066
3376775374578550115,https://www.hemnet.se/salda/lagenhet-2rum-luthagen-uppsala-kommun-gimogatan-4c-3376775374578550115,59-60m²,bostadsratt,2026-04-16T20:38:28.294070
2338983275557844736,https://www.hemnet.se/salda/lagenhet-2rum-skiljebo-vasteras-kommun-farnebogatan-12b-2338983275557844736,59-60m²,bostadsratt,2026-04-16T20:38:28.294074
2158204719727291299,https://www.hemnet.se/salda/lagenhet-2rum-bromma-blackeberg-stockholms-kommun-holbergsgatan-136-2158204719727291299,59-60m²,bostadsratt,2026-04-16T20:38:28.294078
5594378535493880209,https://www.hemnet.se/salda/lagenhet-2rum-eriksberg-goteborgs-kommun-bratterasgatan-60-5594378535493880209,59-60m²,bostadsratt,2026-04-16T20:38:28.294081
985110537757083268,"https://www.hemnet.se/salda/lagenhet-2rum-skarpnack-stockholms-kommun-uppvindsgatan-4,-2tr-985110537757083268",59-60m²,bostadsratt,2026-04-16T20:38:28.294085
4222781285375028134,https://www.hemnet.se/salda/lagenhet-2rum-habo-centrum-fanas-nydal-vasterangen-habo-kommun-fagerdalsvagen-4-4222781285375028134,59-60m²,bostadsratt,2026-04-16T20:38:28.294088
7493279440680402550,https://www.hemnet.se/salda/lagenhet-2rum-centrum-skovde-kommun-staketgrand-4-7493279440680402550,59-60m²,bostadsratt,2026-04-16T20:38:28.294092
1332433381588800175,https://www.hemnet.se/salda/lagenhet-2rum-centralt-vansbro-kommun-norra-allegatan-41b-1332433381588800175,59-60m²,bostadsratt,2026-04-16T20:38:28.294097
1204352765542613133,https://www.hemnet.se/salda/lagenhet-2rum-malmaberg-vasteras-kommun-kumlagatan-7a-1204352765542613133,59-60m²,bostadsratt,2026-04-16T20:38:28.294099
5118194330273880669,https://www.hemnet.se/salda/lagenhet-2rum-kabo-uppsala-kommun-banergatan-6b-5118194330273880669,59-60m²,bostadsratt,2026-04-16T20:38:28.294103
405312815069301195,https://www.hemnet.se/salda/lagenhet-2rum-solbacka-strand-norrtalje-kommun-maria-winkvists-vag-6a-405312815069301195,59-60m²,bostadsratt,2026-04-16T20:38:28.294108
414607409722062895,https://www.hemnet.se/salda/lagenhet-2rum-bunkeflostrand-malmo-kommun-sadelmakarebyn-2c-414607409722062895,59-60m²,bostadsratt,2026-04-16T20:38:28.294112
8871130563051986731,https://www.hemnet.se/salda/lagenhet-2rum-grossgardet-norrtalje-kommun-gotgatan-8c-8871130563051986731,59-60m²,bostadsratt,2026-04-16T20:38:28.294114
1233756532298919067,https://www.hemnet.se/salda/lagenhet-2rum-rorsjostaden-malmo-kommun-bertrandsgatan-2c-1233756532298919067,59-60m²,bostadsratt,2026-04-16T20:38:28.294119
6407935922132637350,https://www.hemnet.se/salda/lagenhet-2rum-froson-ostersunds-kommun-frojavagen-10b-6407935922132637350,59-60m²,bostadsratt,2026-04-16T20:38:28.294123
4922597377654154080,https://www.hemnet.se/salda/lagenhet-2rum-karlsdal-kopings-kommun-bergslagsvagen-8c-4922597377654154080,59-60m²,bostadsratt,2026-04-16T20:38:28.294126
2520697696380110003,https://www.hemnet.se/salda/lagenhet-2rum-centrum-skovde-kommun-staketgrand-1-2520697696380110003,59-60m²,bostadsratt,2026-04-16T20:38:28.294135
7001173055576308278,https://www.hemnet.se/salda/lagenhet-3rum-enskede-stockholms-kommun-dalgrand-54-7001173055576308278,59-60m²,bostadsratt,2026-04-16T20:38:28.294139
1975567692501078513,https://www.hemnet.se/salda/lagenhet-2rum-salabacke-uppsala-kommun-apelgatan-7d-1975567692501078513,59-60m²,bostadsratt,2026-04-16T20:38:28.294144
4849966976442029167,https://www.hemnet.se/salda/lagenhet-2rum-baggeby-lidingo-kommun-bodalsvagen-3-4849966976442029167,59-60m²,bostadsratt,2026-04-16T20:38:28.294146
1725939010129081165,https://www.hemnet.se/salda/lagenhet-2rum-centralt-oskarshamns-kommun-kyrkogardsgatan-12-c-1725939010129081165,59-60m²,bostadsratt,2026-04-16T20:38:28.294150
26697260630533896,https://www.hemnet.se/salda/lagenhet-2rum-karlsdal-vasteras-kommun-krutkallarvagen-4-26697260630533896,59-60m²,bostadsratt,2026-04-16T20:38:28.294159
1371647504393229427,https://www.hemnet.se/salda/lagenhet-2rum-backa-goteborgs-kommun-olshammarsgatan-10-1371647504393229427,59-60m²,bostadsratt,2026-04-16T20:38:28.294162
8028194378228873703,"https://www.hemnet.se/salda/lagenhet-2,5rum-hasselby-strand-stockholms-kommun-aprikosgatan-39-8028194378228873703",59-60m²,bostadsratt,2026-04-16T20:38:28.294166
1962075407333717385,https://www.hemnet.se/salda/lagenhet-2rum-limhamns-sjostad-malmo-kommun-formgatan-24-1962075407333717385,59-60m²,bostadsratt,2026-04-16T20:38:28.294171
8588715384459471192,"https://www.hemnet.se/salda/lagenhet-2rum-kungsholmen-hornsbergs-strand-stockholms-kommun-hornsbergs-strand-95,-4tr-8588715384459471192",59-60m²,bostadsratt,2026-04-16T20:38:28.294175
5869746088939764432,https://www.hemnet.se/salda/lagenhet-2rum-klockaretorpet-norrkopings-kommun-klingagatan-6-5869746088939764432,59-60m²,bostadsratt,2026-04-16T20:38:28.294178
7490225209403810548,https://www.hemnet.se/salda/lagenhet-3rum-johannesfred-stockholms-kommun-staltradsvagen-42-7490225209403810548,59-60m²,bostadsratt,2026-04-16T20:38:28.294182
5140255331281961914,https://www.hemnet.se/salda/lagenhet-2rum-sodra-skogen-karlsborgs-kommun-skogvaktaregatan-28-5140255331281961914,59-60m²,bostadsratt,2026-04-16T20:38:28.294186
309532752344158467,https://www.hemnet.se/salda/lagenhet-3rum-skuru-nacka-kommun-barnhemsvagen-10-309532752344158467,59-60m²,bostadsratt,2026-04-16T20:38:28.294191
13638069372452394,"https://www.hemnet.se/salda/lagenhet-2rum-luossavaara-kiruna-kommun-hjalmar-lundbohmsvagen-83-c-van,3-13638069372452394",59-60m²,bostadsratt,2026-04-16T20:38:28.294194
4651666633824112577,https://www.hemnet.se/salda/lagenhet-1rum-kolartorp-haninge-kommun-vallavagen-5-4651666633824112577,59-60m²,bostadsratt,2026-04-16T20:38:28.294198
5900017339654124781,"https://www.hemnet.se/salda/lagenhet-2,5rum-bromma-mariehall-stockholms-kommun-alpvagen-14-5900017339654124781",59-60m²,bostadsratt,2026-04-16T20:38:28.294202
137105530107493406,https://www.hemnet.se/salda/lagenhet-2rum-granlo-sundsvalls-kommun-vikingavagen-48-137105530107493406,59-60m²,bostadsratt,2026-04-16T20:38:28.294206
480245976184771523,https://www.hemnet.se/salda/lagenhet-2rum-kivik-simrishamns-kommun-vastanvagen-9-480245976184771523,59-60m²,bostadsratt,2026-04-16T20:38:28.294209
8442169879602190994,https://www.hemnet.se/salda/lagenhet-2rum-kalmar-kalmar-kommun-riddaregatan-7b-8442169879602190994,59-60m²,bostadsratt,2026-04-16T20:38:28.294213
707145016711441573,https://www.hemnet.se/salda/lagenhet-2rum-centrum-mariestads-kommun-blombackagatan-2a-707145016711441573,59-60m²,bostadsratt,2026-04-16T20:38:28.294218
3293776794890127100,https://www.hemnet.se/salda/lagenhet-3rum-bromma-abrahamsberg-stockholms-kommun-arkitektvagen-41-3293776794890127100,59-60m²,bostadsratt,2026-04-16T20:38:28.294222
4834707451364357433,https://www.hemnet.se/salda/lagenhet-2rum-timra-timra-kommun-bovagen-10e-4834707451364357433,59-60m²,bostadsratt,2026-04-16T20:38:28.294224
5389016368043129030,https://www.hemnet.se/salda/lagenhet-2rum-bodal-lidingo-kommun-bodalsvagen-35-5389016368043129030,59-60m²,bostadsratt,2026-04-16T20:38:28.294233
4816586407038430797,https://www.hemnet.se/salda/lagenhet-2rum-sodermalm-katarina-stockholms-kommun-folkungagatan-74a-4816586407038430797,59-60m²,bostadsratt,2026-04-16T20:38:28.294238
6238857039361661317,https://www.hemnet.se/salda/lagenhet-2rum-ostermalm-stockholms-kommun-valhallavagen-44-6238857039361661317,59-60m²,bostadsratt,2026-04-16T20:38:28.294242
3187839730051634179,https://www.hemnet.se/salda/lagenhet-2rum-dammfri-malmo-kommun-ribevagen-16a-3187839730051634179,59-60m²,bostadsratt,2026-04-16T20:38:28.294245
5183935646698131362,https://www.hemnet.se/salda/lagenhet-2rum-borgmastaregarden-malmo-kommun-albinsrogatan-49-5183935646698131362,59-60m²,bostadsratt,2026-04-16T20:38:28.294249
3274629194913112553,https://www.hemnet.se/salda/lagenhet-2rum-olympia-helsingborgs-kommun-s-t-peders-gata-4-3274629194913112553,59-60m²,bostadsratt,2026-04-16T20:38:28.294253
7195148647081737497,https://www.hemnet.se/salda/lagenhet-2rum-skarsatra-lidingo-kommun-pyrolavagen-48-7195148647081737497,59-60m²,bostadsratt,2026-04-16T20:38:28.294258
6952498615079567747,https://www.hemnet.se/salda/lagenhet-2rum-arsta-stockholms-kommun-orrfjardsgrand-12-6952498615079567747,59-60m²,bostadsratt,2026-04-16T20:38:28.294260
6161402915587439118,https://www.hemnet.se/salda/lagenhet-2rum-hogsbo-goteborgs-kommun-guldmyntsgatan-26-6161402915587439118,59-60m²,bostadsratt,2026-04-16T20:38:28.294265
1419805923528077568,https://www.hemnet.se/salda/lagenhet-2rum-varpinge-lunds-kommun-ernst-wigforss-gata-23-1419805923528077568,59-60m²,bostadsratt,2026-04-16T20:38:28.294271
4774576524689408640,https://www.hemnet.se/salda/lagenhet-2rum-madlyckan-mariestads-kommun-hantverkaregatan-32-4774576524689408640,59-60m²,bostadsratt,2026-04-16T20:38:28.294273
2744577988473637010,https://www.hemnet.se/salda/lagenhet-2rum-surahammar-surahammars-kommun-kallbergsvagen-40b-2744577988473637010,59-60m²,bostadsratt,2026-04-16T20:38:28.294274
5768346850947936750,https://www.hemnet.se/salda/lagenhet-2rum-vaster-lunds-kommun-lokforaregatan-15c-5768346850947936750,59-60m²,bostadsratt,2026-04-16T20:38:28.294277
6310652597762740635,https://www.hemnet.se/salda/lagenhet-2rum-malmaberg-vasteras-kommun-gunnilbogatan-30b-6310652597762740635,59-60m²,bostadsratt,2026-04-16T20:38:28.294279
8630029220849784070,https://www.hemnet.se/salda/lagenhet-3rum-ormkarr-stockholms-kommun-stjarnsundsgatan-13-8630029220849784070,59-60m²,bostadsratt,2026-04-16T20:38:28.294280
3151843189654391085,https://www.hemnet.se/salda/lagenhet-2rum-blomangen-tegelplan-ostersunds-kommun-tegelbruksvagen-12-c-3151843189654391085,59-60m²,bostadsratt,2026-04-16T20:38:28.294282
4330094836341699757,https://www.hemnet.se/salda/lagenhet-2rum-soderkulla-malmo-kommun-tornfalksgatan-20-4330094836341699757,59-60m²,bostadsratt,2026-04-16T20:38:28.294284
519928541675652052,https://www.hemnet.se/salda/lagenhet-2rum-pettersberg-vasteras-kommun-jakobsgatan-44c-519928541675652052,59-60m²,bostadsratt,2026-04-16T20:38:28.294286
3116820143418524036,https://www.hemnet.se/salda/lagenhet-2rum-skarphagen-norrkopings-kommun-klingagatan-9-3116820143418524036,59-60m²,bostadsratt,2026-04-16T20:38:28.294288
5008444785211748248,https://www.hemnet.se/salda/lagenhet-3rum-bodal-baggeby-lidingo-kommun-barkassvagen-3-5008444785211748248,59-60m²,bostadsratt,2026-04-16T20:38:28.294290
332507975080122913,https://www.hemnet.se/salda/lagenhet-2rum-storvreta-uppsala-kommun-meteorvagen-28-332507975080122913,59-60m²,bostadsratt,2026-04-16T20:38:28.294292
3603916213850717904,https://www.hemnet.se/salda/lagenhet-2rum-karlsdal-vasteras-kommun-lovisebergsvagen-12-3603916213850717904,59-60m²,bostadsratt,2026-04-16T20:38:28.294294
749593717035205497,https://www.hemnet.se/salda/lagenhet-3rum-hasselby-lovsta-alle-stockholms-kommun-hundlokegrand-24-749593717035205497,59-60m²,bostadsratt,2026-04-16T20:38:28.294299
5397167783943314864,https://www.hemnet.se/salda/lagenhet-2rum-centrala-arvika-arvika-kommun-borggatan-23a-5397167783943314864,59-60m²,bostadsratt,2026-04-16T20:38:28.294301
5614414792468338610,https://www.hemnet.se/salda/lagenhet-2rum-nasby-park-taby-kommun-koltrastvagen-2c-5614414792468338610,59-60m²,bostadsratt,2026-04-16T20:38:28.294305
1460497258752630516,https://www.hemnet.se/salda/lagenhet-2rum-snattringe-huddinge-kommun-haradsvagen-35c-1460497258752630516,59-60m²,bostadsratt,2026-04-16T20:38:28.294308
275714884455644052,https://www.hemnet.se/salda/lagenhet-2rum-s-t-knut-mollevangen-malmo-kommun-almbacksgatan-17-275714884455644052,59-60m²,bostadsratt,2026-04-16T20:38:28.294315
5046370068203866407,"https://www.hemnet.se/salda/lagenhet-2rum-vasastan-stockholms-kommun-idungatan-14,-2tr,-5046370068203866407",59-60m²,bostadsratt,2026-04-16T20:38:28.294318
6025761960480725245,https://www.hemnet.se/salda/lagenhet-2rum-hogsbo-goteborgs-kommun-guldmyntsgatan-36-6025761960480725245,59-60m²,bostadsratt,2026-04-16T20:38:28.294322
8939163951499307904,https://www.hemnet.se/salda/lagenhet-2rum-haga-sundsvalls-kommun-kungsvagen-1-8939163951499307904,59-60m²,bostadsratt,2026-04-16T20:38:28.294337
2891061007850997179,https://www.hemnet.se/salda/lagenhet-2rum-solbacken-ystads-kommun-stenstrykaregatan-6-2891061007850997179,59-60m²,bostadsratt,2026-04-16T20:38:28.294340
6873184048021156469,https://www.hemnet.se/salda/lagenhet-2rum-borgmastaregarden-malmo-kommun-albinsrogatan-45-6873184048021156469,59-60m²,bostadsratt,2026-04-16T20:38:28.294345
2708916975084214315,https://www.hemnet.se/salda/lagenhet-2rum-naset-lidingo-kommun-hognasvagen-12-2708916975084214315,59-60m²,bostadsratt,2026-04-16T20:38:28.294347
1952041447029238719,https://www.hemnet.se/salda/lagenhet-2rum-slottsstaden-malmo-kommun-regementsgatan-27c-1952041447029238719,59-60m²,bostadsratt,2026-04-16T20:38:28.294398
6028247343568035039,https://www.hemnet.se/salda/lagenhet-2rum-almedal-goteborgs-kommun-drivhusgatan-17-b-6028247343568035039,59-60m²,bostadsratt,2026-04-16T20:38:28.294417
7428753337331611918,https://www.hemnet.se/salda/lagenhet-2rum-kungsholmen-stockholms-kommun-inedalsgatan-17-7428753337331611918,59-60m²,bostadsratt,2026-04-16T20:38:28.294424
1558665234940868125,https://www.hemnet.se/salda/lagenhet-2rum-orgryte-goteborgs-kommun-barrskogsgatan-9b-1558665234940868125,59-60m²,bostadsratt,2026-04-16T20:38:28.294429
6372884591994734676,https://www.hemnet.se/salda/lagenhet-2rum-borgmastaregarden-malmo-kommun-albinsrogatan-43-6372884591994734676,59-60m²,bostadsratt,2026-04-16T20:38:28.294433
2033867970887123672,https://www.hemnet.se/salda/lagenhet-2rum-ostlyckan-alingsas-kommun-kometgatan-6f-2033867970887123672,59-60m²,bostadsratt,2026-04-16T20:38:28.294440
3227767081634269282,"https://www.hemnet.se/salda/lagenhet-2,5rum-skalby-kalmar-kommun-kungsgardsvagen-20b-3227767081634269282",59-60m²,bostadsratt,2026-04-16T20:38:28.294443
4254937787182746668,https://www.hemnet.se/salda/lagenhet-2rum-gamla-nasby-kristianstads-kommun-nasbychaussen-48b-4254937787182746668,59-60m²,bostadsratt,2026-04-16T20:38:28.294445
3259125311360827062,https://www.hemnet.se/salda/lagenhet-2rum-vasastan-roda-bergen-stockholms-kommun-falugatan-19-3259125311360827062,59-60m²,bostadsratt,2026-04-16T20:38:28.294454
8068819260939167086,https://www.hemnet.se/salda/lagenhet-2rum-sodermalm-kristinehamns-kommun-sodra-ringvagen-57-a-8068819260939167086,59-60m²,bostadsratt,2026-04-16T20:38:28.294457
1891232758765362127,https://www.hemnet.se/salda/lagenhet-2rum-arsta-stockholms-kommun-arstavagen-111-1891232758765362127,59-60m²,bostadsratt,2026-04-16T20:38:28.294460
6385080103879955258,https://www.hemnet.se/salda/lagenhet-2rum-hokarangen-stockholms-kommun-lingvagen-217-6385080103879955258,59-60m²,bostadsratt,2026-04-16T20:38:28.294461
254003773562573309,https://www.hemnet.se/salda/lagenhet-2rum-mellanheden-malmo-kommun-torupsgatan-1j-254003773562573309,59-60m²,bostadsratt,2026-04-16T20:38:28.294464
4892630669981122873,"https://www.hemnet.se/salda/lagenhet-2rum-liljeholmen-stockholms-kommun-nybohovsbacken-67,-8tr-4892630669981122873",59-60m²,bostadsratt,2026-04-16T20:38:28.294465
6135516700301187233,https://www.hemnet.se/salda/lagenhet-2rum-kimstad-norrkopings-kommun-backvagen-3a-6135516700301187233,59-60m²,bostadsratt,2026-04-16T20:38:28.294467
7891946939454059994,https://www.hemnet.se/salda/lagenhet-2rum-surte-ale-kommun-solskensvagen-1-7891946939454059994,59-60m²,bostadsratt,2026-04-16T20:38:28.294469
8820478822666934494,https://www.hemnet.se/salda/lagenhet-2rum-oster-vaxjo-kommun-ostregardsgatan-32a-8820478822666934494,59-60m²,bostadsratt,2026-04-16T20:38:28.294471
1328961299546205517,https://www.hemnet.se/salda/lagenhet-2rum-vastra-hamnen-malmo-kommun-flaggskeppsgatan-2-1328961299546205517,59-60m²,bostadsratt,2026-04-16T20:38:28.294474
6297890009402729370,https://www.hemnet.se/salda/lagenhet-2rum-centralt-arboga-kommun-munkgatan-3a-6297890009402729370,59-60m²,bostadsratt,2026-04-16T20:38:28.294475
1801970043817906361,https://www.hemnet.se/salda/lagenhet-2rum-bromma-blackeberg-stockholms-kommun-elias-lonnrots-vag-23-1801970043817906361,59-60m²,bostadsratt,2026-04-16T20:38:28.294478
8200692747186323357,"https://www.hemnet.se/salda/lagenhet-2rum-haggvik-sollentuna-kommun-folkungavagen-19,-2-tr-8200692747186323357",59-60m²,bostadsratt,2026-04-16T20:38:28.294481
3517040632027124755,https://www.hemnet.se/salda/lagenhet-2rum-timra-timra-kommun-kopmangatan-27c-3517040632027124755,59-60m²,bostadsratt,2026-04-16T20:38:28.294482
2338627607405253732,https://www.hemnet.se/salda/lagenhet-2rum-astorp-astorps-kommun-idrottsgatan-3c-2338627607405253732,59-60m²,bostadsratt,2026-04-16T20:38:28.294485
2509523661743190378,https://www.hemnet.se/salda/lagenhet-2rum-ovre-vasastaden-linkopings-kommun-sveagatan-33-2509523661743190378,59-60m²,bostadsratt,2026-04-16T20:38:28.294486
8267370670906400332,"https://www.hemnet.se/salda/lagenhet-3rum-arsta-stockholms-kommun-skattungsvagen-10,-3-tr-8267370670906400332",59-60m²,bostadsratt,2026-04-16T20:38:28.294489
5839140422360544120,https://www.hemnet.se/salda/lagenhet-2rum-goteborg-goteborgs-kommun-vintervadersgatan-1-5839140422360544120,59-60m²,bostadsratt,2026-04-16T20:38:28.294490
765269686580622451,https://www.hemnet.se/salda/lagenhet-2rum-fyllinge-halmstads-kommun-abborrvagen-55-765269686580622451,59-60m²,bostadsratt,2026-04-16T20:38:28.294497
5240205692380154617,https://www.hemnet.se/salda/lagenhet-2rum-ostra-sorgenfri-malmo-kommun-kiviksgatan-8b-5240205692380154617,59-60m²,bostadsratt,2026-04-16T20:38:28.294500
2910682880437419724,https://www.hemnet.se/salda/lagenhet-2rum-akersberga-centralt-osterakers-kommun-skolvagen-7c-2910682880437419724,59-60m²,bostadsratt,2026-04-16T20:38:28.294501
2546338964915442848,https://www.hemnet.se/salda/lagenhet-2rum-ellstorp-katrinelund-malmo-kommun-eriksdalsgatan-5b-2546338964915442848,59-60m²,bostadsratt,2026-04-16T20:38:28.294504
5858384551669791872,https://www.hemnet.se/salda/lagenhet-2rum-nasbypark-taby-kommun-koltrastvagen-2d-5858384551669791872,59-60m²,bostadsratt,2026-04-16T20:38:28.294505
605957241731864968,https://www.hemnet.se/salda/lagenhet-2rum-djurgarden-kristinehamns-kommun-djurgardsvagen-51-b-605957241731864968,59-60m²,bostadsratt,2026-04-16T20:38:28.294512
8820280984200918000,https://www.hemnet.se/salda/lagenhet-3rum-grondal-stockholms-kommun-sjobjornsvagen-15a-8820280984200918000,59-60m²,bostadsratt,2026-04-16T20:38:28.294515
6678983256489403639,"https://www.hemnet.se/salda/lagenhet-2rum-balsta-gamla-balsta-habo-kommun-balstavagen-11,-van-1-6678983256489403639",59-60m²,bostadsratt,2026-04-16T20:38:28.294516
419325417341079453,https://www.hemnet.se/salda/lagenhet-2rum-kronan-lulea-kommun-kompanivagen-23-419325417341079453,59-60m²,bostadsratt,2026-04-16T20:38:28.294521
187899394289592568,https://www.hemnet.se/salda/lagenhet-2rum-ostermalm-stockholms-kommun-valhallavagen-148b-187899394289592568,59-60m²,bostadsratt,2026-04-16T20:38:28.294524
2307458693406808693,"https://www.hemnet.se/salda/lagenhet-2,5rum-bandhagen-stockholms-kommun-skebokvarnsvagen-4,-2tr-2307458693406808693",59-60m²,bostadsratt,2026-04-16T20:38:28.294527
5294755666857629756,"https://www.hemnet.se/salda/lagenhet-2rum-kungsholmen-stockholms-kommun-ulriksborgsgatan-9,-7-tr-5294755666857629756",59-60m²,bostadsratt,2026-04-16T20:38:28.294528
4176686541376463072,https://www.hemnet.se/salda/lagenhet-2rum-vastertorp-stockholms-kommun-isgrand-13-4176686541376463072,59-60m²,bostadsratt,2026-04-16T20:38:28.294531
3688933525915915396,https://www.hemnet.se/salda/lagenhet-2rum-kungshojd-goteborgs-kommun-arsenalsgatan-12a-3688933525915915396,59-60m²,bostadsratt,2026-04-16T20:38:28.294536
882063290475848089,https://www.hemnet.se/salda/lagenhet-2rum-alideberg-boras-kommun-skogshyddegatan-46-882063290475848089,59-60m²,bostadsratt,2026-04-16T20:38:28.294539
9164512174986421100,https://www.hemnet.se/salda/lagenhet-2rum-simrishamn-simrishamns-kommun-backgatan-23b-9164512174986421100,59-60m²,bostadsratt,2026-04-16T20:38:28.294541
817949613673984462,"https://www.hemnet.se/salda/lagenhet-2rum-liljeholmen-stockholms-kommun-liljeholmsvagen-10b,-2-tr-817949613673984462",59-60m²,bostadsratt,2026-04-16T20:38:28.294543
786247465330947334,https://www.hemnet.se/salda/lagenhet-2rum-hagalund-solna-kommun-hagalundsgatan-14-786247465330947334,59-60m²,bostadsratt,2026-04-16T20:38:28.294545
1783307880214789280,https://www.hemnet.se/salda/lagenhet-2rum-ostermalm-stockholms-kommun-wittstocksgatan-3c-1783307880214789280,59-60m²,bostadsratt,2026-04-16T20:38:28.294547
6556564680361346096,https://www.hemnet.se/salda/lagenhet-2rum-morgongava-heby-kommun-bjorkvagen-5c-6556564680361346096,59-60m²,bostadsratt,2026-04-16T20:38:28.294549
1111697250454289205,"https://www.hemnet.se/salda/lagenhet-2,5rum-vasastan-atlas-stockholms-kommun-vulcanusgatan-1-1111697250454289205",59-60m²,bostadsratt,2026-04-16T20:38:28.294550
4721258096532761632,https://www.hemnet.se/salda/lagenhet-2rum-frosunda-solna-kommun-gustav-iii-s-boulevard-135-4721258096532761632,59-60m²,bostadsratt,2026-04-16T20:38:28.294553
4268465575604436634,https://www.hemnet.se/salda/lagenhet-3rum-bagarmossen-stockholms-kommun-bergsradsvagen-26-4268465575604436634,59-60m²,bostadsratt,2026-04-16T20:38:28.294554
7235622233448403505,https://www.hemnet.se/salda/lagenhet-2rum-byttorp-boras-kommun-vindelgatan-9b-7235622233448403505,59-60m²,bostadsratt,2026-04-16T20:38:28.294557
9128058228047181899,https://www.hemnet.se/salda/lagenhet-2rum-fruangen-stockholms-kommun-eva-bonniers-gata-8-9128058228047181899,59-60m²,bostadsratt,2026-04-16T20:38:28.294558
9036935359820727459,https://www.hemnet.se/salda/lagenhet-2rum-skurholmen-lulea-kommun-yrkesgatan-46-9036935359820727459,59-60m²,bostadsratt,2026-04-16T20:38:28.294564
257266623070815470,https://www.hemnet.se/salda/lagenhet-2rum-ellstorp-malmo-kommun-ellstorpsgatan-3d-257266623070815470,59-60m²,bostadsratt,2026-04-16T20:38:28.294566
2028676645191712362,https://www.hemnet.se/salda/lagenhet-2rum-kvissleby-sundsvalls-kommun-bryggaregrand-3b-2028676645191712362,59-60m²,bostadsratt,2026-04-16T20:38:28.294568
5261382484918596003,https://www.hemnet.se/salda/lagenhet-2rum-anderslov-trelleborgs-kommun-hedgatan-5b-5261382484918596003,59-60m²,bostadsratt,2026-04-16T20:38:28.294570
5816682871349040898,https://www.hemnet.se/salda/lagenhet-2rum-granby-uppsala-kommun-regngatan-21-5816682871349040898,59-60m²,bostadsratt,2026-04-16T20:38:28.294572
3208981198052882230,https://www.hemnet.se/salda/lagenhet-2rum-bunkeflostrand-malmo-kommun-skraddarebyn-1-a-3208981198052882230,59-60m²,bostadsratt,2026-04-16T20:38:28.294573
4298782056271567816,https://www.hemnet.se/salda/lagenhet-2rum-centralt-ornskoldsviks-kommun-vastra-dalgatan-42b-4298782056271567816,59-60m²,bostadsratt,2026-04-16T20:38:28.294576
2759246290654298589,https://www.hemnet.se/salda/lagenhet-2rum-nya-staden-lidkopings-kommun-stenportsgatan-28a-2759246290654298589,59-60m²,bostadsratt,2026-04-16T20:38:28.294577
6936834524007503400,https://www.hemnet.se/salda/lagenhet-2rum-kavlinge-tatort-kavlinge-kommun-kullagatan-13c-6936834524007503400,59-60m²,bostadsratt,2026-04-16T20:38:28.294580
4033363826264404008,https://www.hemnet.se/salda/lagenhet-2rum-kungsholmen-stockholms-kommun-svarvargatan-11-4033363826264404008,59-60m²,bostadsratt,2026-04-16T20:38:28.294581
4440872933146414521,"https://www.hemnet.se/salda/lagenhet-2rum-farsta-stockholms-kommun-filipstadsbacken-48,-3tr-4440872933146414521",59-60m²,bostadsratt,2026-04-16T20:38:28.294584
6186464373822488182,https://www.hemnet.se/salda/lagenhet-2rum-centrum-trelleborgs-kommun-engelbrektsgatan-46-6186464373822488182,59-60m²,bostadsratt,2026-04-16T20:38:28.294585
2692832783734579310,https://www.hemnet.se/salda/lagenhet-3rum-majorna-sandarna-goteborgs-kommun-styrsogatan-3b-2692832783734579310,59-60m²,bostadsratt,2026-04-16T20:38:28.294588
6422363932135982289,https://www.hemnet.se/salda/lagenhet-2rum-rasunda-solna-kommun-rasundavagen-156-6422363932135982289,59-60m²,bostadsratt,2026-04-16T20:38:28.294589
2156116536926179526,"https://www.hemnet.se/salda/lagenhet-2rum-vastertorp-stockholms-kommun-isgrand-3,-hogst-upp-2156116536926179526",59-60m²,bostadsratt,2026-04-16T20:38:28.294592
6106547689832291910,https://www.hemnet.se/salda/lagenhet-3rum-vaster-lunds-kommun-kakelvagen-10a-6106547689832291910,59-60m²,bostadsratt,2026-04-16T20:38:28.294593
186339539006509186,https://www.hemnet.se/salda/lagenhet-2rum-brunnshog-lunds-kommun-solvandan-1e-186339539006509186,59-60m²,bostadsratt,2026-04-16T20:38:28.294595
7978081157529858026,https://www.hemnet.se/salda/lagenhet-2rum-nordstan-vanersborgs-kommun-edsgatan-49-7978081157529858026,59-60m²,bostadsratt,2026-04-16T20:38:28.294596
127174710929755655,https://www.hemnet.se/salda/lagenhet-2rum-hisings-backa-goteborgs-kommun-heidenstams-gata-13-127174710929755655,59-60m²,bostadsratt,2026-04-16T20:38:28.294597
2837111046045185265,"https://www.hemnet.se/salda/lagenhet-3rum-gamla-stan-stockholms-kommun-storkyrkobrinken-3,-van-4-5-2837111046045185265",59-60m²,bostadsratt,2026-04-16T20:38:28.294598
7258090109488748205,"https://www.hemnet.se/salda/lagenhet-2rum-sodermalm-stockholms-kommun-ekehjelmstorget-2,-1-tr-7258090109488748205",59-60m²,bostadsratt,2026-04-16T20:38:28.294602
7947831551857378631,https://www.hemnet.se/salda/lagenhet-2rum-hogalid-trelleborgs-kommun-hogalidsvagen-28a-7947831551857378631,59-60m²,bostadsratt,2026-04-16T20:38:28.294604
5685856248261825665,https://www.hemnet.se/salda/lagenhet-2rum-hammarbyhojden-stockholms-kommun-paternostervagen-80-c-5685856248261825665,59-60m²,bostadsratt,2026-04-16T20:38:28.294605
1654392312729193314,https://www.hemnet.se/salda/lagenhet-2rum-centrala-nynashamn-nynashamns-kommun-jarnvagsgatan-24c-1654392312729193314,59-60m²,bostadsratt,2026-04-16T20:38:28.294607
5346849348925650400,https://www.hemnet.se/salda/lagenhet-2rum-norr-vaxjo-kommun-par-lagerkvists-vag-12a-5346849348925650400,59-60m²,bostadsratt,2026-04-16T20:38:28.294608
6434532371422273882,https://www.hemnet.se/salda/lagenhet-3rum-kalltorp-goteborgs-kommun-solrosgatan-19-b-6434532371422273882,59-60m²,bostadsratt,2026-04-16T20:38:28.294609
3222525079312995688,https://www.hemnet.se/salda/lagenhet-2rum-gula-hoja-malmo-kommun-vastra-skravlingevagen-125-3222525079312995688,59-60m²,bostadsratt,2026-04-16T20:38:28.294612
3657877404037709347,"https://www.hemnet.se/salda/lagenhet-2,5rum-grondal-stockholms-kommun-ljusstoparbacken-26b,-2tr-3657877404037709347",59-60m²,bostadsratt,2026-04-16T20:38:28.294614
6271445429512371892,https://www.hemnet.se/salda/lagenhet-2rum-drottningtorget-malmo-kommun-osterportsgatan-6b-6271445429512371892,59-60m²,bostadsratt,2026-04-16T20:38:28.294615
8644364268006435896,https://www.hemnet.se/salda/lagenhet-2rum-korfaltet-ostersunds-kommun-reveljgrand-18-8644364268006435896,59-60m²,bostadsratt,2026-04-16T20:38:28.294616
3031168674578721136,https://www.hemnet.se/salda/lagenhet-2rum-midsommarkransen-stockholms-kommun-aprilgatan-12b-3031168674578721136,59-60m²,bostadsratt,2026-04-16T20:38:28.294619
6543442989830481392,https://www.hemnet.se/salda/lagenhet-2rum-jakobsberg-jarfalla-kommun-manadsvagen-18-6543442989830481392,59-60m²,bostadsratt,2026-04-16T20:38:28.294621
6475050759431289271,https://www.hemnet.se/salda/lagenhet-2rum-biskopsgarden-goteborgs-kommun-vaderbodarna-2-6475050759431289271,59-60m²,bostadsratt,2026-04-16T20:38:28.294624
8308110463450454169,https://www.hemnet.se/salda/lagenhet-2rum-herrhagen-karlstads-kommun-langgatan-42-8308110463450454169,59-60m²,bostadsratt,2026-04-16T20:38:28.294626
164184835259027597,https://www.hemnet.se/salda/lagenhet-2rum-bjorneborg-kristinehamns-kommun-parbovagen-5-164184835259027597,59-60m²,bostadsratt,2026-04-16T20:38:28.294628
1745451436273656135,https://www.hemnet.se/salda/lagenhet-3rum-sveaplan-eskilstuna-kommun-sveavagen-6a-1745451436273656135,59-60m²,bostadsratt,2026-04-16T20:38:28.294629
8563361779452029364,https://www.hemnet.se/salda/lagenhet-2rum-ovre-slotts-uppsala-kommun-ovre-slottsgatan-12-8563361779452029364,59-60m²,bostadsratt,2026-04-16T20:38:28.294632
6511394426584860750,https://www.hemnet.se/salda/lagenhet-2rum-vaster-halmstads-kommun-broddesonsgatan-9-6511394426584860750,59-60m²,bostadsratt,2026-04-16T20:38:28.294633
5427082455172190158,https://www.hemnet.se/salda/lagenhet-2rum-tannefors-linkopings-kommun-axgrand-3-5427082455172190158,59-60m²,bostadsratt,2026-04-16T20:38:28.294636
1894590552220864232,https://www.hemnet.se/salda/lagenhet-2rum-ruddalen-goteborgs-kommun-fagottgatan-4-1894590552220864232,59-60m²,bostadsratt,2026-04-16T20:38:28.294637
1218914438102686458,https://www.hemnet.se/salda/lagenhet-2rum-stromslund-trollhattans-kommun-nornornas-vag-34a-1218914438102686458,59-60m²,bostadsratt,2026-04-16T20:38:28.294640
1829622057490113445,https://www.hemnet.se/salda/lagenhet-2rum-hagalund-borlange-kommun-hagavagen-25-1829622057490113445,59-60m²,bostadsratt,2026-04-16T20:38:28.294643
8855290480043397383,https://www.hemnet.se/salda/lagenhet-2rum-haga-sundsvalls-kommun-bragegatan-15-8855290480043397383,59-60m²,bostadsratt,2026-04-16T20:38:28.294644
7665469621733846853,https://www.hemnet.se/salda/lagenhet-2rum-barsta-sodertalje-kommun-karlslundsgatan-18-7665469621733846853,59-60m²,bostadsratt,2026-04-16T20:38:28.294646
5191915903486372392,https://www.hemnet.se/salda/lagenhet-2rum-norra-farjestad-jagartorpet-karlstads-kommun-jagartorpsvagen-3c-5191915903486372392,59-60m²,bostadsratt,2026-04-16T20:38:28.294652
7059398203284701896,https://www.hemnet.se/salda/lagenhet-2rum-vasastaden-linkopings-kommun-engelbrektsgatan-25-7059398203284701896,59-60m²,bostadsratt,2026-04-16T20:38:28.294654
455144184009060285,https://www.hemnet.se/salda/lagenhet-2rum-ljura-norrkopings-kommun-ljuragatan-10c-455144184009060285,59-60m²,bostadsratt,2026-04-16T20:38:28.294656
4866677113514850280,https://www.hemnet.se/salda/lagenhet-2rum-ostermalm-stockholms-kommun-nybrogatan-38a-4866677113514850280,59-60m²,bostadsratt,2026-04-16T20:38:28.294657
4059456103634949718,https://www.hemnet.se/salda/lagenhet-3rum-gardet-stockholms-kommun-oregrundsgatan-14-4059456103634949718,59-60m²,bostadsratt,2026-04-16T20:38:28.294659
4790384698605164387,https://www.hemnet.se/salda/lagenhet-2rum-eriksberg-uppsala-kommun-glimmervagen-2b-4790384698605164387,59-60m²,bostadsratt,2026-04-16T20:38:28.294661
812941028962792099,https://www.hemnet.se/salda/lagenhet-2rum-centrum-kopings-kommun-bergslagsvagen-16c-812941028962792099,59-60m²,bostadsratt,2026-04-16T20:38:28.294663
7232002695901866210,https://www.hemnet.se/salda/lagenhet-2rum-ranten-falkopings-kommun-trinnojegatan-12-7232002695901866210,59-60m²,bostadsratt,2026-04-16T20:38:28.294668
473904565401226795,https://www.hemnet.se/salda/lagenhet-2rum-tuve-goteborgs-kommun-angskogsvagen-6b-473904565401226795,59-60m²,bostadsratt,2026-04-16T20:38:28.294674
4330867381533132290,"https://www.hemnet.se/salda/lagenhet-2rum-hammarby-sjostad-stockholms-kommun-seglatsgatan-18,-5-tr-4330867381533132290",59-60m²,bostadsratt,2026-04-16T20:38:28.294676
2351053129907488499,https://www.hemnet.se/salda/lagenhet-2rum-ruddalen-goteborgs-kommun-mandolingatan-9-2351053129907488499,59-60m²,bostadsratt,2026-04-16T20:38:28.294678
3157872423547010972,https://www.hemnet.se/salda/lagenhet-2rum-bjorkhagen-stockholms-kommun-axvallsvagen-51-3157872423547010972,59-60m²,bostadsratt,2026-04-16T20:38:28.294680
6308927376567931634,https://www.hemnet.se/salda/lagenhet-2rum-ekero-kaggeholms-slottsby-ekero-kommun-kaggeholm-14-l1101-6308927376567931634,59-60m²,bostadsratt,2026-04-16T20:38:28.294683
8454711693372930361,https://www.hemnet.se/salda/lagenhet-2rum-gula-hoja-malmo-kommun-vastra-skravlingevagen-144-8454711693372930361,59-60m²,bostadsratt,2026-04-16T20:38:28.294685
2679799068352507062,https://www.hemnet.se/salda/lagenhet-2rum-teg-umea-kommun-borgvagen-25c-2679799068352507062,59-60m²,bostadsratt,2026-04-16T20:38:28.294686
8711484472205586898,https://www.hemnet.se/salda/lagenhet-2rum-naset-lidingo-kommun-kallangsvagen-58-8711484472205586898,59-60m²,bostadsratt,2026-04-16T20:38:28.294689
2402943551876235614,https://www.hemnet.se/salda/lagenhet-2rum-umedalen-umea-kommun-paradisgrand-10-2402943551876235614,59-60m²,bostadsratt,2026-04-16T20:38:28.294690
2306768397479199038,https://www.hemnet.se/salda/lagenhet-2rum-johannesfred-stockholms-kommun-tackjarnsvagen-16-2306768397479199038,59-60m²,bostadsratt,2026-04-16T20:38:28.294693
7354842124515145847,https://www.hemnet.se/salda/lagenhet-2rum-bodal-baggeby-lidingo-kommun-bodalsvagen-35-7354842124515145847,59-60m²,bostadsratt,2026-04-16T20:38:28.294694
1361512361405902820,https://www.hemnet.se/salda/lagenhet-2rum-funkabo-kalmar-kommun-banergatan-6b-1361512361405902820,59-60m²,bostadsratt,2026-04-16T20:38:28.294697
4850588635359138542,https://www.hemnet.se/salda/lagenhet-2rum-bromma-blackeberg-stockholms-kommun-elias-lonnrots-vag-21-4850588635359138542,59-60m²,bostadsratt,2026-04-16T20:38:28.294698
707863193427827615,"https://www.hemnet.se/salda/lagenhet-2rum-hagalund-solna-kommun-hagalundsgatan-12,-van-12-707863193427827615",59-60m²,bostadsratt,2026-04-16T20:38:28.294701
838306184723243772,https://www.hemnet.se/salda/lagenhet-2rum-barkarby-jarfalla-kommun-skalbyvagen-19-838306184723243772,59-60m²,bostadsratt,2026-04-16T20:38:28.294702
5746497599631826531,"https://www.hemnet.se/salda/lagenhet-2rum-hagalund-haga-norra-solna-kommun-hagalundsgatan-20,-van-11-av-13-5746497599631826531",59-60m²,bostadsratt,2026-04-16T20:38:28.294705
5210769488257854562,https://www.hemnet.se/salda/lagenhet-2rum-vasastan-stockholms-kommun-vikingagatan-43-5210769488257854562,59-60m²,bostadsratt,2026-04-16T20:38:28.294708
1655543311573216196,https://www.hemnet.se/salda/lagenhet-2rum-hammar-osterrang-kristianstads-kommun-oxhagsvagen-34-1655543311573216196,59-60m²,bostadsratt,2026-04-16T20:38:28.294710
8209839301386311856,https://www.hemnet.se/salda/lagenhet-2rum-jakobsberg-jarfalla-kommun-veckovagen-44-8209839301386311856,59-60m²,bostadsratt,2026-04-16T20:38:28.294712
7470108356411975080,https://www.hemnet.se/salda/lagenhet-2rum-centralt-kopings-kommun-bergslagsvagen-10a-7470108356411975080,59-60m²,bostadsratt,2026-04-16T20:38:28.294714
3917970580778034970,https://www.hemnet.se/salda/lagenhet-2rum-gubbangen-stockholms-kommun-skrinvagen-6-3917970580778034970,59-60m²,bostadsratt,2026-04-16T20:38:28.294716
1358788315262663852,https://www.hemnet.se/salda/lagenhet-2rum-rosersberg-sigtuna-kommun-kadettvagen-7-1358788315262663852,59-60m²,bostadsratt,2026-04-16T20:38:28.294718
1747453369455969142,https://www.hemnet.se/salda/lagenhet-2rum-hammarby-sjostad-stockholms-kommun-sickla-kanalgata-56-1747453369455969142,59-60m²,bostadsratt,2026-04-16T20:38:28.294720
7378257313245668733,"https://www.hemnet.se/salda/lagenhet-2rum-liljeholmen-stockholms-kommun-nybohovsbacken-81,-van-4-7378257313245668733",59-60m²,bostadsratt,2026-04-16T20:38:28.294723
5892337734656731652,"https://www.hemnet.se/salda/lagenhet-3rum-vasastan-stockholms-kommun-kungstensgatan-28d,-3tr-5892337734656731652",59-60m²,bostadsratt,2026-04-16T20:38:28.294725
7984678738629396774,https://www.hemnet.se/salda/lagenhet-2rum-lerum-centralt-lerums-kommun-lerum-andersvagen-110-7984678738629396774,59-60m²,bostadsratt,2026-04-16T20:38:28.294731
129912636204349244,"https://www.hemnet.se/salda/lagenhet-2,5rum-bandhagen-stockholms-kommun-skebokvarnsvagen-8-129912636204349244",59-60m²,bostadsratt,2026-04-16T20:38:28.294733
5864243408980245016,https://www.hemnet.se/salda/lagenhet-2rum-vasastan-stockholms-kommun-svarvargatan-18-5864243408980245016,59-60m²,bostadsratt,2026-04-16T20:38:28.294735
7195789257177620563,https://www.hemnet.se/salda/lagenhet-2rum-hammarby-sjostad-stockholms-kommun-midskeppsgatan-16-7195789257177620563,59-60m²,bostadsratt,2026-04-16T20:38:28.294737
3134096570737828778,https://www.hemnet.se/salda/lagenhet-2rum-johannelund-linkopings-kommun-skogslyckegatan-28-3134096570737828778,59-60m²,bostadsratt,2026-04-16T20:38:28.294739
6935406724827776618,https://www.hemnet.se/salda/lagenhet-3rum-rosendal-uppsala-kommun-amanuensgatan-9-6935406724827776618,59-60m²,bostadsratt,2026-04-16T20:38:28.294740
9144282756458779944,https://www.hemnet.se/salda/lagenhet-2rum-tegelplan-ostersunds-kommun-krondikesvagen-42b-9144282756458779944,59-60m²,bostadsratt,2026-04-16T20:38:28.294743
3843683075068181921,https://www.hemnet.se/salda/lagenhet-2rum-huskvarna-jonkopings-kommun-mossvagen-5-3843683075068181921,59-60m²,bostadsratt,2026-04-16T20:38:28.294748
4845761850272371104,https://www.hemnet.se/salda/lagenhet-3rum-salen-malung-salens-kommun-kantarellvagen-6-hus-27-andel-g-4845761850272371104,59-60m²,bostadsratt,2026-04-16T20:38:28.294751
983043998766503101,https://www.hemnet.se/salda/lagenhet-2rum-kobjer-lunds-kommun-kobjersvagen-9b-983043998766503101,59-60m²,bostadsratt,2026-04-16T20:38:28.294752
1791445789031743880,"https://www.hemnet.se/salda/lagenhet-2rum-akersberga-osterakers-kommun-runvagen-11,-1tr-1791445789031743880",59-60m²,bostadsratt,2026-04-16T20:38:28.294754
4728617102546020879,https://www.hemnet.se/salda/lagenhet-2rum-centralt-ornskoldsviks-kommun-vastra-dalgatan-46a-4728617102546020879,59-60m²,bostadsratt,2026-04-16T20:38:28.294755
4801753657272554593,"https://www.hemnet.se/salda/lagenhet-2rum-liljeholmskajen-stockholms-kommun-sjoviksvagen-124,-2-tr-4801753657272554593",59-60m²,bostadsratt,2026-04-16T20:38:28.294756
1614626548542677565,https://www.hemnet.se/salda/lagenhet-2rum-boras-centrum-boras-kommun-nygatan-3-1614626548542677565,59-60m²,bostadsratt,2026-04-16T20:38:28.294764
521199706440390777,https://www.hemnet.se/salda/lagenhet-2rum-hagernas-taby-kommun-radarvagen-22-521199706440390777,59-60m²,bostadsratt,2026-04-16T20:38:28.294768
3379832268592140647,https://www.hemnet.se/salda/lagenhet-2rum-soder-norrkopings-kommun-hagebygatan-65-3379832268592140647,59-60m²,bostadsratt,2026-04-16T20:38:28.294772
2450860904370971360,https://www.hemnet.se/salda/lagenhet-2rum-malmaberg-vasteras-kommun-stentorpsgatan-22b-2450860904370971360,59-60m²,bostadsratt,2026-04-16T20:38:28.294777
3429483500738302237,https://www.hemnet.se/salda/lagenhet-2rum-sorby-eklunda-orebro-kommun-hagmarksgatan-7a-3429483500738302237,59-60m²,bostadsratt,2026-04-16T20:38:28.294781
4726021254467154525,https://www.hemnet.se/salda/lagenhet-2rum-kronogarden-trollhattans-kommun-slattervagen-131-4726021254467154525,59-60m²,bostadsratt,2026-04-16T20:38:28.294785
69447900089980045,https://www.hemnet.se/salda/lagenhet-2rum-tullholmsviken-orrholmen-karlstads-kommun-packhusallen-8a-69447900089980045,59-60m²,bostadsratt,2026-04-16T20:38:28.294790
4818437005837899025,https://www.hemnet.se/salda/lagenhet-2rum-soderkulla-malmo-kommun-sodra-gulsparvsgatan-42-4818437005837899025,59-60m²,bostadsratt,2026-04-16T20:38:28.294794
2140052851836368455,https://www.hemnet.se/salda/lagenhet-2rum-borgmastaregarden-malmo-kommun-albinsrogatan-47-2140052851836368455,59-60m²,bostadsratt,2026-04-16T20:38:28.294798
5370805491795230389,https://www.hemnet.se/salda/lagenhet-2rum-arlov-burlovs-kommun-gronvagen-5a-5370805491795230389,59-60m²,bostadsratt,2026-04-16T20:38:28.294802
1420710920673170715,https://www.hemnet.se/salda/lagenhet-2rum-vasastan-stockholms-kommun-karlbergsvagen-87a-1420710920673170715,59-60m²,bostadsratt,2026-04-16T20:38:28.294806
3661000171620637437,https://www.hemnet.se/salda/lagenhet-2rum-centralt-ornskoldsvik-ornskoldsviks-kommun-nygatan-1b-3661000171620637437,59-60m²,bostadsratt,2026-04-16T20:38:28.294810
8777373682672198252,https://www.hemnet.se/salda/lagenhet-2rum-stampen-goteborgs-kommun-friggagatan-7a-8777373682672198252,59-60m²,bostadsratt,2026-04-16T20:38:28.294821
6598438502076198117,https://www.hemnet.se/salda/lagenhet-2rum-halmstad-centrum-halmstads-kommun-stenvinkelsgatan-15-6598438502076198117,59-60m²,bostadsratt,2026-04-16T20:38:28.294825
3659578568444250656,https://www.hemnet.se/salda/lagenhet-2rum-sofia-katarina-stockholms-kommun-gotgatan-98-102-3659578568444250656,59-60m²,bostadsratt,2026-04-16T20:38:28.294830
5262653852731084522,"https://www.hemnet.se/salda/lagenhet-2rum-arsta-stockholms-kommun-hjalmarsvagen-24-c,-5-trappor-5262653852731084522",59-60m²,bostadsratt,2026-04-16T20:38:28.294834
5607592315007283045,https://www.hemnet.se/salda/lagenhet-2rum-sundbyberg-sundbybergs-kommun-starrbacksgatan-11c-5607592315007283045,59-60m²,bostadsratt,2026-04-16T20:38:28.294838
4917375463717840287,https://www.hemnet.se/salda/lagenhet-2rum-bohus-ale-kommun-klorvagen-10b-4917375463717840287,59-60m²,bostadsratt,2026-04-16T20:38:28.294843
3823700100060920906,https://www.hemnet.se/salda/lagenhet-2rum-harnon-harnosands-kommun-norra-kyrkogatan-21-c-3823700100060920906,59-60m²,bostadsratt,2026-04-16T20:38:28.294852
2693677198093337968,https://www.hemnet.se/salda/lagenhet-2rum-herrhagen-karlstads-kommun-bergslagsgatan-3-2693677198093337968,59-60m²,bostadsratt,2026-04-16T20:38:28.294859
1886052495658888391,https://www.hemnet.se/salda/lagenhet-2rum-centralt-upplands-vasby-kommun-industrivagen-26-1886052495658888391,59-60m²,bostadsratt,2026-04-16T20:38:28.294863
2747524857094004542,https://www.hemnet.se/salda/lagenhet-2rum-skarsatra-lidingo-kommun-pyrolavagen-44-2747524857094004542,59-60m²,bostadsratt,2026-04-16T20:38:28.294867
8414937791679636625,"https://www.hemnet.se/salda/lagenhet-2rum-sofia-stockholms-kommun-folkungagatan-128,-5-tr-mot-gard-8414937791679636625",59-60m²,bostadsratt,2026-04-16T20:38:28.294870
1814063675976776991,https://www.hemnet.se/salda/lagenhet-2rum-centrala-marsta-sigtuna-kommun-satunavagen-14a-1814063675976776991,59-60m²,bostadsratt,2026-04-16T20:38:28.294871
3722034301242664509,https://www.hemnet.se/salda/lagenhet-2rum-centrum-hjo-kommun-sturegatan-7c-3722034301242664509,59-60m²,bostadsratt,2026-04-16T20:38:28.294874
3674591114164003440,https://www.hemnet.se/salda/lagenhet-2rum-lomma-tatort-lomma-kommun-slattangsgatan-25c-3674591114164003440,59-60m²,bostadsratt,2026-04-16T20:38:28.294879
1044665593957112905,https://www.hemnet.se/salda/lagenhet-2rum-naset-lidingo-kommun-kallangsvagen-7-1044665593957112905,59-60m²,bostadsratt,2026-04-16T20:38:28.294881
2165567355340969746,https://www.hemnet.se/salda/lagenhet-2rum-surte-ale-kommun-solskensvagen-1-2165567355340969746,59-60m²,bostadsratt,2026-04-16T20:38:28.294882
6545031992035400259,https://www.hemnet.se/salda/lagenhet-2rum-malarhojden-stockholms-kommun-mamsell-ullas-vag-3-6545031992035400259,59-60m²,bostadsratt,2026-04-16T20:38:28.294883
1328648777715313836,https://www.hemnet.se/salda/lagenhet-2rum-galjevangen-lunds-kommun-lagerbrings-vag-7e-1328648777715313836,59-60m²,bostadsratt,2026-04-16T20:38:28.294885
2944910323058161050,https://www.hemnet.se/salda/lagenhet-3rum-rasunda-solna-kommun-lovgatan-68-2944910323058161050,59-60m²,bostadsratt,2026-04-16T20:38:28.294886
44179303608032280,https://www.hemnet.se/salda/lagenhet-2rum-vattersnas-jonkopings-kommun-andreevagen-53b-44179303608032280,59-60m²,bostadsratt,2026-04-16T20:38:28.294887
730278921118361638,https://www.hemnet.se/salda/lagenhet-2rum-gardet-centrum-bollnas-kommun-hedhamregatan-2b-730278921118361638,59-60m²,bostadsratt,2026-04-16T20:38:28.294889
4587737109444294716,https://www.hemnet.se/salda/lagenhet-2rum-soderkulla-malmo-kommun-sodra-gulsparvsgatan-38-4587737109444294716,59-60m²,bostadsratt,2026-04-16T20:38:28.294890
861783308195054300,https://www.hemnet.se/salda/lagenhet-3rum-aby-angar-vallentuna-kommun-aby-alle-1b-861783308195054300,59-60m²,bostadsratt,2026-04-16T20:38:28.294891
7361538626399388546,https://www.hemnet.se/salda/lagenhet-2rum-slussen-malmo-kommun-slussgatan-12c-7361538626399388546,59-60m²,bostadsratt,2026-04-16T20:38:28.294892
5323991358551466692,https://www.hemnet.se/salda/lagenhet-2rum-gustavsberg-farstadal-varmdo-kommun-rekordvagen-7-5323991358551466692,59-60m²,bostadsratt,2026-04-16T20:38:28.294895
4477243728042007774,https://www.hemnet.se/salda/lagenhet-2rum-hogalid-trelleborgs-kommun-hogalidsvagen-28b-4477243728042007774,59-60m²,bostadsratt,2026-04-16T20:38:28.294897
225134072864235816,https://www.hemnet.se/salda/lagenhet-2rum-sandkilen-norrtalje-kommun-sandgatan-9-c-225134072864235816,59-60m²,bostadsratt,2026-04-16T20:38:28.294902
4530349612709069492,https://www.hemnet.se/salda/lagenhet-2rum-sodermalm-sofia-stockholms-kommun-folkungagatan-76a-4530349612709069492,59-60m²,bostadsratt,2026-04-16T20:38:28.294905
5689030831992240619,https://www.hemnet.se/salda/lagenhet-2rum-centralt-ornskoldsviks-kommun-vastra-dalgatan-40-a-5689030831992240619,59-60m²,bostadsratt,2026-04-16T20:38:28.294906
1328486282826559202,"https://www.hemnet.se/salda/lagenhet-2rum-arsta-stockholms-kommun-ralangsvagen-3,-2-tr-1328486282826559202",59-60m²,bostadsratt,2026-04-16T20:38:28.294909
5936925704827159423,https://www.hemnet.se/salda/lagenhet-2rum-rosengard-malmo-kommun-von-lingens-vag-4-5936925704827159423,59-60m²,bostadsratt,2026-04-16T20:38:28.294910
3118077567821400469,https://www.hemnet.se/salda/lagenhet-2rum-sundsvall-kubikenborg-sundsvalls-kommun-kubikenborgsgatan-17f-3118077567821400469,59-60m²,bostadsratt,2026-04-16T20:38:28.294913
2173348463248644966,https://www.hemnet.se/salda/lagenhet-3rum-slottsstaden-malmo-kommun-vastra-ronneholmsvagen-64b-2173348463248644966,59-60m²,bostadsratt,2026-04-16T20:38:28.294914
678996791001581608,https://www.hemnet.se/salda/lagenhet-2rum-sofiaparken-lunds-kommun-sofiaparken-5b-678996791001581608,59-60m²,bostadsratt,2026-04-16T20:38:28.294917
598569530467650930,"https://www.hemnet.se/salda/lagenhet-2,5rum-centrala-sundbyberg-lilla-alby-sundbybergs-kommun-gjuteribacken-4b-598569530467650930",59-60m²,bostadsratt,2026-04-16T20:38:28.294920
4343848809065811209,https://www.hemnet.se/salda/lagenhet-2rum-sodermalm-sodra-station-stockholms-kommun-swedenborgsgatan-40-4343848809065811209,59-60m²,bostadsratt,2026-04-16T20:38:28.294921
6794101812882224956,"https://www.hemnet.se/salda/lagenhet-3rum-hagerneholm,-arninge-ullna,-taby-taby-kommun-hagerneholmsvagen-7b-6794101812882224956",59-60m²,bostadsratt,2026-04-16T20:38:28.294924
7189223404670472465,https://www.hemnet.se/salda/lagenhet-2rum-brannas-molndals-kommun-brannasvagen-3-7189223404670472465,59-60m²,bostadsratt,2026-04-16T20:38:28.294925
188094018915154860,https://www.hemnet.se/salda/lagenhet-2rum-domherren-norrtalje-kommun-domherrevagen-14d-188094018915154860,59-60m²,bostadsratt,2026-04-16T20:38:28.294928
6459958440112414208,https://www.hemnet.se/salda/lagenhet-2rum-trosso-karlskrona-kommun-drottninggatan-50b-6459958440112414208,59-60m²,bostadsratt,2026-04-16T20:38:28.294929
2502557857329202728,https://www.hemnet.se/salda/lagenhet-2rum-barkarby-jarfalla-kommun-skalbyvagen-17-2502557857329202728,59-60m²,bostadsratt,2026-04-16T20:38:28.294932
312406304920552492,https://www.hemnet.se/salda/lagenhet-2rum-tvaaker-varbergs-kommun-gardsakersvagen-48-312406304920552492,59-60m²,bostadsratt,2026-04-16T20:38:28.294933
6329252734390689365,https://www.hemnet.se/salda/lagenhet-2rum-centrala-sundbyberg-sundbybergs-kommun-eliegatan-13-6329252734390689365,59-60m²,bostadsratt,2026-04-16T20:38:28.294936
4293486043021447018,https://www.hemnet.se/salda/lagenhet-3rum-teg-umea-kommun-korpralsvagen-34b-4293486043021447018,59-60m²,bostadsratt,2026-04-16T20:38:28.294937
234681420941492624,https://www.hemnet.se/salda/lagenhet-2rum-centralt-eslovs-kommun-kyrkogatan-3b-234681420941492624,59-60m²,bostadsratt,2026-04-16T20:38:28.294940
1132495929786944143,https://www.hemnet.se/salda/lagenhet-2rum-majorna-goteborgs-kommun-grona-gatan-49-1132495929786944143,59-60m²,bostadsratt,2026-04-16T20:38:28.294945
8314194171471688742,https://www.hemnet.se/salda/lagenhet-2rum-norr-helsingborgs-kommun-farmgranden-7-8314194171471688742,59-60m²,bostadsratt,2026-04-16T20:38:28.294947
767885563339451243,https://www.hemnet.se/salda/lagenhet-3rum-ormkarr-stockholms-kommun-fjugestagrand-4-767885563339451243,59-60m²,bostadsratt,2026-04-16T20:38:28.294949
5682750730399366472,https://www.hemnet.se/salda/lagenhet-2rum-vasterhaninge-haninge-kommun-ringvagen-34-5682750730399366472,59-60m²,bostadsratt,2026-04-16T20:38:28.294951
3500460402094436669,https://www.hemnet.se/salda/lagenhet-2rum-centralt-sandvikens-kommun-smala-vagen-7d-3500460402094436669,59-60m²,bostadsratt,2026-04-16T20:38:28.294952
7367215721807278772,https://www.hemnet.se/salda/lagenhet-2rum-sallyhill-sundsvalls-kommun-hardvallsgatan-8-7367215721807278772,59-60m²,bostadsratt,2026-04-16T20:38:28.294955
8846044773297832459,https://www.hemnet.se/salda/lagenhet-2rum-mariero-vanersborgs-kommun-marierovagen-6-a-8846044773297832459,59-60m²,bostadsratt,2026-04-16T20:38:28.294960
7650377981336729773,https://www.hemnet.se/salda/lagenhet-2rum-vikhem-staffanstorps-kommun-vikhems-bygata-101-7650377981336729773,59-60m²,bostadsratt,2026-04-16T20:38:28.294963
1849646611450116400,https://www.hemnet.se/salda/lagenhet-2rum-birkastan-stockholms-kommun-birkagatan-28a-1849646611450116400,59-60m²,bostadsratt,2026-04-16T20:38:28.294964
5042076611099829294,https://www.hemnet.se/salda/lagenhet-2rum-savja-uppsala-kommun-smalandsvagen-30-5042076611099829294,59-60m²,bostadsratt,2026-04-16T20:38:28.294967
7391904985382609805,https://www.hemnet.se/salda/lagenhet-3rum-arsta-stockholms-kommun-johanneshovsvagen-145-7391904985382609805,59-60m²,bostadsratt,2026-04-16T20:38:28.294968
7670847310369642490,https://www.hemnet.se/salda/lagenhet-2rum-finntorp-nacka-kommun-becksjudarvagen-53-7670847310369642490,59-60m²,bostadsratt,2026-04-16T20:38:28.294970
9097606924329133623,https://www.hemnet.se/salda/lagenhet-2rum-borgmastaregarden-malmo-kommun-albinsrogatan-59-9097606924329133623,59-60m²,bostadsratt,2026-04-16T20:38:28.294971
5741132067491342219,https://www.hemnet.se/salda/lagenhet-2rum-vasterhaninge-aby-haninge-kommun-kvartarvagen-195-5741132067491342219,59-60m²,bostadsratt,2026-04-16T20:38:28.294978
8064699595575266957,https://www.hemnet.se/salda/lagenhet-2rum-berga-linkopings-kommun-hovetorpsgatan-60-8064699595575266957,59-60m²,bostadsratt,2026-04-16T20:38:28.294980
232450023056972484,https://www.hemnet.se/salda/lagenhet-2rum-skiljebo-vasteras-kommun-farnebogatan-6b-232450023056972484,59-60m²,bostadsratt,2026-04-16T20:38:28.294987
4413551706052152220,"https://www.hemnet.se/salda/lagenhet-2rum-liljeholmen-stockholms-kommun-liljeholmsgrand-2,-5-tr-4413551706052152220",59-60m²,bostadsratt,2026-04-16T20:38:28.294991
4828887271808273175,"https://www.hemnet.se/salda/lagenhet-2,5rum-norr-eskilstuna-kommun-heljestrandsgatan-3c-4828887271808273175",59-60m²,bostadsratt,2026-04-16T20:38:28.294996
5018722789199894957,"https://www.hemnet.se/salda/lagenhet-2rum-lilla-essingen-stockholms-kommun-primusgatan-54,-9tr-5018722789199894957",59-60m²,bostadsratt,2026-04-16T20:38:28.295000
4572042929824759647,https://www.hemnet.se/salda/lagenhet-2rum-gredby-eskilstuna-kommun-vadmansgatan-16a-4572042929824759647,59-60m²,bostadsratt,2026-04-16T20:38:28.295004
221443401293052981,https://www.hemnet.se/salda/lagenhet-2rum-centralt-umea-kommun-radhusesplanaden-18c-221443401293052981,59-60m²,bostadsratt,2026-04-16T20:38:28.295008
1423047942893997638,https://www.hemnet.se/salda/lagenhet-2rum-mariehem-umea-kommun-mariehemsvagen-172-1423047942893997638,59-60m²,bostadsratt,2026-04-16T20:38:28.295012
4514877702789467655,https://www.hemnet.se/salda/lagenhet-2rum-avesta-avesta-kommun-malmgatan-31b-4514877702789467655,59-60m²,bostadsratt,2026-04-16T20:38:28.295016
545631181178387954,https://www.hemnet.se/salda/lagenhet-2rum-centrala-hisingen-porslinsfabriken-goteborgs-kommun-grona-annas-gata-15-545631181178387954,59-60m²,bostadsratt,2026-04-16T20:38:28.295025
2231837963492091091,https://www.hemnet.se/salda/lagenhet-2rum-linnestaden-goteborgs-kommun-nordhemsgatan-69c-2231837963492091091,59-60m²,bostadsratt,2026-04-16T20:38:28.295027
183262848230412457,https://www.hemnet.se/salda/lagenhet-2rum-ruddalen-goteborgs-kommun-mandolingatan-5-183262848230412457,59-60m²,bostadsratt,2026-04-16T20:38:28.295032
8453415465914672437,https://www.hemnet.se/salda/lagenhet-2rum-huskvarna-soder-jonkopings-kommun-storgatan-19-8453415465914672437,59-60m²,bostadsratt,2026-04-16T20:38:28.295036
2179615082187402123,https://www.hemnet.se/salda/lagenhet-3rum-kungsladugard-goteborgs-kommun-skytteskogsgatan-25-2179615082187402123,59-60m²,bostadsratt,2026-04-16T20:38:28.295040
7113831786758099376,https://www.hemnet.se/salda/lagenhet-2rum-gamla-filmstaden-solna-kommun-mauritz-stillers-vag-3-7113831786758099376,59-60m²,bostadsratt,2026-04-16T20:38:28.295044
5463760976777876150,https://www.hemnet.se/salda/lagenhet-2rum-bergviken-lulea-kommun-ljunggatan-2-5463760976777876150,59-60m²,bostadsratt,2026-04-16T20:38:28.295048
408769624007500233,https://www.hemnet.se/salda/lagenhet-3rum-rasunda-solna-kommun-asvagen-2-408769624007500233,59-60m²,bostadsratt,2026-04-16T20:38:28.295053
733972556454586684,https://www.hemnet.se/salda/lagenhet-3rum-lunden-goteborgs-kommun-rantmastaregatan-26c-733972556454586684,59-60m²,bostadsratt,2026-04-16T20:38:28.295057
8293749122206305073,https://www.hemnet.se/salda/lagenhet-2rum-centralt-osterakers-kommun-ebjorns-vag-5-8293749122206305073,59-60m²,bostadsratt,2026-04-16T20:38:28.295074
6544892382161434359,https://www.hemnet.se/salda/lagenhet-2rum-brynas-gavle-kommun-fjarde-tvargatan-49-6544892382161434359,59-60m²,bostadsratt,2026-04-16T20:38:28.295075
3911778980898533672,https://www.hemnet.se/salda/lagenhet-2rum-hogalid-trelleborgs-kommun-hogalidsvagen-22b-3911778980898533672,59-60m²,bostadsratt,2026-04-16T20:38:28.295078
5394823107889145030,https://www.hemnet.se/salda/lagenhet-2rum-johannelund-linkopings-kommun-munkhagsgatan-148-5394823107889145030,59-60m²,bostadsratt,2026-04-16T20:38:28.295079
2769561007516887023,https://www.hemnet.se/salda/lagenhet-2rum-berghem-umea-kommun-axtorpsvagen-5-f-2769561007516887023,59-60m²,bostadsratt,2026-04-16T20:38:28.295082
3135080615951912297,https://www.hemnet.se/salda/lagenhet-2rum-vasastaden-goteborgs-kommun-erik-dahlbergsgatan-29c-3135080615951912297,59-60m²,bostadsratt,2026-04-16T20:38:28.295083
3355160592257185456,https://www.hemnet.se/salda/lagenhet-2rum-huskvarna-norrangen-jonkopings-kommun-strandvagen-16a-3355160592257185456,59-60m²,bostadsratt,2026-04-16T20:38:28.295086
2771481990224577076,https://www.hemnet.se/salda/lagenhet-2rum-centralt-oskarshamns-kommun-kyrkogardsgatan-14-a-2771481990224577076,59-60m²,bostadsratt,2026-04-16T20:38:28.295087
4792632065028249426,https://www.hemnet.se/salda/lagenhet-2rum-hokarangen-stockholms-kommun-russinvagen-2-4792632065028249426,59-60m²,bostadsratt,2026-04-16T20:38:28.295089
2937751599429010371,"https://www.hemnet.se/salda/lagenhet-2rum-ostberga-alvsjo-stockholms-kommun-alvsakersgrand-46,-3-tr-2937751599429010371",59-60m²,bostadsratt,2026-04-16T20:38:28.295091
5697106492532162748,https://www.hemnet.se/salda/lagenhet-2rum-hagalund-borlange-kommun-tangringsgatan-26b-5697106492532162748,59-60m²,bostadsratt,2026-04-16T20:38:28.295093
7839477083760476435,https://www.hemnet.se/salda/lagenhet-2rum-hagernas-taby-kommun-radarvagen-22-7839477083760476435,59-60m²,bostadsratt,2026-04-16T20:38:28.295095
1754217270508129819,"https://www.hemnet.se/salda/lagenhet-2,5rum-skurholmen-lulea-kommun-langgatan-40-1754217270508129819",59-60m²,bostadsratt,2026-04-16T20:38:28.295097
965078664359265181,https://www.hemnet.se/salda/lagenhet-2rum-bohusgarden-uddevalla-kommun-skandiavagen-4a-965078664359265181,59-60m²,bostadsratt,2026-04-16T20:38:28.295099
730361470657326718,https://www.hemnet.se/salda/lagenhet-3rum-norrgard-kalmar-kommun-norrgardsgatan-3a-730361470657326718,59-60m²,bostadsratt,2026-04-16T20:38:28.295101
3611127549235317696,https://www.hemnet.se/salda/lagenhet-2rum-centrala-sundbyberg-sundbybergs-kommun-tradgardsgatan-21-3611127549235317696,59-60m²,bostadsratt,2026-04-16T20:38:28.295102
7594519269379387041,https://www.hemnet.se/salda/lagenhet-2rum-kaveros-goteborgs-kommun-orkestergatan-31-7594519269379387041,59-60m²,bostadsratt,2026-04-16T20:38:28.295105
8602584173918787958,https://www.hemnet.se/salda/lagenhet-2rum-folkparken-norrkopings-kommun-norra-promenaden-126a-8602584173918787958,59-60m²,bostadsratt,2026-04-16T20:38:28.295108
3379170512095167854,https://www.hemnet.se/salda/lagenhet-2rum-centrum-upplands-bro-kommun-tallrisvagen-8-3379170512095167854,59-60m²,bostadsratt,2026-04-16T20:38:28.295109
2337852198812755550,https://www.hemnet.se/salda/lagenhet-3rum-hokopinge-vellinge-kommun-bruksparken-4-2337852198812755550,59-60m²,bostadsratt,2026-04-16T20:38:28.295112
1290777409043926957,"https://www.hemnet.se/salda/lagenhet-3rum-liljeholmskajen-stockholms-kommun-sjoviksvagen-124,-4tr-1290777409043926957",59-60m²,bostadsratt,2026-04-16T20:38:28.295113
6142019178399460589,https://www.hemnet.se/salda/lagenhet-2rum-hagalund-solna-kommun-hagalundsgatan-14-6142019178399460589,59-60m²,bostadsratt,2026-04-16T20:38:28.295116
4803199762240638534,https://www.hemnet.se/salda/lagenhet-2rum-borgmastaregarden-malmo-kommun-lagmansgatan-3b-4803199762240638534,59-60m²,bostadsratt,2026-04-16T20:38:28.295117
934816511341223644,https://www.hemnet.se/salda/lagenhet-3rum-vasastan-stockholms-kommun-ingemarsgatan-3b-934816511341223644,59-60m²,bostadsratt,2026-04-16T20:38:28.295120
7949599196221817172,https://www.hemnet.se/salda/lagenhet-2rum-tuve-goteborgs-kommun-angskogsvagen-8b-7949599196221817172,59-60m²,bostadsratt,2026-04-16T20:38:28.295121
8347081180561522930,https://www.hemnet.se/salda/lagenhet-2rum-hagsatra-stockholms-kommun-lerbacksgrand-8-8347081180561522930,59-60m²,bostadsratt,2026-04-16T20:38:28.295128
3542748163260313852,https://www.hemnet.se/salda/lagenhet-2rum-lunden-goteborgs-kommun-nobelgatan-23-3542748163260313852,59-60m²,bostadsratt,2026-04-16T20:38:28.295130
4628371656737417910,https://www.hemnet.se/salda/lagenhet-2rum-centrala-sundbyberg-sundbybergs-kommun-tallgatan-11-4628371656737417910,59-60m²,bostadsratt,2026-04-16T20:38:28.295133
5414005250406531954,https://www.hemnet.se/salda/lagenhet-2rum-stenstorp-falkopings-kommun-hogalidsgatan-19c-5414005250406531954,59-60m²,bostadsratt,2026-04-16T20:38:28.295134
3197599597842138240,"https://www.hemnet.se/salda/lagenhet-2rum-vasastan-stockholms-kommun-karlbergsvagen-55,-4-tr-3197599597842138240",59-60m²,bostadsratt,2026-04-16T20:38:28.295136
3159160824180408715,https://www.hemnet.se/salda/lagenhet-2rum-skiljebo-vasteras-kommun-farnebogatan-16-b-3159160824180408715,59-60m²,bostadsratt,2026-04-16T20:38:28.295138
8936283056902553468,https://www.hemnet.se/salda/lagenhet-2rum-eneby-norrkopings-kommun-de-geersgatan-105-8936283056902553468,59-60m²,bostadsratt,2026-04-16T20:38:28.295141
8643088801016704396,"https://www.hemnet.se/salda/lagenhet-3rum-solna-centrum-solna-kommun-klippgatan-16a,-bv-8643088801016704396",59-60m²,bostadsratt,2026-04-16T20:38:28.295148
2206670753016839761,"https://www.hemnet.se/salda/lagenhet-2rum-sodermalm-zinkensdamm-stockholms-kommun-sockerbruksgrand-16,-7-tr-2206670753016839761",59-60m²,bostadsratt,2026-04-16T20:38:28.295149
4650834396947764338,https://www.hemnet.se/salda/lagenhet-2rum-nobel-malmo-kommun-goingeplan-10a-4650834396947764338,59-60m²,bostadsratt,2026-04-16T20:38:28.295152
6212647435560960188,https://www.hemnet.se/salda/lagenhet-2rum-rasunda-solna-kommun-sjovagen-2-6212647435560960188,59-60m²,bostadsratt,2026-04-16T20:38:28.295153
851335540050865896,https://www.hemnet.se/salda/lagenhet-2rum-gavle-centrum-gavle-kommun-engelbrektsgatan-5a-851335540050865896,59-60m²,bostadsratt,2026-04-16T20:38:28.295154
8750092760134854416,https://www.hemnet.se/salda/lagenhet-2rum-centrum-helsingborgs-kommun-kullagatan-37-8750092760134854416,59-60m²,bostadsratt,2026-04-16T20:38:28.295156
793569502719239441,https://www.hemnet.se/salda/lagenhet-2rum-centralt-vaster-landskrona-kommun-svarvaregatan-5-b-793569502719239441,59-60m²,bostadsratt,2026-04-16T20:38:28.295158
4343344671970131883,https://www.hemnet.se/salda/lagenhet-2rum-sjobo-centrum-sjobo-kommun-planteringsgatan-24c-4343344671970131883,59-60m²,bostadsratt,2026-04-16T20:38:28.295160
1022275092582257406,https://www.hemnet.se/salda/lagenhet-2rum-ludvika-hogberget-ludvika-kommun-stigbergsgatan-3c-1022275092582257406,59-60m²,bostadsratt,2026-04-16T20:38:28.295162
888582161878756365,https://www.hemnet.se/salda/lagenhet-2rum-ostermalm-lulea-kommun-ostra-malmgatan-27-888582161878756365,59-60m²,bostadsratt,2026-04-16T20:38:28.295163
9056800474422269015,https://www.hemnet.se/salda/lagenhet-2rum-orkelljunga-orkelljunga-kommun-ekholmsvagen-12f-9056800474422269015,59-60m²,bostadsratt,2026-04-16T20:38:28.295166
2281644777678782723,https://www.hemnet.se/salda/lagenhet-2rum-djakneberget-vasteras-kommun-djaknebergsgatan-15a-2281644777678782723,59-60m²,bostadsratt,2026-04-16T20:38:28.295168
324582297308719694,https://www.hemnet.se/salda/lagenhet-2rum-city-malmo-kommun-norra-skolgatan-4b-324582297308719694,59-60m²,bostadsratt,2026-04-16T20:38:28.295170
4090247581331308147,https://www.hemnet.se/salda/lagenhet-2rum-mariekall-sodertalje-kommun-erikshallsgatan-21-4090247581331308147,59-60m²,bostadsratt,2026-04-16T20:38:28.295172
913156439763276519,https://www.hemnet.se/salda/lagenhet-2rum-munkeback-goteborgs-kommun-lilla-munkebacksgatan-7e-913156439763276519,59-60m²,bostadsratt,2026-04-16T20:38:28.295174
6218182236054449965,https://www.hemnet.se/salda/lagenhet-2rum-centralt-svedala-kommun-bokebergsgatan-10-b-6218182236054449965,59-60m²,bostadsratt,2026-04-16T20:38:28.295176
8181851398806270470,https://www.hemnet.se/salda/lagenhet-2rum-ostra-mjolby-kommun-lagmansgatan-32-b-8181851398806270470,59-60m²,bostadsratt,2026-04-16T20:38:28.295178
427998310072364707,https://www.hemnet.se/salda/lagenhet-2rum-porslinskvarteren-varmdo-kommun-stig-lindbergs-gata-8-427998310072364707,59-60m²,bostadsratt,2026-04-16T20:38:28.295180
5844772640154598366,https://www.hemnet.se/salda/lagenhet-2rum-tynnered-goteborgs-kommun-rubingatan-12-5844772640154598366,59-60m²,bostadsratt,2026-04-16T20:38:28.295182
4228335891953082407,https://www.hemnet.se/salda/lagenhet-3rum-folkets-park-malmo-kommun-karlskronaplan-3-4228335891953082407,59-60m²,bostadsratt,2026-04-16T20:38:28.295187
7260194006923276974,https://www.hemnet.se/salda/lagenhet-2rum-hudiksvall-hudiksvalls-kommun-magasinsgatan-23e-7260194006923276974,59-60m²,bostadsratt,2026-04-16T20:38:28.295190
6668409629249645403,https://www.hemnet.se/salda/lagenhet-2rum-hassleholm-djupadal-hassleholms-kommun-esplanadgatan-26a-6668409629249645403,59-60m²,bostadsratt,2026-04-16T20:38:28.295191
9156615527829513812,https://www.hemnet.se/salda/lagenhet-2rum-ruddalen-goteborgs-kommun-fagottgatan-4-9156615527829513812,59-60m²,bostadsratt,2026-04-16T20:38:28.295194
7411400175777711672,https://www.hemnet.se/salda/lagenhet-2rum-tagaborg-helsingborgs-kommun-foreningsgatan-33a-7411400175777711672,59-60m²,bostadsratt,2026-04-16T20:38:28.295195
8299648679581478142,https://www.hemnet.se/salda/lagenhet-2rum-johannisdal-kopings-kommun-hagavagen-36-8299648679581478142,59-60m²,bostadsratt,2026-04-16T20:38:28.295202
5651828155131040202,https://www.hemnet.se/salda/lagenhet-2rum-svartbacken-kvarngar-uppsala-kommun-swedenborgsgatan-28b-5651828155131040202,59-60m²,bostadsratt,2026-04-16T20:38:28.295203
4636249265311316740,https://www.hemnet.se/salda/lagenhet-3rum-svartbacken-uppsala-kommun-folkungagatan-4c-4636249265311316740,59-60m²,bostadsratt,2026-04-16T20:38:28.295206
4656112500827727813,"https://www.hemnet.se/salda/lagenhet-2rum-hagernas-taby-kommun-radarvagen-20,-2-tr-4656112500827727813",59-60m²,bostadsratt,2026-04-16T20:38:28.295207
2656880625771882410,https://www.hemnet.se/salda/lagenhet-3rum-farsta-stockholms-kommun-larsbodavagen-80-2656880625771882410,59-60m²,bostadsratt,2026-04-16T20:38:28.295210
8311885352177359715,https://www.hemnet.se/salda/lagenhet-3rum-lund-centrum-lunds-kommun-prennegatan-2f-8311885352177359715,59-60m²,bostadsratt,2026-04-16T20:38:28.295211
6910724045294525743,https://www.hemnet.se/salda/lagenhet-2rum-djupadal-hassleholms-kommun-esplanadgatan-26a-6910724045294525743,59-60m²,bostadsratt,2026-04-16T20:38:28.295214
7256598257392661323,https://www.hemnet.se/salda/lagenhet-2rum-hogalid-kiruna-kommun-lappgatan-11a-7256598257392661323,59-60m²,bostadsratt,2026-04-16T20:38:28.295219
6280686828008447967,"https://www.hemnet.se/salda/lagenhet-2rum-vasterhaninge-haninge-kommun-gransvagen-4,-1-2-trappa-6280686828008447967",59-60m²,bostadsratt,2026-04-16T20:38:28.295222
588047508657435037,https://www.hemnet.se/salda/lagenhet-2rum-morohojden-skelleftea-kommun-myntgatan-51-588047508657435037,59-60m²,bostadsratt,2026-04-16T20:38:28.295223
9009797275955472177,"https://www.hemnet.se/salda/lagenhet-2rum-vastra-skogen-solna-kommun-infanterigatan-27,-8-tr-9009797275955472177",59-60m²,bostadsratt,2026-04-16T20:38:28.295225
2886277722657658556,https://www.hemnet.se/salda/lagenhet-2rum-marnas-hammarbacken-ludvika-kommun-marnasgatan-29-g-2886277722657658556,59-60m²,bostadsratt,2026-04-16T20:38:28.295227
6913664917625761582,https://www.hemnet.se/salda/lagenhet-2rum-granlo-sundsvalls-kommun-vikingavagen-42-6913664917625761582,59-60m²,bostadsratt,2026-04-16T20:38:28.295229
3538639268837938209,"https://www.hemnet.se/salda/lagenhet-2,5rum-falhagen-uppsala-kommun-falhagsleden-5c-3538639268837938209",59-60m²,bostadsratt,2026-04-16T20:38:28.295231
3595816789503745384,https://www.hemnet.se/salda/lagenhet-2rum-centralt-ostersunds-kommun-giljaregrand-4a-3595816789503745384,59-60m²,bostadsratt,2026-04-16T20:38:28.295233
6040890203035388304,https://www.hemnet.se/salda/lagenhet-2rum-nya-stan-karlshamns-kommun-vastra-langgatan-8-6040890203035388304,59-60m²,bostadsratt,2026-04-16T20:38:28.295234
1936642091050957501,https://www.hemnet.se/salda/lagenhet-2rum-trangsund-huddinge-kommun-tornslingan-41-1936642091050957501,59-60m²,bostadsratt,2026-04-16T20:38:28.295237
2716413193107744904,https://www.hemnet.se/salda/lagenhet-2rum-bohus-ale-kommun-alkalievagen-3b-2716413193107744904,59-60m²,bostadsratt,2026-04-16T20:38:28.295238
7929193094518531172,https://www.hemnet.se/salda/lagenhet-2rum-brunnsang-sodertalje-kommun-elsarostigen-2-7929193094518531172,59-60m²,bostadsratt,2026-04-16T20:38:28.295241
6423850525540828403,https://www.hemnet.se/salda/lagenhet-2rum-centrum-vaxjo-kommun-ekebovagen-4-6423850525540828403,59-60m²,bostadsratt,2026-04-16T20:38:28.295242
3096327818674362724,https://www.hemnet.se/salda/lagenhet-2rum-jakobsberg-jarfalla-kommun-vaderkvarnsgatan-3-3096327818674362724,59-60m²,bostadsratt,2026-04-16T20:38:28.295249
7060272543512756233,https://www.hemnet.se/salda/lagenhet-2rum-vallingby-centrum-stockholms-kommun-vallingbyvagen-136-7060272543512756233,59-60m²,bostadsratt,2026-04-16T20:38:28.295250
2518704309943555315,https://www.hemnet.se/salda/lagenhet-4rum-bjornrike-harjedalens-kommun-bjornrike-lostigen-15a-2518704309943555315,59-60m²,bostadsratt,2026-04-16T20:38:28.295253
4214616494452319672,https://www.hemnet.se/salda/lagenhet-2rum-molndal-centrum-molndals-kommun-vaxthusgatan-3-4214616494452319672,59-60m²,bostadsratt,2026-04-16T20:38:28.295254
3496773173328023442,https://www.hemnet.se/salda/lagenhet-2rum-sodra-ekkallan-linkopings-kommun-batterigatan-9-3496773173328023442,59-60m²,bostadsratt,2026-04-16T20:38:28.295257
146346376847191790,https://www.hemnet.se/salda/lagenhet-2rum-norrstrand-karlstads-kommun-norrstrandsgatan-21c-146346376847191790,59-60m²,bostadsratt,2026-04-16T20:38:28.295258
8704487507192607386,https://www.hemnet.se/salda/lagenhet-2rum-arlov-burlovs-kommun-jakob-pers-vag-2-8704487507192607386,59-60m²,bostadsratt,2026-04-16T20:38:28.295261
9135731217103124091,https://www.hemnet.se/salda/lagenhet-2rum-centrala-vasby-upplands-vasby-kommun-susebogatan-4-9135731217103124091,59-60m²,bostadsratt,2026-04-16T20:38:28.295262
6167531813271594495,"https://www.hemnet.se/salda/lagenhet-2rum-handen-haninge-kommun-idunvagen-6,-1-tr-6167531813271594495",59-60m²,bostadsratt,2026-04-16T20:38:28.295265
2270190618343438105,https://www.hemnet.se/salda/lagenhet-2rum-linnestaden-goteborgs-kommun-nordhemsgatan-18a-2270190618343438105,59-60m²,bostadsratt,2026-04-16T20:38:28.295266
7027543584268464789,https://www.hemnet.se/salda/lagenhet-2rum-lugnet-varmdo-kommun-meitens-vag-25-7027543584268464789,59-60m²,bostadsratt,2026-04-16T20:38:28.295268
1986312211205699664,https://www.hemnet.se/salda/lagenhet-2rum-annetorp-malmo-kommun-hyllie-kyrkovag-49a-1986312211205699664,59-60m²,bostadsratt,2026-04-16T20:38:28.295270
5805864364603180264,https://www.hemnet.se/salda/lagenhet-2rum-bergshamra-solna-kommun-ripstigen-2-5805864364603180264,59-60m²,bostadsratt,2026-04-16T20:38:28.295272
1997459552506490886,https://www.hemnet.se/salda/lagenhet-2rum-kobjer-lunds-kommun-slattervagen-5b-1997459552506490886,59-60m²,bostadsratt,2026-04-16T20:38:28.295274
919425985092510499,https://www.hemnet.se/salda/lagenhet-2rum-centrum-gallivare-kommun-schaktmastaregatan-3a-919425985092510499,59-60m²,bostadsratt,2026-04-16T20:38:28.295276
7648330803426253393,https://www.hemnet.se/salda/lagenhet-4rum-stoten-malung-salens-kommun-nedre-nordklint-6c-7648330803426253393,59-60m²,bostadsratt,2026-04-16T20:38:28.295278
6348186066463926841,https://www.hemnet.se/salda/lagenhet-2rum-norr-fagraback-vaxjo-kommun-osterleden-52f-6348186066463926841,59-60m²,bostadsratt,2026-04-16T20:38:28.295279
8891481132495730019,https://www.hemnet.se/salda/lagenhet-2rum-centrum-falu-kommun-asgatan-50d-8891481132495730019,59-60m²,bostadsratt,2026-04-16T20:38:28.295281
3876695346423053621,"https://www.hemnet.se/salda/lagenhet-2,5rum-gamlestaden-goteborgs-kommun-gamlestadstorget-41-3876695346423053621",59-60m²,bostadsratt,2026-04-16T20:38:28.295283
4083702120003099531,https://www.hemnet.se/salda/lagenhet-2rum-arlov-burlovs-kommun-gronvagen-3a-4083702120003099531,59-60m²,bostadsratt,2026-04-16T20:38:28.295288
884634518955242778,https://www.hemnet.se/salda/lagenhet-2rum-ostra-sorgenfri-malmo-kommun-branteviksgatan-10a-884634518955242778,59-60m²,bostadsratt,2026-04-16T20:38:28.295291
4709802089662563127,https://www.hemnet.se/salda/lagenhet-2rum-hogbeget-ludvika-kommun-stigbergsgatan-3c-4709802089662563127,59-60m²,bostadsratt,2026-04-16T20:38:28.295292
3781618461461210932,https://www.hemnet.se/salda/lagenhet-2rum-ekeby-bjuvs-kommun-storgatan-44b-3781618461461210932,59-60m²,bostadsratt,2026-04-16T20:38:28.295294
6243914005999707589,"https://www.hemnet.se/salda/lagenhet-2rum-solna-bergshamra-solna-kommun-ripstigen-8,-2-tr-6243914005999707589",59-60m²,bostadsratt,2026-04-16T20:38:28.295296
6414996318402776490,https://www.hemnet.se/salda/lagenhet-2rum-centralt-ornskoldsviks-kommun-nygatan-1a-6414996318402776490,59-60m²,bostadsratt,2026-04-16T20:38:28.295298
5302004999587720472,"https://www.hemnet.se/salda/lagenhet-2rum-sodermalm-maria-stockholms-kommun-ekehjelmstorget-8,-3tr-5302004999587720472",59-60m²,bostadsratt,2026-04-16T20:38:28.295301
6040540124223316195,https://www.hemnet.se/salda/lagenhet-2rum-tagaborg-helsingborgs-kommun-brommagatan-32-6040540124223316195,59-60m²,bostadsratt,2026-04-16T20:38:28.295313
1974514911130763877,https://www.hemnet.se/salda/lagenhet-2rum-barsta-sodertalje-kommun-karlslundsgatan-16-1974514911130763877,59-60m²,bostadsratt,2026-04-16T20:38:28.295314
4597134968226153917,"https://www.hemnet.se/salda/lagenhet-2rum-katarina-stockholms-kommun-folkungagatan-76,-van-1-i-gardshuset-4597134968226153917",59-60m²,bostadsratt,2026-04-16T20:38:28.295317
6449111237605457386,https://www.hemnet.se/salda/lagenhet-2rum-linne-goteborgs-kommun-fjarde-langgatan-19-6449111237605457386,59-60m²,bostadsratt,2026-04-16T20:38:28.295318
8542211397190649492,https://www.hemnet.se/salda/lagenhet-2rum-oxbacken-vasteras-kommun-asgatan-4b-8542211397190649492,59-60m²,bostadsratt,2026-04-16T20:38:28.295321
2141570301989316262,https://www.hemnet.se/salda/lagenhet-3rum-centralt-trelleborgs-kommun-hantverkaregatan-9b-2141570301989316262,59-60m²,bostadsratt,2026-04-16T20:38:28.295322
6802716724026246118,https://www.hemnet.se/salda/lagenhet-2rum-centrala-ostersund-ostersunds-kommun-storsjostraket-32-6802716724026246118,59-60m²,bostadsratt,2026-04-16T20:38:28.295335
2866566167314412721,https://www.hemnet.se/salda/lagenhet-2rum-vasastan-odenplan-stockholms-kommun-radmansgatan-59-2866566167314412721,59-60m²,bostadsratt,2026-04-16T20:38:28.295337
6519578282535193426,https://www.hemnet.se/salda/lagenhet-2rum-torslanda-bjorlanda-goteborgs-kommun-brygghusvagen-10-6519578282535193426,59-60m²,bostadsratt,2026-04-16T20:38:28.295338
2886652651433145335,https://www.hemnet.se/salda/lagenhet-2rum-sodermalm-stockholms-kommun-ringvagen-141b-2886652651433145335,59-60m²,bostadsratt,2026-04-16T20:38:28.295339
5718631892169130609,https://www.hemnet.se/salda/lagenhet-2rum-centralt-katrineholms-kommun-malmgatan-14-5718631892169130609,59-60m²,bostadsratt,2026-04-16T20:38:28.295341
4448452201994685422,https://www.hemnet.se/salda/lagenhet-1rum-telefonplan-midsommarkransen-stockholms-kommun-tellusborgsvagen-92-4448452201994685422,59-60m²,bostadsratt,2026-04-16T20:38:28.295343
2503890580808621702,https://www.hemnet.se/salda/lagenhet-2rum-luthagen-uppsala-kommun-stabby-alle-9d-2503890580808621702,59-60m²,bostadsratt,2026-04-16T20:38:28.295345
3944776085522154836,https://www.hemnet.se/salda/lagenhet-3rum-gardet-stockholms-kommun-smedsbacksgatan-7-3944776085522154836,59-60m²,bostadsratt,2026-04-16T20:38:28.295346
7055884424410655486,https://www.hemnet.se/salda/lagenhet-2rum-ribersborg-malmo-kommun-sergels-vag-9c-7055884424410655486,59-60m²,bostadsratt,2026-04-16T20:38:28.295349
427411814268571125,https://www.hemnet.se/salda/lagenhet-2rum-soderkulla-malmo-kommun-humanistgatan-4a-427411814268571125,59-60m²,bostadsratt,2026-04-16T20:38:28.295350
3392095707006871704,https://www.hemnet.se/salda/lagenhet-2rum-barrsatra-sandvikens-kommun-promenaden-7-3392095707006871704,59-60m²,bostadsratt,2026-04-16T20:38:28.295351
6433824573518394574,https://www.hemnet.se/salda/lagenhet-2rum-villastaden-kristinehamns-kommun-foraregatan-2f-6433824573518394574,59-60m²,bostadsratt,2026-04-16T20:38:28.295354
7911680521000801676,https://www.hemnet.se/salda/lagenhet-2rum-ulricehamn-ulricehamns-kommun-storgatan-55-7911680521000801676,59-60m²,bostadsratt,2026-04-16T20:38:28.295359
8872209660288115125,https://www.hemnet.se/salda/lagenhet-2rum-alta-nacka-kommun-stensovagen-13-8872209660288115125,59-60m²,bostadsratt,2026-04-16T20:38:28.295362
751708227597917192,"https://www.hemnet.se/salda/lagenhet-2rum-farsta-strand-stockholms-kommun-eksharadsgatan-87,-7tr-751708227597917192",59-60m²,bostadsratt,2026-04-16T20:38:28.295363
6247132429317836602,https://www.hemnet.se/salda/lagenhet-2rum-farsta-stockholms-kommun-boforsgatan-7-6247132429317836602,59-60m²,bostadsratt,2026-04-16T20:38:28.295366
2415663497286016398,https://www.hemnet.se/salda/lagenhet-2rum-ormesta-orebro-kommun-ulsavilagatan-41-2415663497286016398,59-60m²,bostadsratt,2026-04-16T20:38:28.295367
6963577592224498478,https://www.hemnet.se/salda/lagenhet-2rum-gamla-midsommarkransen-stockholms-kommun-lotmogatan-1-6963577592224498478,59-60m²,bostadsratt,2026-04-16T20:38:28.295370
6646509634187425410,https://www.hemnet.se/salda/lagenhet-3rum-johanneberg-goteborgs-kommun-kopparslagaregatan-15f-6646509634187425410,59-60m²,bostadsratt,2026-04-16T20:38:28.295371
1165294716420069937,https://www.hemnet.se/salda/lagenhet-3rum-vastra-orminge-nacka-kommun-ormingeringen-59a-1165294716420069937,59-60m²,bostadsratt,2026-04-16T20:38:28.295380
8098420054092813360,https://www.hemnet.se/salda/lagenhet-2rum-salabacke-uppsala-kommun-kallparksgatan-2-8098420054092813360,59-60m²,bostadsratt,2026-04-16T20:38:28.295382
1356374129389656297,https://www.hemnet.se/salda/lagenhet-2rum-sodra-soderhamn-soderhamns-kommun-abraham-backgatan-11d-1356374129389656297,59-60m²,bostadsratt,2026-04-16T20:38:28.295384
774225345368971233,https://www.hemnet.se/salda/lagenhet-2rum-soderkulla-malmo-kommun-humanistgatan-4a-774225345368971233,59-60m²,bostadsratt,2026-04-16T20:38:28.295386
6280240537024451647,https://www.hemnet.se/salda/lagenhet-2rum-sodermalm-stockholms-kommun-repslagargatan-8-6280240537024451647,59-60m²,bostadsratt,2026-04-16T20:38:28.295387
1059818859392543197,https://www.hemnet.se/salda/lagenhet-2rum-kaveros-goteborgs-kommun-tunnlandsgatan-20-1059818859392543197,59-60m²,bostadsratt,2026-04-16T20:38:28.295390
6577736547678487379,https://www.hemnet.se/salda/lagenhet-2rum-vasastaden-linkopings-kommun-ullevigatan-5-6577736547678487379,59-60m²,bostadsratt,2026-04-16T20:38:28.295391
4743965872833464283,https://www.hemnet.se/salda/lagenhet-2rum-sorbyangen-orebro-kommun-peppargatan-25-4743965872833464283,59-60m²,bostadsratt,2026-04-16T20:38:28.295394
6672931449347622982,https://www.hemnet.se/salda/lagenhet-2rum-flatas-goteborgs-kommun-famngatan-30-6672931449347622982,59-60m²,bostadsratt,2026-04-16T20:38:28.295395
5307344868095233414,https://www.hemnet.se/salda/lagenhet-2rum-bromma-beckomberga-stockholms-kommun-beckomberga-angsvag-47-5307344868095233414,59-60m²,bostadsratt,2026-04-16T20:38:28.295398
8451389257785396376,https://www.hemnet.se/salda/lagenhet-2rum-edvinshem-ystads-kommun-repslagaregatan-18b-8451389257785396376,59-60m²,bostadsratt,2026-04-16T20:38:28.295399
8909686995580295322,https://www.hemnet.se/salda/lagenhet-2rum-ekeby-karlskoga-kommun-gosta-berlings-vag-6a-8909686995580295322,59-60m²,bostadsratt,2026-04-16T20:38:28.295402
3922469253833268555,https://www.hemnet.se/salda/lagenhet-2rum-centrum-fagersta-kommun-vasavagen-16b-3922469253833268555,59-60m²,bostadsratt,2026-04-16T20:38:28.295403
2528959028110452653,https://www.hemnet.se/salda/lagenhet-2rum-kungsholmen-stockholms-kommun-kungsholms-strand-143-2528959028110452653,59-60m²,bostadsratt,2026-04-16T20:38:28.295406
4025732696186681675,https://www.hemnet.se/salda/lagenhet-2rum-bromma-mariehall-stockholms-kommun-kratsbodavagen-26-4025732696186681675,59-60m²,bostadsratt,2026-04-16T20:38:28.295407
7671705522531981387,"https://www.hemnet.se/salda/lagenhet-2rum-vastertorp-stockholms-kommun-slalomvagen-10,-van-3-3-7671705522531981387",59-60m²,bostadsratt,2026-04-16T20:38:28.295410
7219297487187109331,https://www.hemnet.se/salda/lagenhet-2rum-skarphagen-norrkopings-kommun-klingagatan-2-7219297487187109331,59-60m²,bostadsratt,2026-04-16T20:38:28.295411
7596274239656938282,https://www.hemnet.se/salda/lagenhet-2rum-forssa-borlange-kommun-snoagatan-10a-7596274239656938282,59-60m²,bostadsratt,2026-04-16T20:38:28.295412
7729506718229395205,https://www.hemnet.se/salda/lagenhet-2rum-gamlestaden-goteborgs-kommun-gamlestads-brygga-5-7729506718229395205,59-60m²,bostadsratt,2026-04-16T20:38:28.295415
5593980595310738003,https://www.hemnet.se/salda/lagenhet-3rum-frosunda-solna-kommun-gustav-iii-s-boulevard-167-5593980595310738003,59-60m²,bostadsratt,2026-04-16T20:38:28.295416
5243666337197329951,https://www.hemnet.se/salda/lagenhet-2rum-centrum-enkopings-kommun-sandgatan-46d-5243666337197329951,59-60m²,bostadsratt,2026-04-16T20:38:28.295419
5026581118070467357,https://www.hemnet.se/salda/lagenhet-2rum-marieholm-mariestads-kommun-sodra-vagen-84-5026581118070467357,59-60m²,bostadsratt,2026-04-16T20:38:28.295420
1326419715286345164,https://www.hemnet.se/salda/lagenhet-2rum-murberget-harnosands-kommun-murbergsvagen-7-1326419715286345164,59-60m²,bostadsratt,2026-04-16T20:38:28.295422
6214058010292548853,https://www.hemnet.se/salda/lagenhet-2rum-jakobsberg-jarfalla-kommun-veckovagen-40-6214058010292548853,59-60m²,bostadsratt,2026-04-16T20:38:28.295424
4011051365194494701,"https://www.hemnet.se/salda/lagenhet-2,5rum-lund-centrum-lunds-kommun-sodra-esplanaden-13b-4011051365194494701",59-60m²,bostadsratt,2026-04-16T20:38:28.295426
9099561118205048207,https://www.hemnet.se/salda/lagenhet-2rum-liljeholmen-stockholms-kommun-nybohovsbacken-65-van-11-11-9099561118205048207,59-60m²,bostadsratt,2026-04-16T20:38:28.295428
8534820356219806799,https://www.hemnet.se/salda/lagenhet-2rum-rudviken-solna-kommun-blomgatan-6-8534820356219806799,59-60m²,bostadsratt,2026-04-16T20:38:28.295434
5333668066512375620,https://www.hemnet.se/salda/lagenhet-2rum-ostra-sorgenfri-malmo-kommun-ostra-farmvagen-32d-5333668066512375620,59-60m²,bostadsratt,2026-04-16T20:38:28.295436
7107840563905295703,https://www.hemnet.se/salda/lagenhet-2rum-lerum-lerums-kommun-lerum-andersvagen-110-7107840563905295703,59-60m²,bostadsratt,2026-04-16T20:38:28.295438
765091380063456577,https://www.hemnet.se/salda/lagenhet-2rum-vasastan-birkastan-stockholms-kommun-norrbackagatan-15-765091380063456577,59-60m²,bostadsratt,2026-04-16T20:38:28.295440
58441230862082728,https://www.hemnet.se/salda/lagenhet-4rum-vemdalsskalet-harjedalens-kommun-vemdalsskalet-nedre-kullstigen-30b-58441230862082728,59-60m²,bostadsratt,2026-04-16T20:38:28.295442
5961116397017489916,https://www.hemnet.se/salda/lagenhet-2rum-norrbole-skelleftea-kommun-hagglundsgatan-8-b-5961116397017489916,59-60m²,bostadsratt,2026-04-16T20:38:28.295444
8887076686413278387,https://www.hemnet.se/salda/lagenhet-2rum-skarsatra-lidingo-kommun-pyrolavagen-56-8887076686413278387,59-60m²,bostadsratt,2026-04-16T20:38:28.295449
3053904064259741617,https://www.hemnet.se/salda/lagenhet-2rum-borgmastaregarden-pildammarna-malmo-kommun-albinsrogatan-51-3053904064259741617,59-60m²,bostadsratt,2026-04-16T20:38:28.295452
8217406641235902028,https://www.hemnet.se/salda/lagenhet-2rum-norra-djurgardsstaden-stockholms-kommun-drevergatan-1b-8217406641235902028,59-60m²,bostadsratt,2026-04-16T20:38:28.295453
857695540970032952,https://www.hemnet.se/salda/lagenhet-2rum-sodermalm-stockholms-kommun-katarina-bangata-50-857695540970032952,59-60m²,bostadsratt,2026-04-16T20:38:28.295456
1753775436391318482,https://www.hemnet.se/salda/lagenhet-2rum-luthagen-uppsala-kommun-kyrkogardsgatan-16c-1753775436391318482,59-60m²,bostadsratt,2026-04-16T20:38:28.295457
3352261921060163877,https://www.hemnet.se/salda/lagenhet-3rum-essingeoarna-stockholms-kommun-badstrandsvagen-33-3352261921060163877,59-60m²,bostadsratt,2026-04-16T20:38:28.295460
2126582529460053280,https://www.hemnet.se/salda/lagenhet-2rum-ingared-alingsas-kommun-kulltorpsgatan-3-2126582529460053280,59-60m²,bostadsratt,2026-04-16T20:38:28.295461
1399238173610811144,"https://www.hemnet.se/salda/lagenhet-2rum-vasastan-birkastan-stockholms-kommun-robert-almstromsgatan-4,-3-tr-1399238173610811144",59-60m²,bostadsratt,2026-04-16T20:38:28.295464
2577073467578328654,https://www.hemnet.se/salda/lagenhet-2rum-johanneberg-almedal-goteborgs-kommun-helmutsrogatan-3b-2577073467578328654,59-60m²,bostadsratt,2026-04-16T20:38:28.295465
5349657144633398974,https://www.hemnet.se/salda/lagenhet-2rum-granby-uppsala-kommun-regngatan-21-5349657144633398974,59-60m²,bostadsratt,2026-04-16T20:38:28.295468
7467524249535833664,https://www.hemnet.se/salda/lagenhet-2rum-lunden-goteborgs-kommun-de-geersgatan-18b-7467524249535833664,59-60m²,bostadsratt,2026-04-16T20:38:28.295469
3515299414561411694,https://www.hemnet.se/salda/lagenhet-2rum-haga-sundsvalls-kommun-tallrotsgatan-15-3515299414561411694,59-60m²,bostadsratt,2026-04-16T20:38:28.295472
6675299580251860331,https://www.hemnet.se/salda/lagenhet-2rum-sandkilen-norrtalje-kommun-sandgatan-7-c-6675299580251860331,59-60m²,bostadsratt,2026-04-16T20:38:28.295473
5559394068907693629,https://www.hemnet.se/salda/lagenhet-2rum-kvarnberget-karlstads-kommun-muraregatan-12-5559394068907693629,59-60m²,bostadsratt,2026-04-16T20:38:28.295476
2705932319441577627,https://www.hemnet.se/salda/lagenhet-2rum-haga-vasteras-kommun-norra-skjutbanegatan-18b-2705932319441577627,59-60m²,bostadsratt,2026-04-16T20:38:28.295477
55866911566649304,https://www.hemnet.se/salda/lagenhet-2rum-saltsjoqvarn-nacka-kommun-saltsjoqvarns-kaj-5-55866911566649304,59-60m²,bostadsratt,2026-04-16T20:38:28.295479
5773981023673008999,https://www.hemnet.se/salda/lagenhet-3rum-teg-umea-kommun-korpralsvagen-32b-5773981023673008999,59-60m²,bostadsratt,2026-04-16T20:38:28.295481
5313313379489433301,https://www.hemnet.se/salda/lagenhet-2rum-soderkulla-malmo-kommun-humanistgatan-4c-5313313379489433301,59-60m²,bostadsratt,2026-04-16T20:38:28.295483
2441100234270842689,https://www.hemnet.se/salda/lagenhet-2rum-bredang-stockholms-kommun-algrytebacken-5-2441100234270842689,59-60m²,bostadsratt,2026-04-16T20:38:28.295485
6928193171242539406,https://www.hemnet.se/salda/lagenhet-2rum-norra-nynashamn-nynashamns-kommun-vaktbergsvagen-21b-6928193171242539406,59-60m²,bostadsratt,2026-04-16T20:38:28.295491
8635494625039376722,https://www.hemnet.se/salda/lagenhet-2rum-marielund-ostersunds-kommun-odensalagatan-59-b-8635494625039376722,59-60m²,bostadsratt,2026-04-16T20:38:28.295492
6755621808248627892,https://www.hemnet.se/salda/lagenhet-2rum-skiljebo-vasteras-kommun-farnebogatan-14b-6755621808248627892,59-60m²,bostadsratt,2026-04-16T20:38:28.295495
6044030656551783478,https://www.hemnet.se/salda/lagenhet-2rum-gallivare-gallivare-kommun-dahlsgatan-2b-6044030656551783478,59-60m²,bostadsratt,2026-04-16T20:38:28.295496
2581855431033957566,https://www.hemnet.se/salda/lagenhet-2rum-vasastan-stockholms-kommun-robert-almstromsgatan-4-2581855431033957566,59-60m²,bostadsratt,2026-04-16T20:38:28.295497
6288752136832416369,https://www.hemnet.se/salda/lagenhet-2rum-biskopsgarden-goteborgs-kommun-onskevadersgatan-53-6288752136832416369,59-60m²,bostadsratt,2026-04-16T20:38:28.295500
1971504634542939216,https://www.hemnet.se/salda/lagenhet-2rum-kumla-centralt-kumla-kommun-sodra-kungsvagen-17-1971504634542939216,59-60m²,bostadsratt,2026-04-16T20:38:28.295505
7039452690515581771,"https://www.hemnet.se/salda/lagenhet-2rum-vasastan-stockholms-kommun-tegnergatan-19,-4tr-7039452690515581771",59-60m²,bostadsratt,2026-04-16T20:38:28.295508
6411845719275946370,https://www.hemnet.se/salda/lagenhet-2rum-naset-lidingo-kommun-kallangsvagen-9-6411845719275946370,59-60m²,bostadsratt,2026-04-16T20:38:28.295511
8574153168167553968,https://www.hemnet.se/salda/lagenhet-2rum-torslanda-bjorlanda-goteborgs-kommun-brygghusvagen-15-8574153168167553968,59-60m²,bostadsratt,2026-04-16T20:38:28.295512
7575516271482957375,https://www.hemnet.se/salda/lagenhet-2rum-amhult-goteborgs-kommun-norra-lysevagen-39-7575516271482957375,59-60m²,bostadsratt,2026-04-16T20:38:28.295515
8471994695623420652,https://www.hemnet.se/salda/lagenhet-3rum-reimersholme-stockholms-kommun-anders-reimers-vag-10-8471994695623420652,59-60m²,bostadsratt,2026-04-16T20:38:28.295516
6114756713491695480,https://www.hemnet.se/salda/lagenhet-2rum-dammfri-malmo-kommun-kopenhamnsvagen-20b-6114756713491695480,59-60m²,bostadsratt,2026-04-16T20:38:28.295521
7998588083096751055,https://www.hemnet.se/salda/lagenhet-2rum-ringstorp-helsingborgs-kommun-ryttmastaregatan-5b-7998588083096751055,59-60m²,bostadsratt,2026-04-16T20:38:28.295524
7490029099612433349,https://www.hemnet.se/salda/lagenhet-2rum-gransater-norrtalje-kommun-simpbylevagen-12-a-7490029099612433349,59-60m²,bostadsratt,2026-04-16T20:38:28.295526
1906359798644454526,https://www.hemnet.se/salda/lagenhet-2rum-alvsbacka-skelleftea-kommun-storgatan-81f-1906359798644454526,59-60m²,bostadsratt,2026-04-16T20:38:28.295528
1825937694980409577,https://www.hemnet.se/salda/lagenhet-2rum-hogalid-trelleborgs-kommun-hogalidsvagen-32b-1825937694980409577,59-60m²,bostadsratt,2026-04-16T20:38:28.295530
8933985540645487594,https://www.hemnet.se/salda/lagenhet-2rum-brunnshog-lunds-kommun-soluppgangen-20-8933985540645487594,59-60m²,bostadsratt,2026-04-16T20:38:28.295532
8933209495953963303,https://www.hemnet.se/salda/lagenhet-2rum-bergshamra-solna-kommun-ripstigen-3-8933209495953963303,59-60m²,bostadsratt,2026-04-16T20:38:28.295534
5128110316227345313,https://www.hemnet.se/salda/lagenhet-2rum-centrum-haparanda-kommun-sundellsgatan-17-b-5128110316227345313,59-60m²,bostadsratt,2026-04-16T20:38:28.295536
6840534357936882036,https://www.hemnet.se/salda/lagenhet-2rum-vaster-katrineholms-kommun-bjurstorpsgatan-1-6840534357936882036,59-60m²,bostadsratt,2026-04-16T20:38:28.295538
6059099256229045640,https://www.hemnet.se/salda/lagenhet-2rum-albatrossen-haninge-kommun-albatrossvagen-259-6059099256229045640,59-60m²,bostadsratt,2026-04-16T20:38:28.295539
4192770561543621556,https://www.hemnet.se/salda/lagenhet-2rum-centrum-oster-halmstads-kommun-hemmansvagen-18-4192770561543621556,59-60m²,bostadsratt,2026-04-16T20:38:28.295542
3242075912829301141,"https://www.hemnet.se/salda/lagenhet-2rum-sodermalm-stockholms-kommun-maria-trappgrand-1c,-1-tr-3242075912829301141",59-60m²,bostadsratt,2026-04-16T20:38:28.295543
1082561283807137095,https://www.hemnet.se/salda/lagenhet-2rum-farsta-strand-stockholms-kommun-filipstadsbacken-38-1082561283807137095,59-60m²,bostadsratt,2026-04-16T20:38:28.295545
930924711506070188,https://www.hemnet.se/salda/lagenhet-2rum-lilla-alby-sundbybergs-kommun-humblegatan-11-930924711506070188,59-60m²,bostadsratt,2026-04-16T20:38:28.295546
2084662288109007919,https://www.hemnet.se/salda/lagenhet-2rum-oster-orebro-kommun-nygatan-84-2084662288109007919,59-60m²,bostadsratt,2026-04-16T20:38:28.295552
832367351395066657,https://www.hemnet.se/salda/lagenhet-2rum-rosengard-malmo-kommun-von-lingens-vag-43-832367351395066657,59-60m²,bostadsratt,2026-04-16T20:38:28.295554
1529549033944489584,https://www.hemnet.se/salda/lagenhet-2rum-haga-sundsvalls-kommun-vastergatan-28-a-1529549033944489584,59-60m²,bostadsratt,2026-04-16T20:38:28.295556
7371821066289427308,https://www.hemnet.se/salda/lagenhet-2rum-haga-vasteras-kommun-norra-skjutbanegatan-18b-7371821066289427308,59-60m²,bostadsratt,2026-04-16T20:38:28.295558
1963973623970410782,https://www.hemnet.se/salda/lagenhet-2rum-sundsta-karlstads-kommun-rudsvagen-5b-1963973623970410782,59-60m²,bostadsratt,2026-04-16T20:38:28.295560
8920776462101857528,https://www.hemnet.se/salda/lagenhet-2rum-hammarbyhojden-stockholms-kommun-paternostervagen-32-8920776462101857528,59-60m²,bostadsratt,2026-04-16T20:38:28.295562
2662685440099570180,https://www.hemnet.se/salda/lagenhet-2rum-centrum-ystads-kommun-mariagatan-7b-2662685440099570180,59-60m²,bostadsratt,2026-04-16T20:38:28.295564
2148304447297501430,https://www.hemnet.se/salda/lagenhet-2rum-katarina-stockholms-kommun-katarina-bangata-50-2148304447297501430,59-60m²,bostadsratt,2026-04-16T20:38:28.295566
9158739807719320611,https://www.hemnet.se/salda/lagenhet-2rum-storvik-sandvikens-kommun-thore-petregatan-5b-9158739807719320611,59-60m²,bostadsratt,2026-04-16T20:38:28.295568
7801743158360486109,https://www.hemnet.se/salda/lagenhet-2rum-broslatt-molndals-kommun-gladiolusgatan-5-b-7801743158360486109,59-60m²,bostadsratt,2026-04-16T20:38:28.295569
1728511516343242973,https://www.hemnet.se/salda/lagenhet-2rum-torslanda-lilleby-goteborgs-kommun-lilleby-as-7-1728511516343242973,59-60m²,bostadsratt,2026-04-16T20:38:28.295572
3918160906393413243,https://www.hemnet.se/salda/lagenhet-2rum-centrala-molndal-molndals-kommun-broslattsgatan-27-3918160906393413243,59-60m²,bostadsratt,2026-04-16T20:38:28.295573
6164309466097641771,https://www.hemnet.se/salda/lagenhet-2rum-ostermalm-stockholms-kommun-lovisagatan-4-6164309466097641771,59-60m²,bostadsratt,2026-04-16T20:38:28.295576
8718586506564277295,https://www.hemnet.se/salda/lagenhet-3rum-gamla-stan-stockholms-kommun-kakbrinken-8-8718586506564277295,59-60m²,bostadsratt,2026-04-16T20:38:28.295579
1325048768968180795,https://www.hemnet.se/salda/lagenhet-2rum-bro-gamla-bro-upplands-bro-kommun-malarvagen-4-1325048768968180795,59-60m²,bostadsratt,2026-04-16T20:38:28.295580
2972205050330248286,https://www.hemnet.se/salda/lagenhet-2rum-jakobsberg-jarfalla-kommun-frihetsvagen-35-2972205050330248286,59-60m²,bostadsratt,2026-04-16T20:38:28.295583
3911242922302335456,https://www.hemnet.se/salda/lagenhet-3rum-arsta-stockholms-kommun-skattungsvagen-6-3911242922302335456,59-60m²,bostadsratt,2026-04-16T20:38:28.295584
4598794841695502062,https://www.hemnet.se/salda/lagenhet-3rum-enskededalen-stockholms-kommun-kyrkogardsvagen-113-4598794841695502062,59-60m²,bostadsratt,2026-04-16T20:38:28.295587
914172860092409093,https://www.hemnet.se/salda/lagenhet-2rum-norrmalm-vasteras-kommun-vasagatan-49-914172860092409093,59-60m²,bostadsratt,2026-04-16T20:38:28.295592
2113664828734591265,"https://www.hemnet.se/salda/lagenhet-2,5rum-sodermalm-stockholms-kommun-tjarhovsgatan-40-2113664828734591265",59-60m²,bostadsratt,2026-04-16T20:38:28.295594
2386422829019334309,https://www.hemnet.se/salda/lagenhet-3rum-lilla-alby-sundbybergs-kommun-tradgardsgatan-21-2386422829019334309,59-60m²,bostadsratt,2026-04-16T20:38:28.295596
9157404680590624410,https://www.hemnet.se/salda/lagenhet-2rum-gribbylund-taby-kommun-reduttvagen-24e-9157404680590624410,59-60m²,bostadsratt,2026-04-16T20:38:28.295597
5164737851312532831,https://www.hemnet.se/salda/lagenhet-2rum-brunnsang-sodertalje-kommun-elsarostigen-8-5164737851312532831,59-60m²,bostadsratt,2026-04-16T20:38:28.295600
608603029630169032,https://www.hemnet.se/salda/lagenhet-2rum-hogalid-trelleborgs-kommun-hogalidsvagen-30a-608603029630169032,59-60m²,bostadsratt,2026-04-16T20:38:28.295601
376258504288478901,https://www.hemnet.se/salda/lagenhet-3rum-norra-guldheden-goteborgs-kommun-lovskogsgatan-4-a-376258504288478901,59-60m²,bostadsratt,2026-04-16T20:38:28.295603
1647478095076479189,https://www.hemnet.se/salda/lagenhet-2rum-fanna-enkopings-kommun-fannagatan-28-lgh-1105-1647478095076479189,59-60m²,bostadsratt,2026-04-16T20:38:28.295608
3815396153450461521,https://www.hemnet.se/salda/lagenhet-2rum-slussen-malmo-kommun-drottninggatan-5b-3815396153450461521,59-60m²,bostadsratt,2026-04-16T20:38:28.295611
3473708652922320457,https://www.hemnet.se/salda/lagenhet-2rum-sodertalje-sodertalje-kommun-karlslundsgatan-22-3473708652922320457,59-60m²,bostadsratt,2026-04-16T20:38:28.295612
5380311305813671007,"https://www.hemnet.se/salda/lagenhet-2,5rum-orta-sandvikens-kommun-tulegatan-22c-5380311305813671007",59-60m²,bostadsratt,2026-04-16T20:38:28.295615
4320092415508583605,"https://www.hemnet.se/salda/lagenhet-3rum-larsberg-lidingo-kommun-agavagen-10,-1-tr-4320092415508583605",59-60m²,bostadsratt,2026-04-16T20:38:28.295616
5431027673988322216,https://www.hemnet.se/salda/lagenhet-2rum-hyllie-malmo-kommun-hyllie-boulevard-11b-5431027673988322216,59-60m²,bostadsratt,2026-04-16T20:38:28.295619
3487691936757276380,https://www.hemnet.se/salda/lagenhet-2rum-ostberga-alvsjo-stockholms-kommun-stamgatan-33-3487691936757276380,59-60m²,bostadsratt,2026-04-16T20:38:28.295620
2174267437234351077,https://www.hemnet.se/salda/lagenhet-2rum-tagaborg-helsingborgs-kommun-bagaregatan-21-2174267437234351077,59-60m²,bostadsratt,2026-04-16T20:38:28.295623
3007616824089568834,https://www.hemnet.se/salda/lagenhet-2rum-tyreso-centrum-tyreso-kommun-stadsparken-6-3007616824089568834,59-60m²,bostadsratt,2026-04-16T20:38:28.295624
5783517446312623128,https://www.hemnet.se/salda/lagenhet-2rum-jungfruplatsen-molndals-kommun-tvillinggatan-2a-5783517446312623128,59-60m²,bostadsratt,2026-04-16T20:38:28.295627
22014620812066164,https://www.hemnet.se/salda/lagenhet-2rum-kalleback-goteborgs-kommun-kallebacksvagen-11a-22014620812066164,59-60m²,bostadsratt,2026-04-16T20:38:28.295628
354149077262633158,https://www.hemnet.se/salda/lagenhet-2rum-haga-vasteras-kommun-rekylgatan-23-354149077262633158,59-60m²,bostadsratt,2026-04-16T20:38:28.295631
3539001796573262526,https://www.hemnet.se/salda/lagenhet-3rum-kungsholmen-stockholms-kommun-fridhemsgatan-64a-3539001796573262526,59-60m²,bostadsratt,2026-04-16T20:38:28.295632
456572060930775160,https://www.hemnet.se/salda/lagenhet-2rum-bullermyren-hagalund-borlange-kommun-tangringsgatan-26-c-456572060930775160,59-60m²,bostadsratt,2026-04-16T20:38:28.295635
9111785348782475298,https://www.hemnet.se/salda/lagenhet-2rum-hisings-backa-bla-staden-goteborgs-kommun-ovralidsgatan-27-9111785348782475298,59-60m²,bostadsratt,2026-04-16T20:38:28.295636
7837395501844809075,https://www.hemnet.se/salda/lagenhet-2rum-helenelund-sollentuna-kommun-akervagen-14-7837395501844809075,59-60m²,bostadsratt,2026-04-16T20:38:28.295639
2262711872263959842,"https://www.hemnet.se/salda/lagenhet-2rum-alta-nacka-kommun-stensovagen-5,-3tr-2262711872263959842",59-60m²,bostadsratt,2026-04-16T20:38:28.295640
9093293835279837585,https://www.hemnet.se/salda/lagenhet-2rum-aby-molndals-kommun-ridspogatan-1a-9093293835279837585,59-60m²,bostadsratt,2026-04-16T20:38:28.295643
2284213889276917448,https://www.hemnet.se/salda/lagenhet-2rum-filipstad-filipstads-kommun-bronellsgatan-3-a-2284213889276917448,59-60m²,bostadsratt,2026-04-16T20:38:28.295644
318318001162670722,https://www.hemnet.se/salda/lagenhet-2rum-hasthagen-varmdo-kommun-skankelvagen-4-318318001162670722,59-60m²,bostadsratt,2026-04-16T20:38:28.295650
6407682473271307229,https://www.hemnet.se/salda/lagenhet-2rum-anneberg-kungsbacka-kommun-abborrvagen-7-6407682473271307229,59-60m²,bostadsratt,2026-04-16T20:38:28.295651
7741707029658107845,https://www.hemnet.se/salda/lagenhet-2rum-kungsangen-brunna-park-upplands-bro-kommun-femstenavagen-7-7741707029658107845,59-60m²,bostadsratt,2026-04-16T20:38:28.295654
9182069438095088719,https://www.hemnet.se/salda/lagenhet-2rum-centrala-tyreso-tyreso-kommun-sikvagen-38-9182069438095088719,59-60m²,bostadsratt,2026-04-16T20:38:28.295656
81814386815418826,https://www.hemnet.se/salda/lagenhet-3rum-norra-guldheden-goteborgs-kommun-lovskogsgatan-4a-81814386815418826,59-60m²,bostadsratt,2026-04-16T20:38:28.295658
6443366740245533400,https://www.hemnet.se/salda/lagenhet-2rum-jungfruplatsen-molndals-kommun-tvillinggatan-2a-6443366740245533400,59-60m²,bostadsratt,2026-04-16T20:38:28.295659
7099301523901476510,https://www.hemnet.se/salda/lagenhet-3rum-sodermalm-hornstull-hogalid-stockholms-kommun-bergsundsgatan-23-7099301523901476510,59-60m²,bostadsratt,2026-04-16T20:38:28.295666
5404194201339179727,https://www.hemnet.se/salda/lagenhet-2rum-barrsatra-sandvikens-kommun-promenaden-3-5404194201339179727,59-60m²,bostadsratt,2026-04-16T20:38:28.295669
1643913297983553260,https://www.hemnet.se/salda/lagenhet-2rum-ovanfor-viadukten-varnamo-kommun-gotavagen-32-1643913297983553260,59-60m²,bostadsratt,2026-04-16T20:38:28.295672
5830236475877337375,https://www.hemnet.se/salda/lagenhet-2rum-molndal-bosgarden-molndals-kommun-hagakersgatan-10c-5830236475877337375,59-60m²,bostadsratt,2026-04-16T20:38:28.295673
5084735969807099893,https://www.hemnet.se/salda/lagenhet-2rum-danderyd-danderyds-kommun-satraangsvagen-140-5084735969807099893,59-60m²,bostadsratt,2026-04-16T20:38:28.295676
3052213670265632643,https://www.hemnet.se/salda/lagenhet-2rum-riksby-stockholms-kommun-synalsvagen-21-3052213670265632643,59-60m²,bostadsratt,2026-04-16T20:38:28.295677
6788593355600176692,https://www.hemnet.se/salda/lagenhet-2rum-hokarangen-stockholms-kommun-lingvagen-215-6788593355600176692,59-60m²,bostadsratt,2026-04-16T20:38:28.295680
4937188472568151021,https://www.hemnet.se/salda/lagenhet-2rum-rosengarden-helsingborgs-kommun-linbastagatan-11-4937188472568151021,59-60m²,bostadsratt,2026-04-16T20:38:28.295681
1125440204130952488,https://www.hemnet.se/salda/lagenhet-2rum-fredriksberg-vanersborgs-kommun-roddaregatan-7a-1125440204130952488,59-60m²,bostadsratt,2026-04-16T20:38:28.295684
2969866232911827302,https://www.hemnet.se/salda/lagenhet-2rum-centrala-marsta-sigtuna-kommun-vastra-bangatan-57c-1tr-2969866232911827302,59-60m²,bostadsratt,2026-04-16T20:38:28.295685
969283102992387247,https://www.hemnet.se/salda/lagenhet-3rum-karlsdal-centrum-vasteras-kommun-lovisebergsvagen-2c-969283102992387247,59-60m²,bostadsratt,2026-04-16T20:38:28.295688
8482451127027301671,https://www.hemnet.se/salda/lagenhet-2rum-gula-hoja-malmo-kommun-vastra-skravlingevagen-137-8482451127027301671,59-60m²,bostadsratt,2026-04-16T20:38:28.295689
8389050677881867236,https://www.hemnet.se/salda/lagenhet-2rum-katrinelund-malmo-kommun-eriksdalsgatan-3a-8389050677881867236,59-60m²,bostadsratt,2026-04-16T20:38:28.295692
171871526242860081,https://www.hemnet.se/salda/lagenhet-2rum-barrsatra-sandvikens-kommun-promenaden-9-171871526242860081,59-60m²,bostadsratt,2026-04-16T20:38:28.295693
3225777380705611548,"https://www.hemnet.se/salda/lagenhet-2,5rum-sodermalm-stockholms-kommun-asogatan-172-3225777380705611548",59-60m²,bostadsratt,2026-04-16T20:38:28.295696
1852872936097857712,https://www.hemnet.se/salda/lagenhet-2rum-kristinehamn-kristinehamns-kommun-vasterlanggatan-18a-1852872936097857712,59-60m²,bostadsratt,2026-04-16T20:38:28.295697
8086407970843673380,https://www.hemnet.se/salda/lagenhet-2rum-hallerna-stenungsunds-kommun-jan-ivarssons-vag-4-8086407970843673380,59-60m²,bostadsratt,2026-04-16T20:38:28.295700
5381127120354141492,https://www.hemnet.se/salda/lagenhet-2rum-visby-gotlands-kommun-stenkumlavag-7b-5381127120354141492,59-60m²,bostadsratt,2026-04-16T20:38:28.295701
904007525069595294,https://www.hemnet.se/salda/lagenhet-3rum-savja-uppsala-kommun-olandsresan-3e-904007525069595294,59-60m²,bostadsratt,2026-04-16T20:38:28.295704
5753052179835278385,https://www.hemnet.se/salda/lagenhet-2rum-kronan-lulea-kommun-kompanivagen-23-5753052179835278385,59-60m²,bostadsratt,2026-04-16T20:38:28.295705
5978380448989670891,https://www.hemnet.se/salda/lagenhet-2rum-brunflo-ostersunds-kommun-centrumvagen-13-a-5978380448989670891,59-60m²,bostadsratt,2026-04-16T20:38:28.295708
1125332200092856289,https://www.hemnet.se/salda/lagenhet-2rum-soder-jonkopings-kommun-kungsgatan-15-1125332200092856289,59-60m²,bostadsratt,2026-04-16T20:38:28.295709
4865979467152020349,https://www.hemnet.se/salda/lagenhet-2rum-katrinelund-malmo-kommun-eriksdalsgatan-3a-4865979467152020349,59-60m²,bostadsratt,2026-04-16T20:38:28.295712
2261556421720558594,https://www.hemnet.se/salda/lagenhet-2rum-grabo-gotlands-kommun-signalgatan-13-c-2261556421720558594,59-60m²,bostadsratt,2026-04-16T20:38:28.295713
654477317448594607,https://www.hemnet.se/salda/lagenhet-2rum-petersberg-vaxholms-kommun-karl-martins-vag-18-654477317448594607,59-60m²,bostadsratt,2026-04-16T20:38:28.295716
1241529460227221874,https://www.hemnet.se/salda/lagenhet-2rum-centrala-ystad-ystads-kommun-mariagatan-7-c-1241529460227221874,59-60m²,bostadsratt,2026-04-16T20:38:28.295718
4427333481552023570,"https://www.hemnet.se/salda/lagenhet-2rum-grondal-stockholms-kommun-sjobjornsvagen-66c,-1tr-4427333481552023570",59-60m²,bostadsratt,2026-04-16T20:38:28.295723
3827518389850151174,https://www.hemnet.se/salda/lagenhet-2rum-lilla-alby-sundbybergs-kommun-agatan-17-3827518389850151174,59-60m²,bostadsratt,2026-04-16T20:38:28.295726
3179334490156324482,https://www.hemnet.se/salda/lagenhet-2rum-centrum-vaxjo-kommun-varvagen-4b-3179334490156324482,59-60m²,bostadsratt,2026-04-16T20:38:28.295727
7835788174708160638,https://www.hemnet.se/salda/lagenhet-2rum-hogbrunn-nykopings-kommun-svedelius-vag-4-7835788174708160638,59-60m²,bostadsratt,2026-04-16T20:38:28.295730
8124538032487702718,https://www.hemnet.se/salda/lagenhet-2rum-mariastaden-helsingborgs-kommun-mariehallsvagen-17b-8124538032487702718,59-60m²,bostadsratt,2026-04-16T20:38:28.295731
4932307268714534589,https://www.hemnet.se/salda/lagenhet-2rum-luthagen-uppsala-kommun-sibyllegatan-18a-4932307268714534589,59-60m²,bostadsratt,2026-04-16T20:38:28.295734
4705707103608519709,https://www.hemnet.se/salda/lagenhet-2rum-runneryd-nassjo-kommun-sturegatan-36c-4705707103608519709,59-60m²,bostadsratt,2026-04-16T20:38:28.295739
406513565189268904,https://www.hemnet.se/salda/lagenhet-2rum-centalt-sandvikens-kommun-sveavagen-14b-406513565189268904,59-60m²,bostadsratt,2026-04-16T20:38:28.295742
2804898338320864862,https://www.hemnet.se/salda/lagenhet-3rum-lilla-alby-sundbybergs-kommun-tradgardsgatan-23-2804898338320864862,59-60m²,bostadsratt,2026-04-16T20:38:28.295746
7974761842073297817,https://www.hemnet.se/salda/lagenhet-2rum-lindeborg-malmo-kommun-solistgatan-8b-7974761842073297817,59-60m²,bostadsratt,2026-04-16T20:38:28.295747
6689213533028161204,https://www.hemnet.se/salda/lagenhet-2rum-centralt-sandvikens-kommun-promenaden-17-6689213533028161204,59-60m²,bostadsratt,2026-04-16T20:38:28.295750
2309014025447112386,https://www.hemnet.se/salda/lagenhet-2rum-jagersro-malmo-kommun-gullregnsgatan-2b-2309014025447112386,59-60m²,bostadsratt,2026-04-16T20:38:28.295751
7723167898301191231,https://www.hemnet.se/salda/lagenhet-2rum-masthugget-goteborgs-kommun-kompassgatan-5-7723167898301191231,59-60m²,bostadsratt,2026-04-16T20:38:28.295754
6591661805431538462,"https://www.hemnet.se/salda/lagenhet-2,5rum-vastra-sorgenfri-malmo-kommun-eslovsgatan-4-6591661805431538462",59-60m²,bostadsratt,2026-04-16T20:38:28.295755
5811138388728455133,https://www.hemnet.se/salda/lagenhet-2rum-centrum-vaxjo-kommun-vintervagen-7c-5811138388728455133,59-60m²,bostadsratt,2026-04-16T20:38:28.295757
214313427300011369,https://www.hemnet.se/salda/lagenhet-2rum-lomma-lomma-kommun-vinstorpsvagen-42-214313427300011369,59-60m²,bostadsratt,2026-04-16T20:38:28.295759
2401211104091956935,"https://www.hemnet.se/salda/lagenhet-2rum-kista-gard-stockholms-kommun-hanstavagen-94,-vaning-5-2401211104091956935",59-60m²,bostadsratt,2026-04-16T20:38:28.295761
2110186720222010910,https://www.hemnet.se/salda/lagenhet-2rum-centralt-gislaveds-kommun-norra-storgatan-3n-2110186720222010910,59-60m²,bostadsratt,2026-04-16T20:38:28.295763
4394571446019012933,https://www.hemnet.se/salda/lagenhet-2rum-svartviken-upplands-bro-kommun-svartviksbacken-7b-4394571446019012933,59-60m²,bostadsratt,2026-04-16T20:38:28.295765
535670048419422276,https://www.hemnet.se/salda/lagenhet-2rum-erikslust-malmo-kommun-kopenhamnsvagen-49b-535670048419422276,59-60m²,bostadsratt,2026-04-16T20:38:28.295766
45832624597566452,https://www.hemnet.se/salda/lagenhet-2rum-centrum-vaxjo-kommun-norra-esplanaden-17-45832624597566452,59-60m²,bostadsratt,2026-04-16T20:38:28.295769
5108745413431464906,https://www.hemnet.se/salda/lagenhet-2rum-balsta-gamla-balsta-habo-kommun-balstavagen-11-5108745413431464906,59-60m²,bostadsratt,2026-04-16T20:38:28.295770
495571829955593320,"https://www.hemnet.se/salda/lagenhet-2,5rum-kungsholmen-stockholms-kommun-inedalsgatan-21-495571829955593320",59-60m²,bostadsratt,2026-04-16T20:38:28.295773
189559711494417922,https://www.hemnet.se/salda/lagenhet-2rum-kirseberg-malmo-kommun-saarisvagen-16-189559711494417922,59-60m²,bostadsratt,2026-04-16T20:38:28.295774
9033271040009989098,"https://www.hemnet.se/salda/lagenhet-2rum-grindtorp-taby-kommun-kometvagen-5,-8-tr-9033271040009989098",59-60m²,bostadsratt,2026-04-16T20:38:28.295777
7111058689331598679,https://www.hemnet.se/salda/lagenhet-2rum-vaster-lunds-kommun-lokforaregatan-1c-7111058689331598679,59-60m²,bostadsratt,2026-04-16T20:38:28.295778
1206846315957845955,"https://www.hemnet.se/salda/lagenhet-2,5rum-soder-norrkopings-kommun-von-leesengatan-5c-1206846315957845955",59-60m²,bostadsratt,2026-04-16T20:38:28.295784
4195876649313414963,https://www.hemnet.se/salda/lagenhet-2rum-tomtebo-umea-kommun-sjofruvagen-147e-4195876649313414963,59-60m²,bostadsratt,2026-04-16T20:38:28.295786
3929791197090960493,https://www.hemnet.se/salda/lagenhet-2rum-marnas-ludvika-kommun-timmermansvagen-8-g-3929791197090960493,59-60m²,bostadsratt,2026-04-16T20:38:28.295789
7700813189456328318,"https://www.hemnet.se/salda/lagenhet-2,5rum-gustavsberg-kvarnberget-varmdo-kommun-mariagatan-13b-7700813189456328318",59-60m²,bostadsratt,2026-04-16T20:38:28.295790
1287529357548179283,https://www.hemnet.se/salda/lagenhet-2rum-vastra-skogen-huvudsta-solna-kommun-armegatan-11b-1287529357548179283,59-60m²,bostadsratt,2026-04-16T20:38:28.295795
7318734872254014918,https://www.hemnet.se/salda/lagenhet-2rum-svartbacken-uppsala-kommun-skoldungagatan-28a-7318734872254014918,59-60m²,bostadsratt,2026-04-16T20:38:28.295796
8017709450399134390,https://www.hemnet.se/salda/lagenhet-3rum-centralt-norrkopings-kommun-sodra-promenaden-40-8017709450399134390,59-60m²,bostadsratt,2026-04-16T20:38:28.295799
4625519088862328749,https://www.hemnet.se/salda/lagenhet-2rum-annedal-stockholms-kommun-dartanjangs-gata-60-4625519088862328749,59-60m²,bostadsratt,2026-04-16T20:38:28.295800
3386426513243049551,https://www.hemnet.se/salda/lagenhet-2rum-g-a-tullingeberg-botkyrka-kommun-tullingebergsvagen-8b-3386426513243049551,59-60m²,bostadsratt,2026-04-16T20:38:28.295803
509431069127561173,https://www.hemnet.se/salda/lagenhet-2rum-grossgardet-norrtalje-kommun-esplanaden-18-b-509431069127561173,59-60m²,bostadsratt,2026-04-16T20:38:28.295804
455974811272746119,https://www.hemnet.se/salda/lagenhet-2rum-bandhagen-stockholms-kommun-laggestavagen-12-455974811272746119,59-60m²,bostadsratt,2026-04-16T20:38:28.295807
5881096303388227344,https://www.hemnet.se/salda/lagenhet-2rum-hassleholm-vaster-hassleholms-kommun-vankivavagen-11b-5881096303388227344,59-60m²,bostadsratt,2026-04-16T20:38:28.295812
2356613322360147090,https://www.hemnet.se/salda/lagenhet-2rum-hoganas-uppsala-kommun-s-t-persgatan-45c-2356613322360147090,59-60m²,bostadsratt,2026-04-16T20:38:28.295815
3992688787272380186,"https://www.hemnet.se/salda/lagenhet-2rum-helenelund-sollentuna-kommun-kummelbyvagen-1h,-1-tr-3992688787272380186",59-60m²,bostadsratt,2026-04-16T20:38:28.295816
1853290539515360130,https://www.hemnet.se/salda/lagenhet-2rum-hallsberg-hallsbergs-kommun-ostra-storgatan-19a-1853290539515360130,59-60m²,bostadsratt,2026-04-16T20:38:28.295819
205223815677120546,https://www.hemnet.se/salda/lagenhet-2rum-bromma-blackeberg-stockholms-kommun-grundtvigsgatan-13-205223815677120546,59-60m²,bostadsratt,2026-04-16T20:38:28.295821
272511439677261534,https://www.hemnet.se/salda/lagenhet-2rum-centrum-uppsala-kommun-linnegatan-19-272511439677261534,59-60m²,bostadsratt,2026-04-16T20:38:28.295823
7830742833539573570,"https://www.hemnet.se/salda/lagenhet-2rum-ostermalm-gardet-stockholms-kommun-oregrundsgatan-14,-2tr-7830742833539573570",59-60m²,bostadsratt,2026-04-16T20:38:28.295824
7317268090506200711,"https://www.hemnet.se/salda/lagenhet-2rum-centrala-sundbyberg-sundbybergs-kommun-agatan-17,-van-6-7-7317268090506200711",59-60m²,bostadsratt,2026-04-16T20:38:28.295827
5714385712246301347,https://www.hemnet.se/salda/lagenhet-2rum-luthagen-uppsala-kommun-kyrkogardsgatan-16d-5714385712246301347,59-60m²,bostadsratt,2026-04-16T20:38:28.295829
734054510207260443,https://www.hemnet.se/salda/lagenhet-2rum-majorna-goteborgs-kommun-kommendorsgatan-12b-734054510207260443,59-60m²,bostadsratt,2026-04-16T20:38:28.295831
4255957405192189736,https://www.hemnet.se/salda/lagenhet-2rum-vastergard-helsingborgs-kommun-hostgatan-18e-4255957405192189736,59-60m²,bostadsratt,2026-04-16T20:38:28.295832
4846384928483235719,https://www.hemnet.se/salda/lagenhet-2rum-hallerna-stenungsunds-kommun-jan-ivarssons-vag-5-4846384928483235719,59-60m²,bostadsratt,2026-04-16T20:38:28.295835
5111620979624494605,https://www.hemnet.se/salda/lagenhet-2rum-ormberget-vasteras-kommun-kronvagen-26b-5111620979624494605,59-60m²,bostadsratt,2026-04-16T20:38:28.295838
7941178567411471542,https://www.hemnet.se/salda/lagenhet-2rum-bromma-blackeberg-stockholms-kommun-holbergsgatan-136-7941178567411471542,59-60m²,bostadsratt,2026-04-16T20:38:28.295839
3417299762050385409,https://www.hemnet.se/salda/lagenhet-2rum-vallingby-centrum-stockholms-kommun-angermannagatan-158-3417299762050385409,59-60m²,bostadsratt,2026-04-16T20:38:28.295845
3020554075867395837,https://www.hemnet.se/salda/lagenhet-2rum-brunnsang-sodertalje-kommun-elsarostigen-6-3020554075867395837,59-60m²,bostadsratt,2026-04-16T20:38:28.295846
3916972740951621645,"https://www.hemnet.se/salda/lagenhet-2rum-solberga-alvsjo-stockholms-kommun-folkparksvagen-160,-7-tr-3916972740951621645",59-60m²,bostadsratt,2026-04-16T20:38:28.295849
565066227390303967,"https://www.hemnet.se/salda/lagenhet-2rum-vasastan-odenplan-stockholms-kommun-hagagatan-1,-4-tr-565066227390303967",59-60m²,bostadsratt,2026-04-16T20:38:28.295850
6363286709715695016,https://www.hemnet.se/salda/lagenhet-3rum-centrala-nacka-nacka-kommun-vastra-granittrappan-10-6363286709715695016,59-60m²,bostadsratt,2026-04-16T20:38:28.295853
2860972960480230015,https://www.hemnet.se/salda/lagenhet-2rum-centrala-vasteras-vasteras-kommun-biskopsgatan-10b-2860972960480230015,59-60m²,bostadsratt,2026-04-16T20:38:28.295854
2553396972466780040,https://www.hemnet.se/salda/lagenhet-2rum-centrum-hjo-kommun-sturegatan-7c-2553396972466780040,59-60m²,bostadsratt,2026-04-16T20:38:28.295857
6614854408930194725,"https://www.hemnet.se/salda/lagenhet-3rum-abrahamsberg-stockholms-kommun-rorlaggarvagen-16,-van-3-3-6614854408930194725",59-60m²,bostadsratt,2026-04-16T20:38:28.295858
4508605626832889009,https://www.hemnet.se/salda/lagenhet-2rum-alta-nacka-kommun-stensovagen-5-4508605626832889009,59-60m²,bostadsratt,2026-04-16T20:38:28.295861
8276403033664822533,https://www.hemnet.se/salda/lagenhet-2rum-kvarnberget-karlstads-kommun-muraregatan-8-8276403033664822533,59-60m²,bostadsratt,2026-04-16T20:38:28.295862
7553110756649594833,https://www.hemnet.se/salda/lagenhet-2rum-enskede-karringstan-stockholms-kommun-dalgardsvagen-57-7553110756649594833,59-60m²,bostadsratt,2026-04-16T20:38:28.295865
8339494962030980531,https://www.hemnet.se/salda/lagenhet-2rum-centrum-uddevalla-kommun-mosstigen-9c-8339494962030980531,59-60m²,bostadsratt,2026-04-16T20:38:28.295866
5664220143886982655,https://www.hemnet.se/salda/lagenhet-2rum-katrinelund-malmo-kommun-eriksdalsgatan-7a-5664220143886982655,59-60m²,bostadsratt,2026-04-16T20:38:28.295868
6341077530061172581,"https://www.hemnet.se/salda/lagenhet-2,5rum-rasunda-solna-kommun-lovgatan-68,-3-tr-6341077530061172581",59-60m²,bostadsratt,2026-04-16T20:38:28.295870
8049765943212683143,https://www.hemnet.se/salda/lagenhet-2rum-akersberga-centralt-osterakers-kommun-skolvagen-20a-8049765943212683143,59-60m²,bostadsratt,2026-04-16T20:38:28.295872
5601286469034388274,https://www.hemnet.se/salda/lagenhet-2rum-vastra-skogen-solna-kommun-lundagatan-3a-5601286469034388274,59-60m²,bostadsratt,2026-04-16T20:38:28.295873
5773459271790997829,https://www.hemnet.se/salda/lagenhet-2rum-tingvalla-trollhattans-kommun-djupebacksgatan-2d-5773459271790997829,59-60m²,bostadsratt,2026-04-16T20:38:28.295875
463253709835127465,https://www.hemnet.se/salda/lagenhet-2rum-trosso-karlskrona-kommun-ostra-vittusgatan-7c-463253709835127465,59-60m²,bostadsratt,2026-04-16T20:38:28.295877
8545547758358912610,https://www.hemnet.se/salda/lagenhet-2rum-torslanda-lilleby-goteborgs-kommun-nya-alvegardsvagen-5-8545547758358912610,59-60m²,bostadsratt,2026-04-16T20:38:28.295882
4108864514376758125,https://www.hemnet.se/salda/lagenhet-2rum-vigelsjo-norrtalje-kommun-vigelsjohojden-3-a-4108864514376758125,59-60m²,bostadsratt,2026-04-16T20:38:28.295885
4065143642119540486,https://www.hemnet.se/salda/lagenhet-2rum-algutsrum-morbylanga-kommun-kapten-liljas-vag-12-4065143642119540486,59-60m²,bostadsratt,2026-04-16T20:38:28.295888
7688867429720706491,https://www.hemnet.se/salda/lagenhet-2rum-gavle-strand-gavle-kommun-stuvaregatan-27-7688867429720706491,59-60m²,bostadsratt,2026-04-16T20:38:28.295889
6552535603993013260,https://www.hemnet.se/salda/lagenhet-2rum-filipstad-filipstads-kommun-bronellsgatan-3-a-6552535603993013260,59-60m²,bostadsratt,2026-04-16T20:38:28.295891
4112820651104010280,https://www.hemnet.se/salda/lagenhet-2rum-ostra-sorgenfri-malmo-kommun-branteviksgatan-14d-4112820651104010280,59-60m²,bostadsratt,2026-04-16T20:38:28.295893
405408557038841812,https://www.hemnet.se/salda/lagenhet-2rum-triangeln-mollevangen-folkets-park-malmo-kommun-bergsgatan-2a-405408557038841812,59-60m²,bostadsratt,2026-04-16T20:38:28.295896
1234935879204903294,https://www.hemnet.se/salda/lagenhet-2rum-sorgenfri-malmo-kommun-ostra-farmvagen-42b-1234935879204903294,59-60m²,bostadsratt,2026-04-16T20:38:28.295897
1693909656274192578,https://www.hemnet.se/salda/lagenhet-2rum-haga-vasteras-kommun-norra-skjutbanegatan-18c-1693909656274192578,59-60m²,bostadsratt,2026-04-16T20:38:28.295902
875445692292683143,https://www.hemnet.se/salda/lagenhet-3rum-hersby-lidingo-kommun-bredablicksvagen-9b-875445692292683143,59-60m²,bostadsratt,2026-04-16T20:38:28.295905
968203265305789610,https://www.hemnet.se/salda/lagenhet-2rum-liljeholmen-stockholms-kommun-nybohovsbacken-67-968203265305789610,59-60m²,bostadsratt,2026-04-16T20:38:28.295906
7318239179428125977,https://www.hemnet.se/salda/lagenhet-2rum-sodra-skogen-karlsborgs-kommun-skogvaktaregatan-12-7318239179428125977,59-60m²,bostadsratt,2026-04-16T20:38:28.295909
8925953325936792989,https://www.hemnet.se/salda/lagenhet-3rum-lidingo-lidingo-kommun-bredablicksvagen-9a-8925953325936792989,59-60m²,bostadsratt,2026-04-16T20:38:28.295910
641351771811956951,https://www.hemnet.se/salda/lagenhet-3rum-bromma-ballsta-stockholms-kommun-ankarstocksvagen-11-641351771811956951,59-60m²,bostadsratt,2026-04-16T20:38:28.295913
6919902733297432899,https://www.hemnet.se/salda/lagenhet-2rum-uddevalla-centrum-uddevalla-kommun-sodertullsgatan-11a-6919902733297432899,59-60m²,bostadsratt,2026-04-16T20:38:28.295914
262118859911546021,https://www.hemnet.se/salda/lagenhet-2rum-rosengard-malmo-kommun-von-lingens-vag-31-262118859911546021,59-60m²,bostadsratt,2026-04-16T20:38:28.295916
8566315912961699322,https://www.hemnet.se/salda/lagenhet-2rum-lovboas-hallstahammars-kommun-snevringevagen-64-8566315912961699322,59-60m²,bostadsratt,2026-04-16T20:38:28.295917
3951105719917488602,https://www.hemnet.se/salda/lagenhet-2rum-bromma-traneberg-stockholms-kommun-odmardsvagen-16-3951105719917488602,59-60m²,bostadsratt,2026-04-16T20:38:28.295920
2978370758026346180,"https://www.hemnet.se/salda/lagenhet-2rum-nasby-park-taby-kommun-eskadervagen-42,-taby,-sverige-2978370758026346180",59-60m²,bostadsratt,2026-04-16T20:38:28.295922
4378668437764632650,https://www.hemnet.se/salda/lagenhet-2rum-nydala-malmo-kommun-munkhattegatan-36b-4378668437764632650,59-60m²,bostadsratt,2026-04-16T20:38:28.295924
6183935689239824081,https://www.hemnet.se/salda/lagenhet-2rum-svartostaden-lulea-kommun-laxgatan-25b-6183935689239824081,59-60m²,bostadsratt,2026-04-16T20:38:28.295926
4331472064084705949,https://www.hemnet.se/salda/lagenhet-2rum-sofia-stockholms-kommun-borgmastargatan-10-a-4331472064084705949,59-60m²,bostadsratt,2026-04-16T20:38:28.295928
4682748898364856126,https://www.hemnet.se/salda/lagenhet-3rum-vasastan-stockholms-kommun-dannemoragatan-18-4682748898364856126,59-60m²,bostadsratt,2026-04-16T20:38:28.295930
4729323498805735941,https://www.hemnet.se/salda/lagenhet-2rum-majorna-goteborgs-kommun-grona-gatan-67-4729323498805735941,59-60m²,bostadsratt,2026-04-16T20:38:28.295932
8519556918947142691,https://www.hemnet.se/salda/lagenhet-2rum-kungsholmen-stockholms-kommun-geijersvagen-21-8519556918947142691,59-60m²,bostadsratt,2026-04-16T20:38:28.295933
1527661246201370303,https://www.hemnet.se/salda/lagenhet-2rum-soderhamn-soderhamns-kommun-abraham-backgatan-11-d-1527661246201370303,59-60m²,bostadsratt,2026-04-16T20:38:28.295939
6907280637945404847,https://www.hemnet.se/salda/lagenhet-2rum-skarphagen-norrkopings-kommun-klingagatan-7-6907280637945404847,59-60m²,bostadsratt,2026-04-16T20:38:28.295941
8264441210761835210,https://www.hemnet.se/salda/lagenhet-2rum-centrum-harnosands-kommun-norra-kyrkogatan-41-8264441210761835210,59-60m²,bostadsratt,2026-04-16T20:38:28.295943
5593301195072140698,"https://www.hemnet.se/salda/lagenhet-2,5rum-kungsholmen-stockholms-kommun-svarvargatan-17-5593301195072140698",59-60m²,bostadsratt,2026-04-16T20:38:28.295945
2076747424355473681,https://www.hemnet.se/salda/lagenhet-2rum-centrala-sundbyberg-sundbybergs-kommun-rastensgatan-11-2076747424355473681,59-60m²,bostadsratt,2026-04-16T20:38:28.295947
170337031395869283,https://www.hemnet.se/salda/lagenhet-3rum-lilla-essingen-stockholms-kommun-disponentgatan-1-170337031395869283,59-60m²,bostadsratt,2026-04-16T20:38:28.295949
1098575612514391515,https://www.hemnet.se/salda/lagenhet-2rum-sundsvall-sundsvalls-kommun-bergsgatan-1c-1098575612514391515,59-60m²,bostadsratt,2026-04-16T20:38:28.295951
450950102530425119,https://www.hemnet.se/salda/lagenhet-2rum-centrala-vasby-upplands-vasby-kommun-kullavagen-4-450950102530425119,59-60m²,bostadsratt,2026-04-16T20:38:28.295956
8057419634814001453,"https://www.hemnet.se/salda/lagenhet-2,5rum-finnboda-hamn-nacka-kommun-finnboda-varvsvag-10a-8057419634814001453",59-60m²,bostadsratt,2026-04-16T20:38:28.295963
7098697182348576065,https://www.hemnet.se/salda/lagenhet-2rum-ruddalen-goteborgs-kommun-fagottgatan-8-7098697182348576065,59-60m²,bostadsratt,2026-04-16T20:38:28.295964
9015622622958940878,"https://www.hemnet.se/salda/lagenhet-2rum-vasastan-stockholms-kommun-kungstensgatan-44,-6tr-9015622622958940878",59-60m²,bostadsratt,2026-04-16T20:38:28.295966
1129467405853967528,https://www.hemnet.se/salda/lagenhet-2rum-sodermalm-hornstull-stockholms-kommun-hogalidsgatan-11-1129467405853967528,59-60m²,bostadsratt,2026-04-16T20:38:28.295968
2782921995139793764,https://www.hemnet.se/salda/lagenhet-2rum-stenkulla-nykopings-kommun-tellusvagen-18-2782921995139793764,59-60m²,bostadsratt,2026-04-16T20:38:28.295970
7961885361113526317,https://www.hemnet.se/salda/lagenhet-4rum-salen-malung-salens-kommun-sporvagen-3-hus-20-andel-e-7961885361113526317,59-60m²,bostadsratt,2026-04-16T20:38:28.295972
2381794605822380466,https://www.hemnet.se/salda/lagenhet-2rum-limhamns-sjostad-malmo-kommun-rosengrens-gata-17-2381794605822380466,59-60m²,bostadsratt,2026-04-16T20:38:28.295975
2474667705159217938,https://www.hemnet.se/salda/lagenhet-2rum-centralt-oskarshamns-kommun-hantverksgatan-27a-2474667705159217938,59-60m²,bostadsratt,2026-04-16T20:38:28.295976
361355771639368805,https://www.hemnet.se/salda/lagenhet-2rum-farsta-farsta-strand-stockholms-kommun-filipstadsbacken-48-361355771639368805,59-60m²,bostadsratt,2026-04-16T20:38:28.295979
7055007226389069735,https://www.hemnet.se/salda/lagenhet-2rum-kungshojd-goteborgs-kommun-norra-liden-35-7055007226389069735,59-60m²,bostadsratt,2026-04-16T20:38:28.295980
4932422108113774528,https://www.hemnet.se/salda/lagenhet-2rum-orta-sandvikens-kommun-tulegatan-22c-4932422108113774528,59-60m²,bostadsratt,2026-04-16T20:38:28.295983
841548756203878592,https://www.hemnet.se/salda/lagenhet-2rum-lidkoping-lidkopings-kommun-karlagatan-22a-841548756203878592,59-60m²,bostadsratt,2026-04-16T20:38:28.295984
4830260863109988768,https://www.hemnet.se/salda/lagenhet-2rum-tuve-goteborgs-kommun-angskogsvagen-12-b-4830260863109988768,59-60m²,bostadsratt,2026-04-16T20:38:28.295987
880578024843731198,https://www.hemnet.se/salda/lagenhet-2rum-malsryd-boras-kommun-hasselbacksvagen-14b-880578024843731198,59-60m²,bostadsratt,2026-04-16T20:38:28.295988
5207765644111507366,https://www.hemnet.se/salda/lagenhet-2rum-jakobsberg-jarfalla-kommun-veckovagen-32-5207765644111507366,59-60m²,bostadsratt,2026-04-16T20:38:28.295991
2546248570224435489,https://www.hemnet.se/salda/lagenhet-2rum-algutsrums-socken-morbylanga-kommun-kapten-liljas-vag-14-2546248570224435489,59-60m²,bostadsratt,2026-04-16T20:38:28.295992
3227239238706753258,https://www.hemnet.se/salda/lagenhet-2rum-kaveros-goteborgs-kommun-tunnlandsgatan-18-3227239238706753258,59-60m²,bostadsratt,2026-04-16T20:38:28.295995
2046000956502314782,https://www.hemnet.se/salda/lagenhet-2rum-hoganas-uppsala-kommun-torkelsgatan-38b-2046000956502314782,59-60m²,bostadsratt,2026-04-16T20:38:28.295996
4667920814916422382,https://www.hemnet.se/salda/lagenhet-2rum-orby-marks-kommun-tradgardsvagen-5d-4667920814916422382,59-60m²,bostadsratt,2026-04-16T20:38:28.295999
6630568115547070105,https://www.hemnet.se/salda/lagenhet-2rum-eneborg-helsingborgs-kommun-tranemansgatan-46-6630568115547070105,59-60m²,bostadsratt,2026-04-16T20:38:28.296000
9142198700062652632,https://www.hemnet.se/salda/lagenhet-2rum-visby-gotlands-kommun-stenkumlavag-26-9142198700062652632,59-60m²,bostadsratt,2026-04-16T20:38:28.296003
5471667135518148416,https://www.hemnet.se/salda/lagenhet-2rum-nedre-gardet-ostermalm-stockholms-kommun-askrikegatan-9-5471667135518148416,59-60m²,bostadsratt,2026-04-16T20:38:28.296004
374366810627076267,https://www.hemnet.se/salda/lagenhet-2rum-stampen-goteborgs-kommun-stampgatan-58a-374366810627076267,59-60m²,bostadsratt,2026-04-16T20:38:28.296007
1491395312184340468,https://www.hemnet.se/salda/lagenhet-2rum-mariero-vanersborgs-kommun-marierovagen-6-a-1491395312184340468,59-60m²,bostadsratt,2026-04-16T20:38:28.296008
4832332076028011291,"https://www.hemnet.se/salda/lagenhet-2,5rum-lindo-kalmar-kommun-lagmansgatan-6a-4832332076028011291",59-60m²,bostadsratt,2026-04-16T20:38:28.296011
5796173016984636306,https://www.hemnet.se/salda/lagenhet-2rum-gardet-stockholms-kommun-sandhamnsgatan-25-5796173016984636306,59-60m²,bostadsratt,2026-04-16T20:38:28.296012
4762770872380965589,https://www.hemnet.se/salda/lagenhet-2rum-sandmollan-trelleborgs-kommun-klorupsvagen-4-4762770872380965589,59-60m²,bostadsratt,2026-04-16T20:38:28.296018
1394150440312747178,https://www.hemnet.se/salda/lagenhet-2rum-viggestorp-nyhem-hogby-finspangs-kommun-de-wijks-vag-8c-1394150440312747178,59-60m²,bostadsratt,2026-04-16T20:38:28.296020
5177389335169878074,https://www.hemnet.se/salda/lagenhet-2rum-dammfri-malmo-kommun-ribevagen-20a-5177389335169878074,59-60m²,bostadsratt,2026-04-16T20:38:28.296023
6222038770635245711,https://www.hemnet.se/salda/lagenhet-2rum-vendelso-haninge-kommun-sturebergsvagen-3-6222038770635245711,59-60m²,bostadsratt,2026-04-16T20:38:28.296024
2360843202017341902,https://www.hemnet.se/salda/lagenhet-2rum-per-ols-fagersta-kommun-floravagen-19a-2360843202017341902,59-60m²,bostadsratt,2026-04-16T20:38:28.296027
8178933733698792370,https://www.hemnet.se/salda/lagenhet-2rum-trosso-karlskrona-kommun-drottninggatan-44b-8178933733698792370,59-60m²,bostadsratt,2026-04-16T20:38:28.296031
1526068988013432569,https://www.hemnet.se/salda/lagenhet-2rum-akersberga-centrum-osterakers-kommun-runvagen-3-1526068988013432569,59-60m²,bostadsratt,2026-04-16T20:38:28.296034
7684675135931285767,"https://www.hemnet.se/salda/lagenhet-2rum-fruangen-stockholms-kommun-eva-bonniers-gata-8,-van-5-7684675135931285767",59-60m²,bostadsratt,2026-04-16T20:38:28.296036
1102251412385969785,https://www.hemnet.se/salda/lagenhet-2rum-bro-rosenangarna-upplands-bro-kommun-vaxthusvagen-15-1102251412385969785,59-60m²,bostadsratt,2026-04-16T20:38:28.296038
1997876683659688298,https://www.hemnet.se/salda/lagenhet-3rum-skytteholm-solna-kommun-framnasbacken-1-1997876683659688298,59-60m²,bostadsratt,2026-04-16T20:38:28.296040
9170681614590330477,https://www.hemnet.se/salda/lagenhet-2rum-kil-centralt-kils-kommun-hagagatan-20a-9170681614590330477,59-60m²,bostadsratt,2026-04-16T20:38:28.296041
5919525117865527686,https://www.hemnet.se/salda/lagenhet-2rum-majorna-goteborgs-kommun-kusttorget-2-5919525117865527686,59-60m²,bostadsratt,2026-04-16T20:38:28.296042
1016902336953404629,https://www.hemnet.se/salda/lagenhet-2rum-bromma-akeslund-stockholms-kommun-tunnlandsvagen-89-1016902336953404629,59-60m²,bostadsratt,2026-04-16T20:38:28.296045
613880744948644097,https://www.hemnet.se/salda/lagenhet-2rum-hyllie-malmo-kommun-ymers-gata-15-613880744948644097,59-60m²,bostadsratt,2026-04-16T20:38:28.296047
2512832113787324788,"https://www.hemnet.se/salda/lagenhet-3rum-sodermalm-maria-stockholms-kommun-timmermansgatan-17,-5-tr-2512832113787324788",59-60m²,bostadsratt,2026-04-16T20:38:28.296049
2245025984671081980,https://www.hemnet.se/salda/lagenhet-2rum-vaster-lunds-kommun-aldermansgatan-1a-2245025984671081980,59-60m²,bostadsratt,2026-04-16T20:38:28.296051
7004966353875958494,https://www.hemnet.se/salda/lagenhet-2rum-gamla-staden-lidkopings-kommun-prostgatan-7d-7004966353875958494,59-60m²,bostadsratt,2026-04-16T20:38:28.296053
342269904263420166,https://www.hemnet.se/salda/lagenhet-2rum-krokslatt-molndals-kommun-gardegatan-2-e-342269904263420166,59-60m²,bostadsratt,2026-04-16T20:38:28.296055
4341274623927416503,https://www.hemnet.se/salda/lagenhet-2rum-soder-norrkopings-kommun-lagergrensgatan-17-4341274623927416503,59-60m²,bostadsratt,2026-04-16T20:38:28.296057
810946228130605235,https://www.hemnet.se/salda/lagenhet-2rum-svedala-svedala-kommun-organistgatan-3c-810946228130605235,59-60m²,bostadsratt,2026-04-16T20:38:28.296059
8588623155787851166,"https://www.hemnet.se/salda/lagenhet-2rum-tullinge-botkyrka-kommun-manstorpsvagen-22,-1-tr-8588623155787851166",59-60m²,bostadsratt,2026-04-16T20:38:28.296060
5495304132834732729,https://www.hemnet.se/salda/lagenhet-2rum-soder-hasthaga-varbergs-kommun-stormgatan-3-5495304132834732729,59-60m²,bostadsratt,2026-04-16T20:38:28.296063
6754100901864396797,https://www.hemnet.se/salda/lagenhet-2rum-heby-heby-kommun-kyrkogatan-7b-6754100901864396797,59-60m²,bostadsratt,2026-04-16T20:38:28.296064
3167664208542724360,https://www.hemnet.se/salda/lagenhet-2rum-mjolby-vasastaden-eldslosa-mjolby-kommun-ringvagen-26a-3167664208542724360,59-60m²,bostadsratt,2026-04-16T20:38:28.296067
647299515340622891,https://www.hemnet.se/salda/lagenhet-2rum-huskvarna-soder-jonkopings-kommun-haradsvagen-10-647299515340622891,59-60m²,bostadsratt,2026-04-16T20:38:28.296068
8152000343400443085,https://www.hemnet.se/salda/lagenhet-2rum-soderhamn-soderhamns-kommun-abraham-backgatan-9a-8152000343400443085,59-60m²,bostadsratt,2026-04-16T20:38:28.296072
6317119794649915959,https://www.hemnet.se/salda/lagenhet-2rum-eriksfalt-soderkulla-malmo-kommun-humanistgatan-8a-6317119794649915959,59-60m²,bostadsratt,2026-04-16T20:38:28.296073
8037943450411117759,https://www.hemnet.se/salda/lagenhet-2rum-torpa-jonkopings-kommun-larlingsgatan-4b-8037943450411117759,59-60m²,bostadsratt,2026-04-16T20:38:28.296075
5621740630391347153,https://www.hemnet.se/salda/lagenhet-2rum-haga-sundsvalls-kommun-tallrotsgatan-9-5621740630391347153,59-60m²,bostadsratt,2026-04-16T20:38:28.296076
5021127591206403532,https://www.hemnet.se/salda/lagenhet-2rum-eknas-nacka-kommun-hojdvagen-1b-5021127591206403532,59-60m²,bostadsratt,2026-04-16T20:38:28.296077
5047086686980074784,https://www.hemnet.se/salda/lagenhet-2rum-hagsatra-stockholms-kommun-lerbacksgrand-18-5047086686980074784,59-60m²,bostadsratt,2026-04-16T20:38:28.296078
6155214918492918312,"https://www.hemnet.se/salda/lagenhet-2,5rum-sickla-nacka-kommun-atlasvagen-49-6155214918492918312",59-60m²,bostadsratt,2026-04-16T20:38:28.296085
4147989784115114482,"https://www.hemnet.se/salda/lagenhet-2rum-solna-solna-kommun-centralvagen-1,-1-tr-4147989784115114482",59-60m²,bostadsratt,2026-04-16T20:38:28.296086
8234501845561192528,https://www.hemnet.se/salda/lagenhet-3rum-hisings-backa-goteborgs-kommun-ovralidsgatan-13-8234501845561192528,59-60m²,bostadsratt,2026-04-16T20:38:28.296089
8571114504437635104,https://www.hemnet.se/salda/lagenhet-2rum-anneberg-alafors-alvsaker-kungsbacka-kommun-forellvagen-19-8571114504437635104,59-60m²,bostadsratt,2026-04-16T20:38:28.296090
2772328400291997310,https://www.hemnet.se/salda/lagenhet-3rum-sodra-ratorp-karlstads-kommun-galoppstigen-28-e-2772328400291997310,59-60m²,bostadsratt,2026-04-16T20:38:28.296093
8520962346019973490,https://www.hemnet.se/salda/lagenhet-2rum-kaveros-goteborgs-kommun-tunnlandsgatan-18-8520962346019973490,59-60m²,bostadsratt,2026-04-16T20:38:28.296098
5682261782127507279,https://www.hemnet.se/salda/lagenhet-2rum-vasastan-odenplan-stockholms-kommun-upplandsgatan-77-a-5682261782127507279,59-60m²,bostadsratt,2026-04-16T20:38:28.296101
585489532025888204,https://www.hemnet.se/salda/lagenhet-2rum-centralt-norrkopings-kommun-slottsgatan-90-585489532025888204,59-60m²,bostadsratt,2026-04-16T20:38:28.296103
4701492550027645260,https://www.hemnet.se/salda/lagenhet-2rum-ostermalm-stockholms-kommun-valhallavagen-146f-4701492550027645260,59-60m²,bostadsratt,2026-04-16T20:38:28.296105
620652544630530189,https://www.hemnet.se/salda/lagenhet-2rum-torps-gard-jonkopings-kommun-galoppgatan-26-620652544630530189,59-60m²,bostadsratt,2026-04-16T20:38:28.296107
9051175481330061677,https://www.hemnet.se/salda/lagenhet-2rum-centralt-oster-orebro-kommun-engelbrektsgatan-76-9051175481330061677,59-60m²,bostadsratt,2026-04-16T20:38:28.296109
3925923331654242295,https://www.hemnet.se/salda/lagenhet-2rum-centralt-arboga-kommun-munkgatan-3b-3925923331654242295,59-60m²,bostadsratt,2026-04-16T20:38:28.296111
7809581040919447205,https://www.hemnet.se/salda/lagenhet-3rum-norra-farjestad-jagartorpet-karlstads-kommun-jagartorpsvagen-1b-7809581040919447205,59-60m²,bostadsratt,2026-04-16T20:38:28.296113
2144033599519597381,https://www.hemnet.se/salda/lagenhet-2rum-ursvik-sundbybergs-kommun-oxenstiernas-alle-18-2144033599519597381,59-60m²,bostadsratt,2026-04-16T20:38:28.296115
9180395799231159035,"https://www.hemnet.se/salda/lagenhet-2rum-hammarbyhojden-stockholms-kommun-bjornstahlsgatan-12,-van,-3-3-9180395799231159035",59-60m²,bostadsratt,2026-04-16T20:38:28.296118
525863468303554702,https://www.hemnet.se/salda/lagenhet-3rum-froson-ostersunds-kommun-onevagen-48-e-525863468303554702,59-60m²,bostadsratt,2026-04-16T20:38:28.296121
5658444195767931771,https://www.hemnet.se/salda/lagenhet-2rum-spanga-bromsten-stockholms-kommun-alvagen-2-5658444195767931771,59-60m²,bostadsratt,2026-04-16T20:38:28.296122
5299848040526811146,https://www.hemnet.se/salda/lagenhet-2rum-norra-rosengard-malmo-kommun-von-lingens-vag-39-5299848040526811146,59-60m²,bostadsratt,2026-04-16T20:38:28.296124
315043312430869744,https://www.hemnet.se/salda/lagenhet-3rum-centrala-sundbyberg-sundbybergs-kommun-tornstigen-24a-315043312430869744,59-60m²,bostadsratt,2026-04-16T20:38:28.296126
3002705420691087355,https://www.hemnet.se/salda/lagenhet-2rum-stampen-goteborgs-kommun-friggagatan-3a-3002705420691087355,59-60m²,bostadsratt,2026-04-16T20:38:28.296128
2533471686012479481,https://www.hemnet.se/salda/lagenhet-2rum-gamlestaden-goteborgs-kommun-gamlestads-brygga-17-2533471686012479481,59-60m²,bostadsratt,2026-04-16T20:38:28.296138
185653591916906184,"https://www.hemnet.se/salda/lagenhet-2,5rum-framre-luthagen-uppsala-kommun-luthagsesplanaden-3-b-185653591916906184",59-60m²,bostadsratt,2026-04-16T20:38:28.296141
2733982038385983221,https://www.hemnet.se/salda/lagenhet-2rum-segevang-malmo-kommun-kronetorpsgatan-52b-2733982038385983221,59-60m²,bostadsratt,2026-04-16T20:38:28.296142
558234059957734961,https://www.hemnet.se/salda/lagenhet-2rum-centrala-marsta-sigtuna-kommun-satunavagen-16b-558234059957734961,59-60m²,bostadsratt,2026-04-16T20:38:28.296145
8733645078159114260,https://www.hemnet.se/salda/lagenhet-2rum-drottningtorget-malmo-kommun-ostra-promenaden-9a-8733645078159114260,59-60m²,bostadsratt,2026-04-16T20:38:28.296146
2025421926918189495,https://www.hemnet.se/salda/lagenhet-2rum-centralt-ornskoldsviks-kommun-vintergatan-9a-2025421926918189495,59-60m²,bostadsratt,2026-04-16T20:38:28.296149
6375787027788131210,https://www.hemnet.se/salda/lagenhet-2rum-vasastan-stockholms-kommun-hagagatan-1-6375787027788131210,59-60m²,bostadsratt,2026-04-16T20:38:28.296150
7066400193405269467,https://www.hemnet.se/salda/lagenhet-2rum-skara-skara-kommun-jarlagatan-18-d-7066400193405269467,59-60m²,bostadsratt,2026-04-16T20:38:28.296152
6165898154231785517,https://www.hemnet.se/salda/lagenhet-2rum-centralt-norrkopings-kommun-hospitalsgatan-24b-6165898154231785517,59-60m²,bostadsratt,2026-04-16T20:38:28.296154
2413095293143364158,https://www.hemnet.se/salda/lagenhet-2rum-fagelbo-nykopings-kommun-ornskolds-vag-16d-2413095293143364158,59-60m²,bostadsratt,2026-04-16T20:38:28.296156
9026332279363077146,https://www.hemnet.se/salda/lagenhet-2rum-alta-nacka-kommun-stensovagen-13-9026332279363077146,59-60m²,bostadsratt,2026-04-16T20:38:28.296158
1847497260392381098,https://www.hemnet.se/salda/lagenhet-2rum-vastergard-helsingborgs-kommun-hostgatan-14d-1847497260392381098,59-60m²,bostadsratt,2026-04-16T20:38:28.296160
7199237816179856115,https://www.hemnet.se/salda/lagenhet-2rum-centrala-sundbyberg-sundbybergs-kommun-rastensgatan-11-7199237816179856115,59-60m²,bostadsratt,2026-04-16T20:38:28.296162
250915097615816676,"https://www.hemnet.se/salda/lagenhet-2rum-kista-stockholms-kommun-borgarfjordsgatan-21a,-19-tr-250915097615816676",59-60m²,bostadsratt,2026-04-16T20:38:28.296164
2454752073986760671,https://www.hemnet.se/salda/lagenhet-2rum-skogsbo-avesta-kommun-asgardsvagen-31a-2454752073986760671,59-60m²,bostadsratt,2026-04-16T20:38:28.296166
1082779967339292337,https://www.hemnet.se/salda/lagenhet-2rum-skelleftehamn-skelleftea-kommun-vintergatan-20c-1082779967339292337,59-60m²,bostadsratt,2026-04-16T20:38:28.296168
9097271394857440467,https://www.hemnet.se/salda/lagenhet-2rum-ostermalm-stockholms-kommun-karlavagen-68-9097271394857440467,59-60m²,bostadsratt,2026-04-16T20:38:28.296170
3247511737633962826,https://www.hemnet.se/salda/lagenhet-2rum-centrum-hjo-kommun-sturegatan-7b-3247511737633962826,59-60m²,bostadsratt,2026-04-16T20:38:28.296174
7605280525642089176,https://www.hemnet.se/salda/lagenhet-3rum-lilla-essingen-stockholms-kommun-primusgatan-54-7605280525642089176,59-60m²,bostadsratt,2026-04-16T20:38:28.296176
1698421181415214576,https://www.hemnet.se/salda/lagenhet-2rum-perstorp-perstorps-kommun-fasanvagen-6a-1698421181415214576,59-60m²,bostadsratt,2026-04-16T20:38:28.296178
7906915106533742689,https://www.hemnet.se/salda/lagenhet-2rum-umedalen-umea-kommun-vanskapsgrand-3-7906915106533742689,59-60m²,bostadsratt,2026-04-16T20:38:28.296180
1768475107408839871,https://www.hemnet.se/salda/lagenhet-2rum-danderyd-danderyds-kommun-ugglebacken-9-1768475107408839871,59-60m²,bostadsratt,2026-04-16T20:38:28.296182
932250567715863331,https://www.hemnet.se/salda/lagenhet-2rum-tyreso-tyreso-kommun-stadsparken-6-932250567715863331,59-60m²,bostadsratt,2026-04-16T20:38:28.296183
2070427318679524515,https://www.hemnet.se/salda/lagenhet-2rum-ostermalm-stockholms-kommun-karlavagen-73-2070427318679524515,59-60m²,bostadsratt,2026-04-16T20:38:28.296186
3403484798461414734,https://www.hemnet.se/salda/lagenhet-2rum-sodermalm-helgalunden-stockholms-kommun-allhelgonagatan-7-3403484798461414734,59-60m²,bostadsratt,2026-04-16T20:38:28.296187
4878653526930811962,https://www.hemnet.se/salda/lagenhet-2rum-centrala-handen-haninge-kommun-idunvagen-14-4878653526930811962,59-60m²,bostadsratt,2026-04-16T20:38:28.296192
8881636998769111173,https://www.hemnet.se/salda/lagenhet-3rum-traneberg-stockholms-kommun-odmardsvagen-1-8881636998769111173,59-60m²,bostadsratt,2026-04-16T20:38:28.296195
4663348785890025840,"https://www.hemnet.se/salda/lagenhet-2rum-tumba-botkyrka-kommun-myntvagen-10,-2tr-4663348785890025840",59-60m²,bostadsratt,2026-04-16T20:38:28.296196
3926029112018842843,https://www.hemnet.se/salda/lagenhet-3rum-lunden-goteborgs-kommun-rantmastaregatan-26c-3926029112018842843,59-60m²,bostadsratt,2026-04-16T20:38:28.296199
7640702302844805678,https://www.hemnet.se/salda/lagenhet-2rum-norrbole-skelleftea-kommun-kagevagen-40b-7640702302844805678,59-60m²,bostadsratt,2026-04-16T20:38:28.296200
1440252451770006748,https://www.hemnet.se/salda/lagenhet-2rum-biskopsgarden-goteborgs-kommun-vaderbodarna-4-1440252451770006748,59-60m²,bostadsratt,2026-04-16T20:38:28.296203
7070077206252039809,https://www.hemnet.se/salda/lagenhet-2rum-norra-tynnered-goteborgs-kommun-bergkristallsgatan-40-7070077206252039809,59-60m²,bostadsratt,2026-04-16T20:38:28.296204
1015394727857542700,https://www.hemnet.se/salda/lagenhet-2rum-ektorp-nacka-kommun-edinsvagen-11-1015394727857542700,59-60m²,bostadsratt,2026-04-16T20:38:28.296205
746761662279497054,"https://www.hemnet.se/salda/lagenhet-2rum-rasunda-solna-kommun-nackrosvagen-35,-4-tr-746761662279497054",59-60m²,bostadsratt,2026-04-16T20:38:28.296208
2597903726452627008,https://www.hemnet.se/salda/lagenhet-2rum-handen-haninge-kommun-sleipnervagen-37-2597903726452627008,59-60m²,bostadsratt,2026-04-16T20:38:28.296209
3693967371245257590,https://www.hemnet.se/salda/lagenhet-2rum-funkabo-kalmar-kommun-riddaregatan-7c-3693967371245257590,59-60m²,bostadsratt,2026-04-16T20:38:28.296211
4665610753065460515,https://www.hemnet.se/salda/lagenhet-2rum-landskrona-helgebroten-landskrona-kommun-enoch-thulins-vag-34c-4665610753065460515,59-60m²,bostadsratt,2026-04-16T20:38:28.296213
6844478986117294394,https://www.hemnet.se/salda/lagenhet-2rum-centrala-hisingen-goteborgs-kommun-ovre-hallegatan-2b-6844478986117294394,59-60m²,bostadsratt,2026-04-16T20:38:28.296219
5800694880603757519,https://www.hemnet.se/salda/lagenhet-2rum-taby-kyrkby-taby-kommun-midgardsvagen-10-5800694880603757519,59-60m²,bostadsratt,2026-04-16T20:38:28.296224
3937183681893746252,https://www.hemnet.se/salda/lagenhet-2rum-centralt-hassleholms-kommun-akaregatan-15a-3937183681893746252,59-60m²,bostadsratt,2026-04-16T20:38:28.296228
4451833171907394576,"https://www.hemnet.se/salda/lagenhet-2rum-spanga-bromstensstaden-stockholms-kommun-skogangsvagen-36,-2-tr-4451833171907394576",59-60m²,bostadsratt,2026-04-16T20:38:28.296233
540101715035356377,https://www.hemnet.se/salda/lagenhet-3rum-are-are-kommun-stationsvagen-16-540101715035356377,59-60m²,bostadsratt,2026-04-16T20:38:28.296237
1723252060832150333,https://www.hemnet.se/salda/lagenhet-2rum-landskrona-tegskiftet-landskrona-kommun-enoch-thulins-vag-28c-1723252060832150333,59-60m²,bostadsratt,2026-04-16T20:38:28.296248
20509873743961143,https://www.hemnet.se/salda/lagenhet-2rum-norra-guldheden-goteborgs-kommun-kallsprangsgatan-1-20509873743961143,59-60m²,bostadsratt,2026-04-16T20:38:28.296252
7462771582545324083,"https://www.hemnet.se/salda/lagenhet-3rum-lilla-essingen-stockholms-kommun-primusgatan-51,-3tr-7462771582545324083",59-60m²,bostadsratt,2026-04-16T20:38:28.296256
5261532107092122724,https://www.hemnet.se/salda/lagenhet-2rum-hogberget-centrum-ludvika-kommun-grottvagen-15-b-5261532107092122724,59-60m²,bostadsratt,2026-04-16T20:38:28.296258
5480782879381902475,https://www.hemnet.se/salda/lagenhet-2rum-granby-uppsala-kommun-granby-bilgata-18-5480782879381902475,59-60m²,bostadsratt,2026-04-16T20:38:28.296262
3469618649749674100,https://www.hemnet.se/salda/lagenhet-2rum-centrum-ystads-kommun-aulingatan-18b-3469618649749674100,59-60m²,bostadsratt,2026-04-16T20:38:28.296266
4420699553143884603,https://www.hemnet.se/salda/lagenhet-2rum-salabacke-uppsala-kommun-apelgatan-3b-4420699553143884603,59-60m²,bostadsratt,2026-04-16T20:38:28.296270
6277123783437844836,https://www.hemnet.se/salda/lagenhet-2rum-hoganas-uppsala-kommun-salagatan-22-a-6277123783437844836,59-60m²,bostadsratt,2026-04-16T20:38:28.296281
5251959292547664856,https://www.hemnet.se/salda/lagenhet-2rum-lindalen-tyreso-kommun-herkulesvagen-32-5251959292547664856,59-60m²,bostadsratt,2026-04-16T20:38:28.296283
3503329423480704024,https://www.hemnet.se/salda/lagenhet-2rum-bryggudden-karlstads-kommun-ahlmarksgatan-4a-3503329423480704024,59-60m²,bostadsratt,2026-04-16T20:38:28.296294
4004113670366045489,https://www.hemnet.se/salda/lagenhet-2rum-djakneberget-vasteras-kommun-djaknebergsgatan-17a-4004113670366045489,59-60m²,bostadsratt,2026-04-16T20:38:28.296296
8070304368988152625,https://www.hemnet.se/salda/lagenhet-2rum-lerum-lerums-kommun-lerum-andersvagen-134-8070304368988152625,59-60m²,bostadsratt,2026-04-16T20:38:28.296300
8019438867610919703,https://www.hemnet.se/salda/lagenhet-2rum-killinge-lidingo-kommun-tivedsvagen-11-8019438867610919703,59-60m²,bostadsratt,2026-04-16T20:38:28.296305
2552385538511296203,https://www.hemnet.se/salda/lagenhet-2rum-kungsbacka-vastra-villastaden-kungsbacka-kommun-bissmarksgatan-9-b-2552385538511296203,59-60m²,bostadsratt,2026-04-16T20:38:28.296311
8762556663110268243,https://www.hemnet.se/salda/lagenhet-2rum-svartostaden-lulea-kommun-laxgatan-13-8762556663110268243,59-60m²,bostadsratt,2026-04-16T20:38:28.296313
4784007090099444652,https://www.hemnet.se/salda/lagenhet-2rum-hisings-backa-goteborgs-kommun-olshammarsgatan-8-4784007090099444652,59-60m²,bostadsratt,2026-04-16T20:38:28.296318
2829821571573388851,https://www.hemnet.se/salda/lagenhet-2rum-barstaberget-sodertalje-kommun-karlslundsgatan-18-2829821571573388851,59-60m²,bostadsratt,2026-04-16T20:38:28.296323
8427747810678049394,https://www.hemnet.se/salda/lagenhet-2rum-hovshaga-vaxjo-kommun-segerstadsvagen-167-e-8427747810678049394,59-60m²,bostadsratt,2026-04-16T20:38:28.296333
3246882776585383453,https://www.hemnet.se/salda/lagenhet-2rum-skarpnack-stockholms-kommun-drakflygargatan-3-3246882776585383453,59-60m²,bostadsratt,2026-04-16T20:38:28.296334
3576263619446498197,https://www.hemnet.se/salda/lagenhet-2rum-gamla-huvudsta-solna-kommun-lidgatan-16-3576263619446498197,59-60m²,bostadsratt,2026-04-16T20:38:28.296336
2724319815617104594,https://www.hemnet.se/salda/lagenhet-2rum-bohult-karlskoga-kommun-hedgatan-25d-2724319815617104594,59-60m²,bostadsratt,2026-04-16T20:38:28.296337
5008315514061070347,https://www.hemnet.se/salda/lagenhet-3rum-halmstad-centrum-halmstads-kommun-stationsgatan-32i-5008315514061070347,59-60m²,bostadsratt,2026-04-16T20:38:28.296338
2426299492229811094,https://www.hemnet.se/salda/lagenhet-2rum-slussen-malmo-kommun-slussgatan-12c-2426299492229811094,59-60m²,bostadsratt,2026-04-16T20:38:28.296340
1642229877903234094,https://www.hemnet.se/salda/lagenhet-2rum-mariero-vanersborgs-kommun-belfragegatan-39-1642229877903234094,59-60m²,bostadsratt,2026-04-16T20:38:28.296341
7871297808206511976,https://www.hemnet.se/salda/lagenhet-2rum-sodermalm-stockholms-kommun-folkungagatan-76a-7871297808206511976,59-60m²,bostadsratt,2026-04-16T20:38:28.296344
5818809212804973104,https://www.hemnet.se/salda/lagenhet-2rum-vannas-vannas-kommun-norra-drottninggatan-44a-5818809212804973104,59-60m²,bostadsratt,2026-04-16T20:38:28.296345
573684413670391213,https://www.hemnet.se/salda/lagenhet-2rum-lidkoping-lidkopings-kommun-majorsallen-24a-573684413670391213,59-60m²,bostadsratt,2026-04-16T20:38:28.296346
7642479892294206766,https://www.hemnet.se/salda/lagenhet-2rum-solna-haga-norra-solna-kommun-hagavagen-18-7642479892294206766,59-60m²,bostadsratt,2026-04-16T20:38:28.296349
5461664283298650113,"https://www.hemnet.se/salda/lagenhet-2rum-bromma-blackeberg-stockholms-kommun-holbergsgatan-77,-2tr-5461664283298650113",59-60m²,bostadsratt,2026-04-16T20:38:28.296350
6318840369154431568,https://www.hemnet.se/salda/lagenhet-2rum-centralt-oster-halmstads-kommun-hemmansvagen-6-6318840369154431568,59-60m²,bostadsratt,2026-04-16T20:38:28.296352
2487982007765138041,https://www.hemnet.se/salda/lagenhet-2rum-farsta-farsta-strand-stockholms-kommun-filipstadsbacken-48-2487982007765138041,59-60m²,bostadsratt,2026-04-16T20:38:28.296354
6816006299764778466,https://www.hemnet.se/salda/lagenhet-2rum-centrala-hisingen-tolered-goteborgs-kommun-vallfrogatan-12-6816006299764778466,59-60m²,bostadsratt,2026-04-16T20:38:28.296356
3282770129133348593,"https://www.hemnet.se/salda/lagenhet-3rum-lilla-alby-centrala-sundbyberg-sundbybergs-kommun-tradgardsgatan-19,-van-4-3282770129133348593",59-60m²,bostadsratt,2026-04-16T20:38:28.296358
7122261025884511806,https://www.hemnet.se/salda/lagenhet-2rum-husensjo-helsingborgs-kommun-jonkopingsgatan-27b-7122261025884511806,59-60m²,bostadsratt,2026-04-16T20:38:28.296360
5453592191204311761,https://www.hemnet.se/salda/lagenhet-2rum-centrala-mjolby-mjolby-kommun-axel-traffs-gata-7-5453592191204311761,59-60m²,bostadsratt,2026-04-16T20:38:28.296366
1493080473615080874,https://www.hemnet.se/salda/lagenhet-3rum-helenelund-sollentuna-kommun-parkvagen-12-1493080473615080874,59-60m²,bostadsratt,2026-04-16T20:38:28.296368
8523697987430983514,https://www.hemnet.se/salda/lagenhet-2rum-sorgenfri-malmo-kommun-ostra-farmvagen-38f-8523697987430983514,59-60m²,bostadsratt,2026-04-16T20:38:28.296370
153749818197769177,https://www.hemnet.se/salda/lagenhet-2rum-ostra-sorgenfri-malmo-kommun-spanehusvagen-62h-153749818197769177,59-60m²,bostadsratt,2026-04-16T20:38:28.296372
7816605751270953108,https://www.hemnet.se/salda/lagenhet-2rum-hogalid-trelleborgs-kommun-hogalidsvagen-46a-7816605751270953108,59-60m²,bostadsratt,2026-04-16T20:38:28.296374
2999522665041892615,https://www.hemnet.se/salda/lagenhet-2rum-dragonfaltet-umea-kommun-olof-palmes-gata-47-2999522665041892615,59-60m²,bostadsratt,2026-04-16T20:38:28.296380
7850034022680979743,"https://www.hemnet.se/salda/lagenhet-2rum-vasastan-birkastan-stockholms-kommun-rorstrandsgatan-44-a,-3-tr-7850034022680979743",59-60m²,bostadsratt,2026-04-16T20:38:28.296382
5575416110641100102,https://www.hemnet.se/salda/lagenhet-2rum-centrum-lulea-kommun-sodra-kungsgatan-8-5575416110641100102,59-60m²,bostadsratt,2026-04-16T20:38:28.296384
6071135346562014528,https://www.hemnet.se/salda/lagenhet-2rum-centralt-norrkopings-kommun-hospitalsgatan-24a-6071135346562014528,59-60m²,bostadsratt,2026-04-16T20:38:28.296386
7501314579147919138,https://www.hemnet.se/salda/lagenhet-2rum-vastra-frolunda-goteborgs-kommun-fagottgatan-6-7501314579147919138,59-60m²,bostadsratt,2026-04-16T20:38:28.296388
6965185645653653117,https://www.hemnet.se/salda/lagenhet-2rum-sodermalm-stockholms-kommun-mariatorget-6a-6965185645653653117,59-60m²,bostadsratt,2026-04-16T20:38:28.296389
4749183358655989176,https://www.hemnet.se/salda/lagenhet-3rum-beckomberga-stockholms-kommun-ballstavagen-240b-4749183358655989176,59-60m²,bostadsratt,2026-04-16T20:38:28.296392
4559130564226206428,"https://www.hemnet.se/salda/lagenhet-2rum-kungsholmen-stockholms-kommun-kungsholms-strand-185,-8tr-4559130564226206428",59-60m²,bostadsratt,2026-04-16T20:38:28.296394
6938537420672629979,"https://www.hemnet.se/salda/lagenhet-2rum-vasastan-stockholms-kommun-halsingegatan-8a,-3-tr,-6938537420672629979",59-60m²,bostadsratt,2026-04-16T20:38:28.296396
7354143228217450756,https://www.hemnet.se/salda/lagenhet-2rum-huddinge-huddinge-kommun-radstuguvagen-18-7354143228217450756,59-60m²,bostadsratt,2026-04-16T20:38:28.296397
618533547325886538,https://www.hemnet.se/salda/lagenhet-2rum-torpa-jonkopings-kommun-brahegatan-16a-618533547325886538,59-60m²,bostadsratt,2026-04-16T20:38:28.296399
5810344026870661009,https://www.hemnet.se/salda/lagenhet-2rum-ragsved-stockholms-kommun-baverbacksgrand-70-5810344026870661009,59-60m²,bostadsratt,2026-04-16T20:38:28.296401
7094886209856782172,https://www.hemnet.se/salda/lagenhet-2rum-borgmastaregarden-malmo-kommun-albinsrogatan-41-7094886209856782172,59-60m²,bostadsratt,2026-04-16T20:38:28.296403
6904520761038984803,https://www.hemnet.se/salda/lagenhet-2rum-hammarbyhojden-blasut-stockholms-kommun-astorpsringen-11-6904520761038984803,59-60m²,bostadsratt,2026-04-16T20:38:28.296405
9063464239651966215,https://www.hemnet.se/salda/lagenhet-2rum-ljungsbro-linkopings-kommun-norra-cloettavagen-13d-9063464239651966215,59-60m²,bostadsratt,2026-04-16T20:38:28.296407
3125061636539234638,https://www.hemnet.se/salda/lagenhet-2rum-luthagen-uppsala-kommun-prastgardsgatan-5a-3125061636539234638,59-60m²,bostadsratt,2026-04-16T20:38:28.296409
439471327121653165,https://www.hemnet.se/salda/lagenhet-2rum-koping-kopings-kommun-bergslagsvagen-12c-439471327121653165,59-60m²,bostadsratt,2026-04-16T20:38:28.296411
6953402496272428052,https://www.hemnet.se/salda/lagenhet-2rum-ranten-falkopings-kommun-warenbergsgatan-20-6953402496272428052,59-60m²,bostadsratt,2026-04-16T20:38:28.296413
7836743623523406838,https://www.hemnet.se/salda/lagenhet-2rum-gula-hoja-malmo-kommun-vastra-skravlingevagen-129-7836743623523406838,59-60m²,bostadsratt,2026-04-16T20:38:28.296414
7330074198834101662,https://www.hemnet.se/salda/lagenhet-2rum-torpa-jonkopings-kommun-larlingsgatan-4b-7330074198834101662,59-60m²,bostadsratt,2026-04-16T20:38:28.296417
3864727455025873471,https://www.hemnet.se/salda/lagenhet-2rum-tullholmsviken-karlstads-kommun-packhusallen-6a-3864727455025873471,59-60m²,bostadsratt,2026-04-16T20:38:28.296418
1202564121027677774,https://www.hemnet.se/salda/lagenhet-2rum-soderkulla-malmo-kommun-ormvraksgatan-13-1202564121027677774,59-60m²,bostadsratt,2026-04-16T20:38:28.296425
8673582152818577471,"https://www.hemnet.se/salda/lagenhet-3rum-hogdalen-stockholms-kommun-trollesundsvagen-151,-vaning-3-av-3-8673582152818577471",59-60m²,bostadsratt,2026-04-16T20:38:28.296428
2223553760737724738,https://www.hemnet.se/salda/lagenhet-2rum-fanna-enkopings-kommun-fannagatan-28-lgh-1302-2223553760737724738,59-60m²,bostadsratt,2026-04-16T20:38:28.296429
7832425273243433755,"https://www.hemnet.se/salda/lagenhet-3rum-gardet-stockholms-kommun-oregrundsgatan-7,-2-tr-7832425273243433755",59-60m²,bostadsratt,2026-04-16T20:38:28.296432
6909890384014957889,https://www.hemnet.se/salda/lagenhet-2rum-centrala-hisingen-goteborgs-kommun-borstbindaregatan-15-6909890384014957889,59-60m²,bostadsratt,2026-04-16T20:38:28.296433
8254530645095130772,"https://www.hemnet.se/salda/lagenhet-2,5rum-skogalundsklippan-nacka-kommun-skogalundsklippan-26-8254530645095130772",59-60m²,bostadsratt,2026-04-16T20:38:28.296436
3322828253994152240,https://www.hemnet.se/salda/lagenhet-2rum-soder-varbergs-kommun-bandholtzgatan-29a-3322828253994152240,59-60m²,bostadsratt,2026-04-16T20:38:28.296441
6644318134652512353,https://www.hemnet.se/salda/lagenhet-2rum-vimmerby-vimmerby-kommun-furugatan-13b-6644318134652512353,59-60m²,bostadsratt,2026-04-16T20:38:28.296442
4581147620107980354,https://www.hemnet.se/salda/lagenhet-2rum-majorna-goteborgs-kommun-harasgatan-11-4581147620107980354,59-60m²,bostadsratt,2026-04-16T20:38:28.296445
6278524934462067006,https://www.hemnet.se/salda/lagenhet-2rum-centrala-huddinge-huddinge-kommun-angsnasvagen-6-6278524934462067006,59-60m²,bostadsratt,2026-04-16T20:38:28.296446
1563095288501476148,https://www.hemnet.se/salda/lagenhet-2rum-annelund-malmo-kommun-vitemollegatan-11a-1563095288501476148,59-60m²,bostadsratt,2026-04-16T20:38:28.296452
7386207478663347245,https://www.hemnet.se/salda/lagenhet-2rum-torpa-jonkopings-kommun-brahegatan-12-7386207478663347245,59-60m²,bostadsratt,2026-04-16T20:38:28.296455
6098022899287404785,https://www.hemnet.se/salda/lagenhet-3rum-liljeholmen-stockholms-kommun-katrinebergsbacken-32-6098022899287404785,59-60m²,bostadsratt,2026-04-16T20:38:28.296456
71341756455944186,https://www.hemnet.se/salda/lagenhet-2rum-centrum-kungsangen-upplands-bro-kommun-ringvagen-16-71341756455944186,59-60m²,bostadsratt,2026-04-16T20:38:28.296458
1895468220742052069,https://www.hemnet.se/salda/lagenhet-2rum-hammarby-sjostad-stockholms-kommun-per-ludvig-lindgrens-terrass-2-1895468220742052069,59-60m²,bostadsratt,2026-04-16T20:38:28.296459
7616335614348520495,https://www.hemnet.se/salda/lagenhet-3rum-lunden-goteborgs-kommun-rantmastaregatan-26b-7616335614348520495,59-60m²,bostadsratt,2026-04-16T20:38:28.296462
2775764522107542392,https://www.hemnet.se/salda/lagenhet-2rum-rosengard-malmo-kommun-von-lingens-vag-118-2775764522107542392,59-60m²,bostadsratt,2026-04-16T20:38:28.296463
6132316989104391980,https://www.hemnet.se/salda/lagenhet-2rum-hogdalen-stockholms-kommun-onskehemsgatan-8-6132316989104391980,59-60m²,bostadsratt,2026-04-16T20:38:28.296464
5469353529474044789,https://www.hemnet.se/salda/lagenhet-2rum-vastermalm-nyfors-eskilstuna-kommun-tegelbruksgatan-19-5469353529474044789,59-60m²,bostadsratt,2026-04-16T20:38:28.296467
8883045825340484744,https://www.hemnet.se/salda/lagenhet-2rum-kristinebergs-strand-stockholms-kommun-olof-dalins-vag-20-8883045825340484744,59-60m²,bostadsratt,2026-04-16T20:38:28.296469
8283776463317099072,"https://www.hemnet.se/salda/lagenhet-2rum-ostermalm-gardet-stockholms-kommun-oregrundsgatan-18,-7tr-8283776463317099072",59-60m²,bostadsratt,2026-04-16T20:38:28.296471
2674048600085621327,https://www.hemnet.se/salda/lagenhet-2rum-hagernas-taby-kommun-radarvagen-20-2674048600085621327,59-60m²,bostadsratt,2026-04-16T20:38:28.296472
569622282316623914,https://www.hemnet.se/salda/lagenhet-2rum-centralt-gavle-kommun-staketgatan-3-569622282316623914,59-60m²,bostadsratt,2026-04-16T20:38:28.296475
7553016352831617160,https://www.hemnet.se/salda/lagenhet-2rum-hasselby-gard-stockholms-kommun-astrakangatan-102-7553016352831617160,59-60m²,bostadsratt,2026-04-16T20:38:28.296476
6723281396034551115,https://www.hemnet.se/salda/lagenhet-2rum-fanna-enkopings-kommun-ekenkallsgatan-8-6723281396034551115,59-60m²,bostadsratt,2026-04-16T20:38:28.296479
5921630481168062423,https://www.hemnet.se/salda/lagenhet-3rum-tyreso-tyreso-kommun-alangsgrand-6-5921630481168062423,59-60m²,bostadsratt,2026-04-16T20:38:28.296483
4964559822347145333,https://www.hemnet.se/salda/lagenhet-2rum-centrum-hjo-kommun-sturegatan-7b-4964559822347145333,59-60m²,bostadsratt,2026-04-16T20:38:28.296486
6888441853756325877,https://www.hemnet.se/salda/lagenhet-2rum-solna-centrum-solna-kommun-klippgatan-24a-6888441853756325877,59-60m²,bostadsratt,2026-04-16T20:38:28.296487
3100760078867958286,https://www.hemnet.se/salda/lagenhet-2rum-sundsvall-norrmalm-sundsvalls-kommun-bergfotsvagen-2-3100760078867958286,59-60m²,bostadsratt,2026-04-16T20:38:28.296490
955223547644408960,https://www.hemnet.se/salda/lagenhet-2rum-limhamn-malmo-kommun-hyllie-kyrkovag-49b-955223547644408960,59-60m²,bostadsratt,2026-04-16T20:38:28.296491
1451937055967297401,https://www.hemnet.se/salda/lagenhet-2rum-centrum-haparanda-kommun-stationsgatan-32-1451937055967297401,59-60m²,bostadsratt,2026-04-16T20:38:28.296494
4569546060661903113,https://www.hemnet.se/salda/lagenhet-2rum-ektorp-nacka-kommun-edinsvagen-2-4569546060661903113,59-60m²,bostadsratt,2026-04-16T20:38:28.296495
2636145308365327261,https://www.hemnet.se/salda/lagenhet-2rum-kulladal-malmo-kommun-kulladalsgatan-16d-2636145308365327261,59-60m²,bostadsratt,2026-04-16T20:38:28.296498
4527652001047684251,https://www.hemnet.se/salda/lagenhet-2rum-slottshojden-helsingborgs-kommun-rektorsgatan-3-4527652001047684251,59-60m²,bostadsratt,2026-04-16T20:38:28.296499
9084504763076805698,https://www.hemnet.se/salda/lagenhet-2rum-huskvarna-soder-jonkopings-kommun-vasterliden-3d-9084504763076805698,59-60m²,bostadsratt,2026-04-16T20:38:28.296502
8298780566016327473,https://www.hemnet.se/salda/lagenhet-2rum-rosengard-malmo-kommun-von-lingens-vag-88-8298780566016327473,59-60m²,bostadsratt,2026-04-16T20:38:28.296503
6021505927540409812,https://www.hemnet.se/salda/lagenhet-3rum-ostermalm-gardet-hjorthagen-stockholms-kommun-korsbarsvagen-22-6021505927540409812,59-60m²,bostadsratt,2026-04-16T20:38:28.296506
3537495468683643622,https://www.hemnet.se/salda/lagenhet-2rum-majorna-goteborgs-kommun-oljekvarnsgatan-13-b-3537495468683643622,59-60m²,bostadsratt,2026-04-16T20:38:28.296507
4091205333148763261,https://www.hemnet.se/salda/lagenhet-2rum-centralt-oster-halmstads-kommun-stationsgatan-38-4091205333148763261,59-60m²,bostadsratt,2026-04-16T20:38:28.296510
2109150750771801387,https://www.hemnet.se/salda/lagenhet-2rum-bollnas-bollnas-kommun-langgatan-19-a-2109150750771801387,59-60m²,bostadsratt,2026-04-16T20:38:28.296511
2064152530777522188,https://www.hemnet.se/salda/lagenhet-2rum-hornsbergs-strand-stockholms-kommun-franzengatan-46-2064152530777522188,59-60m²,bostadsratt,2026-04-16T20:38:28.296514
9067874272981468573,https://www.hemnet.se/salda/lagenhet-2rum-centrum-kalix-kommun-valhallavagen-65b-9067874272981468573,59-60m²,bostadsratt,2026-04-16T20:38:28.296515
4769736017294600670,https://www.hemnet.se/salda/lagenhet-2rum-solbacka-strand-norrtalje-kommun-solparksvagen-11a-4769736017294600670,59-60m²,bostadsratt,2026-04-16T20:38:28.296521
5929494091723983914,https://www.hemnet.se/salda/lagenhet-2rum-sodertorn-oskarshamns-kommun-kapellvagen-5-5929494091723983914,59-60m²,bostadsratt,2026-04-16T20:38:28.296523
2699676395988250244,https://www.hemnet.se/salda/lagenhet-2rum-kista-stockholms-kommun-borgarfjordsgatan-21a-2699676395988250244,59-60m²,bostadsratt,2026-04-16T20:38:28.296525
1777224305801516121,https://www.hemnet.se/salda/lagenhet-2rum-norrbole-skelleftea-kommun-asgatan-32b-1777224305801516121,59-60m²,bostadsratt,2026-04-16T20:38:28.296527
6528831510813809913,https://www.hemnet.se/salda/lagenhet-3rum-sorbyangen-orebro-kommun-peppargatan-13-6528831510813809913,59-60m²,bostadsratt,2026-04-16T20:38:28.296529
1527414286484721730,https://www.hemnet.se/salda/lagenhet-2rum-centrala-sundbyberg-sundbybergs-kommun-agatan-18-1527414286484721730,59-60m²,bostadsratt,2026-04-16T20:38:28.296531
572165140893776433,https://www.hemnet.se/salda/lagenhet-2rum-sjungande-dalen-mobacken-skelleftea-kommun-faltjagarvagen-24-572165140893776433,59-60m²,bostadsratt,2026-04-16T20:38:28.296533
8117709898184489824,https://www.hemnet.se/salda/lagenhet-2rum-ruddalen-goteborgs-kommun-fagottgatan-4-8117709898184489824,59-60m²,bostadsratt,2026-04-16T20:38:28.296535
5675697827217382363,https://www.hemnet.se/salda/lagenhet-2rum-laholm-laholms-kommun-margaretagatan-24-5675697827217382363,59-60m²,bostadsratt,2026-04-16T20:38:28.296537
6798169368687977132,https://www.hemnet.se/salda/lagenhet-60m2-kullingsberg-alingsas-kommun-hermelinvagen-1b-6798169368687977132,59-60m²,bostadsratt,2026-04-16T20:38:28.296542
742239035186188638,"https://www.hemnet.se/salda/lagenhet-2,5rum-grondal-stockholms-kommun-ljusstoparbacken-22a,-van-3-742239035186188638",59-60m²,bostadsratt,2026-04-16T20:38:28.296545
6949032685198056639,https://www.hemnet.se/salda/lagenhet-2rum-ostra-sorgenfri-malmo-kommun-ostra-farmvagen-32d-6949032685198056639,59-60m²,bostadsratt,2026-04-16T20:38:28.296546
4322148813062249329,https://www.hemnet.se/salda/lagenhet-2rum-berghem-umea-kommun-nydalavagen-16-4322148813062249329,59-60m²,bostadsratt,2026-04-16T20:38:28.296549
3792454063955921031,"https://www.hemnet.se/salda/lagenhet-2rum-lindvallen,-salen-malung-salens-kommun-vrilbacken-1f-3792454063955921031",59-60m²,bostadsratt,2026-04-16T20:38:28.296550
4847984418820855743,https://www.hemnet.se/salda/lagenhet-2rum-hagalund-borlange-kommun-tagtvagen-33-4847984418820855743,59-60m²,bostadsratt,2026-04-16T20:38:28.296553
6705327179045602125,https://www.hemnet.se/salda/lagenhet-3rum-vastra-orminge-nacka-kommun-ormingeringen-55d-6705327179045602125,59-60m²,bostadsratt,2026-04-16T20:38:28.296554
4478513405776905576,https://www.hemnet.se/salda/lagenhet-2rum-hagalund-borlange-kommun-hagavagen-42-4478513405776905576,59-60m²,bostadsratt,2026-04-16T20:38:28.296557
4523411271478776449,"https://www.hemnet.se/salda/lagenhet-2rum-centralt,-daglostakten-falu-kommun-vastra-tvillingvagen-3-4523411271478776449",59-60m²,bostadsratt,2026-04-16T20:38:28.296560
8327260625143823403,https://www.hemnet.se/salda/lagenhet-2rum-grubbe-umea-kommun-kronoskogsvagen-97-8327260625143823403,59-60m²,bostadsratt,2026-04-16T20:38:28.296561
8272193994351574440,https://www.hemnet.se/salda/lagenhet-2rum-tumba-botkyrka-kommun-grodingevagen-65-8272193994351574440,59-60m²,bostadsratt,2026-04-16T20:38:28.296563
5001851807395241439,https://www.hemnet.se/salda/lagenhet-2rum-ljungsbro-linkopings-kommun-norra-cloettavagen-11b-5001851807395241439,59-60m²,bostadsratt,2026-04-16T20:38:28.296565
3279259392112155251,https://www.hemnet.se/salda/lagenhet-3rum-teg-umea-kommun-korpralsvagen-34b-3279259392112155251,59-60m²,bostadsratt,2026-04-16T20:38:28.296566
7526601938377304864,https://www.hemnet.se/salda/lagenhet-2rum-gustavsbergs-lugnet-varmdo-kommun-meitens-vag-3-7526601938377304864,59-60m²,bostadsratt,2026-04-16T20:38:28.296569
8587214884092303577,https://www.hemnet.se/salda/lagenhet-2rum-ganglaten-jonkopings-kommun-ganglaten-12c-8587214884092303577,59-60m²,bostadsratt,2026-04-16T20:38:28.296571
4453213548239902257,"https://www.hemnet.se/salda/lagenhet-2rum-grindtorp-taby-kommun-kometvagen-23,-9tr-4453213548239902257",59-60m²,bostadsratt,2026-04-16T20:38:28.296572
3017004239014871200,https://www.hemnet.se/salda/lagenhet-2rum-segevang-malmo-kommun-kronetorpsgatan-60b-3017004239014871200,59-60m²,bostadsratt,2026-04-16T20:38:28.296574
4011992700019624620,"https://www.hemnet.se/salda/lagenhet-2,5rum-falhagen-uppsala-kommun-ymergatan-15f-4011992700019624620",59-60m²,bostadsratt,2026-04-16T20:38:28.296576
2496488469572621413,https://www.hemnet.se/salda/lagenhet-2rum-sodermalm-stockholms-kommun-heleneborgsgatan-8a-2496488469572621413,59-60m²,bostadsratt,2026-04-16T20:38:28.296579
1334768392665725337,https://www.hemnet.se/salda/lagenhet-2rum-torslanda-lilleby-goteborgs-kommun-lilleby-as-5-1334768392665725337,59-60m²,bostadsratt,2026-04-16T20:38:28.296583
8757314321654327154,https://www.hemnet.se/salda/lagenhet-2rum-centralt-norr-gavle-kommun-norra-slottsgatan-24b-8757314321654327154,59-60m²,bostadsratt,2026-04-16T20:38:28.296586
8062957599977110981,https://www.hemnet.se/salda/lagenhet-2rum-vastra-ersboda-umea-kommun-glassgrand-106-8062957599977110981,59-60m²,bostadsratt,2026-04-16T20:38:28.296587
2061549589371206291,"https://www.hemnet.se/salda/lagenhet-2rum-farsta-stockholms-kommun-farstavagen-181,-1tr-2061549589371206291",59-60m²,bostadsratt,2026-04-16T20:38:28.296590
8788391721452389019,"https://www.hemnet.se/salda/lagenhet-2rum-hasselby-strand-stockholms-kommun-aprikosgatan-39,-van-3-27-1202-8788391721452389019",59-60m²,bostadsratt,2026-04-16T20:38:28.296595
423380556845311855,https://www.hemnet.se/salda/lagenhet-2rum-hogdalen-stockholms-kommun-harpsundsvagen-123-423380556845311855,59-60m²,bostadsratt,2026-04-16T20:38:28.296598
1665681830176860852,https://www.hemnet.se/salda/lagenhet-2rum-centralt-knivsta-kommun-disponentgatan-7b-1665681830176860852,59-60m²,bostadsratt,2026-04-16T20:38:28.296603
5988174655829724006,https://www.hemnet.se/salda/lagenhet-2rum-soder-arboga-kommun-kapellgatan-22b-5988174655829724006,59-60m²,bostadsratt,2026-04-16T20:38:28.296605
3673811493047575894,https://www.hemnet.se/salda/lagenhet-2rum-sofiaparken-lunds-kommun-sofiaparken-4c-3673811493047575894,59-60m²,bostadsratt,2026-04-16T20:38:28.296607
252530201960418859,https://www.hemnet.se/salda/lagenhet-2rum-lasarettet-landskrona-kommun-enoch-thulins-vag-36a-252530201960418859,59-60m²,bostadsratt,2026-04-16T20:38:28.296609
1417927591415295956,https://www.hemnet.se/salda/lagenhet-3rum-ostra-sorgenfri-malmo-kommun-ostra-farmvagen-44b-1417927591415295956,59-60m²,bostadsratt,2026-04-16T20:38:28.296611
1517557504893699593,https://www.hemnet.se/salda/lagenhet-2rum-surbrunnen-ystads-kommun-fridhemsgatan-45c-1517557504893699593,59-60m²,bostadsratt,2026-04-16T20:38:28.296613
8172142797808212244,"https://www.hemnet.se/salda/lagenhet-3rum-hammarbyhojden,-johanneshov-stockholms-kommun-bjornstahlsgatan-4-8172142797808212244",59-60m²,bostadsratt,2026-04-16T20:38:28.296615
6291815114082518240,https://www.hemnet.se/salda/lagenhet-2rum-kungsladugard-goteborgs-kommun-carnegiegatan-17-a-6291815114082518240,59-60m²,bostadsratt,2026-04-16T20:38:28.296617
5974040811592057352,"https://www.hemnet.se/salda/lagenhet-3rum-abrahamsberg-stockholms-kommun-rorlaggarvagen-18,-van-3-3-5974040811592057352",59-60m²,bostadsratt,2026-04-16T20:38:28.296619
8940796105602958930,https://www.hemnet.se/salda/lagenhet-2rum-blackeberg-stockholms-kommun-bjornsonsgatan-126-8940796105602958930,59-60m²,bostadsratt,2026-04-16T20:38:28.296622
6483123597011821080,https://www.hemnet.se/salda/lagenhet-2rum-centralt-linkopings-kommun-brunnsgatan-3a-6483123597011821080,59-60m²,bostadsratt,2026-04-16T20:38:28.296623
5254015868614750873,https://www.hemnet.se/salda/lagenhet-2rum-vastertorp-stockholms-kommun-stavgrand-18-5254015868614750873,59-60m²,bostadsratt,2026-04-16T20:38:28.296625
1026118214009326442,https://www.hemnet.se/salda/lagenhet-2rum-soderkulla-malmo-kommun-duvhoksgatan-6a-1026118214009326442,59-60m²,bostadsratt,2026-04-16T20:38:28.296626
8280767686414768574,https://www.hemnet.se/salda/lagenhet-2rum-silverdal-sollentuna-kommun-margreteborgsvagen-4-8280767686414768574,59-60m²,bostadsratt,2026-04-16T20:38:28.296629
6560825063937153951,"https://www.hemnet.se/salda/lagenhet-2rum-vasastan-stockholms-kommun-tegnergatan-36,-3tr-6560825063937153951",59-60m²,bostadsratt,2026-04-16T20:38:28.296632
294700623808872126,https://www.hemnet.se/salda/lagenhet-3rum-vetterslund-vasteras-kommun-skogsduvevagen-9-294700623808872126,59-60m²,bostadsratt,2026-04-16T20:38:28.296633
1335658891011128356,"https://www.hemnet.se/salda/lagenhet-2,5rum-hogberget-centrum-ludvika-kommun-stigbergsgatan-3-a-1335658891011128356",59-60m²,bostadsratt,2026-04-16T20:38:28.296636
2456425768347264225,https://www.hemnet.se/salda/lagenhet-2rum-hogsbo-goteborgs-kommun-hogsbogatan-27-2456425768347264225,59-60m²,bostadsratt,2026-04-16T20:38:28.296637
6301739000286173750,https://www.hemnet.se/salda/lagenhet-2rum-kalleback-goteborgs-kommun-kallebacksvagen-13b-6301739000286173750,59-60m²,bostadsratt,2026-04-16T20:38:28.296640
5706728125199696192,"https://www.hemnet.se/salda/lagenhet-2,5rum-vasastan-norrmalm-stockholms-kommun-johannesgatan-7-5706728125199696192",59-60m²,bostadsratt,2026-04-16T20:38:28.296641
1463420557452385442,https://www.hemnet.se/salda/lagenhet-2rum-johannisdal-kopings-kommun-hagavagen-36-1463420557452385442,59-60m²,bostadsratt,2026-04-16T20:38:28.296644
2438626417531854067,https://www.hemnet.se/salda/lagenhet-2rum-ostra-sorgenfri-malmo-kommun-branteviksgatan-8e-2438626417531854067,59-60m²,bostadsratt,2026-04-16T20:38:28.296645
2190899788809462786,https://www.hemnet.se/salda/lagenhet-2rum-stabby-uppsala-kommun-prastgardsgatan-3a-2190899788809462786,59-60m²,bostadsratt,2026-04-16T20:38:28.296648
4232014751205729235,https://www.hemnet.se/salda/lagenhet-2rum-kalleback-goteborgs-kommun-kallebacksvagen-13b-4232014751205729235,59-60m²,bostadsratt,2026-04-16T20:38:28.296649
2249249159722169690,https://www.hemnet.se/salda/lagenhet-2rum-bromma-mariehall-stockholms-kommun-dartanjangs-gata-70-2249249159722169690,59-60m²,bostadsratt,2026-04-16T20:38:28.296652
705075084591679979,https://www.hemnet.se/salda/lagenhet-3rum-ormkarr-stockholms-kommun-stjarnsundsgatan-17-705075084591679979,59-60m²,bostadsratt,2026-04-16T20:38:28.296653
9015967466940358933,https://www.hemnet.se/salda/lagenhet-2rum-framre-luthagen-uppsala-kommun-luthagsesplanaden-3b-9015967466940358933,59-60m²,bostadsratt,2026-04-16T20:38:28.296660
6750978249452810647,https://www.hemnet.se/salda/lagenhet-2rum-skarpnack-stockholms-kommun-drakflygargatan-6-6750978249452810647,59-60m²,bostadsratt,2026-04-16T20:38:28.296661
7567130863464254129,https://www.hemnet.se/salda/lagenhet-2rum-gamla-staden-lidkopings-kommun-karlagatan-26a-7567130863464254129,59-60m²,bostadsratt,2026-04-16T20:38:28.296664
599444675188474384,https://www.hemnet.se/salda/lagenhet-2rum-bergnaset-lulea-kommun-bergnasvagen-13c-599444675188474384,59-60m²,bostadsratt,2026-04-16T20:38:28.296665
4564548753439244961,https://www.hemnet.se/salda/lagenhet-2rum-blombacka-sodertalje-kommun-heimdallsvagen-7-4564548753439244961,59-60m²,bostadsratt,2026-04-16T20:38:28.296672
3015283248079991084,https://www.hemnet.se/salda/lagenhet-2rum-kungsholmen-stockholms-kommun-sankt-eriksgatan-16-3015283248079991084,59-60m²,bostadsratt,2026-04-16T20:38:28.296673
8015727935643517104,https://www.hemnet.se/salda/lagenhet-1rum-centrum-hudiksvalls-kommun-storgatan-20-8015727935643517104,59-60m²,bostadsratt,2026-04-16T20:38:28.296674
6265467572048680928,https://www.hemnet.se/salda/lagenhet-2rum-gamla-norr-vaxjo-kommun-gamla-norrvagen-268-6265467572048680928,59-60m²,bostadsratt,2026-04-16T20:38:28.296677
5192344192292913962,https://www.hemnet.se/salda/lagenhet-2rum-norrtalje-stad-flygfaltet-norrtalje-kommun-flygaregatan-4f-5192344192292913962,59-60m²,bostadsratt,2026-04-16T20:38:28.296678
9188651291098652044,https://www.hemnet.se/salda/lagenhet-2rum-ruddalen-goteborgs-kommun-fagottgatan-10-9188651291098652044,59-60m²,bostadsratt,2026-04-16T20:38:28.296681
4743005330412863012,https://www.hemnet.se/salda/lagenhet-2rum-eneby-norrkopings-kommun-reenstiernagatan-42-4743005330412863012,59-60m²,bostadsratt,2026-04-16T20:38:28.296683
483050666350848516,https://www.hemnet.se/salda/lagenhet-2rum-luthagen-uppsala-kommun-prastgardsgatan-10a-483050666350848516,59-60m²,bostadsratt,2026-04-16T20:38:28.296685
4778463403082517700,https://www.hemnet.se/salda/lagenhet-2rum-masthugget-linne-goteborgs-kommun-andra-langgatan-28-4778463403082517700,59-60m²,bostadsratt,2026-04-16T20:38:28.296687
3769918286396169275,https://www.hemnet.se/salda/lagenhet-2rum-tyreso-centrum-tyreso-kommun-sikvagen-61-3769918286396169275,59-60m²,bostadsratt,2026-04-16T20:38:28.296689
7113919121028615373,https://www.hemnet.se/salda/lagenhet-2rum-trelleborg-trelleborgs-kommun-hogalidsvagen-36b-7113919121028615373,59-60m²,bostadsratt,2026-04-16T20:38:28.296691
3976342654449748095,"https://www.hemnet.se/salda/lagenhet-2,5rum-norra-guldheden-goteborgs-kommun-lovskogsgatan-6a-3976342654449748095",59-60m²,bostadsratt,2026-04-16T20:38:28.296693
8018263603640963083,https://www.hemnet.se/salda/lagenhet-2rum-munkeback-goteborgs-kommun-gyllenstensgatan-1-8018263603640963083,59-60m²,bostadsratt,2026-04-16T20:38:28.296694
2833724806038938287,https://www.hemnet.se/salda/lagenhet-2rum-sodermalm-katarina-stockholms-kommun-gotlandsgatan-37-2833724806038938287,59-60m²,bostadsratt,2026-04-16T20:38:28.296697
7984549460436357832,https://www.hemnet.se/salda/lagenhet-2rum-vasastan-birkastan-stockholms-kommun-tomtebogatan-39a-7984549460436357832,59-60m²,bostadsratt,2026-04-16T20:38:28.296698
389197605821789566,https://www.hemnet.se/salda/lagenhet-2rum-grind-norrtalje-kommun-grindvagen-2c-389197605821789566,59-60m²,bostadsratt,2026-04-16T20:38:28.296701
1161482149125400819,https://www.hemnet.se/salda/lagenhet-2rum-bromma-riksby-stockholms-kommun-galonvagen-6-3tr-1161482149125400819,59-60m²,bostadsratt,2026-04-16T20:38:28.296702
890349803737148398,https://www.hemnet.se/salda/lagenhet-2rum-malmaberg-vasteras-kommun-stentorpsgatan-24b-890349803737148398,59-60m²,bostadsratt,2026-04-16T20:38:28.296705
5276979313435292098,https://www.hemnet.se/salda/lagenhet-2rum-tomtebo-umea-kommun-hjaltevagen-54-5276979313435292098,59-60m²,bostadsratt,2026-04-16T20:38:28.296706
5146939635557019769,https://www.hemnet.se/salda/lagenhet-2rum-ersboda-umea-kommun-snipgrand-175-5146939635557019769,59-60m²,bostadsratt,2026-04-16T20:38:28.296707
1321680023120148971,https://www.hemnet.se/salda/lagenhet-2rum-hogsbo-goteborgs-kommun-guldmyntsgatan-20-1321680023120148971,59-60m²,bostadsratt,2026-04-16T20:38:28.296710
1994395526430315813,https://www.hemnet.se/salda/lagenhet-2rum-grindtorp-taby-kommun-kometvagen-11-1994395526430315813,59-60m²,bostadsratt,2026-04-16T20:38:28.296714
6297647010632336583,https://www.hemnet.se/salda/lagenhet-2rum-katrinelund-malmo-kommun-eriksdalsgatan-7a-6297647010632336583,59-60m²,bostadsratt,2026-04-16T20:38:28.296716
2165090398712728193,https://www.hemnet.se/salda/lagenhet-2rum-masthugget-linne-goteborgs-kommun-andra-langgatan-28-2165090398712728193,59-60m²,bostadsratt,2026-04-16T20:38:28.296719
2825656473873436386,https://www.hemnet.se/salda/lagenhet-2rum-bergshamra-solna-kommun-ripstigen-1-2825656473873436386,59-60m²,bostadsratt,2026-04-16T20:38:28.296720
5470638543543288561,https://www.hemnet.se/salda/lagenhet-2rum-rosengard-malmo-kommun-von-lingens-vag-116-5470638543543288561,59-60m²,bostadsratt,2026-04-16T20:38:28.296726
800689938812463371,https://www.hemnet.se/salda/lagenhet-3rum-jarvastaden-solna-kommun-dammtorps-alle-19-800689938812463371,59-60m²,bostadsratt,2026-04-16T20:38:28.296728
4170714349975310984,"https://www.hemnet.se/salda/lagenhet-2rum-grindtorp-taby-kommun-kometvagen-7,3tr-4170714349975310984",59-60m²,bostadsratt,2026-04-16T20:38:28.296731
5244698422321573731,https://www.hemnet.se/salda/lagenhet-2rum-ostra-gislaved-gislaveds-kommun-abjornsgatan-36c-5244698422321573731,59-60m²,bostadsratt,2026-04-16T20:38:28.296733
5810275303047675010,https://www.hemnet.se/salda/lagenhet-2rum-frosang-oxelosunds-kommun-frosangsvagen-72-5810275303047675010,59-60m²,bostadsratt,2026-04-16T20:38:28.296735
7880436721131158316,"https://www.hemnet.se/salda/lagenhet-3rum-arsta-stockholms-kommun-borensvagen-45,-2tr-7880436721131158316",59-60m²,bostadsratt,2026-04-16T20:38:28.296737
8740358524160778062,https://www.hemnet.se/salda/lagenhet-2rum-vaster-hassleholms-kommun-mellankullagatan-10a-8740358524160778062,59-60m²,bostadsratt,2026-04-16T20:38:28.296743
7181448231440674063,"https://www.hemnet.se/salda/lagenhet-2rum-hammarbyhojden-stockholms-kommun-tidaholmsvagen-30,-2-tr-7181448231440674063",59-60m²,bostadsratt,2026-04-16T20:38:28.296745
2151497701097562664,https://www.hemnet.se/salda/lagenhet-2rum-kalmar-kalmar-kommun-sodra-langgatan-15-2151497701097562664,59-60m²,bostadsratt,2026-04-16T20:38:28.296747
6908010831429027799,https://www.hemnet.se/salda/lagenhet-2rum-soderhamn-soderhamns-kommun-norralagatan-9b-6908010831429027799,59-60m²,bostadsratt,2026-04-16T20:38:28.296749
3415269612122118912,https://www.hemnet.se/salda/lagenhet-2rum-tuna-lunds-kommun-scheelevagen-3h-3415269612122118912,59-60m²,bostadsratt,2026-04-16T20:38:28.296751
6585274092696654927,"https://www.hemnet.se/salda/lagenhet-2rum-alta-strandparken-nacka-kommun-stensovagen-22,-3-tr-6585274092696654927",59-60m²,bostadsratt,2026-04-16T20:38:28.296753
6719461566911849445,https://www.hemnet.se/salda/lagenhet-3rum-karrtorp-stockholms-kommun-gashallsvagen-18-6719461566911849445,59-60m²,bostadsratt,2026-04-16T20:38:28.296755
9174511355949922546,https://www.hemnet.se/salda/lagenhet-2rum-granlo-sundsvalls-kommun-vikingavagen-33-9174511355949922546,59-60m²,bostadsratt,2026-04-16T20:38:28.296757
623932291645817413,https://www.hemnet.se/salda/lagenhet-2rum-sala-backe-uppsala-kommun-apelgatan-5c-623932291645817413,59-60m²,bostadsratt,2026-04-16T20:38:28.296759
2322660111483453188,"https://www.hemnet.se/salda/lagenhet-2rum-centrum,-lund-lunds-kommun-lokforaregatan-11a-2322660111483453188",59-60m²,bostadsratt,2026-04-16T20:38:28.296761
2334824479028092865,https://www.hemnet.se/salda/lagenhet-2rum-katrinelund-malmo-kommun-eriksdalsgatan-5b-2334824479028092865,59-60m²,bostadsratt,2026-04-16T20:38:28.296763
5039564644740389635,https://www.hemnet.se/salda/lagenhet-2rum-kimstad-norrkopings-kommun-backvagen-3b-5039564644740389635,59-60m²,bostadsratt,2026-04-16T20:38:28.296765
2883521864164076055,https://www.hemnet.se/salda/lagenhet-2rum-storskogen-sundbybergs-kommun-starrbacksgatan-11a-2883521864164076055,59-60m²,bostadsratt,2026-04-16T20:38:28.296767
4468223519256834250,https://www.hemnet.se/salda/lagenhet-2rum-landskrona-landskrona-kommun-hantverkargatan-40a-4468223519256834250,59-60m²,bostadsratt,2026-04-16T20:38:28.296769
8944567260448111217,https://www.hemnet.se/salda/lagenhet-2rum-pedagogen-park-molndals-kommun-professorsgatan-2-8944567260448111217,59-60m²,bostadsratt,2026-04-16T20:38:28.296771
4998561607760943541,https://www.hemnet.se/salda/lagenhet-2rum-kungsladugard-goteborgs-kommun-slottsskogsgatan-75-4998561607760943541,59-60m²,bostadsratt,2026-04-16T20:38:28.296773
922895544339738103,https://www.hemnet.se/salda/lagenhet-2rum-bunkeflostrand-malmo-kommun-skraddarebyn-1c-922895544339738103,59-60m²,bostadsratt,2026-04-16T20:38:28.296778
530928717162691797,https://www.hemnet.se/salda/lagenhet-2rum-centrum-varbergs-kommun-sveagatan-40-530928717162691797,59-60m²,bostadsratt,2026-04-16T20:38:28.296781
443029756904605988,"https://www.hemnet.se/salda/lagenhet-2rum-hokarangen-stockholms-kommun-russinvagen-4,-2-tr-443029756904605988",59-60m²,bostadsratt,2026-04-16T20:38:28.296782
171341832061908412,https://www.hemnet.se/salda/lagenhet-2rum-arvika-arvika-kommun-nordgatan-12-171341832061908412,59-60m²,bostadsratt,2026-04-16T20:38:28.296786
5869639296725226400,https://www.hemnet.se/salda/lagenhet-2rum-kaveros-goteborgs-kommun-tunnlandsgatan-18-5869639296725226400,59-60m²,bostadsratt,2026-04-16T20:38:28.296788
7757940491690595956,https://www.hemnet.se/salda/lagenhet-2rum-ornsberg-aspudden-stockholms-kommun-jakobsdalsvagen-6-7757940491690595956,59-60m²,bostadsratt,2026-04-16T20:38:28.296789
7103203069533731663,https://www.hemnet.se/salda/lagenhet-2rum-kronogarden-trollhattans-kommun-lantmannavagen-66-7103203069533731663,59-60m²,bostadsratt,2026-04-16T20:38:28.296792
5828015231218046739,"https://www.hemnet.se/salda/lagenhet-2rum-kungsholmen-radhuset-stockholms-kommun-norra-agnegatan-38,-4-tr-5828015231218046739",59-60m²,bostadsratt,2026-04-16T20:38:28.296794
8035862984488599563,https://www.hemnet.se/salda/lagenhet-2rum-rosengard-apelgarden-malmo-kommun-von-lingens-vag-22-8035862984488599563,59-60m²,bostadsratt,2026-04-16T20:38:28.296796
7308737420179592828,https://www.hemnet.se/salda/lagenhet-2rum-centralt-ostersunds-kommun-kopmangatan-59a-7308737420179592828,59-60m²,bostadsratt,2026-04-16T20:38:28.296798
3012873748191474357,"https://www.hemnet.se/salda/lagenhet-2rum-sodermalm-maria-hogalid-stockholms-kommun-folkskolegatan-20,-5-tr-3012873748191474357",59-60m²,bostadsratt,2026-04-16T20:38:28.296800
4082822294900236432,https://www.hemnet.se/salda/lagenhet-2rum-vastra-hamnen-malmo-kommun-lilla-varvsgatan-29a-4082822294900236432,59-60m²,bostadsratt,2026-04-16T20:38:28.296802
1808191293350819092,https://www.hemnet.se/salda/lagenhet-2rum-rorsjostaden-malmo-kommun-drottninggatan-6c-1808191293350819092,59-60m²,bostadsratt,2026-04-16T20:38:28.296803
7985251775455186570,https://www.hemnet.se/salda/lagenhet-2rum-lina-ronna-sodertalje-kommun-lodstigen-2-7985251775455186570,59-60m²,bostadsratt,2026-04-16T20:38:28.296805
2443501227371907144,https://www.hemnet.se/salda/lagenhet-2rum-centrala-tyreso-tyreso-kommun-sikvagen-61-2443501227371907144,59-60m²,bostadsratt,2026-04-16T20:38:28.296807
950284212457079510,"https://www.hemnet.se/salda/lagenhet-2rum-kungsholmen-stadshagen-stockholms-kommun-sankt-goransgatan-146,-3-tr-950284212457079510",59-60m²,bostadsratt,2026-04-16T20:38:28.296809
8860651886214259973,https://www.hemnet.se/salda/lagenhet-2rum-karlssons-ang-kalmar-kommun-sidenvagen-6h-8860651886214259973,59-60m²,bostadsratt,2026-04-16T20:38:28.296816
1015402068531357269,https://www.hemnet.se/salda/lagenhet-2rum-teg-umea-kommun-furugrand-4b-1015402068531357269,59-60m²,bostadsratt,2026-04-16T20:38:28.296817
2366876922985249120,https://www.hemnet.se/salda/lagenhet-3rum-vastra-kattarp-hindby-malmo-kommun-gullregnsgatan-2b-2366876922985249120,59-60m²,bostadsratt,2026-04-16T20:38:28.296820
2880754748101644360,https://www.hemnet.se/salda/lagenhet-2rum-vaster-landskrona-kommun-svarvaregatan-5c-2880754748101644360,59-60m²,bostadsratt,2026-04-16T20:38:28.296821
5473247547919185932,https://www.hemnet.se/salda/lagenhet-2rum-nydala-malmo-kommun-humanistgatan-4a-5473247547919185932,59-60m²,bostadsratt,2026-04-16T20:38:28.296822
6455541788333135571,"https://www.hemnet.se/salda/lagenhet-2,5rum-sodermalm-sofia-stockholms-kommun-sodermannagatan-64-6455541788333135571",59-60m²,bostadsratt,2026-04-16T20:38:28.296825
6892538601026933701,https://www.hemnet.se/salda/lagenhet-2rum-sodermalm-sofo-stockholms-kommun-gotlandsgatan-67-6892538601026933701,59-60m²,bostadsratt,2026-04-16T20:38:28.296826
1595518357581551594,https://www.hemnet.se/salda/lagenhet-2rum-norra-ormesta-orebro-kommun-ulsavilagatan-35-1595518357581551594,59-60m²,bostadsratt,2026-04-16T20:38:28.296829
7091520653883603854,https://www.hemnet.se/salda/lagenhet-2rum-gredby-eskilstuna-kommun-gredbergsgatan-7a-7091520653883603854,59-60m²,bostadsratt,2026-04-16T20:38:28.296830
1508365792878504595,https://www.hemnet.se/salda/lagenhet-2rum-gamlestaden-goteborgs-kommun-gamlestads-brygga-11-1508365792878504595,59-60m²,bostadsratt,2026-04-16T20:38:28.296835
8085820797118590737,https://www.hemnet.se/salda/lagenhet-2rum-ekeby-bjuvs-kommun-storgatan-44a-8085820797118590737,59-60m²,bostadsratt,2026-04-16T20:38:28.296838
7932491584839598479,https://www.hemnet.se/salda/lagenhet-2rum-nydala-malmo-kommun-humanistgatan-8a-7932491584839598479,59-60m²,bostadsratt,2026-04-16T20:38:28.296839
5794374307977306818,https://www.hemnet.se/salda/lagenhet-2rum-ostermalm-stockholms-kommun-nybrogatan-37-5794374307977306818,59-60m²,bostadsratt,2026-04-16T20:38:28.296842
9170682906179532959,https://www.hemnet.se/salda/lagenhet-2rum-pedagogen-park-molndals-kommun-professorsgatan-2-9170682906179532959,59-60m²,bostadsratt,2026-04-16T20:38:28.296843
280978804407963871,https://www.hemnet.se/salda/lagenhet-2rum-johannelund-linkopings-kommun-munkhagsgatan-154-280978804407963871,59-60m²,bostadsratt,2026-04-16T20:38:28.296846
1434432328514716564,https://www.hemnet.se/salda/lagenhet-2rum-billsta-vasteras-kommun-billsta-tradgardsvag-5e-1434432328514716564,59-60m²,bostadsratt,2026-04-16T20:38:28.296847
1137970885546057781,https://www.hemnet.se/salda/lagenhet-2rum-fruangen-stockholms-kommun-jenny-linds-gata-5-1137970885546057781,59-60m²,bostadsratt,2026-04-16T20:38:28.296850
9006245855081619165,"https://www.hemnet.se/salda/lagenhet-2rum-gardet-stockholms-kommun-oregrundsgatan-14,-7-tr-9006245855081619165",59-60m²,bostadsratt,2026-04-16T20:38:28.296851
6979846891862056320,https://www.hemnet.se/salda/lagenhet-2rum-porslinskvarteren-varmdo-kommun-chamottevagen-9-6979846891862056320,59-60m²,bostadsratt,2026-04-16T20:38:28.296853
1248841332624295464,https://www.hemnet.se/salda/lagenhet-60m2-kirseberg-malmo-kommun-vattenverksvagen-50a-1248841332624295464,59-60m²,bostadsratt,2026-04-16T20:38:28.296855
4583445875196970498,https://www.hemnet.se/salda/lagenhet-3rum-tomtebo-umea-kommun-skogsfruvagen-17e-4583445875196970498,59-60m²,bostadsratt,2026-04-16T20:38:28.296857
7313709414758609687,https://www.hemnet.se/salda/lagenhet-3rum-ovre-eriksberg-goteborgs-kommun-enekullegatan-12d-7313709414758609687,59-60m²,bostadsratt,2026-04-16T20:38:28.296859
1262015463440507029,https://www.hemnet.se/salda/lagenhet-2rum-erikslust-malmo-kommun-erikslustvagen-32a-1262015463440507029,59-60m²,bostadsratt,2026-04-16T20:38:28.296861
7528405303897398740,https://www.hemnet.se/salda/lagenhet-2rum-broslatt-molndals-kommun-ponnygatan-6d-7528405303897398740,59-60m²,bostadsratt,2026-04-16T20:38:28.296862
560626364216480314,https://www.hemnet.se/salda/lagenhet-2rum-rorsjostaden-malmo-kommun-drottninggatan-6c-560626364216480314,59-60m²,bostadsratt,2026-04-16T20:38:28.296865
808448396086136975,https://www.hemnet.se/salda/lagenhet-3rum-sundbyberg-lilla-alby-sundbybergs-kommun-gjuteribacken-6a-808448396086136975,59-60m²,bostadsratt,2026-04-16T20:38:28.296871
6993464029632281560,https://www.hemnet.se/salda/lagenhet-2rum-dammfri-malmo-kommun-dammfrigangen-4c-6993464029632281560,59-60m²,bostadsratt,2026-04-16T20:38:28.296873
2512070381854595571,https://www.hemnet.se/salda/lagenhet-2rum-brunnshog-lunds-kommun-brunnshogsgatan-43-2512070381854595571,59-60m²,bostadsratt,2026-04-16T20:38:28.296875
8140737327884574067,https://www.hemnet.se/salda/lagenhet-2rum-vasastan-stockholms-kommun-dalagatan-72-8140737327884574067,59-60m²,bostadsratt,2026-04-16T20:38:28.296877
4039946467644826025,"https://www.hemnet.se/salda/lagenhet-2rum-farsta-stockholms-kommun-eksharadsgatan-91,-8tr-4039946467644826025",59-60m²,bostadsratt,2026-04-16T20:38:28.296878
4692801665247693766,https://www.hemnet.se/salda/lagenhet-2rum-ballsta-stockholms-kommun-ballstavagen-242a-4692801665247693766,59-60m²,bostadsratt,2026-04-16T20:38:28.296881
7198466572603794567,https://www.hemnet.se/salda/lagenhet-2rum-borgmastaregarden-malmo-kommun-albinsrogatan-55-7198466572603794567,59-60m²,bostadsratt,2026-04-16T20:38:28.296882
5062883446717515996,https://www.hemnet.se/salda/lagenhet-2rum-vasterhaninge-haninge-kommun-abylundsvagen-133-5062883446717515996,59-60m²,bostadsratt,2026-04-16T20:38:28.296889
5453243598024941966,https://www.hemnet.se/salda/lagenhet-2rum-ostra-sorgenfri-malmo-kommun-ostra-farmvagen-42c-5453243598024941966,59-60m²,bostadsratt,2026-04-16T20:38:28.296890
2387019307013482227,"https://www.hemnet.se/salda/lagenhet-2rum-larsberg-lidingo-kommun-larsbergstorget-5,-4-tr-2387019307013482227",59-60m²,bostadsratt,2026-04-16T20:38:28.296893
55214368869221275,"https://www.hemnet.se/salda/lagenhet-2rum-liljeholmen-stockholms-kommun-nybohovsbacken-31,-bottenplan-55214368869221275",59-60m²,bostadsratt,2026-04-16T20:38:28.296897
4813347890489419075,https://www.hemnet.se/salda/lagenhet-2rum-hoganas-uppsala-kommun-torkelsgatan-38b-4813347890489419075,59-60m²,bostadsratt,2026-04-16T20:38:28.296900
1354285262322360281,https://www.hemnet.se/salda/lagenhet-2rum-centralt-oster-halmstads-kommun-hemmansvagen-16-1354285262322360281,59-60m²,bostadsratt,2026-04-16T20:38:28.296902
3932835181335461967,https://www.hemnet.se/salda/lagenhet-2rum-skytteholm-solna-kommun-nybodagatan-14-3932835181335461967,59-60m²,bostadsratt,2026-04-16T20:38:28.296904
7322376049203395309,"https://www.hemnet.se/salda/lagenhet-2rum-frosunda-solna-kommun-gustav-iii-s-boulevard-167,-5-tr-7322376049203395309",59-60m²,bostadsratt,2026-04-16T20:38:28.296906
5231969986222447650,https://www.hemnet.se/salda/lagenhet-2rum-skarphagen-norrkopings-kommun-klingagatan-9-5231969986222447650,59-60m²,bostadsratt,2026-04-16T20:38:28.296908
1781255003629266034,https://www.hemnet.se/salda/lagenhet-2rum-hagernas-taby-kommun-radarvagen-24-1781255003629266034,59-60m²,bostadsratt,2026-04-16T20:38:28.296910
7512310939870902556,https://www.hemnet.se/salda/lagenhet-2rum-ostermalm-stockholms-kommun-sturegatan-44b-7512310939870902556,59-60m²,bostadsratt,2026-04-16T20:38:28.296912
3790068109580791537,"https://www.hemnet.se/salda/lagenhet-2rum-farsta-stockholms-kommun-filipstadsbacken-48,-4tr-3790068109580791537",59-60m²,bostadsratt,2026-04-16T20:38:28.296914
5537634691429909319,https://www.hemnet.se/salda/lagenhet-2rum-grangesberg-oraberget-ludvika-kommun-orabergsvagen-28-5537634691429909319,59-60m²,bostadsratt,2026-04-16T20:38:28.296917
7323426530114109523,https://www.hemnet.se/salda/lagenhet-2rum-vasastan-stockholms-kommun-sveavagen-105b-7323426530114109523,59-60m²,bostadsratt,2026-04-16T20:38:28.296920
2990472159977698456,https://www.hemnet.se/salda/lagenhet-2rum-sodermalm-stockholms-kommun-borgargatan-2-2990472159977698456,59-60m²,bostadsratt,2026-04-16T20:38:28.296921
4522817237319574274,https://www.hemnet.se/salda/lagenhet-3rum-luthagen-uppsala-kommun-borjegatan-31a-4522817237319574274,59-60m²,bostadsratt,2026-04-16T20:38:28.296923
3684148751552136576,https://www.hemnet.se/salda/lagenhet-2rum-sorbyangen-orebro-kommun-peppargatan-13-3684148751552136576,59-60m²,bostadsratt,2026-04-16T20:38:28.296925
8868566054205786736,https://www.hemnet.se/salda/lagenhet-2rum-bergshamra-solna-kommun-ripstigen-8-8868566054205786736,59-60m²,bostadsratt,2026-04-16T20:38:28.296927
5501811648926491910,https://www.hemnet.se/salda/lagenhet-2rum-bagarmossen-stockholms-kommun-rusthallarvagen-135-5501811648926491910,59-60m²,bostadsratt,2026-04-16T20:38:28.296929
8224775884159224327,https://www.hemnet.se/salda/lagenhet-2rum-sjobo-sjobo-kommun-grengatan-3c-8224775884159224327,59-60m²,bostadsratt,2026-04-16T20:38:28.296931
4729365648622934515,https://www.hemnet.se/salda/lagenhet-2rum-sandkilen-norrtalje-kommun-sandgatan-7a-4729365648622934515,59-60m²,bostadsratt,2026-04-16T20:38:28.296932
7827368696396724669,https://www.hemnet.se/salda/lagenhet-2rum-fagelbacken-malmo-kommun-orsholmsgangen-2a-7827368696396724669,59-60m²,bostadsratt,2026-04-16T20:38:28.296935
925460037560755371,https://www.hemnet.se/salda/lagenhet-2rum-limhamn-malmo-kommun-sveagatan-98c-925460037560755371,59-60m²,bostadsratt,2026-04-16T20:38:28.296936
4425523374221302500,https://www.hemnet.se/salda/lagenhet-2rum-johannisdal-kopings-kommun-hagavagen-36-4425523374221302500,59-60m²,bostadsratt,2026-04-16T20:38:28.296939
1755233776373171352,https://www.hemnet.se/salda/lagenhet-2rum-agneteberg-arvika-kommun-savsjovagen-45-b-1755233776373171352,59-60m²,bostadsratt,2026-04-16T20:38:28.296940
414642291742886678,https://www.hemnet.se/salda/lagenhet-2rum-centrum-sjobo-kommun-grengatan-5d-414642291742886678,59-60m²,bostadsratt,2026-04-16T20:38:28.296943
5894069908025651395,https://www.hemnet.se/salda/lagenhet-2rum-centrum-vaxjo-kommun-norra-esplanaden-26-5894069908025651395,59-60m²,bostadsratt,2026-04-16T20:38:28.296944
9124442323807549714,https://www.hemnet.se/salda/lagenhet-2rum-bro-gamla-bro-upplands-bro-kommun-lantmatarvagen-27-9124442323807549714,59-60m²,bostadsratt,2026-04-16T20:38:28.296947
2544235389494817895,https://www.hemnet.se/salda/lagenhet-2rum-tunabackar-uppsala-kommun-vapnargatan-15a-2544235389494817895,59-60m²,bostadsratt,2026-04-16T20:38:28.296952
1150638016843990415,https://www.hemnet.se/salda/lagenhet-3rum-ostermalm-gardet-stockholms-kommun-rindogatan-48-1150638016843990415,59-60m²,bostadsratt,2026-04-16T20:38:28.296953
500656102171200784,https://www.hemnet.se/salda/lagenhet-2rum-tomaslunden-vetlanda-kommun-skanegatan-3-500656102171200784,59-60m²,bostadsratt,2026-04-16T20:38:28.296954
8936225632496054086,https://www.hemnet.se/salda/lagenhet-2rum-hogalid-trelleborgs-kommun-hogalidsvagen-30a-8936225632496054086,59-60m²,bostadsratt,2026-04-16T20:38:28.296957
4457718803403867775,https://www.hemnet.se/salda/lagenhet-2rum-luthagen-uppsala-kommun-tiundagatan-47-4457718803403867775,59-60m²,bostadsratt,2026-04-16T20:38:28.296962
445146414253700727,https://www.hemnet.se/salda/lagenhet-2rum-kobjer-lunds-kommun-slattervagen-9a-445146414253700727,59-60m²,bostadsratt,2026-04-16T20:38:28.296965
1334923711226852538,https://www.hemnet.se/salda/lagenhet-2rum-centralt-sundsvalls-kommun-gronborgsgatan-1a-1334923711226852538,59-60m²,bostadsratt,2026-04-16T20:38:28.296966
7998581807041537948,https://www.hemnet.se/salda/lagenhet-2rum-marsta-centrum-sigtuna-kommun-centrumleden-51-vanortsringen-7998581807041537948,59-60m²,bostadsratt,2026-04-16T20:38:28.296969
4485400571637933383,https://www.hemnet.se/salda/lagenhet-2rum-centrala-hisingen-goteborgs-kommun-virvelvindsgatan-20c-4485400571637933383,59-60m²,bostadsratt,2026-04-16T20:38:28.296970
3335452236942373469,"https://www.hemnet.se/salda/lagenhet-2rum-farsta-stockholms-kommun-farstavagen-175,-3tr-3335452236942373469",59-60m²,bostadsratt,2026-04-16T20:38:28.296973
6499487983511778584,https://www.hemnet.se/salda/lagenhet-2rum-sodermalm-sofia-stockholms-kommun-bondegatan-16b-van-3-6499487983511778584,59-60m²,bostadsratt,2026-04-16T20:38:28.296976
7097341671209411249,https://www.hemnet.se/salda/lagenhet-2rum-salabacke-uppsala-kommun-kallparksgatan-4-7097341671209411249,59-60m²,bostadsratt,2026-04-16T20:38:28.296977
2661393238550026214,https://www.hemnet.se/salda/lagenhet-2rum-sannakajen-kristinehamns-kommun-nyhamnsvagen-2c-2661393238550026214,59-60m²,bostadsratt,2026-04-16T20:38:28.296978
1838715828075123456,https://www.hemnet.se/salda/lagenhet-2rum-tystberga-nykopings-kommun-fagelvagen-6a-1838715828075123456,59-60m²,bostadsratt,2026-04-16T20:38:28.296981
6175846020151208053,https://www.hemnet.se/salda/lagenhet-2rum-svartbacken-uppsala-kommun-egilsgatan-17a-6175846020151208053,59-60m²,bostadsratt,2026-04-16T20:38:28.296982
8635589262918904249,"https://www.hemnet.se/salda/lagenhet-2,5rum-skurholmen-lulea-kommun-storstigen-21-8635589262918904249",59-60m²,bostadsratt,2026-04-16T20:38:28.296985
8470876867516405640,https://www.hemnet.se/salda/lagenhet-2rum-oraberget-ludvika-kommun-orabergsvagen-27-8470876867516405640,59-60m²,bostadsratt,2026-04-16T20:38:28.296986
2266860282519482588,https://www.hemnet.se/salda/lagenhet-2rum-ostbergahojden-stockholms-kommun-spannarpsgrand-8-2266860282519482588,59-60m²,bostadsratt,2026-04-16T20:38:28.296989
6233666441502008561,https://www.hemnet.se/salda/lagenhet-3rum-kapellgardet-uppsala-kommun-kantorsgatan-9-6233666441502008561,59-60m²,bostadsratt,2026-04-16T20:38:28.296990
7954231727595593124,https://www.hemnet.se/salda/lagenhet-2rum-sodertalje-sodra-sodertalje-kommun-vikingavagen-1a-7954231727595593124,59-60m²,bostadsratt,2026-04-16T20:38:28.296993
4710714404497797697,https://www.hemnet.se/salda/lagenhet-2rum-loten-uppsala-kommun-heidenstamsgatan-51-4710714404497797697,59-60m²,bostadsratt,2026-04-16T20:38:28.296994
4877642708972576440,https://www.hemnet.se/salda/lagenhet-2rum-tegskiftet-landskrona-kommun-enoch-thulins-vag-32c-4877642708972576440,59-60m²,bostadsratt,2026-04-16T20:38:28.296996
2071579769653947056,https://www.hemnet.se/salda/lagenhet-2rum-gamla-nasby-kristianstads-kommun-nasbychaussen-43-2071579769653947056,59-60m²,bostadsratt,2026-04-16T20:38:28.296998
403303866943206398,https://www.hemnet.se/salda/lagenhet-2rum-vattersnas-jonkopings-kommun-solvagen-13-403303866943206398,59-60m²,bostadsratt,2026-04-16T20:38:28.297000
4206400657486360578,https://www.hemnet.se/salda/lagenhet-2rum-tidaholm-tidaholms-kommun-ostra-drottningvagen-39-4206400657486360578,59-60m²,bostadsratt,2026-04-16T20:38:28.297002
6755414140460878808,https://www.hemnet.se/salda/lagenhet-2rum-norrmalm-skovde-kommun-henrik-gjutares-gata-32d-6755414140460878808,59-60m²,bostadsratt,2026-04-16T20:38:28.297004
4778947590767644884,https://www.hemnet.se/salda/lagenhet-2rum-gamla-masthugget-goteborgs-kommun-paradisgatan-18-4778947590767644884,59-60m²,bostadsratt,2026-04-16T20:38:28.297011
3107908646559001964,"https://www.hemnet.se/salda/lagenhet-3rum-arsta-stockholms-kommun-arstavagen-28,-5-tr-3107908646559001964",59-60m²,bostadsratt,2026-04-16T20:38:28.297012
5928207497610700731,https://www.hemnet.se/salda/lagenhet-2rum-hammarbyhojden-stockholms-kommun-paternostervagen-26-5928207497610700731,59-60m²,bostadsratt,2026-04-16T20:38:28.297015
5501131543822488555,https://www.hemnet.se/salda/lagenhet-2rum-sundsta-karlstads-kommun-rudsvagen-5b-5501131543822488555,59-60m²,bostadsratt,2026-04-16T20:38:28.297016
4062137884182896486,https://www.hemnet.se/salda/lagenhet-2rum-centralt-ornskoldsviks-kommun-vastra-dalgatan-34-b-4062137884182896486,59-60m²,bostadsratt,2026-04-16T20:38:28.297027
5166175086216554857,https://www.hemnet.se/salda/lagenhet-3rum-fruangen-stockholms-kommun-jenny-linds-gata-17-5166175086216554857,59-60m²,bostadsratt,2026-04-16T20:38:28.297030
521916384744278906,"https://www.hemnet.se/salda/lagenhet-2,5rum-landala-egnahem-goteborgs-kommun-fyrverkaregatan-2-521916384744278906",59-60m²,bostadsratt,2026-04-16T20:38:28.297032
4033729288252647236,"https://www.hemnet.se/salda/lagenhet-2rum-vasastan-stockholms-kommun-tulegatan-21,-2-tr-4033729288252647236",59-60m²,bostadsratt,2026-04-16T20:38:28.297034
691530743652123610,https://www.hemnet.se/salda/lagenhet-2rum-larsberg-lidingo-kommun-agavagen-6-691530743652123610,59-60m²,bostadsratt,2026-04-16T20:38:28.297036
1223738276035028586,https://www.hemnet.se/salda/lagenhet-2rum-slussen-malmo-kommun-slussgatan-12l-1223738276035028586,59-60m²,bostadsratt,2026-04-16T20:38:28.297042
2044599530723570781,https://www.hemnet.se/salda/lagenhet-2rum-t1-centralt-linkopings-kommun-fridtunagatan-15-2044599530723570781,59-60m²,bostadsratt,2026-04-16T20:38:28.297043
5024681587491203633,"https://www.hemnet.se/salda/lagenhet-2rum-ostermalm-stockholms-kommun-skeppargatan-98,-5tr-5024681587491203633",59-60m²,bostadsratt,2026-04-16T20:38:28.297046
4420057929950225803,https://www.hemnet.se/salda/lagenhet-2rum-marsta-centralt-sigtuna-kommun-skolgatan-4c-4420057929950225803,59-60m²,bostadsratt,2026-04-16T20:38:28.297047
1408934773228538346,https://www.hemnet.se/salda/lagenhet-2rum-visby-gotlands-kommun-artillerigatan-21b-1408934773228538346,59-60m²,bostadsratt,2026-04-16T20:38:28.297050
1808685687058849322,https://www.hemnet.se/salda/lagenhet-2rum-centralt-gavle-kommun-staketgatan-3-1808685687058849322,59-60m²,bostadsratt,2026-04-16T20:38:28.297051
6558772047914288764,"https://www.hemnet.se/salda/lagenhet-2,5rum-bromma-mariehall-stockholms-kommun-alpvagen-22-6558772047914288764",59-60m²,bostadsratt,2026-04-16T20:38:28.297053
5635259847564610501,https://www.hemnet.se/salda/lagenhet-2rum-tomtebo-mora-kommun-tomtebovagen-4a-5635259847564610501,59-60m²,bostadsratt,2026-04-16T20:38:28.297055
6830656276632914091,https://www.hemnet.se/salda/lagenhet-2rum-skoghall-hammaro-kommun-mellanvagen-1a-6830656276632914091,59-60m²,bostadsratt,2026-04-16T20:38:28.297057
5104218282285860133,https://www.hemnet.se/salda/lagenhet-2rum-soder-soderkaj-halmstads-kommun-sodra-vagen-30-5104218282285860133,59-60m²,bostadsratt,2026-04-16T20:38:28.297059
4716502867744194811,https://www.hemnet.se/salda/lagenhet-2rum-surbrunn-ystads-kommun-herrestadsgatan-17b-4716502867744194811,59-60m²,bostadsratt,2026-04-16T20:38:28.297061
6958286452344597132,https://www.hemnet.se/salda/lagenhet-2rum-brannan-harnosands-kommun-brannavagen-110-6958286452344597132,59-60m²,bostadsratt,2026-04-16T20:38:28.297062
2476895359644738772,"https://www.hemnet.se/salda/lagenhet-2,5rum-malarhojden-stockholms-kommun-klubbacken-16-2476895359644738772",59-60m²,bostadsratt,2026-04-16T20:38:28.297065
5330013302755308319,https://www.hemnet.se/salda/lagenhet-2rum-bromma-riksby-stockholms-kommun-synalsvagen-23-5330013302755308319,59-60m²,bostadsratt,2026-04-16T20:38:28.297066
4142426857390625913,"https://www.hemnet.se/salda/lagenhet-3rum-kungsholmen-stockholms-kommun-fridhemsgatan-14,-1,5-tr-4142426857390625913",59-60m²,bostadsratt,2026-04-16T20:38:28.297069
7118708713585528055,https://www.hemnet.se/salda/lagenhet-2rum-granby-backe-uppsala-kommun-solskensgatan-11-7118708713585528055,59-60m²,bostadsratt,2026-04-16T20:38:28.297070
7590336749408450862,https://www.hemnet.se/salda/lagenhet-2rum-rasunda-solna-kommun-vasavagen-29-7590336749408450862,59-60m²,bostadsratt,2026-04-16T20:38:28.297075
3947864928924235488,https://www.hemnet.se/salda/lagenhet-2rum-arsta-stockholms-kommun-sandfjardsgatan-106-3947864928924235488,59-60m²,bostadsratt,2026-04-16T20:38:28.297078
8865927535838844201,https://www.hemnet.se/salda/lagenhet-2rum-centralt-eslovs-kommun-kyrkogatan-3b-8865927535838844201,59-60m²,bostadsratt,2026-04-16T20:38:28.297079
7694707636524750180,https://www.hemnet.se/salda/lagenhet-2rum-molndal-innerstaden-molndals-kommun-broslattsgatan-27-7694707636524750180,59-60m²,bostadsratt,2026-04-16T20:38:28.297082
9061268630080576178,https://www.hemnet.se/salda/lagenhet-2rum-skarpnack-stockholms-kommun-skarpnacks-alle-66a-9061268630080576178,59-60m²,bostadsratt,2026-04-16T20:38:28.297083
4602590873356837953,https://www.hemnet.se/salda/lagenhet-2rum-linne-goteborgs-kommun-tredje-langgatan-40-4602590873356837953,59-60m²,bostadsratt,2026-04-16T20:38:28.297086
1765833754769064345,https://www.hemnet.se/salda/lagenhet-2rum-handen-haninge-kommun-idunvagen-14-1765833754769064345,59-60m²,bostadsratt,2026-04-16T20:38:28.297087
879254498207856866,"https://www.hemnet.se/salda/lagenhet-2rum-lilla-alby-centrala-sundbyberg-sundbybergs-kommun-tradgardsgatan-19,-6-tr-879254498207856866",59-60m²,bostadsratt,2026-04-16T20:38:28.297090
3270040230751733388,https://www.hemnet.se/salda/lagenhet-2rum-linnestaden-goteborgs-kommun-nordenskioldsgatan-7b-3270040230751733388,59-60m²,bostadsratt,2026-04-16T20:38:28.297091
5227815637160195734,https://www.hemnet.se/salda/lagenhet-2rum-centralt-eskilstuna-kommun-alfeltsgatan-5a-5227815637160195734,59-60m²,bostadsratt,2026-04-16T20:38:28.297094
8862821995814061634,https://www.hemnet.se/salda/lagenhet-3rum-karlsdal-vasteras-kommun-lovisebergsvagen-2b-8862821995814061634,59-60m²,bostadsratt,2026-04-16T20:38:28.297095
8420771625535735298,https://www.hemnet.se/salda/lagenhet-3rum-ostermalm-stockholms-kommun-grevgatan-65-8420771625535735298,59-60m²,bostadsratt,2026-04-16T20:38:28.297098
6951562730326164280,https://www.hemnet.se/salda/lagenhet-2rum-ruddalen-goteborgs-kommun-fagottgatan-10-6951562730326164280,59-60m²,bostadsratt,2026-04-16T20:38:28.297099
6040727466523769746,https://www.hemnet.se/salda/lagenhet-2rum-vastra-orminge-nacka-kommun-edovagen-22a-6040727466523769746,59-60m²,bostadsratt,2026-04-16T20:38:28.297102
393101417378332520,https://www.hemnet.se/salda/lagenhet-2rum-centrala-vasby-upplands-vasby-kommun-kullavagen-2a-393101417378332520,59-60m²,bostadsratt,2026-04-16T20:38:28.297103
2578953161182593326,https://www.hemnet.se/salda/lagenhet-3rum-kalleback-goteborgs-kommun-kallebacksvagen-11b-2578953161182593326,59-60m²,bostadsratt,2026-04-16T20:38:28.297106
5043498231741120374,https://www.hemnet.se/salda/lagenhet-2rum-dammfri-malmo-kommun-ribevagen-20c-5043498231741120374,59-60m²,bostadsratt,2026-04-16T20:38:28.297111
6169166172514531246,https://www.hemnet.se/salda/lagenhet-2rum-bro-gamla-bro-upplands-bro-kommun-lantmatarvagen-31-6169166172514531246,59-60m²,bostadsratt,2026-04-16T20:38:28.297114
6707237685056673489,https://www.hemnet.se/salda/lagenhet-2rum-bulltofta-husie-malmo-kommun-elsa-anderssons-gata-19d-6707237685056673489,59-60m²,bostadsratt,2026-04-16T20:38:28.297116
5494689193677621441,https://www.hemnet.se/salda/lagenhet-2rum-hogberget-ludvika-kommun-skogsplan-8c-5494689193677621441,59-60m²,bostadsratt,2026-04-16T20:38:28.297118
5964344131942418175,https://www.hemnet.se/salda/lagenhet-2rum-kirseberg-malmo-kommun-lundavagen-77b-5964344131942418175,59-60m²,bostadsratt,2026-04-16T20:38:28.297119
2431169421193476006,https://www.hemnet.se/salda/lagenhet-2rum-midsommarkransen-stockholms-kommun-tellusborgsvagen-65e-2431169421193476006,59-60m²,bostadsratt,2026-04-16T20:38:28.297121
6974871403967414307,https://www.hemnet.se/salda/lagenhet-3rum-granlo-sundsvalls-kommun-vastra-vagen-80-6974871403967414307,59-60m²,bostadsratt,2026-04-16T20:38:28.297124
3235644255225009519,https://www.hemnet.se/salda/lagenhet-2rum-astorp-astorps-kommun-vastergatan-19b-3235644255225009519,59-60m²,bostadsratt,2026-04-16T20:38:28.297125
3522355709513613699,https://www.hemnet.se/salda/lagenhet-2rum-hjortsberg-falkenbergs-kommun-hemvarnsvagen-13-3522355709513613699,59-60m²,bostadsratt,2026-04-16T20:38:28.297128
1692802697187803756,https://www.hemnet.se/salda/lagenhet-2rum-vasastan-hagastaden-stockholms-kommun-torsplan-8-1692802697187803756,59-60m²,bostadsratt,2026-04-16T20:38:28.297129
3331088669279911724,https://www.hemnet.se/salda/lagenhet-2rum-lindo-strand-norrkopings-kommun-artullsgatan-5-3331088669279911724,59-60m²,bostadsratt,2026-04-16T20:38:28.297134
7108007100522978906,https://www.hemnet.se/salda/lagenhet-2rum-karlshamn-centrum-karlshamns-kommun-regeringsgatan-122-7108007100522978906,59-60m²,bostadsratt,2026-04-16T20:38:28.297137
5971061647495900829,https://www.hemnet.se/salda/lagenhet-2rum-haga-karlstads-kommun-tage-erlandergatan-7-5971061647495900829,59-60m²,bostadsratt,2026-04-16T20:38:28.297138
2575714014606793955,https://www.hemnet.se/salda/lagenhet-2rum-slottsstaden-malmo-kommun-regementsgatan-98d-2575714014606793955,59-60m²,bostadsratt,2026-04-16T20:38:28.297139
1805843004337613448,https://www.hemnet.se/salda/lagenhet-2rum-centrala-trelleborg-trelleborgs-kommun-engelbrektsgatan-20a-1805843004337613448,59-60m²,bostadsratt,2026-04-16T20:38:28.297140
2597284099339723969,https://www.hemnet.se/salda/lagenhet-2rum-sodertalje-sodertalje-kommun-heimdallsvagen-23-2597284099339723969,59-60m²,bostadsratt,2026-04-16T20:38:28.297142
2735794189685860456,"https://www.hemnet.se/salda/lagenhet-2rum-johannesfred-stockholms-kommun-tackjarnsvagen-11,-3tr-2735794189685860456",59-60m²,bostadsratt,2026-04-16T20:38:28.297143
7672402739714788544,"https://www.hemnet.se/salda/lagenhet-2rum-taby-kyrkby-taby-kommun-midgardsvagen-8,-2-tr-7672402739714788544",59-60m²,bostadsratt,2026-04-16T20:38:28.297144
304176715027917984,https://www.hemnet.se/salda/lagenhet-3rum-are-by-are-kommun-arevagen-125-304176715027917984,59-60m²,bostadsratt,2026-04-16T20:38:28.297145
7994509885557087240,https://www.hemnet.se/salda/lagenhet-2rum-erikslust-malmo-kommun-erikslustvagen-36c-7994509885557087240,59-60m²,bostadsratt,2026-04-16T20:38:28.297147
5717560442917162224,https://www.hemnet.se/salda/lagenhet-2rum-loten-uppsala-kommun-stagneliusgatan-15-5717560442917162224,59-60m²,bostadsratt,2026-04-16T20:38:28.297148
723332807805304604,https://www.hemnet.se/salda/lagenhet-3rum-visby-gotlands-kommun-snackgardsvagen-56-723332807805304604,59-60m²,bostadsratt,2026-04-16T20:38:28.297149
6010484842230243105,https://www.hemnet.se/salda/lagenhet-2rum-biskopsgarden-goteborgs-kommun-vintervadersgatan-3-6010484842230243105,59-60m²,bostadsratt,2026-04-16T20:38:28.297150
7723285805379288184,https://www.hemnet.se/salda/lagenhet-3rum-hammarbyhojden-stockholms-kommun-lackovagen-11-7723285805379288184,59-60m²,bostadsratt,2026-04-16T20:38:28.297152
5729610768927777411,https://www.hemnet.se/salda/lagenhet-2rum-sundbyberg-sundbybergs-kommun-rastensgatan-11-5729610768927777411,59-60m²,bostadsratt,2026-04-16T20:38:28.297153
5106444531691399408,https://www.hemnet.se/salda/lagenhet-3rum-grondal-stockholms-kommun-fregattvagen-66-5106444531691399408,59-60m²,bostadsratt,2026-04-16T20:38:28.297154
6297575217912851123,https://www.hemnet.se/salda/lagenhet-2rum-hammarbyhojden-stockholms-kommun-paternostervagen-96-6297575217912851123,59-60m²,bostadsratt,2026-04-16T20:38:28.297155
4296382920674726212,https://www.hemnet.se/salda/lagenhet-3rum-hammarbyhojden-stockholms-kommun-lodosevagen-7-4296382920674726212,59-60m²,bostadsratt,2026-04-16T20:38:28.297157
4193405684373712981,https://www.hemnet.se/salda/lagenhet-2rum-grangesberg-ludvika-kommun-furuvagen-3-b-4193405684373712981,59-60m²,bostadsratt,2026-04-16T20:38:28.297158
468468285282701307,https://www.hemnet.se/salda/lagenhet-2rum-nydala-malmo-kommun-munkhattegatan-34c-468468285282701307,59-60m²,bostadsratt,2026-04-16T20:38:28.297162
2030833420976683385,https://www.hemnet.se/salda/lagenhet-2rum-segevang-malmo-kommun-kronetorpsgatan-60a-2030833420976683385,59-60m²,bostadsratt,2026-04-16T20:38:28.297165
3092490028832597152,https://www.hemnet.se/salda/lagenhet-2rum-solna-solna-kommun-klippgatan-8a-3092490028832597152,59-60m²,bostadsratt,2026-04-16T20:38:28.297166
6752580334266920155,https://www.hemnet.se/salda/lagenhet-2rum-korfaltet-ostersunds-kommun-konstapelgrand-33-6752580334266920155,59-60m²,bostadsratt,2026-04-16T20:38:28.297173
3674160337924242375,https://www.hemnet.se/salda/lagenhet-2rum-huvudsta-solna-kommun-bygatan-35-3674160337924242375,59-60m²,bostadsratt,2026-04-16T20:38:28.297174
248113636107122880,https://www.hemnet.se/salda/lagenhet-3rum-mariaberget-stockholms-kommun-tavastgatan-31-248113636107122880,59-60m²,bostadsratt,2026-04-16T20:38:28.297177
435361608369601720,https://www.hemnet.se/salda/lagenhet-2rum-vasastan-stockholms-kommun-sigtunagatan-18-435361608369601720,59-60m²,bostadsratt,2026-04-16T20:38:28.297182
9056664632048827367,"https://www.hemnet.se/salda/lagenhet-2,5rum-ljura-norrkopings-kommun-ljuragatan-10d-9056664632048827367",59-60m²,bostadsratt,2026-04-16T20:38:28.297185
3575625314091853607,https://www.hemnet.se/salda/lagenhet-2rum-haga-vasteras-kommun-rekylgatan-35-3575625314091853607,59-60m²,bostadsratt,2026-04-16T20:38:28.297186
1914567376215618373,https://www.hemnet.se/salda/lagenhet-3rum-gardet-ostermalm-stockholms-kommun-osthammarsgatan-72a-1914567376215618373,59-60m²,bostadsratt,2026-04-16T20:38:28.297189
4543734494186317407,https://www.hemnet.se/salda/lagenhet-2rum-bromma-blackeberg-stockholms-kommun-sigrid-undsets-gata-14-4543734494186317407,59-60m²,bostadsratt,2026-04-16T20:38:28.297190
5865560659507025430,https://www.hemnet.se/salda/lagenhet-2rum-kobjer-lunds-kommun-slattervagen-5b-5865560659507025430,59-60m²,bostadsratt,2026-04-16T20:38:28.297192
2123300038715879602,https://www.hemnet.se/salda/lagenhet-2rum-vasastaden-linkopings-kommun-engelbrektsgatan-31-2123300038715879602,59-60m²,bostadsratt,2026-04-16T20:38:28.297194
619102224305673819,https://www.hemnet.se/salda/lagenhet-2rum-soderkulla-malmo-kommun-duvhoksgatan-4a-619102224305673819,59-60m²,bostadsratt,2026-04-16T20:38:28.297196
3876004419403130052,https://www.hemnet.se/salda/lagenhet-2rum-haga-sundsvalls-kommun-tallrotsgatan-13-3876004419403130052,59-60m²,bostadsratt,2026-04-16T20:38:28.297198
7469319420733120902,https://www.hemnet.se/salda/lagenhet-2rum-vaster-lunds-kommun-slattervagen-9c-7469319420733120902,59-60m²,bostadsratt,2026-04-16T20:38:28.297200
6057429127540726532,https://www.hemnet.se/salda/lagenhet-2rum-skoldinge-katrineholms-kommun-landsvagsgatan-30-b-6057429127540726532,59-60m²,bostadsratt,2026-04-16T20:38:28.297201
8473432133230545803,https://www.hemnet.se/salda/lagenhet-2rum-hammarby-sjostad-stockholms-kommun-midskeppsgatan-16-8473432133230545803,59-60m²,bostadsratt,2026-04-16T20:38:28.297204
4088491836205751491,https://www.hemnet.se/salda/lagenhet-2rum-solna-centrum-solna-kommun-centrumslingan-47-4088491836205751491,59-60m²,bostadsratt,2026-04-16T20:38:28.297207
1504721280074687238,https://www.hemnet.se/salda/lagenhet-2rum-oster-knutby-norrtalje-kommun-knutbyvagen-43-1504721280074687238,59-60m²,bostadsratt,2026-04-16T20:38:28.297208
2334305120910941026,https://www.hemnet.se/salda/lagenhet-2rum-kungsbacka-kungsbacka-kommun-mor-eleonoras-vag-12-2334305120910941026,59-60m²,bostadsratt,2026-04-16T20:38:28.297211
7893092857708066732,https://www.hemnet.se/salda/lagenhet-2rum-kungsbacka-halaback-kungsbacka-kommun-rosengatan-2-7893092857708066732,59-60m²,bostadsratt,2026-04-16T20:38:28.297212
429374930977027513,https://www.hemnet.se/salda/lagenhet-2rum-sofiaparken-lunds-kommun-filippavagen-6a-429374930977027513,59-60m²,bostadsratt,2026-04-16T20:38:28.297215
5153220681094491657,https://www.hemnet.se/salda/lagenhet-2rum-fagelbacken-malmo-kommun-orsholmsgangen-2a-5153220681094491657,59-60m²,bostadsratt,2026-04-16T20:38:28.297216
4395669171539796666,https://www.hemnet.se/salda/lagenhet-2rum-klosters-falad-lunds-kommun-gasslingavagen-5a-4395669171539796666,59-60m²,bostadsratt,2026-04-16T20:38:28.297217
4946757158607723421,https://www.hemnet.se/salda/lagenhet-2rum-tungelsta-haninge-kommun-lillgardsvagen-12-4946757158607723421,59-60m²,bostadsratt,2026-04-16T20:38:28.297220
8226136179057235598,https://www.hemnet.se/salda/lagenhet-2rum-norr-eskilstuna-kommun-vasbergsgatan-10-8226136179057235598,59-60m²,bostadsratt,2026-04-16T20:38:28.297221
1780469799599157231,https://www.hemnet.se/salda/lagenhet-2rum-alvsjo-stockholms-kommun-langbrodalsvagen-33a-1780469799599157231,59-60m²,bostadsratt,2026-04-16T20:38:28.297224
4684876731064331709,https://www.hemnet.se/salda/lagenhet-2rum-hisings-backa-goteborgs-kommun-ovralidsgatan-21-4684876731064331709,59-60m²,bostadsratt,2026-04-16T20:38:28.297225
3901910892488806636,https://www.hemnet.se/salda/lagenhet-2rum-ostra-sorgenfri-malmo-kommun-ostra-farmvagen-38a-3901910892488806636,59-60m²,bostadsratt,2026-04-16T20:38:28.297228
646496196752548840,https://www.hemnet.se/salda/lagenhet-2rum-seau-helsingborgs-kommun-brogatan-3-646496196752548840,59-60m²,bostadsratt,2026-04-16T20:38:28.297229
8595585801418284245,https://www.hemnet.se/salda/lagenhet-2rum-gamla-rasunda-solna-kommun-solnavagen-110-8595585801418284245,59-60m²,bostadsratt,2026-04-16T20:38:28.297231
4145229269769471216,https://www.hemnet.se/salda/lagenhet-3rum-vasastaden-centralt-linkopings-kommun-konsistoriegatan-34-4145229269769471216,59-60m²,bostadsratt,2026-04-16T20:38:28.297237
6746386664463910411,https://www.hemnet.se/salda/lagenhet-2rum-vrena-nykopings-kommun-stationsvagen-4c-6746386664463910411,59-60m²,bostadsratt,2026-04-16T20:38:28.297240
3465731074510045901,https://www.hemnet.se/salda/lagenhet-2rum-vasastan-sibirien-stockholms-kommun-sveavagen-118-3465731074510045901,59-60m²,bostadsratt,2026-04-16T20:38:28.297241
7148449786188855097,https://www.hemnet.se/salda/lagenhet-2rum-bredvik-vaxjo-kommun-karvevagen-3b-7148449786188855097,59-60m²,bostadsratt,2026-04-16T20:38:28.297247
7543706998246872364,"https://www.hemnet.se/salda/lagenhet-2rum-fruangen-stockholms-kommun-agnes-lagerstedts-gata-25,-van-4-7543706998246872364",59-60m²,bostadsratt,2026-04-16T20:38:28.297250
7569314068250651510,https://www.hemnet.se/salda/lagenhet-2rum-arlov-burlovs-kommun-kronetorps-alle-31c-7569314068250651510,59-60m²,bostadsratt,2026-04-16T20:38:28.297252
4479147466001717147,https://www.hemnet.se/salda/lagenhet-2rum-teg-umea-kommun-domarevagen-13c-4479147466001717147,59-60m²,bostadsratt,2026-04-16T20:38:28.297254
392300443372086183,https://www.hemnet.se/salda/lagenhet-3rum-vastra-orminge-nacka-kommun-ormingeringen-13a-392300443372086183,59-60m²,bostadsratt,2026-04-16T20:38:28.297255
1284406793881973867,https://www.hemnet.se/salda/lagenhet-2rum-lugnet-boras-kommun-tegnergatan-8-1284406793881973867,59-60m²,bostadsratt,2026-04-16T20:38:28.297258
2636977162662622969,"https://www.hemnet.se/salda/lagenhet-3rum-arsta-stockholms-kommun-arstavagen-28,-1-tr-2636977162662622969",59-60m²,bostadsratt,2026-04-16T20:38:28.297259
2133721863079606807,https://www.hemnet.se/salda/lagenhet-2rum-bohus-ale-kommun-skardalsvagen-11b-2133721863079606807,59-60m²,bostadsratt,2026-04-16T20:38:28.297262
4702715013381956275,https://www.hemnet.se/salda/lagenhet-2rum-slussen-malmo-kommun-konduktorsgatan-13-4702715013381956275,59-60m²,bostadsratt,2026-04-16T20:38:28.297263
2874832243270331172,https://www.hemnet.se/salda/lagenhet-2rum-nedre-stadsdelen-bodens-kommun-brannagatan-7b-2874832243270331172,59-60m²,bostadsratt,2026-04-16T20:38:28.297266
2281156758630820525,https://www.hemnet.se/salda/lagenhet-2rum-almvik-malmo-kommun-soprangatan-3-2281156758630820525,59-60m²,bostadsratt,2026-04-16T20:38:28.297267
3691702929320441892,"https://www.hemnet.se/salda/lagenhet-2,5rum-norra-guldheden-goteborgs-kommun-kallsprangsgatan-1-3691702929320441892",59-60m²,bostadsratt,2026-04-16T20:38:28.297270
6587659914428061772,https://www.hemnet.se/salda/lagenhet-2rum-ostermalm-stockholms-kommun-jungfrugatan-21-6587659914428061772,59-60m²,bostadsratt,2026-04-16T20:38:28.297271
9128305018085097811,https://www.hemnet.se/salda/lagenhet-2rum-sandviken-centrum-sandbacka-sandvikens-kommun-baldersgatan-6b-9128305018085097811,59-60m²,bostadsratt,2026-04-16T20:38:28.297274
3511126200980062336,https://www.hemnet.se/salda/lagenhet-3rum-centralt-vasteras-kommun-biskopsgatan-10-b-3511126200980062336,59-60m²,bostadsratt,2026-04-16T20:38:28.297275
3840753359443577291,https://www.hemnet.se/salda/lagenhet-2rum-bredvik-vaxjo-kommun-karvevagen-3c-3840753359443577291,59-60m²,bostadsratt,2026-04-16T20:38:28.297278
7870458636212521202,https://www.hemnet.se/salda/lagenhet-2rum-vastermalm-vasteras-kommun-norra-floragatan-23b-7870458636212521202,59-60m²,bostadsratt,2026-04-16T20:38:28.297279
4502768038727810939,https://www.hemnet.se/salda/lagenhet-2rum-nynashamn-nynashamns-kommun-jarnvagsgatan-24c-4502768038727810939,59-60m²,bostadsratt,2026-04-16T20:38:28.297282
1414870484423084625,"https://www.hemnet.se/salda/lagenhet-2,5rum-bromma-blackeberg-stockholms-kommun-holbergsgatan-120-1414870484423084625",59-60m²,bostadsratt,2026-04-16T20:38:28.297284
9002558800447994707,https://www.hemnet.se/salda/lagenhet-3rum-umedalen-umea-kommun-symfonivagen-9b-9002558800447994707,59-60m²,bostadsratt,2026-04-16T20:38:28.297285
1120383101333079353,https://www.hemnet.se/salda/lagenhet-2rum-katrinelund-malmo-kommun-eriksdalsgatan-3a-1120383101333079353,59-60m²,bostadsratt,2026-04-16T20:38:28.297288
2970419147943947641,https://www.hemnet.se/salda/lagenhet-2rum-masthugget-goteborgs-kommun-masthuggsliden-18-2970419147943947641,59-60m²,bostadsratt,2026-04-16T20:38:28.297289
8323460508566469735,https://www.hemnet.se/salda/lagenhet-2rum-haga-vasteras-kommun-skyttegatan-1b-8323460508566469735,59-60m²,bostadsratt,2026-04-16T20:38:28.297294
9061520412011414368,https://www.hemnet.se/salda/lagenhet-3rum-gryta-vasteras-kommun-gotlandsgatan-9-9061520412011414368,59-60m²,bostadsratt,2026-04-16T20:38:28.297297
9149380251466666916,https://www.hemnet.se/salda/lagenhet-2rum-funkabo-kalmar-kommun-adelgatan-11a-9149380251466666916,59-60m²,bostadsratt,2026-04-16T20:38:28.297300
5410842298037509405,https://www.hemnet.se/salda/lagenhet-2rum-blombacka-sodertalje-kommun-heimdallsvagen-23-5410842298037509405,59-60m²,bostadsratt,2026-04-16T20:38:28.297301
549933451544912055,https://www.hemnet.se/salda/lagenhet-2rum-vendelsomalm-haninge-kommun-klenavagen-3-549933451544912055,59-60m²,bostadsratt,2026-04-16T20:38:28.297303
2201007648321053281,https://www.hemnet.se/salda/lagenhet-2rum-kallhall-jarfalla-kommun-kopparvagen-57-2201007648321053281,59-60m²,bostadsratt,2026-04-16T20:38:28.297305
1034829352978597693,https://www.hemnet.se/salda/lagenhet-2rum-brynas-gavle-kommun-hillmansgatan-20-1034829352978597693,59-60m²,bostadsratt,2026-04-16T20:38:28.297311
165395409525251086,https://www.hemnet.se/salda/lagenhet-2rum-teg-umea-kommun-domarevagen-13g-165395409525251086,59-60m²,bostadsratt,2026-04-16T20:38:28.297313
4229708543232804731,"https://www.hemnet.se/salda/lagenhet-3rum-hornsbergs-strand-vastra-kungsholmen-stockholms-kommun-warfvinges-vag-3,-3tr-4229708543232804731",59-60m²,bostadsratt,2026-04-16T20:38:28.297316
6950330995540205177,https://www.hemnet.se/salda/lagenhet-2rum-haggvik-sollentuna-kommun-ugglevagen-7-6950330995540205177,59-60m²,bostadsratt,2026-04-16T20:38:28.297321
4946472643508598718,https://www.hemnet.se/salda/lagenhet-2rum-soder-varbergs-kommun-stormgatan-12-4946472643508598718,59-60m²,bostadsratt,2026-04-16T20:38:28.297334
3257354046504918572,https://www.hemnet.se/salda/lagenhet-2rum-skarholmens-centrum-stockholms-kommun-ekholmsvagen-369-3257354046504918572,59-60m²,bostadsratt,2026-04-16T20:38:28.297337
7457091470189182097,"https://www.hemnet.se/salda/lagenhet-2,5rum-enskededalen-stockholms-kommun-grusasgrand-179-7457091470189182097",59-60m²,bostadsratt,2026-04-16T20:38:28.297338
5289126340316059490,https://www.hemnet.se/salda/lagenhet-2rum-berghem-umea-kommun-axtorpsvagen-5f-5289126340316059490,59-60m²,bostadsratt,2026-04-16T20:38:28.297341
5292317281481408607,https://www.hemnet.se/salda/lagenhet-2rum-centrum-uppsala-kommun-baverns-grand-24-5292317281481408607,59-60m²,bostadsratt,2026-04-16T20:38:28.297342
4320706100210697609,"https://www.hemnet.se/salda/lagenhet-2rum-bro-gamla-bro-upplands-bro-kommun-lantmatarvagen-19,-1tr-4320706100210697609",59-60m²,bostadsratt,2026-04-16T20:38:28.297345
6492761882063906354,https://www.hemnet.se/salda/lagenhet-3rum-centralt-norrkopings-kommun-albrektsvagen-169-6492761882063906354,59-60m²,bostadsratt,2026-04-16T20:38:28.297346
3213329657904388560,https://www.hemnet.se/salda/lagenhet-2rum-centralt-sandvikens-kommun-sveavagen-14a-3213329657904388560,59-60m²,bostadsratt,2026-04-16T20:38:28.297347
2235534645224646350,https://www.hemnet.se/salda/lagenhet-3rum-ektorp-norrkopings-kommun-bandygrand-54-2235534645224646350,59-60m²,bostadsratt,2026-04-16T20:38:28.297350
6941866009067847415,https://www.hemnet.se/salda/lagenhet-2rum-lund-centrum-lunds-kommun-spolegatan-22-6941866009067847415,59-60m²,bostadsratt,2026-04-16T20:38:28.297351
449953111278881690,https://www.hemnet.se/salda/lagenhet-3rum-tomtebo-umea-kommun-skogsfruvagen-21b-449953111278881690,59-60m²,bostadsratt,2026-04-16T20:38:28.297354
8132822930515498356,https://www.hemnet.se/salda/lagenhet-2rum-vasastan-stockholms-kommun-torsgatan-42c-8132822930515498356,59-60m²,bostadsratt,2026-04-16T20:38:28.297355
9098495261317798072,https://www.hemnet.se/salda/lagenhet-2rum-hagsatra-bandhagen-stockholms-kommun-axbergsgrand-9a-9098495261317798072,59-60m²,bostadsratt,2026-04-16T20:38:28.297356
6748836517210250443,https://www.hemnet.se/salda/lagenhet-2rum-skurholmen-lulea-kommun-lararegatan-27-6748836517210250443,59-60m²,bostadsratt,2026-04-16T20:38:28.297359
4763548358180415845,https://www.hemnet.se/salda/lagenhet-2rum-almsta-centralt-norrtalje-kommun-centrumvagen-5b-4763548358180415845,59-60m²,bostadsratt,2026-04-16T20:38:28.297362
1749121379375453823,"https://www.hemnet.se/salda/lagenhet-2rum-larsboda-stockholms-kommun-filipstadsbacken-46,-1tr-1749121379375453823",59-60m²,bostadsratt,2026-04-16T20:38:28.297363
8283516899576072353,https://www.hemnet.se/salda/lagenhet-2rum-brunnsberg-varbergs-kommun-granvagen-9-lgh-1301-8283516899576072353,59-60m²,bostadsratt,2026-04-16T20:38:28.297370
5022027194625668433,https://www.hemnet.se/salda/lagenhet-3rum-riksby-stockholms-kommun-galonvagen-24-5022027194625668433,59-60m²,bostadsratt,2026-04-16T20:38:28.297371
3872813147530904356,https://www.hemnet.se/salda/lagenhet-2rum-hallasvangen-trelleborgs-kommun-hallasvangen-31-c-3872813147530904356,59-60m²,bostadsratt,2026-04-16T20:38:28.297374
471939604461941839,"https://www.hemnet.se/salda/lagenhet-2rum-sodermalm-stockholms-kommun-ostgotagatan-77,-1tr-471939604461941839",59-60m²,bostadsratt,2026-04-16T20:38:28.297375
8806302145492632021,https://www.hemnet.se/salda/lagenhet-2rum-tidaholm-tidaholms-kommun-sodra-ringvagen-6-a-8806302145492632021,59-60m²,bostadsratt,2026-04-16T20:38:28.297378
6635019811509032337,https://www.hemnet.se/salda/lagenhet-2rum-marieborg-vasterviks-kommun-bjorklundsgatan-3b-6635019811509032337,59-60m²,bostadsratt,2026-04-16T20:38:28.297379
1927613318125682399,https://www.hemnet.se/salda/lagenhet-3rum-arsta-stockholms-kommun-sandfjardsgatan-33-1927613318125682399,59-60m²,bostadsratt,2026-04-16T20:38:28.297382
6028945430717977215,"https://www.hemnet.se/salda/lagenhet-2,5rum-lund-centrum-lunds-kommun-sodra-esplanaden-20-6028945430717977215",59-60m²,bostadsratt,2026-04-16T20:38:28.297383
2636314788341797286,https://www.hemnet.se/salda/lagenhet-2rum-rosenlund-jonkopings-kommun-gillesgatan-11a-2636314788341797286,59-60m²,bostadsratt,2026-04-16T20:38:28.297386
6357134019351555117,https://www.hemnet.se/salda/lagenhet-2rum-skelleftehamn-skelleftea-kommun-vintergatan-20a-6357134019351555117,59-60m²,bostadsratt,2026-04-16T20:38:28.297387
960589987891011904,https://www.hemnet.se/salda/lagenhet-2rum-strandstaden-lomma-kommun-hamnallen-11-960589987891011904,59-60m²,bostadsratt,2026-04-16T20:38:28.297390
485205022070514402,https://www.hemnet.se/salda/lagenhet-2rum-rorstorp-varnamo-kommun-smultronvagen-20-485205022070514402,59-60m²,bostadsratt,2026-04-16T20:38:28.297391
2734318785795536300,https://www.hemnet.se/salda/lagenhet-2rum-jakobsberg-jarfalla-kommun-manadsvagen-54-2734318785795536300,59-60m²,bostadsratt,2026-04-16T20:38:28.297394
5749007057963928369,https://www.hemnet.se/salda/lagenhet-2rum-falhagen-uppsala-kommun-hjalmar-brantingsgatan-10a-5749007057963928369,59-60m²,bostadsratt,2026-04-16T20:38:28.297395
6059598009797199320,https://www.hemnet.se/salda/lagenhet-3rum-centralt-norrkopings-kommun-albrektsvagen-171-6059598009797199320,59-60m²,bostadsratt,2026-04-16T20:38:28.297396
3605759273834515058,"https://www.hemnet.se/salda/lagenhet-2rum-hammarbyhojden,-johanneshov-stockholms-kommun-paternostervagen-36-3605759273834515058",59-60m²,bostadsratt,2026-04-16T20:38:28.297400
5372098935219836406,https://www.hemnet.se/salda/lagenhet-2rum-goingegarden-varbergs-kommun-ribstonvagen-4b-5372098935219836406,59-60m²,bostadsratt,2026-04-16T20:38:28.297402
3589575018586459434,https://www.hemnet.se/salda/lagenhet-2rum-kungsladugard-goteborgs-kommun-majstangsgatan-7a-3589575018586459434,59-60m²,bostadsratt,2026-04-16T20:38:28.297403
1798357714441987375,"https://www.hemnet.se/salda/lagenhet-2,5rum-bromma-blackeberg-stockholms-kommun-ibsengatan-45-1798357714441987375",59-60m²,bostadsratt,2026-04-16T20:38:28.297404
765599938612337885,https://www.hemnet.se/salda/lagenhet-2rum-centrum-sjobo-kommun-planteringsgatan-20d-765599938612337885,59-60m²,bostadsratt,2026-04-16T20:38:28.297405
6915312317962691546,https://www.hemnet.se/salda/lagenhet-2rum-gamla-staden-lidkopings-kommun-karlagatan-26a-6915312317962691546,59-60m²,bostadsratt,2026-04-16T20:38:28.297407
3418985078581000971,https://www.hemnet.se/salda/lagenhet-2rum-bromma-blackeberg-stockholms-kommun-arvid-mornes-vag-36-3418985078581000971,59-60m²,bostadsratt,2026-04-16T20:38:28.297408
8730778091333098887,https://www.hemnet.se/salda/lagenhet-2rum-odenslund-ostersunds-kommun-skolgatan-37-b-8730778091333098887,59-60m²,bostadsratt,2026-04-16T20:38:28.297409
2499122081367627420,https://www.hemnet.se/salda/lagenhet-2rum-bromma-traneberg-stockholms-kommun-gesundaplan-50-2499122081367627420,59-60m²,bostadsratt,2026-04-16T20:38:28.297410
8246558801984414234,https://www.hemnet.se/salda/lagenhet-2rum-rasunda-solna-kommun-rosstigen-2-8246558801984414234,59-60m²,bostadsratt,2026-04-16T20:38:28.297411
4359767010046252608,https://www.hemnet.se/salda/lagenhet-2rum-fruangen-stockholms-kommun-eva-bonniers-gata-4-4359767010046252608,59-60m²,bostadsratt,2026-04-16T20:38:28.297415
7613255935931492315,https://www.hemnet.se/salda/lagenhet-2rum-rinmansparken-eskilstuna-kommun-hedlundsgatan-9b-7613255935931492315,59-60m²,bostadsratt,2026-04-16T20:38:28.297416
8090040952284314067,https://www.hemnet.se/salda/lagenhet-2rum-centrala-sodertalje-sodertalje-kommun-karlslundsgatan-22-8090040952284314067,59-60m²,bostadsratt,2026-04-16T20:38:28.297418
4639231983053426397,https://www.hemnet.se/salda/lagenhet-2rum-farsta-stockholms-kommun-lingvagen-195-4639231983053426397,59-60m²,bostadsratt,2026-04-16T20:38:28.297419
4645266759939001204,https://www.hemnet.se/salda/lagenhet-2rum-korsta-sundsvalls-kommun-tjadervagen-2-d-4645266759939001204,59-60m²,bostadsratt,2026-04-16T20:38:28.297420
5900102018974739920,https://www.hemnet.se/salda/lagenhet-2rum-centrala-mjolby-mjolby-kommun-axel-traffs-gata-7-5900102018974739920,59-60m²,bostadsratt,2026-04-16T20:38:28.297421
5074880693171370641,https://www.hemnet.se/salda/lagenhet-2rum-perstorp-perstorps-kommun-postgatan-1c-5074880693171370641,59-60m²,bostadsratt,2026-04-16T20:38:28.297423
6140197097731166723,https://www.hemnet.se/salda/lagenhet-2rum-skoghall-hammaro-kommun-mellanvagen-1a-6140197097731166723,59-60m²,bostadsratt,2026-04-16T20:38:28.297424
8815357388767198138,https://www.hemnet.se/salda/lagenhet-3rum-rasunda-nackrosen-solna-kommun-lovgatan-68-8815357388767198138,59-60m²,bostadsratt,2026-04-16T20:38:28.297425
2115063776737983820,https://www.hemnet.se/salda/lagenhet-2rum-centralt-gnesta-kommun-margretedalsvagen-11b-2115063776737983820,59-60m²,bostadsratt,2026-04-16T20:38:28.297426
6344886384759447450,https://www.hemnet.se/salda/lagenhet-3rum-midsommarkransen-telefonplan-stockholms-kommun-dansbanevagen-16-6344886384759447450,59-60m²,bostadsratt,2026-04-16T20:38:28.297428
5015271049906567278,https://www.hemnet.se/salda/lagenhet-3rum-varnhem-malmo-kommun-vargatan-3-b-5015271049906567278,59-60m²,bostadsratt,2026-04-16T20:38:28.297429
6084331285061588311,https://www.hemnet.se/salda/lagenhet-3rum-centrala-huddinge-huddinge-kommun-arrendatorsvagen-4b-6084331285061588311,59-60m²,bostadsratt,2026-04-16T20:38:28.297430
4922644139739634570,https://www.hemnet.se/salda/lagenhet-2rum-brunnsberg-varbergs-kommun-granvagen-15-4922644139739634570,59-60m²,bostadsratt,2026-04-16T20:38:28.297431
5597472001413638613,https://www.hemnet.se/salda/lagenhet-2rum-arsta-uppsala-kommun-falhagsleden-99-5597472001413638613,59-60m²,bostadsratt,2026-04-16T20:38:28.297433
6907584889535891551,https://www.hemnet.se/salda/lagenhet-2rum-vastermalm-vasteras-kommun-stora-gatan-84-6907584889535891551,59-60m²,bostadsratt,2026-04-16T20:38:28.297434
6725297372345692111,https://www.hemnet.se/salda/lagenhet-2rum-centrum-haparanda-kommun-stationsgatan-16-b-6725297372345692111,59-60m²,bostadsratt,2026-04-16T20:38:28.297435
1664086027145621440,https://www.hemnet.se/salda/lagenhet-2rum-haga-sundsvalls-kommun-tallrotsgatan-13-1664086027145621440,59-60m²,bostadsratt,2026-04-16T20:38:28.297436
5442436030332408908,https://www.hemnet.se/salda/lagenhet-2rum-mariehem-umea-kommun-mariehemsvagen-172-5442436030332408908,59-60m²,bostadsratt,2026-04-16T20:38:28.297440
6160649612239501084,https://www.hemnet.se/salda/lagenhet-2rum-farsna-norrtalje-kommun-dalbyvagen-22-g-6160649612239501084,59-60m²,bostadsratt,2026-04-16T20:38:28.297441
4508599103342897198,https://www.hemnet.se/salda/lagenhet-2rum-katrinelund-malmo-kommun-eriksdalsgatan-7b-4508599103342897198,59-60m²,bostadsratt,2026-04-16T20:38:28.297442
249274654004929337,https://www.hemnet.se/salda/lagenhet-2rum-centrala-sundbyberg-sundbybergs-kommun-rastensgatan-9a-249274654004929337,59-60m²,bostadsratt,2026-04-16T20:38:28.297444
145738916907444908,https://www.hemnet.se/salda/lagenhet-2rum-taby-park-taby-kommun-martingalgatan-8-145738916907444908,59-60m²,bostadsratt,2026-04-16T20:38:28.297447
1802929762957585628,https://www.hemnet.se/salda/lagenhet-2rum-bryggudden-karlstads-kommun-ahlmarksgatan-4a-1802929762957585628,59-60m²,bostadsratt,2026-04-16T20:38:28.297448
6741513713321466463,"https://www.hemnet.se/salda/lagenhet-2rum-vasastan-odenplan-stockholms-kommun-kungstensgatan-44,-4tr-6741513713321466463",59-60m²,bostadsratt,2026-04-16T20:38:28.297450
2947624046285482267,https://www.hemnet.se/salda/lagenhet-2rum-slottsstaden-malmo-kommun-regementsgatan-98d-2947624046285482267,59-60m²,bostadsratt,2026-04-16T20:38:28.297451
1443813000142017180,https://www.hemnet.se/salda/lagenhet-3rum-karlslund-ostersunds-kommun-litsvagen-16a-1443813000142017180,59-60m²,bostadsratt,2026-04-16T20:38:28.297455
2245171208941592076,https://www.hemnet.se/salda/lagenhet-2rum-salabacke-uppsala-kommun-kallparksgatan-2-2245171208941592076,59-60m²,bostadsratt,2026-04-16T20:38:28.297456
5852229512387143886,https://www.hemnet.se/salda/lagenhet-2rum-munkeback-goteborgs-kommun-gyllenstensgatan-1-5852229512387143886,59-60m²,bostadsratt,2026-04-16T20:38:28.297457
6735127542487410733,"https://www.hemnet.se/salda/lagenhet-2rum-sodermalm-hornstull-hogalid-stockholms-kommun-hogalidsgatan-48b,-van-4-6735127542487410733",59-60m²,bostadsratt,2026-04-16T20:38:28.297459
1633638495734836488,https://www.hemnet.se/salda/lagenhet-2rum-stenkulla-nykopings-kommun-tellusvagen-3-1633638495734836488,59-60m²,bostadsratt,2026-04-16T20:38:28.297460
6794116494698139269,https://www.hemnet.se/salda/lagenhet-2rum-biskopsgarden-goteborgs-kommun-onskevadersgatan-51-6794116494698139269,59-60m²,bostadsratt,2026-04-16T20:38:28.297461
600630757641412057,https://www.hemnet.se/salda/lagenhet-2rum-skurholmen-lulea-kommun-ringgatan-51-600630757641412057,59-60m²,bostadsratt,2026-04-16T20:38:28.297462
1951729525528558573,https://www.hemnet.se/salda/lagenhet-2rum-soderkulla-malmo-kommun-humanistgatan-8a-1951729525528558573,59-60m²,bostadsratt,2026-04-16T20:38:28.297464
6846849369567799864,https://www.hemnet.se/salda/lagenhet-2rum-arsta-stockholms-kommun-ottsjovagen-25-6846849369567799864,59-60m²,bostadsratt,2026-04-16T20:38:28.297465
5682921022345397615,https://www.hemnet.se/salda/lagenhet-2rum-horby-horby-kommun-kungsgatan-15b-5682921022345397615,59-60m²,bostadsratt,2026-04-16T20:38:28.297466
6547802252334489887,"https://www.hemnet.se/salda/lagenhet-2,5rum-farsta-stockholms-kommun-filipstadsbacken-44,-7tr-6547802252334489887",59-60m²,bostadsratt,2026-04-16T20:38:28.297467
3820088350116143314,"https://www.hemnet.se/salda/lagenhet-2rum-bjorkhagen-stockholms-kommun-falsterbovagen-10,-3-tr-3820088350116143314",59-60m²,bostadsratt,2026-04-16T20:38:28.297469
6620625286497545174,https://www.hemnet.se/salda/lagenhet-2rum-ornskoldsvik-ornskoldsviks-kommun-vintergatan-5a-6620625286497545174,59-60m²,bostadsratt,2026-04-16T20:38:28.297470
2121395242983582723,https://www.hemnet.se/salda/lagenhet-2rum-malmaberg-vasteras-kommun-fjardhundragatan-27a-2121395242983582723,59-60m²,bostadsratt,2026-04-16T20:38:28.297471
1739191518899638930,https://www.hemnet.se/salda/lagenhet-2rum-kilslund-kils-kommun-klovervagen-16-a-1739191518899638930,59-60m²,bostadsratt,2026-04-16T20:38:28.297472
1548635823405320552,https://www.hemnet.se/salda/lagenhet-2rum-bulltofta-malmo-kommun-elsa-anderssons-gata-21d-1548635823405320552,59-60m²,bostadsratt,2026-04-16T20:38:28.297474
6689408987490616263,https://www.hemnet.se/salda/lagenhet-2rum-vaster-lunds-kommun-gasslingavagen-7a-6689408987490616263,59-60m²,bostadsratt,2026-04-16T20:38:28.297475
8853963094986235116,https://www.hemnet.se/salda/lagenhet-2rum-ovre-nyfors-eskilstuna-kommun-tegelbruksgatan-23-8853963094986235116,59-60m²,bostadsratt,2026-04-16T20:38:28.297476
2113988241711804962,https://www.hemnet.se/salda/lagenhet-2rum-vasastan-roda-bergen-stockholms-kommun-norrbackagatan-25b-2113988241711804962,59-60m²,bostadsratt,2026-04-16T20:38:28.297477
3280423888712521786,https://www.hemnet.se/salda/lagenhet-3rum-vastra-orminge-nacka-kommun-ormingeringen-11d-3280423888712521786,59-60m²,bostadsratt,2026-04-16T20:38:28.297479
3910258512909152388,https://www.hemnet.se/salda/lagenhet-2rum-rasunda-solna-kommun-sjovagen-2-3910258512909152388,59-60m²,bostadsratt,2026-04-16T20:38:28.297480
7529113029811441465,"https://www.hemnet.se/salda/lagenhet-2rum-vasastan-stockholms-kommun-dobelnsgatan-60,-1tr-7529113029811441465",59-60m²,bostadsratt,2026-04-16T20:38:28.297481
7964313793813307232,https://www.hemnet.se/salda/lagenhet-2rum-tullinge-botkyrka-kommun-tullingebergsvagen-12b-7964313793813307232,59-60m²,bostadsratt,2026-04-16T20:38:28.297483
4518512860128360787,https://www.hemnet.se/salda/lagenhet-2rum-frovi-lindesbergs-kommun-nasbygatan-3-a-4518512860128360787,59-60m²,bostadsratt,2026-04-16T20:38:28.297484
4328631635794657806,https://www.hemnet.se/salda/lagenhet-2rum-centralt-solvesborgs-kommun-nygatan-35-4328631635794657806,59-60m²,bostadsratt,2026-04-16T20:38:28.297485
4374878849202940261,https://www.hemnet.se/salda/lagenhet-2rum-odenslund-ostersunds-kommun-skolgatan-33b-4374878849202940261,59-60m²,bostadsratt,2026-04-16T20:38:28.297488
144016262125258487,"https://www.hemnet.se/salda/lagenhet-2rum-nacka-alta-nacka-kommun-stensovagen-5,-van-2-144016262125258487",59-60m²,bostadsratt,2026-04-16T20:38:28.297490
2459865412414437662,https://www.hemnet.se/salda/lagenhet-2rum-centrala-hisingen-goteborgs-kommun-trollhasselgatan-22-2459865412414437662,59-60m²,bostadsratt,2026-04-16T20:38:28.297491
1101462889560504854,https://www.hemnet.se/salda/lagenhet-2rum-salabacke-uppsala-kommun-kallparksgatan-4-1101462889560504854,59-60m²,bostadsratt,2026-04-16T20:38:28.297495
5648702503204759569,https://www.hemnet.se/salda/lagenhet-2rum-slottshojden-helsingborgs-kommun-rektorsgatan-10b-5648702503204759569,59-60m²,bostadsratt,2026-04-16T20:38:28.297496
3079823139916363792,https://www.hemnet.se/salda/lagenhet-4rum-hemavan-storumans-kommun-ulrika-eleonoras-vag-11d-3079823139916363792,59-60m²,bostadsratt,2026-04-16T20:38:28.297497
3980082663546318765,https://www.hemnet.se/salda/lagenhet-2rum-linnestaden-goteborgs-kommun-fjarde-langgatan-17-3980082663546318765,59-60m²,bostadsratt,2026-04-16T20:38:28.297499
712832663877871505,https://www.hemnet.se/salda/lagenhet-2rum-farsta-stockholms-kommun-lingvagen-199-712832663877871505,59-60m²,bostadsratt,2026-04-16T20:38:28.297500
4511710037078856971,https://www.hemnet.se/salda/lagenhet-2rum-sodermalm-skanstull-stockholms-kommun-ringvagen-131b-4511710037078856971,59-60m²,bostadsratt,2026-04-16T20:38:28.297501
7986005074644333994,https://www.hemnet.se/salda/lagenhet-2rum-huskvarna-jonkopings-kommun-wilhelm-thams-vag-118b-7986005074644333994,59-60m²,bostadsratt,2026-04-16T20:38:28.297502
182216085467986805,https://www.hemnet.se/salda/lagenhet-2rum-soderkulla-malmo-kommun-sodra-gulsparvsgatan-34-182216085467986805,59-60m²,bostadsratt,2026-04-16T20:38:28.297504
4909517009337963018,https://www.hemnet.se/salda/lagenhet-2rum-vallastaden-linkopings-kommun-selma-lagerlofsgatan-5-4909517009337963018,59-60m²,bostadsratt,2026-04-16T20:38:28.297505
8187920907922308901,https://www.hemnet.se/salda/lagenhet-2rum-lindeborg-malmo-kommun-solistgatan-2f-8187920907922308901,59-60m²,bostadsratt,2026-04-16T20:38:28.297506
7335875305939091203,https://www.hemnet.se/salda/lagenhet-2rum-kungsholmen-norr-malarstrand-stockholms-kommun-pontonjargatan-45-7335875305939091203,59-60m²,bostadsratt,2026-04-16T20:38:28.297508
6786475711154793409,https://www.hemnet.se/salda/lagenhet-2rum-valberg-karlstads-kommun-gyridsvagen-6b-6786475711154793409,59-60m²,bostadsratt,2026-04-16T20:38:28.297509
6588643581717166521,https://www.hemnet.se/salda/lagenhet-2rum-huskvarna-soder-jonkopings-kommun-haradsvagen-8-6588643581717166521,59-60m²,bostadsratt,2026-04-16T20:38:28.297510
2406585825221124964,https://www.hemnet.se/salda/lagenhet-4rum-tegefjall-are-kommun-tegefjall-smultronet-6a-2406585825221124964,59-60m²,bostadsratt,2026-04-16T20:38:28.297511
1281274856303338041,https://www.hemnet.se/salda/lagenhet-2rum-malmslatt-linkopings-kommun-norrsattersgatan-11a-1281274856303338041,59-60m²,bostadsratt,2026-04-16T20:38:28.297513
6413043914633148403,https://www.hemnet.se/salda/lagenhet-3rum-rasunda-solna-kommun-asvagen-2-6413043914633148403,59-60m²,bostadsratt,2026-04-16T20:38:28.297514
8655780752636416362,"https://www.hemnet.se/salda/lagenhet-2rum-vasastan-birkastan-stockholms-kommun-karlbergsvagen-87a,-van-5-av-6-8655780752636416362",59-60m²,bostadsratt,2026-04-16T20:38:28.297515
4607488121841500747,https://www.hemnet.se/salda/lagenhet-2rum-almby-orebro-kommun-skolmastaregatan-2-a-4607488121841500747,59-60m²,bostadsratt,2026-04-16T20:38:28.297517
4756873330747165672,https://www.hemnet.se/salda/lagenhet-2rum-centrala-marsta-sigtuna-kommun-vastra-bangatan-51b-4756873330747165672,59-60m²,bostadsratt,2026-04-16T20:38:28.297519
8795768037201632945,https://www.hemnet.se/salda/lagenhet-2rum-jakobsbergs-centrum-jarfalla-kommun-sangvagen-4c-8795768037201632945,59-60m²,bostadsratt,2026-04-16T20:38:28.297521
2503420053117514184,https://www.hemnet.se/salda/lagenhet-2rum-vastra-skogen-solna-kommun-trubadurvagen-3-2503420053117514184,59-60m²,bostadsratt,2026-04-16T20:38:28.297523
1884814800184127101,https://www.hemnet.se/salda/lagenhet-2rum-telefonplan-stockholms-kommun-lm-ericssons-vag-2-1884814800184127101,59-60m²,bostadsratt,2026-04-16T20:38:28.297525
2858638080153470297,https://www.hemnet.se/salda/lagenhet-2rum-balsta-gamla-balsta-habo-kommun-balstavagen-3-2858638080153470297,59-60m²,bostadsratt,2026-04-16T20:38:28.297527
8186904846266736721,https://www.hemnet.se/salda/lagenhet-2rum-gardet-mariestads-kommun-gardesgatan-13-8186904846266736721,59-60m²,bostadsratt,2026-04-16T20:38:28.297533
5647818355957129844,https://www.hemnet.se/salda/lagenhet-2rum-ostra-sorgenfri-malmo-kommun-branteviksgatan-10a-5647818355957129844,59-60m²,bostadsratt,2026-04-16T20:38:28.297535
4726520015245346283,https://www.hemnet.se/salda/lagenhet-2rum-slottsstaden-ribersborg-malmo-kommun-erikstorpsgatan-24-4726520015245346283,59-60m²,bostadsratt,2026-04-16T20:38:28.297537
1492760975693914729,https://www.hemnet.se/salda/lagenhet-2rum-norr-eskilstuna-kommun-gransgatan-15-1492760975693914729,59-60m²,bostadsratt,2026-04-16T20:38:28.297539
6284802158234182202,https://www.hemnet.se/salda/lagenhet-2rum-centrum-karlshamns-kommun-norra-fogdelyckegatan-51c-6284802158234182202,59-60m²,bostadsratt,2026-04-16T20:38:28.297544
4024230162831791270,https://www.hemnet.se/salda/lagenhet-2rum-eriksberg-uppsala-kommun-glimmervagen-2b-4024230162831791270,59-60m²,bostadsratt,2026-04-16T20:38:28.297547
3384584009993852985,"https://www.hemnet.se/salda/lagenhet-1rum-bokenas-uddevalla-kommun-eriksberg-215,-brf-hjaltosundet-lgh-1001-3384584009993852985",59-60m²,bostadsratt,2026-04-16T20:38:28.297549
7798128643352338175,"https://www.hemnet.se/salda/lagenhet-2,5rum-grondal-stockholms-kommun-ljusstoparbacken-18b-7798128643352338175",59-60m²,bostadsratt,2026-04-16T20:38:28.297552
7789503189430294284,"https://www.hemnet.se/salda/lagenhet-2rum-sodermalm-stockholms-kommun-repslagargatan-8,-4-tr,-7789503189430294284",59-60m²,bostadsratt,2026-04-16T20:38:28.297557
1648381560388312587,https://www.hemnet.se/salda/lagenhet-2rum-arsta-stockholms-kommun-hjalmarsvagen-24a-1648381560388312587,59-60m²,bostadsratt,2026-04-16T20:38:28.297560
4952727154367946213,https://www.hemnet.se/salda/lagenhet-3rum-hammarbyhojden-stockholms-kommun-falkopingsvagen-4-4952727154367946213,59-60m²,bostadsratt,2026-04-16T20:38:28.297561
457855275470349873,https://www.hemnet.se/salda/lagenhet-2rum-bergviken-lulea-kommun-kallgatan-6-457855275470349873,59-60m²,bostadsratt,2026-04-16T20:38:28.297564
7626466320953247991,https://www.hemnet.se/salda/lagenhet-2rum-skurholmen-lulea-kommun-storstigen-35b-7626466320953247991,59-60m²,bostadsratt,2026-04-16T20:38:28.297565
6538521056714845402,https://www.hemnet.se/salda/lagenhet-2rum-hagsatra-stockholms-kommun-lerbacksgrand-24-6538521056714845402,59-60m²,bostadsratt,2026-04-16T20:38:28.297568
588252044713628590,https://www.hemnet.se/salda/lagenhet-2rum-gustavsbergs-lugnet-varmdo-kommun-meitens-vag-1-588252044713628590,59-60m²,bostadsratt,2026-04-16T20:38:28.297571
7452329498000108292,https://www.hemnet.se/salda/lagenhet-2rum-lomma-centrum-lomma-kommun-vegagatan-20b-7452329498000108292,59-60m²,bostadsratt,2026-04-16T20:38:28.297572
4211867267190826024,https://www.hemnet.se/salda/lagenhet-2rum-snattringe-huddinge-kommun-haradsvagen-35c-4211867267190826024,59-60m²,bostadsratt,2026-04-16T20:38:28.297575
1436051734145036604,"https://www.hemnet.se/salda/lagenhet-2,5rum-hagalund-solna-kommun-hagalundsgatan-20-1436051734145036604",59-60m²,bostadsratt,2026-04-16T20:38:28.297576
2783365595148018683,https://www.hemnet.se/salda/lagenhet-3rum-roback-umea-kommun-sonkmyrvagen-43e-2783365595148018683,59-60m²,bostadsratt,2026-04-16T20:38:28.297579
5697493793552117906,https://www.hemnet.se/salda/lagenhet-2rum-rasunda-solna-kommun-hasselstigen-4-5697493793552117906,59-60m²,bostadsratt,2026-04-16T20:38:28.297580
4426501721597571115,https://www.hemnet.se/salda/lagenhet-2rum-solberga-stockholms-kommun-kristallvagen-24-4426501721597571115,59-60m²,bostadsratt,2026-04-16T20:38:28.297582
5440792276744204087,https://www.hemnet.se/salda/lagenhet-2rum-malarhojden-stockholms-kommun-mamsell-ullas-vag-7-5440792276744204087,59-60m²,bostadsratt,2026-04-16T20:38:28.297584
1160263302562802404,"https://www.hemnet.se/salda/lagenhet-2,5rum-bromma-riksby-stockholms-kommun-synalsvagen-18-1160263302562802404",59-60m²,bostadsratt,2026-04-16T20:38:28.297586
7399036384261709492,https://www.hemnet.se/salda/lagenhet-2rum-tynnered-goteborgs-kommun-rubingatan-12-7399036384261709492,59-60m²,bostadsratt,2026-04-16T20:38:28.297587
674639827187823093,https://www.hemnet.se/salda/lagenhet-3rum-vaster-lunds-kommun-aldermansgatan-5d-674639827187823093,59-60m²,bostadsratt,2026-04-16T20:38:28.297590
6091196313094439177,https://www.hemnet.se/salda/lagenhet-2rum-barstaberget-sodertalje-kommun-karlslundsgatan-20-6091196313094439177,59-60m²,bostadsratt,2026-04-16T20:38:28.297593
4251676211989982829,https://www.hemnet.se/salda/lagenhet-2rum-frosunda-solna-kommun-kolonnvagen-62-4251676211989982829,59-60m²,bostadsratt,2026-04-16T20:38:28.297596
2720728033007495745,https://www.hemnet.se/salda/lagenhet-2rum-odensvi-malmaberg-vasteras-kommun-norrbygatan-5a-2720728033007495745,59-60m²,bostadsratt,2026-04-16T20:38:28.297599
5759270563984088952,https://www.hemnet.se/salda/lagenhet-2rum-munkmora-varmdo-kommun-skyttevagen-6-5759270563984088952,59-60m²,bostadsratt,2026-04-16T20:38:28.297600
4358617097903198098,https://www.hemnet.se/salda/lagenhet-2rum-bohusgarden-uddevalla-kommun-skandiavagen-2a-4358617097903198098,59-60m²,bostadsratt,2026-04-16T20:38:28.297603
291328564670408818,https://www.hemnet.se/salda/lagenhet-2rum-surte-ale-kommun-solskensvagen-1-291328564670408818,59-60m²,bostadsratt,2026-04-16T20:38:28.297604
8828490391863621405,https://www.hemnet.se/salda/lagenhet-3rum-vastra-orminge-nacka-kommun-ormingeringen-12a-8828490391863621405,59-60m²,bostadsratt,2026-04-16T20:38:28.297607
5071432789423456576,https://www.hemnet.se/salda/lagenhet-3rum-globen-johanneshov-stockholms-kommun-bildhuggarvagen-17-5071432789423456576,59-60m²,bostadsratt,2026-04-16T20:38:28.297610
3646222414463386787,https://www.hemnet.se/salda/lagenhet-2rum-racksta-stockholms-kommun-racksta-gardsvag-21-3646222414463386787,59-60m²,bostadsratt,2026-04-16T20:38:28.297611
1978473084412327822,https://www.hemnet.se/salda/lagenhet-2rum-sala-backe-uppsala-kommun-apelgatan-7c-1978473084412327822,59-60m²,bostadsratt,2026-04-16T20:38:28.297614
9159795523084340450,https://www.hemnet.se/salda/lagenhet-2rum-hogberget-centrum-ludvika-kommun-grottvagen-15-c-9159795523084340450,59-60m²,bostadsratt,2026-04-16T20:38:28.297616
2751044633508694985,https://www.hemnet.se/salda/lagenhet-2rum-haggvik-sollentuna-kommun-folkungavagen-22-2751044633508694985,59-60m²,bostadsratt,2026-04-16T20:38:28.297618
4635830820203533353,https://www.hemnet.se/salda/lagenhet-2rum-gamla-rasunda-solna-kommun-parkvagen-25-4635830820203533353,59-60m²,bostadsratt,2026-04-16T20:38:28.297620
8202906906114753978,https://www.hemnet.se/salda/lagenhet-2rum-city-linkopings-kommun-drottninggatan-36a-8202906906114753978,59-60m²,bostadsratt,2026-04-16T20:38:28.297622
3906816024564886111,"https://www.hemnet.se/salda/lagenhet-2rum-grindtorp-taby-kommun-kometvagen-5,-1tr-3906816024564886111",59-60m²,bostadsratt,2026-04-16T20:38:28.297624
4429061619457926431,https://www.hemnet.se/salda/lagenhet-2rum-skiljebo-vasteras-kommun-farnebogatan-6b-4429061619457926431,59-60m²,bostadsratt,2026-04-16T20:38:28.297630
7634732753348492118,https://www.hemnet.se/salda/lagenhet-2rum-brunnsang-sodertalje-kommun-elsarostigen-2-7634732753348492118,59-60m²,bostadsratt,2026-04-16T20:38:28.297631
8143641229261236778,https://www.hemnet.se/salda/lagenhet-2rum-barkarby-jarfalla-kommun-flygarvagen-6-8143641229261236778,59-60m²,bostadsratt,2026-04-16T20:38:28.297634
125166790054255559,"https://www.hemnet.se/salda/lagenhet-2,5rum-vasastan-odenplan-stockholms-kommun-dalagatan-68b,-3tr-125166790054255559",59-60m²,bostadsratt,2026-04-16T20:38:28.297635
8918773892102513771,https://www.hemnet.se/salda/lagenhet-2rum-drottningtorget-malmo-kommun-ostra-promenaden-9a-8918773892102513771,59-60m²,bostadsratt,2026-04-16T20:38:28.297638
1397434029491766712,https://www.hemnet.se/salda/lagenhet-2rum-bjorkebo-tomelilla-kommun-bjorkebogatan-2-a-1397434029491766712,59-60m²,bostadsratt,2026-04-16T20:38:28.297639
5224741513125718530,https://www.hemnet.se/salda/lagenhet-2rum-centralt-eskilstuna-kommun-tegelbruksgatan-19-5224741513125718530,59-60m²,bostadsratt,2026-04-16T20:38:28.297642
8980804267048446995,"https://www.hemnet.se/salda/lagenhet-2,5rum-hoganas-uppsala-kommun-s-t-olofsgatan-62b-8980804267048446995",59-60m²,bostadsratt,2026-04-16T20:38:28.297643
1654051714692270911,"https://www.hemnet.se/salda/lagenhet-2rum-gamla-filmstaden-solna-kommun-mauritz-stillers-vag-3,-1-tr-1654051714692270911",59-60m²,bostadsratt,2026-04-16T20:38:28.297646
1418580925772470055,https://www.hemnet.se/salda/lagenhet-2rum-karlshamn-centrum-karlshamns-kommun-erik-dahlbergsvagen-44c-1418580925772470055,59-60m²,bostadsratt,2026-04-16T20:38:28.297649
1611913962676835998,https://www.hemnet.se/salda/lagenhet-2rum-centralt-norrkopings-kommun-master-pavels-grand-7b-1611913962676835998,59-60m²,bostadsratt,2026-04-16T20:38:28.297650
5006752790363547294,"https://www.hemnet.se/salda/lagenhet-2rum-sodermalm-stockholms-kommun-hogalidsgatan-48b,-5tr-5006752790363547294",59-60m²,bostadsratt,2026-04-16T20:38:28.297656
251091051762824526,"https://www.hemnet.se/salda/lagenhet-2rum-skarpnack-stockholms-kommun-uppvindsgatan-8,2tr-251091051762824526",59-60m²,bostadsratt,2026-04-16T20:38:28.297658
3625174204822875484,"https://www.hemnet.se/salda/lagenhet-1,5rum-mariebo-jonkopings-kommun-neptunusvagen-22-3625174204822875484",59-60m²,bostadsratt,2026-04-16T20:38:28.297661
4332967450286392333,"https://www.hemnet.se/salda/lagenhet-2rum-sodermalm-stockholms-kommun-repslagargatan-9,-2-tr-4332967450286392333",59-60m²,bostadsratt,2026-04-16T20:38:28.297662
3702697076388411780,https://www.hemnet.se/salda/lagenhet-2rum-luthagen-uppsala-kommun-bredmansgatan-4a-3702697076388411780,59-60m²,bostadsratt,2026-04-16T20:38:28.297665
5863846409150001054,https://www.hemnet.se/salda/lagenhet-2rum-bergvik-sodertalje-kommun-bergviksgatan-10-5863846409150001054,59-60m²,bostadsratt,2026-04-16T20:38:28.297666
6017460475955425971,https://www.hemnet.se/salda/lagenhet-2rum-centralt-vaster-halmstads-kommun-vattugatan-2c-6017460475955425971,59-60m²,bostadsratt,2026-04-16T20:38:28.297669
7001452354136748120,https://www.hemnet.se/salda/lagenhet-2rum-bromma-blackeberg-stockholms-kommun-holbergsgatan-133-7001452354136748120,59-60m²,bostadsratt,2026-04-16T20:38:28.297670
6144894577868779341,https://www.hemnet.se/salda/lagenhet-2rum-ostra-sorgenfri-malmo-kommun-branteviksgatan-14c-6144894577868779341,59-60m²,bostadsratt,2026-04-16T20:38:28.297673
179270038248604582,"https://www.hemnet.se/salda/lagenhet-2rum-hagernas-taby-kommun-radarvagen-12,-4-tr-179270038248604582",59-60m²,bostadsratt,2026-04-16T20:38:28.297676
5227418529773607265,https://www.hemnet.se/salda/lagenhet-2rum-haga-vasteras-kommun-rekylgatan-3-5227418529773607265,59-60m²,bostadsratt,2026-04-16T20:38:28.297677
4702870751613894528,https://www.hemnet.se/salda/lagenhet-2rum-jarlaberg-nacka-kommun-diligensvagen-98-4702870751613894528,59-60m²,bostadsratt,2026-04-16T20:38:28.297680
2465850024773165365,https://www.hemnet.se/salda/lagenhet-2rum-barstaberget-sodertalje-kommun-karlslundsgatan-20-2465850024773165365,59-60m²,bostadsratt,2026-04-16T20:38:28.297681
1224608080583813667,https://www.hemnet.se/salda/lagenhet-2rum-kaveros-goteborgs-kommun-tunnlandsgatan-18-1224608080583813667,59-60m²,bostadsratt,2026-04-16T20:38:28.297683
1832268311911504275,https://www.hemnet.se/salda/lagenhet-2rum-solna-centrum-solna-kommun-centralvagen-5-1832268311911504275,59-60m²,bostadsratt,2026-04-16T20:38:28.297685
2620461516109715894,https://www.hemnet.se/salda/lagenhet-2rum-centrala-sodertalje-sodertalje-kommun-heimdallsvagen-15-2620461516109715894,59-60m²,bostadsratt,2026-04-16T20:38:28.297687
4482590732493004933,"https://www.hemnet.se/salda/lagenhet-2,5rum-triangeln-malmo-kommun-nikolaigatan-3-u1-4482590732493004933",59-60m²,bostadsratt,2026-04-16T20:38:28.297689
3819996538758089322,https://www.hemnet.se/salda/lagenhet-2rum-kungsholmen-stockholms-kommun-scheelegatan-6a-3819996538758089322,59-60m²,bostadsratt,2026-04-16T20:38:28.297691
6691757843465007426,https://www.hemnet.se/salda/lagenhet-2rum-jamtbo-sagbo-avesta-kommun-kolgillaregatan-12b-6691757843465007426,59-60m²,bostadsratt,2026-04-16T20:38:28.297696
2919681804917879512,https://www.hemnet.se/salda/lagenhet-2rum-centrala-sundbyberg-sundbybergs-kommun-vintergatan-2-2919681804917879512,59-60m²,bostadsratt,2026-04-16T20:38:28.297699
2545516118116589774,https://www.hemnet.se/salda/lagenhet-2rum-eknas-nacka-kommun-hojdvagen-1b-2545516118116589774,59-60m²,bostadsratt,2026-04-16T20:38:28.297700
5467505312710140573,https://www.hemnet.se/salda/lagenhet-3rum-traneberg-stockholms-kommun-mossebergsvagen-29-5467505312710140573,59-60m²,bostadsratt,2026-04-16T20:38:28.297706
8136465291104475697,https://www.hemnet.se/salda/lagenhet-2rum-trangsund-huddinge-kommun-tornslingan-39-8136465291104475697,59-60m²,bostadsratt,2026-04-16T20:38:28.297708
722038765851683741,https://www.hemnet.se/salda/lagenhet-2rum-centrala-mjolby-mjolby-kommun-industrigatan-11-722038765851683741,59-60m²,bostadsratt,2026-04-16T20:38:28.297710
1108124744642697679,https://www.hemnet.se/salda/lagenhet-2rum-centralt-gavle-kommun-skomakargatan-22-a-1108124744642697679,59-60m²,bostadsratt,2026-04-16T20:38:28.297712
1992410617277683289,"https://www.hemnet.se/salda/lagenhet-2rum-centrala-marsta-sigtuna-kommun-lindvagen-11,-bv-1992410617277683289",59-60m²,bostadsratt,2026-04-16T20:38:28.297717
1027032006960458140,https://www.hemnet.se/salda/lagenhet-2rum-avesta-avesta-kommun-axel-johnsons-vag-90-1027032006960458140,59-60m²,bostadsratt,2026-04-16T20:38:28.297718
6911649936704315312,https://www.hemnet.se/salda/lagenhet-3rum-grondal-stockholms-kommun-sannadalsvagen-28-6911649936704315312,59-60m²,bostadsratt,2026-04-16T20:38:28.297721
3179304707996306722,https://www.hemnet.se/salda/lagenhet-2rum-vastra-skogen-solna-kommun-bangatan-7a-3179304707996306722,59-60m²,bostadsratt,2026-04-16T20:38:28.297722
3654038364369280256,https://www.hemnet.se/salda/lagenhet-2rum-eneby-norrkopings-kommun-reenstiernagatan-74-3654038364369280256,59-60m²,bostadsratt,2026-04-16T20:38:28.297725
7909639841722157643,https://www.hemnet.se/salda/lagenhet-2rum-ostermalm-stockholms-kommun-styrmansgatan-7a-7909639841722157643,59-60m²,bostadsratt,2026-04-16T20:38:28.297726
5585240329222035319,https://www.hemnet.se/salda/lagenhet-2rum-ulvsunda-stockholms-kommun-ulvsundavagen-38a-5585240329222035319,59-60m²,bostadsratt,2026-04-16T20:38:28.297729
245577583878953553,"https://www.hemnet.se/salda/lagenhet-2,5rum-sodermalm-katarina-stockholms-kommun-hokens-gata-1-245577583878953553",59-60m²,bostadsratt,2026-04-16T20:38:28.297732
8598620643741909214,https://www.hemnet.se/salda/lagenhet-2rum-segevang-malmo-kommun-kronetorpsgatan-74a-8598620643741909214,59-60m²,bostadsratt,2026-04-16T20:38:28.297733
2242440332511811593,https://www.hemnet.se/salda/lagenhet-2rum-rorsjostaden-malmo-kommun-kommendorsgatan-5b-2242440332511811593,59-60m²,bostadsratt,2026-04-16T20:38:28.297736
1896859002919298654,"https://www.hemnet.se/salda/lagenhet-2rum-vasastan-stockholms-kommun-kungstensgatan-28d,-2tr,-1896859002919298654",59-60m²,bostadsratt,2026-04-16T20:38:28.297737
7795837242574571014,https://www.hemnet.se/salda/lagenhet-2rum-vasteras-vasteras-kommun-malmabergsgatan-81b-7795837242574571014,59-60m²,bostadsratt,2026-04-16T20:38:28.297740
1411525828873535740,https://www.hemnet.se/salda/lagenhet-3rum-finnboda-hamn-nacka-kommun-finnboda-varvsvag-10a-1411525828873535740,59-60m²,bostadsratt,2026-04-16T20:38:28.297741
3013537477376746741,https://www.hemnet.se/salda/lagenhet-2rum-centrala-sundbyberg-sundbybergs-kommun-fredsgatan-6-b-3013537477376746741,59-60m²,bostadsratt,2026-04-16T20:38:28.297744
8610594698290394534,https://www.hemnet.se/salda/lagenhet-2rum-soderkulla-malmo-kommun-duvhoksgatan-4a-8610594698290394534,59-60m²,bostadsratt,2026-04-16T20:38:28.297745
344319816807812928,https://www.hemnet.se/salda/lagenhet-2rum-slottsstaden-malmo-kommun-kopenhamnsvagen-42c-344319816807812928,59-60m²,bostadsratt,2026-04-16T20:38:28.297748
7779457025935955617,"https://www.hemnet.se/salda/lagenhet-3rum-zinkensdamm-stockholms-kommun-maria-skolgata-93,-van-2-7779457025935955617",59-60m²,bostadsratt,2026-04-16T20:38:28.297749
6831493289380377893,https://www.hemnet.se/salda/lagenhet-2rum-kristineberg-stockholms-kommun-olof-dalins-vag-20-6831493289380377893,59-60m²,bostadsratt,2026-04-16T20:38:28.297752
762807351752983823,"https://www.hemnet.se/salda/lagenhet-2rum-hammarbyhojden,-johanneshov-stockholms-kommun-paternostervagen-40-762807351752983823",59-60m²,bostadsratt,2026-04-16T20:38:28.297753
3538452109190981162,https://www.hemnet.se/salda/lagenhet-2rum-odensvi-vasteras-kommun-kumlagatan-7c-3538452109190981162,59-60m²,bostadsratt,2026-04-16T20:38:28.297756
8396115888280481379,https://www.hemnet.se/salda/lagenhet-2rum-kungsholmen-sankt-eriksomradet-stockholms-kommun-grubbensringen-32b-8396115888280481379,59-60m²,bostadsratt,2026-04-16T20:38:28.297757
7954665398452943757,https://www.hemnet.se/salda/lagenhet-2rum-brannan-harnosands-kommun-krokvagen-11-7954665398452943757,59-60m²,bostadsratt,2026-04-16T20:38:28.297760
7286913139160236109,https://www.hemnet.se/salda/lagenhet-2rum-ostra-sorgenfri-malmo-kommun-bodekullsgatan-31-a-7286913139160236109,59-60m²,bostadsratt,2026-04-16T20:38:28.297761
3435426306328203428,https://www.hemnet.se/salda/lagenhet-2rum-katrinelund-malmo-kommun-eriksdalsgatan-7b-3435426306328203428,59-60m²,bostadsratt,2026-04-16T20:38:28.297763
1120481700864235127,https://www.hemnet.se/salda/lagenhet-2rum-huskvarna-jonkopings-kommun-mossvagen-7-1120481700864235127,59-60m²,bostadsratt,2026-04-16T20:38:28.297765
3166977184627336629,https://www.hemnet.se/salda/lagenhet-2rum-tullinge-botkyrka-kommun-manstorpsvagen-24-3166977184627336629,59-60m²,bostadsratt,2026-04-16T20:38:28.297767
7340385723190424247,https://www.hemnet.se/salda/lagenhet-2rum-grums-grums-kommun-strandgatan-6c-7340385723190424247,59-60m²,bostadsratt,2026-04-16T20:38:28.297772
6859923943395311820,https://www.hemnet.se/salda/lagenhet-2rum-nasby-kristianstads-kommun-nasbychaussen-43-6859923943395311820,59-60m²,bostadsratt,2026-04-16T20:38:28.297775
6643017317543421889,https://www.hemnet.se/salda/lagenhet-2rum-ruddalen-goteborgs-kommun-fagottgatan-8-6643017317543421889,59-60m²,bostadsratt,2026-04-16T20:38:28.297786
167085838626580324,https://www.hemnet.se/salda/lagenhet-2rum-centralt-harnosand-harnosands-kommun-johan-nybergs-vag-18-167085838626580324,59-60m²,bostadsratt,2026-04-16T20:38:28.297788
6364778117585537810,https://www.hemnet.se/salda/lagenhet-2rum-norra-tynnered-goteborgs-kommun-bergkristallsgatan-30-6364778117585537810,59-60m²,bostadsratt,2026-04-16T20:38:28.297790
3354424181569705941,https://www.hemnet.se/salda/lagenhet-2rum-limhamn-malmo-kommun-vastanvag-61b-3354424181569705941,59-60m²,bostadsratt,2026-04-16T20:38:28.297791
8322365375434646977,https://www.hemnet.se/salda/lagenhet-2rum-centrum-falu-kommun-hyttgatan-38b-8322365375434646977,59-60m²,bostadsratt,2026-04-16T20:38:28.297794
5046709122061018312,https://www.hemnet.se/salda/lagenhet-2rum-hantverkarbacken-sandvikens-kommun-gesallvagen-10-5046709122061018312,59-60m²,bostadsratt,2026-04-16T20:38:28.297795
4348376926565352849,https://www.hemnet.se/salda/lagenhet-2rum-centrala-huddinge-huddinge-kommun-lagmansvagen-11-4348376926565352849,59-60m²,bostadsratt,2026-04-16T20:38:28.297798
7814950633548308583,"https://www.hemnet.se/salda/lagenhet-2rum-alta-stenso-nacka-kommun-stensovagen-11,-5-tr-7814950633548308583",59-60m²,bostadsratt,2026-04-16T20:38:28.297799
3743473415595209546,https://www.hemnet.se/salda/lagenhet-3rum-tomtebo-nydalaviken-umea-kommun-loftvagen-2b-3743473415595209546,59-60m²,bostadsratt,2026-04-16T20:38:28.297802
3961111346823949013,https://www.hemnet.se/salda/lagenhet-2rum-haga-karlstads-kommun-ostra-kanalgatan-2a-3961111346823949013,59-60m²,bostadsratt,2026-04-16T20:38:28.297803
7611202622384022251,https://www.hemnet.se/salda/lagenhet-2rum-hoganas-uppsala-kommun-torkelsgatan-38-c-7611202622384022251,59-60m²,bostadsratt,2026-04-16T20:38:28.297806
2252426440455789286,https://www.hemnet.se/salda/lagenhet-2rum-lerum-lerums-kommun-lerum-andersvagen-136-2252426440455789286,59-60m²,bostadsratt,2026-04-16T20:38:28.297807
1224145175021831757,https://www.hemnet.se/salda/lagenhet-2rum-svartbacken-uppsala-kommun-svartbacksgatan-78-b-1224145175021831757,59-60m²,bostadsratt,2026-04-16T20:38:28.297810
7583682540428054563,"https://www.hemnet.se/salda/lagenhet-2,5rum-centrala-vellinge-vellinge-kommun-slottagardsgatan-3b-7583682540428054563",59-60m²,bostadsratt,2026-04-16T20:38:28.297811
2456462349987051087,https://www.hemnet.se/salda/lagenhet-2rum-lund-centrum-lunds-kommun-rabygatan-3-2456462349987051087,59-60m²,bostadsratt,2026-04-16T20:38:28.297814
4663152343570237769,https://www.hemnet.se/salda/lagenhet-2rum-bohus-ale-kommun-klorvagen-6a-4663152343570237769,59-60m²,bostadsratt,2026-04-16T20:38:28.297817
516604527669086950,https://www.hemnet.se/salda/lagenhet-3rum-sodermalm-stockholms-kommun-heleneborgsgatan-5c-516604527669086950,59-60m²,bostadsratt,2026-04-16T20:38:28.297818
4733517422611491874,"https://www.hemnet.se/salda/lagenhet-2rum-spanga-bromstensstaden-stockholms-kommun-skogangsvagen-36,-4-tr-4733517422611491874",59-60m²,bostadsratt,2026-04-16T20:38:28.297821
4953345225124165288,"https://www.hemnet.se/salda/lagenhet-2,5rum-skurholmen-lulea-kommun-ringgatan-41-4953345225124165288",59-60m²,bostadsratt,2026-04-16T20:38:28.297822
1004255894370322416,https://www.hemnet.se/salda/lagenhet-2rum-stattena-helsingborgs-kommun-hofverbergsgatan-7a-1004255894370322416,59-60m²,bostadsratt,2026-04-16T20:38:28.297824
8151275522385160409,https://www.hemnet.se/salda/lagenhet-2rum-rosendal-uppsala-kommun-betty-petterssons-gata-9-8151275522385160409,59-60m²,bostadsratt,2026-04-16T20:38:28.297826
660076853327478997,https://www.hemnet.se/salda/lagenhet-2rum-froson-ostersunds-kommun-hornsgatan-15-i-660076853327478997,59-60m²,bostadsratt,2026-04-16T20:38:28.297828
9032865032782545521,https://www.hemnet.se/salda/lagenhet-4rum-stoten-malung-salens-kommun-nedre-nordklint-2c-9032865032782545521,59-60m²,bostadsratt,2026-04-16T20:38:28.297830
5283715557623737799,https://www.hemnet.se/salda/lagenhet-3rum-lugnet-boras-kommun-torstensonsgatan-50-5283715557623737799,59-60m²,bostadsratt,2026-04-16T20:38:28.297835
6111337388313089376,https://www.hemnet.se/salda/lagenhet-3rum-centrala-sigtuna-sigtuna-kommun-stora-gatan-29b-lokal-6111337388313089376,59-60m²,bostadsratt,2026-04-16T20:38:28.297838
6096523576371695267,https://www.hemnet.se/salda/lagenhet-2rum-dockan-malmo-kommun-dockgatan-5a-6096523576371695267,59-60m²,bostadsratt,2026-04-16T20:38:28.297839
3794588735495191252,https://www.hemnet.se/salda/lagenhet-2rum-elineberg-helsingborgs-kommun-domaregatan-12c-3794588735495191252,59-60m²,bostadsratt,2026-04-16T20:38:28.297840
