property_id,url,area_range,housing_type,scraped_at
596983,https://www.hemnet.se/salda/lagenhet-5rum-bosebygd-mullsjo-kommun-larkgatan-38-596983,124-125m²,bostadsratt,2026-08-10T06:15:45.882637
7262382888426190868,https://www.hemnet.se/salda/lagenhet-5rum-visby-gotlands-kommun-jungmansgatan-444-7262382888426190868,124-125m²,bostadsratt,2026-08-10T06:15:45.882644
651808147258699170,https://www.hemnet.se/salda/lagenhet-5rum-salem-salems-kommun-mosshagestigen-63-651808147258699170,124-125m²,bostadsratt,2026-08-10T06:15:45.882648
6827334086034346842,https://www.hemnet.se/salda/lagenhet-5rum-alunda-osthammars-kommun-karin-alinders-vag-3-6827334086034346842,124-125m²,bostadsratt,2026-08-10T06:15:45.882650
853096,https://www.hemnet.se/salda/lagenhet-4rum-vasastaden-goteborgs-kommun-aschebergsgatan-9-a-853096,124-125m²,bostadsratt,2026-08-10T06:15:45.882653
3806135303409643809,https://www.hemnet.se/salda/lagenhet-5rum-gustavsberg-farstadal-varmdo-kommun-ohmans-vag-7-3806135303409643809,124-125m²,bostadsratt,2026-08-10T06:15:45.882655
143614,"https://www.hemnet.se/salda/lagenhet-4,5rum-gnesta-gnesta-kommun-bryggargrand-1c-143614",124-125m²,bostadsratt,2026-08-10T06:15:45.882658
6560074775407342406,https://www.hemnet.se/salda/lagenhet-4rum-orgryte-skar-goteborgs-kommun-sankt-sigfridsgatan-4-6560074775407342406,124-125m²,bostadsratt,2026-08-10T06:15:45.882660
712885,https://www.hemnet.se/salda/lagenhet-5rum-visby-gotlands-kommun-greta-arvidssons-gata-25c-radhus-i-712885,124-125m²,bostadsratt,2026-08-10T06:15:45.882663
308889,https://www.hemnet.se/salda/lagenhet-5rum-rorsjostaden-malmo-kommun-stenbocksgatan-4a-308889,124-125m²,bostadsratt,2026-08-10T06:15:45.882665
1149419,https://www.hemnet.se/salda/lagenhet-6rum-carlslund-upplands-vasby-kommun-blommelundsvagen-9a-1149419,124-125m²,bostadsratt,2026-08-10T06:15:45.882668
6079739134558385671,"https://www.hemnet.se/salda/lagenhet-5rum-frosunda-solna-kommun-gustav-iii-s-boulevard-101,-4-5-av-5-tr-6079739134558385671",124-125m²,bostadsratt,2026-08-10T06:15:45.882671
1286028,https://www.hemnet.se/salda/lagenhet-5rum-rorsjostaden-malmo-kommun-kungsgatan-27-a-1286028,124-125m²,bostadsratt,2026-08-10T06:15:45.882673
543970,"https://www.hemnet.se/salda/lagenhet-4,5rum-centrum-uppsala-kommun-vaksalagatan-18-b-543970",124-125m²,bostadsratt,2026-08-10T06:15:45.882676
192820,https://www.hemnet.se/salda/lagenhet-4rum-aby-molndals-kommun-irisgatan-5c-192820,124-125m²,bostadsratt,2026-08-10T06:15:45.882679
52750,https://www.hemnet.se/salda/lagenhet-5rum-hovsta-orebro-kommun-gladarbergsvagen-58-52750,124-125m²,bostadsratt,2026-08-10T06:15:45.882682
6067587716665750153,https://www.hemnet.se/salda/lagenhet-5rum-berghusa-ystads-kommun-berghusagatan-21-6067587716665750153,124-125m²,bostadsratt,2026-08-10T06:15:45.882684
1113302,"https://www.hemnet.se/salda/lagenhet-3rum-centralt,-strommen-norrkopings-kommun-bredgatan-4-1113302",124-125m²,bostadsratt,2026-08-10T06:15:45.882687
1298457,https://www.hemnet.se/salda/lagenhet-5rum-bromma-blackeberg-stockholms-kommun-bjornsonsgatan-158-1298457,124-125m²,bostadsratt,2026-08-10T06:15:45.882689
1244877,https://www.hemnet.se/salda/lagenhet-4rum-rorsjostaden-malmo-kommun-foreningsgatan-65a-1244877,124-125m²,bostadsratt,2026-08-10T06:15:45.882692
957492,https://www.hemnet.se/salda/lagenhet-5rum-mellerud-melleruds-kommun-havregatan-7-957492,124-125m²,bostadsratt,2026-08-10T06:15:45.882695
399442,https://www.hemnet.se/salda/lagenhet-6rum-landskrona-drottningen-landskrona-kommun-drottninggarden-125-399442,124-125m²,bostadsratt,2026-08-10T06:15:45.882698
5388497573888192133,https://www.hemnet.se/salda/lagenhet-5rum-tallboda-linkopings-kommun-sidvindsvagen-4-5388497573888192133,124-125m²,bostadsratt,2026-08-10T06:15:45.882701
613219,https://www.hemnet.se/salda/lagenhet-5rum-skogsglantan-morkarlby-hanakni-mora-kommun-skogsglantan-15-613219,124-125m²,bostadsratt,2026-08-10T06:15:45.882704
8177139965059292042,https://www.hemnet.se/salda/lagenhet-5rum-visby-gotlands-kommun-visborgsgatan-51a-8177139965059292042,124-125m²,bostadsratt,2026-08-10T06:15:45.882706
1240620,https://www.hemnet.se/salda/lagenhet-5rum-oxie-malmo-kommun-lergodsvagen-9-1240620,124-125m²,bostadsratt,2026-08-10T06:15:45.882709
516444349999801704,https://www.hemnet.se/salda/lagenhet-5rum-taby-centrum-taby-kommun-marknadsvagen-295-516444349999801704,124-125m²,bostadsratt,2026-08-10T06:15:45.882712
631374,https://www.hemnet.se/salda/lagenhet-4rum-sodermalm-stockholms-kommun-hogbergsgatan-11-631374,124-125m²,bostadsratt,2026-08-10T06:15:45.882714
1467031,https://www.hemnet.se/salda/lagenhet-3rum-centrum-umea-kommun-kungsgatan-63h-1467031,124-125m²,bostadsratt,2026-08-10T06:15:45.882717
1368071244973272731,https://www.hemnet.se/salda/lagenhet-4rum-sodermalm-stockholms-kommun-hogbergsgatan-11-1368071244973272731,124-125m²,bostadsratt,2026-08-10T06:15:45.882719
875507,https://www.hemnet.se/salda/lagenhet-5rum-frillesas-kungsbacka-kommun-johan-oscars-vag-5-875507,124-125m²,bostadsratt,2026-08-10T06:15:45.882722
8733418058051830470,https://www.hemnet.se/salda/lagenhet-6rum-framnas-vasteras-kommun-kokstradgardsgatan-42-8733418058051830470,124-125m²,bostadsratt,2026-08-10T06:15:45.882725
7639375280414412639,"https://www.hemnet.se/salda/lagenhet-4rum-vasastan-stockholms-kommun-upplandsgatan-37,-4-av-4-7639375280414412639",124-125m²,bostadsratt,2026-08-10T06:15:45.882728
7293109282493530549,https://www.hemnet.se/salda/lagenhet-5rum-svalnas-djursholm-danderyds-kommun-burevagen-23-vikingavagen-10a-7293109282493530549,124-125m²,bostadsratt,2026-08-10T06:15:45.882731
686174,https://www.hemnet.se/salda/lagenhet-5rum-nya-garda-goteborgs-kommun-sixten-camps-gata-8-686174,124-125m²,bostadsratt,2026-08-10T06:15:45.882733
122205,https://www.hemnet.se/salda/lagenhet-5rum-krontorp-mariestads-kommun-hermanstorpsvagen-13-122205,124-125m²,bostadsratt,2026-08-10T06:15:45.882736
1350506,https://www.hemnet.se/salda/lagenhet-5rum-salem-soderby-salems-kommun-vattentornsvagen-41b-1350506,124-125m²,bostadsratt,2026-08-10T06:15:45.882738
1038890,https://www.hemnet.se/salda/lagenhet-6rum-alvsjo-stockholms-kommun-sjattenovembervagen-209-1038890,124-125m²,bostadsratt,2026-08-10T06:15:45.882741
325955,https://www.hemnet.se/salda/lagenhet-4rum-sodermalm-sofia-stockholms-kommun-alsnogatan-30-325955,124-125m²,bostadsratt,2026-08-10T06:15:45.882743
1727068954190826227,https://www.hemnet.se/salda/lagenhet-3rum-johanneberg-goteborgs-kommun-gibraltargatan-12-1727068954190826227,124-125m²,bostadsratt,2026-08-10T06:15:45.882746
3792348422864220871,https://www.hemnet.se/salda/lagenhet-5rum-vetterslund-vasteras-kommun-vetterslundsgatan-30-3792348422864220871,124-125m²,bostadsratt,2026-08-10T06:15:45.882748
929251,https://www.hemnet.se/salda/lagenhet-5rum-glomsta-huddinge-kommun-lillerudsvagen-5l-929251,124-125m²,bostadsratt,2026-08-10T06:15:45.882751
652774,https://www.hemnet.se/salda/lagenhet-5rum-alunda-osthammars-kommun-hugo-fredrikssons-vag-29-652774,124-125m²,bostadsratt,2026-08-10T06:15:45.882754
80855,https://www.hemnet.se/salda/lagenhet-4rum-sodermalm-sofia-stockholms-kommun-lilla-erstagatan-4-80855,124-125m²,bostadsratt,2026-08-10T06:15:45.882756
1488136,https://www.hemnet.se/salda/lagenhet-4rum-kungsangen-svartviken-upplands-bro-kommun-kungsvagen-6f-1488136,124-125m²,bostadsratt,2026-08-10T06:15:45.882759
2451187005271134112,"https://www.hemnet.se/salda/lagenhet-5rum-hammarby-sjostad-stockholms-kommun-korphoppsgatan-21,-5-tr-2451187005271134112",124-125m²,bostadsratt,2026-08-10T06:15:45.882761
1636632954061210817,https://www.hemnet.se/salda/lagenhet-5rum-fagelbo-vaster-oster-nykopings-kommun-fruangsgatan-13b-1636632954061210817,124-125m²,bostadsratt,2026-08-10T06:15:45.882764
6425124454305565734,https://www.hemnet.se/salda/lagenhet-4rum-telefonplan-stockholms-kommun-tellusgatan-6l-6425124454305565734,124-125m²,bostadsratt,2026-08-10T06:15:45.882767
7841255858384343859,https://www.hemnet.se/salda/lagenhet-5rum-mariestad-mariestads-kommun-hermanstorpsvagen-7-7841255858384343859,124-125m²,bostadsratt,2026-08-10T06:15:45.882769
177724,"https://www.hemnet.se/salda/lagenhet-5rum-vasastan-stockholms-kommun-ingemarsgatan-4,-6-tr-177724",124-125m²,bostadsratt,2026-08-10T06:15:45.882772
1334758,https://www.hemnet.se/salda/lagenhet-3rum-sundby-park-strangnas-kommun-sundbyvagen-49-1334758,124-125m²,bostadsratt,2026-08-10T06:15:45.882774
7738857970636911900,https://www.hemnet.se/salda/lagenhet-5rum-oxie-malmo-kommun-lergodsvagen-19-7738857970636911900,124-125m²,bostadsratt,2026-08-10T06:15:45.882777
297053,https://www.hemnet.se/salda/lagenhet-5rum-vadstena-centralt-vadstena-kommun-parkgatan-31-297053,124-125m²,bostadsratt,2026-08-10T06:15:45.882780
4965380788147551293,"https://www.hemnet.se/salda/lagenhet-4,5rum-tagaborg-helsingborgs-kommun-karl-x-gustavs-gata-6-4965380788147551293",124-125m²,bostadsratt,2026-08-10T06:15:45.882783
63879,https://www.hemnet.se/salda/lagenhet-4rum-sannegardshamnen-goteborgs-kommun-barken-beatrices-gata-24-63879,124-125m²,bostadsratt,2026-08-10T06:15:45.882786
168511574866000274,"https://www.hemnet.se/salda/lagenhet-5rum-sodermalm-stockholms-kommun-bastugatan-21,-5-tr-168511574866000274",124-125m²,bostadsratt,2026-08-10T06:15:45.882789
1289607,https://www.hemnet.se/salda/lagenhet-4rum-kalgarden-jonkopings-kommun-stenhuggargatan-52-1289607,124-125m²,bostadsratt,2026-08-10T06:15:45.882791
404237,"https://www.hemnet.se/salda/lagenhet-5rum-vasastan-rodabergen-stockholms-kommun-falugatan-9,-2-3-tr-vindsetage-404237",124-125m²,bostadsratt,2026-08-10T06:15:45.882794
1242264,https://www.hemnet.se/salda/lagenhet-4rum-gamla-vaster-malmo-kommun-vastergatan-40-1242264,124-125m²,bostadsratt,2026-08-10T06:15:45.882797
283663,https://www.hemnet.se/salda/lagenhet-4rum-centrum-helsingborgs-kommun-halsovagen-9-283663,124-125m²,bostadsratt,2026-08-10T06:15:45.882799
1196371,"https://www.hemnet.se/salda/lagenhet-4rum-kungsholmen-stockholms-kommun-inedalsgatan-6,-vaning-4-6-1196371",124-125m²,bostadsratt,2026-08-10T06:15:45.882825
7606531959257924436,https://www.hemnet.se/salda/lagenhet-3rum-vasastaden-goteborgs-kommun-besvarsgatan-3-7606531959257924436,124-125m²,bostadsratt,2026-08-10T06:15:45.882828
980047,https://www.hemnet.se/salda/lagenhet-5rum-timra-timra-kommun-nygatan-59-980047,124-125m²,bostadsratt,2026-08-10T06:15:45.882831
688483,"https://www.hemnet.se/salda/lagenhet-3,5rum-trosa-centralt-trosa-kommun-rokerigrand-4-a-688483",124-125m²,bostadsratt,2026-08-10T06:15:45.882833
1154675,https://www.hemnet.se/salda/lagenhet-5rum-straningstorp-karlskoga-kommun-halmvagen-58-1154675,124-125m²,bostadsratt,2026-08-10T06:15:45.882836
874191,"https://www.hemnet.se/salda/lagenhet-4rum-vasastan-ostermalm-stockholms-kommun-tulegatan-25,-4tr-874191",124-125m²,bostadsratt,2026-08-10T06:15:45.882839
638077,"https://www.hemnet.se/salda/lagenhet-3,5rum-slottsstaden-malmo-kommun-erikstorpsgatan-5-638077",124-125m²,bostadsratt,2026-08-10T06:15:45.882842
290828,https://www.hemnet.se/salda/lagenhet-5rum-kungsbacka-kolla-kungsbacka-kommun-kolla-backe-4-290828,124-125m²,bostadsratt,2026-08-10T06:15:45.882845
1273386,https://www.hemnet.se/salda/lagenhet-3rum-ostermalm-stockholms-kommun-eriksbergsgatan-26-1273386,124-125m²,bostadsratt,2026-08-10T06:15:45.882848
971632,"https://www.hemnet.se/salda/lagenhet-6rum-fruangen-stockholms-kommun-agnes-lagerstedts-gata-25,-4-och-5-tr-etagevaning-971632",124-125m²,bostadsratt,2026-08-10T06:15:45.882851
513115,https://www.hemnet.se/salda/lagenhet-5rum-slottsstaden-malmo-kommun-kopenhamnsvagen-15-a-513115,124-125m²,bostadsratt,2026-08-10T06:15:45.882854
110139,https://www.hemnet.se/salda/lagenhet-5rum-kista-stockholms-kommun-sjallandsgatan-122-110139,124-125m²,bostadsratt,2026-08-10T06:15:45.882856
1551839155851084422,https://www.hemnet.se/salda/lagenhet-4rum-tagaborg-helsingborgs-kommun-brommagatan-3-1551839155851084422,124-125m²,bostadsratt,2026-08-10T06:15:45.882859
196172,https://www.hemnet.se/salda/lagenhet-5rum-hagalund-solna-kommun-hagalundsgatan-24-8-tr-196172,124-125m²,bostadsratt,2026-08-10T06:15:45.882862
2292288637254487903,https://www.hemnet.se/salda/lagenhet-4rum-kasernhojden-karlstads-kommun-kasernhojden-13a-2292288637254487903,124-125m²,bostadsratt,2026-08-10T06:15:45.882864
1280644,https://www.hemnet.se/salda/lagenhet-5rum-klockarfjallet-harjedalens-kommun-fjallstigen-5-a-1280644,124-125m²,bostadsratt,2026-08-10T06:15:45.882867
6392045891963565569,https://www.hemnet.se/salda/lagenhet-4rum-ljunghusen-vellinge-kommun-svanjaktsvagen-9-6392045891963565569,124-125m²,bostadsratt,2026-08-10T06:15:45.882870
709887,https://www.hemnet.se/salda/lagenhet-4rum-bremerlyckan-kalmar-kommun-vegagatan-7-709887,124-125m²,bostadsratt,2026-08-10T06:15:45.882873
595665,"https://www.hemnet.se/salda/lagenhet-5rum-nacka-forum-nacka-kommun-serenadvagen-17a,-3tr-595665",124-125m²,bostadsratt,2026-08-10T06:15:45.882876
307085,https://www.hemnet.se/salda/lagenhet-5rum-skalby-jarfalla-kommun-vattumannens-grand-50-307085,124-125m²,bostadsratt,2026-08-10T06:15:45.882879
219576,https://www.hemnet.se/salda/lagenhet-4rum-bor-varnamo-kommun-dansbanevagen-41-219576,124-125m²,bostadsratt,2026-08-10T06:15:45.882881
8078479910340732784,https://www.hemnet.se/salda/lagenhet-3rum-lund-centrum-lunds-kommun-dalbyvagen-25-8078479910340732784,124-125m²,bostadsratt,2026-08-10T06:15:45.882885
1169672,https://www.hemnet.se/salda/lagenhet-5rum-norr-vid-folkparken-norrkopings-kommun-enebygatan-20-1169672,124-125m²,bostadsratt,2026-08-10T06:15:45.882888
515664,https://www.hemnet.se/salda/lagenhet-6rum-fagersjo-stockholms-kommun-grasandsvagen-25-515664,124-125m²,bostadsratt,2026-08-10T06:15:45.882890
121864529219236925,https://www.hemnet.se/salda/lagenhet-4rum-brevik-lidingo-kommun-vapnarstigen-1-121864529219236925,124-125m²,bostadsratt,2026-08-10T06:15:45.882893
421926,"https://www.hemnet.se/salda/lagenhet-4rum-centrala-sundbyberg-sundbybergs-kommun-fagelsangen-2-a,-van-4-5-421926",124-125m²,bostadsratt,2026-08-10T06:15:45.882897
1089617,https://www.hemnet.se/salda/lagenhet-5rum-husensjo-helsingborgs-kommun-tyringegatan-21-1089617,124-125m²,bostadsratt,2026-08-10T06:15:45.882900
1055838,https://www.hemnet.se/salda/lagenhet-4rum-rorsjostaden-malmo-kommun-foreningsgatan-65b-1055838,124-125m²,bostadsratt,2026-08-10T06:15:45.882903
2466457100230010899,https://www.hemnet.se/salda/lagenhet-5rum-slottshojden-helsingborgs-kommun-ovre-langvinkelsgatan-95-2466457100230010899,124-125m²,bostadsratt,2026-08-10T06:15:45.882906
1103600,https://www.hemnet.se/salda/lagenhet-5rum-hallstahammar-hallstahammars-kommun-bryggargatan-23-1103600,124-125m²,bostadsratt,2026-08-10T06:15:45.882908
689987,https://www.hemnet.se/salda/lagenhet-4rum-stravalla-varbergs-kommun-smealyckevagen-4a-689987,124-125m²,bostadsratt,2026-08-10T06:15:45.882910
572508,"https://www.hemnet.se/salda/lagenhet-4rum-kungsholmen-stockholms-kommun-scheelegatan-11,-3-tr-572508",124-125m²,bostadsratt,2026-08-10T06:15:45.882911
575671,"https://www.hemnet.se/salda/lagenhet-5rum-stora-essingen-stockholms-kommun-vardshusbacken-11,-3-tr-575671",124-125m²,bostadsratt,2026-08-10T06:15:45.882913
8124895321630194986,https://www.hemnet.se/salda/lagenhet-5rum-ribersborg-malmo-kommun-regementsgatan-19-8124895321630194986,124-125m²,bostadsratt,2026-08-10T06:15:45.882915
4760729255233054690,https://www.hemnet.se/salda/lagenhet-6rum-loten-uppsala-kommun-dagermansgatan-4a-4760729255233054690,124-125m²,bostadsratt,2026-08-10T06:15:45.882916
5581644794240655789,https://www.hemnet.se/salda/lagenhet-4rum-linne-goteborgs-kommun-plantagegatan-5-5581644794240655789,124-125m²,bostadsratt,2026-08-10T06:15:45.882918
1276402,"https://www.hemnet.se/salda/lagenhet-4rum-vasastan-sibirien-stockholms-kommun-ingemarsgatan-4,-5-tr-1276402",124-125m²,bostadsratt,2026-08-10T06:15:45.882919
912466,https://www.hemnet.se/salda/lagenhet-4rum-centralt-falu-kommun-trotzgatan-47-912466,124-125m²,bostadsratt,2026-08-10T06:15:45.882921
858918,https://www.hemnet.se/salda/lagenhet-5rum-centrum-sundsvalls-kommun-radhusgatan-1-858918,124-125m²,bostadsratt,2026-08-10T06:15:45.882922
7485839552536648702,https://www.hemnet.se/salda/lagenhet-4rum-telefonplan-stockholms-kommun-tellusgatan-6d-7485839552536648702,124-125m²,bostadsratt,2026-08-10T06:15:45.882924
477960,https://www.hemnet.se/salda/lagenhet-5rum-fagelbro-varmdo-kommun-fagelbrostigen-306-477960,124-125m²,bostadsratt,2026-08-10T06:15:45.882925
637994448457937251,https://www.hemnet.se/salda/lagenhet-5rum-galgberget-falu-kommun-nedre-gruvrisvagen-13a-637994448457937251,124-125m²,bostadsratt,2026-08-10T06:15:45.882926
3834153359364692718,https://www.hemnet.se/salda/lagenhet-5rum-hyllie-malmo-kommun-hyllie-alle-30c-3834153359364692718,124-125m²,bostadsratt,2026-08-10T06:15:45.882928
4104578279253053199,https://www.hemnet.se/salda/lagenhet-5rum-centrum-skelleftea-kommun-kopmangatan-14c-4104578279253053199,124-125m²,bostadsratt,2026-08-10T06:15:45.882929
74875676524149536,https://www.hemnet.se/salda/lagenhet-4rum-soder-norrkopings-kommun-petter-swartzgatan-6a-74875676524149536,124-125m²,bostadsratt,2026-08-10T06:15:45.882931
601076,https://www.hemnet.se/salda/lagenhet-5rum-oxie-malmo-kommun-lergodsvagen-7-601076,124-125m²,bostadsratt,2026-08-10T06:15:45.882932
149032,https://www.hemnet.se/salda/lagenhet-5rum-soderkulla-malmo-kommun-lovsangaregatan-16-149032,124-125m²,bostadsratt,2026-08-10T06:15:45.882933
8828957381127367533,https://www.hemnet.se/salda/lagenhet-5rum-furumossen-partille-kommun-furumossen-4-8828957381127367533,124-125m²,bostadsratt,2026-08-10T06:15:45.882935
207894,"https://www.hemnet.se/salda/lagenhet-4,5rum-limhamn-on-malmo-kommun-sundholmsgatan-9-207894",124-125m²,bostadsratt,2026-08-10T06:15:45.882936
905957,https://www.hemnet.se/salda/lagenhet-4rum-parkstaden-kristianstads-kommun-bjorkvagen-2a-905957,124-125m²,bostadsratt,2026-08-10T06:15:45.882938
1222597,"https://www.hemnet.se/salda/lagenhet-4rum-centrala-sundbyberg-sundbybergs-kommun-vattugatan-4,-1tr-1222597",124-125m²,bostadsratt,2026-08-10T06:15:45.882939
1203265,https://www.hemnet.se/salda/lagenhet-6rum-aker-strangnas-kommun-skordevagen-108-1203265,124-125m²,bostadsratt,2026-08-10T06:15:45.882941
8176376084171084553,https://www.hemnet.se/salda/lagenhet-4rum-skorpabacken-angelholms-kommun-vinbarsvagen-23-8176376084171084553,124-125m²,bostadsratt,2026-08-10T06:15:45.882942
271185,https://www.hemnet.se/salda/lagenhet-4rum-centrum-helsingborgs-kommun-bruksgatan-30-271185,124-125m²,bostadsratt,2026-08-10T06:15:45.882944
860202,https://www.hemnet.se/salda/lagenhet-5rum-haljarp-landskrona-kommun-appelrosgarden-20-860202,124-125m²,bostadsratt,2026-08-10T06:15:45.882946
145515,https://www.hemnet.se/salda/lagenhet-5rum-villa-sunna-lunds-kommun-dalbyvagen-29-145515,124-125m²,bostadsratt,2026-08-10T06:15:45.882948
153176,https://www.hemnet.se/salda/lagenhet-4rum-centralt-ostermalm-vasteras-kommun-timmermansgatan-3-153176,124-125m²,bostadsratt,2026-08-10T06:15:45.882949
594184,"https://www.hemnet.se/salda/lagenhet-5rum-hammarby-sjostad-stockholms-kommun-heliosgatan-56,-7-tr-594184",124-125m²,bostadsratt,2026-08-10T06:15:45.882951
5691880385467963969,https://www.hemnet.se/salda/lagenhet-5rum-bromma-mariehall-stockholms-kommun-fredriksbergsvagen-9-5691880385467963969,124-125m²,bostadsratt,2026-08-10T06:15:45.882953
1038006,https://www.hemnet.se/salda/lagenhet-5rum-viggbyholm-taby-kommun-flyghamnsvagen-24-van-3-1038006,124-125m²,bostadsratt,2026-08-10T06:15:45.882955
3505525707087009676,https://www.hemnet.se/salda/lagenhet-5rum-nockebyhov-stockholms-kommun-tyska-bottens-vag-65-3505525707087009676,124-125m²,bostadsratt,2026-08-10T06:15:45.882956
1412853,https://www.hemnet.se/salda/lagenhet-5rum-vasastan-stockholms-kommun-birger-jarlsgatan-131-1412853,124-125m²,bostadsratt,2026-08-10T06:15:45.882957
1297300,https://www.hemnet.se/salda/lagenhet-6rum-hammarby-sjostad-stockholms-kommun-ljusslingan-9c-1297300,124-125m²,bostadsratt,2026-08-10T06:15:45.882959
6490592111601626070,https://www.hemnet.se/salda/lagenhet-5rum-kungsholmen-stockholms-kommun-svarvargatan-7-6490592111601626070,124-125m²,bostadsratt,2026-08-10T06:15:45.882962
8114864896214901014,https://www.hemnet.se/salda/lagenhet-4rum-orgryte-goteborgs-kommun-skarsgatan-1-delsjovagen-43-8114864896214901014,124-125m²,bostadsratt,2026-08-10T06:15:45.882964
2718971314530987631,https://www.hemnet.se/salda/lagenhet-4rum-ostermalm-stockholms-kommun-birger-jarlsgatan-112-2718971314530987631,124-125m²,bostadsratt,2026-08-10T06:15:45.882966
445852,https://www.hemnet.se/salda/lagenhet-4rum-lund-centrum-lunds-kommun-magle-lilla-kyrkogata-6-445852,124-125m²,bostadsratt,2026-08-10T06:15:45.882968
589508,https://www.hemnet.se/salda/lagenhet-4rum-vastra-skurholmen-lulea-kommun-gransgatan-12a-589508,124-125m²,bostadsratt,2026-08-10T06:15:45.882970
8412032689943673124,https://www.hemnet.se/salda/lagenhet-4rum-innerstan-linkopings-kommun-hamngatan-7-8412032689943673124,124-125m²,bostadsratt,2026-08-10T06:15:45.882971
1470597,https://www.hemnet.se/salda/lagenhet-3rum-nacka-saltsjoqvarn-nacka-kommun-mannagrynstorget-2-1470597,124-125m²,bostadsratt,2026-08-10T06:15:45.882973
482764,https://www.hemnet.se/salda/lagenhet-5rum-bromma-mariehall-stockholms-kommun-adolfsbergsvagen-26-482764,124-125m²,bostadsratt,2026-08-10T06:15:45.882974
571977,https://www.hemnet.se/salda/lagenhet-3rum-lorensberg-goteborgs-kommun-johannebergsgatan-30-571977,124-125m²,bostadsratt,2026-08-10T06:15:45.882976
7317108500430786695,https://www.hemnet.se/salda/lagenhet-6rum-johannisdal-kopings-kommun-erlandsvagen-33e-7317108500430786695,124-125m²,bostadsratt,2026-08-10T06:15:45.882977
6934401617707212418,https://www.hemnet.se/salda/lagenhet-5rum-vetterslund-vasteras-kommun-vetterslundsgatan-18-6934401617707212418,124-125m²,bostadsratt,2026-08-10T06:15:45.882979
1080000312322118061,https://www.hemnet.se/salda/lagenhet-5rum-hillerstorp-gnosjo-kommun-bjornbarstigen-4-1080000312322118061,124-125m²,bostadsratt,2026-08-10T06:15:45.882980
8082338434406825383,"https://www.hemnet.se/salda/lagenhet-4,5rum-gamlestaden-goteborgs-kommun-gamlestadstorget-19-8082338434406825383",124-125m²,bostadsratt,2026-08-10T06:15:45.882981
1195181166091816948,https://www.hemnet.se/salda/lagenhet-4rum-s-t-knut-malmo-kommun-amiralsgatan-36-1195181166091816948,124-125m²,bostadsratt,2026-08-10T06:15:45.882983
1484612,"https://www.hemnet.se/salda/lagenhet-4rum-ostermalm-stockholms-kommun-eriksbergsgatan-20,-3-tr-1484612",124-125m²,bostadsratt,2026-08-10T06:15:45.882984
1170497,https://www.hemnet.se/salda/lagenhet-4rum-lisselby-akero-leksands-kommun-gamla-siljansnasvagen-61-1170497,124-125m²,bostadsratt,2026-08-10T06:15:45.882985
1361705483390244846,https://www.hemnet.se/salda/lagenhet-5rum-nasbypark-taby-kommun-starvagen-8a-1361705483390244846,124-125m²,bostadsratt,2026-08-10T06:15:45.882987
374186,https://www.hemnet.se/salda/lagenhet-3rum-rasunda-solna-kommun-rasundavagen-72-374186,124-125m²,bostadsratt,2026-08-10T06:15:45.882988
536001,https://www.hemnet.se/salda/lagenhet-4rum-centrum-helsingborgs-kommun-kullagatan-56-536001,124-125m²,bostadsratt,2026-08-10T06:15:45.882989
2456938088616437064,https://www.hemnet.se/salda/lagenhet-6rum-klippan-klippans-kommun-badvagen-7b-2456938088616437064,124-125m²,bostadsratt,2026-08-10T06:15:45.882991
966831,"https://www.hemnet.se/salda/lagenhet-5rum-maria-stockholms-kommun-hornsgatan-49,-1-tr-966831",124-125m²,bostadsratt,2026-08-10T06:15:45.882992
3049621024125210099,"https://www.hemnet.se/salda/lagenhet-3,5rum-city-malmo-kommun-kaptensgatan-9-3049621024125210099",124-125m²,bostadsratt,2026-08-10T06:15:45.882993
9089805434752823356,https://www.hemnet.se/salda/lagenhet-5rum-oxie-malmo-kommun-lertegelvagen-94-9089805434752823356,124-125m²,bostadsratt,2026-08-10T06:15:45.882995
1290500,https://www.hemnet.se/salda/lagenhet-5rum-centralt-knivsta-kommun-brf-walloxen-1290500,124-125m²,bostadsratt,2026-08-10T06:15:45.882996
501250,"https://www.hemnet.se/salda/lagenhet-4rum-nacka-kvarnholmen-nacka-kommun-mjolnarvagen-22,-9-tr-501250",124-125m²,bostadsratt,2026-08-10T06:15:45.882997
869275,https://www.hemnet.se/salda/lagenhet-5rum-taby-centrum-taby-kommun-marknadsvagen-293-869275,124-125m²,bostadsratt,2026-08-10T06:15:45.882999
6399480159865781185,https://www.hemnet.se/salda/lagenhet-4rum-ostermalm-stockholms-kommun-banergatan-6-6399480159865781185,124-125m²,bostadsratt,2026-08-10T06:15:45.883000
5273592376518386264,https://www.hemnet.se/salda/lagenhet-5rum-bodal-lidingo-kommun-bodalsvagen-22-5273592376518386264,124-125m²,bostadsratt,2026-08-10T06:15:45.883002
8165719402654130434,https://www.hemnet.se/salda/lagenhet-6rum-haggetorp-tibro-kommun-flygelgatan-11-8165719402654130434,124-125m²,bostadsratt,2026-08-10T06:15:45.883003
973853,"https://www.hemnet.se/salda/lagenhet-5rum-bodal-lidingo-kommun-bodalsvagen-22,-7-tr-973853",124-125m²,bostadsratt,2026-08-10T06:15:45.883004
535722,"https://www.hemnet.se/salda/lagenhet-5rum-taby-centrum-taby-kommun-marknadsvagen-207,-3tr-535722",124-125m²,bostadsratt,2026-08-10T06:15:45.883006
1165718,"https://www.hemnet.se/salda/lagenhet-4rum-kungsholmen-stockholms-kommun-kungsholms-strand-175,-van-5-1165718",124-125m²,bostadsratt,2026-08-10T06:15:45.883007
1280060,https://www.hemnet.se/salda/lagenhet-5rum-dockan-malmo-kommun-lagatan-1280060,124-125m²,bostadsratt,2026-08-10T06:15:45.883009
293530,https://www.hemnet.se/salda/lagenhet-4rum-orgryte-kalleback-goteborgs-kommun-smorgatan-23-293530,124-125m²,bostadsratt,2026-08-10T06:15:45.883010
1023412,https://www.hemnet.se/salda/lagenhet-6rum-framnas-vasteras-kommun-kokstradgardsgatan-26-1023412,124-125m²,bostadsratt,2026-08-10T06:15:45.883011
620870071854534522,https://www.hemnet.se/salda/lagenhet-4rum-olympia-helsingborgs-kommun-hovitsmansgatan-14-620870071854534522,124-125m²,bostadsratt,2026-08-10T06:15:45.883013
6789768482040516259,https://www.hemnet.se/salda/lagenhet-5rum-sorbole-skelleftea-kommun-karlgardsvagen-5-6789768482040516259,124-125m²,bostadsratt,2026-08-10T06:15:45.883014
841485,"https://www.hemnet.se/salda/lagenhet-3,5rum-vasastan-stockholms-kommun-ynglingagatan-17-841485",124-125m²,bostadsratt,2026-08-10T06:15:45.883015
6781501601846733296,https://www.hemnet.se/salda/lagenhet-4rum-hemdal-vasteras-kommun-hemdalsvagen-3a-6781501601846733296,124-125m²,bostadsratt,2026-08-10T06:15:45.883017
1063262,"https://www.hemnet.se/salda/lagenhet-4rum-vasastan-stockholms-kommun-halsingegatan-6,-6-tr-1063262",124-125m²,bostadsratt,2026-08-10T06:15:45.883018
7311338429049070218,https://www.hemnet.se/salda/lagenhet-4rum-davidshall-malmo-kommun-kockumsgatan-8-7311338429049070218,124-125m²,bostadsratt,2026-08-10T06:15:45.883019
816163,https://www.hemnet.se/salda/lagenhet-6rum-haggetorp-tibro-kommun-flygelgatan-14-816163,124-125m²,bostadsratt,2026-08-10T06:15:45.883021
3902817334025692948,https://www.hemnet.se/salda/lagenhet-3rum-forsbacka-gavle-kommun-stentorpsvagen-4-3902817334025692948,124-125m²,bostadsratt,2026-08-10T06:15:45.883022
1023268,https://www.hemnet.se/salda/lagenhet-5rum-sodermalm-stockholms-kommun-sankt-paulsgatan-14-1023268,124-125m²,bostadsratt,2026-08-10T06:15:45.883023
1373566,https://www.hemnet.se/salda/lagenhet-5rum-norrboda-kungsangen-upplands-bro-kommun-lillmossvagen-9b-1373566,124-125m²,bostadsratt,2026-08-10T06:15:45.883025
1395038,"https://www.hemnet.se/salda/lagenhet-5rum-vasastan-norrmalm-stockholms-kommun-tegnerlunden-6,-tr-1395038",124-125m²,bostadsratt,2026-08-10T06:15:45.883026
4581052590658962027,"https://www.hemnet.se/salda/lagenhet-4rum-lilla-essingen-stockholms-kommun-primusgatan-58,-8tr-4581052590658962027",124-125m²,bostadsratt,2026-08-10T06:15:45.883027
166235,https://www.hemnet.se/salda/lagenhet-5rum-granna-jonkopings-kommun-erik-dahlbergsgatan-46-166235,124-125m²,bostadsratt,2026-08-10T06:15:45.883029
1363472,https://www.hemnet.se/salda/lagenhet-4rum-sorbole-skelleftea-kommun-karlgardsvagen-9-1363472,124-125m²,bostadsratt,2026-08-10T06:15:45.883173
293031,https://www.hemnet.se/salda/lagenhet-5rum-munkegarde-kungalvs-kommun-munkegardegatan-114-293031,124-125m²,bostadsratt,2026-08-10T06:15:45.883176
1461934,https://www.hemnet.se/salda/lagenhet-4rum-halmstad-centralt-halmstads-kommun-kungsgatan-3-1461934,124-125m²,bostadsratt,2026-08-10T06:15:45.883178
3334163076496910354,https://www.hemnet.se/salda/lagenhet-5rum-uttran-kvarnsjon-botkyrka-kommun-tant-grons-vag-31-3334163076496910354,124-125m²,bostadsratt,2026-08-10T06:15:45.883180
4278078342293766909,https://www.hemnet.se/salda/lagenhet-4rum-sodertalje-lina-hage-karlberga-sodertalje-kommun-osterviksbacken-10-4278078342293766909,124-125m²,bostadsratt,2026-08-10T06:15:45.883181
7176628117813675429,"https://www.hemnet.se/salda/lagenhet-4,5rum-tagaborg-helsingborgs-kommun-karl-x-gustavs-gata-6-7176628117813675429",124-125m²,bostadsratt,2026-08-10T06:15:45.883183
742585,https://www.hemnet.se/salda/lagenhet-6rum-nedre-gardet-stockholms-kommun-armfeltsgatan-18-742585,124-125m²,bostadsratt,2026-08-10T06:15:45.883184
338973,"https://www.hemnet.se/salda/lagenhet-5rum-norra-djurgardsstaden-stockholms-kommun-hogviltsgatan-3,-5tr-338973",124-125m²,bostadsratt,2026-08-10T06:15:45.883186
993703,https://www.hemnet.se/salda/lagenhet-5rum-oxie-malmo-kommun-lertegelvagen-96-993703,124-125m²,bostadsratt,2026-08-10T06:15:45.883187
1035379,https://www.hemnet.se/salda/lagenhet-5rum-kviberg-goteborgs-kommun-edwin-ahlqvists-vag-9-1035379,124-125m²,bostadsratt,2026-08-10T06:15:45.883188
6748964103338471762,https://www.hemnet.se/salda/lagenhet-5rum-nordantill-norrkopings-kommun-sandgatan-22-a-6748964103338471762,124-125m²,bostadsratt,2026-08-10T06:15:45.883190
831779,https://www.hemnet.se/salda/lagenhet-4rum-visby-innerstad-gotlands-kommun-slottsbacken-5-b-831779,124-125m²,bostadsratt,2026-08-10T06:15:45.883191
280753317352191998,https://www.hemnet.se/salda/lagenhet-4rum-centralt-vaster-nykopings-kommun-fruangsgatan-10b-280753317352191998,124-125m²,bostadsratt,2026-08-10T06:15:45.883192
86813,https://www.hemnet.se/salda/lagenhet-5rum-alvsjo-stockholms-kommun-segervagen-210-c-86813,124-125m²,bostadsratt,2026-08-10T06:15:45.883194
749101,https://www.hemnet.se/salda/lagenhet-5rum-centralt-hallstahammars-kommun-ringvagen-14a-749101,124-125m²,bostadsratt,2026-08-10T06:15:45.883195
184785,"https://www.hemnet.se/salda/lagenhet-4,5rum-viggbyholm-taby-kommun-starvagen-8a-184785",124-125m²,bostadsratt,2026-08-10T06:15:45.883196
6633702910307505664,https://www.hemnet.se/salda/lagenhet-5rum-ardala-skara-kommun-bjornbarsstigen-2-6633702910307505664,124-125m²,bostadsratt,2026-08-10T06:15:45.883198
1073023908519604609,https://www.hemnet.se/salda/lagenhet-6rum-are-bjornen-are-kommun-bjornen-hoken-10d-1073023908519604609,124-125m²,bostadsratt,2026-08-10T06:15:45.883199
6692815125574502922,https://www.hemnet.se/salda/lagenhet-4rum-strommen-industrilandskapet-norrkopings-kommun-kallvindsgatan-2b-6692815125574502922,124-125m²,bostadsratt,2026-08-10T06:15:45.883200
885916,https://www.hemnet.se/salda/lagenhet-4rum-farsta-stockholms-kommun-kvickensvagen-13-885916,124-125m²,bostadsratt,2026-08-10T06:15:45.883202
478003,https://www.hemnet.se/salda/lagenhet-4rum-sannegardshamnen-goteborgs-kommun-barken-beatrices-gata-24-478003,124-125m²,bostadsratt,2026-08-10T06:15:45.883203
246160633032368017,https://www.hemnet.se/salda/lagenhet-5rum-malmslatt-linkopings-kommun-bjorkliden-12-246160633032368017,124-125m²,bostadsratt,2026-08-10T06:15:45.883204
6997678177292083417,"https://www.hemnet.se/salda/lagenhet-5rum-frosunda-solna-kommun-gustav-iii-s-boulevard-135,-7tr-6997678177292083417",124-125m²,bostadsratt,2026-08-10T06:15:45.883206
4352056738409260121,"https://www.hemnet.se/salda/lagenhet-4rum-appelviken-bromma-stockholms-kommun-herman-ygbergs-vag-12,-van-4-5-4352056738409260121",124-125m²,bostadsratt,2026-08-10T06:15:45.883208
4294062933994076030,https://www.hemnet.se/salda/lagenhet-5rum-sodermalm-stockholms-kommun-sankt-paulsgatan-14-4294062933994076030,124-125m²,bostadsratt,2026-08-10T06:15:45.883209
3831071229926157235,https://www.hemnet.se/salda/lagenhet-5rum-bor-varnamo-kommun-dansbanevagen-39-3831071229926157235,124-125m²,bostadsratt,2026-08-10T06:15:45.883210
5772393674959864782,https://www.hemnet.se/salda/lagenhet-4rum-bryggudden-karlstads-kommun-ahlmarksgatan-8b-5772393674959864782,124-125m²,bostadsratt,2026-08-10T06:15:45.883212
903200,https://www.hemnet.se/salda/lagenhet-4rum-kungsholmen-stockholms-kommun-grubbenstorget-2-903200,124-125m²,bostadsratt,2026-08-10T06:15:45.883213
4303540728605963626,https://www.hemnet.se/salda/lagenhet-4rum-limhamn-on-malmo-kommun-sundskajen-8b-4303540728605963626,124-125m²,bostadsratt,2026-08-10T06:15:45.883214
279984,https://www.hemnet.se/salda/lagenhet-4rum-hollviken-vellinge-kommun-gransvagen-1f-279984,124-125m²,bostadsratt,2026-08-10T06:15:45.883216
416566,https://www.hemnet.se/salda/lagenhet-5rum-arsta-stockholms-kommun-skedviksvagen-40-416566,124-125m²,bostadsratt,2026-08-10T06:15:45.883217
1329739,https://www.hemnet.se/salda/lagenhet-4rum-kungsholmen-stockholms-kommun-kungsgatan-90-1329739,124-125m²,bostadsratt,2026-08-10T06:15:45.883218
1480918,https://www.hemnet.se/salda/lagenhet-3rum-centrum-umea-kommun-kungsgatan-63d-1480918,124-125m²,bostadsratt,2026-08-10T06:15:45.883220
944791,https://www.hemnet.se/salda/lagenhet-5rum-kungsangen-norrboda-upplands-bro-kommun-tibble-skogsvag-3-944791,124-125m²,bostadsratt,2026-08-10T06:15:45.883221
8191055478611463906,https://www.hemnet.se/salda/lagenhet-3rum-centrala-ystad-ystads-kommun-regementsgatan-25-8191055478611463906,124-125m²,bostadsratt,2026-08-10T06:15:45.883222
3906274091049451673,https://www.hemnet.se/salda/lagenhet-4rum-kalltorp-goteborgs-kommun-bisittaregatan-1c-3906274091049451673,124-125m²,bostadsratt,2026-08-10T06:15:45.883224
1087734,https://www.hemnet.se/salda/lagenhet-5rum-alunda-osthammars-kommun-karin-alinders-vag-23-1087734,124-125m²,bostadsratt,2026-08-10T06:15:45.883225
1396513,https://www.hemnet.se/salda/lagenhet-5rum-munkegarde-kungalvs-kommun-munkegardegatan-114-1396513,124-125m²,bostadsratt,2026-08-10T06:15:45.883226
529504,https://www.hemnet.se/salda/lagenhet-5rum-centralt-promenaden-falu-kommun-promenaden-15-529504,124-125m²,bostadsratt,2026-08-10T06:15:45.883228
321054,https://www.hemnet.se/salda/lagenhet-4rum-jarla-sjo-nacka-kommun-gustaf-de-lavals-vag-18-321054,124-125m²,bostadsratt,2026-08-10T06:15:45.883229
1493231,https://www.hemnet.se/salda/lagenhet-4rum-centrum-ljungby-kommun-storgatan-17-1493231,124-125m²,bostadsratt,2026-08-10T06:15:45.883230
448415,https://www.hemnet.se/salda/lagenhet-5rum-oxelosund-oxelosunds-kommun-hagtornsvagen-12-448415,124-125m²,bostadsratt,2026-08-10T06:15:45.883232
850740026665897469,https://www.hemnet.se/salda/lagenhet-5rum-centrum-tibro-kommun-karlsbrovagen-1b-850740026665897469,124-125m²,bostadsratt,2026-08-10T06:15:45.883233
1127920,"https://www.hemnet.se/salda/lagenhet-5rum-sodermalm-stockholms-kommun-hokens-gata-9,-3tr-1127920",124-125m²,bostadsratt,2026-08-10T06:15:45.883234
642462,https://www.hemnet.se/salda/lagenhet-4rum-kasernhojden-karlstads-kommun-kasernhojden-13-a-642462,124-125m²,bostadsratt,2026-08-10T06:15:45.883236
975041,https://www.hemnet.se/salda/lagenhet-4rum-villa-sunna-lunds-kommun-dalbyvagen-29-975041,124-125m²,bostadsratt,2026-08-10T06:15:45.883237
509805,https://www.hemnet.se/salda/lagenhet-4rum-rosunda-nacka-kommun-skidbacksvagen-4-509805,124-125m²,bostadsratt,2026-08-10T06:15:45.883238
218594,https://www.hemnet.se/salda/lagenhet-4rum-city-helsingborgs-kommun-karlsgatan-1a-218594,124-125m²,bostadsratt,2026-08-10T06:15:45.883240
1117774,https://www.hemnet.se/salda/lagenhet-5rum-arenastaden-solna-kommun-evenemangsgatan-8-1117774,124-125m²,bostadsratt,2026-08-10T06:15:45.883241
934976,"https://www.hemnet.se/salda/lagenhet-4rum-kungsholmen-stockholms-kommun-fleminggatan-11,-4-tr-934976",124-125m²,bostadsratt,2026-08-10T06:15:45.883242
512552,"https://www.hemnet.se/salda/lagenhet-4rum-vasastan-odenplan-stockholms-kommun-upplandsgatan-63,-4-tr-512552",124-125m²,bostadsratt,2026-08-10T06:15:45.883244
678706,https://www.hemnet.se/salda/lagenhet-5rum-bodal-lidingo-kommun-bodalsvagen-22-678706,124-125m²,bostadsratt,2026-08-10T06:15:45.883245
1234282,https://www.hemnet.se/salda/lagenhet-4rum-tagaborg-helsingborgs-kommun-karl-x-gustavs-gata-6-1234282,124-125m²,bostadsratt,2026-08-10T06:15:45.883247
655334,https://www.hemnet.se/salda/lagenhet-5rum-haga-sundsvalls-kommun-vinkelgatan-5-655334,124-125m²,bostadsratt,2026-08-10T06:15:45.883248
1867454507156037334,"https://www.hemnet.se/salda/lagenhet-4,5rum-sodermalm-stockholms-kommun-hornsgatan-100,-3-tr-1867454507156037334",124-125m²,bostadsratt,2026-08-10T06:15:45.883249
644967,https://www.hemnet.se/salda/lagenhet-4rum-slottsstaden-malmo-kommun-mariedalsvagen-42-644967,124-125m²,bostadsratt,2026-08-10T06:15:45.883251
88304,https://www.hemnet.se/salda/lagenhet-5rum-vaster-orebro-kommun-ornskoldsgatan-195-b-88304,124-125m²,bostadsratt,2026-08-10T06:15:45.883252
1214362,https://www.hemnet.se/salda/lagenhet-5rum-fridhem-malmo-kommun-ribersborgsvagen-13b-1214362,124-125m²,bostadsratt,2026-08-10T06:15:45.883253
467127,https://www.hemnet.se/salda/lagenhet-4rum-centrala-sodertalje-sodertalje-kommun-ovre-torekallgatan-28a-467127,124-125m²,bostadsratt,2026-08-10T06:15:45.883255
8611598735099434542,https://www.hemnet.se/salda/lagenhet-5rum-hovsjo-sodertalje-kommun-granovagen-42-8611598735099434542,124-125m²,bostadsratt,2026-08-10T06:15:45.883256
2795842657158075137,https://www.hemnet.se/salda/lagenhet-5rum-solgard-huddinge-kommun-hedenhosvagen-57-2795842657158075137,124-125m²,bostadsratt,2026-08-10T06:15:45.883257
943168,https://www.hemnet.se/salda/lagenhet-3rum-centrum-norr-helsingborgs-kommun-drottninggatan-118-943168,124-125m²,bostadsratt,2026-08-10T06:15:45.883259
500226,https://www.hemnet.se/salda/lagenhet-5rum-oxie-malmo-kommun-lergodsvagen-9-500226,124-125m²,bostadsratt,2026-08-10T06:15:45.883261
462841,https://www.hemnet.se/salda/lagenhet-4rum-midsommarkransen-telefonplan-stockholms-kommun-vattenledningsvagen-49-462841,124-125m²,bostadsratt,2026-08-10T06:15:45.883262
7253680142242094748,"https://www.hemnet.se/salda/lagenhet-5rum-centrala-sundbyberg-sundbybergs-kommun-vattugatan-4,-3-tr-7253680142242094748",124-125m²,bostadsratt,2026-08-10T06:15:45.883264
5968625944739601810,https://www.hemnet.se/salda/lagenhet-4rum-centrala-sodertalje-sodertalje-kommun-ovre-torekallgatan-28a-5968625944739601810,124-125m²,bostadsratt,2026-08-10T06:15:45.883265
821472035014259084,"https://www.hemnet.se/salda/lagenhet-4,5rum-framre-luthagen-uppsala-kommun-vasagatan-5-b-821472035014259084",124-125m²,bostadsratt,2026-08-10T06:15:45.883266
1448613,https://www.hemnet.se/salda/lagenhet-4rum-varmdo-fagelbro-varmdo-kommun-fagelbrostigen-415-1448613,124-125m²,bostadsratt,2026-08-10T06:15:45.883268
898997,https://www.hemnet.se/salda/lagenhet-5rum-akers-styckebruk-strangnas-kommun-skordevagen-98-898997,124-125m²,bostadsratt,2026-08-10T06:15:45.883269
1278371,"https://www.hemnet.se/salda/lagenhet-4,5rum-norr-malarstrand-stockholms-kommun-hantverkargatan-7-1278371",124-125m²,bostadsratt,2026-08-10T06:15:45.883271
880709,https://www.hemnet.se/salda/lagenhet-5rum-vasastan-stockholms-kommun-observatoriegatan-16-880709,124-125m²,bostadsratt,2026-08-10T06:15:45.883272
324761,https://www.hemnet.se/salda/lagenhet-4rum-sodra-ratorp-karlstads-kommun-ratorps-alle-60-324761,124-125m²,bostadsratt,2026-08-10T06:15:45.883273
118736,https://www.hemnet.se/salda/lagenhet-4rum-gamla-rasunda-solna-kommun-forradsgatan-4-118736,124-125m²,bostadsratt,2026-08-10T06:15:45.883275
1343710,https://www.hemnet.se/salda/lagenhet-6rum-bagaregarden-goteborgs-kommun-landerigatan-4a-1343710,124-125m²,bostadsratt,2026-08-10T06:15:45.883276
855881552420034720,"https://www.hemnet.se/salda/lagenhet-4,5rum-hogalid-stockholms-kommun-heleneborgsgatan-12-b-855881552420034720",124-125m²,bostadsratt,2026-08-10T06:15:45.883278
737553,https://www.hemnet.se/salda/lagenhet-4rum-saltsjoqvarn-nacka-kommun-saltsjoqvarns-kaj-31-737553,124-125m²,bostadsratt,2026-08-10T06:15:45.883279
1450938190596758381,https://www.hemnet.se/salda/lagenhet-5rum-bjorklinge-uppsala-kommun-lindgardsvagen-34-1450938190596758381,124-125m²,bostadsratt,2026-08-10T06:15:45.883280
701708,https://www.hemnet.se/salda/lagenhet-6rum-hestra-boras-kommun-sonatgatan-21b-701708,124-125m²,bostadsratt,2026-08-10T06:15:45.883282
459365,"https://www.hemnet.se/salda/lagenhet-4rum-are-torg-are-kommun-dahliehuset,-lgh-410-459365",124-125m²,bostadsratt,2026-08-10T06:15:45.883283
1054894,https://www.hemnet.se/salda/lagenhet-4rum-aby-park-vallentuna-kommun-takpannevagen-147-1054894,124-125m²,bostadsratt,2026-08-10T06:15:45.883284
839014,https://www.hemnet.se/salda/lagenhet-5rum-linero-lunds-kommun-munins-vag-14-839014,124-125m²,bostadsratt,2026-08-10T06:15:45.883286
3420719762856404816,https://www.hemnet.se/salda/lagenhet-4rum-vasastaden-vasteras-kommun-gustavsgatan-13-3420719762856404816,124-125m²,bostadsratt,2026-08-10T06:15:45.883287
826380,https://www.hemnet.se/salda/lagenhet-5rum-lasstorp-katrineholms-kommun-krusbarsvagen-5-f-826380,124-125m²,bostadsratt,2026-08-10T06:15:45.883289
4345032857904224984,https://www.hemnet.se/salda/lagenhet-4rum-rorsjostaden-malmo-kommun-kommendorsgatan-3-4345032857904224984,124-125m²,bostadsratt,2026-08-10T06:15:45.883290
708305,https://www.hemnet.se/salda/lagenhet-5rum-centrum-lulea-kommun-skeppsbrogatan-50-708305,124-125m²,bostadsratt,2026-08-10T06:15:45.883291
4604737045127383999,https://www.hemnet.se/salda/lagenhet-5rum-skytteholm-solna-kommun-framnasbacken-16-4604737045127383999,124-125m²,bostadsratt,2026-08-10T06:15:45.883293
1534168059299682594,https://www.hemnet.se/salda/lagenhet-5rum-ostermalm-kristianstads-kommun-kanalgatan-28a-1534168059299682594,124-125m²,bostadsratt,2026-08-10T06:15:45.883294
801268,https://www.hemnet.se/salda/lagenhet-6rum-stadstradgarden-framnas-vasteras-kommun-kokstradgardsgatan-42-801268,124-125m²,bostadsratt,2026-08-10T06:15:45.883296
44923,https://www.hemnet.se/salda/lagenhet-5rum-onsjo-vanersborgs-kommun-hovslagargatan-19-44923,124-125m²,bostadsratt,2026-08-10T06:15:45.883297
83550,https://www.hemnet.se/salda/lagenhet-5rum-frillesas-kungsbacka-kommun-johan-oscars-vag-27-83550,124-125m²,bostadsratt,2026-08-10T06:15:45.883298
1135617,"https://www.hemnet.se/salda/lagenhet-5rum-ostermalm-stockholms-kommun-sturegatan-19,-3tr-1135617",124-125m²,bostadsratt,2026-08-10T06:15:45.883300
87050,https://www.hemnet.se/salda/lagenhet-4rum-mollevangen-sofiaparken-lunds-kommun-baravagen-7-87050,124-125m²,bostadsratt,2026-08-10T06:15:45.883301
6777881271553535521,https://www.hemnet.se/salda/lagenhet-5rum-salabacke-uppsala-kommun-salabacksgatan-30-6777881271553535521,124-125m²,bostadsratt,2026-08-10T06:15:45.883302
715911,https://www.hemnet.se/salda/lagenhet-4rum-hagernas-strand-taby-kommun-flygvillevagen-15-715911,124-125m²,bostadsratt,2026-08-10T06:15:45.883304
1169001,https://www.hemnet.se/salda/lagenhet-5rum-kalgarden-jonkopings-kommun-fortunagatan-23-1169001,124-125m²,bostadsratt,2026-08-10T06:15:45.883305
1155039,https://www.hemnet.se/salda/lagenhet-3rum-centrum-falkenbergs-kommun-varbergsvagen-47-d-1155039,124-125m²,bostadsratt,2026-08-10T06:15:45.883306
1274017,"https://www.hemnet.se/salda/lagenhet-4,5rum-varmdo-fagelbro-varmdo-kommun-fagelbrostigen-724-1274017",124-125m²,bostadsratt,2026-08-10T06:15:45.883308
390737,https://www.hemnet.se/salda/lagenhet-6rum-akers-styckebruk-strangnas-kommun-skordevagen-112-390737,124-125m²,bostadsratt,2026-08-10T06:15:45.883309
684139942850517155,https://www.hemnet.se/salda/lagenhet-4rum-soder-soderkaj-halmstads-kommun-klyvaregatan-1-684139942850517155,124-125m²,bostadsratt,2026-08-10T06:15:45.883311
74113,https://www.hemnet.se/salda/lagenhet-4rum-ribersborg-malmo-kommun-erikstorpsgatan-5-74113,124-125m²,bostadsratt,2026-08-10T06:15:45.883312
1017278721577316672,https://www.hemnet.se/salda/lagenhet-4rum-centrum-hjo-kommun-fabriksgatan-8a-1017278721577316672,124-125m²,bostadsratt,2026-08-10T06:15:45.883313
7575191745074206571,https://www.hemnet.se/salda/lagenhet-4rum-hagernas-strand-taby-kommun-flygvillevagen-3-7575191745074206571,124-125m²,bostadsratt,2026-08-10T06:15:45.883314
507667,https://www.hemnet.se/salda/lagenhet-5rum-vasastan-stockholms-kommun-frejgatan-89-507667,124-125m²,bostadsratt,2026-08-10T06:15:45.883316
3257205530646956052,https://www.hemnet.se/salda/lagenhet-5rum-hasthagen-malmo-kommun-ostra-ronneholmsvagen-25-3257205530646956052,124-125m²,bostadsratt,2026-08-10T06:15:45.883317
1014373,https://www.hemnet.se/salda/lagenhet-5rum-ljungsbro-linkopings-kommun-bjalosagatan-34-1014373,124-125m²,bostadsratt,2026-08-10T06:15:45.883318
184910,"https://www.hemnet.se/salda/lagenhet-4rum-hagernas-strand-taby-kommun-flygvillevagen-1,7tr-184910",124-125m²,bostadsratt,2026-08-10T06:15:45.883320
713856,https://www.hemnet.se/salda/lagenhet-5rum-centralt-norrkopings-kommun-butgatan-18-713856,124-125m²,bostadsratt,2026-08-10T06:15:45.883321
7932431794610389533,https://www.hemnet.se/salda/lagenhet-4rum-centralt-norr-orebro-kommun-lilla-agrand-12-7932431794610389533,124-125m²,bostadsratt,2026-08-10T06:15:45.883322
627224,https://www.hemnet.se/salda/lagenhet-4rum-linnestaden-goteborgs-kommun-linnegatan-39-a-627224,124-125m²,bostadsratt,2026-08-10T06:15:45.883324
127736,https://www.hemnet.se/salda/lagenhet-4rum-centralt-falu-kommun-trotzgatan-45c-127736,124-125m²,bostadsratt,2026-08-10T06:15:45.883325
4628758412153826125,https://www.hemnet.se/salda/lagenhet-5rum-dalenum-lidingo-kommun-brostugevagen-6c-4628758412153826125,124-125m²,bostadsratt,2026-08-10T06:15:45.883327
1338933,https://www.hemnet.se/salda/lagenhet-4rum-laholm-laholms-kommun-korvelgangen-21-1338933,124-125m²,bostadsratt,2026-08-10T06:15:45.883328
8404845557063213756,https://www.hemnet.se/salda/lagenhet-3rum-hittarp-helsingborgs-kommun-lejdarevagen-20-8404845557063213756,124-125m²,bostadsratt,2026-08-10T06:15:45.883329
1158176,https://www.hemnet.se/salda/lagenhet-4rum-hastevik-goteborgs-kommun-axelinas-vag-18-1158176,124-125m²,bostadsratt,2026-08-10T06:15:45.883331
260624,"https://www.hemnet.se/salda/lagenhet-5rum-vasastan-birkastan-stockholms-kommun-tomtebogatan-20,-5tr-260624",124-125m²,bostadsratt,2026-08-10T06:15:45.883332
1280444,https://www.hemnet.se/salda/lagenhet-6rum-herrangen-stockholms-kommun-guldregnsbacken-9-1280444,124-125m²,bostadsratt,2026-08-10T06:15:45.883333
4814903931513541515,https://www.hemnet.se/salda/lagenhet-5rum-kalleback-goteborgs-kommun-graddgatan-2-4814903931513541515,124-125m²,bostadsratt,2026-08-10T06:15:45.883335
6678191110214940988,https://www.hemnet.se/salda/lagenhet-4rum-lindo-norrkopings-kommun-aktergatan-8-6678191110214940988,124-125m²,bostadsratt,2026-08-10T06:15:45.883336
7742512748227518188,"https://www.hemnet.se/salda/lagenhet-4rum-vasastan-stockholms-kommun-halsingegatan-6,-6-tr-7742512748227518188",124-125m²,bostadsratt,2026-08-10T06:15:45.883337
8322048610342353885,"https://www.hemnet.se/salda/lagenhet-4rum-vasastan-stockholms-kommun-norra-stationsgatan-117,-6tr-8322048610342353885",124-125m²,bostadsratt,2026-08-10T06:15:45.883339
525866,https://www.hemnet.se/salda/lagenhet-4rum-centrala-sollentuna-sollentuna-kommun-cirkusgrand-11-525866,124-125m²,bostadsratt,2026-08-10T06:15:45.883340
3765965651150789157,"https://www.hemnet.se/salda/lagenhet-5rum-ostermalm-stockholms-kommun-karlavagen-77,-3-tr-3765965651150789157",124-125m²,bostadsratt,2026-08-10T06:15:45.883342
196878985583897453,https://www.hemnet.se/salda/lagenhet-4rum-davidshall-malmo-kommun-kockumsgatan-8-196878985583897453,124-125m²,bostadsratt,2026-08-10T06:15:45.883343
603279,https://www.hemnet.se/salda/lagenhet-6rum-solangen-molndals-kommun-eklanda-back-99-603279,124-125m²,bostadsratt,2026-08-10T06:15:45.883344
1124416,https://www.hemnet.se/salda/lagenhet-5rum-grossgardet-norrtalje-kommun-posthusgatan-5c-1124416,124-125m²,bostadsratt,2026-08-10T06:15:45.883346
264352,https://www.hemnet.se/salda/lagenhet-4rum-centrum-vetlanda-kommun-norra-bollgatan-2-f-264352,124-125m²,bostadsratt,2026-08-10T06:15:45.883347
368180,https://www.hemnet.se/salda/lagenhet-5rum-gnesta-centralt-gnesta-kommun-bryggargrand-3c-368180,124-125m²,bostadsratt,2026-08-10T06:15:45.883349
2422052351525061513,https://www.hemnet.se/salda/lagenhet-4rum-norrtalje-norrtalje-kommun-vatovagen-100-e-2422052351525061513,124-125m²,bostadsratt,2026-08-10T06:15:45.883350
801457,https://www.hemnet.se/salda/lagenhet-4rum-kungalv-kungalvs-kommun-rexegatan-3d-801457,124-125m²,bostadsratt,2026-08-10T06:15:45.883351
642059,https://www.hemnet.se/salda/lagenhet-5rum-farsta-slottsvik-varmdo-kommun-ohmans-vag-15-642059,124-125m²,bostadsratt,2026-08-10T06:15:45.883353
3968547260232019976,https://www.hemnet.se/salda/lagenhet-4rum-lomma-lomma-kommun-kajgatan-22d-3968547260232019976,124-125m²,bostadsratt,2026-08-10T06:15:45.883354
261664,https://www.hemnet.se/salda/lagenhet-4rum-gryta-vasteras-kommun-labradorvagen-23-261664,124-125m²,bostadsratt,2026-08-10T06:15:45.883355
655218,"https://www.hemnet.se/salda/lagenhet-6rum-gustavsberg-varmdo-kommun-gezelius-vag-12,-1-2tr-655218",124-125m²,bostadsratt,2026-08-10T06:15:45.883357
308320,https://www.hemnet.se/salda/lagenhet-4rum-kavlinge-kavlinge-kommun-rinnbovagen-110-a-308320,124-125m²,bostadsratt,2026-08-10T06:15:45.883358
844523,https://www.hemnet.se/salda/lagenhet-4rum-alta-nacka-kommun-anemonvagen-36-844523,124-125m²,bostadsratt,2026-08-10T06:15:45.883360
1459138260394294781,https://www.hemnet.se/salda/lagenhet-5rum-centrum-uppsala-kommun-s-t-persgatan-19e-1459138260394294781,124-125m²,bostadsratt,2026-08-10T06:15:45.883361
915152,https://www.hemnet.se/salda/lagenhet-4rum-nynashamn-nynashamns-kommun-centralgatan-8-915152,124-125m²,bostadsratt,2026-08-10T06:15:45.883362
1510858,https://www.hemnet.se/salda/lagenhet-4rum-helsingborg-centrum-helsingborgs-kommun-drottninggatan-48-1510858,124-125m²,bostadsratt,2026-08-10T06:15:45.883364
5885399546176850849,https://www.hemnet.se/salda/lagenhet-4rum-svartviken-upplands-bro-kommun-kungsvagen-6f-5885399546176850849,124-125m²,bostadsratt,2026-08-10T06:15:45.883365
1310817341434233820,https://www.hemnet.se/salda/lagenhet-5rum-akers-styckebruk-strangnas-kommun-skordevagen-100-1310817341434233820,124-125m²,bostadsratt,2026-08-10T06:15:45.883366
1221571,https://www.hemnet.se/salda/lagenhet-4rum-torslanda-hastevik-goteborgs-kommun-axelinas-vag-26-1221571,124-125m²,bostadsratt,2026-08-10T06:15:45.883368
954189,https://www.hemnet.se/salda/lagenhet-4rum-vastra-hamnen-malmo-kommun-sundspromenaden-31-954189,124-125m²,bostadsratt,2026-08-10T06:15:45.883369
1320439,"https://www.hemnet.se/salda/lagenhet-4rum-ostermalm-stockholms-kommun-melodislingan-46,-1-tr-hus-11-1320439",124-125m²,bostadsratt,2026-08-10T06:15:45.883371
364076,https://www.hemnet.se/salda/lagenhet-5rum-kista-stockholms-kommun-sjallandsgatan-120-364076,124-125m²,bostadsratt,2026-08-10T06:15:45.883372
4624121731568071532,https://www.hemnet.se/salda/lagenhet-4rum-varvsholmen-kalmar-kommun-jeanssongatan-11-4624121731568071532,124-125m²,bostadsratt,2026-08-10T06:15:45.883373
342349,https://www.hemnet.se/salda/lagenhet-5rum-brynas-gavle-kommun-forsta-tvargatan-19-b-342349,124-125m²,bostadsratt,2026-08-10T06:15:45.883375
5036494891411244955,https://www.hemnet.se/salda/lagenhet-4rum-limhamns-sjostad-malmo-kommun-limhamns-stationsvag-39-5036494891411244955,124-125m²,bostadsratt,2026-08-10T06:15:45.883376
1215060222448037463,https://www.hemnet.se/salda/lagenhet-5rum-skogas-huddinge-kommun-loftvagen-3-1215060222448037463,124-125m²,bostadsratt,2026-08-10T06:15:45.883377
1061442,https://www.hemnet.se/salda/lagenhet-5rum-nacka-nacka-kommun-becksjudarvagen-41-1061442,124-125m²,bostadsratt,2026-08-10T06:15:45.883379
575833,https://www.hemnet.se/salda/lagenhet-4rum-centrum-helsingborgs-kommun-karlsgatan-1-a-575833,124-125m²,bostadsratt,2026-08-10T06:15:45.883380
405899,https://www.hemnet.se/salda/lagenhet-5rum-rosenlund-sodertalje-kommun-folkparksvagen-40-405899,124-125m²,bostadsratt,2026-08-10T06:15:45.883381
207932,"https://www.hemnet.se/salda/lagenhet-4,5rum-slussen-drottningtorget-malmo-kommun-slussgatan-1-b-207932",124-125m²,bostadsratt,2026-08-10T06:15:45.883383
82773,"https://www.hemnet.se/salda/lagenhet-4,5rum-gamla-masthugget-goteborgs-kommun-sjomansgatan-5-82773",124-125m²,bostadsratt,2026-08-10T06:15:45.883384
747511,https://www.hemnet.se/salda/lagenhet-5rum-visby-gotlands-kommun-greta-arvidssons-gata-23f-radhus-f-747511,124-125m²,bostadsratt,2026-08-10T06:15:45.883386
847567,https://www.hemnet.se/salda/lagenhet-4rum-ekhagen-norra-djurgarden-stockholms-kommun-torphagsvagen-4-847567,124-125m²,bostadsratt,2026-08-10T06:15:45.883387
140814,https://www.hemnet.se/salda/lagenhet-5rum-partille-furulund-partille-kommun-timmerslatt-1a-140814,124-125m²,bostadsratt,2026-08-10T06:15:45.883388
312849,https://www.hemnet.se/salda/lagenhet-4rum-vadstena-centralt-vadstena-kommun-parkgatan-11-312849,124-125m²,bostadsratt,2026-08-10T06:15:45.883390
6774257689389085304,https://www.hemnet.se/salda/lagenhet-4rum-centrum-enkopings-kommun-vastra-ringgatan-26-6774257689389085304,124-125m²,bostadsratt,2026-08-10T06:15:45.883391
712884,https://www.hemnet.se/salda/lagenhet-5rum-visby-gotlands-kommun-greta-arvidssons-gata-radhus-h-712884,124-125m²,bostadsratt,2026-08-10T06:15:45.883393
103890922825499698,https://www.hemnet.se/salda/lagenhet-4rum-orebro-orebro-kommun-sodra-grev-rosengatan-60b-103890922825499698,124-125m²,bostadsratt,2026-08-10T06:15:45.883394
1058528,https://www.hemnet.se/salda/lagenhet-5rum-centralt-vaster-orebro-kommun-tegelmastargarden-7-1058528,124-125m²,bostadsratt,2026-08-10T06:15:45.883395
1375484,https://www.hemnet.se/salda/lagenhet-4rum-fjardingen-uppsala-kommun-ovre-slottsgatan-18a-1375484,124-125m²,bostadsratt,2026-08-10T06:15:45.883397
2132352979300051259,https://www.hemnet.se/salda/lagenhet-5rum-limhamns-sjostad-malmo-kommun-barlastgatan-22-2132352979300051259,124-125m²,bostadsratt,2026-08-10T06:15:45.883398
3835617721627296034,https://www.hemnet.se/salda/lagenhet-5rum-vetterslund-vasteras-kommun-vetterslundsgatan-8-3835617721627296034,124-125m²,bostadsratt,2026-08-10T06:15:45.883399
5766894671324603030,https://www.hemnet.se/salda/lagenhet-5rum-hovsjo-sodertalje-kommun-granovagen-58-5766894671324603030,124-125m²,bostadsratt,2026-08-10T06:15:45.883401
1445303,"https://www.hemnet.se/salda/lagenhet-4,5rum-kungsholmen-stockholms-kommun-fleminggatan-30,-1-2-tr-1445303",124-125m²,bostadsratt,2026-08-10T06:15:45.883402
2712137755616599856,https://www.hemnet.se/salda/lagenhet-4rum-framre-svartbacken-uppsala-kommun-vastra-jarnvagsgatan-7-2712137755616599856,124-125m²,bostadsratt,2026-08-10T06:15:45.883404
965260,https://www.hemnet.se/salda/lagenhet-6rum-hammarby-sjostad-stockholms-kommun-korphoppsgatan-33-965260,124-125m²,bostadsratt,2026-08-10T06:15:45.883405
944825,https://www.hemnet.se/salda/lagenhet-6rum-svaneholm-vid-borstahusen-landskrona-kommun-kavaljersgarden-19-944825,124-125m²,bostadsratt,2026-08-10T06:15:45.883406
692892,https://www.hemnet.se/salda/lagenhet-4rum-mariekall-sodertalje-kommun-satersgatan-2-692892,124-125m²,bostadsratt,2026-08-10T06:15:45.883408
6231259000928938570,https://www.hemnet.se/salda/lagenhet-4rum-berghusa-ystads-kommun-berghusagatan-9-6231259000928938570,124-125m²,bostadsratt,2026-08-10T06:15:45.883409
425672,https://www.hemnet.se/salda/lagenhet-5rum-leksberg-mariaholm-gardet-mariestads-kommun-rosengangen-59-425672,124-125m²,bostadsratt,2026-08-10T06:15:45.883410
1122661,https://www.hemnet.se/salda/lagenhet-6rum-rosendal-uppsala-kommun-grindstugegatan-2-1122661,124-125m²,bostadsratt,2026-08-10T06:15:45.883412
4286315837495861040,https://www.hemnet.se/salda/lagenhet-4rum-mariastaden-helsingborgs-kommun-kungshultsvagen-113-4286315837495861040,124-125m²,bostadsratt,2026-08-10T06:15:45.883413
306167,https://www.hemnet.se/salda/lagenhet-5rum-vaster-orebro-kommun-ornskoldsgatan-197-a-306167,124-125m²,bostadsratt,2026-08-10T06:15:45.883415
705023633312745087,https://www.hemnet.se/salda/lagenhet-5rum-akeshall-ystads-kommun-rotfruktsgatan-28-b-705023633312745087,124-125m²,bostadsratt,2026-08-10T06:15:45.883416
1340736,"https://www.hemnet.se/salda/lagenhet-3,5rum-hollviken-vellinge-kommun-johnnys-vag-4-1340736",124-125m²,bostadsratt,2026-08-10T06:15:45.883417
559832,https://www.hemnet.se/salda/lagenhet-4rum-centrum-falu-kommun-trotzgatan-45c-559832,124-125m²,bostadsratt,2026-08-10T06:15:45.883419
189116,https://www.hemnet.se/salda/lagenhet-5rum-granloholm-sundsvalls-kommun-kungsbackavagen-20-189116,124-125m²,bostadsratt,2026-08-10T06:15:45.883420
1497571,https://www.hemnet.se/salda/lagenhet-4rum-gamla-vaster-malmo-kommun-slottsgatan-18-1497571,124-125m²,bostadsratt,2026-08-10T06:15:45.883422
1056737,https://www.hemnet.se/salda/lagenhet-5rum-ostermalm-nedre-gardet-stockholms-kommun-starrangsringen-25-1056737,124-125m²,bostadsratt,2026-08-10T06:15:45.883423
4744840190738927433,https://www.hemnet.se/salda/lagenhet-4rum-city-slussen-malmo-kommun-slussgatan-9-4744840190738927433,124-125m²,bostadsratt,2026-08-10T06:15:45.883424
882195,https://www.hemnet.se/salda/lagenhet-3rum-hinseblick-karlshamns-kommun-prinsgatan-9-882195,124-125m²,bostadsratt,2026-08-10T06:15:45.883426
3889774516422660053,"https://www.hemnet.se/salda/lagenhet-4rum-kungsholmen-s-t-eriksomradet-stockholms-kommun-p-o-hallmans-gata-5,-8-9-tr-3889774516422660053",124-125m²,bostadsratt,2026-08-10T06:15:45.883428
1144841,https://www.hemnet.se/salda/lagenhet-5rum-triangeln-malmo-kommun-norra-skolgatan-3-1144841,124-125m²,bostadsratt,2026-08-10T06:15:45.883429
2106710427603089575,https://www.hemnet.se/salda/lagenhet-5rum-oster-malarstrand-vasteras-kommun-oster-malarstrands-alle-114-2106710427603089575,124-125m²,bostadsratt,2026-08-10T06:15:45.883431
207131,https://www.hemnet.se/salda/lagenhet-5rum-rorsjostaden-malmo-kommun-stenbocksgatan-4-a-207131,124-125m²,bostadsratt,2026-08-10T06:15:45.883432
4089051140012580369,https://www.hemnet.se/salda/lagenhet-6rum-sodermalm-stockholms-kommun-bjurholmsgatan-10-4089051140012580369,124-125m²,bostadsratt,2026-08-10T06:15:45.883433
2244253705077927745,https://www.hemnet.se/salda/lagenhet-6rum-centralt-amals-kommun-lunnegatan-2a-2244253705077927745,124-125m²,bostadsratt,2026-08-10T06:15:45.883435
282193,https://www.hemnet.se/salda/lagenhet-4rum-billdal-goteborgs-kommun-uggledalsvagen-73-282193,124-125m²,bostadsratt,2026-08-10T06:15:45.883436
6665860532961823019,https://www.hemnet.se/salda/lagenhet-5rum-jonstorp-hoganas-kommun-gasvagen-7d-6665860532961823019,124-125m²,bostadsratt,2026-08-10T06:15:45.883437
506389,"https://www.hemnet.se/salda/lagenhet-4rum-arenastaden-solna-kommun-evenemangsgatan-10,-8tr-506389",124-125m²,bostadsratt,2026-08-10T06:15:45.883439
1248807,https://www.hemnet.se/salda/lagenhet-6rum-centralt-norrkopings-kommun-skepparegatan-31-1248807,124-125m²,bostadsratt,2026-08-10T06:15:45.883440
306499,https://www.hemnet.se/salda/lagenhet-5rum-kattrumpan-kalmar-kommun-landshovdingegatan-6-306499,124-125m²,bostadsratt,2026-08-10T06:15:45.883442
62448,https://www.hemnet.se/salda/lagenhet-5rum-bjorklinge-uppsala-kommun-lindgardsvagen-28-62448,124-125m²,bostadsratt,2026-08-10T06:15:45.883443
6887400563712921901,https://www.hemnet.se/salda/lagenhet-5rum-allerum-helsingborgs-kommun-sagengatan-10a-6887400563712921901,124-125m²,bostadsratt,2026-08-10T06:15:45.883444
97560,https://www.hemnet.se/salda/lagenhet-4rum-frolunda-goteborgs-kommun-lilla-marconigatan-17-97560,124-125m²,bostadsratt,2026-08-10T06:15:45.883446
1015081869603728148,https://www.hemnet.se/salda/lagenhet-5rum-brunnshog-lunds-kommun-dialoggranden-7-1015081869603728148,124-125m²,bostadsratt,2026-08-10T06:15:45.883447
1175798,https://www.hemnet.se/salda/lagenhet-4rum-sodra-karlgard-skelleftea-kommun-karlgardsvagen-5-1175798,124-125m²,bostadsratt,2026-08-10T06:15:45.883448
409737,"https://www.hemnet.se/salda/lagenhet-4,5rum-slussplan-drottningtorget-malmo-kommun-slussgatan-1b-409737",124-125m²,bostadsratt,2026-08-10T06:15:45.883450
838681,https://www.hemnet.se/salda/lagenhet-4rum-sodermalm-stockholms-kommun-gruvbacken-6-838681,124-125m²,bostadsratt,2026-08-10T06:15:45.883451
1107056,https://www.hemnet.se/salda/lagenhet-4rum-ostermalm-stockholms-kommun-nybrogatan-57a-1107056,124-125m²,bostadsratt,2026-08-10T06:15:45.883452
1205529,https://www.hemnet.se/salda/lagenhet-3rum-vasastaden-goteborgs-kommun-molinsgatan-17-1205529,124-125m²,bostadsratt,2026-08-10T06:15:45.883454
150261,"https://www.hemnet.se/salda/lagenhet-4,5rum-linne-goteborgs-kommun-sveagatan-25-150261",124-125m²,bostadsratt,2026-08-10T06:15:45.883455
806879,"https://www.hemnet.se/salda/lagenhet-5rum-taby-centrum-taby-kommun-marknadsvagen-241,-3tr-806879",124-125m²,bostadsratt,2026-08-10T06:15:45.883457
4451019884810125535,https://www.hemnet.se/salda/lagenhet-5rum-kikas-molndals-kommun-lejonstensgatan-1-4451019884810125535,124-125m²,bostadsratt,2026-08-10T06:15:45.883458
1103788,https://www.hemnet.se/salda/lagenhet-5rum-varby-alle-huddinge-kommun-varby-alle-31-1103788,124-125m²,bostadsratt,2026-08-10T06:15:45.883459
2217029799599843290,https://www.hemnet.se/salda/lagenhet-4rum-marieberg-stockholms-kommun-fyrverkarbacken-32-2217029799599843290,124-125m²,bostadsratt,2026-08-10T06:15:45.883461
403935,https://www.hemnet.se/salda/lagenhet-6rum-carlslund-upplands-vasby-kommun-blommelundsvagen-9a-403935,124-125m²,bostadsratt,2026-08-10T06:15:45.883462
5627457748931456126,"https://www.hemnet.se/salda/lagenhet-5rum-bromma-nockebyhov-stockholms-kommun-tyska-bottens-vag-65,-3tr-5627457748931456126",124-125m²,bostadsratt,2026-08-10T06:15:45.883463
8099819706093877260,https://www.hemnet.se/salda/lagenhet-4rum-kasernhojden-karlstads-kommun-kasernhojden-13-a-8099819706093877260,124-125m²,bostadsratt,2026-08-10T06:15:45.883465
628616,https://www.hemnet.se/salda/lagenhet-4rum-vastra-skurholmen-lulea-kommun-gransgatan-12-a-628616,124-125m²,bostadsratt,2026-08-10T06:15:45.883466
542403,https://www.hemnet.se/salda/lagenhet-6rum-haggetorp-tibro-kommun-haggetorps-alle-26-542403,124-125m²,bostadsratt,2026-08-10T06:15:45.883468
5616764637762914021,https://www.hemnet.se/salda/lagenhet-5rum-eskilstuna-ostermalm-eskilstuna-kommun-eleonoragatan-12a-5616764637762914021,124-125m²,bostadsratt,2026-08-10T06:15:45.883469
100888,https://www.hemnet.se/salda/lagenhet-4rum-limhamn-malmo-kommun-glasbrukskajen-10a-100888,124-125m²,bostadsratt,2026-08-10T06:15:45.883470
2371556580486079747,https://www.hemnet.se/salda/lagenhet-5rum-ladugardsangen-orebro-kommun-boskarsgatan-33a-2371556580486079747,124-125m²,bostadsratt,2026-08-10T06:15:45.883472
1265954,https://www.hemnet.se/salda/lagenhet-4rum-vasastan-stockholms-kommun-falugatan-16-1265954,124-125m²,bostadsratt,2026-08-10T06:15:45.883473
7313371110193260652,https://www.hemnet.se/salda/lagenhet-5rum-ribersborg-malmo-kommun-regementsgatan-19-7313371110193260652,124-125m²,bostadsratt,2026-08-10T06:15:45.883474
8707785351669735946,https://www.hemnet.se/salda/lagenhet-4rum-hagen-goteborgs-kommun-lokattsbacken-60-8707785351669735946,124-125m²,bostadsratt,2026-08-10T06:15:45.883476
124734,https://www.hemnet.se/salda/lagenhet-3rum-norr-helsingborgs-kommun-drottninggatan-118-124734,124-125m²,bostadsratt,2026-08-10T06:15:45.883477
391372,https://www.hemnet.se/salda/lagenhet-3rum-bjarred-sjosidan-lomma-kommun-bjersundsvagen-1-391372,124-125m²,bostadsratt,2026-08-10T06:15:45.883478
1280441,https://www.hemnet.se/salda/lagenhet-6rum-herrangen-stockholms-kommun-guldregnsbacken-9-1280441,124-125m²,bostadsratt,2026-08-10T06:15:45.883480
480708814848856546,https://www.hemnet.se/salda/lagenhet-5rum-galgberget-falu-kommun-galgbergsbacken-13d-480708814848856546,124-125m²,bostadsratt,2026-08-10T06:15:45.883481
1263653,https://www.hemnet.se/salda/lagenhet-6rum-gardet-stockholms-kommun-sandhamnsgatan-47-1263653,124-125m²,bostadsratt,2026-08-10T06:15:45.883482
444099,https://www.hemnet.se/salda/lagenhet-5rum-orgryte-goteborgs-kommun-karralundsgatan-12-a-444099,124-125m²,bostadsratt,2026-08-10T06:15:45.883484
1258620,"https://www.hemnet.se/salda/lagenhet-5rum-hogalid-stockholms-kommun-krukmakarbacken-2-1,5tr-1258620",124-125m²,bostadsratt,2026-08-10T06:15:45.883486
1346316,"https://www.hemnet.se/salda/lagenhet-4,5rum-ribersborg-malmo-kommun-regementsgatan-11-1346316",124-125m²,bostadsratt,2026-08-10T06:15:45.883487
445064590498626601,https://www.hemnet.se/salda/lagenhet-4rum-saltsjobaden-rosunda-nacka-kommun-skidbacksvagen-6-445064590498626601,124-125m²,bostadsratt,2026-08-10T06:15:45.883489
143018,https://www.hemnet.se/salda/lagenhet-6rum-alunda-osthammars-kommun-karin-alinders-vag-14-143018,124-125m²,bostadsratt,2026-08-10T06:15:45.883490
400214,https://www.hemnet.se/salda/lagenhet-5rum-vetterslund-vasteras-kommun-vetterslundsgatan-30-400214,124-125m²,bostadsratt,2026-08-10T06:15:45.883491
4524059737906144563,https://www.hemnet.se/salda/lagenhet-5rum-alunda-osthammars-kommun-karin-alinders-vag-23-4524059737906144563,124-125m²,bostadsratt,2026-08-10T06:15:45.883493
3928911234661761721,https://www.hemnet.se/salda/lagenhet-4rum-ostermalm-stockholms-kommun-breitenfeldsgatan-2-3928911234661761721,124-125m²,bostadsratt,2026-08-10T06:15:45.883494
3498320812805328113,https://www.hemnet.se/salda/lagenhet-5rum-s-t-knut-malmo-kommun-hantverkaregatan-16a-3498320812805328113,124-125m²,bostadsratt,2026-08-10T06:15:45.883496
1030153528158098145,https://www.hemnet.se/salda/lagenhet-5rum-vetterslund-vasteras-kommun-vetterslundsgatan-30-1030153528158098145,124-125m²,bostadsratt,2026-08-10T06:15:45.883497
2233254823441440628,https://www.hemnet.se/salda/lagenhet-4rum-rydeback-helsingborgs-kommun-alnogatan-83-2233254823441440628,124-125m²,bostadsratt,2026-08-10T06:15:45.883499
1428994,https://www.hemnet.se/salda/lagenhet-5rum-gardet-centrum-bollnas-kommun-odengatan-11a-1428994,124-125m²,bostadsratt,2026-08-10T06:15:45.883500
880438,https://www.hemnet.se/salda/lagenhet-4rum-hovsjo-sodertalje-kommun-granovagen-48-plan-7-och-8-880438,124-125m²,bostadsratt,2026-08-10T06:15:45.883502
128640,https://www.hemnet.se/salda/lagenhet-5rum-visby-gotlands-kommun-styrmansgatan-373-128640,124-125m²,bostadsratt,2026-08-10T06:15:45.883503
1264154,https://www.hemnet.se/salda/lagenhet-4rum-berghusa-ystads-kommun-berghusagatan-11-1264154,124-125m²,bostadsratt,2026-08-10T06:15:45.883505
1457907,https://www.hemnet.se/salda/lagenhet-5rum-vasastan-stockholms-kommun-tulegatan-46-1457907,124-125m²,bostadsratt,2026-08-10T06:15:45.883506
1089056,https://www.hemnet.se/salda/lagenhet-4rum-s-t-knut-malmo-kommun-amiralsgatan-36-1089056,124-125m²,bostadsratt,2026-08-10T06:15:45.883508
1449014,"https://www.hemnet.se/salda/lagenhet-5rum-kungsholmen-stockholms-kommun-wargentinsgatan-4,-3tr-1449014",124-125m²,bostadsratt,2026-08-10T06:15:45.883509
6412928785187673358,https://www.hemnet.se/salda/lagenhet-4rum-kalgarden-jonkopings-kommun-stenhuggargatan-52-6412928785187673358,124-125m²,bostadsratt,2026-08-10T06:15:45.883510
2369160077582009351,https://www.hemnet.se/salda/lagenhet-5rum-taljo-osterakers-kommun-taljovikstorget-3-2369160077582009351,124-125m²,bostadsratt,2026-08-10T06:15:45.883512
2804669122865932245,https://www.hemnet.se/salda/lagenhet-5rum-centrum-lunds-kommun-erik-dahlbergsgatan-3b-2804669122865932245,124-125m²,bostadsratt,2026-08-10T06:15:45.883513
3104478958488049613,https://www.hemnet.se/salda/lagenhet-4rum-centralt-hedemora-hedemora-kommun-bergslagsgatan-13c-3104478958488049613,124-125m²,bostadsratt,2026-08-10T06:15:45.883515
8186756244584153667,https://www.hemnet.se/salda/lagenhet-5rum-berghusa-ystads-kommun-berghusagatan-10-8186756244584153667,124-125m²,bostadsratt,2026-08-10T06:15:45.883516
780996,https://www.hemnet.se/salda/lagenhet-4rum-vastra-hamnen-malmo-kommun-knopgrand-8-780996,124-125m²,bostadsratt,2026-08-10T06:15:45.883517
1215369,https://www.hemnet.se/salda/lagenhet-4rum-rorsjostaden-malmo-kommun-foreningsgatan-65a-1215369,124-125m²,bostadsratt,2026-08-10T06:15:45.883519
2806063632082995849,https://www.hemnet.se/salda/lagenhet-4rum-skorpabacken-angelholms-kommun-krusbarsvagen-42-2806063632082995849,124-125m²,bostadsratt,2026-08-10T06:15:45.883520
7909314572900306307,https://www.hemnet.se/salda/lagenhet-5rum-kallhall-jarfalla-kommun-ladersattravagen-93-7909314572900306307,124-125m²,bostadsratt,2026-08-10T06:15:45.883521
723765,https://www.hemnet.se/salda/lagenhet-5rum-norrboda-upplands-bro-kommun-sandviksvagen-18a-723765,124-125m²,bostadsratt,2026-08-10T06:15:45.883523
7842882184460976760,https://www.hemnet.se/salda/lagenhet-3rum-eslov-norr-eslovs-kommun-klippanvagen-25b-7842882184460976760,124-125m²,bostadsratt,2026-08-10T06:15:45.883524
738361,https://www.hemnet.se/salda/lagenhet-5rum-skarpnack-stockholms-kommun-glidflyktsgatan-2-738361,124-125m²,bostadsratt,2026-08-10T06:15:45.883525
1280443,https://www.hemnet.se/salda/lagenhet-6rum-herrangen-stockholms-kommun-guldregnsbacken-9-1280443,124-125m²,bostadsratt,2026-08-10T06:15:45.883527
385543,"https://www.hemnet.se/salda/lagenhet-4,5rum-ribersborg-malmo-kommun-erikstorpsgatan-5-385543",124-125m²,bostadsratt,2026-08-10T06:15:45.883528
9090172191007785663,https://www.hemnet.se/salda/lagenhet-6rum-hjarup-staffanstorps-kommun-augustivagen-2-9090172191007785663,124-125m²,bostadsratt,2026-08-10T06:15:45.883529
166965,"https://www.hemnet.se/salda/lagenhet-4rum-ostermalm-stockholms-kommun-sibyllegatan-29,-3tr-vid-ostermalmstorg-166965",124-125m²,bostadsratt,2026-08-10T06:15:45.883531
787654,"https://www.hemnet.se/salda/lagenhet-4rum-liljeholmskajen-stockholms-kommun-vinodlargatan-1,-8-8-tr-787654",124-125m²,bostadsratt,2026-08-10T06:15:45.883532
6971285358215566998,https://www.hemnet.se/salda/lagenhet-5rum-centrum-helsingborgs-kommun-sodra-strandgatan-17-6971285358215566998,124-125m²,bostadsratt,2026-08-10T06:15:45.883534
918915,https://www.hemnet.se/salda/lagenhet-5rum-ostermalm-stockholms-kommun-valhallavagen-73-918915,124-125m²,bostadsratt,2026-08-10T06:15:45.883535
712879,https://www.hemnet.se/salda/lagenhet-5rum-visby-gotlands-kommun-greta-arvidssons-gata-radhus-a-712879,124-125m²,bostadsratt,2026-08-10T06:15:45.883537
49138,https://www.hemnet.se/salda/lagenhet-4rum-frosunda-solna-kommun-signe-tillischgatan-10-49138,124-125m²,bostadsratt,2026-08-10T06:15:45.883538
184268,https://www.hemnet.se/salda/lagenhet-5rum-visby-gotlands-kommun-styrmansgatan-367-184268,124-125m²,bostadsratt,2026-08-10T06:15:45.883539
1377775,"https://www.hemnet.se/salda/lagenhet-5rum-ostermalm-stockholms-kommun-sturegatan-19,-3-tr-1377775",124-125m²,bostadsratt,2026-08-10T06:15:45.883541
1248760,https://www.hemnet.se/salda/lagenhet-5rum-sofia-stockholms-kommun-vintertullstorget-8-1248760,124-125m²,bostadsratt,2026-08-10T06:15:45.883542
1232191,"https://www.hemnet.se/salda/lagenhet-4,5rum-maria-stockholms-kommun-magnus-ladulasgatan-39,-3-tr-1232191",124-125m²,bostadsratt,2026-08-10T06:15:45.883544
7842890306599353683,https://www.hemnet.se/salda/lagenhet-4rum-centrum-hjo-kommun-fabriksgatan-8d-7842890306599353683,124-125m²,bostadsratt,2026-08-10T06:15:45.883545
288738,https://www.hemnet.se/salda/lagenhet-5rum-rosengangen-mariestads-kommun-rosengangen-26-288738,124-125m²,bostadsratt,2026-08-10T06:15:45.883546
2093175093887765259,https://www.hemnet.se/salda/lagenhet-5rum-gnesta-gnesta-kommun-bryggargrand-1d-2093175093887765259,124-125m²,bostadsratt,2026-08-10T06:15:45.883548
1386014,https://www.hemnet.se/salda/lagenhet-5rum-kistahojden-stockholms-kommun-heklagatan-52-1386014,124-125m²,bostadsratt,2026-08-10T06:15:45.883549
3873026942037894267,https://www.hemnet.se/salda/lagenhet-5rum-soderkulla-malmo-kommun-ormvraksgatan-34-3873026942037894267,124-125m²,bostadsratt,2026-08-10T06:15:45.883551
1322060,https://www.hemnet.se/salda/lagenhet-5rum-centralt-knivsta-kommun-brf-walloxen-1322060,124-125m²,bostadsratt,2026-08-10T06:15:45.883552
739098,https://www.hemnet.se/salda/lagenhet-5rum-taby-centrum-taby-kommun-marknadsvagen-219-739098,124-125m²,bostadsratt,2026-08-10T06:15:45.883554
1296235,https://www.hemnet.se/salda/lagenhet-3rum-sannegardshamnen-goteborgs-kommun-barken-beatrices-gata-14-1296235,124-125m²,bostadsratt,2026-08-10T06:15:45.883555
437713,https://www.hemnet.se/salda/lagenhet-4rum-vastra-hamnen-malmo-kommun-masttorget-blinkfyren-437713,124-125m²,bostadsratt,2026-08-10T06:15:45.883556
1014762,"https://www.hemnet.se/salda/lagenhet-5rum-soder,-klingsberg-norrkopings-kommun-hagebygatan-35-1014762",124-125m²,bostadsratt,2026-08-10T06:15:45.883558
5959116410307722133,https://www.hemnet.se/salda/lagenhet-5rum-vetterslund-vasteras-kommun-vetterslundsgatan-6-5959116410307722133,124-125m²,bostadsratt,2026-08-10T06:15:45.883559
442430,https://www.hemnet.se/salda/lagenhet-6rum-slottsstaden-ribersborg-malmo-kommun-regementsgatan-31c-442430,124-125m²,bostadsratt,2026-08-10T06:15:45.883560
633794,https://www.hemnet.se/salda/lagenhet-4rum-slussen-malmo-kommun-slussgatan-1b-633794,124-125m²,bostadsratt,2026-08-10T06:15:45.883562
6399757163891773275,https://www.hemnet.se/salda/lagenhet-6rum-klostergarden-lunds-kommun-blidvadersvagen-6g-6399757163891773275,124-125m²,bostadsratt,2026-08-10T06:15:45.883563
706085827308608657,"https://www.hemnet.se/salda/lagenhet-4rum-vasastan-stockholms-kommun-tegnergatan-10,-vindsvaning-706085827308608657",124-125m²,bostadsratt,2026-08-10T06:15:45.883564
895366,"https://www.hemnet.se/salda/lagenhet-4,5rum-slussen-malmo-kommun-slussgatan-1-b-895366",124-125m²,bostadsratt,2026-08-10T06:15:45.883566
5012722790170756720,https://www.hemnet.se/salda/lagenhet-5rum-sodertalje-sodertalje-kommun-granovagen-54-5012722790170756720,124-125m²,bostadsratt,2026-08-10T06:15:45.883567
190860,https://www.hemnet.se/salda/lagenhet-4rum-malarhojden-stockholms-kommun-mastarbacken-149-190860,124-125m²,bostadsratt,2026-08-10T06:15:45.883568
743962,"https://www.hemnet.se/salda/lagenhet-3,5rum-centrala-vasby-upplands-vasby-kommun-kullavagen-5d-743962",124-125m²,bostadsratt,2026-08-10T06:15:45.883570
1475731,https://www.hemnet.se/salda/lagenhet-3rum-lorensberg-goteborgs-kommun-engelbrektsgatan-37-1475731,124-125m²,bostadsratt,2026-08-10T06:15:45.883571
558897,"https://www.hemnet.se/salda/lagenhet-3,5rum-trosa-centralt-trosa-kommun-rokerigrand-7-b-558897",124-125m²,bostadsratt,2026-08-10T06:15:45.883573
1791641591776432188,https://www.hemnet.se/salda/lagenhet-4rum-soder-varbergs-kommun-danska-vagen-1-1791641591776432188,124-125m²,bostadsratt,2026-08-10T06:15:45.883575
57798,https://www.hemnet.se/salda/lagenhet-4rum-johanneberg-goteborgs-kommun-sylvestergatan-7-57798,124-125m²,bostadsratt,2026-08-10T06:15:45.883576
1396778781387583114,https://www.hemnet.se/salda/lagenhet-5rum-onsjo-vanersborgs-kommun-husargatan-26-1396778781387583114,124-125m²,bostadsratt,2026-08-10T06:15:45.883578
1268564,"https://www.hemnet.se/salda/lagenhet-3,5rum-ribersborg-malmo-kommun-erikstorpsgatan-5-1268564",124-125m²,bostadsratt,2026-08-10T06:15:45.883579
154593,https://www.hemnet.se/salda/lagenhet-5rum-viksjo-jarfalla-kommun-axvagen-61-154593,124-125m²,bostadsratt,2026-08-10T06:15:45.883580
6161391518972193921,https://www.hemnet.se/salda/lagenhet-5rum-vetterslund-vasteras-kommun-vetterslundsgatan-20-6161391518972193921,124-125m²,bostadsratt,2026-08-10T06:15:45.883582
955220,https://www.hemnet.se/salda/lagenhet-5rum-soder-helsingborgs-kommun-hantverkaregatan-28-955220,124-125m²,bostadsratt,2026-08-10T06:15:45.883583
167147,https://www.hemnet.se/salda/lagenhet-4rum-vasastaden-goteborgs-kommun-aschebergsgatan-9-a-167147,124-125m²,bostadsratt,2026-08-10T06:15:45.883584
203404,https://www.hemnet.se/salda/lagenhet-4rum-vinslov-hassleholms-kommun-foreningsgatan-56-a-203404,124-125m²,bostadsratt,2026-08-10T06:15:45.883586
8375808018676314269,https://www.hemnet.se/salda/lagenhet-4rum-laholm-laholms-kommun-korvelgangen-33-8375808018676314269,124-125m²,bostadsratt,2026-08-10T06:15:45.883587
1131810,https://www.hemnet.se/salda/lagenhet-5rum-kungsholmen-stockholms-kommun-scheelegatan-4-1131810,124-125m²,bostadsratt,2026-08-10T06:15:45.883588
1082434,"https://www.hemnet.se/salda/lagenhet-5rum-viggbygardet-taby-kommun-flyghamnsvagen-24,-6tr-1082434",124-125m²,bostadsratt,2026-08-10T06:15:45.883590
4191549572176788792,https://www.hemnet.se/salda/lagenhet-5rum-timra-timra-kommun-nygatan-67-4191549572176788792,124-125m²,bostadsratt,2026-08-10T06:15:45.883591
23405546574965483,https://www.hemnet.se/salda/lagenhet-6rum-johannisdal-kopings-kommun-erlandsvagen-33e-23405546574965483,124-125m²,bostadsratt,2026-08-10T06:15:45.883592
977031,https://www.hemnet.se/salda/lagenhet-3rum-svensknabben-kalmar-kommun-svensknabbevagen-24b-977031,124-125m²,bostadsratt,2026-08-10T06:15:45.883594
612497,https://www.hemnet.se/salda/lagenhet-5rum-rorsjostaden-malmo-kommun-stenbocksgatan-4a-612497,124-125m²,bostadsratt,2026-08-10T06:15:45.883595
1258372,https://www.hemnet.se/salda/lagenhet-4rum-farsta-stockholms-kommun-kvickensvagen-11-1258372,124-125m²,bostadsratt,2026-08-10T06:15:45.883597
258134,https://www.hemnet.se/salda/lagenhet-4rum-gamla-oster-vasterviks-kommun-stromsgatan-16-258134,124-125m²,bostadsratt,2026-08-10T06:15:45.883598
223602,https://www.hemnet.se/salda/lagenhet-5rum-visby-gotlands-kommun-jungmansgatan-496-223602,124-125m²,bostadsratt,2026-08-10T06:15:45.883599
1284857,https://www.hemnet.se/salda/lagenhet-5rum-centralt-knivsta-kommun-brf-walloxen-1284857,124-125m²,bostadsratt,2026-08-10T06:15:45.883601
51933,https://www.hemnet.se/salda/lagenhet-4rum-husensjo-helsingborgs-kommun-tyringegatan-21-51933,124-125m²,bostadsratt,2026-08-10T06:15:45.883602
786635,"https://www.hemnet.se/salda/lagenhet-5rum-arenastaden-solna-kommun-evenemangsgatan-8,-8-tr-786635",124-125m²,bostadsratt,2026-08-10T06:15:45.883603
712880,https://www.hemnet.se/salda/lagenhet-5rum-visby-gotlands-kommun-greta-arvidssons-gata-23c-radhus-c-712880,124-125m²,bostadsratt,2026-08-10T06:15:45.883605
449541,https://www.hemnet.se/salda/lagenhet-4rum-kungsbacka-kungsbacka-kommun-kolla-backe-4-449541,124-125m²,bostadsratt,2026-08-10T06:15:45.883606
4484146787084204315,https://www.hemnet.se/salda/lagenhet-5rum-centralt-stenstan-sundsvalls-kommun-tradgardsgatan-2-4484146787084204315,124-125m²,bostadsratt,2026-08-10T06:15:45.883608
1459102,https://www.hemnet.se/salda/lagenhet-5rum-vastra-hamnen-malmo-kommun-kostergrand-4b-1459102,124-125m²,bostadsratt,2026-08-10T06:15:45.883609
961190,https://www.hemnet.se/salda/lagenhet-5rum-glomsta-huddinge-kommun-lillerudsvagen-5e-961190,124-125m²,bostadsratt,2026-08-10T06:15:45.883610
2980639010902892535,https://www.hemnet.se/salda/lagenhet-5rum-vasastan-stockholms-kommun-roslagsgatan-17-2980639010902892535,124-125m²,bostadsratt,2026-08-10T06:15:45.883611
363053,"https://www.hemnet.se/salda/lagenhet-4rum-ursvik-sundbybergs-kommun-forskargrand-24,-4-5tr-363053",124-125m²,bostadsratt,2026-08-10T06:15:45.883613
7048438001974395108,"https://www.hemnet.se/salda/lagenhet-6rum-nedre-gardet-stockholms-kommun-starrangsringen-25,-1-tr-7048438001974395108",124-125m²,bostadsratt,2026-08-10T06:15:45.883614
443591,"https://www.hemnet.se/salda/lagenhet-5rum-sodermalm-stockholms-kommun-asogatan-104,-4tr-443591",124-125m²,bostadsratt,2026-08-10T06:15:45.883616
1093806,https://www.hemnet.se/salda/lagenhet-5rum-ostermalm-stockholms-kommun-birger-jarlsgatan-98-1093806,124-125m²,bostadsratt,2026-08-10T06:15:45.883617
899447,"https://www.hemnet.se/salda/lagenhet-4,5rum-centrum-uppsala-kommun-vaksalagatan-18-b-899447",124-125m²,bostadsratt,2026-08-10T06:15:45.883618
531007,https://www.hemnet.se/salda/lagenhet-4rum-soderkaj-halmstads-kommun-sodra-vagen-33-lgh-1002-531007,124-125m²,bostadsratt,2026-08-10T06:15:45.883620
6683253543168806977,"https://www.hemnet.se/salda/lagenhet-5rum-ostermalm-vasastan-stockholms-kommun-birger-jarlsgatan-98,-5tr-6683253543168806977",124-125m²,bostadsratt,2026-08-10T06:15:45.883621
1384492,https://www.hemnet.se/salda/lagenhet-5rum-eriksberg-goteborgs-kommun-sorhallstorget-21-1384492,124-125m²,bostadsratt,2026-08-10T06:15:45.883623
5334943023199017061,https://www.hemnet.se/salda/lagenhet-5rum-vasteras-vasteras-kommun-benvagen-25-5334943023199017061,124-125m²,bostadsratt,2026-08-10T06:15:45.883624
8834496921894492638,https://www.hemnet.se/salda/lagenhet-4rum-grondal-stockholms-kommun-ormbergsvagen-12-8834496921894492638,124-125m²,bostadsratt,2026-08-10T06:15:45.883625
143606,https://www.hemnet.se/salda/lagenhet-5rum-centrum-helsingborgs-kommun-drottninggatan-5-143606,124-125m²,bostadsratt,2026-08-10T06:15:45.883627
7021116972180341923,"https://www.hemnet.se/salda/lagenhet-5rum-sodermalm-stockholms-kommun-kapellgrand-6c,-3tr-7021116972180341923",124-125m²,bostadsratt,2026-08-10T06:15:45.883628
710026,https://www.hemnet.se/salda/lagenhet-5rum-visby-gotlands-kommun-jungmansgatan-496-710026,124-125m²,bostadsratt,2026-08-10T06:15:45.883630
3458894850002876952,https://www.hemnet.se/salda/lagenhet-5rum-hasthagen-malmo-kommun-ostra-ronneholmsvagen-25-3458894850002876952,124-125m²,bostadsratt,2026-08-10T06:15:45.883631
858131,https://www.hemnet.se/salda/lagenhet-4rum-vastergard-helsingborgs-kommun-vastergardsgatan-63-858131,124-125m²,bostadsratt,2026-08-10T06:15:45.883632
4870905175215855536,https://www.hemnet.se/salda/lagenhet-1rum-ostra-industriomradet-svedala-kommun-industrigatan-30-4870905175215855536,124-125m²,bostadsratt,2026-08-10T06:15:45.883634
892981,https://www.hemnet.se/salda/lagenhet-5rum-oxie-malmo-kommun-keramikvagen-88-892981,124-125m²,bostadsratt,2026-08-10T06:15:45.883635
3676587109489291478,https://www.hemnet.se/salda/lagenhet-3rum-vasastan-stockholms-kommun-sveavagen-140-3676587109489291478,124-125m²,bostadsratt,2026-08-10T06:15:45.883637
3257917551359802063,https://www.hemnet.se/salda/lagenhet-3rum-ostra-gardet-falkenbergs-kommun-varbergsvagen-47d-3257917551359802063,124-125m²,bostadsratt,2026-08-10T06:15:45.883638
2091354161561002027,https://www.hemnet.se/salda/lagenhet-5rum-johannisdal-kopings-kommun-erlandsvagen-33e-2091354161561002027,124-125m²,bostadsratt,2026-08-10T06:15:45.883639
845851,https://www.hemnet.se/salda/lagenhet-5rum-eriksberg-goteborgs-kommun-ostindiefararen-37-845851,124-125m²,bostadsratt,2026-08-10T06:15:45.883641
1858351661941757429,https://www.hemnet.se/salda/lagenhet-5rum-fyllinge-halmstads-kommun-alvagen-63-1858351661941757429,124-125m²,bostadsratt,2026-08-10T06:15:45.883642
686899,https://www.hemnet.se/salda/lagenhet-4rum-kvicksund-vasteras-kommun-kvicksundsstigen-6-686899,124-125m²,bostadsratt,2026-08-10T06:15:45.883643
1758687829333975769,https://www.hemnet.se/salda/lagenhet-6rum-luthagen-uppsala-kommun-luthagsesplanaden-26a-1758687829333975769,124-125m²,bostadsratt,2026-08-10T06:15:45.883645
278650,https://www.hemnet.se/salda/lagenhet-5rum-hammarby-sjostad-stockholms-kommun-babordsgatan-7-278650,124-125m²,bostadsratt,2026-08-10T06:15:45.883646
1186873,https://www.hemnet.se/salda/lagenhet-4rum-barsta-sodertalje-kommun-karlslundsgatan-5-1186873,124-125m²,bostadsratt,2026-08-10T06:15:45.883648
830057,https://www.hemnet.se/salda/lagenhet-5rum-luthagen-uppsala-kommun-geijersgatan-42-c-830057,124-125m²,bostadsratt,2026-08-10T06:15:45.883649
970481,"https://www.hemnet.se/salda/lagenhet-4,5rum-drottningtorget-malmo-kommun-slussgatan-1b-970481",124-125m²,bostadsratt,2026-08-10T06:15:45.883650
5529891263398204147,"https://www.hemnet.se/salda/lagenhet-4,5rum-tagaborg-helsingborgs-kommun-karl-x-gustavs-gata-6-5529891263398204147",124-125m²,bostadsratt,2026-08-10T06:15:45.883652
2949401026488062772,https://www.hemnet.se/salda/lagenhet-4rum-hemdal-vasteras-kommun-hemdalsvagen-3a-2949401026488062772,124-125m²,bostadsratt,2026-08-10T06:15:45.883653
968673,https://www.hemnet.se/salda/lagenhet-4rum-hemdal-vasteras-kommun-hemdalsvagen-3b-968673,124-125m²,bostadsratt,2026-08-10T06:15:45.883655
1292036,https://www.hemnet.se/salda/lagenhet-5rum-kistahojden-stockholms-kommun-heklagatan-4-1292036,124-125m²,bostadsratt,2026-08-10T06:15:45.883656
95250,https://www.hemnet.se/salda/lagenhet-4rum-berghusa-ystads-kommun-berghusagatan-22-95250,124-125m²,bostadsratt,2026-08-10T06:15:45.883657
1113216,"https://www.hemnet.se/salda/lagenhet-4,5rum-falhagen-uppsala-kommun-vaksalagatan-43-1113216",124-125m²,bostadsratt,2026-08-10T06:15:45.883659
850459,https://www.hemnet.se/salda/lagenhet-4rum-mariastaden-helsingborgs-kommun-kungshultsvagen-113-850459,124-125m²,bostadsratt,2026-08-10T06:15:45.883660
1343814,https://www.hemnet.se/salda/lagenhet-5rum-oxievang-malmo-kommun-oxievangsvagen-77-1343814,124-125m²,bostadsratt,2026-08-10T06:15:45.883661
1093813,https://www.hemnet.se/salda/lagenhet-4rum-apelviken-varbergs-kommun-nyens-vag-14-1093813,124-125m²,bostadsratt,2026-08-10T06:15:45.883663
556745,https://www.hemnet.se/salda/lagenhet-5rum-hovsta-orebro-kommun-gladarbergsvagen-58-556745,124-125m²,bostadsratt,2026-08-10T06:15:45.883664
4564266194129929319,https://www.hemnet.se/salda/lagenhet-5rum-huvudsta-solna-kommun-jungfrudansen-44-4564266194129929319,124-125m²,bostadsratt,2026-08-10T06:15:45.883665
1463620,"https://www.hemnet.se/salda/lagenhet-4,5rum-ostermalm-stockholms-kommun-odengatan-6,-5-tr-1463620",124-125m²,bostadsratt,2026-08-10T06:15:45.883667
328239196045294748,https://www.hemnet.se/salda/lagenhet-4rum-sommarro-uppsala-kommun-norbyvagen-44b-328239196045294748,124-125m²,bostadsratt,2026-08-10T06:15:45.883668
307242,https://www.hemnet.se/salda/lagenhet-4rum-hollviken-vellinge-kommun-ivars-vag-3-307242,124-125m²,bostadsratt,2026-08-10T06:15:45.883669
8137807381858193364,https://www.hemnet.se/salda/lagenhet-4rum-sorbole-skelleftea-kommun-karlgardsvagen-5-8137807381858193364,124-125m²,bostadsratt,2026-08-10T06:15:45.883671
670705,"https://www.hemnet.se/salda/lagenhet-5rum-frosunda-solna-kommun-gustav-iii-s-boulevard-135,-hogst-upp-670705",124-125m²,bostadsratt,2026-08-10T06:15:45.883672
148399,https://www.hemnet.se/salda/lagenhet-5rum-akeshall-ystads-kommun-rotfruktsgatan-16b-148399,124-125m²,bostadsratt,2026-08-10T06:15:45.883674
5900197393274470983,https://www.hemnet.se/salda/lagenhet-3rum-svensknabben-kalmar-kommun-svensknabbevagen-24b-5900197393274470983,124-125m²,bostadsratt,2026-08-10T06:15:45.883675
1344680,https://www.hemnet.se/salda/lagenhet-3rum-kalgarden-jonkopings-kommun-stenhuggargatan-18-1344680,124-125m²,bostadsratt,2026-08-10T06:15:45.883676
3726565613623987047,https://www.hemnet.se/salda/lagenhet-5rum-nasbypark-taby-kommun-nytorpsvagen-50-3726565613623987047,124-125m²,bostadsratt,2026-08-10T06:15:45.883678
5203891990874810709,"https://www.hemnet.se/salda/lagenhet-3,5rum-sodermalm-mariatorget-stockholms-kommun-rosenlundsgatan-28a,-4tr-5203891990874810709",124-125m²,bostadsratt,2026-08-10T06:15:45.883679
8412071354389543767,https://www.hemnet.se/salda/lagenhet-4rum-lillaudden-vasteras-kommun-fyrbaksvagen-4-8412071354389543767,124-125m²,bostadsratt,2026-08-10T06:15:45.883681
835059,https://www.hemnet.se/salda/lagenhet-5rum-luthagen-uppsala-kommun-luthagsesplanaden-28b-835059,124-125m²,bostadsratt,2026-08-10T06:15:45.883682
7689222960562634787,https://www.hemnet.se/salda/lagenhet-5rum-s-t-knut-malmo-kommun-sorgenfrivagen-11d-7689222960562634787,124-125m²,bostadsratt,2026-08-10T06:15:45.883683
6248840819429655276,https://www.hemnet.se/salda/lagenhet-6rum-trangsund-huddinge-kommun-printz-vag-17a-6248840819429655276,124-125m²,bostadsratt,2026-08-10T06:15:45.883685
6989843586638928315,https://www.hemnet.se/salda/lagenhet-5rum-centralt-vaster-nykopings-kommun-tre-broders-vag-22-6989843586638928315,124-125m²,bostadsratt,2026-08-10T06:15:45.883686
48174,"https://www.hemnet.se/salda/lagenhet-5,5rum-granloholm-sundsvalls-kommun-kungsbackavagen-4-48174",124-125m²,bostadsratt,2026-08-10T06:15:45.883687
1476853,https://www.hemnet.se/salda/lagenhet-5rum-kungsangen-uppsala-kommun-kungsangsgatan-57m-1476853,124-125m²,bostadsratt,2026-08-10T06:15:45.883689
1140080,https://www.hemnet.se/salda/lagenhet-5rum-vasastan-stockholms-kommun-kungstensgatan-61-1140080,124-125m²,bostadsratt,2026-08-10T06:15:45.883690
243297570537027296,https://www.hemnet.se/salda/lagenhet-3rum-fridhem-malmo-kommun-marietorps-alle-11-243297570537027296,124-125m²,bostadsratt,2026-08-10T06:15:45.883692
637356,https://www.hemnet.se/salda/lagenhet-5rum-oxie-malmo-kommun-lergodsvagen-19-637356,124-125m²,bostadsratt,2026-08-10T06:15:45.883693
2335531697540325331,https://www.hemnet.se/salda/lagenhet-6rum-furulund-kavlinge-kommun-korsgatan-36-2335531697540325331,124-125m²,bostadsratt,2026-08-10T06:15:45.883694
1053102,https://www.hemnet.se/salda/lagenhet-3rum-centralt-norrkopings-kommun-sandgatan-9a-1053102,124-125m²,bostadsratt,2026-08-10T06:15:45.883696
372882,https://www.hemnet.se/salda/lagenhet-5rum-kungsbacka-kungsbacka-kommun-turkosvagen-6-372882,124-125m²,bostadsratt,2026-08-10T06:15:45.883697
6720450916437326825,"https://www.hemnet.se/salda/lagenhet-6rum-are-sadeln-are-kommun-hogasstigen-17a,-lgh-1301-lgh-13-6720450916437326825",124-125m²,bostadsratt,2026-08-10T06:15:45.883699
371665952207792826,https://www.hemnet.se/salda/lagenhet-6rum-stravalla-varbergs-kommun-smealyckevagen-6a-371665952207792826,124-125m²,bostadsratt,2026-08-10T06:15:45.883701
1157209,https://www.hemnet.se/salda/lagenhet-5rum-centrala-sundbyberg-sundbybergs-kommun-vattugatan-4-1157209,124-125m²,bostadsratt,2026-08-10T06:15:45.883702
1075027,https://www.hemnet.se/salda/lagenhet-4rum-tangen-stromstad-stromstads-kommun-tangenvagen-14-1075027,124-125m²,bostadsratt,2026-08-10T06:15:45.883703
1089158,https://www.hemnet.se/salda/lagenhet-5rum-centrum-uppsala-kommun-munkgatan-5-a-1089158,124-125m²,bostadsratt,2026-08-10T06:15:45.883705
222157,https://www.hemnet.se/salda/lagenhet-5rum-gamla-enskede-stockholms-kommun-yrkesvagen-15-222157,124-125m²,bostadsratt,2026-08-10T06:15:45.883706
530404,https://www.hemnet.se/salda/lagenhet-4rum-kviberg-goteborgs-kommun-edwin-ahlqvists-vag-23-530404,124-125m²,bostadsratt,2026-08-10T06:15:45.883707
5599650966947999698,"https://www.hemnet.se/salda/lagenhet-3,5rum-falhagen-uppsala-kommun-vaksalagatan-43-5599650966947999698",124-125m²,bostadsratt,2026-08-10T06:15:45.883709
2510918873234170657,"https://www.hemnet.se/salda/lagenhet-5rum-hammarby-sjostad-stockholms-kommun-heliosgatan-56,-van-6-7-2510918873234170657",124-125m²,bostadsratt,2026-08-10T06:15:45.883710
645466,"https://www.hemnet.se/salda/lagenhet-4rum-kungsholmen-sankt-eriksbron-stockholms-kommun-sankt-eriksgatan-59,-3-tr-645466",124-125m²,bostadsratt,2026-08-10T06:15:45.883712
7067738521285991863,https://www.hemnet.se/salda/lagenhet-4rum-kvarnholmen-nacka-kommun-mjolnarvagen-22-7067738521285991863,124-125m²,bostadsratt,2026-08-10T06:15:45.883713
3110199738006899559,https://www.hemnet.se/salda/lagenhet-5rum-centrum-helsingborgs-kommun-kullagatan-58-3110199738006899559,124-125m²,bostadsratt,2026-08-10T06:15:45.883715
701115,https://www.hemnet.se/salda/lagenhet-4rum-molndal-broslatt-molndals-kommun-irisgatan-5-c-701115,124-125m²,bostadsratt,2026-08-10T06:15:45.883716
1252955,https://www.hemnet.se/salda/lagenhet-4rum-farsta-slottsvik-varmdo-kommun-ohmans-vag-11-1252955,124-125m²,bostadsratt,2026-08-10T06:15:45.883717
1412327,https://www.hemnet.se/salda/lagenhet-5rum-jarlaberg-nacka-kommun-diligensvagen-132-1412327,124-125m²,bostadsratt,2026-08-10T06:15:45.883719
1407552,https://www.hemnet.se/salda/lagenhet-5rum-fjalkinge-kristianstads-kommun-megalitvagen-24-1407552,124-125m²,bostadsratt,2026-08-10T06:15:45.883720
8060971064916969855,https://www.hemnet.se/salda/lagenhet-3rum-kungshojd-goteborgs-kommun-hvitfeldtsgatan-1-8060971064916969855,124-125m²,bostadsratt,2026-08-10T06:15:45.883721
1407773,https://www.hemnet.se/salda/lagenhet-3rum-hollviken-vellinge-kommun-johnnys-vag-4-1407773,124-125m²,bostadsratt,2026-08-10T06:15:45.883723
1328048,https://www.hemnet.se/salda/lagenhet-6rum-vastra-faladen-landskrona-kommun-ekebygarden-41-1328048,124-125m²,bostadsratt,2026-08-10T06:15:45.883724
1165561,https://www.hemnet.se/salda/lagenhet-5rum-peterslund-oxelosunds-kommun-hagtornsvagen-1-1165561,124-125m²,bostadsratt,2026-08-10T06:15:45.883725
1040013,https://www.hemnet.se/salda/lagenhet-5rum-varmdo-fagelbro-varmdo-kommun-fagelbrostigen-718-1040013,124-125m²,bostadsratt,2026-08-10T06:15:45.883727
338675,https://www.hemnet.se/salda/lagenhet-4rum-eriksberg-goteborgs-kommun-sorhallstorget-21-338675,124-125m²,bostadsratt,2026-08-10T06:15:45.883728
423924,https://www.hemnet.se/salda/lagenhet-5rum-stocksund-danderyds-kommun-skolgardsvagen-1-423924,124-125m²,bostadsratt,2026-08-10T06:15:45.883729
817541,https://www.hemnet.se/salda/lagenhet-4rum-torget-askersund-askersunds-kommun-storgatan-22-817541,124-125m²,bostadsratt,2026-08-10T06:15:45.883731
845316,https://www.hemnet.se/salda/lagenhet-5rum-kungsangen-uppsala-kommun-kungsangsgatan-57m-845316,124-125m²,bostadsratt,2026-08-10T06:15:45.883732
1230152,https://www.hemnet.se/salda/lagenhet-4rum-danderyd-inverness-danderyds-kommun-invernessvagen-18-lgh-l-1230152,124-125m²,bostadsratt,2026-08-10T06:15:45.883734
1298511,"https://www.hemnet.se/salda/lagenhet-5rum-solna-solna-kommun-framnasbacken-16,-3tr-1298511",124-125m²,bostadsratt,2026-08-10T06:15:45.883735
4988882339621654029,https://www.hemnet.se/salda/lagenhet-3rum-hedvigsborg-boras-kommun-vilegrand-18-4988882339621654029,124-125m²,bostadsratt,2026-08-10T06:15:45.883736
8560566015776650606,https://www.hemnet.se/salda/lagenhet-4rum-vastra-hamnen-malmo-kommun-knopgrand-8-8560566015776650606,124-125m²,bostadsratt,2026-08-10T06:15:45.883738
1234951,https://www.hemnet.se/salda/lagenhet-5rum-kapellgardet-uppsala-kommun-portalgatan-95-1234951,124-125m²,bostadsratt,2026-08-10T06:15:45.883739
8136588227403643497,https://www.hemnet.se/salda/lagenhet-8rum-alunda-osthammars-kommun-hugo-fredrikssons-vag-29-8136588227403643497,124-125m²,bostadsratt,2026-08-10T06:15:45.883740
208033,https://www.hemnet.se/salda/lagenhet-4rum-lugnet-malmo-kommun-lugna-gatan-41-208033,124-125m²,bostadsratt,2026-08-10T06:15:45.883742
1507197,https://www.hemnet.se/salda/lagenhet-5rum-centralt-knivsta-kommun-margaretavagen-57c-1507197,124-125m²,bostadsratt,2026-08-10T06:15:45.883743
258458,https://www.hemnet.se/salda/lagenhet-4rum-eriksberg-goteborgs-kommun-vingalandsgatan-1-258458,124-125m²,bostadsratt,2026-08-10T06:15:45.883744
944023,https://www.hemnet.se/salda/lagenhet-4rum-centrum-sodertalje-kommun-nedre-torekallgatan-10-944023,124-125m²,bostadsratt,2026-08-10T06:15:45.883746
6671271996821077649,https://www.hemnet.se/salda/lagenhet-5rum-kungsbacka-kungsbacka-kommun-tolovagen-38-6671271996821077649,124-125m²,bostadsratt,2026-08-10T06:15:45.883747
685680,"https://www.hemnet.se/salda/lagenhet-3rum-ostermalm-stockholms-kommun-grevgatan-4,-5tr-685680",124-125m²,bostadsratt,2026-08-10T06:15:45.883748
1098394,https://www.hemnet.se/salda/lagenhet-4rum-sodermalm-sundsvalls-kommun-nygatan-45-1098394,124-125m²,bostadsratt,2026-08-10T06:15:45.883750
812286,https://www.hemnet.se/salda/lagenhet-4rum-centrum-lunds-kommun-erik-dahlbergsgatan-3a-812286,124-125m²,bostadsratt,2026-08-10T06:15:45.883751
110772,"https://www.hemnet.se/salda/lagenhet-3,5rum-ostermalm-stockholms-kommun-banergatan-39-110772",124-125m²,bostadsratt,2026-08-10T06:15:45.883752
1069869,https://www.hemnet.se/salda/lagenhet-4rum-kungsbacka-kungsbacka-kommun-turkosvagen-4-1069869,124-125m²,bostadsratt,2026-08-10T06:15:45.883754
1037626,https://www.hemnet.se/salda/lagenhet-4rum-vastra-hamnen-malmo-kommun-knopgrand-8-1037626,124-125m²,bostadsratt,2026-08-10T06:15:45.883755
4359770977277729827,https://www.hemnet.se/salda/lagenhet-4rum-dockan-malmo-kommun-ostra-varvsgatan-5c-4359770977277729827,124-125m²,bostadsratt,2026-08-10T06:15:45.883756
1288353,https://www.hemnet.se/salda/lagenhet-5rum-veberod-lunds-kommun-tegelmastarevagen-20-1288353,124-125m²,bostadsratt,2026-08-10T06:15:45.883758
972315,"https://www.hemnet.se/salda/lagenhet-5rum-jarlaberg-nacka-kommun-diligensvagen-65,-4tr-972315",124-125m²,bostadsratt,2026-08-10T06:15:45.883759
1394149,https://www.hemnet.se/salda/lagenhet-4rum-jarla-sjo-nacka-kommun-gustaf-de-lavals-vag-18-1394149,124-125m²,bostadsratt,2026-08-10T06:15:45.883761
1557965719362748362,https://www.hemnet.se/salda/lagenhet-4rum-sannegardshamnen-goteborgs-kommun-ceresplatsen-11-1557965719362748362,124-125m²,bostadsratt,2026-08-10T06:15:45.883762
1214788,"https://www.hemnet.se/salda/lagenhet-4rum-rasunda-solna-kommun-rasundavagen-66,-5-6tr-1214788",124-125m²,bostadsratt,2026-08-10T06:15:45.883764
2707045959953449728,https://www.hemnet.se/salda/lagenhet-3rum-centrum-ystads-kommun-regementsgatan-25-2707045959953449728,124-125m²,bostadsratt,2026-08-10T06:15:45.883765
284223,https://www.hemnet.se/salda/lagenhet-5rum-malarhojden-stockholms-kommun-mastarbacken-147-284223,124-125m²,bostadsratt,2026-08-10T06:15:45.883766
6850738400755489526,https://www.hemnet.se/salda/lagenhet-4rum-nacka-kvarnholmen-nacka-kommun-thunstroms-vag-14-6850738400755489526,124-125m²,bostadsratt,2026-08-10T06:15:45.883768
357185,https://www.hemnet.se/salda/lagenhet-4rum-centralt-uddevalla-kommun-stromstadsvagen-19-a-357185,124-125m²,bostadsratt,2026-08-10T06:15:45.883769
841580,"https://www.hemnet.se/salda/lagenhet-4rum-arenastaden-solna-kommun-evenemangsgatan-8,-8-tr-841580",124-125m²,bostadsratt,2026-08-10T06:15:45.883770
1016745,https://www.hemnet.se/salda/lagenhet-5rum-gamla-viken-hoganas-kommun-mollarevagen-3e-1016745,124-125m²,bostadsratt,2026-08-10T06:15:45.883772
6561652151041045073,https://www.hemnet.se/salda/lagenhet-5rum-ladugardsangen-orebro-kommun-boskarsgatan-33a-6561652151041045073,124-125m²,bostadsratt,2026-08-10T06:15:45.883773
3525269444217501872,https://www.hemnet.se/salda/lagenhet-6rum-skytteholm-solna-kommun-nybodagatan-6c-3525269444217501872,124-125m²,bostadsratt,2026-08-10T06:15:45.883774
400123,https://www.hemnet.se/salda/lagenhet-4rum-luthagen-uppsala-kommun-ringgatan-2-g-400123,124-125m²,bostadsratt,2026-08-10T06:15:45.883776
744944,"https://www.hemnet.se/salda/lagenhet-4rum-vasastan-stockholms-kommun-observatoriegatan-16,-3-tr-744944",124-125m²,bostadsratt,2026-08-10T06:15:45.883777
301244,https://www.hemnet.se/salda/lagenhet-4rum-city-gamla-vaster-malmo-kommun-baltzarsgatan-28-301244,124-125m²,bostadsratt,2026-08-10T06:15:45.883778
248079,https://www.hemnet.se/salda/lagenhet-4rum-alvsbacka-skelleftea-kommun-ostra-nygatan-91-a-248079,124-125m²,bostadsratt,2026-08-10T06:15:45.883780
1471390,"https://www.hemnet.se/salda/lagenhet-5rum-solna-hagalund-solna-kommun-hagalundsgatan-24,-van-13-1471390",124-125m²,bostadsratt,2026-08-10T06:15:45.883781
1279699,https://www.hemnet.se/salda/lagenhet-3rum-norr-helsingborgs-kommun-drottninggatan-118-1279699,124-125m²,bostadsratt,2026-08-10T06:15:45.883783
8827192629197800488,https://www.hemnet.se/salda/lagenhet-4rum-centralt-ostersunds-kommun-storsjostraket-36-8827192629197800488,124-125m²,bostadsratt,2026-08-10T06:15:45.883784
6627090465981770414,https://www.hemnet.se/salda/lagenhet-4rum-hemdal-vasteras-kommun-hemdalsvagen-3a-6627090465981770414,124-125m²,bostadsratt,2026-08-10T06:15:45.883785
1198926,https://www.hemnet.se/salda/lagenhet-4rum-billdal-goteborgs-kommun-uggledalsvagen-141-1198926,124-125m²,bostadsratt,2026-08-10T06:15:45.883786
5457950828670314986,https://www.hemnet.se/salda/lagenhet-6rum-haggetorp-tibro-kommun-flygelgatan-12-5457950828670314986,124-125m²,bostadsratt,2026-08-10T06:15:45.883788
857568,https://www.hemnet.se/salda/lagenhet-4rum-vasastaden-goteborgs-kommun-lilla-bergsgatan-1-857568,124-125m²,bostadsratt,2026-08-10T06:15:45.883789
4797376998124553754,https://www.hemnet.se/salda/lagenhet-5rum-centralt-amals-kommun-lunnegatan-2a-4797376998124553754,124-125m²,bostadsratt,2026-08-10T06:15:45.883791
6658378880605123672,https://www.hemnet.se/salda/lagenhet-6rum-akeshall-ystads-kommun-rotfruktsgatan-24-a-6658378880605123672,124-125m²,bostadsratt,2026-08-10T06:15:45.883792
2990002131656354084,https://www.hemnet.se/salda/lagenhet-4rum-berghusa-ystads-kommun-berghusagatan-62-2990002131656354084,124-125m²,bostadsratt,2026-08-10T06:15:45.883793
5414028086651064142,https://www.hemnet.se/salda/lagenhet-5rum-hyllie-malmo-kommun-skrivaregatan-20a-5414028086651064142,124-125m²,bostadsratt,2026-08-10T06:15:45.883795
409594,"https://www.hemnet.se/salda/lagenhet-5rum-vasastan-birkastan-stockholms-kommun-karlbergsvagen-53,-4tr-409594",124-125m²,bostadsratt,2026-08-10T06:15:45.883796
8997172177671384116,https://www.hemnet.se/salda/lagenhet-5rum-mariestad-mariestads-kommun-rosengangen-37-8997172177671384116,124-125m²,bostadsratt,2026-08-10T06:15:45.883797
2239412384372568941,https://www.hemnet.se/salda/lagenhet-4rum-lugnet-malmo-kommun-lugna-gatan-31-2239412384372568941,124-125m²,bostadsratt,2026-08-10T06:15:45.883816
408459,https://www.hemnet.se/salda/lagenhet-4rum-rorsjostaden-varnhem-malmo-kommun-foreningsgatan-81-a-408459,124-125m²,bostadsratt,2026-08-10T06:15:45.883818
7441167530300073631,https://www.hemnet.se/salda/lagenhet-5rum-bodal-lidingo-kommun-bodalsvagen-22-7441167530300073631,124-125m²,bostadsratt,2026-08-10T06:15:45.883819
1431680,https://www.hemnet.se/salda/lagenhet-4rum-svenshogen-stenungsunds-kommun-hallungevagen-72-1431680,124-125m²,bostadsratt,2026-08-10T06:15:45.883820
458931,https://www.hemnet.se/salda/lagenhet-6rum-timmervik-kode-stenungsund-kungalv-stenungsunds-kommun-myrtorpsvagen-4a-458931,124-125m²,bostadsratt,2026-08-10T06:15:45.883822
9094082291420943628,https://www.hemnet.se/salda/lagenhet-5rum-centrum-vallentuna-kommun-centralvagen-14-a-9094082291420943628,124-125m²,bostadsratt,2026-08-10T06:15:45.883823
488187,https://www.hemnet.se/salda/lagenhet-4rum-tuve-goteborgs-kommun-vastra-gunnesgarde-55-488187,124-125m²,bostadsratt,2026-08-10T06:15:45.883825
1411064556583618206,https://www.hemnet.se/salda/lagenhet-5rum-anderslov-trelleborgs-kommun-kyrkogatan-7m-1411064556583618206,124-125m²,bostadsratt,2026-08-10T06:15:45.883826
508288,https://www.hemnet.se/salda/lagenhet-4rum-mariastaden-helsingborgs-kommun-kungshultsvagen-67-508288,124-125m²,bostadsratt,2026-08-10T06:15:45.883827
483602,https://www.hemnet.se/salda/lagenhet-4rum-maria-park-helsingborgs-kommun-paviljonggangen-64-483602,124-125m²,bostadsratt,2026-08-10T06:15:45.883828
4769000131664454407,https://www.hemnet.se/salda/lagenhet-4rum-dalaro-norra-delen-haninge-kommun-lyngsasa-6-4769000131664454407,124-125m²,bostadsratt,2026-08-10T06:15:45.883830
713306,https://www.hemnet.se/salda/lagenhet-5rum-visby-gotlands-kommun-greta-arvidssons-gata-23b-radhus-b-713306,124-125m²,bostadsratt,2026-08-10T06:15:45.883831
1501015,https://www.hemnet.se/salda/lagenhet-4rum-centrum-helsingborgs-kommun-kullagatan-56-1501015,124-125m²,bostadsratt,2026-08-10T06:15:45.883833
168969,https://www.hemnet.se/salda/lagenhet-4rum-sodra-ratorp-karlstads-kommun-ratorps-alle-56-168969,124-125m²,bostadsratt,2026-08-10T06:15:45.883834
1295529,https://www.hemnet.se/salda/lagenhet-5rum-kummelnas-gard-nacka-kommun-lovbergavagen-33-1295529,124-125m²,bostadsratt,2026-08-10T06:15:45.883835
808671,https://www.hemnet.se/salda/lagenhet-5rum-oxie-malmo-kommun-fajansvagen-184-808671,124-125m²,bostadsratt,2026-08-10T06:15:45.883837
8150102071488403655,https://www.hemnet.se/salda/lagenhet-4rum-ljunghusen-vellinge-kommun-svanjaktsvagen-7-8150102071488403655,124-125m²,bostadsratt,2026-08-10T06:15:45.883838
4956443808181558685,https://www.hemnet.se/salda/lagenhet-4rum-sorbole-skelleftea-kommun-karlgardsvagen-9-4956443808181558685,124-125m²,bostadsratt,2026-08-10T06:15:45.883839
2532136289341258523,https://www.hemnet.se/salda/lagenhet-4rum-strand-karlstads-kommun-vaxnasgatan-44a-2532136289341258523,124-125m²,bostadsratt,2026-08-10T06:15:45.883840
4585781996580130389,https://www.hemnet.se/salda/lagenhet-4rum-centralt-falu-kommun-daljunkaregatan-7-4585781996580130389,124-125m²,bostadsratt,2026-08-10T06:15:45.883842
8039027051199975853,https://www.hemnet.se/salda/lagenhet-4rum-gamla-vaster-malmo-kommun-grynbodgatan-17-8039027051199975853,124-125m²,bostadsratt,2026-08-10T06:15:45.883843
533043,https://www.hemnet.se/salda/lagenhet-5rum-ost-pa-stan-umea-kommun-nytorgsgatan-6-533043,124-125m²,bostadsratt,2026-08-10T06:15:45.883845
3743574456004064143,https://www.hemnet.se/salda/lagenhet-6rum-luthagen-uppsala-kommun-plattgatan-6-3743574456004064143,124-125m²,bostadsratt,2026-08-10T06:15:45.883846
1181527,https://www.hemnet.se/salda/lagenhet-4rum-onsjo-vanersborgs-kommun-husargatan-26-1181527,124-125m²,bostadsratt,2026-08-10T06:15:45.883847
3255698924508529558,https://www.hemnet.se/salda/lagenhet-6rum-loten-uppsala-kommun-dagermansgatan-8h-3255698924508529558,124-125m²,bostadsratt,2026-08-10T06:15:45.883848
1279938,https://www.hemnet.se/salda/lagenhet-4rum-centrala-umea-umea-kommun-haradshovdingegatan-18-1279938,124-125m²,bostadsratt,2026-08-10T06:15:45.883850
849018129175939412,https://www.hemnet.se/salda/lagenhet-5rum-skytteholm-solna-kommun-framnasbacken-14-849018129175939412,124-125m²,bostadsratt,2026-08-10T06:15:45.883851
6933391981356159135,https://www.hemnet.se/salda/lagenhet-4rum-dockan-malmo-kommun-ostra-varvsgatan-5b-6933391981356159135,124-125m²,bostadsratt,2026-08-10T06:15:45.883853
8035651168631921303,"https://www.hemnet.se/salda/lagenhet-5rum-sodermalm-stockholms-kommun-brannkyrkagatan-91,-1-tr-van-2-o,g-8035651168631921303",124-125m²,bostadsratt,2026-08-10T06:15:45.883854
1012952,"https://www.hemnet.se/salda/lagenhet-3,5rum-kvarnholmen-nacka-kommun-mjolnarvagen-22,-4-tr-1012952",124-125m²,bostadsratt,2026-08-10T06:15:45.883856
175880,https://www.hemnet.se/salda/lagenhet-4rum-karlberga-park-sodertalje-kommun-osterviksbacken-8-175880,124-125m²,bostadsratt,2026-08-10T06:15:45.883857
1130009,https://www.hemnet.se/salda/lagenhet-5rum-ostermalm-vasterviks-kommun-esplanaden-27-1130009,124-125m²,bostadsratt,2026-08-10T06:15:45.883858
937377,"https://www.hemnet.se/salda/lagenhet-4rum-vasastan-ostermalm-stockholms-kommun-odengatan-28,-5-tr-937377",124-125m²,bostadsratt,2026-08-10T06:15:45.883860
856214,"https://www.hemnet.se/salda/lagenhet-3,5rum-kvarnholmen-nacka-kommun-mjolnarvagen-22,-10-tr-856214",124-125m²,bostadsratt,2026-08-10T06:15:45.883861
1067702,https://www.hemnet.se/salda/lagenhet-4rum-lilla-alby-sundbybergs-kommun-hamngatan-15-b-1067702,124-125m²,bostadsratt,2026-08-10T06:15:45.883862
6377956055067353225,https://www.hemnet.se/salda/lagenhet-4rum-lillaudden-vasteras-kommun-fyrbaksvagen-6-6377956055067353225,124-125m²,bostadsratt,2026-08-10T06:15:45.883863
1279430,https://www.hemnet.se/salda/lagenhet-4rum-varvsholmen-kalmar-kommun-bredbandet-16-1279430,124-125m²,bostadsratt,2026-08-10T06:15:45.883865
443125,https://www.hemnet.se/salda/lagenhet-5rum-galgberget-falu-kommun-nedre-gruvrisvagen-13-d-443125,124-125m²,bostadsratt,2026-08-10T06:15:45.883866
3569744186942017244,https://www.hemnet.se/salda/lagenhet-4rum-ljungby-ljungby-kommun-parkgatan-23-3569744186942017244,124-125m²,bostadsratt,2026-08-10T06:15:45.883868
1377510,"https://www.hemnet.se/salda/lagenhet-4,5rum-rosendal-uppsala-kommun-soldathemsvagen-3-1377510",124-125m²,bostadsratt,2026-08-10T06:15:45.883869
870795,"https://www.hemnet.se/salda/lagenhet-3,5rum-kungsholmen-stockholms-kommun-scheelegatan-40c-870795",124-125m²,bostadsratt,2026-08-10T06:15:45.883870
5549589919615788328,https://www.hemnet.se/salda/lagenhet-7rum-vemdalsskalet-harjedalens-kommun-vemdalsskalet-susannes-vag-34a-5549589919615788328,124-125m²,bostadsratt,2026-08-10T06:15:45.883872
1174559,"https://www.hemnet.se/salda/lagenhet-5rum-arenastaden-solna-kommun-evenemangsgatan-34,-penthouse-van-22-22-1174559",124-125m²,bostadsratt,2026-08-10T06:15:45.883873
1463565,https://www.hemnet.se/salda/lagenhet-4rum-centrum-uppsala-kommun-stationsgatan-30-1463565,124-125m²,bostadsratt,2026-08-10T06:15:45.883875
1482956,https://www.hemnet.se/salda/lagenhet-5rum-vaster-orebro-kommun-tegelmastargarden-5-1482956,124-125m²,bostadsratt,2026-08-10T06:15:45.883876
729674,https://www.hemnet.se/salda/lagenhet-5rum-granloholm-vastra-sundsvalls-kommun-kungsbackavagen-4-729674,124-125m²,bostadsratt,2026-08-10T06:15:45.883877
1319340,https://www.hemnet.se/salda/lagenhet-4rum-limhamn-malmo-kommun-rosengrens-gata-9b-1319340,124-125m²,bostadsratt,2026-08-10T06:15:45.883879
847780,https://www.hemnet.se/salda/lagenhet-4rum-kalgarden-jonkopings-kommun-stenhuggargatan-18-847780,124-125m²,bostadsratt,2026-08-10T06:15:45.883880
999361,https://www.hemnet.se/salda/lagenhet-4rum-kalleback-goteborgs-kommun-smorgatan-23-999361,124-125m²,bostadsratt,2026-08-10T06:15:45.883881
649234,https://www.hemnet.se/salda/lagenhet-5rum-alunda-osthammars-kommun-karin-alinders-vag-4-649234,124-125m²,bostadsratt,2026-08-10T06:15:45.883883
1409637,https://www.hemnet.se/salda/lagenhet-5rum-varsangen-malmo-kommun-folksangsgatan-141-1409637,124-125m²,bostadsratt,2026-08-10T06:15:45.883884
907521168400586559,https://www.hemnet.se/salda/lagenhet-4rum-alta-sodra-hedvigslund-nacka-kommun-anemonvagen-36-907521168400586559,124-125m²,bostadsratt,2026-08-10T06:15:45.883886
1444535,https://www.hemnet.se/salda/lagenhet-4rum-hemdal-vasteras-kommun-hemdalsvagen-3a-1444535,124-125m²,bostadsratt,2026-08-10T06:15:45.883887
7686723067922774667,https://www.hemnet.se/salda/lagenhet-5rum-kvarnholmen-nacka-kommun-thunstroms-vag-14-7686723067922774667,124-125m²,bostadsratt,2026-08-10T06:15:45.883888
399159,https://www.hemnet.se/salda/lagenhet-4rum-centrum-trelleborgs-kommun-hansagatan-3-399159,124-125m²,bostadsratt,2026-08-10T06:15:45.883890
5496662480651825046,https://www.hemnet.se/salda/lagenhet-3rum-sundby-park-strangnas-kommun-sundbyvagen-49-5496662480651825046,124-125m²,bostadsratt,2026-08-10T06:15:45.883891
903014,"https://www.hemnet.se/salda/lagenhet-5rum-varsangen,-malmo-malmo-kommun-folksangsgatan-59-903014",124-125m²,bostadsratt,2026-08-10T06:15:45.883892
6942933978765110826,https://www.hemnet.se/salda/lagenhet-4rum-ratorp-grava-karlstads-kommun-ratorps-alle-60-6942933978765110826,124-125m²,bostadsratt,2026-08-10T06:15:45.883894
1202539,https://www.hemnet.se/salda/lagenhet-5rum-trosso-karlskrona-kommun-olandsgatan-23-a-1202539,124-125m²,bostadsratt,2026-08-10T06:15:45.883895
332239,https://www.hemnet.se/salda/lagenhet-4rum-centrala-ostersund-ostersunds-kommun-kopmangatan-65-c-332239,124-125m²,bostadsratt,2026-08-10T06:15:45.883897
1160301,https://www.hemnet.se/salda/lagenhet-4rum-ulricehamn-ulricehamns-kommun-bangardsgatan-11-b-1160301,124-125m²,bostadsratt,2026-08-10T06:15:45.883898
666309,https://www.hemnet.se/salda/lagenhet-4rum-saltsjobaden-nacka-kommun-vargardsvagen-2-666309,124-125m²,bostadsratt,2026-08-10T06:15:45.883899
746461,https://www.hemnet.se/salda/lagenhet-5rum-gamla-enskede-stockholms-kommun-stockholmsvagen-45-746461,124-125m²,bostadsratt,2026-08-10T06:15:45.883901
848455,https://www.hemnet.se/salda/lagenhet-4rum-vastergard-helsingborgs-kommun-vastergardsgatan-31-848455,124-125m²,bostadsratt,2026-08-10T06:15:45.883902
677835,https://www.hemnet.se/salda/lagenhet-4rum-innerstan-linkopings-kommun-hamngatan-7-677835,124-125m²,bostadsratt,2026-08-10T06:15:45.883903
1368823,https://www.hemnet.se/salda/lagenhet-5rum-viksjo-jarfalla-kommun-axvagen-57-1368823,124-125m²,bostadsratt,2026-08-10T06:15:45.883905
1151438,"https://www.hemnet.se/salda/lagenhet-4rum-skytteholm-solna-kommun-framnasbacken-16,-4tr-1151438",124-125m²,bostadsratt,2026-08-10T06:15:45.883906
207727,https://www.hemnet.se/salda/lagenhet-5rum-city-lugnet-malmo-kommun-lugna-gatan-31-207727,124-125m²,bostadsratt,2026-08-10T06:15:45.883907
4352327308135065013,"https://www.hemnet.se/salda/lagenhet-4rum-sodermalm-stockholms-kommun-torkel-knutssonsgatan-35,-6-tr-4352327308135065013",124-125m²,bostadsratt,2026-08-10T06:15:45.883909
1125356,https://www.hemnet.se/salda/lagenhet-5rum-klockarfjallet-harjedalens-kommun-fjallstigen-8-b-1125356,124-125m²,bostadsratt,2026-08-10T06:15:45.883910
1408073,https://www.hemnet.se/salda/lagenhet-6rum-loten-uppsala-kommun-dagermansgatan-8c-1408073,124-125m²,bostadsratt,2026-08-10T06:15:45.883912
682632,https://www.hemnet.se/salda/lagenhet-5rum-haga-enkopings-kommun-tessin-d-a-alle-52-682632,124-125m²,bostadsratt,2026-08-10T06:15:45.883913
6121970107975017927,https://www.hemnet.se/salda/lagenhet-4rum-rydeback-helsingborgs-kommun-horsogatan-30-6121970107975017927,124-125m²,bostadsratt,2026-08-10T06:15:45.883914
830974,"https://www.hemnet.se/salda/lagenhet-3rum-hagernas-strand-taby-kommun-flygvillevagen-9,-vaning-7-830974",124-125m²,bostadsratt,2026-08-10T06:15:45.883916
3262582299008090372,https://www.hemnet.se/salda/lagenhet-5rum-fjalkinge-kristianstads-kommun-megalitvagen-24-3262582299008090372,124-125m²,bostadsratt,2026-08-10T06:15:45.883917
898782,https://www.hemnet.se/salda/lagenhet-4rum-eriksberg-sannegardshamnen-goteborgs-kommun-ceresplatsen-11-898782,124-125m²,bostadsratt,2026-08-10T06:15:45.883918
700971,https://www.hemnet.se/salda/lagenhet-5rum-kalgarden-jonkopings-kommun-stenhuggargatan-28-700971,124-125m²,bostadsratt,2026-08-10T06:15:45.883920
485427,https://www.hemnet.se/salda/lagenhet-4rum-lomma-strandstad-lomma-kommun-sommargatan-31-485427,124-125m²,bostadsratt,2026-08-10T06:15:45.883921
7152812233586256996,"https://www.hemnet.se/salda/lagenhet-4rum-vasastan-stockholms-kommun-vegagatan-3,-3tr-7152812233586256996",124-125m²,bostadsratt,2026-08-10T06:15:45.883922
152087,https://www.hemnet.se/salda/lagenhet-5rum-centrum-lunds-kommun-prennegatan-2c-152087,124-125m²,bostadsratt,2026-08-10T06:15:45.883924
677993,https://www.hemnet.se/salda/lagenhet-5rum-apelviken-varbergs-kommun-nyens-vag-14-677993,124-125m²,bostadsratt,2026-08-10T06:15:45.883925
1230595161791685819,"https://www.hemnet.se/salda/lagenhet-4,5rum-kapellgardet-uppsala-kommun-torngatan-30-1230595161791685819",124-125m²,bostadsratt,2026-08-10T06:15:45.883926
207316,"https://www.hemnet.se/salda/lagenhet-4rum-kungsholmen-stockholms-kommun-scheelegatan-11,-3-tr-207316",124-125m²,bostadsratt,2026-08-10T06:15:45.883928
1111895,"https://www.hemnet.se/salda/lagenhet-5rum-huvudsta-solna-kommun-jungfrudansen-44,-5-tr-1111895",124-125m²,bostadsratt,2026-08-10T06:15:45.883929
2326308010357005902,https://www.hemnet.se/salda/lagenhet-4rum-liljeholmen-jonkopings-kommun-lillgatan-12-2326308010357005902,124-125m²,bostadsratt,2026-08-10T06:15:45.883931
2904118397336931440,https://www.hemnet.se/salda/lagenhet-5rum-odakra-helsingborgs-kommun-merkuriusgatan-186-2904118397336931440,124-125m²,bostadsratt,2026-08-10T06:15:45.883932
700511,https://www.hemnet.se/salda/lagenhet-6rum-drottninggarden-landskrona-kommun-drottninggarden-125-700511,124-125m²,bostadsratt,2026-08-10T06:15:45.883934
3743100831534615755,https://www.hemnet.se/salda/lagenhet-5rum-kroksback-malmo-kommun-mobacksgatan-25-3743100831534615755,124-125m²,bostadsratt,2026-08-10T06:15:45.883935
211271,"https://www.hemnet.se/salda/lagenhet-4,5rum-vasastan-stockholms-kommun-dobelnsgatan-18-211271",124-125m²,bostadsratt,2026-08-10T06:15:45.883936
3687832022743934080,https://www.hemnet.se/salda/lagenhet-6rum-akers-styckebruk-strangnas-kommun-skordevagen-114-3687832022743934080,124-125m²,bostadsratt,2026-08-10T06:15:45.883938
766109,https://www.hemnet.se/salda/lagenhet-5rum-boras-boras-kommun-hestra-ringvag-20a-766109,124-125m²,bostadsratt,2026-08-10T06:15:45.883939
997406,"https://www.hemnet.se/salda/lagenhet-5rum-gardet-stockholms-kommun-sandhamnsgatan-34,-1-tr-997406",124-125m²,bostadsratt,2026-08-10T06:15:45.883940
473051,https://www.hemnet.se/salda/lagenhet-4rum-rorsjostaden-malmo-kommun-foreningsgatan-65b-473051,124-125m²,bostadsratt,2026-08-10T06:15:45.883942
4071799778826078671,https://www.hemnet.se/salda/lagenhet-4rum-kapellgardet-uppsala-kommun-rabyvagen-70-4071799778826078671,124-125m²,bostadsratt,2026-08-10T06:15:45.883943
629669,"https://www.hemnet.se/salda/lagenhet-5rum-taby-centrum-taby-kommun-marknadsvagen-295,-1tr-629669",124-125m²,bostadsratt,2026-08-10T06:15:45.883944
896794,"https://www.hemnet.se/salda/lagenhet-4,5rum-birkastan-vasastan-stockholms-kommun-rorstrandsgatan-56-b-896794",124-125m²,bostadsratt,2026-08-10T06:15:45.883946
531558,"https://www.hemnet.se/salda/lagenhet-4,5rum-rorsjostaden-malmo-kommun-foreningsgatan-81-a-531558",124-125m²,bostadsratt,2026-08-10T06:15:45.883947
1265735,https://www.hemnet.se/salda/lagenhet-4rum-gustavsberg-hasthagen-varmdo-kommun-skargardsvagen-6-1265735,124-125m²,bostadsratt,2026-08-10T06:15:45.883949
1348394,"https://www.hemnet.se/salda/lagenhet-5,5rum-sverige-mariefreds-strand-1348394",124-125m²,bostadsratt,2026-08-10T06:15:45.883950
114867,https://www.hemnet.se/salda/lagenhet-5rum-norr-norrkopings-kommun-enebygatan-20-114867,124-125m²,bostadsratt,2026-08-10T06:15:45.883951
1778956944643129753,https://www.hemnet.se/salda/lagenhet-4rum-alta-sodra-hedvigslund-nacka-kommun-buxbomsvagen-12-1778956944643129753,124-125m²,bostadsratt,2026-08-10T06:15:45.883952
759745,https://www.hemnet.se/salda/lagenhet-4rum-alvsbacka-skelleftea-kommun-ostra-nygatan-91-a-759745,124-125m²,bostadsratt,2026-08-10T06:15:45.883954
175663,https://www.hemnet.se/salda/lagenhet-5rum-alunda-osthammars-kommun-karin-alinders-vag-17-175663,124-125m²,bostadsratt,2026-08-10T06:15:45.883955
1210533,https://www.hemnet.se/salda/lagenhet-5rum-akeshall-ystads-kommun-rotfruktsgatan-18b-1210533,124-125m²,bostadsratt,2026-08-10T06:15:45.883956
6916416739242817666,https://www.hemnet.se/salda/lagenhet-4rum-hjo-hjo-kommun-fabriksgatan-8g-6916416739242817666,124-125m²,bostadsratt,2026-08-10T06:15:45.883958
2240998097846604175,https://www.hemnet.se/salda/lagenhet-4rum-alvsbacka-skelleftea-kommun-ostra-nygatan-91a-2240998097846604175,124-125m²,bostadsratt,2026-08-10T06:15:45.883959
991439,https://www.hemnet.se/salda/lagenhet-4rum-kungsangen-upplands-bro-kommun-lillmossvagen-15a-norrboda-991439,124-125m²,bostadsratt,2026-08-10T06:15:45.883961
409047,https://www.hemnet.se/salda/lagenhet-5rum-akeshall-ystads-kommun-rotfruktsgatan-34-b-409047,124-125m²,bostadsratt,2026-08-10T06:15:45.883962
948785,https://www.hemnet.se/salda/lagenhet-4rum-sundbyberg-sundbybergs-kommun-vattugatan-6-948785,124-125m²,bostadsratt,2026-08-10T06:15:45.883963
606536,"https://www.hemnet.se/salda/lagenhet-4rum-vasastan-birkastan-stockholms-kommun-karlbergsvagen-55,-1,5-tr-606536",124-125m²,bostadsratt,2026-08-10T06:15:45.883965
38164,https://www.hemnet.se/salda/lagenhet-4rum-lindholmen-goteborgs-kommun-stapelbadden-5-38164,124-125m²,bostadsratt,2026-08-10T06:15:45.883966
395297,https://www.hemnet.se/salda/lagenhet-5rum-vetterslund-vasteras-kommun-vetterslundsgatan-32-395297,124-125m²,bostadsratt,2026-08-10T06:15:45.883967
1150582,https://www.hemnet.se/salda/lagenhet-5rum-tumba-uttran-botkyrka-kommun-tant-grons-vag-36-1150582,124-125m²,bostadsratt,2026-08-10T06:15:45.883969
228453,https://www.hemnet.se/salda/lagenhet-4rum-farjestaden-morbylanga-kommun-norra-hamnplan-7-a-228453,124-125m²,bostadsratt,2026-08-10T06:15:45.883970
1136425,https://www.hemnet.se/salda/lagenhet-4rum-sodra-karlgard-skelleftea-kommun-karlgardsvagen-5-1136425,124-125m²,bostadsratt,2026-08-10T06:15:45.883971
637558,https://www.hemnet.se/salda/lagenhet-124m2-marsta-sigtuna-kommun-skolgatan-6-f-637558,124-125m²,bostadsratt,2026-08-10T06:15:45.883973
144692,"https://www.hemnet.se/salda/lagenhet-4rum-kungsholmen-stockholms-kommun-sankt-eriksgatan-28,-van-1-144692",124-125m²,bostadsratt,2026-08-10T06:15:45.883974
8041855648750126774,https://www.hemnet.se/salda/lagenhet-5rum-ostermalm-stockholms-kommun-birger-jarlsgatan-98-8041855648750126774,124-125m²,bostadsratt,2026-08-10T06:15:45.883975
475920,https://www.hemnet.se/salda/lagenhet-4rum-mariastaden-helsingborgs-kommun-kungshultsvagen-65-475920,124-125m²,bostadsratt,2026-08-10T06:15:45.883977
195932,https://www.hemnet.se/salda/lagenhet-5rum-astorp-centralt-astorps-kommun-piongatan-24-195932,124-125m²,bostadsratt,2026-08-10T06:15:45.883978
1042185,https://www.hemnet.se/salda/lagenhet-5rum-vetterslund-vasteras-kommun-vetterslundsgatan-20-1042185,124-125m²,bostadsratt,2026-08-10T06:15:45.883979
7840926646822127418,https://www.hemnet.se/salda/lagenhet-6rum-rosendal-uppsala-kommun-soldathemsvagen-1-7840926646822127418,124-125m²,bostadsratt,2026-08-10T06:15:45.883981
892809,https://www.hemnet.se/salda/lagenhet-4rum-kasernhojden-karlstads-kommun-kasernhojden-13-a-892809,124-125m²,bostadsratt,2026-08-10T06:15:45.883982
69295,https://www.hemnet.se/salda/lagenhet-4rum-centralt-kungalvs-kommun-rexegatan-3-c-69295,124-125m²,bostadsratt,2026-08-10T06:15:45.883983
832392,https://www.hemnet.se/salda/lagenhet-5rum-oxie-malmo-kommun-fajansvagen-188-832392,124-125m²,bostadsratt,2026-08-10T06:15:45.883985
834799,https://www.hemnet.se/salda/lagenhet-5rum-hovsta-orebro-kommun-vetevagen-100-834799,124-125m²,bostadsratt,2026-08-10T06:15:45.883986
218503,"https://www.hemnet.se/salda/lagenhet-4rum-saltsjobaden-rosunda-nacka-kommun-skidbacksvagen-6,-3-tr-218503",124-125m²,bostadsratt,2026-08-10T06:15:45.883988
1472080,https://www.hemnet.se/salda/lagenhet-5rum-bromma-mariehall-stockholms-kommun-adolfsbergsvagen-24-1472080,124-125m²,bostadsratt,2026-08-10T06:15:45.883989
7151160526642619674,https://www.hemnet.se/salda/lagenhet-5rum-framre-luthagen-uppsala-kommun-s-t-johannesgatan-3b-7151160526642619674,124-125m²,bostadsratt,2026-08-10T06:15:45.883990
1486896,https://www.hemnet.se/salda/lagenhet-5rum-oxie-malmo-kommun-lergodsvagen-19-1486896,124-125m²,bostadsratt,2026-08-10T06:15:45.883992
1357676,"https://www.hemnet.se/salda/lagenhet-6rum-stora-uppakra-staffanstorps-kommun-januarivagen,-lgh-26-1357676",124-125m²,bostadsratt,2026-08-10T06:15:45.883993
1044513,https://www.hemnet.se/salda/lagenhet-5rum-svarte-ystads-kommun-litteraturgatan-lgh-9-1044513,124-125m²,bostadsratt,2026-08-10T06:15:45.883994
992359,https://www.hemnet.se/salda/lagenhet-4rum-klippan-sodra-alvstranden-goteborgs-kommun-klippan-1e-992359,124-125m²,bostadsratt,2026-08-10T06:15:45.883996
286686,"https://www.hemnet.se/salda/lagenhet-4rum-tullinge-botkyrka-kommun-elgentorpsvagen-19-,-7tr-286686",124-125m²,bostadsratt,2026-08-10T06:15:45.883997
8964196178586271857,https://www.hemnet.se/salda/lagenhet-5rum-jarlaberg-nacka-kommun-diligensvagen-41-8964196178586271857,124-125m²,bostadsratt,2026-08-10T06:15:45.883999
880147,https://www.hemnet.se/salda/lagenhet-5rum-lugnet-malmo-kommun-lugna-gatan-17-880147,124-125m²,bostadsratt,2026-08-10T06:15:45.884000
2355207833230787567,https://www.hemnet.se/salda/lagenhet-6rum-soder-amals-kommun-grindhojdsvagen-4-2355207833230787567,124-125m²,bostadsratt,2026-08-10T06:15:45.884001
167146,https://www.hemnet.se/salda/lagenhet-4rum-alvsjo-stockholms-kommun-folkparksvagen-172-167146,124-125m²,bostadsratt,2026-08-10T06:15:45.884003
637027,https://www.hemnet.se/salda/lagenhet-5rum-kallhall-jarfalla-kommun-ladersattravagen-93-637027,124-125m²,bostadsratt,2026-08-10T06:15:45.884004
91327,https://www.hemnet.se/salda/lagenhet-5rum-solgard-huddinge-kommun-hedenhosvagen-59-91327,124-125m²,bostadsratt,2026-08-10T06:15:45.884006
1310306,https://www.hemnet.se/salda/lagenhet-6rum-akeshall-ystads-kommun-rotfruktsgatan-14-1310306,124-125m²,bostadsratt,2026-08-10T06:15:45.884007
819289,https://www.hemnet.se/salda/lagenhet-5rum-torslanda-andalen-goteborgs-kommun-karrs-angar-1-819289,124-125m²,bostadsratt,2026-08-10T06:15:45.884009
101904,https://www.hemnet.se/salda/lagenhet-5rum-eriksberg-goteborgs-kommun-ostindiefararen-37-101904,124-125m²,bostadsratt,2026-08-10T06:15:45.884010
7384305510904883089,"https://www.hemnet.se/salda/lagenhet-4rum-solna-c-skytteholm-solna-kommun-framnasbacken-16,-2tr-7384305510904883089",124-125m²,bostadsratt,2026-08-10T06:15:45.884011
197158,https://www.hemnet.se/salda/lagenhet-5rum-lidhem-vasterviks-kommun-esplanaden-27-197158,124-125m²,bostadsratt,2026-08-10T06:15:45.884013
1014115,https://www.hemnet.se/salda/lagenhet-4rum-kungsbacka-kungsbacka-kommun-turkosvagen-2-1014115,124-125m²,bostadsratt,2026-08-10T06:15:45.884014
682405,"https://www.hemnet.se/salda/lagenhet-4rum-mariatorget-stockholms-kommun-rosenlundsgatan-28a,-4-tr-682405",124-125m²,bostadsratt,2026-08-10T06:15:45.884015
5064658425954282690,https://www.hemnet.se/salda/lagenhet-5rum-tangen-stromstads-kommun-tangenvagen-14-5064658425954282690,124-125m²,bostadsratt,2026-08-10T06:15:45.884017
5611197101662900844,https://www.hemnet.se/salda/lagenhet-4rum-mariastaden-helsingborgs-kommun-kungshultsvagen-65-5611197101662900844,124-125m²,bostadsratt,2026-08-10T06:15:45.884018
487625,"https://www.hemnet.se/salda/lagenhet-3,5rum-herrhagen-karlstads-kommun-stagnellsgatan-9-487625",124-125m²,bostadsratt,2026-08-10T06:15:45.884019
830361,"https://www.hemnet.se/salda/lagenhet-5rum-viksjo-jarfalla-kommun-axvagen-89,-2tr-830361",124-125m²,bostadsratt,2026-08-10T06:15:45.884021
913388,https://www.hemnet.se/salda/lagenhet-5rum-idala-lunds-kommun-master-knuds-vag-111-913388,124-125m²,bostadsratt,2026-08-10T06:15:45.884022
457253,https://www.hemnet.se/salda/lagenhet-4rum-lund-centrum-lunds-kommun-dalbyvagen-21-457253,124-125m²,bostadsratt,2026-08-10T06:15:45.884023
7002957716491677220,https://www.hemnet.se/salda/lagenhet-5rum-bagaregarden-goteborgs-kommun-bagaregardsgatan-13b-7002957716491677220,124-125m²,bostadsratt,2026-08-10T06:15:45.884025
1298756,https://www.hemnet.se/salda/lagenhet-5rum-husensjo-helsingborgs-kommun-tyringegatan-3-1298756,124-125m²,bostadsratt,2026-08-10T06:15:45.884026
275800,https://www.hemnet.se/salda/lagenhet-5rum-anggarden-goteborgs-kommun-thorild-wulffsgatan-28-275800,124-125m²,bostadsratt,2026-08-10T06:15:45.884027
365059,"https://www.hemnet.se/salda/lagenhet-5rum-norra-djurgardsstaden-stockholms-kommun-hogviltsgatan-3,-5tr-365059",124-125m²,bostadsratt,2026-08-10T06:15:45.884029
1209413,https://www.hemnet.se/salda/lagenhet-4rum-alnangarna-orebro-kommun-sodra-grev-rosengatan-56c-1209413,124-125m²,bostadsratt,2026-08-10T06:15:45.884030
2050537203745031332,https://www.hemnet.se/salda/lagenhet-4rum-kulturkvadranten-lunds-kommun-adelgatan-3-2050537203745031332,124-125m²,bostadsratt,2026-08-10T06:15:45.884032
623026,"https://www.hemnet.se/salda/lagenhet-4rum-stockholm-vasastan-stockholms-kommun-rorstrandsgatan-56-b,-3-tr-623026",124-125m²,bostadsratt,2026-08-10T06:15:45.884033
7735561574728150578,https://www.hemnet.se/salda/lagenhet-5rum-jungfrudansen-solna-kommun-jungfrudansen-44-7735561574728150578,124-125m²,bostadsratt,2026-08-10T06:15:45.884034
5738551909611743314,https://www.hemnet.se/salda/lagenhet-4rum-haga-hemdal-vasteras-kommun-hemdalsvagen-3a-5738551909611743314,124-125m²,bostadsratt,2026-08-10T06:15:45.884036
1307534,https://www.hemnet.se/salda/lagenhet-4rum-rorsjostaden-malmo-kommun-exercisgatan-13-1307534,124-125m²,bostadsratt,2026-08-10T06:15:45.884037
68518,https://www.hemnet.se/salda/lagenhet-5rum-vilhelmsro-falkopings-kommun-vilhelmsrogatan-101-68518,124-125m²,bostadsratt,2026-08-10T06:15:45.884038
330922,https://www.hemnet.se/salda/lagenhet-3rum-city-malmo-kommun-kaptensgatan-9-330922,124-125m²,bostadsratt,2026-08-10T06:15:45.884040
1280660,https://www.hemnet.se/salda/lagenhet-5rum-centrum-lulea-kommun-skeppsbrogatan-50-1280660,124-125m²,bostadsratt,2026-08-10T06:15:45.884041
1124196,https://www.hemnet.se/salda/lagenhet-4rum-oxievang-malmo-kommun-oxievangsvagen-97-1124196,124-125m²,bostadsratt,2026-08-10T06:15:45.884042
8078080672642135171,https://www.hemnet.se/salda/lagenhet-5rum-lasstorp-katrineholms-kommun-krusbarsvagen-5b-8078080672642135171,124-125m²,bostadsratt,2026-08-10T06:15:45.884044
226232,https://www.hemnet.se/salda/lagenhet-5rum-alunda-osthammars-kommun-johan-marmens-vag-55-226232,124-125m²,bostadsratt,2026-08-10T06:15:45.884045
1217959,https://www.hemnet.se/salda/lagenhet-5rum-centralt-ostersunds-kommun-storgatan-45-1217959,124-125m²,bostadsratt,2026-08-10T06:15:45.884046
3268558199254943623,https://www.hemnet.se/salda/lagenhet-5rum-djurangen-kalmar-kommun-djurangsvagen-66b-3268558199254943623,124-125m²,bostadsratt,2026-08-10T06:15:45.884048
5968720909498079007,https://www.hemnet.se/salda/lagenhet-5rum-branninge-habo-kommun-blaklintsgatan-1-5968720909498079007,124-125m²,bostadsratt,2026-08-10T06:15:45.884049
167578,https://www.hemnet.se/salda/lagenhet-4rum-orby-stockholms-kommun-orboholmsvagen-15-167578,124-125m²,bostadsratt,2026-08-10T06:15:45.884050
1389002272363877079,https://www.hemnet.se/salda/lagenhet-5rum-rosenlund-sodertalje-kommun-folkparksvagen-14-1389002272363877079,124-125m²,bostadsratt,2026-08-10T06:15:45.884052
1111200,"https://www.hemnet.se/salda/lagenhet-4,5rum-ostermalm-kristianstads-kommun-kapellgatan-14a-1111200",124-125m²,bostadsratt,2026-08-10T06:15:45.884053
4848359242739450130,https://www.hemnet.se/salda/lagenhet-4rum-skarpnack-stockholms-kommun-pilotgatan-16-4848359242739450130,124-125m²,bostadsratt,2026-08-10T06:15:45.884054
609975,https://www.hemnet.se/salda/lagenhet-5rum-akeshall-ystads-kommun-rotfruktsgatan-28-b-609975,124-125m²,bostadsratt,2026-08-10T06:15:45.884056
9192366966017685017,https://www.hemnet.se/salda/lagenhet-4rum-gamla-oster-vasterviks-kommun-stromsgatan-16-9192366966017685017,124-125m²,bostadsratt,2026-08-10T06:15:45.884057
7740459168048294960,https://www.hemnet.se/salda/lagenhet-5rum-centrala-skurup-skurups-kommun-ostergatan-23a-7740459168048294960,124-125m²,bostadsratt,2026-08-10T06:15:45.884058
736442,https://www.hemnet.se/salda/lagenhet-4rum-trosa-centralt-trosa-kommun-ostermalmsvagen-34-h-736442,124-125m²,bostadsratt,2026-08-10T06:15:45.884060
805747,https://www.hemnet.se/salda/lagenhet-5rum-haggetorp-tibro-kommun-haggetorps-alle-27-805747,124-125m²,bostadsratt,2026-08-10T06:15:45.884061
484824,https://www.hemnet.se/salda/lagenhet-4rum-maria-park-helsingborgs-kommun-vastra-allen-12-484824,124-125m²,bostadsratt,2026-08-10T06:15:45.884062
654051,"https://www.hemnet.se/salda/lagenhet-5rum-vasastan-stockholms-kommun-kungstensgatan-61,-4-tr-654051",124-125m²,bostadsratt,2026-08-10T06:15:45.884064
585226,https://www.hemnet.se/salda/lagenhet-5rum-viksjo-jarfalla-kommun-axvagen-81-585226,124-125m²,bostadsratt,2026-08-10T06:15:45.884065
3140210658368561531,https://www.hemnet.se/salda/lagenhet-5rum-langedrag-lokattsbacken-goteborgs-kommun-lokattsbacken-64-3140210658368561531,124-125m²,bostadsratt,2026-08-10T06:15:45.884067
443531,"https://www.hemnet.se/salda/lagenhet-5rum-kungsholmen-stockholms-kommun-grubbensringen-2,-3-4-tr-443531",124-125m²,bostadsratt,2026-08-10T06:15:45.884068
54591,https://www.hemnet.se/salda/lagenhet-5rum-husensjo-helsingborgs-kommun-tyringegatan-3-54591,124-125m²,bostadsratt,2026-08-10T06:15:45.884069
397493,https://www.hemnet.se/salda/lagenhet-4rum-kasernhojden-karlstads-kommun-kasernhojden-13-a-397493,124-125m²,bostadsratt,2026-08-10T06:15:45.884070
1372217,https://www.hemnet.se/salda/lagenhet-4rum-helsingborg-helsingborgs-kommun-vastergardsgatan-29-1372217,124-125m²,bostadsratt,2026-08-10T06:15:45.884072
438251,https://www.hemnet.se/salda/lagenhet-5rum-jarla-sjo-nacka-kommun-garverigrand-7-438251,124-125m²,bostadsratt,2026-08-10T06:15:45.884073
3617416098345089330,https://www.hemnet.se/salda/lagenhet-4rum-varvsholmen-kalmar-kommun-jeanssongatan-11-3617416098345089330,124-125m²,bostadsratt,2026-08-10T06:15:45.884074
7529050961603813107,https://www.hemnet.se/salda/lagenhet-4rum-braten-mariestads-kommun-rosengangen-2-7529050961603813107,124-125m²,bostadsratt,2026-08-10T06:15:45.884076
2704779861657416451,https://www.hemnet.se/salda/lagenhet-3rum-norra-soderhamn-soderhamns-kommun-norrtullsgatan-10-2704779861657416451,124-125m²,bostadsratt,2026-08-10T06:15:45.884077
2038090193039356179,https://www.hemnet.se/salda/lagenhet-4rum-bremerlyckan-kalmar-kommun-vegagatan-7-2038090193039356179,124-125m²,bostadsratt,2026-08-10T06:15:45.884078
430095,https://www.hemnet.se/salda/lagenhet-5rum-fjalkinge-kristianstads-kommun-megalitvagen-24-430095,124-125m²,bostadsratt,2026-08-10T06:15:45.884080
649561,"https://www.hemnet.se/salda/lagenhet-4rum-jarlaberg-nacka-kommun-landavagen-14,-4-tr-649561",124-125m²,bostadsratt,2026-08-10T06:15:45.884081
466014,"https://www.hemnet.se/salda/lagenhet-5rum-sverige,vastra-gotaland,alingsas,centralt-alingsas-kommun-hemvagen-15f-466014",124-125m²,bostadsratt,2026-08-10T06:15:45.884082
4188861053470690029,https://www.hemnet.se/salda/lagenhet-5rum-jonstorp-hoganas-kommun-beckasinvagen-4a-4188861053470690029,124-125m²,bostadsratt,2026-08-10T06:15:45.884084
1463867,https://www.hemnet.se/salda/lagenhet-4rum-sea-u-helsingborgs-kommun-kungsgatan-8-1463867,124-125m²,bostadsratt,2026-08-10T06:15:45.884085
7572718501585419178,https://www.hemnet.se/salda/lagenhet-5rum-sodra-lindhult-orebro-kommun-ekevagen-13a-7572718501585419178,124-125m²,bostadsratt,2026-08-10T06:15:45.884087
2685254645152728602,https://www.hemnet.se/salda/lagenhet-5rum-taby-centrum-taby-kommun-marknadsvagen-237-2685254645152728602,124-125m²,bostadsratt,2026-08-10T06:15:45.884088
500002,https://www.hemnet.se/salda/lagenhet-5rum-eslov-eslovs-kommun-klippanvagen-33-a-500002,124-125m²,bostadsratt,2026-08-10T06:15:45.884089
4061409750095608669,https://www.hemnet.se/salda/lagenhet-5rum-haga-sundsvalls-kommun-vinkelgatan-5-4061409750095608669,124-125m²,bostadsratt,2026-08-10T06:15:45.884090
7881617437896617713,https://www.hemnet.se/salda/lagenhet-3rum-skeppsbrokajen-hamnen-landskrona-kommun-lilla-strandgatan-3-7881617437896617713,124-125m²,bostadsratt,2026-08-10T06:15:45.884092
3244785734883958443,https://www.hemnet.se/salda/lagenhet-4rum-varvsholmen-kalmar-kommun-jeanssongatan-11-3244785734883958443,124-125m²,bostadsratt,2026-08-10T06:15:45.884093
1370698,"https://www.hemnet.se/salda/lagenhet-4rum-frosunda-solna-kommun-signe-tillischgatan-12,-van-7-av-7-1370698",124-125m²,bostadsratt,2026-08-10T06:15:45.884095
8564239891530544984,https://www.hemnet.se/salda/lagenhet-4rum-ostermalm-stockholms-kommun-fryxellsgatan-3-b-8564239891530544984,124-125m²,bostadsratt,2026-08-10T06:15:45.884096
1320020,https://www.hemnet.se/salda/lagenhet-5rum-vikaholm-vaxjo-kommun-gulli-petrinis-vag-4-1320020,124-125m²,bostadsratt,2026-08-10T06:15:45.884098
634576,https://www.hemnet.se/salda/lagenhet-5rum-haga-umea-kommun-utmarksvagen-16-634576,124-125m²,bostadsratt,2026-08-10T06:15:45.884099
774057,https://www.hemnet.se/salda/lagenhet-4rum-alvsbacka-skelleftea-kommun-ostra-nygatan-91-a-774057,124-125m²,bostadsratt,2026-08-10T06:15:45.884100
867225,https://www.hemnet.se/salda/lagenhet-3rum-hollviken-vellinge-kommun-johnnys-vag-4-867225,124-125m²,bostadsratt,2026-08-10T06:15:45.884102
305065,https://www.hemnet.se/salda/lagenhet-4rum-vastra-skurholmen-lulea-kommun-gransgatan-12-a-305065,124-125m²,bostadsratt,2026-08-10T06:15:45.884103
907464,https://www.hemnet.se/salda/lagenhet-4rum-vagmastaren-karlstads-kommun-strandvagen-21-907464,124-125m²,bostadsratt,2026-08-10T06:15:45.884104
142800,https://www.hemnet.se/salda/lagenhet-6rum-klostergarden-lunds-kommun-blidvadersvagen-6-g-142800,124-125m²,bostadsratt,2026-08-10T06:15:45.884105
656138,https://www.hemnet.se/salda/lagenhet-3rum-strangnas-sundby-park-strangnas-kommun-sundbyvagen-49-656138,124-125m²,bostadsratt,2026-08-10T06:15:45.884107
186381,https://www.hemnet.se/salda/lagenhet-4rum-centrum-saffle-kommun-hamngatan-5-plan-3-186381,124-125m²,bostadsratt,2026-08-10T06:15:45.884108
2388252044703364749,"https://www.hemnet.se/salda/lagenhet-4,5rum-lorensberg-goteborgs-kommun-skanegatan-31-2388252044703364749",124-125m²,bostadsratt,2026-08-10T06:15:45.884110
2241470749814192234,https://www.hemnet.se/salda/lagenhet-5rum-centralt-linkopings-kommun-drottninggatan-36a-2241470749814192234,124-125m²,bostadsratt,2026-08-10T06:15:45.884111
3853015029149518400,https://www.hemnet.se/salda/lagenhet-5rum-vasastan-stockholms-kommun-tegnergatan-57b-3853015029149518400,124-125m²,bostadsratt,2026-08-10T06:15:45.884112
1124622,https://www.hemnet.se/salda/lagenhet-6rum-landskrona-vaster-landskrona-kommun-kavaljersgarden-21-1124622,124-125m²,bostadsratt,2026-08-10T06:15:45.884114
3101390211218925148,https://www.hemnet.se/salda/lagenhet-4rum-hyllie-malmo-kommun-hyllie-alle-30c-3101390211218925148,124-125m²,bostadsratt,2026-08-10T06:15:45.884115
6317369689841662138,https://www.hemnet.se/salda/lagenhet-7rum-norra-utmarken-halmstads-kommun-skjutbanevagen-20-e-6317369689841662138,124-125m²,bostadsratt,2026-08-10T06:15:45.884117
1352499,"https://www.hemnet.se/salda/lagenhet-5rum-hammarby-sjostad-stockholms-kommun-heliosgatan-56,-van-3-1352499",124-125m²,bostadsratt,2026-08-10T06:15:45.884118
875874,https://www.hemnet.se/salda/lagenhet-4rum-billdal-goteborgs-kommun-uggledalsvagen-67-875874,124-125m²,bostadsratt,2026-08-10T06:15:45.884119
331119,https://www.hemnet.se/salda/lagenhet-5rum-rosenlund-sodertalje-kommun-folkparksvagen-36-331119,124-125m²,bostadsratt,2026-08-10T06:15:45.884121
1029320,https://www.hemnet.se/salda/lagenhet-5rum-hedvigsborg-boras-kommun-vilegrand-16-1029320,124-125m²,bostadsratt,2026-08-10T06:15:45.884122
7469354390940919034,"https://www.hemnet.se/salda/lagenhet-4rum-kungsholmen-nedre-kungsholmen-stockholms-kommun-hantverkargatan-7,-4tr-7469354390940919034",124-125m²,bostadsratt,2026-08-10T06:15:45.884123
966746,https://www.hemnet.se/salda/lagenhet-4rum-sodermalm-hogalid-stockholms-kommun-hornsgatan-100-966746,124-125m²,bostadsratt,2026-08-10T06:15:45.884125
1135618,https://www.hemnet.se/salda/lagenhet-4rum-apelviken-varbergs-kommun-nyens-vag-24-1135618,124-125m²,bostadsratt,2026-08-10T06:15:45.884126
1430639,https://www.hemnet.se/salda/lagenhet-5rum-soder-helsingborgs-kommun-hantverkaregatan-28-1430639,124-125m²,bostadsratt,2026-08-10T06:15:45.884127
420740,https://www.hemnet.se/salda/lagenhet-4rum-kungalv-centralt-kungalvs-kommun-rexegatan-3b-420740,124-125m²,bostadsratt,2026-08-10T06:15:45.884129
869133383488412014,https://www.hemnet.se/salda/lagenhet-4rum-triangeln-malmo-kommun-friisgatan-1-869133383488412014,124-125m²,bostadsratt,2026-08-10T06:15:45.884130
2152957811348352336,https://www.hemnet.se/salda/lagenhet-4rum-hagaparken-vanersborgs-kommun-repslagarvagen-6-2152957811348352336,124-125m²,bostadsratt,2026-08-10T06:15:45.884132
5776844825652388416,"https://www.hemnet.se/salda/lagenhet-4,5rum-stocksund-danderyds-kommun-vasavagen-33a-5776844825652388416",124-125m²,bostadsratt,2026-08-10T06:15:45.884133
42245,https://www.hemnet.se/salda/lagenhet-5rum-ryd-skovde-kommun-nyckelpigevagen-174-42245,124-125m²,bostadsratt,2026-08-10T06:15:45.884134
3435199947523662071,https://www.hemnet.se/salda/lagenhet-6rum-norrboda-kungsangen-upplands-bro-kommun-lillmossvagen-10b-3435199947523662071,124-125m²,bostadsratt,2026-08-10T06:15:45.884136
159064,https://www.hemnet.se/salda/lagenhet-5rum-bjorka-odakra-helsingborgs-kommun-merkuriusgatan-108-159064,124-125m²,bostadsratt,2026-08-10T06:15:45.884137
81332,https://www.hemnet.se/salda/lagenhet-5rum-vetterslund-vasteras-kommun-vetterslundsgatan-32-81332,124-125m²,bostadsratt,2026-08-10T06:15:45.884139
478511,https://www.hemnet.se/salda/lagenhet-4rum-eslov-norr-eslovs-kommun-klippanvagen-29b-478511,124-125m²,bostadsratt,2026-08-10T06:15:45.884140
796562,https://www.hemnet.se/salda/lagenhet-5rum-bagaregarden-goteborgs-kommun-waernsgatan-3-a-796562,124-125m²,bostadsratt,2026-08-10T06:15:45.884142
9160412617544697676,https://www.hemnet.se/salda/lagenhet-4rum-vasastaden-linkopings-kommun-engelbrektsgatan-23-9160412617544697676,124-125m²,bostadsratt,2026-08-10T06:15:45.884143
3430760065824406773,https://www.hemnet.se/salda/lagenhet-5rum-dals-angar-falkenbergs-kommun-basfiolvagen-6-3430760065824406773,124-125m²,bostadsratt,2026-08-10T06:15:45.884144
8407381196380138652,https://www.hemnet.se/salda/lagenhet-5rum-alvbrinken-pajala-kommun-alvbrinken-8-8407381196380138652,124-125m²,bostadsratt,2026-08-10T06:15:45.884146
1316559,https://www.hemnet.se/salda/lagenhet-5rum-centralt-vadstena-kommun-nadendalsvagen-2d-1316559,124-125m²,bostadsratt,2026-08-10T06:15:45.884147
38340414993478497,https://www.hemnet.se/salda/lagenhet-4rum-hyllie-malmo-kommun-hyllie-alle-30c-38340414993478497,124-125m²,bostadsratt,2026-08-10T06:15:45.884149
938185,https://www.hemnet.se/salda/lagenhet-5rum-oxie-malmo-kommun-murtegelvagen-25-938185,124-125m²,bostadsratt,2026-08-10T06:15:45.884150
2887850599422760872,"https://www.hemnet.se/salda/lagenhet-5rum-sodermalm-vintertullstorget-stockholms-kommun-vintertullstorget-44,-4-tr-2887850599422760872",124-125m²,bostadsratt,2026-08-10T06:15:45.884151
962856,"https://www.hemnet.se/salda/lagenhet-5rum-sodermalm-sofia-stockholms-kommun-vintertullstorget-8,-3tr-962856",124-125m²,bostadsratt,2026-08-10T06:15:45.884153
918499,"https://www.hemnet.se/salda/lagenhet-4,5rum-saltsjobaden-solsidan-nacka-kommun-vargardsvagen-2-918499",124-125m²,bostadsratt,2026-08-10T06:15:45.884154
285629,https://www.hemnet.se/salda/lagenhet-4rum-sundby-park-strangnas-kommun-sundbyvagen-36b-285629,124-125m²,bostadsratt,2026-08-10T06:15:45.884156
1349472,https://www.hemnet.se/salda/lagenhet-5rum-varby-alle-huddinge-kommun-varby-alle-31-1349472,124-125m²,bostadsratt,2026-08-10T06:15:45.884157
4260512252689893775,"https://www.hemnet.se/salda/lagenhet-6rum-sodermalm-maria-magdalena-stockholms-kommun-hogbergsgatan-67,-5-6-tr-4260512252689893775",124-125m²,bostadsratt,2026-08-10T06:15:45.884158
96350,https://www.hemnet.se/salda/lagenhet-5rum-farsta-slottsvik-varmdo-kommun-ohmans-vag-19-96350,124-125m²,bostadsratt,2026-08-10T06:15:45.884160
1408244,https://www.hemnet.se/salda/lagenhet-5rum-kapellgardet-uppsala-kommun-portalgatan-101-1408244,124-125m²,bostadsratt,2026-08-10T06:15:45.884161
4193762644687544768,"https://www.hemnet.se/salda/lagenhet-4rum-hagernas-strand-taby-kommun-flygvillevagen-15,-vaning-6-4193762644687544768",124-125m²,bostadsratt,2026-08-10T06:15:45.884163
2587317122489124400,https://www.hemnet.se/salda/lagenhet-5rum-vasastan-vid-odenplan-stockholms-kommun-karlbergsvagen-18-2587317122489124400,124-125m²,bostadsratt,2026-08-10T06:15:45.884164
268122,https://www.hemnet.se/salda/lagenhet-4rum-fagelbro-varmdo-kommun-fagelbrostigen-512-268122,124-125m²,bostadsratt,2026-08-10T06:15:45.884165
55134,https://www.hemnet.se/salda/lagenhet-6rum-bromma-beckomberga-stockholms-kommun-beckombergavagen-220-55134,124-125m²,bostadsratt,2026-08-10T06:15:45.884167
1393226,https://www.hemnet.se/salda/lagenhet-4rum-liljeholmen-jonkopings-kommun-vastra-holmgatan-26-c-1393226,124-125m²,bostadsratt,2026-08-10T06:15:45.884168
488117,https://www.hemnet.se/salda/lagenhet-5rum-skalby-jarfalla-kommun-astronomivagen-39-488117,124-125m²,bostadsratt,2026-08-10T06:15:45.884170
4103988433973513045,https://www.hemnet.se/salda/lagenhet-4rum-rydeback-helsingborgs-kommun-frosogatan-17-4103988433973513045,124-125m²,bostadsratt,2026-08-10T06:15:45.884171
762892,https://www.hemnet.se/salda/lagenhet-6rum-loten-uppsala-kommun-dagermansgatan-3-e-762892,124-125m²,bostadsratt,2026-08-10T06:15:45.884172
8971020127555691893,https://www.hemnet.se/salda/lagenhet-5rum-alvesta-alvesta-kommun-hogalundsvagen-81a-8971020127555691893,124-125m²,bostadsratt,2026-08-10T06:15:45.884174
5856731398459846360,"https://www.hemnet.se/salda/lagenhet-6rum-are-sadeln-are-kommun-hogasstigen-19e,-lgh-1302-5856731398459846360",124-125m²,bostadsratt,2026-08-10T06:15:45.884175
468739,https://www.hemnet.se/salda/lagenhet-5rum-alvsjo-stockholms-kommun-segervagen-210e-468739,124-125m²,bostadsratt,2026-08-10T06:15:45.884176
890056,https://www.hemnet.se/salda/lagenhet-5rum-norrboda-kungsangen-upplands-bro-kommun-sandviksvagen-9b-890056,124-125m²,bostadsratt,2026-08-10T06:15:45.884178
581974,https://www.hemnet.se/salda/lagenhet-4rum-soderhamn-soderhamns-kommun-norrtullsgatan-10-581974,124-125m²,bostadsratt,2026-08-10T06:15:45.884179
7495886002149149633,https://www.hemnet.se/salda/lagenhet-4rum-limhamns-sjostad-malmo-kommun-limhamns-stationsvag-39-7495886002149149633,124-125m²,bostadsratt,2026-08-10T06:15:45.884180
162116,https://www.hemnet.se/salda/lagenhet-5rum-hammarby-sjostad-stockholms-kommun-heliosgatan-56-162116,124-125m²,bostadsratt,2026-08-10T06:15:45.884182
840683,https://www.hemnet.se/salda/lagenhet-5rum-falun-falu-kommun-nedre-gruvrisvagen-15c-840683,124-125m²,bostadsratt,2026-08-10T06:15:45.884183
1068178,https://www.hemnet.se/salda/lagenhet-5rum-landskrona-drottningen-landskrona-kommun-drottninggarden-145-1068178,124-125m²,bostadsratt,2026-08-10T06:15:45.884185
524226268041925370,"https://www.hemnet.se/salda/lagenhet-5rum-kungsholmen-hornsbergs-strand-stockholms-kommun-eyvind-johnsons-gata-7,-vaning-7-7-524226268041925370",124-125m²,bostadsratt,2026-08-10T06:15:45.884186
1317511,"https://www.hemnet.se/salda/lagenhet-5rum-hammarby-sjostad-stockholms-kommun-babordsgatan-7,-2tr-1317511",124-125m²,bostadsratt,2026-08-10T06:15:45.884188
1507780,https://www.hemnet.se/salda/lagenhet-5rum-hovsta-orebro-kommun-gladarbergsvagen-58-1507780,124-125m²,bostadsratt,2026-08-10T06:15:45.884189
686389122597699887,https://www.hemnet.se/salda/lagenhet-5rum-lugnet-malmo-kommun-lugna-gatan-17-686389122597699887,124-125m²,bostadsratt,2026-08-10T06:15:45.884190
880109,https://www.hemnet.se/salda/lagenhet-5rum-frosunda-solna-kommun-gustav-iii-s-boulevard-13-880109,124-125m²,bostadsratt,2026-08-10T06:15:45.884192
424594011494638476,https://www.hemnet.se/salda/lagenhet-4rum-brunstorp-jonkopings-kommun-sikvagen-14-424594011494638476,124-125m²,bostadsratt,2026-08-10T06:15:45.884193
7282735057298309302,https://www.hemnet.se/salda/lagenhet-4rum-centrala-vaxholm-vaxholms-kommun-rosenbergsgatan-3-7282735057298309302,124-125m²,bostadsratt,2026-08-10T06:15:45.884194
1373521,https://www.hemnet.se/salda/lagenhet-3rum-centrum-helsingborgs-kommun-kungsgatan-8-1373521,124-125m²,bostadsratt,2026-08-10T06:15:45.884196
7700315212109929711,https://www.hemnet.se/salda/lagenhet-4rum-vasastan-odenplan-stockholms-kommun-karlbergsvagen-22-7700315212109929711,124-125m²,bostadsratt,2026-08-10T06:15:45.884197
260152,https://www.hemnet.se/salda/lagenhet-5rum-centrum-finspangs-kommun-hyttvagen-7a-260152,124-125m²,bostadsratt,2026-08-10T06:15:45.884198
1472441675272134052,https://www.hemnet.se/salda/lagenhet-4rum-stocksund-soderskogen-danderyds-kommun-villavagen-25a-1472441675272134052,124-125m²,bostadsratt,2026-08-10T06:15:45.884200
802563,https://www.hemnet.se/salda/lagenhet-5rum-furulund-partille-kommun-timmerslatt-32d-802563,124-125m²,bostadsratt,2026-08-10T06:15:45.884201
6051771693302598817,https://www.hemnet.se/salda/lagenhet-5rum-hillerstorp-gnosjo-kommun-slanbarstigen-7-6051771693302598817,124-125m²,bostadsratt,2026-08-10T06:15:45.884202
7643011631904114213,"https://www.hemnet.se/salda/lagenhet-3,5rum-linne-goteborgs-kommun-kastellgatan-19-7643011631904114213",124-125m²,bostadsratt,2026-08-10T06:15:45.884204
728904,https://www.hemnet.se/salda/lagenhet-4rum-grondal-stockholms-kommun-ormbergsvagen-1-728904,124-125m²,bostadsratt,2026-08-10T06:15:45.884205
7019018120530999620,https://www.hemnet.se/salda/lagenhet-4rum-svartbacken-uppsala-kommun-vastra-jarnvagsgatan-7-7019018120530999620,124-125m²,bostadsratt,2026-08-10T06:15:45.884206
4130102244092488005,https://www.hemnet.se/salda/lagenhet-4rum-kapellgardet-uppsala-kommun-rabyvagen-70-4130102244092488005,124-125m²,bostadsratt,2026-08-10T06:15:45.884207
1462038,https://www.hemnet.se/salda/lagenhet-4rum-limhamn-malmo-kommun-vasagatan-12b-1462038,124-125m²,bostadsratt,2026-08-10T06:15:45.884209
1262760,https://www.hemnet.se/salda/lagenhet-5rum-ostermalm-stockholms-kommun-grevgatan-24-1262760,124-125m²,bostadsratt,2026-08-10T06:15:45.884210
712881,https://www.hemnet.se/salda/lagenhet-5rum-visby-gotlands-kommun-greta-arvidssons-gata-23d-radhus-d-712881,124-125m²,bostadsratt,2026-08-10T06:15:45.884212
1193029,https://www.hemnet.se/salda/lagenhet-5rum-sollentuna-centrum-sollentuna-kommun-sofielundsvagen-11-1193029,124-125m²,bostadsratt,2026-08-10T06:15:45.884213
3009981572990097391,https://www.hemnet.se/salda/lagenhet-4rum-saltsjobaden-nacka-kommun-skidbacksvagen-6-3009981572990097391,124-125m²,bostadsratt,2026-08-10T06:15:45.884214
1177307,https://www.hemnet.se/salda/lagenhet-4rum-billdal-goteborgs-kommun-uggledalsvagen-119-1177307,124-125m²,bostadsratt,2026-08-10T06:15:45.884216
577068771504883505,"https://www.hemnet.se/salda/lagenhet-5rum-vasastan-norrmalm-stockholms-kommun-kammakargatan-41,-1-tr-577068771504883505",124-125m²,bostadsratt,2026-08-10T06:15:45.884217
1449996,https://www.hemnet.se/salda/lagenhet-4rum-centralt-vadstena-kommun-parkgatan-35-1449996,124-125m²,bostadsratt,2026-08-10T06:15:45.884218
3795798696427325082,https://www.hemnet.se/salda/lagenhet-4rum-rydeback-helsingborgs-kommun-frosogatan-3d-3795798696427325082,124-125m²,bostadsratt,2026-08-10T06:15:45.884220
4977449453025244685,https://www.hemnet.se/salda/lagenhet-5rum-norr-eskilstuna-kommun-vasbergsgatan-7-4977449453025244685,124-125m²,bostadsratt,2026-08-10T06:15:45.884221
1331116,https://www.hemnet.se/salda/lagenhet-5rum-vargon-vanersborgs-kommun-snodroppsvagen-19-1331116,124-125m²,bostadsratt,2026-08-10T06:15:45.884222
1090814,"https://www.hemnet.se/salda/lagenhet-4rum-norrmalm-stockholms-kommun-sveavagen-60,-5-tr-1090814",124-125m²,bostadsratt,2026-08-10T06:15:45.884224
1322795,"https://www.hemnet.se/salda/lagenhet-4,5rum-villan-sodra-utmarken-angelholms-kommun-krusbarsvagen-40-1322795",124-125m²,bostadsratt,2026-08-10T06:15:45.884225
1074476,https://www.hemnet.se/salda/lagenhet-6rum-are-bjornen-are-kommun-bjornen-hoken-10b-1074476,124-125m²,bostadsratt,2026-08-10T06:15:45.884226
5286248566834998502,https://www.hemnet.se/salda/lagenhet-6rum-loten-uppsala-kommun-karin-boyegatan-2-h-5286248566834998502,124-125m²,bostadsratt,2026-08-10T06:15:45.884228
359921,https://www.hemnet.se/salda/lagenhet-4rum-centrum-lunds-kommun-gylleholmsgatan-2-359921,124-125m²,bostadsratt,2026-08-10T06:15:45.884229
449477,https://www.hemnet.se/salda/lagenhet-5rum-vasastan-stockholms-kommun-karlbergsvagen-42-449477,124-125m²,bostadsratt,2026-08-10T06:15:45.884230
1342749,https://www.hemnet.se/salda/lagenhet-4rum-gamla-staden-eskilstuna-kommun-kopmangatan-37-1342749,124-125m²,bostadsratt,2026-08-10T06:15:45.884232
712887,https://www.hemnet.se/salda/lagenhet-5rum-visby-gotlands-kommun-greta-arvidssons-gata-25e-radhus-k-712887,124-125m²,bostadsratt,2026-08-10T06:15:45.884233
1010698,https://www.hemnet.se/salda/lagenhet-4rum-regementet-ystads-kommun-bjornstjernegatan-2-lgh-1103-1010698,124-125m²,bostadsratt,2026-08-10T06:15:45.884235
1416238,"https://www.hemnet.se/salda/lagenhet-5rum-gardet-stockholms-kommun-sehlstedtsgatan-3,-hogst-upp-i-huset-1416238",124-125m²,bostadsratt,2026-08-10T06:15:45.884236
708635,https://www.hemnet.se/salda/lagenhet-3rum-olympia-helsingborgs-kommun-mellersta-stenbocksgatan-7-708635,124-125m²,bostadsratt,2026-08-10T06:15:45.884238
7776241710800190564,https://www.hemnet.se/salda/lagenhet-5rum-timra-timra-kommun-nygatan-59-7776241710800190564,124-125m²,bostadsratt,2026-08-10T06:15:45.884239
5524790568673842819,"https://www.hemnet.se/salda/lagenhet-4,5rum-snosatra-stockholms-kommun-baverdammsgrand-88,-etage-5524790568673842819",124-125m²,bostadsratt,2026-08-10T06:15:45.884240
881937,https://www.hemnet.se/salda/lagenhet-5rum-norrboda-kungsangen-upplands-bro-kommun-lillmossvagen-44b-881937,124-125m²,bostadsratt,2026-08-10T06:15:45.884242
297586,https://www.hemnet.se/salda/lagenhet-4rum-bjorklinge-uppsala-kommun-lindgardsvagen-42-sald-innan-visning-297586,124-125m²,bostadsratt,2026-08-10T06:15:45.884243
7602589793369115502,https://www.hemnet.se/salda/lagenhet-5rum-vetterslunds-vasteras-kommun-vetterslundsgatan-32-7602589793369115502,124-125m²,bostadsratt,2026-08-10T06:15:45.884245
9103485805844876379,https://www.hemnet.se/salda/lagenhet-5rum-centrum-karlstads-kommun-herrgardsgatan-1-9103485805844876379,124-125m²,bostadsratt,2026-08-10T06:15:45.884246
4220644249658056208,https://www.hemnet.se/salda/lagenhet-4rum-vasjon-sollentuna-kommun-solstigen-20c-4220644249658056208,124-125m²,bostadsratt,2026-08-10T06:15:45.884247
3707042089718233880,https://www.hemnet.se/salda/lagenhet-6rum-luthagen-uppsala-kommun-plattgatan-6-3707042089718233880,124-125m²,bostadsratt,2026-08-10T06:15:45.884248
1320269,https://www.hemnet.se/salda/lagenhet-4rum-centralt-falu-kommun-trotzgatan-47-1320269,124-125m²,bostadsratt,2026-08-10T06:15:45.884250
5334047067803350263,https://www.hemnet.se/salda/lagenhet-3rum-olympia-helsingborgs-kommun-mellersta-stenbocksgatan-7-5334047067803350263,124-125m²,bostadsratt,2026-08-10T06:15:45.884251
1273511,"https://www.hemnet.se/salda/lagenhet-5rum-vasastan-birkastan-stockholms-kommun-karlbergsvagen-53,-2-tr-1273511",124-125m²,bostadsratt,2026-08-10T06:15:45.884253
1558032658251861144,"https://www.hemnet.se/salda/lagenhet-4rum-maria-stockholms-kommun-hornsgatan-68,-vindsvaning-1558032658251861144",124-125m²,bostadsratt,2026-08-10T06:15:45.884254
894762,https://www.hemnet.se/salda/lagenhet-3rum-norrmalm-city-stockholms-kommun-drottninggatan-102a-894762,124-125m²,bostadsratt,2026-08-10T06:15:45.884255
272301,https://www.hemnet.se/salda/lagenhet-5rum-surbrunn-ystads-kommun-maskinistgatan-7d-272301,124-125m²,bostadsratt,2026-08-10T06:15:45.884257
44990,https://www.hemnet.se/salda/lagenhet-5rum-vastermalm-vasteras-kommun-asgatan-4f-44990,124-125m²,bostadsratt,2026-08-10T06:15:45.884258
1190532,https://www.hemnet.se/salda/lagenhet-4rum-visattra-angar-huddinge-kommun-mangardsvagen-8-a-1190532,124-125m²,bostadsratt,2026-08-10T06:15:45.884259
1150089,https://www.hemnet.se/salda/lagenhet-5rum-kalgarden-jonkopings-kommun-stenhuggargatan-48-1150089,124-125m²,bostadsratt,2026-08-10T06:15:45.884261
1013965,https://www.hemnet.se/salda/lagenhet-4rum-s-t-knut-sankt-knut-malmo-kommun-hantverkaregatan-16a-1013965,124-125m²,bostadsratt,2026-08-10T06:15:45.884262
963450713157330614,"https://www.hemnet.se/salda/lagenhet-4rum-kungsholmen-stockholms-kommun-kungsgatan-90,-3tr-963450713157330614",124-125m²,bostadsratt,2026-08-10T06:15:45.884264
1415343,https://www.hemnet.se/salda/lagenhet-4rum-centrum-lulea-kommun-hermelinsgatan-21-a-1415343,124-125m²,bostadsratt,2026-08-10T06:15:45.884265
5608154276446246232,https://www.hemnet.se/salda/lagenhet-4rum-centrala-vaxholm-vaxholms-kommun-repslagaregrand-1a-5608154276446246232,124-125m²,bostadsratt,2026-08-10T06:15:45.884267
1213152,https://www.hemnet.se/salda/lagenhet-4rum-hagernas-strand-taby-kommun-flygvillevagen-11-1213152,124-125m²,bostadsratt,2026-08-10T06:15:45.884268
5240379501949802263,https://www.hemnet.se/salda/lagenhet-5rum-rydeback-helsingborgs-kommun-horsogatan-14-5240379501949802263,124-125m²,bostadsratt,2026-08-10T06:15:45.884269
782947,"https://www.hemnet.se/salda/lagenhet-4,5rum-s-t-knut-sankt-knut-malmo-kommun-hantverkaregatan-16-782947",124-125m²,bostadsratt,2026-08-10T06:15:45.884271
628366,https://www.hemnet.se/salda/lagenhet-5rum-varsangen-malmo-kommun-folksangsgatan-59-628366,124-125m²,bostadsratt,2026-08-10T06:15:45.884272
1451405,https://www.hemnet.se/salda/lagenhet-4rum-centrum-helsingborgs-kommun-kullagatan-51c-1451405,124-125m²,bostadsratt,2026-08-10T06:15:45.884273
972472,https://www.hemnet.se/salda/lagenhet-5rum-kallhall-jarfalla-kommun-ladersattravagen-93-972472,124-125m²,bostadsratt,2026-08-10T06:15:45.884275
1376011,"https://www.hemnet.se/salda/lagenhet-4rum-vasastan-stockholms-kommun-karlbergsvagen-82,-4tr-1376011",124-125m²,bostadsratt,2026-08-10T06:15:45.884276
889839,https://www.hemnet.se/salda/lagenhet-5rum-varnhem-malmo-kommun-kungsgatan-27a-889839,124-125m²,bostadsratt,2026-08-10T06:15:45.884277
638058,"https://www.hemnet.se/salda/lagenhet-5rum-bromma-annedal-stockholms-kommun-pippi-langstrumps-gata-30,-van-5-5-638058",124-125m²,bostadsratt,2026-08-10T06:15:45.884279
8430452668853453921,https://www.hemnet.se/salda/lagenhet-4rum-centrum-helsingborgs-kommun-drottninggatan-5-8430452668853453921,124-125m²,bostadsratt,2026-08-10T06:15:45.884280
585507,https://www.hemnet.se/salda/lagenhet-5rum-fagelbro-varmdo-kommun-fagelbrostigen-316-585507,124-125m²,bostadsratt,2026-08-10T06:15:45.884282
1267759,"https://www.hemnet.se/salda/lagenhet-6rum-midsommarkransen-stockholms-kommun-tegelbruksvagen-8a,-2-3-tr-1267759",124-125m²,bostadsratt,2026-08-10T06:15:45.884283
9037169426764063039,https://www.hemnet.se/salda/lagenhet-5rum-viksjo-jarfalla-kommun-axvagen-77-9037169426764063039,124-125m²,bostadsratt,2026-08-10T06:15:45.884284
7888239871896953005,https://www.hemnet.se/salda/lagenhet-5rum-peterslund-oxelosunds-kommun-hagtornsvagen-31-7888239871896953005,124-125m²,bostadsratt,2026-08-10T06:15:45.884286
7905054950399337630,https://www.hemnet.se/salda/lagenhet-4rum-anneberg-farjestad-karlstads-kommun-annebergsslingan-28-7905054950399337630,124-125m²,bostadsratt,2026-08-10T06:15:45.884287
604413,https://www.hemnet.se/salda/lagenhet-4rum-vasastaden-goteborgs-kommun-erik-dahlbergsgatan-28-a-604413,124-125m²,bostadsratt,2026-08-10T06:15:45.884288
1172310,https://www.hemnet.se/salda/lagenhet-5rum-centrala-sundbyberg-sundbybergs-kommun-fagelsangen-2a-1172310,124-125m²,bostadsratt,2026-08-10T06:15:45.884290
5632327121985037863,https://www.hemnet.se/salda/lagenhet-5rum-vaster-nykopings-kommun-brunnsgatan-58b-5632327121985037863,124-125m²,bostadsratt,2026-08-10T06:15:45.884291
655512182496406170,https://www.hemnet.se/salda/lagenhet-4rum-gamla-hjarsta-orebro-kommun-solvallagatan-4d-655512182496406170,124-125m²,bostadsratt,2026-08-10T06:15:45.884292
1601718304075833787,https://www.hemnet.se/salda/lagenhet-4rum-hemdal-vasteras-kommun-hemdalsvagen-3b-1601718304075833787,124-125m²,bostadsratt,2026-08-10T06:15:45.884294
112621,https://www.hemnet.se/salda/lagenhet-5rum-hammarby-vasteras-kommun-narvavagen-37-112621,124-125m²,bostadsratt,2026-08-10T06:15:45.884295
1479323,"https://www.hemnet.se/salda/lagenhet-4,5rum-limhamn-on-malmo-kommun-sundholmsgatan-9-1479323",124-125m²,bostadsratt,2026-08-10T06:15:45.884297
831791,https://www.hemnet.se/salda/lagenhet-5rum-oxie-malmo-kommun-oxievangsvagen-77-831791,124-125m²,bostadsratt,2026-08-10T06:15:45.884298
507503,https://www.hemnet.se/salda/lagenhet-5rum-jarlaberg-nacka-kommun-diligensvagen-132-507503,124-125m²,bostadsratt,2026-08-10T06:15:45.884299
1088320,https://www.hemnet.se/salda/lagenhet-5rum-braten-park-mariestads-kommun-rosengangen-58-1088320,124-125m²,bostadsratt,2026-08-10T06:15:45.884301
966981,https://www.hemnet.se/salda/lagenhet-4rum-nedre-gardet-ostermalm-stockholms-kommun-de-geersgatan-14-966981,124-125m²,bostadsratt,2026-08-10T06:15:45.884302
5385631473769720149,https://www.hemnet.se/salda/lagenhet-5rum-upplands-vasby-upplands-vasby-kommun-vallstavagen-27-5385631473769720149,124-125m²,bostadsratt,2026-08-10T06:15:45.884303
1074889,https://www.hemnet.se/salda/lagenhet-5rum-stenstan-sundsvalls-kommun-tradgardsgatan-2-1074889,124-125m²,bostadsratt,2026-08-10T06:15:45.884305
8904112960335690971,https://www.hemnet.se/salda/lagenhet-4rum-gamla-vaster-sverige-slottsgatan-16-8904112960335690971,124-125m²,bostadsratt,2026-08-10T06:15:45.884306
7852646904409325021,https://www.hemnet.se/salda/lagenhet-7rum-vemdalsskalet-stroms-omrade-harjedalens-kommun-vemdalsskalet-susannes-vag-34a-7852646904409325021,124-125m²,bostadsratt,2026-08-10T06:15:45.884308
1309183,https://www.hemnet.se/salda/lagenhet-5rum-lanna-huddinge-kommun-bjornvagen-34-b-1309183,124-125m²,bostadsratt,2026-08-10T06:15:45.884309
48563,"https://www.hemnet.se/salda/lagenhet-4rum-saltsjoqvarn-nacka-kommun-hastholmsvagen-25,-9-10tr-48563",124-125m²,bostadsratt,2026-08-10T06:15:45.884310
674029,https://www.hemnet.se/salda/lagenhet-5rum-hjo-hjo-kommun-rodervagen-8-674029,124-125m²,bostadsratt,2026-08-10T06:15:45.884312
3203733532853161070,https://www.hemnet.se/salda/lagenhet-4rum-sorbole-skelleftea-kommun-karlgardsvagen-9-3203733532853161070,124-125m²,bostadsratt,2026-08-10T06:15:45.884313
166791,https://www.hemnet.se/salda/lagenhet-4rum-vastermalm-vasteras-kommun-stora-gatan-84-166791,124-125m²,bostadsratt,2026-08-10T06:15:45.884314
842504,https://www.hemnet.se/salda/lagenhet-6rum-vastra-faladen-landskrona-kommun-ekebygarden-45-842504,124-125m²,bostadsratt,2026-08-10T06:15:45.884316
1020138,https://www.hemnet.se/salda/lagenhet-5rum-kungsangen-upplands-bro-kommun-lillmossvagen-20a-norrboda-1020138,124-125m²,bostadsratt,2026-08-10T06:15:45.884317
519405,https://www.hemnet.se/salda/lagenhet-4rum-sodra-ratorp-karlstads-kommun-ratorps-alle-66-519405,124-125m²,bostadsratt,2026-08-10T06:15:45.884319
653242,"https://www.hemnet.se/salda/lagenhet-5rum-jakobsberg-jarfalla-kommun-vibblabyvagen-20,-2-tr-653242",124-125m²,bostadsratt,2026-08-10T06:15:45.884320
682056,https://www.hemnet.se/salda/lagenhet-6rum-liljeholmen-stockholms-kommun-liljeholmsgrand-6-682056,124-125m²,bostadsratt,2026-08-10T06:15:45.884321
1155028,https://www.hemnet.se/salda/lagenhet-4rum-billdal-uggledal-goteborgs-kommun-uggledalsvagen-143-1155028,124-125m²,bostadsratt,2026-08-10T06:15:45.884323
7365427190040947312,https://www.hemnet.se/salda/lagenhet-5rum-ostermalm-stockholms-kommun-skeppargatan-41-7365427190040947312,124-125m²,bostadsratt,2026-08-10T06:15:45.884324
1179929595268105991,https://www.hemnet.se/salda/lagenhet-4rum-centrala-stan-skelleftea-kommun-karlgardsvagen-9-1179929595268105991,124-125m²,bostadsratt,2026-08-10T06:15:45.884325
55877,https://www.hemnet.se/salda/lagenhet-5rum-haga-sundsvalls-kommun-lotsgatan-18c-55877,124-125m²,bostadsratt,2026-08-10T06:15:45.884327
1335504,https://www.hemnet.se/salda/lagenhet-4rum-billdal-goteborgs-kommun-uggledalsvagen-65-1335504,124-125m²,bostadsratt,2026-08-10T06:15:45.884328
126051,https://www.hemnet.se/salda/lagenhet-4rum-centralt-ostra-kasern-kristianstads-kommun-ostra-kaserngatan-3d-126051,124-125m²,bostadsratt,2026-08-10T06:15:45.884329
3433440836624795350,https://www.hemnet.se/salda/lagenhet-4rum-billdal-goteborgs-kommun-uggledalsvagen-171-3433440836624795350,124-125m²,bostadsratt,2026-08-10T06:15:45.884331
8947251939319529030,https://www.hemnet.se/salda/lagenhet-5rum-luthagen-uppsala-kommun-vasagatan-3b-8947251939319529030,124-125m²,bostadsratt,2026-08-10T06:15:45.884332
1269949,"https://www.hemnet.se/salda/lagenhet-4rum-vasastan-birkastan-stockholms-kommun-tomtebogatan-20,-5tr-1269949",124-125m²,bostadsratt,2026-08-10T06:15:45.884334
9185856969324382493,https://www.hemnet.se/salda/lagenhet-5rum-norra-utmarken-halmstads-kommun-skjutbanevagen-20-f-9185856969324382493,124-125m²,bostadsratt,2026-08-10T06:15:45.884335
1369871,https://www.hemnet.se/salda/lagenhet-5rum-vasastan-stockholms-kommun-roslagsgatan-15-1369871,124-125m²,bostadsratt,2026-08-10T06:15:45.884336
5472023208538134881,https://www.hemnet.se/salda/lagenhet-4rum-fagelbro-varmdo-kommun-fagelbrostigen-524-5472023208538134881,124-125m²,bostadsratt,2026-08-10T06:15:45.884338
676095,https://www.hemnet.se/salda/lagenhet-4rum-berghusa-ystads-kommun-berghusagatan-24-676095,124-125m²,bostadsratt,2026-08-10T06:15:45.884339
236227,https://www.hemnet.se/salda/lagenhet-5rum-oxelosund-oxelosunds-kommun-hagtornsvagen-11-236227,124-125m²,bostadsratt,2026-08-10T06:15:45.884340
87983,https://www.hemnet.se/salda/lagenhet-125m2-ursvik-sundbyberg-sundbybergs-kommun-forskargrand-26-87983,124-125m²,bostadsratt,2026-08-10T06:15:45.884342
724248,"https://www.hemnet.se/salda/lagenhet-6rum-grondal-stockholms-kommun-grenljusbacken-17,-v,7-8-724248",124-125m²,bostadsratt,2026-08-10T06:15:45.884343
1459218,https://www.hemnet.se/salda/lagenhet-6rum-centrala-vellinge-vellinge-kommun-storgatan-10b-1459218,124-125m²,bostadsratt,2026-08-10T06:15:45.884344
166841967752084800,https://www.hemnet.se/salda/lagenhet-5rum-hultsfred-hultsfreds-kommun-lantmataregatan-16-166841967752084800,124-125m²,bostadsratt,2026-08-10T06:15:45.884346
209799,https://www.hemnet.se/salda/lagenhet-4rum-vasastaden-goteborgs-kommun-molinsgatan-17-209799,124-125m²,bostadsratt,2026-08-10T06:15:45.884347
1874779946284552239,https://www.hemnet.se/salda/lagenhet-5rum-hillerstorp-gnosjo-kommun-odonstigen-8-1874779946284552239,124-125m²,bostadsratt,2026-08-10T06:15:45.884348
483589,"https://www.hemnet.se/salda/lagenhet-4,5rum-framre-luthagen-uppsala-kommun-vasagatan-5b-483589",124-125m²,bostadsratt,2026-08-10T06:15:45.884350
1990574811293278656,https://www.hemnet.se/salda/lagenhet-4rum-vasastaden-linkopings-kommun-platensgatan-21-1990574811293278656,124-125m²,bostadsratt,2026-08-10T06:15:45.884351
1494222,https://www.hemnet.se/salda/lagenhet-4rum-centrala-sundbyberg-sundbybergs-kommun-vattugatan-6-1494222,124-125m²,bostadsratt,2026-08-10T06:15:45.884353
1180693,https://www.hemnet.se/salda/lagenhet-4rum-vaxon-vaxholms-kommun-repslagaregrand-1-a-1180693,124-125m²,bostadsratt,2026-08-10T06:15:45.884354
1351455,https://www.hemnet.se/salda/lagenhet-5rum-vetterslund-vasteras-kommun-vetterslundsgatan-20-1351455,124-125m²,bostadsratt,2026-08-10T06:15:45.884355
1401378,https://www.hemnet.se/salda/lagenhet-5rum-centralt-linkopings-kommun-drottninggatan-36a-1401378,124-125m²,bostadsratt,2026-08-10T06:15:45.884357
336164,"https://www.hemnet.se/salda/lagenhet-4,5rum-rorsjostaden-malmo-kommun-kommendorsgatan-3-336164",124-125m²,bostadsratt,2026-08-10T06:15:45.884358
1325924,https://www.hemnet.se/salda/lagenhet-5rum-saltsjobaden-nacka-kommun-tunnelvagen-19-1325924,124-125m²,bostadsratt,2026-08-10T06:15:45.884359
1079126448528413346,https://www.hemnet.se/salda/lagenhet-5rum-jakobsberg-jarfalla-kommun-ekedalsvagen-15d-1079126448528413346,124-125m²,bostadsratt,2026-08-10T06:15:45.884361
1338700,"https://www.hemnet.se/salda/lagenhet-5rum-frosunda-solna-kommun-gustav-iii-s-boulevard-135,-7-tr-1338700",124-125m²,bostadsratt,2026-08-10T06:15:45.884362
381049688489830597,https://www.hemnet.se/salda/lagenhet-5rum-bromma-blackeberg-stockholms-kommun-bjornsonsgatan-160-381049688489830597,124-125m²,bostadsratt,2026-08-10T06:15:45.884364
19204216558090829,https://www.hemnet.se/salda/lagenhet-5rum-kalleback-goteborgs-kommun-graddgatan-2-19204216558090829,124-125m²,bostadsratt,2026-08-10T06:15:45.884365
501566,"https://www.hemnet.se/salda/lagenhet-4rum-nedre-gardet-ostermalm-stockholms-kommun-de-geersgatan-14,-2-tr-501566",124-125m²,bostadsratt,2026-08-10T06:15:45.884366
713407,https://www.hemnet.se/salda/lagenhet-4rum-sodra-skeppsbron-gavle-kommun-faltskarsleden-1-713407,124-125m²,bostadsratt,2026-08-10T06:15:45.884368
8577987445295183126,https://www.hemnet.se/salda/lagenhet-5rum-gardet-ostermalm-stockholms-kommun-vartavagen-24-8577987445295183126,124-125m²,bostadsratt,2026-08-10T06:15:45.884369
899739,https://www.hemnet.se/salda/lagenhet-5rum-trosa-centralt-trosa-kommun-ostermalmsvagen-34-g-899739,124-125m²,bostadsratt,2026-08-10T06:15:45.884371
626671,https://www.hemnet.se/salda/lagenhet-4rum-rorsjostaden-malmo-kommun-foreningsgatan-65a-andreegatan-14-626671,124-125m²,bostadsratt,2026-08-10T06:15:45.884372
789819,"https://www.hemnet.se/salda/lagenhet-4,5rum-ribersborg-malmo-kommun-erikstorpsgatan-5-789819",124-125m²,bostadsratt,2026-08-10T06:15:45.884373
408756,"https://www.hemnet.se/salda/lagenhet-4,5rum-kapellgardet-uppsala-kommun-torngatan-30-408756",124-125m²,bostadsratt,2026-08-10T06:15:45.884375
154487,https://www.hemnet.se/salda/lagenhet-5rum-centrum-uppsala-kommun-kungsangsgatan-57-m-154487,124-125m²,bostadsratt,2026-08-10T06:15:45.884376
270435,https://www.hemnet.se/salda/lagenhet-5rum-centralt-soderkopings-kommun-bielkegatan-22b-270435,124-125m²,bostadsratt,2026-08-10T06:15:45.884377
234266,https://www.hemnet.se/salda/lagenhet-5rum-malmslatt-linkopings-kommun-bjorkliden-128-234266,124-125m²,bostadsratt,2026-08-10T06:15:45.884378
588583,https://www.hemnet.se/salda/lagenhet-5rum-braten-park-mariestads-kommun-rosengangen-26-588583,124-125m²,bostadsratt,2026-08-10T06:15:45.884380
588670,https://www.hemnet.se/salda/lagenhet-4rum-uddevalla-centrum-uddevalla-kommun-karl-gustavsgatan-2-b-588670,124-125m²,bostadsratt,2026-08-10T06:15:45.884381
850499,"https://www.hemnet.se/salda/lagenhet-5rum-lilla-essingen-stockholms-kommun-primusgatan-50,-11-12tr-850499",124-125m²,bostadsratt,2026-08-10T06:15:45.884383
1220593,"https://www.hemnet.se/salda/lagenhet-5,5rum-jakobsberg-jarfalla-kommun-vibblabyvagen-18-1220593",124-125m²,bostadsratt,2026-08-10T06:15:45.884384
3566591092738190617,https://www.hemnet.se/salda/lagenhet-5rum-innerstaden-linkopings-kommun-drottninggatan-36a-3566591092738190617,124-125m²,bostadsratt,2026-08-10T06:15:45.884385
1618706003663611644,https://www.hemnet.se/salda/lagenhet-5rum-langbro-park-stockholms-kommun-silverpilsvagen-5-1618706003663611644,124-125m²,bostadsratt,2026-08-10T06:15:45.884387
6338717099880973541,https://www.hemnet.se/salda/lagenhet-4rum-lindo-kalmar-kommun-fogdegatan-1b-6338717099880973541,124-125m²,bostadsratt,2026-08-10T06:15:45.884388
660534,https://www.hemnet.se/salda/lagenhet-4rum-tomtebo-umea-kommun-alvans-vag-91-660534,124-125m²,bostadsratt,2026-08-10T06:15:45.884389
3297916862608312543,"https://www.hemnet.se/salda/lagenhet-5rum-torsvik-herserud-lidingo-kommun-islinge-hamnvag-13,-2tr-3297916862608312543",124-125m²,bostadsratt,2026-08-10T06:15:45.884391
1095810308703889501,https://www.hemnet.se/salda/lagenhet-5rum-ollsjo-kristianstads-kommun-lansmansvagen-1095810308703889501,124-125m²,bostadsratt,2026-08-10T06:15:45.884392
519184,https://www.hemnet.se/salda/lagenhet-5rum-eriksberg-goteborgs-kommun-ostindiefararen-37-519184,124-125m²,bostadsratt,2026-08-10T06:15:45.884394
1072477,https://www.hemnet.se/salda/lagenhet-5rum-svarte-ystads-kommun-litteraturgatan-lgh-6-1072477,124-125m²,bostadsratt,2026-08-10T06:15:45.884395
210815,https://www.hemnet.se/salda/lagenhet-6rum-centralt-upplands-vasby-kommun-hasselbacken-1a-210815,124-125m²,bostadsratt,2026-08-10T06:15:45.884396
5210000430525337073,https://www.hemnet.se/salda/lagenhet-5rum-vasastan-stockholms-kommun-karlbergsvagen-73-5210000430525337073,124-125m²,bostadsratt,2026-08-10T06:15:45.884398
1091762,https://www.hemnet.se/salda/lagenhet-4rum-bromma-stora-mossen-stockholms-kommun-gravlingsvagen-42-1091762,124-125m²,bostadsratt,2026-08-10T06:15:45.884399
224055,https://www.hemnet.se/salda/lagenhet-3rum-kattrumpan-kalmar-kommun-landshovdingegatan-6-224055,124-125m²,bostadsratt,2026-08-10T06:15:45.884400
162448,https://www.hemnet.se/salda/lagenhet-5rum-vinslov-hassleholms-kommun-foreningsgatan-56-c-162448,124-125m²,bostadsratt,2026-08-10T06:15:45.884402
680140,https://www.hemnet.se/salda/lagenhet-4rum-soder-halmstads-kommun-sodra-vagen-33-680140,124-125m²,bostadsratt,2026-08-10T06:15:45.884403
1368988,https://www.hemnet.se/salda/lagenhet-4rum-kalleback-goteborgs-kommun-smorgatan-23-1368988,124-125m²,bostadsratt,2026-08-10T06:15:45.884404
136613813975257470,"https://www.hemnet.se/salda/lagenhet-4,5rum-jakobsberg-jarfalla-kommun-slojdvagen-26-136613813975257470",124-125m²,bostadsratt,2026-08-10T06:15:45.884406
658388,https://www.hemnet.se/salda/lagenhet-5rum-varsangen-malmo-kommun-folksangsgatan-111-658388,124-125m²,bostadsratt,2026-08-10T06:15:45.884407
468893,https://www.hemnet.se/salda/lagenhet-5rum-hammarby-sjostad-stockholms-kommun-ljusslingan-28-468893,124-125m²,bostadsratt,2026-08-10T06:15:45.884408
1441702,"https://www.hemnet.se/salda/lagenhet-4rum-sodermalm-maria-stockholms-kommun-bellmansgatan-20,-4-tr-1441702",124-125m²,bostadsratt,2026-08-10T06:15:45.884410
1470613529077498369,https://www.hemnet.se/salda/lagenhet-5rum-oxelosund-oxelosunds-kommun-hagtornsvagen-33-1470613529077498369,124-125m²,bostadsratt,2026-08-10T06:15:45.884411
5848798947200344559,https://www.hemnet.se/salda/lagenhet-5rum-klockarfjallet-harjedalens-kommun-fjallstigen-5-a-5848798947200344559,124-125m²,bostadsratt,2026-08-10T06:15:45.884412
876432,https://www.hemnet.se/salda/lagenhet-5rum-vastervang-ystads-kommun-sturegatan-10-b-876432,124-125m²,bostadsratt,2026-08-10T06:15:45.884414
133023,https://www.hemnet.se/salda/lagenhet-5rum-akeshall-ystads-kommun-rotfruktsgatan-28b-133023,124-125m²,bostadsratt,2026-08-10T06:15:45.884415
7655197425347021908,https://www.hemnet.se/salda/lagenhet-5rum-bor-varnamo-kommun-dansbanevagen-29-7655197425347021908,124-125m²,bostadsratt,2026-08-10T06:15:45.884416
320028,"https://www.hemnet.se/salda/lagenhet-5rum-taby-centrum-taby-kommun-marknadsvagen-219,-2tr-320028",124-125m²,bostadsratt,2026-08-10T06:15:45.884418
390942,https://www.hemnet.se/salda/lagenhet-4rum-finnberget-nacka-kommun-finnbergsvagen-64-390942,124-125m²,bostadsratt,2026-08-10T06:15:45.884419
9134079116222254647,https://www.hemnet.se/salda/lagenhet-5rum-vasastaden-annedal-goteborgs-kommun-lilla-bergsgatan-1a-9134079116222254647,124-125m²,bostadsratt,2026-08-10T06:15:45.884420
1289312,https://www.hemnet.se/salda/lagenhet-5rum-centrum-helsingborgs-kommun-kullagatan-58-1289312,124-125m²,bostadsratt,2026-08-10T06:15:45.884422
442039,https://www.hemnet.se/salda/lagenhet-5rum-sodermalm-stockholms-kommun-krukmakarbacken-2-442039,124-125m²,bostadsratt,2026-08-10T06:15:45.884423
8505709071354718998,"https://www.hemnet.se/salda/lagenhet-5rum-grondal-stockholms-kommun-grondalsvagen-38,-4-5tr-8505709071354718998",124-125m²,bostadsratt,2026-08-10T06:15:45.884424
2853861081332043174,https://www.hemnet.se/salda/lagenhet-4rum-sodermalm-stockholms-kommun-magnus-ladulasgatan-45-2853861081332043174,124-125m²,bostadsratt,2026-08-10T06:15:45.884426
105996194570368626,"https://www.hemnet.se/salda/lagenhet-5rum-vasastan-stockholms-kommun-kungstensgatan-61,-4tr-105996194570368626",124-125m²,bostadsratt,2026-08-10T06:15:45.884427
3388264313457855206,https://www.hemnet.se/salda/lagenhet-4rum-araby-hov-vaxjo-kommun-hovsgatan-8d-3388264313457855206,124-125m²,bostadsratt,2026-08-10T06:15:45.884429
1492780,https://www.hemnet.se/salda/lagenhet-4rum-tagaborg-helsingborgs-kommun-brommagatan-3-1492780,124-125m²,bostadsratt,2026-08-10T06:15:45.884430
3643116456940286018,https://www.hemnet.se/salda/lagenhet-5rum-akeshall-ystads-kommun-rotfruktsgatan-18b-3643116456940286018,124-125m²,bostadsratt,2026-08-10T06:15:45.884431
65720321414204034,https://www.hemnet.se/salda/lagenhet-6rum-johannisdal-kopings-kommun-erlandsvagen-33e-65720321414204034,124-125m²,bostadsratt,2026-08-10T06:15:45.884433
7527414038357939201,https://www.hemnet.se/salda/lagenhet-5rum-norrdal-varbergs-kommun-birger-svenssons-vag-29a-7527414038357939201,124-125m²,bostadsratt,2026-08-10T06:15:45.884434
2646568433761555576,"https://www.hemnet.se/salda/lagenhet-5rum-taby-centrum-taby-kommun-marknadsvagen-241,-2-tr-2646568433761555576",124-125m²,bostadsratt,2026-08-10T06:15:45.884435
1404602,https://www.hemnet.se/salda/lagenhet-4rum-broslatt-molndals-kommun-gladiolusgatan-5b-1404602,124-125m²,bostadsratt,2026-08-10T06:15:45.884437
773082,https://www.hemnet.se/salda/lagenhet-5rum-veberod-lunds-kommun-master-knuds-vag-111-773082,124-125m²,bostadsratt,2026-08-10T06:15:45.884438
249965,https://www.hemnet.se/salda/lagenhet-5rum-centralt-alingsas-kommun-norra-ringgatan-249965,124-125m²,bostadsratt,2026-08-10T06:15:45.884439
1518667206090363890,"https://www.hemnet.se/salda/lagenhet-4,5rum-tollare-nacka-kommun-tollare-kaj-6,-4-tr-1518667206090363890",124-125m²,bostadsratt,2026-08-10T06:15:45.884441
8231663405381301313,"https://www.hemnet.se/salda/lagenhet-4rum-atlas,-vasastan-stockholms-kommun-sankt-eriksgatan-64-atlasmuren-18-8231663405381301313",124-125m²,bostadsratt,2026-08-10T06:15:45.884442
1391156,https://www.hemnet.se/salda/lagenhet-4rum-centrum-helsingborgs-kommun-drottninggatan-5-1391156,124-125m²,bostadsratt,2026-08-10T06:15:45.884444
101497,https://www.hemnet.se/salda/lagenhet-4rum-backalyckan-jonkopings-kommun-asenvagen-10-b-101497,124-125m²,bostadsratt,2026-08-10T06:15:45.884445
719528,https://www.hemnet.se/salda/lagenhet-5rum-hagalund-solna-kommun-hagalundsgatan-24-719528,124-125m²,bostadsratt,2026-08-10T06:15:45.884446
581843,https://www.hemnet.se/salda/lagenhet-5rum-sodermalm-stockholms-kommun-roddargatan-8-581843,124-125m²,bostadsratt,2026-08-10T06:15:45.884448
8528785228072438008,"https://www.hemnet.se/salda/lagenhet-3,5rum-kungsholmen-stockholms-kommun-norra-agnegatan-36-8528785228072438008",124-125m²,bostadsratt,2026-08-10T06:15:45.884449
54177,https://www.hemnet.se/salda/lagenhet-4rum-laholm-laholms-kommun-korvelgangen-32-54177,124-125m²,bostadsratt,2026-08-10T06:15:45.884450
581550,https://www.hemnet.se/salda/lagenhet-4rum-centralt-linkopings-kommun-hamngatan-9-581550,124-125m²,bostadsratt,2026-08-10T06:15:45.884452
1187655,https://www.hemnet.se/salda/lagenhet-5rum-nattraby-karlskrona-kommun-ostra-skarfva-byvag-3b-1187655,124-125m²,bostadsratt,2026-08-10T06:15:45.884453
789466,https://www.hemnet.se/salda/lagenhet-5rum-visby-soder-gotlands-kommun-jungmansgatan-512-789466,124-125m²,bostadsratt,2026-08-10T06:15:45.884454
160247,https://www.hemnet.se/salda/lagenhet-6rum-salem-salems-kommun-mosshagestigen-61-160247,124-125m²,bostadsratt,2026-08-10T06:15:45.884456
8801959628498337687,https://www.hemnet.se/salda/lagenhet-4rum-liljeholmen-jonkopings-kommun-lillgatan-14-8801959628498337687,124-125m²,bostadsratt,2026-08-10T06:15:45.884457
1428957,"https://www.hemnet.se/salda/lagenhet-3,5rum-hoganas-hoganas-kommun-centralgatan-2a-1428957",124-125m²,bostadsratt,2026-08-10T06:15:45.884459
509395,https://www.hemnet.se/salda/lagenhet-125m2-backalyckan-jonkopings-kommun-asenvagen-10a-509395,124-125m²,bostadsratt,2026-08-10T06:15:45.884460
5448221443495568415,"https://www.hemnet.se/salda/lagenhet-4rum-aspudden-stockholms-kommun-sigfridsvagen-30,-5tr-5448221443495568415",124-125m²,bostadsratt,2026-08-10T06:15:45.884461
1377817,"https://www.hemnet.se/salda/lagenhet-4rum-kvarngardet-uppsala-kommun-rabyvagen-70,-van-5-1377817",124-125m²,bostadsratt,2026-08-10T06:15:45.884463
1506636,"https://www.hemnet.se/salda/lagenhet-3rum-kvarnholmen-nacka-kommun-mjolnarvagen-24,-9-10-tr-1506636",124-125m²,bostadsratt,2026-08-10T06:15:45.884464
887806,"https://www.hemnet.se/salda/lagenhet-4rum-sodermalm-stockholms-kommun-hornsgatan-154,-vind-5-tr-887806",124-125m²,bostadsratt,2026-08-10T06:15:45.884465
606164,https://www.hemnet.se/salda/lagenhet-4rum-oxie-malmo-kommun-oxievangsvagen-93-606164,124-125m²,bostadsratt,2026-08-10T06:15:45.884467
8976751600178903271,https://www.hemnet.se/salda/lagenhet-5rum-hogberget-ludvika-kommun-tre-krokars-gata-4a-8976751600178903271,124-125m²,bostadsratt,2026-08-10T06:15:45.884468
5270742043721401575,https://www.hemnet.se/salda/lagenhet-4rum-hovas-goteborgs-kommun-uggledalsvagen-149-5270742043721401575,124-125m²,bostadsratt,2026-08-10T06:15:45.884470
1175903,https://www.hemnet.se/salda/lagenhet-4rum-torpa-jonkopings-kommun-solbergagatan-11-1175903,124-125m²,bostadsratt,2026-08-10T06:15:45.884472
430130,https://www.hemnet.se/salda/lagenhet-4rum-kungsangen-norrboda-upplands-bro-kommun-brf-tibbleskogen-2-norrboda-430130,124-125m²,bostadsratt,2026-08-10T06:15:45.884473
223687,https://www.hemnet.se/salda/lagenhet-4rum-torget-askersund-askersunds-kommun-storgatan-22-223687,124-125m²,bostadsratt,2026-08-10T06:15:45.884474
7418514306893923189,"https://www.hemnet.se/salda/lagenhet-5rum-lilla-essingen-kungsholmen-stockholms-kommun-primusgatan-50,-van-11-12-7418514306893923189",124-125m²,bostadsratt,2026-08-10T06:15:45.884476
7987551955145298161,https://www.hemnet.se/salda/lagenhet-5rum-centrala-solna-solna-kommun-sagagatan-15-7987551955145298161,124-125m²,bostadsratt,2026-08-10T06:15:45.884477
56638,https://www.hemnet.se/salda/lagenhet-5rum-norra-utmarken-halmstads-kommun-skjutbanevagen-20-f-56638,124-125m²,bostadsratt,2026-08-10T06:15:45.884479
478689,https://www.hemnet.se/salda/lagenhet-4rum-torpa-jonkopings-kommun-solbergagatan-11-478689,124-125m²,bostadsratt,2026-08-10T06:15:45.884480
1099511932985370658,"https://www.hemnet.se/salda/lagenhet-4rum-mariefred-strangnas-kommun-storgatan-14,-3-tr-1099511932985370658",124-125m²,bostadsratt,2026-08-10T06:15:45.884481
1499058,https://www.hemnet.se/salda/lagenhet-5rum-norrboda-upplands-bro-kommun-lillmossvagen-56-a-1499058,124-125m²,bostadsratt,2026-08-10T06:15:45.884483
207137,"https://www.hemnet.se/salda/lagenhet-5rum-lugnet-malmo-kommun-lugna-gatan-31,-van-3-207137",124-125m²,bostadsratt,2026-08-10T06:15:45.884484
1324228,https://www.hemnet.se/salda/lagenhet-4rum-vasastan-city-norrmalm-stockholms-kommun-kammakargatan-39-1324228,124-125m²,bostadsratt,2026-08-10T06:15:45.884486
1151046,"https://www.hemnet.se/salda/lagenhet-4,5rum-sodermalm-hogalid-stockholms-kommun-heleneborgsgatan-12b-1151046",124-125m²,bostadsratt,2026-08-10T06:15:45.884487
1100010,"https://www.hemnet.se/salda/lagenhet-4rum-saltsjoqvarn-nacka-kommun-hastholmsvagen-25,-9-10-tr-1100010",124-125m²,bostadsratt,2026-08-10T06:15:45.884488
1254655,https://www.hemnet.se/salda/lagenhet-5rum-kroksback-malmo-kommun-mobacksgatan-25-1254655,124-125m²,bostadsratt,2026-08-10T06:15:45.884490
1359910,https://www.hemnet.se/salda/lagenhet-5rum-centrum-fjardingen-uppsala-kommun-drottninggatan-5-1359910,124-125m²,bostadsratt,2026-08-10T06:15:45.884491
4376701691106965581,https://www.hemnet.se/salda/lagenhet-4rum-berghusa-ystads-kommun-berghusagatan-14-4376701691106965581,124-125m²,bostadsratt,2026-08-10T06:15:45.884492
1197854,https://www.hemnet.se/salda/lagenhet-6rum-haggetorp-tibro-kommun-flygelgatan-16-1197854,124-125m²,bostadsratt,2026-08-10T06:15:45.884494
7500400102015558409,https://www.hemnet.se/salda/lagenhet-5rum-taby-centrum-taby-kommun-marknadsvagen-297-7500400102015558409,124-125m²,bostadsratt,2026-08-10T06:15:45.884495
304727,https://www.hemnet.se/salda/lagenhet-5rum-bodal-baggeby-lidingo-kommun-bodalsvagen-22-304727,124-125m²,bostadsratt,2026-08-10T06:15:45.884496
383854,https://www.hemnet.se/salda/lagenhet-5rum-frillesas-centralt-kungsbacka-kommun-johan-oscars-vag-19-383854,124-125m²,bostadsratt,2026-08-10T06:15:45.884498
1037486,https://www.hemnet.se/salda/lagenhet-4rum-hjo-hjo-kommun-fabriksgatan-8d-1037486,124-125m²,bostadsratt,2026-08-10T06:15:45.884499
892084,https://www.hemnet.se/salda/lagenhet-5rum-stenungsund-stenungsunds-kommun-kakenasvagen-50-892084,124-125m²,bostadsratt,2026-08-10T06:15:45.884500
3246756013900711314,https://www.hemnet.se/salda/lagenhet-4rum-jarla-sjo-nacka-kommun-gustaf-de-lavals-vag-18-3246756013900711314,124-125m²,bostadsratt,2026-08-10T06:15:45.884502
186968,https://www.hemnet.se/salda/lagenhet-4rum-skorpabacken-angelholms-kommun-vinbarsvagen-4-186968,124-125m²,bostadsratt,2026-08-10T06:15:45.884503
887341,https://www.hemnet.se/salda/lagenhet-5rum-fjardingen-uppsala-kommun-drottninggatan-5-887341,124-125m²,bostadsratt,2026-08-10T06:15:45.884505
1071506,https://www.hemnet.se/salda/lagenhet-5rum-oxie-malmo-kommun-stengodsvagen-91-1071506,124-125m²,bostadsratt,2026-08-10T06:15:45.884506
640548,https://www.hemnet.se/salda/lagenhet-4rum-vastergard-helsingborgs-kommun-vastergardsgatan-55-640548,124-125m²,bostadsratt,2026-08-10T06:15:45.884507
2985991857742638336,https://www.hemnet.se/salda/lagenhet-5rum-tibro-tibro-kommun-flygelgatan-20-2985991857742638336,124-125m²,bostadsratt,2026-08-10T06:15:45.884509
1507795,https://www.hemnet.se/salda/lagenhet-4rum-tangen-stromstads-kommun-tangenvagen-14-1507795,124-125m²,bostadsratt,2026-08-10T06:15:45.884510
5851751353659329905,"https://www.hemnet.se/salda/lagenhet-4rum-frosunda-solna-kommun-signe-tillischgatan-10,-7-tr-5851751353659329905",124-125m²,bostadsratt,2026-08-10T06:15:45.884511
1286006,https://www.hemnet.se/salda/lagenhet-4rum-bromma-nockeby-stockholms-kommun-gronviksvagen-217-1286006,124-125m²,bostadsratt,2026-08-10T06:15:45.884513
1093240,https://www.hemnet.se/salda/lagenhet-4rum-vastra-hamnen-malmo-kommun-knopgrand-8-1093240,124-125m²,bostadsratt,2026-08-10T06:15:45.884514
186655,https://www.hemnet.se/salda/lagenhet-4rum-centralt-ostra-kasern-kristianstads-kommun-ostra-kaserngatan-3b-186655,124-125m²,bostadsratt,2026-08-10T06:15:45.884515
3495944949508666512,https://www.hemnet.se/salda/lagenhet-4rum-sodermalm-zinkensdamm-stockholms-kommun-brannkyrkagatan-91-3495944949508666512,124-125m²,bostadsratt,2026-08-10T06:15:45.884517
777739,https://www.hemnet.se/salda/lagenhet-5rum-kungsangen-norrboda-upplands-bro-kommun-tibble-skogsvag-23-777739,124-125m²,bostadsratt,2026-08-10T06:15:45.884518
371717,https://www.hemnet.se/salda/lagenhet-4rum-bor-varnamo-kommun-dansbanevagen-39-371717,124-125m²,bostadsratt,2026-08-10T06:15:45.884520
1142781925412665910,https://www.hemnet.se/salda/lagenhet-4rum-centrala-linkoping-linkopings-kommun-klostergatan-25b-1142781925412665910,124-125m²,bostadsratt,2026-08-10T06:15:45.884521
1102484,https://www.hemnet.se/salda/lagenhet-4rum-framre-luthagen-uppsala-kommun-borjegatan-7-1102484,124-125m²,bostadsratt,2026-08-10T06:15:45.884522
73620,https://www.hemnet.se/salda/lagenhet-4rum-alvsbacka-skelleftea-kommun-ostra-nygatan-91b-73620,124-125m²,bostadsratt,2026-08-10T06:15:45.884524
929562034579223657,https://www.hemnet.se/salda/lagenhet-4rum-bromma-blackeberg-stockholms-kommun-blackebergsbacken-3-929562034579223657,124-125m²,bostadsratt,2026-08-10T06:15:45.884525
4084634355607970558,https://www.hemnet.se/salda/lagenhet-5rum-lerum-lerums-kommun-riddarstenshojden-2-4084634355607970558,124-125m²,bostadsratt,2026-08-10T06:15:45.884526
4999692112717695689,https://www.hemnet.se/salda/lagenhet-4rum-linne-goteborgs-kommun-varmlandsgatan-34-4999692112717695689,124-125m²,bostadsratt,2026-08-10T06:15:45.884528
2222219169115488052,"https://www.hemnet.se/salda/lagenhet-5rum-grondal-stockholms-kommun-grondalsvagen-34,-van-4-5-2222219169115488052",124-125m²,bostadsratt,2026-08-10T06:15:45.884529
1196656,https://www.hemnet.se/salda/lagenhet-5rum-galgberget-falu-kommun-nedre-gruvrisvagen-15d-1196656,124-125m²,bostadsratt,2026-08-10T06:15:45.884530
1471280,"https://www.hemnet.se/salda/lagenhet-5rum-ostermalm-stockholms-kommun-valhallavagen-73,-3-tr-1471280",124-125m²,bostadsratt,2026-08-10T06:15:45.884532
1196438,https://www.hemnet.se/salda/lagenhet-3rum-centrum-varbergs-kommun-malmgatan-3-1196438,124-125m²,bostadsratt,2026-08-10T06:15:45.884533
726258,https://www.hemnet.se/salda/lagenhet-3rum-skorpabacken-angelholms-kommun-vinbarsvagen-5-726258,124-125m²,bostadsratt,2026-08-10T06:15:45.884534
1447748,"https://www.hemnet.se/salda/lagenhet-6rum-hammarby-sjostad-stockholms-kommun-ljusslingan-28,-6tr-1447748",124-125m²,bostadsratt,2026-08-10T06:15:45.884536
1351089,https://www.hemnet.se/salda/lagenhet-5rum-centralt-knivsta-kommun-margaretavagen-57f-1351089,124-125m²,bostadsratt,2026-08-10T06:15:45.884537
7891088596125575933,https://www.hemnet.se/salda/lagenhet-4rum-centrum-hjo-kommun-fabriksgatan-8b-7891088596125575933,124-125m²,bostadsratt,2026-08-10T06:15:45.884538
1316962,https://www.hemnet.se/salda/lagenhet-5rum-rydeback-helsingborgs-kommun-rydebacks-stationsgata-53-1316962,124-125m²,bostadsratt,2026-08-10T06:15:45.884540
954507,"https://www.hemnet.se/salda/lagenhet-5rum-vasastan-stockholms-kommun-roslagsgatan-15,-4tr-954507",124-125m²,bostadsratt,2026-08-10T06:15:45.884541
1234107,"https://www.hemnet.se/salda/lagenhet-5rum-nacka-tollare-nacka-kommun-tollarevagen-51,-2-tr-1234107",124-125m²,bostadsratt,2026-08-10T06:15:45.884543
1383026,https://www.hemnet.se/salda/lagenhet-4rum-ostermalm-stockholms-kommun-fryxellsgatan-3b-1383026,124-125m²,bostadsratt,2026-08-10T06:15:45.884544
8117268057966809861,https://www.hemnet.se/salda/lagenhet-5rum-ollsjo-kristianstads-kommun-lansmansvagen-8117268057966809861,124-125m²,bostadsratt,2026-08-10T06:15:45.884545
667360,https://www.hemnet.se/salda/lagenhet-4rum-slottsjorden-halmstads-kommun-seglaregatan-1-a-667360,124-125m²,bostadsratt,2026-08-10T06:15:45.884546
1456395,https://www.hemnet.se/salda/lagenhet-5rum-nya-garda-goteborgs-kommun-sixten-camps-gata-8-1456395,124-125m²,bostadsratt,2026-08-10T06:15:45.884548
547442,https://www.hemnet.se/salda/lagenhet-4rum-vastra-skurholmen-lulea-kommun-gransgatan-10a-547442,124-125m²,bostadsratt,2026-08-10T06:15:45.884549
1301003,https://www.hemnet.se/salda/lagenhet-5rum-nya-linero-lunds-kommun-munins-vag-14-1301003,124-125m²,bostadsratt,2026-08-10T06:15:45.884551
8787555146485912047,https://www.hemnet.se/salda/lagenhet-4rum-centralt-vadstena-kommun-parkgatan-23-8787555146485912047,124-125m²,bostadsratt,2026-08-10T06:15:45.884552
764643,"https://www.hemnet.se/salda/lagenhet-5rum-sodermalm-hogalid-zinkensdamm-stockholms-kommun-brannkyrkagatan-91,-3-tr-764643",124-125m²,bostadsratt,2026-08-10T06:15:45.884554
6971606701842228371,https://www.hemnet.se/salda/lagenhet-4rum-centrum-helsingborgs-kommun-tagagatan-2-6971606701842228371,124-125m²,bostadsratt,2026-08-10T06:15:45.884555
456595,https://www.hemnet.se/salda/lagenhet-4rum-vastra-hamnen-malmo-kommun-rodergatan-4-456595,124-125m²,bostadsratt,2026-08-10T06:15:45.884556
1500412,https://www.hemnet.se/salda/lagenhet-6rum-karlslund-upplands-vasby-kommun-blommelundsvagen-9a-1500412,124-125m²,bostadsratt,2026-08-10T06:15:45.884558
3123063825796441087,https://www.hemnet.se/salda/lagenhet-4rum-nedre-johanneberg-goteborgs-kommun-gibraltargatan-4-3123063825796441087,124-125m²,bostadsratt,2026-08-10T06:15:45.884559
773931852866866331,https://www.hemnet.se/salda/lagenhet-5rum-nacka-strand-nacka-kommun-fabrikorvagen-10a-773931852866866331,124-125m²,bostadsratt,2026-08-10T06:15:45.884561
184992,https://www.hemnet.se/salda/lagenhet-5rum-hammarbyhojden-stockholms-kommun-sten-bergmans-vag-21-184992,124-125m²,bostadsratt,2026-08-10T06:15:45.884562
1704973204873515716,https://www.hemnet.se/salda/lagenhet-5rum-alvesta-spaningslanda-alvesta-kommun-hogalundsvagen-81-i-1704973204873515716,124-125m²,bostadsratt,2026-08-10T06:15:45.884563
8475492878359502287,https://www.hemnet.se/salda/lagenhet-4rum-nacka-jarla-sjo-nacka-kommun-winborgs-torg-3-8475492878359502287,124-125m²,bostadsratt,2026-08-10T06:15:45.884565
302016,https://www.hemnet.se/salda/lagenhet-3rum-olympia-helsingborgs-kommun-mellersta-stenbocksgatan-7-302016,124-125m²,bostadsratt,2026-08-10T06:15:45.884566
712882,https://www.hemnet.se/salda/lagenhet-5rum-visby-gotlands-kommun-greta-arvidssons-gata-23e-radhus-e-712882,124-125m²,bostadsratt,2026-08-10T06:15:45.884568
569996,https://www.hemnet.se/salda/lagenhet-5rum-gustavsberg-farsta-slottsvik-varmdo-kommun-ohmans-vag-8-569996,124-125m²,bostadsratt,2026-08-10T06:15:45.884569
772946,https://www.hemnet.se/salda/lagenhet-4rum-kungsholmen-stockholms-kommun-bergsgatan-53-772946,124-125m²,bostadsratt,2026-08-10T06:15:45.884570
6058831180305305469,https://www.hemnet.se/salda/lagenhet-5rum-taby-centrum-taby-kommun-marknadsvagen-243-6058831180305305469,124-125m²,bostadsratt,2026-08-10T06:15:45.884572
387535,https://www.hemnet.se/salda/lagenhet-5rum-hovsjo-sodertalje-kommun-granovagen-46-387535,124-125m²,bostadsratt,2026-08-10T06:15:45.884573
2455623589806197891,https://www.hemnet.se/salda/lagenhet-5rum-frillesas-centrum-kungsbacka-kommun-johan-oscars-vag-25-2455623589806197891,124-125m²,bostadsratt,2026-08-10T06:15:45.884574
6968284250931359730,https://www.hemnet.se/salda/lagenhet-4rum-olympia-helsingborgs-kommun-hovitsmansgatan-8-6968284250931359730,124-125m²,bostadsratt,2026-08-10T06:15:45.884576
711579,"https://www.hemnet.se/salda/lagenhet-5rum-arenastaden-solna-kommun-evenemangsgatan-8,-8-tr-711579",124-125m²,bostadsratt,2026-08-10T06:15:45.884577
687658,https://www.hemnet.se/salda/lagenhet-4rum-trosa-trosa-kommun-ostra-langgatan-79-a-687658,124-125m²,bostadsratt,2026-08-10T06:15:45.884579
4557111988345619377,"https://www.hemnet.se/salda/lagenhet-4,5rum-centrum-uppsala-kommun-vaksalagatan-18b-4557111988345619377",124-125m²,bostadsratt,2026-08-10T06:15:45.884580
1283444929747308634,https://www.hemnet.se/salda/lagenhet-4rum-farhult-hoganas-kommun-yxvagen-9f-1283444929747308634,124-125m²,bostadsratt,2026-08-10T06:15:45.884581
256061,https://www.hemnet.se/salda/lagenhet-4rum-skytteholm-solna-kommun-framnasbacken-16-256061,124-125m²,bostadsratt,2026-08-10T06:15:45.884583
679585,https://www.hemnet.se/salda/lagenhet-4rum-centralt-falu-kommun-trotzgatan-45a-679585,124-125m²,bostadsratt,2026-08-10T06:15:45.884584
319941,"https://www.hemnet.se/salda/lagenhet-7,5rum-bjurhovda-vasteras-kommun-benvagen-17-319941",124-125m²,bostadsratt,2026-08-10T06:15:45.884585
998534,https://www.hemnet.se/salda/lagenhet-4rum-limhamn-malmo-kommun-sundholmsgatan-9-998534,124-125m²,bostadsratt,2026-08-10T06:15:45.884587
530662,https://www.hemnet.se/salda/lagenhet-6rum-akeshall-ystads-kommun-rotfruktsgatan-20a-530662,124-125m²,bostadsratt,2026-08-10T06:15:45.884588
879058,https://www.hemnet.se/salda/lagenhet-4rum-berghusa-ystads-kommun-berghusagatan-9-879058,124-125m²,bostadsratt,2026-08-10T06:15:45.884589
580102,https://www.hemnet.se/salda/lagenhet-5rum-rosenlund-sodertalje-kommun-folkparksvagen-38-580102,124-125m²,bostadsratt,2026-08-10T06:15:45.884591
2581060073834796782,https://www.hemnet.se/salda/lagenhet-6rum-stora-uppakra-staffanstorps-kommun-augustivagen-4-2581060073834796782,124-125m²,bostadsratt,2026-08-10T06:15:45.884592
1580523275382939733,https://www.hemnet.se/salda/lagenhet-5rum-jonkoping-vaster-jonkopings-kommun-kungsgatan-2d-1580523275382939733,124-125m²,bostadsratt,2026-08-10T06:15:45.884593
39731,https://www.hemnet.se/salda/lagenhet-5rum-alunda-osthammars-kommun-karin-alinders-vag-17-39731,124-125m²,bostadsratt,2026-08-10T06:15:45.884595
72171,https://www.hemnet.se/salda/lagenhet-5rum-centrum-helsingborgs-kommun-sodra-strandgatan-17-72171,124-125m²,bostadsratt,2026-08-10T06:15:45.884596
1044624,https://www.hemnet.se/salda/lagenhet-4rum-vagmastaren-karlstads-kommun-strandvagen-1b-1044624,124-125m²,bostadsratt,2026-08-10T06:15:45.884597
976070,"https://www.hemnet.se/salda/lagenhet-4rum-fredhall-stockholms-kommun-orvar-odds-vag-8,-5tr-976070",124-125m²,bostadsratt,2026-08-10T06:15:45.884599
8803075407144256122,"https://www.hemnet.se/salda/lagenhet-4rum-vasastan-stockholms-kommun-vanadisvagen-30,-1,5-tr-van-2-8803075407144256122",124-125m²,bostadsratt,2026-08-10T06:15:45.884600
2086086991272558644,https://www.hemnet.se/salda/lagenhet-4rum-rorsjostaden-malmo-kommun-foreningsgatan-65b-2086086991272558644,124-125m²,bostadsratt,2026-08-10T06:15:45.884602
6020911112915609109,https://www.hemnet.se/salda/lagenhet-4rum-norr-eslovs-kommun-klippanvagen-13a-6020911112915609109,124-125m²,bostadsratt,2026-08-10T06:15:45.884603
580727,https://www.hemnet.se/salda/lagenhet-5rum-kallhall-jarfalla-kommun-ladersattravagen-93-580727,124-125m²,bostadsratt,2026-08-10T06:15:45.884604
1335315,https://www.hemnet.se/salda/lagenhet-6rum-klostergarden-lunds-kommun-blidvadersvagen-6-g-1335315,124-125m²,bostadsratt,2026-08-10T06:15:45.884606
552076,https://www.hemnet.se/salda/lagenhet-5rum-ystad-gamla-vattentornet-ystads-kommun-maskinistgatan-7-d-552076,124-125m²,bostadsratt,2026-08-10T06:15:45.884607
8537318213899136383,https://www.hemnet.se/salda/lagenhet-5rum-vattersnas-jonkopings-kommun-huskvarnavagen-97d-8537318213899136383,124-125m²,bostadsratt,2026-08-10T06:15:45.884609
165567,https://www.hemnet.se/salda/lagenhet-4rum-skorpabacken-angelholms-kommun-vinbarsvagen-14-165567,124-125m²,bostadsratt,2026-08-10T06:15:45.884610
1375421,"https://www.hemnet.se/salda/lagenhet-5rum-viggbygardet-taby-kommun-flyghamnsvagen-24,-3tr-1375421",124-125m²,bostadsratt,2026-08-10T06:15:45.884611
440197,https://www.hemnet.se/salda/lagenhet-5rum-kista-stockholms-kommun-sjallandsgatan-118-440197,124-125m²,bostadsratt,2026-08-10T06:15:45.884613
7142078928804203080,https://www.hemnet.se/salda/lagenhet-5rum-nasbypark-taby-kommun-nytorpsvagen-50-7142078928804203080,124-125m²,bostadsratt,2026-08-10T06:15:45.884614
251788,https://www.hemnet.se/salda/lagenhet-5rum-fjalkinge-kristianstads-kommun-megalitvagen-24-251788,124-125m²,bostadsratt,2026-08-10T06:15:45.884615
1337500,"https://www.hemnet.se/salda/lagenhet-5rum-maria-stockholms-kommun-magnus-ladulasgatan-39,-2-tr-1337500",124-125m²,bostadsratt,2026-08-10T06:15:45.884617
8291903417946315386,https://www.hemnet.se/salda/lagenhet-4rum-varvsholmen-kalmar-kommun-jeanssongatan-11-8291903417946315386,124-125m²,bostadsratt,2026-08-10T06:15:45.884618
1188962,https://www.hemnet.se/salda/lagenhet-5rum-slottsstaden-malmo-kommun-mariedalsvagen-42-1188962,124-125m²,bostadsratt,2026-08-10T06:15:45.884620
823724,"https://www.hemnet.se/salda/lagenhet-4,5rum-fagelbro-varmdo-kommun-fagelbrostigen-724-823724",124-125m²,bostadsratt,2026-08-10T06:15:45.884621
574274,"https://www.hemnet.se/salda/lagenhet-5rum-arenastaden-solna-kommun-evenemangsgatan-8,-8-tr-574274",124-125m²,bostadsratt,2026-08-10T06:15:45.884622
113336,https://www.hemnet.se/salda/lagenhet-4rum-lillaudden-vasteras-kommun-fyrbaksvagen-6-113336,124-125m²,bostadsratt,2026-08-10T06:15:45.884624
1243564,https://www.hemnet.se/salda/lagenhet-4rum-city-vasteras-kommun-brahegatan-17-1243564,124-125m²,bostadsratt,2026-08-10T06:15:45.884625
43045,https://www.hemnet.se/salda/lagenhet-5rum-gamla-vattentornet-ystads-kommun-maskinistgatan-5d-43045,124-125m²,bostadsratt,2026-08-10T06:15:45.884626
1379280,https://www.hemnet.se/salda/lagenhet-4rum-skorpabacken-angelholms-kommun-krusbarsvagen-8-1379280,124-125m²,bostadsratt,2026-08-10T06:15:45.884628
1351116,https://www.hemnet.se/salda/lagenhet-5rum-bor-varnamo-kommun-dansbanevagen-57-1351116,124-125m²,bostadsratt,2026-08-10T06:15:45.884629
5183681056677734062,"https://www.hemnet.se/salda/lagenhet-4,5rum-s-t-knut-malmo-kommun-hantverkaregatan-16a-5183681056677734062",124-125m²,bostadsratt,2026-08-10T06:15:45.884630
1530908359942936447,https://www.hemnet.se/salda/lagenhet-5rum-taby-centrum-taby-kommun-marknadsvagen-293-1530908359942936447,124-125m²,bostadsratt,2026-08-10T06:15:45.884632
3622674114682252331,https://www.hemnet.se/salda/lagenhet-6rum-haggetorp-tibro-kommun-flygelgatan-11-3622674114682252331,124-125m²,bostadsratt,2026-08-10T06:15:45.884633
1193365,https://www.hemnet.se/salda/lagenhet-4rum-rorsjostaden-malmo-kommun-ledebursgatan-2-1193365,124-125m²,bostadsratt,2026-08-10T06:15:45.884634
998487274972946769,https://www.hemnet.se/salda/lagenhet-5rum-akeshall-ystads-kommun-rotfruktsgatan-36a-998487274972946769,124-125m²,bostadsratt,2026-08-10T06:15:45.884636
1349629,"https://www.hemnet.se/salda/lagenhet-5rum-sodermalm-vintertullstorget-stockholms-kommun-vintertullstorget-44,-3-tr-1349629",124-125m²,bostadsratt,2026-08-10T06:15:45.884637
1308788,https://www.hemnet.se/salda/lagenhet-4rum-sodra-ratorp-karlstads-kommun-ratorps-alle-58-1308788,124-125m²,bostadsratt,2026-08-10T06:15:45.884639
1169732568569183718,https://www.hemnet.se/salda/lagenhet-4rum-ostermalm-stockholms-kommun-jungfrugatan-45-1169732568569183718,124-125m²,bostadsratt,2026-08-10T06:15:45.884640
1082977,https://www.hemnet.se/salda/lagenhet-3rum-centrum-lulea-kommun-hermelinsgatan-21-a-1082977,124-125m²,bostadsratt,2026-08-10T06:15:45.884641
715328,"https://www.hemnet.se/salda/lagenhet-3,5rum-nacka-sodermalm-saltsjoqvarn-nacka-kommun-mannagrynstorget-2,-2-tr-715328",124-125m²,bostadsratt,2026-08-10T06:15:45.884643
409162,https://www.hemnet.se/salda/lagenhet-5rum-galgberget-falu-kommun-nedre-gruvrisvagen-15d-409162,124-125m²,bostadsratt,2026-08-10T06:15:45.884644
2031999242328814909,https://www.hemnet.se/salda/lagenhet-3rum-mariefred-centralt-strangnas-kommun-nygatan-10a-2031999242328814909,124-125m²,bostadsratt,2026-08-10T06:15:45.884645
2717126025950787011,https://www.hemnet.se/salda/lagenhet-4rum-pilevall-trelleborgs-kommun-banvallsvagen-12-2717126025950787011,124-125m²,bostadsratt,2026-08-10T06:15:45.884647
127540,"https://www.hemnet.se/salda/lagenhet-4rum-vasastan-roda-bergen-stockholms-kommun-falugatan-9,-2-tr-127540",124-125m²,bostadsratt,2026-08-10T06:15:45.884648
3679260297999476007,https://www.hemnet.se/salda/lagenhet-5rum-nybro-centralt-nybro-kommun-repslagaregatan-2a-3679260297999476007,124-125m²,bostadsratt,2026-08-10T06:15:45.884649
6369970938487504957,https://www.hemnet.se/salda/lagenhet-6rum-centralt-norrkopings-kommun-skepparegatan-31-6369970938487504957,124-125m²,bostadsratt,2026-08-10T06:15:45.884651
1256167,https://www.hemnet.se/salda/lagenhet-5rum-norrboda-upplands-bro-kommun-sandviksvagen-18-a-1256167,124-125m²,bostadsratt,2026-08-10T06:15:45.884652
821830,https://www.hemnet.se/salda/lagenhet-5rum-ljungsbro-linkopings-kommun-hogbygatan-29-821830,124-125m²,bostadsratt,2026-08-10T06:15:45.884653
9209682201734147719,https://www.hemnet.se/salda/lagenhet-4rum-centrum-helsingborgs-kommun-kullagatan-58-9209682201734147719,124-125m²,bostadsratt,2026-08-10T06:15:45.884655
6706919223566096948,https://www.hemnet.se/salda/lagenhet-5rum-kapellgardet-uppsala-kommun-portalgatan-101-6706919223566096948,124-125m²,bostadsratt,2026-08-10T06:15:45.884656
1285752,"https://www.hemnet.se/salda/lagenhet-4,5rum-hersby-lidingo-kommun-drottvagen-9-1285752",124-125m²,bostadsratt,2026-08-10T06:15:45.884657
1266956,https://www.hemnet.se/salda/lagenhet-4rum-trosa-centralt-trosa-kommun-ostermalmsvagen-34-h-1266956,124-125m²,bostadsratt,2026-08-10T06:15:45.884659
1120540,https://www.hemnet.se/salda/lagenhet-4rum-vastergard-helsingborgs-kommun-vastergardsgatan-29-1120540,124-125m²,bostadsratt,2026-08-10T06:15:45.884660
2711908726251007308,"https://www.hemnet.se/salda/lagenhet-4,5rum-jakobsberg-vattmyra-jarfalla-kommun-slojdvagen-26-2711908726251007308",124-125m²,bostadsratt,2026-08-10T06:15:45.884661
884297,https://www.hemnet.se/salda/lagenhet-5rum-malarhojden-stockholms-kommun-mastarbacken-59-884297,124-125m²,bostadsratt,2026-08-10T06:15:45.884663
1446796,https://www.hemnet.se/salda/lagenhet-5rum-liljeholmen-stockholms-kommun-liljeholmsgrand-6-1446796,124-125m²,bostadsratt,2026-08-10T06:15:45.884664
219637,https://www.hemnet.se/salda/lagenhet-5rum-haga-enkopings-kommun-tessin-d-a-alle-52-219637,124-125m²,bostadsratt,2026-08-10T06:15:45.884665
505032323975180674,https://www.hemnet.se/salda/lagenhet-5rum-eriksberg-goteborgs-kommun-ostindiefararen-37-505032323975180674,124-125m²,bostadsratt,2026-08-10T06:15:45.884667
898190,"https://www.hemnet.se/salda/lagenhet-4rum-kungsholmen-stockholms-kommun-fleminggatan-97,-etage-898190",124-125m²,bostadsratt,2026-08-10T06:15:45.884668
3095327704222492645,https://www.hemnet.se/salda/lagenhet-4rum-vasterpark-orebro-kommun-karlsgatan-32f-3095327704222492645,124-125m²,bostadsratt,2026-08-10T06:15:45.884670
1488280,https://www.hemnet.se/salda/lagenhet-5rum-vetterslund-vasteras-kommun-vetterslundsgatan-32-1488280,124-125m²,bostadsratt,2026-08-10T06:15:45.884671
2119090859719826523,https://www.hemnet.se/salda/lagenhet-5rum-salabacke-uppsala-kommun-salabacksgatan-62-2119090859719826523,124-125m²,bostadsratt,2026-08-10T06:15:45.884672
114479,https://www.hemnet.se/salda/lagenhet-4rum-hollviken-vellinge-kommun-ivars-vag-3-114479,124-125m²,bostadsratt,2026-08-10T06:15:45.884674
1088105,https://www.hemnet.se/salda/lagenhet-4rum-akers-styckebruk-strangnas-kommun-skordevagen-104-1088105,124-125m²,bostadsratt,2026-08-10T06:15:45.884675
8519553036262821157,"https://www.hemnet.se/salda/lagenhet-5,5rum-nedre-gardet-ostermalm-stockholms-kommun-lojtnantsgatan-16,-1tr-8519553036262821157",124-125m²,bostadsratt,2026-08-10T06:15:45.884676
429528,https://www.hemnet.se/salda/lagenhet-5rum-alunda-osthammars-kommun-johan-marmens-vag-31-429528,124-125m²,bostadsratt,2026-08-10T06:15:45.884678
377526,https://www.hemnet.se/salda/lagenhet-4rum-ostermalm-nedre-gardet-stockholms-kommun-sandhamnsgatan-39-377526,124-125m²,bostadsratt,2026-08-10T06:15:45.884679
8387283179876867174,https://www.hemnet.se/salda/lagenhet-5rum-orebro-orebro-kommun-viktor-dahlens-vag-88d-8387283179876867174,124-125m²,bostadsratt,2026-08-10T06:15:45.884681
1284858,https://www.hemnet.se/salda/lagenhet-5rum-centralt-knivsta-kommun-brf-walloxen-1284858,124-125m²,bostadsratt,2026-08-10T06:15:45.884682
784252,https://www.hemnet.se/salda/lagenhet-5rum-gustavsberg-farsta-slottsvik-varmdo-kommun-ohmans-vag-20-784252,124-125m²,bostadsratt,2026-08-10T06:15:45.884683
2081603492970604043,https://www.hemnet.se/salda/lagenhet-4rum-dockan-malmo-kommun-ostra-varvsgatan-5b-2081603492970604043,124-125m²,bostadsratt,2026-08-10T06:15:45.884685
2561010007870886387,https://www.hemnet.se/salda/lagenhet-5rum-eriksberg-goteborgs-kommun-sorhallstorget-21-2561010007870886387,124-125m²,bostadsratt,2026-08-10T06:15:45.884686
160007,https://www.hemnet.se/salda/lagenhet-4rum-sodra-ratorp-karlstads-kommun-ratorps-alle-58-160007,124-125m²,bostadsratt,2026-08-10T06:15:45.884687
1051584,https://www.hemnet.se/salda/lagenhet-4rum-kungsholmen-stockholms-kommun-sankt-eriksgatan-25-b-1051584,124-125m²,bostadsratt,2026-08-10T06:15:45.884689
1240140,https://www.hemnet.se/salda/lagenhet-4rum-salabacke-uppsala-kommun-salabacksgatan-62-1240140,124-125m²,bostadsratt,2026-08-10T06:15:45.884690
994994,https://www.hemnet.se/salda/lagenhet-6rum-centrum-uddevalla-kommun-skolgatan-8-994994,124-125m²,bostadsratt,2026-08-10T06:15:45.884691
1331805,https://www.hemnet.se/salda/lagenhet-5rum-vetterslund-vasteras-kommun-vetterslundsgatan-8-1331805,124-125m²,bostadsratt,2026-08-10T06:15:45.884693
311811,"https://www.hemnet.se/salda/lagenhet-4rum-solna-c-skytteholm-solna-kommun-framnasbacken-14,-3-tr-311811",124-125m²,bostadsratt,2026-08-10T06:15:45.884694
4786840198067683941,"https://www.hemnet.se/salda/lagenhet-5rum-taby-centrum-taby-kommun-marknadsvagen-219,-2tr-4786840198067683941",124-125m²,bostadsratt,2026-08-10T06:15:45.884696
827965,https://www.hemnet.se/salda/lagenhet-4rum-sodra-karlgard-skelleftea-kommun-sodra-karlgard-lgh-121-827965,124-125m²,bostadsratt,2026-08-10T06:15:45.884697
1218475,https://www.hemnet.se/salda/lagenhet-5rum-taby-taby-kommun-marknadsvagen-269-1218475,124-125m²,bostadsratt,2026-08-10T06:15:45.884698
1253815,https://www.hemnet.se/salda/lagenhet-5rum-alvsjo-stockholms-kommun-isbergavagen-39b-1253815,124-125m²,bostadsratt,2026-08-10T06:15:45.884700
3939178196640038336,"https://www.hemnet.se/salda/lagenhet-4,5rum-centrum-uppsala-kommun-vaksalagatan-18b-3939178196640038336",124-125m²,bostadsratt,2026-08-10T06:15:45.884701
2330637120952559177,"https://www.hemnet.se/salda/lagenhet-4rum-hogalid-stockholms-kommun-heleneborgsgatan-19,-4tr-2330637120952559177",124-125m²,bostadsratt,2026-08-10T06:15:45.884702
1481463,https://www.hemnet.se/salda/lagenhet-5rum-braten-park-mariestads-kommun-rosengangen-26-1481463,124-125m²,bostadsratt,2026-08-10T06:15:45.884704
1339619,https://www.hemnet.se/salda/lagenhet-5rum-orgryte-goteborgs-kommun-karralundsgatan-12d-1339619,124-125m²,bostadsratt,2026-08-10T06:15:45.884705
901741,https://www.hemnet.se/salda/lagenhet-5rum-anderslov-trelleborgs-kommun-kyrkogatan-7j-901741,124-125m²,bostadsratt,2026-08-10T06:15:45.884706
249779,https://www.hemnet.se/salda/lagenhet-5rum-ostra-orminge-nacka-kommun-norrholmsvagen-242-249779,124-125m²,bostadsratt,2026-08-10T06:15:45.884708
571701,https://www.hemnet.se/salda/lagenhet-5rum-bodal-lidingo-kommun-bodalsvagen-22-571701,124-125m²,bostadsratt,2026-08-10T06:15:45.884709
1074830,https://www.hemnet.se/salda/lagenhet-4rum-centrala-norrtalje-norrtalje-kommun-ansgarsgatan-3-1074830,124-125m²,bostadsratt,2026-08-10T06:15:45.884711
1283462,https://www.hemnet.se/salda/lagenhet-5rum-sankt-ilian-enkopings-kommun-varfrugatan-2a-1283462,124-125m²,bostadsratt,2026-08-10T06:15:45.884712
1422890765152433723,https://www.hemnet.se/salda/lagenhet-4rum-kungalv-centralt-kungalvs-kommun-rexegatan-3b-1422890765152433723,124-125m²,bostadsratt,2026-08-10T06:15:45.884713
683523,https://www.hemnet.se/salda/lagenhet-5rum-visby-gotlands-kommun-jungmansgatan-444-683523,124-125m²,bostadsratt,2026-08-10T06:15:45.884715
999791,https://www.hemnet.se/salda/lagenhet-5rum-alvsjo-stockholms-kommun-segervagen-210e-999791,124-125m²,bostadsratt,2026-08-10T06:15:45.884716
374052,https://www.hemnet.se/salda/lagenhet-5rum-malarhojden-stockholms-kommun-mastarbacken-129-374052,124-125m²,bostadsratt,2026-08-10T06:15:45.884717
2378779596427882359,https://www.hemnet.se/salda/lagenhet-5rum-visby-gotlands-kommun-greta-arwidssons-gata-23d-2378779596427882359,124-125m²,bostadsratt,2026-08-10T06:15:45.884719
2078059134335274132,https://www.hemnet.se/salda/lagenhet-4rum-vaxon-vaxholms-kommun-repslagaregrand-1-a-2078059134335274132,124-125m²,bostadsratt,2026-08-10T06:15:45.884720
4110365844968773489,https://www.hemnet.se/salda/lagenhet-4rum-vasastan-stockholms-kommun-dobelnsgatan-52-4110365844968773489,124-125m²,bostadsratt,2026-08-10T06:15:45.884721
4961575171122071563,https://www.hemnet.se/salda/lagenhet-5rum-jarla-sjo-nacka-kommun-garverigrand-7-4961575171122071563,124-125m²,bostadsratt,2026-08-10T06:15:45.884723
405029,https://www.hemnet.se/salda/lagenhet-5rum-tullinge-centralt-botkyrka-kommun-elgentorpsvagen-20-405029,124-125m²,bostadsratt,2026-08-10T06:15:45.884724
8660526626388053687,"https://www.hemnet.se/salda/lagenhet-4rum-vasastan-stockholms-kommun-birkagatan-28b,-2-tr,-8660526626388053687",124-125m²,bostadsratt,2026-08-10T06:15:45.884725
1465425,https://www.hemnet.se/salda/lagenhet-4rum-s-t-knut-malmo-kommun-amiralsgatan-36-1465425,124-125m²,bostadsratt,2026-08-10T06:15:45.884727
782429,https://www.hemnet.se/salda/lagenhet-5rum-slottsstaden-malmo-kommun-kopenhamnsvagen-15-a-782429,124-125m²,bostadsratt,2026-08-10T06:15:45.884728
479292,"https://www.hemnet.se/salda/lagenhet-5rum-hovsjo-sodertalje-kommun-granovagen-58,-7-o-8-tvaplanslgh-479292",124-125m²,bostadsratt,2026-08-10T06:15:45.884730
9116670780519838291,"https://www.hemnet.se/salda/lagenhet-5rum-sodermalm-stockholms-kommun-bjurholmsgatan-10,-6tr,-9116670780519838291",124-125m²,bostadsratt,2026-08-10T06:15:45.884731
1724988792765098701,https://www.hemnet.se/salda/lagenhet-5rum-berghusa-ystads-kommun-berghusagatan-46-1724988792765098701,124-125m²,bostadsratt,2026-08-10T06:15:45.884732
771257,https://www.hemnet.se/salda/lagenhet-5rum-alunda-osthammars-kommun-hugo-fredrikssons-vag-14-771257,124-125m²,bostadsratt,2026-08-10T06:15:45.884734
675442,https://www.hemnet.se/salda/lagenhet-5rum-torvalla-ostersunds-kommun-blavedsvagen-5-675442,124-125m²,bostadsratt,2026-08-10T06:15:45.884735
653937,https://www.hemnet.se/salda/lagenhet-5rum-sannegardshamnen-goteborgs-kommun-barken-beatrices-gata-24-653937,124-125m²,bostadsratt,2026-08-10T06:15:45.884737
3833044776781667706,https://www.hemnet.se/salda/lagenhet-4rum-tveta-sodertalje-kommun-granovagen-48-3833044776781667706,124-125m²,bostadsratt,2026-08-10T06:15:45.884738
4236681849833430650,"https://www.hemnet.se/salda/lagenhet-3,5rum-solna-skytteholm-solna-kommun-framnasbacken-16,-3-tr-4236681849833430650",124-125m²,bostadsratt,2026-08-10T06:15:45.884739
743258,https://www.hemnet.se/salda/lagenhet-3rum-malmo-city-malmo-kommun-sodra-promenaden-57-743258,124-125m²,bostadsratt,2026-08-10T06:15:45.884741
5019733313142679812,https://www.hemnet.se/salda/lagenhet-4rum-nedre-johanneberg-goteborgs-kommun-gibraltargatan-18-5019733313142679812,124-125m²,bostadsratt,2026-08-10T06:15:45.884742
588196,https://www.hemnet.se/salda/lagenhet-5rum-stennaset-falu-kommun-skvattramsvagen-12a-588196,124-125m²,bostadsratt,2026-08-10T06:15:45.884743
933888,"https://www.hemnet.se/salda/lagenhet-5rum-ostermalm-ekhagen-stockholms-kommun-torphagsvagen-4,-van-5-5-933888",124-125m²,bostadsratt,2026-08-10T06:15:45.884745
1198583,https://www.hemnet.se/salda/lagenhet-6rum-tingsryd-tingsryds-kommun-kantarellvagen-13-1198583,124-125m²,bostadsratt,2026-08-10T06:15:45.884746
2698156947583959929,"https://www.hemnet.se/salda/lagenhet-5rum-taby-centrum-taby-kommun-marknadsvagen-237,-3tr-2698156947583959929",124-125m²,bostadsratt,2026-08-10T06:15:45.884747
2365699010540786962,https://www.hemnet.se/salda/lagenhet-5rum-onsjo-vanersborgs-kommun-husargatan-68-2365699010540786962,124-125m²,bostadsratt,2026-08-10T06:15:45.884749
5366275223519235298,https://www.hemnet.se/salda/lagenhet-4rum-centrum-sodertalje-kommun-kopmangatan-7-5366275223519235298,124-125m²,bostadsratt,2026-08-10T06:15:45.884750
8857660505801465076,https://www.hemnet.se/salda/lagenhet-5rum-vega-haninge-kommun-polcirkelvagen-21-8857660505801465076,124-125m²,bostadsratt,2026-08-10T06:15:45.884752
6208258684433058005,https://www.hemnet.se/salda/lagenhet-6rum-drottningen-landskrona-kommun-drottninggarden-44-6208258684433058005,124-125m²,bostadsratt,2026-08-10T06:15:45.884753
1436508,https://www.hemnet.se/salda/lagenhet-4rum-centralt-kungalvs-kommun-rexegatan-3d-1436508,124-125m²,bostadsratt,2026-08-10T06:15:45.884754
723885365634105758,https://www.hemnet.se/salda/lagenhet-4rum-hamra-harjedalens-kommun-vigelterassvagen-5a-723885365634105758,124-125m²,bostadsratt,2026-08-10T06:15:45.884756
7105931051092722032,"https://www.hemnet.se/salda/lagenhet-5rum-centrala-sundbyberg-sundbybergs-kommun-vattugatan-4,-van-4-4-7105931051092722032",124-125m²,bostadsratt,2026-08-10T06:15:45.884757
519232,https://www.hemnet.se/salda/lagenhet-5rum-sunda-ramdalshojden-oxelosunds-kommun-hagtornsvagen-13-519232,124-125m²,bostadsratt,2026-08-10T06:15:45.884758
632902,https://www.hemnet.se/salda/lagenhet-5rum-fagelbro-varmdo-kommun-fagelbrostigen-306-632902,124-125m²,bostadsratt,2026-08-10T06:15:45.884760
9084195170838738206,https://www.hemnet.se/salda/lagenhet-5rum-vasastan-stockholms-kommun-karlbergsvagen-53-9084195170838738206,124-125m²,bostadsratt,2026-08-10T06:15:45.884761
848038,https://www.hemnet.se/salda/lagenhet-5rum-taby-centrum-taby-kommun-marknadsvagen-243-848038,124-125m²,bostadsratt,2026-08-10T06:15:45.884763
38206,https://www.hemnet.se/salda/lagenhet-5rum-viksjo-jarfalla-kommun-axvagen-57-38206,124-125m²,bostadsratt,2026-08-10T06:15:45.884764
458760,https://www.hemnet.se/salda/lagenhet-4rum-centralt-saffle-kommun-hamngatan-5-plan-1-458760,124-125m²,bostadsratt,2026-08-10T06:15:45.884765
927561,https://www.hemnet.se/salda/lagenhet-6rum-tibro-tibro-kommun-flygelgatan-18-927561,124-125m²,bostadsratt,2026-08-10T06:15:45.884766
896077,"https://www.hemnet.se/salda/lagenhet-3,5rum-kungsholmen-stockholms-kommun-kungsholmsgatan-18,-4-tr-896077",124-125m²,bostadsratt,2026-08-10T06:15:45.884768
1198243,https://www.hemnet.se/salda/lagenhet-5rum-solgard-huddinge-kommun-hedenhosvagen-22-1198243,124-125m²,bostadsratt,2026-08-10T06:15:45.884769
865503,https://www.hemnet.se/salda/lagenhet-4rum-berghusa-ystads-kommun-berghusagatan-38-865503,124-125m²,bostadsratt,2026-08-10T06:15:45.884771
941230,https://www.hemnet.se/salda/lagenhet-5rum-stravalla-varbergs-kommun-smealyckevagen-3b-941230,124-125m²,bostadsratt,2026-08-10T06:15:45.884772
1111880,https://www.hemnet.se/salda/lagenhet-5rum-kungsangen-uppsala-kommun-kungsangsgatan-57m-1111880,124-125m²,bostadsratt,2026-08-10T06:15:45.884773
5177418753271127350,https://www.hemnet.se/salda/lagenhet-4rum-berghusa-ystads-kommun-berghusagatan-62-5177418753271127350,124-125m²,bostadsratt,2026-08-10T06:15:45.884775
293268,https://www.hemnet.se/salda/lagenhet-5rum-langedrag-hagen-goteborgs-kommun-lokattsbacken-66-293268,124-125m²,bostadsratt,2026-08-10T06:15:45.884776
6175323374454741106,https://www.hemnet.se/salda/lagenhet-4rum-vastergard-helsingborgs-kommun-vastergardsgatan-53-6175323374454741106,124-125m²,bostadsratt,2026-08-10T06:15:45.884777
548902,https://www.hemnet.se/salda/lagenhet-5rum-hovsta-orebro-kommun-gladarbergsvagen-71-548902,124-125m²,bostadsratt,2026-08-10T06:15:45.884779
53462,https://www.hemnet.se/salda/lagenhet-5rum-norra-nynashamn-nynashamns-kommun-brunnsgatan-21-53462,124-125m²,bostadsratt,2026-08-10T06:15:45.884780
6481507305252521681,"https://www.hemnet.se/salda/lagenhet-3,5rum-city-malmo-kommun-kaptensgatan-9-6481507305252521681",124-125m²,bostadsratt,2026-08-10T06:15:45.884782
1304606,https://www.hemnet.se/salda/lagenhet-4rum-sodra-karlgard-skelleftea-kommun-karlgardsvagen-9-1304606,124-125m²,bostadsratt,2026-08-10T06:15:45.884783
1309500,https://www.hemnet.se/salda/lagenhet-6rum-sodertalje-sodertalje-kommun-granovagen-56-1309500,124-125m²,bostadsratt,2026-08-10T06:15:45.884784
1303811,https://www.hemnet.se/salda/lagenhet-4rum-vasa-orebro-kommun-karlsgatan-32-i-1303811,124-125m²,bostadsratt,2026-08-10T06:15:45.884786
1284537,"https://www.hemnet.se/salda/lagenhet-5rum-hammarby-sjostad-stockholms-kommun-heliosgatan-56,-hogst-upp-1284537",124-125m²,bostadsratt,2026-08-10T06:15:45.884787
1627902784814425168,https://www.hemnet.se/salda/lagenhet-4rum-are-are-kommun-are-strand-18-2-vecka-1-1627902784814425168,124-125m²,bostadsratt,2026-08-10T06:15:45.884788
1263955,https://www.hemnet.se/salda/lagenhet-4rum-gamla-stan-eskilstuna-kommun-kopmangatan-37-1263955,124-125m²,bostadsratt,2026-08-10T06:15:45.884790
8751915338337620560,https://www.hemnet.se/salda/lagenhet-7rum-furulund-partille-kommun-timmerslatt-63-d-8751915338337620560,124-125m²,bostadsratt,2026-08-10T06:15:45.884791
748165,https://www.hemnet.se/salda/lagenhet-6rum-stora-essingen-kungsholmen-stockholms-kommun-eknasvagen-1-748165,124-125m²,bostadsratt,2026-08-10T06:15:45.884793
7083078698815110455,https://www.hemnet.se/salda/lagenhet-5rum-vetterslund-vasteras-kommun-vetterslundsgatan-6-7083078698815110455,124-125m²,bostadsratt,2026-08-10T06:15:45.884794
916244,https://www.hemnet.se/salda/lagenhet-5rum-husensjo-helsingborgs-kommun-tyringegatan-1-916244,124-125m²,bostadsratt,2026-08-10T06:15:45.884795
591517,https://www.hemnet.se/salda/lagenhet-4rum-ostermalm-stockholms-kommun-frejgatan-4-591517,124-125m²,bostadsratt,2026-08-10T06:15:45.884797
201336984243224397,https://www.hemnet.se/salda/lagenhet-3rum-centrum-uppsala-kommun-vastra-agatan-22-a-201336984243224397,124-125m²,bostadsratt,2026-08-10T06:15:45.884810
1298727688524052788,https://www.hemnet.se/salda/lagenhet-4rum-eriksberg-goteborgs-kommun-vingalandsgatan-5-1298727688524052788,124-125m²,bostadsratt,2026-08-10T06:15:45.884812
3864894761966980124,https://www.hemnet.se/salda/lagenhet-3rum-olympia-helsingborgs-kommun-mellersta-stenbocksgatan-7-3864894761966980124,124-125m²,bostadsratt,2026-08-10T06:15:45.884813
3072876600095113361,https://www.hemnet.se/salda/lagenhet-6rum-borstahusen-landskrona-kommun-kavaljersgarden-9-3072876600095113361,124-125m²,bostadsratt,2026-08-10T06:15:45.884815
332572,https://www.hemnet.se/salda/lagenhet-5rum-torvalla-ostersunds-kommun-splintvagen-24-b-332572,124-125m²,bostadsratt,2026-08-10T06:15:45.884816
6795978783590975660,"https://www.hemnet.se/salda/lagenhet-4rum-huvudsta-solna-kommun-huvudstagatan-22,-van-6-6-6795978783590975660",124-125m²,bostadsratt,2026-08-10T06:15:45.884817
630311,https://www.hemnet.se/salda/lagenhet-5rum-herserud-lidingo-kommun-bjornvagen-11-630311,124-125m²,bostadsratt,2026-08-10T06:15:45.884819
53883,https://www.hemnet.se/salda/lagenhet-5rum-edsbacka-sollentuna-kommun-hagvagen-2-c-53883,124-125m²,bostadsratt,2026-08-10T06:15:45.884820
7469259034991005809,https://www.hemnet.se/salda/lagenhet-4rum-billdal-goteborgs-kommun-uggledalsvagen-143-7469259034991005809,124-125m²,bostadsratt,2026-08-10T06:15:45.884821
293703,https://www.hemnet.se/salda/lagenhet-4rum-ljunghusen-vellinge-kommun-svanjaktsvagen-9-293703,124-125m²,bostadsratt,2026-08-10T06:15:45.884823
106625,https://www.hemnet.se/salda/lagenhet-5rum-hovsjo-sodertalje-kommun-granovagen-36-plan-1-106625,124-125m²,bostadsratt,2026-08-10T06:15:45.884824
8610329230950051346,https://www.hemnet.se/salda/lagenhet-5rum-norr-stadsparken-eskilstuna-kommun-vasbergsgatan-7-8610329230950051346,124-125m²,bostadsratt,2026-08-10T06:15:45.884826
994953763481080720,https://www.hemnet.se/salda/lagenhet-5rum-sodermalm-stockholms-kommun-hokens-gata-9-994953763481080720,124-125m²,bostadsratt,2026-08-10T06:15:45.884827
4083609012673428364,https://www.hemnet.se/salda/lagenhet-4rum-vastergard-helsingborgs-kommun-vastergardsgatan-35-4083609012673428364,124-125m²,bostadsratt,2026-08-10T06:15:45.884828
1061191,https://www.hemnet.se/salda/lagenhet-5rum-ladugardsangen-orebro-kommun-boskarsgatan-33a-1061191,124-125m²,bostadsratt,2026-08-10T06:15:45.884830
4312111648981831725,https://www.hemnet.se/salda/lagenhet-4rum-linnestaden-goteborgs-kommun-varmlandsgatan-34-4312111648981831725,124-125m²,bostadsratt,2026-08-10T06:15:45.884831
712888,https://www.hemnet.se/salda/lagenhet-5rum-visby-gotlands-kommun-greta-arvidssons-gata-radhus-l-712888,124-125m²,bostadsratt,2026-08-10T06:15:45.884832
6116967339128704992,https://www.hemnet.se/salda/lagenhet-5rum-eriksberg-goteborgs-kommun-ostindiefararen-37-6116967339128704992,124-125m²,bostadsratt,2026-08-10T06:15:45.884834
1314627,https://www.hemnet.se/salda/lagenhet-5rum-centralt-knivsta-kommun-brf-walloxen-1314627,124-125m²,bostadsratt,2026-08-10T06:15:45.884835
2335024749223692689,https://www.hemnet.se/salda/lagenhet-5rum-arsta-stockholms-kommun-skedviksvagen-40-2335024749223692689,124-125m²,bostadsratt,2026-08-10T06:15:45.884836
1398227,https://www.hemnet.se/salda/lagenhet-4rum-ballsta-strand-sundbybergs-kommun-hamngatan-15b-1398227,124-125m²,bostadsratt,2026-08-10T06:15:45.884838
2291405306861635118,https://www.hemnet.se/salda/lagenhet-3rum-olympia-helsingborgs-kommun-mellersta-stenbocksgatan-7-2291405306861635118,124-125m²,bostadsratt,2026-08-10T06:15:45.884839
735405,https://www.hemnet.se/salda/lagenhet-4rum-stravalla-varbergs-kommun-smealyckevagen-1a-735405,124-125m²,bostadsratt,2026-08-10T06:15:45.884840
48032,https://www.hemnet.se/salda/lagenhet-4rum-sickla-udde-stockholms-kommun-sickla-kanalgata-87-48032,124-125m²,bostadsratt,2026-08-10T06:15:45.884842
2955203778269702703,https://www.hemnet.se/salda/lagenhet-4rum-vasastaden-goteborgs-kommun-erik-dahlbergsgatan-28-2955203778269702703,124-125m²,bostadsratt,2026-08-10T06:15:45.884843
385419,https://www.hemnet.se/salda/lagenhet-4rum-centralt-akersberga-osterakers-kommun-storangstorget-22-385419,124-125m²,bostadsratt,2026-08-10T06:15:45.884845
1372187,https://www.hemnet.se/salda/lagenhet-4rum-dalaro-haninge-kommun-lyngsasa-4-takvaning-1372187,124-125m²,bostadsratt,2026-08-10T06:15:45.884846
1098439,"https://www.hemnet.se/salda/lagenhet-4,5rum-snosatra-stockholms-kommun-baverdammsgrand-88,-etage-1098439",124-125m²,bostadsratt,2026-08-10T06:15:45.884847
499394,https://www.hemnet.se/salda/lagenhet-4rum-on-malmo-kommun-sundskajen-8b-499394,124-125m²,bostadsratt,2026-08-10T06:15:45.884849
6352600442158318368,https://www.hemnet.se/salda/lagenhet-4rum-limhamns-sjostad-malmo-kommun-limhamns-stationsvag-39-6352600442158318368,124-125m²,bostadsratt,2026-08-10T06:15:45.884850
623695,https://www.hemnet.se/salda/lagenhet-5rum-svartbacken-uppsala-kommun-folkungagatan-12-a-623695,124-125m²,bostadsratt,2026-08-10T06:15:45.884851
483248,https://www.hemnet.se/salda/lagenhet-5rum-ronninge-salems-kommun-vattentornsvagen-37b-483248,124-125m²,bostadsratt,2026-08-10T06:15:45.884853
418183,https://www.hemnet.se/salda/lagenhet-5rum-katarina-stockholms-kommun-bjurholmsgatan-10-418183,124-125m²,bostadsratt,2026-08-10T06:15:45.884854
6606745839174951358,https://www.hemnet.se/salda/lagenhet-4rum-sundbyberg-sundbybergs-kommun-vattugatan-6-6606745839174951358,124-125m²,bostadsratt,2026-08-10T06:15:45.884855
757161,https://www.hemnet.se/salda/lagenhet-4rum-limhamn-malmo-kommun-barlastgatan-51-757161,124-125m²,bostadsratt,2026-08-10T06:15:45.884857
2014374618400866583,https://www.hemnet.se/salda/lagenhet-4rum-nedre-johanneberg-goteborgs-kommun-teknologgatan-5-2014374618400866583,124-125m²,bostadsratt,2026-08-10T06:15:45.884858
260516,https://www.hemnet.se/salda/lagenhet-5rum-industristaden-uppsala-kommun-kungsangsgatan-57-m-260516,124-125m²,bostadsratt,2026-08-10T06:15:45.884859
1381681,https://www.hemnet.se/salda/lagenhet-5rum-haggetorp-tibro-kommun-haggetorps-alle-16-1381681,124-125m²,bostadsratt,2026-08-10T06:15:45.884861
902961,https://www.hemnet.se/salda/lagenhet-6rum-bjorndammsterrassen-partille-kommun-bjorndammsterrassen-90-902961,124-125m²,bostadsratt,2026-08-10T06:15:45.884862
598393,https://www.hemnet.se/salda/lagenhet-5rum-centralt-norr-orebro-kommun-lilla-agrand-8-598393,124-125m²,bostadsratt,2026-08-10T06:15:45.884864
4503918154681317610,https://www.hemnet.se/salda/lagenhet-5rum-centrala-sundbyberg-sundbybergs-kommun-starrbacksgatan-11c-4503918154681317610,124-125m²,bostadsratt,2026-08-10T06:15:45.884865
4838812371763773082,https://www.hemnet.se/salda/lagenhet-3rum-hittarp-helsingborgs-kommun-lejdarevagen-20-4838812371763773082,124-125m²,bostadsratt,2026-08-10T06:15:45.884866
1106263,https://www.hemnet.se/salda/lagenhet-5rum-klockarfjallet-harjedalens-kommun-fjallstigen-10-a-1106263,124-125m²,bostadsratt,2026-08-10T06:15:45.884868
670390,https://www.hemnet.se/salda/lagenhet-5rum-andalen-goteborgs-kommun-karrs-angar-6-670390,124-125m²,bostadsratt,2026-08-10T06:15:45.884869
452269,https://www.hemnet.se/salda/lagenhet-5rum-kungsbacka-kungsbacka-kommun-turkosvagen-2-452269,124-125m²,bostadsratt,2026-08-10T06:15:45.884870
95928,"https://www.hemnet.se/salda/lagenhet-5rum-jarlaberg-nacka-kommun-diligensvagen-65,-4-tr-95928",124-125m²,bostadsratt,2026-08-10T06:15:45.884872
1047702,https://www.hemnet.se/salda/lagenhet-4rum-slottsstaden-ribersborg-malmo-kommun-skvadronsgatan-8-1047702,124-125m²,bostadsratt,2026-08-10T06:15:45.884873
786158,https://www.hemnet.se/salda/lagenhet-5rum-prippska-tomten-goteborgs-kommun-fargaregatan-9-786158,124-125m²,bostadsratt,2026-08-10T06:15:45.884875
1012517,"https://www.hemnet.se/salda/lagenhet-4rum-hammarby-sjostad-stockholms-kommun-sickla-kanalgata-87,-6-7-tr-1012517",124-125m²,bostadsratt,2026-08-10T06:15:45.884876
2256235703791414884,https://www.hemnet.se/salda/lagenhet-4rum-nedre-johanneberg-goteborgs-kommun-gibraltargatan-12-2256235703791414884,124-125m²,bostadsratt,2026-08-10T06:15:45.884877
790823,https://www.hemnet.se/salda/lagenhet-5rum-oster-oxelbergen-norrkopings-kommun-lindovagen-12b-790823,124-125m²,bostadsratt,2026-08-10T06:15:45.884879
1369155,https://www.hemnet.se/salda/lagenhet-4rum-olympia-helsingborgs-kommun-hovitsmansgatan-8-1369155,124-125m²,bostadsratt,2026-08-10T06:15:45.884880
1184837,https://www.hemnet.se/salda/lagenhet-5rum-norra-peterslund-oxelosunds-kommun-hagtornsvagen-2-1184837,124-125m²,bostadsratt,2026-08-10T06:15:45.884882
803225,https://www.hemnet.se/salda/lagenhet-5rum-hedvigsborg-boras-kommun-vilegrand-8-803225,124-125m²,bostadsratt,2026-08-10T06:15:45.884883
1212264,https://www.hemnet.se/salda/lagenhet-6rum-falhagen-uppsala-kommun-salagatan-41a-1212264,124-125m²,bostadsratt,2026-08-10T06:15:45.884884
6388997235464389445,https://www.hemnet.se/salda/lagenhet-4rum-gustavsberg-hasthagen-varmdo-kommun-skargardsvagen-6-6388997235464389445,124-125m²,bostadsratt,2026-08-10T06:15:45.884885
5565844134376330842,https://www.hemnet.se/salda/lagenhet-5rum-jonstorp-hoganas-kommun-gasvagen-7a-5565844134376330842,124-125m²,bostadsratt,2026-08-10T06:15:45.884887
1129078,"https://www.hemnet.se/salda/lagenhet-5,5rum-trandared-boras-kommun-kransvagen-172-1129078",124-125m²,bostadsratt,2026-08-10T06:15:45.884888
881140,https://www.hemnet.se/salda/lagenhet-3rum-nacka-nacka-kommun-mannagrynstorget-2-881140,124-125m²,bostadsratt,2026-08-10T06:15:45.884890
1903749481158121687,https://www.hemnet.se/salda/lagenhet-6rum-salabacke-uppsala-kommun-salabacksgatan-30-1903749481158121687,124-125m²,bostadsratt,2026-08-10T06:15:45.884891
726876,https://www.hemnet.se/salda/lagenhet-4rum-centrum-vaxjo-kommun-hovsgatan-8a-726876,124-125m²,bostadsratt,2026-08-10T06:15:45.884892
429415,https://www.hemnet.se/salda/lagenhet-5rum-kalleback-goteborgs-kommun-smorgatan-25-429415,124-125m²,bostadsratt,2026-08-10T06:15:45.884894
1263782273531200313,"https://www.hemnet.se/salda/lagenhet-4rum-finntorp-nacka-kommun-becksjudarvagen-33,-1tr-1263782273531200313",124-125m²,bostadsratt,2026-08-10T06:15:45.884895
1200966,https://www.hemnet.se/salda/lagenhet-4rum-soderkaj-halmstads-kommun-seglaregatan-1b-1200966,124-125m²,bostadsratt,2026-08-10T06:15:45.884896
887133,https://www.hemnet.se/salda/lagenhet-4rum-lorensberg-goteborgs-kommun-sodra-vagen-41-887133,124-125m²,bostadsratt,2026-08-10T06:15:45.884898
1303633,https://www.hemnet.se/salda/lagenhet-6rum-farsta-slottsvik-varmdo-kommun-hjalmar-olsons-vag-3-1303633,124-125m²,bostadsratt,2026-08-10T06:15:45.884899
2115757758415730439,https://www.hemnet.se/salda/lagenhet-4rum-kungsholmen-stockholms-kommun-fleminggatan-17-2115757758415730439,124-125m²,bostadsratt,2026-08-10T06:15:45.884901
1480588,https://www.hemnet.se/salda/lagenhet-4rum-rorsjostaden-malmo-kommun-kungsgatan-27-a-1480588,124-125m²,bostadsratt,2026-08-10T06:15:45.884902
626555846583883060,https://www.hemnet.se/salda/lagenhet-5rum-norrmalm-stockholms-kommun-tegnergatan-57b-626555846583883060,124-125m²,bostadsratt,2026-08-10T06:15:45.884903
911276,https://www.hemnet.se/salda/lagenhet-5rum-centralt-sundsvalls-kommun-radhusgatan-1-911276,124-125m²,bostadsratt,2026-08-10T06:15:45.884905
431857134378150022,https://www.hemnet.se/salda/lagenhet-5rum-jakobsberg-vasteras-kommun-asgatan-4f-431857134378150022,124-125m²,bostadsratt,2026-08-10T06:15:45.884906
264659,https://www.hemnet.se/salda/lagenhet-5rum-vaster-orebro-kommun-ornskoldsgatan-201e-264659,124-125m²,bostadsratt,2026-08-10T06:15:45.884907
8495846378952627534,https://www.hemnet.se/salda/lagenhet-5rum-kalgarden-jonkopings-kommun-stenhuggargatan-48-8495846378952627534,124-125m²,bostadsratt,2026-08-10T06:15:45.884909
150018,"https://www.hemnet.se/salda/lagenhet-5rum-taby-centrum-taby-kommun-marknadsvagen-269,-3trp-150018",124-125m²,bostadsratt,2026-08-10T06:15:45.884910
153565,https://www.hemnet.se/salda/lagenhet-6rum-marsta-steninge-sigtuna-kommun-uranusgatan-28-153565,124-125m²,bostadsratt,2026-08-10T06:15:45.884912
1427253,https://www.hemnet.se/salda/lagenhet-4rum-maria-park-helsingborgs-kommun-kungshultsvagen-91-1427253,124-125m²,bostadsratt,2026-08-10T06:15:45.884913
4070659306022382086,https://www.hemnet.se/salda/lagenhet-4rum-malmo-malmo-kommun-vastra-alvgatan-10-4070659306022382086,124-125m²,bostadsratt,2026-08-10T06:15:45.884914
8162708025693987846,https://www.hemnet.se/salda/lagenhet-6rum-akeshall-ystads-kommun-rotfruktsgatan-42a-8162708025693987846,124-125m²,bostadsratt,2026-08-10T06:15:45.884916
8069683775095772104,https://www.hemnet.se/salda/lagenhet-4rum-rasunda-solna-kommun-rasundavagen-68-8069683775095772104,124-125m²,bostadsratt,2026-08-10T06:15:45.884917
907838,https://www.hemnet.se/salda/lagenhet-3rum-karlshamn-karlshamns-kommun-prinsgatan-9-907838,124-125m²,bostadsratt,2026-08-10T06:15:45.884918
6440724478997137993,"https://www.hemnet.se/salda/lagenhet-3,5rum-maria-park-helsingborgs-kommun-engelska-gangen-8-6440724478997137993",124-125m²,bostadsratt,2026-08-10T06:15:45.884920
6078290206604155637,https://www.hemnet.se/salda/lagenhet-5rum-viksjo-jarfalla-kommun-axvagen-85-6078290206604155637,124-125m²,bostadsratt,2026-08-10T06:15:45.884921
4739235441984098395,https://www.hemnet.se/salda/lagenhet-5rum-centrala-vasby-upplands-vasby-kommun-hasselbacken-1a-4739235441984098395,124-125m²,bostadsratt,2026-08-10T06:15:45.884923
1386550,https://www.hemnet.se/salda/lagenhet-5rum-bagaregarden-goteborgs-kommun-bagaregardsgatan-13b-1386550,124-125m²,bostadsratt,2026-08-10T06:15:45.884924
977955,"https://www.hemnet.se/salda/lagenhet-6rum-nybodaringen-liljeholmen-stockholms-kommun-nybodaringen-93,-4-5-5-tr-977955",124-125m²,bostadsratt,2026-08-10T06:15:45.884926
6099657436358806444,https://www.hemnet.se/salda/lagenhet-5rum-lugnet-malmo-kommun-lugna-gatan-1-6099657436358806444,124-125m²,bostadsratt,2026-08-10T06:15:45.884927
6539074470389072205,https://www.hemnet.se/salda/lagenhet-5rum-vasastan-stockholms-kommun-karlbergsvagen-10-6539074470389072205,124-125m²,bostadsratt,2026-08-10T06:15:45.884928
414209,https://www.hemnet.se/salda/lagenhet-5rum-vetterslund-vasteras-kommun-vetterslundsgatan-32-414209,124-125m²,bostadsratt,2026-08-10T06:15:45.884930
1895049807392630465,https://www.hemnet.se/salda/lagenhet-4rum-centralt-sodertalje-kommun-ovre-torekallgatan-28a-1895049807392630465,124-125m²,bostadsratt,2026-08-10T06:15:45.884931
458483,https://www.hemnet.se/salda/lagenhet-4rum-norr-helsingborgs-kommun-skansgatan-1-458483,124-125m²,bostadsratt,2026-08-10T06:15:45.884932
174319,https://www.hemnet.se/salda/lagenhet-5rum-straningstorp-karlskoga-karlskoga-kommun-halmvagen-44-174319,124-125m²,bostadsratt,2026-08-10T06:15:45.884934
1110755408015458627,https://www.hemnet.se/salda/lagenhet-6rum-klostergarden-lunds-kommun-blidvadersvagen-6g-1110755408015458627,124-125m²,bostadsratt,2026-08-10T06:15:45.884935
230850,https://www.hemnet.se/salda/lagenhet-5rum-orgryte-goteborgs-kommun-karralundsgatan-12-a-230850,124-125m²,bostadsratt,2026-08-10T06:15:45.884937
846479765599395210,https://www.hemnet.se/salda/lagenhet-4rum-berghusa-ystads-kommun-berghusagatan-24-846479765599395210,124-125m²,bostadsratt,2026-08-10T06:15:45.884938
3295985370154093600,https://www.hemnet.se/salda/lagenhet-4rum-parkstaden-egna-hem-kristianstads-kommun-bjorkvagen-2a-3295985370154093600,124-125m²,bostadsratt,2026-08-10T06:15:45.884939
1322892,"https://www.hemnet.se/salda/lagenhet-5,5rum-trandared-boras-kommun-kransvagen-172-1322892",124-125m²,bostadsratt,2026-08-10T06:15:45.884941
4388538031780562238,https://www.hemnet.se/salda/lagenhet-5rum-torvalla-ostersunds-kommun-splintvagen-32-b-4388538031780562238,124-125m²,bostadsratt,2026-08-10T06:15:45.884942
719387,https://www.hemnet.se/salda/lagenhet-4rum-alvsjo-langbro-park-stockholms-kommun-silverpilsvagen-5-719387,124-125m²,bostadsratt,2026-08-10T06:15:45.884944
1267032055601598371,https://www.hemnet.se/salda/lagenhet-4rum-vasastan-stockholms-kommun-karlbergsvagen-73-1267032055601598371,124-125m²,bostadsratt,2026-08-10T06:15:45.884945
894183,https://www.hemnet.se/salda/lagenhet-4rum-visby-gotlands-kommun-visborgsgatan-51-a-894183,124-125m²,bostadsratt,2026-08-10T06:15:45.884946
979827,https://www.hemnet.se/salda/lagenhet-5rum-ellstorp-malmo-kommun-nobelvagen-147m-979827,124-125m²,bostadsratt,2026-08-10T06:15:45.884948
4323253166287601920,https://www.hemnet.se/salda/lagenhet-5rum-vastra-faladen-landskrona-kommun-kavaljersgarden-11-4323253166287601920,124-125m²,bostadsratt,2026-08-10T06:15:45.884949
2538665499448065347,https://www.hemnet.se/salda/lagenhet-3rum-falhagen-uppsala-kommun-vaksalagatan-43-2538665499448065347,124-125m²,bostadsratt,2026-08-10T06:15:45.884950
1388773,https://www.hemnet.se/salda/lagenhet-4rum-jakobsberg-vasteras-kommun-asgatan-4f-1388773,124-125m²,bostadsratt,2026-08-10T06:15:45.884952
374809,https://www.hemnet.se/salda/lagenhet-4rum-centrala-sundbyberg-sundbybergs-kommun-rastensgatan-3a-374809,124-125m²,bostadsratt,2026-08-10T06:15:45.884953
1375745,https://www.hemnet.se/salda/lagenhet-5rum-bromma-hoglandet-stockholms-kommun-hoglandstorget-9-1375745,124-125m²,bostadsratt,2026-08-10T06:15:45.884954
9044673536841597054,"https://www.hemnet.se/salda/lagenhet-5rum-centrala-vasby-upplands-vasby-kommun-hasselbacken-1a-,-4-tr-etage-9044673536841597054",124-125m²,bostadsratt,2026-08-10T06:15:45.884956
4248665036866756032,https://www.hemnet.se/salda/lagenhet-4rum-varvsholmen-kalmar-kommun-bredbandet-16-4248665036866756032,124-125m²,bostadsratt,2026-08-10T06:15:45.884957
627699,https://www.hemnet.se/salda/lagenhet-4rum-ostermalm-vasteras-kommun-kakelgatan-3-627699,124-125m²,bostadsratt,2026-08-10T06:15:45.884959
1356639,https://www.hemnet.se/salda/lagenhet-4rum-dockan-malmo-kommun-ostra-varvsgatan-5-b-1356639,124-125m²,bostadsratt,2026-08-10T06:15:45.884960
1000438,"https://www.hemnet.se/salda/lagenhet-4rum-vasastan-birkastan-stockholms-kommun-rorstrandsgatan-56b,-3tr-1000438",124-125m²,bostadsratt,2026-08-10T06:15:45.884961
1405927,https://www.hemnet.se/salda/lagenhet-5rum-farsta-slottsvik-varmdo-kommun-ohmans-vag-19-1405927,124-125m²,bostadsratt,2026-08-10T06:15:45.884963
940271,https://www.hemnet.se/salda/lagenhet-3rum-villan-sodra-utmarken-angelholms-kommun-krusbarsvagen-12-940271,124-125m²,bostadsratt,2026-08-10T06:15:45.884964
1121835,https://www.hemnet.se/salda/lagenhet-4rum-nacka-strand-nacka-kommun-fabrikorvagen-14-1121835,124-125m²,bostadsratt,2026-08-10T06:15:45.884966
847130,https://www.hemnet.se/salda/lagenhet-4rum-vellinge-vellinge-kommun-severin-cavallinsgatan-16-a-847130,124-125m²,bostadsratt,2026-08-10T06:15:45.884967
1262501865262255998,https://www.hemnet.se/salda/lagenhet-4rum-ljunghusen-vellinge-kommun-svanjaktsvagen-9-1262501865262255998,124-125m²,bostadsratt,2026-08-10T06:15:45.884968
412968,https://www.hemnet.se/salda/lagenhet-5rum-skalby-jarfalla-kommun-astronomivagen-53-412968,124-125m²,bostadsratt,2026-08-10T06:15:45.884970
1059698,https://www.hemnet.se/salda/lagenhet-4rum-gamla-vaster-malmo-kommun-stora-nygatan-53-1059698,124-125m²,bostadsratt,2026-08-10T06:15:45.884971
5641656181231484143,https://www.hemnet.se/salda/lagenhet-4rum-farhult-hoganas-kommun-lagenhet-nr-7-yxvagen-1b-5641656181231484143,124-125m²,bostadsratt,2026-08-10T06:15:45.884972
1053085,https://www.hemnet.se/salda/lagenhet-4rum-regementet-ystads-kommun-bjornstjernegatan-2-lgh-1005-1053085,124-125m²,bostadsratt,2026-08-10T06:15:45.884974
444540,https://www.hemnet.se/salda/lagenhet-5rum-gustavsborg-eskilstuna-kommun-blaklocksvagen-39-444540,124-125m²,bostadsratt,2026-08-10T06:15:45.884975
268989,https://www.hemnet.se/salda/lagenhet-4rum-vastergard-helsingborgs-kommun-vastergardsgatan-47-268989,124-125m²,bostadsratt,2026-08-10T06:15:45.884977
5034907958747149710,https://www.hemnet.se/salda/lagenhet-3rum-soderhamn-soderhamns-kommun-norrtullsgatan-10-5034907958747149710,124-125m²,bostadsratt,2026-08-10T06:15:45.884978
1177726,https://www.hemnet.se/salda/lagenhet-5rum-jungfrudansen-solna-kommun-jungfrudansen-44-1177726,124-125m²,bostadsratt,2026-08-10T06:15:45.884979
6514300893886967373,https://www.hemnet.se/salda/lagenhet-5rum-centralt-oster-nykopings-kommun-olaus-martinis-vag-2-6514300893886967373,124-125m²,bostadsratt,2026-08-10T06:15:45.884981
1293086,https://www.hemnet.se/salda/lagenhet-4rum-johanneberg-goteborgs-kommun-viktor-rydbergsgatan-23-1293086,124-125m²,bostadsratt,2026-08-10T06:15:45.884982
773005,https://www.hemnet.se/salda/lagenhet-5rum-akeshall-ystads-kommun-rotfruktsgatan-32b-773005,124-125m²,bostadsratt,2026-08-10T06:15:45.884983
7189700520482616189,https://www.hemnet.se/salda/lagenhet-4rum-centralt-vaster-halmstads-kommun-vapnovagen-19-7189700520482616189,124-125m²,bostadsratt,2026-08-10T06:15:45.884985
2870049098608749521,https://www.hemnet.se/salda/lagenhet-5rum-centrum-uppsala-kommun-s-t-johannesgatan-3b-2870049098608749521,124-125m²,bostadsratt,2026-08-10T06:15:45.884986
627442470866947071,https://www.hemnet.se/salda/lagenhet-5rum-haga-umea-kommun-utmarksvagen-16-627442470866947071,124-125m²,bostadsratt,2026-08-10T06:15:45.884987
606796,"https://www.hemnet.se/salda/lagenhet-4,5rum-fagelbro-varmdo-kommun-fagelbrostigen-416-606796",124-125m²,bostadsratt,2026-08-10T06:15:45.884989
1013249157125512556,https://www.hemnet.se/salda/lagenhet-5rum-visby-gotlands-kommun-jungmansgatan-582-1013249157125512556,124-125m²,bostadsratt,2026-08-10T06:15:45.884990
1248435,https://www.hemnet.se/salda/lagenhet-5rum-taby-centrum-taby-kommun-marknadsvagen-207-1248435,124-125m²,bostadsratt,2026-08-10T06:15:45.884991
546761,https://www.hemnet.se/salda/lagenhet-4rum-vastra-hamnen-malmo-kommun-barometergatan-80-546761,124-125m²,bostadsratt,2026-08-10T06:15:45.884993
350816,https://www.hemnet.se/salda/lagenhet-4rum-centralt-falu-kommun-trotzgatan-45a-350816,124-125m²,bostadsratt,2026-08-10T06:15:45.884994
1265854,"https://www.hemnet.se/salda/lagenhet-4rum-vasastan-stockholms-kommun-dobelnsgatan-40,-4-tr-1265854",124-125m²,bostadsratt,2026-08-10T06:15:45.884995
1152375,https://www.hemnet.se/salda/lagenhet-5rum-norr-eskilstuna-kommun-eleonoragatan-12a-1152375,124-125m²,bostadsratt,2026-08-10T06:15:45.884997
162535785966441961,https://www.hemnet.se/salda/lagenhet-4rum-sodermalm-stockholms-kommun-palsundsgatan-1a-162535785966441961,124-125m²,bostadsratt,2026-08-10T06:15:45.884998
958235,"https://www.hemnet.se/salda/lagenhet-3,5rum-malmo-city-malmo-kommun-slussgatan-12k-958235",124-125m²,bostadsratt,2026-08-10T06:15:45.885000
2876068025715782163,"https://www.hemnet.se/salda/lagenhet-4rum-kapellgardet-uppsala-kommun-rabyvagen-70,-van-5-2876068025715782163",124-125m²,bostadsratt,2026-08-10T06:15:45.885001
929238,https://www.hemnet.se/salda/lagenhet-4rum-centralt-vanersborgs-kommun-repslagarvagen-6-929238,124-125m²,bostadsratt,2026-08-10T06:15:45.885003
2220350926664807675,"https://www.hemnet.se/salda/lagenhet-5rum-bromma-blackeberg-stockholms-kommun-bjornsonsgatan-158,-4-5-tr-2220350926664807675",124-125m²,bostadsratt,2026-08-10T06:15:45.885004
758499,https://www.hemnet.se/salda/lagenhet-5rum-alunda-osthammars-kommun-karin-alinders-vag-14-758499,124-125m²,bostadsratt,2026-08-10T06:15:45.885006
420455,https://www.hemnet.se/salda/lagenhet-4rum-pilevall-trelleborgs-kommun-banvallsvagen-15-420455,124-125m²,bostadsratt,2026-08-10T06:15:45.885007
2755785309805818412,https://www.hemnet.se/salda/lagenhet-5rum-limhamns-sjostad-malmo-kommun-formgatan-18b-2755785309805818412,124-125m²,bostadsratt,2026-08-10T06:15:45.885009
8123881120996712631,https://www.hemnet.se/salda/lagenhet-5rum-vasastaden-annedal-goteborgs-kommun-muraregatan-9-8123881120996712631,124-125m²,bostadsratt,2026-08-10T06:15:45.885010
258154,"https://www.hemnet.se/salda/lagenhet-4rum-sundbyberg-,-ursvik-sundbybergs-kommun-forskargrand-24,-van-4-och-5-258154",124-125m²,bostadsratt,2026-08-10T06:15:45.885012
235885,https://www.hemnet.se/salda/lagenhet-5rum-stampen-alingsas-kommun-hemvagen-15l-235885,124-125m²,bostadsratt,2026-08-10T06:15:45.885013
166222,https://www.hemnet.se/salda/lagenhet-5rum-visby-gotlands-kommun-jungmansgatan-582-166222,124-125m²,bostadsratt,2026-08-10T06:15:45.885015
539746,https://www.hemnet.se/salda/lagenhet-5rum-landskrona-drottningen-landskrona-kommun-drottninggarden-145-539746,124-125m²,bostadsratt,2026-08-10T06:15:45.885016
532537,https://www.hemnet.se/salda/lagenhet-3rum-lysekil-lysekils-kommun-fargaregatan-14b-532537,124-125m²,bostadsratt,2026-08-10T06:15:45.885017
8887052155801730830,https://www.hemnet.se/salda/lagenhet-5rum-taby-park-taby-kommun-vinnarcirkeln-9-8887052155801730830,124-125m²,bostadsratt,2026-08-10T06:15:45.885019
885991,https://www.hemnet.se/salda/lagenhet-5rum-galgberget-falu-kommun-nedre-gruvrisvagen-13b-885991,124-125m²,bostadsratt,2026-08-10T06:15:45.885020
419954,"https://www.hemnet.se/salda/lagenhet-5rum-vasastan-sibirien-stockholms-kommun-roslagsgatan-15,-3tr-419954",124-125m²,bostadsratt,2026-08-10T06:15:45.885021
4139862169100040481,"https://www.hemnet.se/salda/lagenhet-4,5rum-kapellgardet-uppsala-kommun-rabyvagen-70-4139862169100040481",124-125m²,bostadsratt,2026-08-10T06:15:45.885023
1030798,https://www.hemnet.se/salda/lagenhet-5rum-galgberget-falu-kommun-nedre-gruvrisvagen-13d-1030798,124-125m²,bostadsratt,2026-08-10T06:15:45.885024
564866,https://www.hemnet.se/salda/lagenhet-4rum-laholm-laholms-kommun-korvelgangen-32-564866,124-125m²,bostadsratt,2026-08-10T06:15:45.885025
1451401,"https://www.hemnet.se/salda/lagenhet-4rum-vasastan-vasaparken-stockholms-kommun-observatoriegatan-16,-3tr-1451401",124-125m²,bostadsratt,2026-08-10T06:15:45.885027
330285,https://www.hemnet.se/salda/lagenhet-4rum-centralt-strommen-norrkopings-kommun-kvarngatan-34-330285,124-125m²,bostadsratt,2026-08-10T06:15:45.885028
60835,https://www.hemnet.se/salda/lagenhet-5rum-ljungsbro-linkopings-kommun-bjalosagatan-6-60835,124-125m²,bostadsratt,2026-08-10T06:15:45.885030
738626,"https://www.hemnet.se/salda/lagenhet-4,5rum-kungsholmen-stockholms-kommun-bergsgatan-53,-3tr-738626",124-125m²,bostadsratt,2026-08-10T06:15:45.885031
1181429,https://www.hemnet.se/salda/lagenhet-4rum-sodra-ratorp-karlstads-kommun-trumslagarens-gata-9-1181429,124-125m²,bostadsratt,2026-08-10T06:15:45.885033
1121697,https://www.hemnet.se/salda/lagenhet-5rum-centralt-sundsvalls-kommun-radhusgatan-1-1121697,124-125m²,bostadsratt,2026-08-10T06:15:45.885034
262517,https://www.hemnet.se/salda/lagenhet-4rum-billdal-goteborgs-kommun-sjobackevagen-4-262517,124-125m²,bostadsratt,2026-08-10T06:15:45.885035
4313773154603210689,https://www.hemnet.se/salda/lagenhet-5rum-dockan-malmo-kommun-lagatan-11a-4313773154603210689,124-125m²,bostadsratt,2026-08-10T06:15:45.885037
7207744952720281355,https://www.hemnet.se/salda/lagenhet-5rum-rosendal-uppsala-kommun-torgny-segerstedts-alle-94-7207744952720281355,124-125m²,bostadsratt,2026-08-10T06:15:45.885038
1197422,"https://www.hemnet.se/salda/lagenhet-4rum-ostermalm-ekhagen-stockholms-kommun-torphagsvagen-4,-4-4-tr-1197422",124-125m²,bostadsratt,2026-08-10T06:15:45.885040
4786582949369591772,https://www.hemnet.se/salda/lagenhet-4rum-davidshall-malmo-kommun-kockumsgatan-8-4786582949369591772,124-125m²,bostadsratt,2026-08-10T06:15:45.885041
8238718407789322686,https://www.hemnet.se/salda/lagenhet-5rum-torslanda-amhult-goteborgs-kommun-gamla-flygplatsvagen-32c-8238718407789322686,124-125m²,bostadsratt,2026-08-10T06:15:45.885042
1069518733621496832,https://www.hemnet.se/salda/lagenhet-5rum-centrum-uppsala-kommun-salagatan-41b-1069518733621496832,124-125m²,bostadsratt,2026-08-10T06:15:45.885044
48316,https://www.hemnet.se/salda/lagenhet-4rum-folkhogskoleomradet-varnamo-kommun-brinkvagen-5b-48316,124-125m²,bostadsratt,2026-08-10T06:15:45.885045
1260579,https://www.hemnet.se/salda/lagenhet-5rum-vastra-hamnen-malmo-kommun-knopgrand-8-1260579,124-125m²,bostadsratt,2026-08-10T06:15:45.885046
1461462,"https://www.hemnet.se/salda/lagenhet-4rum-vasastan-stockholms-kommun-dobelnsgatan-40,-3-tr-1461462",124-125m²,bostadsratt,2026-08-10T06:15:45.885048
1738574811694291619,https://www.hemnet.se/salda/lagenhet-5rum-centrum-uddevalla-kommun-ostbergsvagen-5-1738574811694291619,124-125m²,bostadsratt,2026-08-10T06:15:45.885049
750738,"https://www.hemnet.se/salda/lagenhet-5rum-arenastaden-solna-kommun-evenemangsgatan-6,-8-tr-750738",124-125m²,bostadsratt,2026-08-10T06:15:45.885051
813698550689782751,https://www.hemnet.se/salda/lagenhet-5rum-viksjo-jarfalla-kommun-axvagen-79-813698550689782751,124-125m²,bostadsratt,2026-08-10T06:15:45.885052
8165098673822631456,"https://www.hemnet.se/salda/lagenhet-5rum-taby-centrum-taby-kommun-marknadsvagen-295,-2tr-8165098673822631456",124-125m²,bostadsratt,2026-08-10T06:15:45.885053
1367986,https://www.hemnet.se/salda/lagenhet-4rum-hagernas-strand-taby-kommun-flygvillevagen-15-1367986,124-125m²,bostadsratt,2026-08-10T06:15:45.885055
1356730,https://www.hemnet.se/salda/lagenhet-5rum-torvalla-ostersunds-kommun-blavedsvagen-7-1356730,124-125m²,bostadsratt,2026-08-10T06:15:45.885056
762887,https://www.hemnet.se/salda/lagenhet-4rum-ljunghusen-vellinge-kommun-svanjaktsvagen-9-762887,124-125m²,bostadsratt,2026-08-10T06:15:45.885057
2263036879796380934,https://www.hemnet.se/salda/lagenhet-6rum-klostergarden-lunds-kommun-blidvadersvagen-6d-2263036879796380934,124-125m²,bostadsratt,2026-08-10T06:15:45.885059
1168930097403457973,https://www.hemnet.se/salda/lagenhet-4rum-norr-helsingborgs-kommun-integatan-3-1168930097403457973,124-125m²,bostadsratt,2026-08-10T06:15:45.885060
7460459443074699970,https://www.hemnet.se/salda/lagenhet-4rum-sannegardshamnen-goteborgs-kommun-stapelbadden-5-7460459443074699970,124-125m²,bostadsratt,2026-08-10T06:15:45.885062
1051810,https://www.hemnet.se/salda/lagenhet-5rum-vasa-orebro-kommun-tegelmastargarden-5-1051810,124-125m²,bostadsratt,2026-08-10T06:15:45.885063
789836,"https://www.hemnet.se/salda/lagenhet-5rum-vasastan-birkastan-stockholms-kommun-karlbergsvagen-53,-5tr-789836",124-125m²,bostadsratt,2026-08-10T06:15:45.885065
2609176800214914229,https://www.hemnet.se/salda/lagenhet-5rum-frillesas-kungsbacka-kommun-johan-oscars-vag-19-2609176800214914229,124-125m²,bostadsratt,2026-08-10T06:15:45.885066
220517,https://www.hemnet.se/salda/lagenhet-5rum-salem-salems-kommun-emanuel-birkes-vag-8a-220517,124-125m²,bostadsratt,2026-08-10T06:15:45.885067
1358854,https://www.hemnet.se/salda/lagenhet-5rum-svarte-ystads-kommun-litteraturgatan-30-1358854,124-125m²,bostadsratt,2026-08-10T06:15:45.885069
437566,"https://www.hemnet.se/salda/lagenhet-5rum-hovsjo-sodertalje-kommun-granovagen-58,-plan-7-och-8-437566",124-125m²,bostadsratt,2026-08-10T06:15:45.885070
3969930077251823414,"https://www.hemnet.se/salda/lagenhet-5rum-hammarby-sjostad-stockholms-kommun-sickla-kanalgata-87,-6-7tr-3969930077251823414",124-125m²,bostadsratt,2026-08-10T06:15:45.885072
807111769333509361,https://www.hemnet.se/salda/lagenhet-4rum-ostermalm-vasastan-stockholms-kommun-frejgatan-3-807111769333509361,124-125m²,bostadsratt,2026-08-10T06:15:45.885073
3821244292427595651,https://www.hemnet.se/salda/lagenhet-5rum-vastermalm-vasteras-kommun-vastermalmsgatan-2b-3821244292427595651,124-125m²,bostadsratt,2026-08-10T06:15:45.885074
2507441190942312668,"https://www.hemnet.se/salda/lagenhet-5rum-huvudsta-solna-kommun-jungfrudansen-44,-5-tr-2507441190942312668",124-125m²,bostadsratt,2026-08-10T06:15:45.885076
708044750747024158,https://www.hemnet.se/salda/lagenhet-4rum-limhamn-on-malmo-kommun-sundskajen-2a-708044750747024158,124-125m²,bostadsratt,2026-08-10T06:15:45.885077
1375344,https://www.hemnet.se/salda/lagenhet-5rum-solgard-huddinge-kommun-hedenhosvagen-57-1375344,124-125m²,bostadsratt,2026-08-10T06:15:45.885078
1266728,https://www.hemnet.se/salda/lagenhet-5rum-centralt-norrkopings-kommun-sandgatan-22a-1266728,124-125m²,bostadsratt,2026-08-10T06:15:45.885080
756482,https://www.hemnet.se/salda/lagenhet-4rum-slussen-city-malmo-kommun-slussgatan-12k-756482,124-125m²,bostadsratt,2026-08-10T06:15:45.885081
746398,https://www.hemnet.se/salda/lagenhet-4rum-city-uppsala-kommun-stora-torget-3-746398,124-125m²,bostadsratt,2026-08-10T06:15:45.885082
5303693022108265603,https://www.hemnet.se/salda/lagenhet-5rum-svartbacken-kvarngar-uppsala-kommun-torbjornsgatan-12-5303693022108265603,124-125m²,bostadsratt,2026-08-10T06:15:45.885084
8005051961289841553,https://www.hemnet.se/salda/lagenhet-4rum-vaster-park-orebro-kommun-karlsgatan-32i-8005051961289841553,124-125m²,bostadsratt,2026-08-10T06:15:45.885085
807454,https://www.hemnet.se/salda/lagenhet-5rum-anggarden-goteborgs-kommun-thorild-wulffsgatan-28-807454,124-125m²,bostadsratt,2026-08-10T06:15:45.885087
750287,https://www.hemnet.se/salda/lagenhet-6rum-bor-varnamo-kommun-dansbanevagen-41-750287,124-125m²,bostadsratt,2026-08-10T06:15:45.885088
1134636,https://www.hemnet.se/salda/lagenhet-4rum-oster-malarstrand-vasteras-kommun-oster-malarstrands-alle-114-1134636,124-125m²,bostadsratt,2026-08-10T06:15:45.885089
773610,https://www.hemnet.se/salda/lagenhet-6rum-loten-uppsala-kommun-dagermansgatan-1-a-773610,124-125m²,bostadsratt,2026-08-10T06:15:45.885091
367805,https://www.hemnet.se/salda/lagenhet-5rum-kista-stockholms-kommun-sjallandsgatan-14-367805,124-125m²,bostadsratt,2026-08-10T06:15:45.885092
880507173393887615,"https://www.hemnet.se/salda/lagenhet-3,5rum-vasastan-orebro-kommun-malmplan-2-880507173393887615",124-125m²,bostadsratt,2026-08-10T06:15:45.885093
795782,https://www.hemnet.se/salda/lagenhet-4rum-s-t-knut-malmo-kommun-ledebursgatan-2-795782,124-125m²,bostadsratt,2026-08-10T06:15:45.885095
627057,"https://www.hemnet.se/salda/lagenhet-5rum-taby-centrum-taby-kommun-marknadsvagen-295,-2tr-627057",124-125m²,bostadsratt,2026-08-10T06:15:45.885096
932836,https://www.hemnet.se/salda/lagenhet-5rum-lund-centrum-lunds-kommun-prennegatan-2c-932836,124-125m²,bostadsratt,2026-08-10T06:15:45.885097
1107723,https://www.hemnet.se/salda/lagenhet-3rum-brunstorp-jonkopings-kommun-sikvagen-14-1107723,124-125m²,bostadsratt,2026-08-10T06:15:45.885099
7865417452761535075,https://www.hemnet.se/salda/lagenhet-4rum-upplunda-norrtalje-kommun-vatovagen-100-e-7865417452761535075,124-125m²,bostadsratt,2026-08-10T06:15:45.885100
692227,https://www.hemnet.se/salda/lagenhet-5rum-lugnet-malmo-kommun-lugna-gatan-1-692227,124-125m²,bostadsratt,2026-08-10T06:15:45.885101
510649,https://www.hemnet.se/salda/lagenhet-6rum-akers-styckebruk-strangnas-kommun-skordevagen-102-510649,124-125m²,bostadsratt,2026-08-10T06:15:45.885103
6074343758253032746,https://www.hemnet.se/salda/lagenhet-3rum-farhult-hoganas-kommun-yxvagen-9d-6074343758253032746,124-125m²,bostadsratt,2026-08-10T06:15:45.885104
425481,https://www.hemnet.se/salda/lagenhet-5rum-bergsatra-lidingo-kommun-mittvagen-1j-425481,124-125m²,bostadsratt,2026-08-10T06:15:45.885105
906060,"https://www.hemnet.se/salda/lagenhet-4rum-katarina-stockholms-kommun-asogatan-104,-5-tr-906060",124-125m²,bostadsratt,2026-08-10T06:15:45.885107
1499982,https://www.hemnet.se/salda/lagenhet-5rum-galgberget-falu-kommun-nedre-gruvrisvagen-15b-1499982,124-125m²,bostadsratt,2026-08-10T06:15:45.885108
1486769,"https://www.hemnet.se/salda/lagenhet-4rum-kungsholmen-stockholms-kommun-fleminggatan-23,-4-tr-1486769",124-125m²,bostadsratt,2026-08-10T06:15:45.885110
4511283096443322912,https://www.hemnet.se/salda/lagenhet-5rum-akers-styckebruk-strangnas-kommun-skordevagen-100-4511283096443322912,124-125m²,bostadsratt,2026-08-10T06:15:45.885111
1205138,https://www.hemnet.se/salda/lagenhet-5rum-kungsangen-norrboda-upplands-bro-kommun-sandviksvagen-5a-1205138,124-125m²,bostadsratt,2026-08-10T06:15:45.885112
1777530291726907150,https://www.hemnet.se/salda/lagenhet-4rum-vaster-nykopings-kommun-fruangsgatan-13b-1777530291726907150,124-125m²,bostadsratt,2026-08-10T06:15:45.885114
962609,"https://www.hemnet.se/salda/lagenhet-5,5rum-bromma-alvik-appelviken-stockholms-kommun-gustavslundsvagen-175-962609",124-125m²,bostadsratt,2026-08-10T06:15:45.885115
982784956414176278,https://www.hemnet.se/salda/lagenhet-4rum-centrum-vasteras-kommun-timmermansgatan-3-982784956414176278,124-125m²,bostadsratt,2026-08-10T06:15:45.885116
3098581449943264503,https://www.hemnet.se/salda/lagenhet-4rum-sodra-gryta-vasteras-kommun-labradorvagen-23-3098581449943264503,124-125m²,bostadsratt,2026-08-10T06:15:45.885118
239804,"https://www.hemnet.se/salda/lagenhet-4rum-sundbyberg-,-centralt-sundbybergs-kommun-fredsgatan-4b-239804",124-125m²,bostadsratt,2026-08-10T06:15:45.885119
1195530,https://www.hemnet.se/salda/lagenhet-5rum-vaxjo-teleborg-vaxjo-kommun-skiftesvagen-135-1195530,124-125m²,bostadsratt,2026-08-10T06:15:45.885120
1426072,https://www.hemnet.se/salda/lagenhet-3rum-gamla-masthugget-goteborgs-kommun-sjomansgatan-5-1426072,124-125m²,bostadsratt,2026-08-10T06:15:45.885122
1229236,https://www.hemnet.se/salda/lagenhet-3rum-lillaudden-vasteras-kommun-fyrbaksvagen-4-1229236,124-125m²,bostadsratt,2026-08-10T06:15:45.885123
916202,https://www.hemnet.se/salda/lagenhet-3rum-nedre-johanneberg-goteborgs-kommun-teknologgatan-5-916202,124-125m²,bostadsratt,2026-08-10T06:15:45.885124
1358419,https://www.hemnet.se/salda/lagenhet-5rum-kungsladugard-goteborgs-kommun-strandridaregatan-1-b-1358419,124-125m²,bostadsratt,2026-08-10T06:15:45.885126
490822,https://www.hemnet.se/salda/lagenhet-5rum-centrala-sundbyberg-sundbybergs-kommun-fagelsangen-5-490822,124-125m²,bostadsratt,2026-08-10T06:15:45.885127
1065244,https://www.hemnet.se/salda/lagenhet-5rum-lugnet-malmo-kommun-lugna-gatan-17-1065244,124-125m²,bostadsratt,2026-08-10T06:15:45.885128
6601354273505082947,https://www.hemnet.se/salda/lagenhet-4rum-glanninge-laholms-kommun-korvelgangen-22-6601354273505082947,124-125m²,bostadsratt,2026-08-10T06:15:45.885130
864395,"https://www.hemnet.se/salda/lagenhet-4,5rum-drottningtorget-malmo-kommun-slussgatan-1b-864395",124-125m²,bostadsratt,2026-08-10T06:15:45.885131
4821070318321917570,https://www.hemnet.se/salda/lagenhet-4rum-billdal-goteborgs-kommun-uggledalsvagen-73-4821070318321917570,124-125m²,bostadsratt,2026-08-10T06:15:45.885132
4411627085222386439,"https://www.hemnet.se/salda/lagenhet-5rum-arenastaden-solna-kommun-evenemangsgatan-10,-van-8-4411627085222386439",124-125m²,bostadsratt,2026-08-10T06:15:45.885134
1321447,"https://www.hemnet.se/salda/lagenhet-4,5rum-sodermalm-stockholms-kommun-folkungagatan-136b,-2-tr-1321447",124-125m²,bostadsratt,2026-08-10T06:15:45.885135
689342,https://www.hemnet.se/salda/lagenhet-5rum-kungsholmen-kristineberg-stockholms-kommun-kristinebergs-strand-7-689342,124-125m²,bostadsratt,2026-08-10T06:15:45.885136
187316,https://www.hemnet.se/salda/lagenhet-4rum-sommarro-uppsala-kommun-norbyvagen-44b-187316,124-125m²,bostadsratt,2026-08-10T06:15:45.885138
268242,https://www.hemnet.se/salda/lagenhet-5rum-gamla-vaster-malmo-kommun-vastergatan-40-268242,124-125m²,bostadsratt,2026-08-10T06:15:45.885139
5373538725880461785,https://www.hemnet.se/salda/lagenhet-4rum-kungshamn-sotenas-kommun-stenhuggaregatan-20d-5373538725880461785,124-125m²,bostadsratt,2026-08-10T06:15:45.885140
937848860975764126,https://www.hemnet.se/salda/lagenhet-3rum-haga-sundsvalls-kommun-lotsgatan-18c-937848860975764126,124-125m²,bostadsratt,2026-08-10T06:15:45.885142
1199402,https://www.hemnet.se/salda/lagenhet-4rum-kungalv-centrum-kungalvs-kommun-selma-lagerlofs-gata-12-1199402,124-125m²,bostadsratt,2026-08-10T06:15:45.885143
996028,https://www.hemnet.se/salda/lagenhet-5rum-kviberg-goteborgs-kommun-edwin-ahlqvists-vag-1-996028,124-125m²,bostadsratt,2026-08-10T06:15:45.885145
503677,https://www.hemnet.se/salda/lagenhet-5rum-frillesas-kungsbacka-kommun-johan-oscars-vag-7-503677,124-125m²,bostadsratt,2026-08-10T06:15:45.885146
1298164,https://www.hemnet.se/salda/lagenhet-4rum-rorsjostaden-malmo-kommun-kommendorsgatan-3-1298164,124-125m²,bostadsratt,2026-08-10T06:15:45.885147
255878,"https://www.hemnet.se/salda/lagenhet-3,5rum-lorensberg-goteborgs-kommun-olof-wijksgatan-2-a-255878",124-125m²,bostadsratt,2026-08-10T06:15:45.885149
7491098350167848120,https://www.hemnet.se/salda/lagenhet-5rum-mariehall-stockholms-kommun-fredriksbergsvagen-9-7491098350167848120,124-125m²,bostadsratt,2026-08-10T06:15:45.885150
9025529163777075390,https://www.hemnet.se/salda/lagenhet-5rum-limhamn-malmo-kommun-dragorkajen-21-9025529163777075390,124-125m²,bostadsratt,2026-08-10T06:15:45.885152
5631621121359288744,https://www.hemnet.se/salda/lagenhet-5rum-oxie-malmo-kommun-oxievangsvagen-93-5631621121359288744,124-125m²,bostadsratt,2026-08-10T06:15:45.885153
627514,https://www.hemnet.se/salda/lagenhet-5rum-hammarbyhojden-stockholms-kommun-kalmgatan-33-627514,124-125m²,bostadsratt,2026-08-10T06:15:45.885154
1447464,"https://www.hemnet.se/salda/lagenhet-4rum-vasastan-stockholms-kommun-frejgatan-3,-2-tr-1447464",124-125m²,bostadsratt,2026-08-10T06:15:45.885156
164253,https://www.hemnet.se/salda/lagenhet-4rum-kasernhojden-karlstads-kommun-kasernhojden-13-a-164253,124-125m²,bostadsratt,2026-08-10T06:15:45.885157
3175519740799080047,https://www.hemnet.se/salda/lagenhet-3rum-vasastan-stockholms-kommun-upplandsgatan-51-3175519740799080047,124-125m²,bostadsratt,2026-08-10T06:15:45.885159
1281995,https://www.hemnet.se/salda/lagenhet-5rum-viksjo-jarfalla-kommun-axvagen-61-1281995,124-125m²,bostadsratt,2026-08-10T06:15:45.885160
532088045050453409,https://www.hemnet.se/salda/lagenhet-5rum-hestra-boras-kommun-pianogatan-5a-532088045050453409,124-125m²,bostadsratt,2026-08-10T06:15:45.885161
1033071,https://www.hemnet.se/salda/lagenhet-5rum-braten-park-mariestads-kommun-rosengangen-39-1033071,124-125m²,bostadsratt,2026-08-10T06:15:45.885163
1280936,"https://www.hemnet.se/salda/lagenhet-4rum-vasastan-stockholms-kommun-tulegatan-46,-1tr-1280936",124-125m²,bostadsratt,2026-08-10T06:15:45.885164
1499875,https://www.hemnet.se/salda/lagenhet-5rum-djakneberget-vasteras-kommun-vastermalmsgatan-2-b-1499875,124-125m²,bostadsratt,2026-08-10T06:15:45.885166
316614,https://www.hemnet.se/salda/lagenhet-5rum-angshojden-sala-kommun-marsgatan-71-316614,124-125m²,bostadsratt,2026-08-10T06:15:45.885167
3824850228904638273,https://www.hemnet.se/salda/lagenhet-4rum-arenastaden-solna-kommun-evenemangsgatan-10-3824850228904638273,124-125m²,bostadsratt,2026-08-10T06:15:45.885168
584350,https://www.hemnet.se/salda/lagenhet-5rum-halmstad-halmstads-kommun-mortvagen-23-584350,124-125m²,bostadsratt,2026-08-10T06:15:45.885170
392165,https://www.hemnet.se/salda/lagenhet-4rum-krontorp-mariestads-kommun-hermanstorpsvagen-19-392165,124-125m²,bostadsratt,2026-08-10T06:15:45.885171
1035147,https://www.hemnet.se/salda/lagenhet-5rum-centrum-uppsala-kommun-stationsgatan-36-1035147,124-125m²,bostadsratt,2026-08-10T06:15:45.885172
1192695,https://www.hemnet.se/salda/lagenhet-4rum-ostermalm-stockholms-kommun-linnegatan-34-1192695,124-125m²,bostadsratt,2026-08-10T06:15:45.885174
7956294917724178918,https://www.hemnet.se/salda/lagenhet-5rum-falun-falu-kommun-nedre-gruvrisvagen-13-c-7956294917724178918,124-125m²,bostadsratt,2026-08-10T06:15:45.885175
1370963,https://www.hemnet.se/salda/lagenhet-4rum-liljeholmen-jonkopings-kommun-lillgatan-14-1370963,124-125m²,bostadsratt,2026-08-10T06:15:45.885176
676443,https://www.hemnet.se/salda/lagenhet-4rum-gamla-vaster-malmo-kommun-slottsgatan-18-676443,124-125m²,bostadsratt,2026-08-10T06:15:45.885178
767599,https://www.hemnet.se/salda/lagenhet-4rum-sodermalm-sundsvalls-kommun-nygatan-45-767599,124-125m²,bostadsratt,2026-08-10T06:15:45.885179
961618574646346566,https://www.hemnet.se/salda/lagenhet-4rum-torslanda-hastevik-goteborgs-kommun-axelinas-vag-17-961618574646346566,124-125m²,bostadsratt,2026-08-10T06:15:45.885180
785349,https://www.hemnet.se/salda/lagenhet-5rum-aroslund-vasteras-kommun-agnegatan-7-785349,124-125m²,bostadsratt,2026-08-10T06:15:45.885182
1507606,https://www.hemnet.se/salda/lagenhet-4rum-jakobsberg-jarfalla-kommun-vibblabyvagen-20-1507606,124-125m²,bostadsratt,2026-08-10T06:15:45.885183
1128354,"https://www.hemnet.se/salda/lagenhet-5rum-bodal-baggeby-lidingo-kommun-bodalsvagen-22,-8tr-1128354",124-125m²,bostadsratt,2026-08-10T06:15:45.885184
712883,https://www.hemnet.se/salda/lagenhet-5rum-visby-gotlands-kommun-greta-arvidssons-gata-25a-radhus-g-712883,124-125m²,bostadsratt,2026-08-10T06:15:45.885186
517173,https://www.hemnet.se/salda/lagenhet-4rum-vastra-hamnen-malmo-kommun-rodergatan-4-517173,124-125m²,bostadsratt,2026-08-10T06:15:45.885187
1273116,https://www.hemnet.se/salda/lagenhet-5rum-varby-alle-huddinge-kommun-varby-alle-31-1273116,124-125m²,bostadsratt,2026-08-10T06:15:45.885188
5762326504013725432,https://www.hemnet.se/salda/lagenhet-5rum-jakobsberg-jarfalla-kommun-vibblabyvagen-20-5762326504013725432,124-125m²,bostadsratt,2026-08-10T06:15:45.885190
2902589502723421291,https://www.hemnet.se/salda/lagenhet-4rum-kristianstad-ostermalm-kristianstads-kommun-kapellgatan-14a-2902589502723421291,124-125m²,bostadsratt,2026-08-10T06:15:45.885191
940266,"https://www.hemnet.se/salda/lagenhet-5rum-vasastan-stockholms-kommun-frejgatan-89,-4-tr-940266",124-125m²,bostadsratt,2026-08-10T06:15:45.885192
7161742476951634741,https://www.hemnet.se/salda/lagenhet-5rum-alvsjo-stockholms-kommun-segervagen-210c-7161742476951634741,124-125m²,bostadsratt,2026-08-10T06:15:45.885194
1205256,"https://www.hemnet.se/salda/lagenhet-5,5rum-alvik-stockholms-kommun-gustavslundsvagen-175,-3-4tr-1205256",124-125m²,bostadsratt,2026-08-10T06:15:45.885195
551141,"https://www.hemnet.se/salda/lagenhet-4,5rum-larod-helsingborgs-kommun-sadelvagen-6-551141",124-125m²,bostadsratt,2026-08-10T06:15:45.885197
6210600450122577419,https://www.hemnet.se/salda/lagenhet-5rum-hagalund-solna-kommun-hagalundsgatan-24-6210600450122577419,124-125m²,bostadsratt,2026-08-10T06:15:45.885198
525693,https://www.hemnet.se/salda/lagenhet-4rum-falkopings-kommun-vilhelmsrogatan-34-525693,124-125m²,bostadsratt,2026-08-10T06:15:45.885199
445415,"https://www.hemnet.se/salda/lagenhet-4rum-katarina-stockholms-kommun-folkungagatan-84,-5tr-445415",124-125m²,bostadsratt,2026-08-10T06:15:45.885201
5152795225046726433,https://www.hemnet.se/salda/lagenhet-6rum-rosendal-uppsala-kommun-soldathemsvagen-1-5152795225046726433,124-125m²,bostadsratt,2026-08-10T06:15:45.885202
4737550072792001107,https://www.hemnet.se/salda/lagenhet-4rum-jakobsberg-vasteras-kommun-asgatan-4f-4737550072792001107,124-125m²,bostadsratt,2026-08-10T06:15:45.885203
882212,https://www.hemnet.se/salda/lagenhet-4rum-centralt-ljungby-kommun-parkgatan-23-882212,124-125m²,bostadsratt,2026-08-10T06:15:45.885205
3637337837322253922,https://www.hemnet.se/salda/lagenhet-5rum-vasastan-stockholms-kommun-observatoriegatan-16-3637337837322253922,124-125m²,bostadsratt,2026-08-10T06:15:45.885206
108782,"https://www.hemnet.se/salda/lagenhet-3,5rum-vasastan-stockholms-kommun-ynglingagatan-17-108782",124-125m²,bostadsratt,2026-08-10T06:15:45.885207
376775,https://www.hemnet.se/salda/lagenhet-4rum-aspudden-stockholms-kommun-erik-segersalls-vag-4-376775,124-125m²,bostadsratt,2026-08-10T06:15:45.885209
332851,https://www.hemnet.se/salda/lagenhet-5rum-kastanjegarden-malmo-kommun-folksangsgatan-41-332851,124-125m²,bostadsratt,2026-08-10T06:15:45.885210
6679351005868439630,https://www.hemnet.se/salda/lagenhet-1rum-gastelyckan-lunds-kommun-propellervagen-2a-6679351005868439630,124-125m²,bostadsratt,2026-08-10T06:15:45.885211
182720,https://www.hemnet.se/salda/lagenhet-3rum-tingvallastaden-karlstads-kommun-herrgardsgatan-8-182720,124-125m²,bostadsratt,2026-08-10T06:15:45.885213
1128059889351692373,https://www.hemnet.se/salda/lagenhet-4rum-hemdal-vasteras-kommun-hemdalsvagen-3b-1128059889351692373,124-125m²,bostadsratt,2026-08-10T06:15:45.885214
8918671895849690554,https://www.hemnet.se/salda/lagenhet-5rum-berghusa-ystads-kommun-berghusagatan-42-8918671895849690554,124-125m²,bostadsratt,2026-08-10T06:15:45.885216
69477280115971066,https://www.hemnet.se/salda/lagenhet-4rum-berghusa-ystads-kommun-berghusagatan-13-69477280115971066,124-125m²,bostadsratt,2026-08-10T06:15:45.885217
943556,"https://www.hemnet.se/salda/lagenhet-6rum-grondal-stockholms-kommun-grenljusbacken-13,-6-7tr-943556",124-125m²,bostadsratt,2026-08-10T06:15:45.885219
783422,https://www.hemnet.se/salda/lagenhet-5rum-lund-centrum-lunds-kommun-dalbyvagen-29-783422,124-125m²,bostadsratt,2026-08-10T06:15:45.885220
234521,"https://www.hemnet.se/salda/lagenhet-5rum-blackeberg-stockholms-kommun-bjornsonsgatan-164,-4tr-234521",124-125m²,bostadsratt,2026-08-10T06:15:45.885222
71120,https://www.hemnet.se/salda/lagenhet-5rum-industristaden-kungsangen-uppsala-kommun-kungsangsgatan-57-m-71120,124-125m²,bostadsratt,2026-08-10T06:15:45.885223
712886,https://www.hemnet.se/salda/lagenhet-5rum-visby-gotlands-kommun-greta-arvidssons-gata-25d-radhus-j-712886,124-125m²,bostadsratt,2026-08-10T06:15:45.885225
474344,https://www.hemnet.se/salda/lagenhet-5rum-solna-solna-kommun-hagalundsgatan-24-474344,124-125m²,bostadsratt,2026-08-10T06:15:45.885226
7462854552318524889,"https://www.hemnet.se/salda/lagenhet-3,5rum-vasastan-stockholms-kommun-upplandsgatan-51,-2tr-7462854552318524889",124-125m²,bostadsratt,2026-08-10T06:15:45.885228
1195952,https://www.hemnet.se/salda/lagenhet-5rum-rosendal-uppsala-kommun-soldathemsvagen-1-1195952,124-125m²,bostadsratt,2026-08-10T06:15:45.885229
82604,https://www.hemnet.se/salda/lagenhet-5rum-skarsatra-lidingo-kommun-gangstigen-4-82604,124-125m²,bostadsratt,2026-08-10T06:15:45.885230
503223,https://www.hemnet.se/salda/lagenhet-5rum-viksjo-jarfalla-kommun-axvagen-61-503223,124-125m²,bostadsratt,2026-08-10T06:15:45.885232
539667,"https://www.hemnet.se/salda/lagenhet-3,5rum-vasastan-stockholms-kommun-ynglingagatan-17-539667",124-125m²,bostadsratt,2026-08-10T06:15:45.885233
9176986648182159527,https://www.hemnet.se/salda/lagenhet-5rum-kallby-gotene-kommun-braxenvagen-3-9176986648182159527,124-125m²,bostadsratt,2026-08-10T06:15:45.885234
1132556,https://www.hemnet.se/salda/lagenhet-4rum-skorpabacken-angelholms-kommun-vinbarsvagen-14-1132556,124-125m²,bostadsratt,2026-08-10T06:15:45.885236
977788,"https://www.hemnet.se/salda/lagenhet-4,5rum-vasastan-stockholms-kommun-upplandsgatan-37,-4-tr-977788",124-125m²,bostadsratt,2026-08-10T06:15:45.885237
1241310,"https://www.hemnet.se/salda/lagenhet-4,5rum-rorsjostaden-malmo-kommun-foreningsgatan-81a-1241310",124-125m²,bostadsratt,2026-08-10T06:15:45.885239
6265196055078624484,https://www.hemnet.se/salda/lagenhet-5rum-norrkoping-gamla-staden-norrkopings-kommun-butgatan-14-6265196055078624484,124-125m²,bostadsratt,2026-08-10T06:15:45.885240
1230079,https://www.hemnet.se/salda/lagenhet-5rum-dockan-malmo-kommun-lagatan-9a-1230079,124-125m²,bostadsratt,2026-08-10T06:15:45.885242
821427,https://www.hemnet.se/salda/lagenhet-4rum-centrala-sodertalje-sodertalje-kommun-ovre-torekallgatan-28a-821427,124-125m²,bostadsratt,2026-08-10T06:15:45.885243
1088112,https://www.hemnet.se/salda/lagenhet-5rum-jarlaberg-nacka-kommun-diligensvagen-100-1088112,124-125m²,bostadsratt,2026-08-10T06:15:45.885245
7425078510055053440,https://www.hemnet.se/salda/lagenhet-3rum-ribersborg-malmo-kommun-regementsgatan-19-7425078510055053440,124-125m²,bostadsratt,2026-08-10T06:15:45.885246
1101705,https://www.hemnet.se/salda/lagenhet-4rum-vastra-hamnen-malmo-kommun-knopgrand-8-1101705,124-125m²,bostadsratt,2026-08-10T06:15:45.885247
1336320,https://www.hemnet.se/salda/lagenhet-5rum-slottshojden-helsingborgs-kommun-ovre-langvinkelsgatan-95-1336320,124-125m²,bostadsratt,2026-08-10T06:15:45.885249
1141803670998393051,https://www.hemnet.se/salda/lagenhet-3rum-saltsjoqvarn-nacka-kommun-mannagrynstorget-2-1141803670998393051,124-125m²,bostadsratt,2026-08-10T06:15:45.885250
471271,"https://www.hemnet.se/salda/lagenhet-5rum-grondal-stockholms-kommun-grondalsvagen-34,-4-5-tr-471271",124-125m²,bostadsratt,2026-08-10T06:15:45.885252
2135287001527813008,https://www.hemnet.se/salda/lagenhet-4rum-kungsholmen-stockholms-kommun-hjarnegatan-10-2135287001527813008,124-125m²,bostadsratt,2026-08-10T06:15:45.885253
8953250092140730042,https://www.hemnet.se/salda/lagenhet-5rum-taby-centrum-taby-kommun-marknadsvagen-273-8953250092140730042,124-125m²,bostadsratt,2026-08-10T06:15:45.885255
558009,https://www.hemnet.se/salda/lagenhet-6rum-svaneholm-vid-borstahusen-landskrona-kommun-kavaljersgarden-19-558009,124-125m²,bostadsratt,2026-08-10T06:15:45.885256
330154,https://www.hemnet.se/salda/lagenhet-5rum-centrum-sodertalje-kommun-nedre-torekallgatan-10-330154,124-125m²,bostadsratt,2026-08-10T06:15:45.885257
119323,https://www.hemnet.se/salda/lagenhet-5rum-rosengangen-mariestads-kommun-rosengangen-12-119323,124-125m²,bostadsratt,2026-08-10T06:15:45.885259
7981711749713543009,https://www.hemnet.se/salda/lagenhet-4rum-centrum-uppsala-kommun-vaksalagatan-18b-7981711749713543009,124-125m²,bostadsratt,2026-08-10T06:15:45.885260
720607,https://www.hemnet.se/salda/lagenhet-5rum-teleborg-vaxjo-kommun-skiftesvagen-135-720607,124-125m²,bostadsratt,2026-08-10T06:15:45.885261
7696171990114914303,https://www.hemnet.se/salda/lagenhet-5rum-sorbole-skelleftea-kommun-karlgardsvagen-9-7696171990114914303,124-125m²,bostadsratt,2026-08-10T06:15:45.885263
662354,https://www.hemnet.se/salda/lagenhet-5rum-centralt-amals-kommun-lunnegatan-2a-662354,124-125m²,bostadsratt,2026-08-10T06:15:45.885264
727941563540849007,https://www.hemnet.se/salda/lagenhet-4rum-centrum-uppsala-kommun-munkgatan-5-a-727941563540849007,124-125m²,bostadsratt,2026-08-10T06:15:45.885266
6541500464722683944,https://www.hemnet.se/salda/lagenhet-5rum-lomma-strandstaden-lomma-kommun-strandpromenaden-2-6541500464722683944,124-125m²,bostadsratt,2026-08-10T06:15:45.885267
676689,https://www.hemnet.se/salda/lagenhet-5rum-ed-dals-eds-kommun-tjadervagen-10-676689,124-125m²,bostadsratt,2026-08-10T06:15:45.885268
783089,https://www.hemnet.se/salda/lagenhet-5rum-varsangen-malmo-kommun-folksangsgatan-215-783089,124-125m²,bostadsratt,2026-08-10T06:15:45.885270
606398,https://www.hemnet.se/salda/lagenhet-5rum-laxhagen-motala-kommun-johannesbergsgatan-8a-606398,124-125m²,bostadsratt,2026-08-10T06:15:45.885271
6246585272439270617,https://www.hemnet.se/salda/lagenhet-4rum-alvsbacka-skelleftea-kommun-ostra-nygatan-91b-6246585272439270617,124-125m²,bostadsratt,2026-08-10T06:15:45.885273
403824,https://www.hemnet.se/salda/lagenhet-7rum-laggarebacken-alingsas-kommun-laggarebacken-5-403824,124-125m²,bostadsratt,2026-08-10T06:15:45.885274
1593117182758770202,https://www.hemnet.se/salda/lagenhet-4rum-gamla-midsommarkransen-stockholms-kommun-lotmogatan-3-1593117182758770202,124-125m²,bostadsratt,2026-08-10T06:15:45.885276
1163128,https://www.hemnet.se/salda/lagenhet-4rum-solna-arenastaden-solna-kommun-evenemangsgatan-12-1163128,124-125m²,bostadsratt,2026-08-10T06:15:45.885277
356069,https://www.hemnet.se/salda/lagenhet-4rum-billdal-uggledal-goteborgs-kommun-uggledalsvagen-75-356069,124-125m²,bostadsratt,2026-08-10T06:15:45.885279
396123,"https://www.hemnet.se/salda/lagenhet-3rum-vastra-hamnen-malmo-kommun-c903,-einar-hansens-esplanad-71-396123",124-125m²,bostadsratt,2026-08-10T06:15:45.885280
6623933902711158581,https://www.hemnet.se/salda/lagenhet-3rum-karlslund-ostersunds-kommun-litsvagen-22-6623933902711158581,124-125m²,bostadsratt,2026-08-10T06:15:45.885281
4587305188016893145,https://www.hemnet.se/salda/lagenhet-5rum-vetterslund-vasteras-kommun-vetterslundsgatan-18-4587305188016893145,124-125m²,bostadsratt,2026-08-10T06:15:45.885283
607283,https://www.hemnet.se/salda/lagenhet-4rum-lillaudden-vasteras-kommun-fyrbaksvagen-6-607283,124-125m²,bostadsratt,2026-08-10T06:15:45.885284
289403,https://www.hemnet.se/salda/lagenhet-4rum-soder-gavle-kommun-brunnsgatan-63-a-289403,124-125m²,bostadsratt,2026-08-10T06:15:45.885285
649386,https://www.hemnet.se/salda/lagenhet-5rum-vetterslund-vasteras-kommun-vetterslundsgatan-20-649386,124-125m²,bostadsratt,2026-08-10T06:15:45.885287
644427,https://www.hemnet.se/salda/lagenhet-4rum-mariastaden-helsingborgs-kommun-kungshultsvagen-113-644427,124-125m²,bostadsratt,2026-08-10T06:15:45.885288
136168,"https://www.hemnet.se/salda/lagenhet-6rum-skarholmen-stockholms-kommun-ekholmsvagen-250-b,-5-tr-136168",124-125m²,bostadsratt,2026-08-10T06:15:45.885290
761830,https://www.hemnet.se/salda/lagenhet-5rum-norrbole-skelleftea-kommun-kagevagen-31-761830,124-125m²,bostadsratt,2026-08-10T06:15:45.885291
1202196,https://www.hemnet.se/salda/lagenhet-5rum-ljungsbro-linkopings-kommun-bjalosagatan-17-1202196,124-125m²,bostadsratt,2026-08-10T06:15:45.885292
1102929,https://www.hemnet.se/salda/lagenhet-5rum-edvinshem-akesholm-ystads-kommun-rotfruktsgatan-26b-1102929,124-125m²,bostadsratt,2026-08-10T06:15:45.885294
1099565,https://www.hemnet.se/salda/lagenhet-5rum-bohuslan-tjorns-kommun-krakedalsvagen-24-1099565,124-125m²,bostadsratt,2026-08-10T06:15:45.885295
5425320457297292738,https://www.hemnet.se/salda/lagenhet-4rum-billdal-goteborgs-kommun-uggledalsvagen-151-5425320457297292738,124-125m²,bostadsratt,2026-08-10T06:15:45.885296
271587,"https://www.hemnet.se/salda/lagenhet-4,5rum-kungsholmen-stockholms-kommun-bergsgatan-53,-3tr-271587",124-125m²,bostadsratt,2026-08-10T06:15:45.885298
3173930919146759875,https://www.hemnet.se/salda/lagenhet-5rum-jonkoping-soder-jonkopings-kommun-brahegatan-16b-3173930919146759875,124-125m²,bostadsratt,2026-08-10T06:15:45.885299
1254089,https://www.hemnet.se/salda/lagenhet-5rum-borlange-borlange-kommun-industrigatan-8-1254089,124-125m²,bostadsratt,2026-08-10T06:15:45.885301
891257,https://www.hemnet.se/salda/lagenhet-5rum-kungsangen-norrboda-upplands-bro-kommun-tibble-skogsvag-54-891257,124-125m²,bostadsratt,2026-08-10T06:15:45.885302
4980915066095613874,https://www.hemnet.se/salda/lagenhet-4rum-farult-hoganas-kommun-flintvagen-17b-4980915066095613874,124-125m²,bostadsratt,2026-08-10T06:15:45.885304
622597,"https://www.hemnet.se/salda/lagenhet-4rum-norra-djurgardsstaden-stockholms-kommun-fagelhundsgatan-20,-5-tr-622597",124-125m²,bostadsratt,2026-08-10T06:15:45.885305
279971,https://www.hemnet.se/salda/lagenhet-5rum-akeshall-ystads-kommun-rotfruktsgatan-32-b-279971,124-125m²,bostadsratt,2026-08-10T06:15:45.885307
587702,"https://www.hemnet.se/salda/lagenhet-5rum-birkastan-stockholms-kommun-bravallagatan-12-c,-4-tr-587702",124-125m²,bostadsratt,2026-08-10T06:15:45.885308
293332,https://www.hemnet.se/salda/lagenhet-4rum-ribersborg-malmo-kommun-skvadronsgatan-8-293332,124-125m²,bostadsratt,2026-08-10T06:15:45.885309
1270440,https://www.hemnet.se/salda/lagenhet-4rum-berghusa-ystads-kommun-berghusagatan-15-1270440,124-125m²,bostadsratt,2026-08-10T06:15:45.885311
565419,https://www.hemnet.se/salda/lagenhet-5rum-bodal-lidingo-kommun-bodalsvagen-22-565419,124-125m²,bostadsratt,2026-08-10T06:15:45.885312
