property_id,url,area_range,housing_type,scraped_at
2590416973030700747,https://www.hemnet.se/salda/lagenhet-2rum-arsta-gullmarsplan-stockholms-kommun-gullmarsvagen-75-2590416973030700747,55-56m²,bostadsratt,2026-05-13T23:23:38.041312
7299633776826523174,https://www.hemnet.se/salda/lagenhet-2rum-sjobo-boras-kommun-lindormsgatan-23-7299633776826523174,55-56m²,bostadsratt,2026-05-13T23:23:38.041319
966595815873351640,https://www.hemnet.se/salda/lagenhet-3rum-lerum-lerums-kommun-stamhusvagen-1-966595815873351640,55-56m²,bostadsratt,2026-05-13T23:23:38.041322
5171296832101279699,https://www.hemnet.se/salda/lagenhet-2rum-telefonplan-stockholms-kommun-tellusgatan-4c-5171296832101279699,55-56m²,bostadsratt,2026-05-13T23:23:38.041326
725082098155812391,https://www.hemnet.se/salda/lagenhet-2rum-abrahamsberg-stockholms-kommun-registervagen-32-725082098155812391,55-56m²,bostadsratt,2026-05-13T23:23:38.041329
5114681037589734865,"https://www.hemnet.se/salda/lagenhet-2rum-vireberg,-rasunda-solna-kommun-virebergsvagen-22-5114681037589734865",55-56m²,bostadsratt,2026-05-13T23:23:38.041331
5834886851927090583,https://www.hemnet.se/salda/lagenhet-3rum-sundbyberg-sundbybergs-kommun-tulegatan-73-5834886851927090583,55-56m²,bostadsratt,2026-05-13T23:23:38.041333
4593547970310323965,https://www.hemnet.se/salda/lagenhet-2rum-johanneshov-stockholms-kommun-pastellvagen-13-4593547970310323965,55-56m²,bostadsratt,2026-05-13T23:23:38.041335
5225073517602103205,"https://www.hemnet.se/salda/lagenhet-2rum-valsta-sigtuna-kommun-vidargatan-49,-bv-5225073517602103205",55-56m²,bostadsratt,2026-05-13T23:23:38.041338
1566830559993872995,https://www.hemnet.se/salda/lagenhet-2rum-arsta-stockholms-kommun-branningevagen-42-1566830559993872995,55-56m²,bostadsratt,2026-05-13T23:23:38.041340
3384826227687476377,https://www.hemnet.se/salda/lagenhet-2rum-arsta-stockholms-kommun-siljansvagen-78-3384826227687476377,55-56m²,bostadsratt,2026-05-13T23:23:38.041342
5367009176961179362,https://www.hemnet.se/salda/lagenhet-2rum-sodermalm-stockholms-kommun-kocksgatan-55-5367009176961179362,55-56m²,bostadsratt,2026-05-13T23:23:38.041345
6049766674335969581,"https://www.hemnet.se/salda/lagenhet-2rum-arsta-stockholms-kommun-skattungsvagen-12,-3tr-6049766674335969581",55-56m²,bostadsratt,2026-05-13T23:23:38.041347
7501227637725782947,https://www.hemnet.se/salda/lagenhet-3rum-centrum-varbergs-kommun-borasgatan-7-7501227637725782947,55-56m²,bostadsratt,2026-05-13T23:23:38.041350
578905264472928981,https://www.hemnet.se/salda/lagenhet-2rum-arsta-stockholms-kommun-braviksvagen-5-578905264472928981,55-56m²,bostadsratt,2026-05-13T23:23:38.041353
5775161935932167873,https://www.hemnet.se/salda/lagenhet-2rum-stenungsund-stenungsunds-kommun-sodra-angen-5b-5775161935932167873,55-56m²,bostadsratt,2026-05-13T23:23:38.041356
5040300742133560977,https://www.hemnet.se/salda/lagenhet-2rum-hammarbyhojden-stockholms-kommun-pastellvagen-14-5040300742133560977,55-56m²,bostadsratt,2026-05-13T23:23:38.041359
5317784352751903010,https://www.hemnet.se/salda/lagenhet-2rum-ostermalm-stockholms-kommun-tyskbagargatan-10-5317784352751903010,55-56m²,bostadsratt,2026-05-13T23:23:38.041362
6972792038593455095,https://www.hemnet.se/salda/lagenhet-2rum-dammfri-malmo-kommun-ribevagen-10a-6972792038593455095,55-56m²,bostadsratt,2026-05-13T23:23:38.041364
2316224502890688838,https://www.hemnet.se/salda/lagenhet-2rum-salabacke-uppsala-kommun-apelgatan-12-2316224502890688838,55-56m²,bostadsratt,2026-05-13T23:23:38.041367
5825624216030776660,https://www.hemnet.se/salda/lagenhet-2rum-strommensberg-goteborgs-kommun-storhojdsgatan-6d-5825624216030776660,55-56m²,bostadsratt,2026-05-13T23:23:38.041369
859987216134751934,https://www.hemnet.se/salda/lagenhet-2rum-ringstorp-helsingborgs-kommun-fanriksgatan-3-859987216134751934,55-56m²,bostadsratt,2026-05-13T23:23:38.041371
1528307550538772684,https://www.hemnet.se/salda/lagenhet-2rum-limhamns-sjostad-malmo-kommun-limhamns-stationsvag-20-1528307550538772684,55-56m²,bostadsratt,2026-05-13T23:23:38.041374
3392909989931068517,https://www.hemnet.se/salda/lagenhet-2rum-granlo-sundsvalls-kommun-hogomsvagen-32-3392909989931068517,55-56m²,bostadsratt,2026-05-13T23:23:38.041377
2258577486046805511,"https://www.hemnet.se/salda/lagenhet-2,5rum-kapellgardet-uppsala-kommun-djaknegatan-68-2258577486046805511",55-56m²,bostadsratt,2026-05-13T23:23:38.041379
7194228744176008012,"https://www.hemnet.se/salda/lagenhet-1,5rum-hammarby-sjostad-stockholms-kommun-hammarby-alle-15-7194228744176008012",55-56m²,bostadsratt,2026-05-13T23:23:38.041382
5193599248502329737,https://www.hemnet.se/salda/lagenhet-2rum-rasunda-solna-kommun-sodra-langgatan-37-5193599248502329737,55-56m²,bostadsratt,2026-05-13T23:23:38.041385
4636404726410654504,https://www.hemnet.se/salda/lagenhet-2rum-barkarby-jarfalla-kommun-majorsvagen-15-4636404726410654504,55-56m²,bostadsratt,2026-05-13T23:23:38.041387
3966012352972905256,https://www.hemnet.se/salda/lagenhet-2rum-husensjo-helsingborgs-kommun-jonkopingsgatan-44b-3966012352972905256,55-56m²,bostadsratt,2026-05-13T23:23:38.041390
7933329709876049345,https://www.hemnet.se/salda/lagenhet-2rum-ursvik-sundbybergs-kommun-oxenstiernas-alle-12-7933329709876049345,55-56m²,bostadsratt,2026-05-13T23:23:38.041393
3074537126370074215,https://www.hemnet.se/salda/lagenhet-2rum-tillberga-vasteras-kommun-kvistbergavagen-7c-3074537126370074215,55-56m²,bostadsratt,2026-05-13T23:23:38.041395
4625544600191012371,https://www.hemnet.se/salda/lagenhet-2rum-ytterby-kungalvs-kommun-odlingsgatan-109-4625544600191012371,55-56m²,bostadsratt,2026-05-13T23:23:38.041398
1312448248570058278,https://www.hemnet.se/salda/lagenhet-2rum-centralt-osterakers-kommun-storangsvagen-11g-1312448248570058278,55-56m²,bostadsratt,2026-05-13T23:23:38.041401
4179862837624129048,https://www.hemnet.se/salda/lagenhet-2rum-avesta-avesta-kommun-malmgatan-2c-4179862837624129048,55-56m²,bostadsratt,2026-05-13T23:23:38.041403
8555882691451339583,https://www.hemnet.se/salda/lagenhet-2rum-froson-ostersunds-kommun-hornsgatan-11a-8555882691451339583,55-56m²,bostadsratt,2026-05-13T23:23:38.041406
783692743053860460,https://www.hemnet.se/salda/lagenhet-2rum-segevang-malmo-kommun-kronetorpsgatan-64a-783692743053860460,55-56m²,bostadsratt,2026-05-13T23:23:38.041408
3827359509987440197,https://www.hemnet.se/salda/lagenhet-2rum-flatas-goteborgs-kommun-famngatan-34-3827359509987440197,55-56m²,bostadsratt,2026-05-13T23:23:38.041410
4703059996151421102,"https://www.hemnet.se/salda/lagenhet-2,5rum-folkets-park-malmo-kommun-karlshamnsgatan-2-4703059996151421102",55-56m²,bostadsratt,2026-05-13T23:23:38.041413
5018232002953595688,https://www.hemnet.se/salda/lagenhet-2rum-ekeby-vallentuna-kommun-ekebyvagen-18-5018232002953595688,55-56m²,bostadsratt,2026-05-13T23:23:38.041415
479318749728106836,https://www.hemnet.se/salda/lagenhet-2rum-centrum-lulea-kommun-varvsgatan-57b-479318749728106836,55-56m²,bostadsratt,2026-05-13T23:23:38.041418
1719169534632109386,https://www.hemnet.se/salda/lagenhet-2rum-sollentuna-centrum-sollentuna-kommun-tellusvagen-1-1719169534632109386,55-56m²,bostadsratt,2026-05-13T23:23:38.041420
1141079242934752699,https://www.hemnet.se/salda/lagenhet-2rum-ruddalen-goteborgs-kommun-fiolgatan-8-1141079242934752699,55-56m²,bostadsratt,2026-05-13T23:23:38.041423
1371175314123878857,https://www.hemnet.se/salda/lagenhet-2rum-hoganas-uppsala-kommun-s-t-persgatan-40d-1371175314123878857,55-56m²,bostadsratt,2026-05-13T23:23:38.041426
4944161320572176762,https://www.hemnet.se/salda/lagenhet-2rum-halmstad-centrum-halmstads-kommun-hallandsgatan-63a-4944161320572176762,55-56m²,bostadsratt,2026-05-13T23:23:38.041428
2296585836388556514,https://www.hemnet.se/salda/lagenhet-2rum-barkarbystaden-jarfalla-kommun-parkvagen-9-2296585836388556514,55-56m²,bostadsratt,2026-05-13T23:23:38.041431
7609097919905161881,https://www.hemnet.se/salda/lagenhet-2rum-berghem-umea-kommun-ragangen-4a-7609097919905161881,55-56m²,bostadsratt,2026-05-13T23:23:38.041434
1830593069647290238,https://www.hemnet.se/salda/lagenhet-2rum-valla-linkopings-kommun-norrsvangen-1a-1830593069647290238,55-56m²,bostadsratt,2026-05-13T23:23:38.041436
2546415581374801899,https://www.hemnet.se/salda/lagenhet-55m2-kalltorp-goteborgs-kommun-modellorsgatan-2b-2546415581374801899,55-56m²,bostadsratt,2026-05-13T23:23:38.041439
3561638919594658468,https://www.hemnet.se/salda/lagenhet-2rum-ulvhall-strangnas-kommun-finningevagen-1b-3561638919594658468,55-56m²,bostadsratt,2026-05-13T23:23:38.041441
8741599904790544432,https://www.hemnet.se/salda/lagenhet-2rum-hoganas-uppsala-kommun-torkelsgatan-24c-8741599904790544432,55-56m²,bostadsratt,2026-05-13T23:23:38.041444
6109142240392970248,https://www.hemnet.se/salda/lagenhet-2rum-hammarby-sjostad-stockholms-kommun-virkesvagen-5c-6109142240392970248,55-56m²,bostadsratt,2026-05-13T23:23:38.041446
7479877152714713771,https://www.hemnet.se/salda/lagenhet-2rum-centralt-eslovs-kommun-kanalgatan-41c-7479877152714713771,55-56m²,bostadsratt,2026-05-13T23:23:38.041449
8891147483463341515,https://www.hemnet.se/salda/lagenhet-3rum-vasastan-birkastan-stockholms-kommun-norrbackagatan-27a-8891147483463341515,55-56m²,bostadsratt,2026-05-13T23:23:38.041451
8666791241265707788,https://www.hemnet.se/salda/lagenhet-2rum-viggbyholm-taby-kommun-tallvagen-1b-8666791241265707788,55-56m²,bostadsratt,2026-05-13T23:23:38.041454
3814233949774315741,https://www.hemnet.se/salda/lagenhet-2rum-centrum-halmstads-kommun-stenvinkelsgatan-12-3814233949774315741,55-56m²,bostadsratt,2026-05-13T23:23:38.041456
7405046925299650528,https://www.hemnet.se/salda/lagenhet-2rum-folkparken-norrkopings-kommun-plankgatan-8-7405046925299650528,55-56m²,bostadsratt,2026-05-13T23:23:38.041459
4018176931383401095,https://www.hemnet.se/salda/lagenhet-2rum-vendelso-haninge-kommun-vendelso-skolvag-10-4018176931383401095,55-56m²,bostadsratt,2026-05-13T23:23:38.041462
767037564323603455,https://www.hemnet.se/salda/lagenhet-2rum-trangsund-huddinge-kommun-tornslingan-46-767037564323603455,55-56m²,bostadsratt,2026-05-13T23:23:38.041464
9109714099880821042,"https://www.hemnet.se/salda/lagenhet-2rum-vasastan-stockholms-kommun-radmansgatan-35,-4tr-9109714099880821042",55-56m²,bostadsratt,2026-05-13T23:23:38.041467
3765147236673648811,https://www.hemnet.se/salda/lagenhet-2rum-kumla-kumla-kommun-sodra-kungsvagen-17-3765147236673648811,55-56m²,bostadsratt,2026-05-13T23:23:38.041470
1668396349669565328,https://www.hemnet.se/salda/lagenhet-2rum-lorensborg-malmo-kommun-lorensborgsgatan-7b-1668396349669565328,55-56m²,bostadsratt,2026-05-13T23:23:38.041472
7464064019575435607,https://www.hemnet.se/salda/lagenhet-2rum-hyllie-malmo-kommun-hyllie-boulevard-7b-7464064019575435607,55-56m²,bostadsratt,2026-05-13T23:23:38.041475
5475147593316873,https://www.hemnet.se/salda/lagenhet-2rum-bokeberg-hassleholms-kommun-vankivavagen-9b-5475147593316873,55-56m²,bostadsratt,2026-05-13T23:23:38.041478
4620540559362872684,https://www.hemnet.se/salda/lagenhet-2rum-hagabo-almhults-kommun-malarevagen-27b-4620540559362872684,55-56m²,bostadsratt,2026-05-13T23:23:38.041480
5684039688693859437,"https://www.hemnet.se/salda/lagenhet-2rum-midsommarkransen-telefonplan-stockholms-kommun-midsommargrand-4,-van-3-5684039688693859437",55-56m²,bostadsratt,2026-05-13T23:23:38.041483
7770624036836008417,https://www.hemnet.se/salda/lagenhet-2rum-orby-stockholms-kommun-gamla-huddingevagen-413-7770624036836008417,55-56m²,bostadsratt,2026-05-13T23:23:38.041486
8401400422089248304,https://www.hemnet.se/salda/lagenhet-2rum-centralt-oskarshamns-kommun-bjorngatan-2a-8401400422089248304,55-56m²,bostadsratt,2026-05-13T23:23:38.041488
6510109913514871372,https://www.hemnet.se/salda/lagenhet-2rum-bredang-stockholms-kommun-algrytevagen-53-6510109913514871372,55-56m²,bostadsratt,2026-05-13T23:23:38.041491
312368762703781004,https://www.hemnet.se/salda/lagenhet-2rum-lovskatan-lulea-kommun-torsvagen-3-312368762703781004,55-56m²,bostadsratt,2026-05-13T23:23:38.041493
4423124424840167551,"https://www.hemnet.se/salda/lagenhet-3rum-mariehall-stockholms-kommun-askangsbacken-5,-hogst-upp-4423124424840167551",55-56m²,bostadsratt,2026-05-13T23:23:38.041496
8098628722148398545,https://www.hemnet.se/salda/lagenhet-2rum-hokarangen-stockholms-kommun-saltvagen-20-8098628722148398545,55-56m²,bostadsratt,2026-05-13T23:23:38.041499
2191639521144771279,https://www.hemnet.se/salda/lagenhet-2rum-visattra-huddinge-kommun-visattra-backe-2d-2191639521144771279,55-56m²,bostadsratt,2026-05-13T23:23:38.041501
2785558984148613713,https://www.hemnet.se/salda/lagenhet-2rum-ornaset-lulea-kommun-krongardsringen-26-2785558984148613713,55-56m²,bostadsratt,2026-05-13T23:23:38.041504
544051287659304009,https://www.hemnet.se/salda/lagenhet-2rum-hogberget-centrum-ludvika-kommun-bergsgatan-15-a-544051287659304009,55-56m²,bostadsratt,2026-05-13T23:23:38.041507
6441346467201157812,https://www.hemnet.se/salda/lagenhet-2rum-majorna-goteborgs-kommun-fixfabrikens-gata-12-6441346467201157812,55-56m²,bostadsratt,2026-05-13T23:23:38.041509
3753744769833854948,https://www.hemnet.se/salda/lagenhet-2rum-arsta-stockholms-kommun-siljansvagen-12-3753744769833854948,55-56m²,bostadsratt,2026-05-13T23:23:38.041511
881808416634531615,https://www.hemnet.se/salda/lagenhet-2rum-ribersborg-malmo-kommun-tessins-vag-14-881808416634531615,55-56m²,bostadsratt,2026-05-13T23:23:38.041514
438574875224877353,"https://www.hemnet.se/salda/lagenhet-2,5rum-ostermalm-stockholms-kommun-brahegatan-40-438574875224877353",55-56m²,bostadsratt,2026-05-13T23:23:38.041517
1464596570304208657,https://www.hemnet.se/salda/lagenhet-2rum-askim-goteborgs-kommun-stomvagen-8-1464596570304208657,55-56m²,bostadsratt,2026-05-13T23:23:38.041519
4922844543265230094,https://www.hemnet.se/salda/lagenhet-2rum-tullen-boras-kommun-fjallgatan-39a-4922844543265230094,55-56m²,bostadsratt,2026-05-13T23:23:38.041522
5254102091030733390,https://www.hemnet.se/salda/lagenhet-2rum-huskvarna-jonkopings-kommun-idrottsgatan-5b-5254102091030733390,55-56m²,bostadsratt,2026-05-13T23:23:38.041524
1243323703918252966,https://www.hemnet.se/salda/lagenhet-2rum-centrala-marsta-sigtuna-kommun-stationsgatan-20-a-1243323703918252966,55-56m²,bostadsratt,2026-05-13T23:23:38.041527
9014591267156358292,https://www.hemnet.se/salda/lagenhet-2rum-gunsta-uppsala-kommun-hjulaxelvagen-126-9014591267156358292,55-56m²,bostadsratt,2026-05-13T23:23:38.041530
64404474903803860,https://www.hemnet.se/salda/lagenhet-2rum-glasberga-sjostad-sodertalje-kommun-dagsverksgatan-11b-64404474903803860,55-56m²,bostadsratt,2026-05-13T23:23:38.041533
2694309425887050853,https://www.hemnet.se/salda/lagenhet-3rum-hagerstensasen-stockholms-kommun-sparbanksvagen-66-2694309425887050853,55-56m²,bostadsratt,2026-05-13T23:23:38.041536
5152515191687392780,"https://www.hemnet.se/salda/lagenhet-2,5rum-midsommarkransen-stockholms-kommun-vattenledningsvagen-43-5152515191687392780",55-56m²,bostadsratt,2026-05-13T23:23:38.041539
6105483965618545207,https://www.hemnet.se/salda/lagenhet-2rum-kanikenasbanken-karlstads-kommun-kanikenasbanken-23a-6105483965618545207,55-56m²,bostadsratt,2026-05-13T23:23:38.041543
8361494909999888880,https://www.hemnet.se/salda/lagenhet-2rum-elfsborg-villastaden-falu-kommun-promenaden-15-8361494909999888880,55-56m²,bostadsratt,2026-05-13T23:23:38.041546
8698808298951909288,"https://www.hemnet.se/salda/lagenhet-2rum-tibble-upplands-bro-kommun-enbarsvagen-3,-4-tr-8698808298951909288",55-56m²,bostadsratt,2026-05-13T23:23:38.041548
3925473919227350341,https://www.hemnet.se/salda/lagenhet-2rum-lerum-lerums-kommun-lagman-eskils-vag-7-3925473919227350341,55-56m²,bostadsratt,2026-05-13T23:23:38.041549
8050697135804551500,"https://www.hemnet.se/salda/lagenhet-2,5rum-krokslatt-goteborgs-kommun-falkenbergsgatan-4-b-8050697135804551500",55-56m²,bostadsratt,2026-05-13T23:23:38.041551
334133935778116636,https://www.hemnet.se/salda/lagenhet-2rum-skondal-skondals-centrum-stockholms-kommun-kubbegatan-18-334133935778116636,55-56m²,bostadsratt,2026-05-13T23:23:38.041552
6508195058307001984,https://www.hemnet.se/salda/lagenhet-3rum-vendelso-haninge-kommun-skolradsvagen-78-6508195058307001984,55-56m²,bostadsratt,2026-05-13T23:23:38.041553
8722049228743010084,"https://www.hemnet.se/salda/lagenhet-2,5rum-centrum-boras-kommun-arlagatan-2-8722049228743010084",55-56m²,bostadsratt,2026-05-13T23:23:38.041555
118805805912093753,https://www.hemnet.se/salda/lagenhet-3rum-ostermalm-stockholms-kommun-jungfrugatan-29-118805805912093753,55-56m²,bostadsratt,2026-05-13T23:23:38.041557
8501858003007533799,https://www.hemnet.se/salda/lagenhet-2rum-bandhagen-stockholms-kommun-kallforsvagen-16-8501858003007533799,55-56m²,bostadsratt,2026-05-13T23:23:38.041558
6925707756274744023,https://www.hemnet.se/salda/lagenhet-2rum-centrala-hisingen-goteborgs-kommun-penselgatan-10-6925707756274744023,55-56m²,bostadsratt,2026-05-13T23:23:38.041560
8769053750199144408,https://www.hemnet.se/salda/lagenhet-3rum-midsommarkransen-stockholms-kommun-midsommarvagen-32-8769053750199144408,55-56m²,bostadsratt,2026-05-13T23:23:38.041561
5360283479490664411,https://www.hemnet.se/salda/lagenhet-2rum-fagelbo-vaster-oster-nykopings-kommun-vintervagen-2-5360283479490664411,55-56m²,bostadsratt,2026-05-13T23:23:38.041563
4280290995092243236,https://www.hemnet.se/salda/lagenhet-2rum-tagaborg-helsingborgs-kommun-aschebergsgatan-12-4280290995092243236,55-56m²,bostadsratt,2026-05-13T23:23:38.041565
1095242027466764856,https://www.hemnet.se/salda/lagenhet-2rum-nedre-johanneberg-goteborgs-kommun-pontus-wiknersgatan-9-1095242027466764856,55-56m²,bostadsratt,2026-05-13T23:23:38.041566
3041770587513449901,https://www.hemnet.se/salda/lagenhet-3rum-bromma-abrahamsberg-stockholms-kommun-byggmastarvagen-15-3041770587513449901,55-56m²,bostadsratt,2026-05-13T23:23:38.041567
610167307091242405,https://www.hemnet.se/salda/lagenhet-2rum-terra-nova-gotlands-kommun-sjudarevagen-16h-610167307091242405,55-56m²,bostadsratt,2026-05-13T23:23:38.041569
5430340550372981110,https://www.hemnet.se/salda/lagenhet-2rum-gamla-huvudsta-solna-kommun-huvudstagatan-12-5430340550372981110,55-56m²,bostadsratt,2026-05-13T23:23:38.041570
5719785579755759291,https://www.hemnet.se/salda/lagenhet-2rum-vasterhaninge-haninge-kommun-gransvagen-22-5719785579755759291,55-56m²,bostadsratt,2026-05-13T23:23:38.041572
6246760342384350604,https://www.hemnet.se/salda/lagenhet-2rum-enhorna-nykvarns-kommun-skepparvagen-3-6246760342384350604,55-56m²,bostadsratt,2026-05-13T23:23:38.041573
7633055489999388548,https://www.hemnet.se/salda/lagenhet-2rum-rasunda-solna-kommun-sodra-langgatan-37-7633055489999388548,55-56m²,bostadsratt,2026-05-13T23:23:38.041574
2944857633225378430,https://www.hemnet.se/salda/lagenhet-2rum-astorp-astorps-kommun-storgatan-39-2944857633225378430,55-56m²,bostadsratt,2026-05-13T23:23:38.041576
67469720428897297,"https://www.hemnet.se/salda/lagenhet-2,5rum-s-t-knut-malmo-kommun-master-henriksgatan-6-67469720428897297",55-56m²,bostadsratt,2026-05-13T23:23:38.041577
1526483020077299850,https://www.hemnet.se/salda/lagenhet-2rum-soder-norrkopings-kommun-wadstromsgatan-2b-1526483020077299850,55-56m²,bostadsratt,2026-05-13T23:23:38.041579
5994955418297432462,https://www.hemnet.se/salda/lagenhet-2rum-lansmansgarden-goteborgs-kommun-norra-fjadermolnsgatan-41-5994955418297432462,55-56m²,bostadsratt,2026-05-13T23:23:38.041581
8029715285897233364,https://www.hemnet.se/salda/lagenhet-2rum-sundbyberg-rissne-sundbybergs-kommun-kavallerivagen-2a-8029715285897233364,55-56m²,bostadsratt,2026-05-13T23:23:38.041582
6325095869227492235,https://www.hemnet.se/salda/lagenhet-2rum-sandakern-umea-kommun-sandakersgatan-3e-6325095869227492235,55-56m²,bostadsratt,2026-05-13T23:23:38.041584
1849963994920178712,https://www.hemnet.se/salda/lagenhet-2rum-kobjer-lunds-kommun-slattervagen-5a-1849963994920178712,55-56m²,bostadsratt,2026-05-13T23:23:38.041585
8369677969155304461,https://www.hemnet.se/salda/lagenhet-2rum-alidhemsomradet-umea-kommun-barnstensvagen-28-8369677969155304461,55-56m²,bostadsratt,2026-05-13T23:23:38.041586
1418686108302267868,https://www.hemnet.se/salda/lagenhet-2rum-luthagen-uppsala-kommun-geijersgatan-13b-1418686108302267868,55-56m²,bostadsratt,2026-05-13T23:23:38.041588
8867985502550243871,https://www.hemnet.se/salda/lagenhet-2rum-ostberga-stockholms-kommun-forlandagrand-54-8867985502550243871,55-56m²,bostadsratt,2026-05-13T23:23:38.041589
3176896432087050612,https://www.hemnet.se/salda/lagenhet-2rum-sommarro-karlstads-kommun-oldevigsgatan-1-3176896432087050612,55-56m²,bostadsratt,2026-05-13T23:23:38.041591
3357872842291073828,https://www.hemnet.se/salda/lagenhet-2rum-osby-osby-kommun-klockaregatan-10c-3357872842291073828,55-56m²,bostadsratt,2026-05-13T23:23:38.041592
898076170429076543,https://www.hemnet.se/salda/lagenhet-2rum-liljeholmen-jonkopings-kommun-ostra-storgatan-130-898076170429076543,55-56m²,bostadsratt,2026-05-13T23:23:38.041594
844539054086248856,https://www.hemnet.se/salda/lagenhet-2rum-berghem-umea-kommun-orienteringsstigen-6a-844539054086248856,55-56m²,bostadsratt,2026-05-13T23:23:38.041595
7365442727773600417,https://www.hemnet.se/salda/lagenhet-2rum-sorberge-timra-kommun-solhemsvagen-5-7365442727773600417,55-56m²,bostadsratt,2026-05-13T23:23:38.041597
8139625882897333231,https://www.hemnet.se/salda/lagenhet-2rum-kungalv-centralt-kungalvs-kommun-trollhattevagen-16f-8139625882897333231,55-56m²,bostadsratt,2026-05-13T23:23:38.041598
1679960653434539977,https://www.hemnet.se/salda/lagenhet-2rum-centrum-lunds-kommun-tullgatan-7a-1679960653434539977,55-56m²,bostadsratt,2026-05-13T23:23:38.041614
4154441295101458700,https://www.hemnet.se/salda/lagenhet-2rum-vasastan-stockholms-kommun-vastmannagatan-101-4154441295101458700,55-56m²,bostadsratt,2026-05-13T23:23:38.041616
3001825668994992529,https://www.hemnet.se/salda/lagenhet-2rum-ostanas-kopings-kommun-hagavagen-8a-3001825668994992529,55-56m²,bostadsratt,2026-05-13T23:23:38.041618
6237583257414899234,https://www.hemnet.se/salda/lagenhet-2rum-gunsta-uppsala-kommun-hjulaxelvagen-140-6237583257414899234,55-56m²,bostadsratt,2026-05-13T23:23:38.041619
4793154611273202414,https://www.hemnet.se/salda/lagenhet-2rum-kalkbrottet-malmo-kommun-kalkstensvagen-4-4793154611273202414,55-56m²,bostadsratt,2026-05-13T23:23:38.041621
2089087097611059362,https://www.hemnet.se/salda/lagenhet-2rum-bromma-brommaplan-stockholms-kommun-bergslagsvagen-5-2089087097611059362,55-56m²,bostadsratt,2026-05-13T23:23:38.041622
8973296415329686307,"https://www.hemnet.se/salda/lagenhet-1,5rum-nacka-strand-nacka-kommun-augustendalsvagen-30-8973296415329686307",55-56m²,bostadsratt,2026-05-13T23:23:38.041624
3965163879430596983,https://www.hemnet.se/salda/lagenhet-2rum-hammarby-sjostad-stockholms-kommun-hammarby-alle-13-3965163879430596983,55-56m²,bostadsratt,2026-05-13T23:23:38.041625
3154194826394775620,https://www.hemnet.se/salda/lagenhet-2rum-haga-hemdal-vasteras-kommun-skjutbanegatan-17a-3154194826394775620,55-56m²,bostadsratt,2026-05-13T23:23:38.041627
6738880517434877095,https://www.hemnet.se/salda/lagenhet-2rum-olympia-helsingborgs-kommun-mellersta-stenbocksgatan-35c-6738880517434877095,55-56m²,bostadsratt,2026-05-13T23:23:38.041629
2758248089951849491,"https://www.hemnet.se/salda/lagenhet-2rum-sodermalm-maria-stockholms-kommun-bengt-ekehjelmsgatan-11,-3tr-2758248089951849491",55-56m²,bostadsratt,2026-05-13T23:23:38.041630
2492723732899976333,https://www.hemnet.se/salda/lagenhet-2rum-vasastaden-stockholms-kommun-birger-jarlsgatan-111d-2492723732899976333,55-56m²,bostadsratt,2026-05-13T23:23:38.041632
46306153666549016,https://www.hemnet.se/salda/lagenhet-2rum-haga-norrkopings-kommun-smedstugugatan-14-46306153666549016,55-56m²,bostadsratt,2026-05-13T23:23:38.041633
7198708996288711978,https://www.hemnet.se/salda/lagenhet-2rum-lindholmen-goteborgs-kommun-liberagatan-32-7198708996288711978,55-56m²,bostadsratt,2026-05-13T23:23:38.041634
4344128053504847592,https://www.hemnet.se/salda/lagenhet-2rum-ursvik-sundbybergs-kommun-oxenstiernas-alle-14-4344128053504847592,55-56m²,bostadsratt,2026-05-13T23:23:38.041636
9190630629234413100,https://www.hemnet.se/salda/lagenhet-2rum-nyponlunden-orebro-kommun-kiwigatan-9-9190630629234413100,55-56m²,bostadsratt,2026-05-13T23:23:38.041637
8323408507608910659,https://www.hemnet.se/salda/lagenhet-2rum-sockerbruket-lunds-kommun-fabriksgatan-5c-8323408507608910659,55-56m²,bostadsratt,2026-05-13T23:23:38.041639
6417943003324056683,https://www.hemnet.se/salda/lagenhet-2rum-centrala-sundbyberg-sundbybergs-kommun-sundbybergs-torg-1e-6417943003324056683,55-56m²,bostadsratt,2026-05-13T23:23:38.041640
821763114830589085,https://www.hemnet.se/salda/lagenhet-2rum-mariehall-stockholms-kommun-kratsbodavagen-44a-821763114830589085,55-56m²,bostadsratt,2026-05-13T23:23:38.041642
3988538571236573499,https://www.hemnet.se/salda/lagenhet-2rum-luthagen-uppsala-kommun-sturegatan-16a-3988538571236573499,55-56m²,bostadsratt,2026-05-13T23:23:38.041643
4794143998709902979,https://www.hemnet.se/salda/lagenhet-2rum-kungsholmen-thorildsplan-stockholms-kommun-gyllenborgsgatan-22-4794143998709902979,55-56m²,bostadsratt,2026-05-13T23:23:38.041645
7576984444774583237,"https://www.hemnet.se/salda/lagenhet-2rum-hogdalen-stockholms-kommun-rangstagatan-18,-9-tr-7576984444774583237",55-56m²,bostadsratt,2026-05-13T23:23:38.041647
8864122926826101852,https://www.hemnet.se/salda/lagenhet-2rum-ravasen-karlskoga-kommun-hallanningsgatan-11b-8864122926826101852,55-56m²,bostadsratt,2026-05-13T23:23:38.041648
7125012263868204317,https://www.hemnet.se/salda/lagenhet-2rum-stora-essingen-stockholms-kommun-essinge-hogvag-21-7125012263868204317,55-56m²,bostadsratt,2026-05-13T23:23:38.041650
2446084813325271778,https://www.hemnet.se/salda/lagenhet-2rum-brunflo-ostersunds-kommun-postvagen-2c-2446084813325271778,55-56m²,bostadsratt,2026-05-13T23:23:38.041651
9017915052847293245,https://www.hemnet.se/salda/lagenhet-2rum-segevang-malmo-kommun-kronetorpsgatan-64a-9017915052847293245,55-56m²,bostadsratt,2026-05-13T23:23:38.041653
4066388586725558862,https://www.hemnet.se/salda/lagenhet-2rum-dammfri-malmo-kommun-bobergsangen-3b-4066388586725558862,55-56m²,bostadsratt,2026-05-13T23:23:38.041655
4321473959915570766,https://www.hemnet.se/salda/lagenhet-2rum-framre-luthagen-uppsala-kommun-gotgatan-3-4321473959915570766,55-56m²,bostadsratt,2026-05-13T23:23:38.041656
2353878233481835914,https://www.hemnet.se/salda/lagenhet-2rum-jonkoping-jonkopings-kommun-lovisagatan-20a-2353878233481835914,55-56m²,bostadsratt,2026-05-13T23:23:38.041658
6823065735776946353,https://www.hemnet.se/salda/lagenhet-2rum-mariekall-sodertalje-kommun-liljevalchsgatan-22c-6823065735776946353,55-56m²,bostadsratt,2026-05-13T23:23:38.041659
1895823753206361797,https://www.hemnet.se/salda/lagenhet-2rum-agen-degerfors-kommun-skolgatan-1c-1895823753206361797,55-56m²,bostadsratt,2026-05-13T23:23:38.041660
7292919016923487751,https://www.hemnet.se/salda/lagenhet-2rum-slussen-malmo-kommun-slussgatan-5-7292919016923487751,55-56m²,bostadsratt,2026-05-13T23:23:38.041662
7597602434553372746,"https://www.hemnet.se/salda/lagenhet-2rum-arsta-stockholms-kommun-jarnlundsvagen-21,-2-tr-7597602434553372746",55-56m²,bostadsratt,2026-05-13T23:23:38.041663
7096006158648797879,https://www.hemnet.se/salda/lagenhet-2rum-soder-gavle-kommun-sodra-stapeltorgsgatan-20b-7096006158648797879,55-56m²,bostadsratt,2026-05-13T23:23:38.041665
2647813804680678848,"https://www.hemnet.se/salda/lagenhet-2rum-nacka-kvarnholmen-nacka-kommun-mjolnarvagen-6a,-8-tr-2647813804680678848",55-56m²,bostadsratt,2026-05-13T23:23:38.041667
7958189043790454755,https://www.hemnet.se/salda/lagenhet-2rum-traneberg-stockholms-kommun-margretelundsvagen-26-7958189043790454755,55-56m²,bostadsratt,2026-05-13T23:23:38.041668
6746726165350630016,https://www.hemnet.se/salda/lagenhet-2rum-huskvarna-jonkopings-kommun-lillavagen-22a-6746726165350630016,55-56m²,bostadsratt,2026-05-13T23:23:38.041669
585993997517855742,https://www.hemnet.se/salda/lagenhet-2rum-tagaborg-helsingborgs-kommun-tagagatan-34-585993997517855742,55-56m²,bostadsratt,2026-05-13T23:23:38.041671
3156440206217054867,https://www.hemnet.se/salda/lagenhet-2rum-vaxon-vaxholms-kommun-timmermansvagen-1a-3156440206217054867,55-56m²,bostadsratt,2026-05-13T23:23:38.041672
8336496065783574393,https://www.hemnet.se/salda/lagenhet-2rum-troingeberg-falkenbergs-kommun-kornettvagen-28-8336496065783574393,55-56m²,bostadsratt,2026-05-13T23:23:38.041674
5564116697073612253,"https://www.hemnet.se/salda/lagenhet-2rum-kungsholmen-stora-essingen-stockholms-kommun-essingestraket-38,-3-tr-5564116697073612253",55-56m²,bostadsratt,2026-05-13T23:23:38.041675
6046828693118327511,https://www.hemnet.se/salda/lagenhet-2rum-centralt-ostersunds-kommun-norra-grongatan-9b-6046828693118327511,55-56m²,bostadsratt,2026-05-13T23:23:38.041677
2576753322638813657,https://www.hemnet.se/salda/lagenhet-2rum-ribersborg-malmo-kommun-carl-hillsgatan-10b-2576753322638813657,55-56m²,bostadsratt,2026-05-13T23:23:38.041678
6692256906728099914,https://www.hemnet.se/salda/lagenhet-2rum-centrala-marsta-sigtuna-kommun-stationsgatan-24b-6692256906728099914,55-56m²,bostadsratt,2026-05-13T23:23:38.041680
8078867411067457464,https://www.hemnet.se/salda/lagenhet-2rum-druvefors-boras-kommun-kellgrensgatan-11b-8078867411067457464,55-56m²,bostadsratt,2026-05-13T23:23:38.041682
8036501006021594947,https://www.hemnet.se/salda/lagenhet-2rum-almedal-johanneberg-goteborgs-kommun-molndalsvagen-89d-8036501006021594947,55-56m²,bostadsratt,2026-05-13T23:23:38.041683
9052884284427315846,https://www.hemnet.se/salda/lagenhet-2rum-kvarngardet-uppsala-kommun-rabyvagen-41-9052884284427315846,55-56m²,bostadsratt,2026-05-13T23:23:38.041684
5099934243307540564,"https://www.hemnet.se/salda/lagenhet-2rum-midsommarkransen-telefonplan-stockholms-kommun-midsommargrand-4,-1-tr-5099934243307540564",55-56m²,bostadsratt,2026-05-13T23:23:38.041833
7612898007530088733,https://www.hemnet.se/salda/lagenhet-2rum-holmangen-vanersborgs-kommun-lantgardsvagen-19c-7612898007530088733,55-56m²,bostadsratt,2026-05-13T23:23:38.041835
1245447888051280673,https://www.hemnet.se/salda/lagenhet-2rum-ornaset-lulea-kommun-krongardsringen-14-1245447888051280673,55-56m²,bostadsratt,2026-05-13T23:23:38.041837
1341197502132142674,https://www.hemnet.se/salda/lagenhet-2rum-hasselby-gard-stockholms-kommun-astrakangatan-91-1341197502132142674,55-56m²,bostadsratt,2026-05-13T23:23:38.041838
3671272667316038139,https://www.hemnet.se/salda/lagenhet-2rum-osterbybruk-osthammars-kommun-vallonvagen-12b-3671272667316038139,55-56m²,bostadsratt,2026-05-13T23:23:38.041840
4720304499257793521,https://www.hemnet.se/salda/lagenhet-2rum-visby-lanna-gotlands-kommun-lannaplan-1d-4720304499257793521,55-56m²,bostadsratt,2026-05-13T23:23:38.041841
5389903082184476453,https://www.hemnet.se/salda/lagenhet-2rum-centrum-linkopings-kommun-kullagatan-6-5389903082184476453,55-56m²,bostadsratt,2026-05-13T23:23:38.041842
6856741457202591772,https://www.hemnet.se/salda/lagenhet-2rum-storskogen-sundbybergs-kommun-fredsgatan-17-6856741457202591772,55-56m²,bostadsratt,2026-05-13T23:23:38.041844
8110397247587811033,https://www.hemnet.se/salda/lagenhet-2rum-alvsjo-liseberg-stockholms-kommun-gotalandsvagen-179r-8110397247587811033,55-56m²,bostadsratt,2026-05-13T23:23:38.041845
3396560248543670715,https://www.hemnet.se/salda/lagenhet-3rum-huddinge-centrum-huddinge-kommun-kansligrand-20-3396560248543670715,55-56m²,bostadsratt,2026-05-13T23:23:38.041846
1084522568483882816,https://www.hemnet.se/salda/lagenhet-2rum-dalaplan-malmo-kommun-narkesgatan-3-b-1084522568483882816,55-56m²,bostadsratt,2026-05-13T23:23:38.041848
346695589456549135,https://www.hemnet.se/salda/lagenhet-2rum-johannesdal-vasterviks-kommun-lysingsvagen-5b-346695589456549135,55-56m²,bostadsratt,2026-05-13T23:23:38.041849
3447809226020739591,https://www.hemnet.se/salda/lagenhet-2rum-centralt-avesta-kommun-malmgatan-27c-3447809226020739591,55-56m²,bostadsratt,2026-05-13T23:23:38.041850
3638050817686288403,https://www.hemnet.se/salda/lagenhet-2rum-bagaregarden-goteborgs-kommun-ovre-olskroksgatan-30-3638050817686288403,55-56m²,bostadsratt,2026-05-13T23:23:38.041852
3225208395360786496,https://www.hemnet.se/salda/lagenhet-2rum-kallered-tulebo-molndals-kommun-rektor-jonssons-vag-33-3225208395360786496,55-56m²,bostadsratt,2026-05-13T23:23:38.041853
8738749680326485045,https://www.hemnet.se/salda/lagenhet-2rum-herting-falkenbergs-kommun-hertings-alle-7b-8738749680326485045,55-56m²,bostadsratt,2026-05-13T23:23:38.041854
3977796704342375050,https://www.hemnet.se/salda/lagenhet-2rum-djurangen-kalmar-kommun-stamvagen-33-3977796704342375050,55-56m²,bostadsratt,2026-05-13T23:23:38.041855
6429552561250383687,https://www.hemnet.se/salda/lagenhet-2rum-arsta-stockholms-kommun-tamnarvagen-34-6429552561250383687,55-56m²,bostadsratt,2026-05-13T23:23:38.041857
4208041439234677774,https://www.hemnet.se/salda/lagenhet-2rum-malmaberg-vasteras-kommun-malmabergsgatan-79g-4208041439234677774,55-56m²,bostadsratt,2026-05-13T23:23:38.041858
1665892518605394825,https://www.hemnet.se/salda/lagenhet-2rum-arsta-stockholms-kommun-borensvagen-17-1665892518605394825,55-56m²,bostadsratt,2026-05-13T23:23:38.041859
7559686012507676657,https://www.hemnet.se/salda/lagenhet-2rum-kungsholmen-stockholms-kommun-baltzar-von-platens-gata-7c-7559686012507676657,55-56m²,bostadsratt,2026-05-13T23:23:38.041861
8415426772901302439,https://www.hemnet.se/salda/lagenhet-2rum-norr-eskilstuna-kommun-klostergatan-5b-8415426772901302439,55-56m²,bostadsratt,2026-05-13T23:23:38.041862
567867643265679300,https://www.hemnet.se/salda/lagenhet-2rum-centralt-solleftea-solleftea-kommun-hembygdsvagen-3-567867643265679300,55-56m²,bostadsratt,2026-05-13T23:23:38.041863
1494398207491733596,https://www.hemnet.se/salda/lagenhet-2rum-haga-sundsvalls-kommun-kungsvagen-3-1494398207491733596,55-56m²,bostadsratt,2026-05-13T23:23:38.041865
7283604598978730857,https://www.hemnet.se/salda/lagenhet-2rum-lund-centrum-lunds-kommun-revingegatan-15c-7283604598978730857,55-56m²,bostadsratt,2026-05-13T23:23:38.041866
831527862042055908,https://www.hemnet.se/salda/lagenhet-2rum-johannisdal-kopings-kommun-ringvagen-51e-831527862042055908,55-56m²,bostadsratt,2026-05-13T23:23:38.041868
5299373038703964278,https://www.hemnet.se/salda/lagenhet-2rum-gottfridsberg-linkopings-kommun-norrsvangen-3b-5299373038703964278,55-56m²,bostadsratt,2026-05-13T23:23:38.041869
2841479393682343971,https://www.hemnet.se/salda/lagenhet-2rum-bromma-riksby-stockholms-kommun-spangavagen-18-2tr-2841479393682343971,55-56m²,bostadsratt,2026-05-13T23:23:38.041870
2513934488620009828,"https://www.hemnet.se/salda/lagenhet-2,5rum-munkeback-goteborgs-kommun-ahrenbergsgatan-26b-2513934488620009828",55-56m²,bostadsratt,2026-05-13T23:23:38.041872
1166212799997942984,https://www.hemnet.se/salda/lagenhet-2rum-lunden-skovde-kommun-lundenvagen-23a-1166212799997942984,55-56m²,bostadsratt,2026-05-13T23:23:38.041873
2041121260173589636,https://www.hemnet.se/salda/lagenhet-2rum-vimpeltorpet-kalmar-kommun-hemvagen-17-2041121260173589636,55-56m²,bostadsratt,2026-05-13T23:23:38.041875
4067323035509545208,https://www.hemnet.se/salda/lagenhet-2rum-enskede-stureby-stockholms-kommun-skonviksvagen-280-4067323035509545208,55-56m²,bostadsratt,2026-05-13T23:23:38.041876
970363161520818561,https://www.hemnet.se/salda/lagenhet-2rum-nybodahojden-liljeholmen-stockholms-kommun-nybodaringen-47-970363161520818561,55-56m²,bostadsratt,2026-05-13T23:23:38.041878
3541034717668423871,https://www.hemnet.se/salda/lagenhet-2rum-hammarkullen-goteborgs-kommun-gropens-lillgata-32-3541034717668423871,55-56m²,bostadsratt,2026-05-13T23:23:38.041879
4920764846789463022,https://www.hemnet.se/salda/lagenhet-2rum-brommaplan-riksby-stockholms-kommun-bergslagsvagen-31-4920764846789463022,55-56m²,bostadsratt,2026-05-13T23:23:38.041881
3351055348774263260,https://www.hemnet.se/salda/lagenhet-3rum-kungsberget-sandvikens-kommun-a-hus-e06-skogsbrovagen-5-3351055348774263260,55-56m²,bostadsratt,2026-05-13T23:23:38.041882
8458194702240231019,https://www.hemnet.se/salda/lagenhet-2rum-skaraborgsvagen-kristinehamns-kommun-skaraborgsvagen-12-8458194702240231019,55-56m²,bostadsratt,2026-05-13T23:23:38.041884
5312831144516360400,https://www.hemnet.se/salda/lagenhet-2rum-limhamns-sjostad-malmo-kommun-barlastgatan-2-5312831144516360400,55-56m²,bostadsratt,2026-05-13T23:23:38.041885
2921467401961033655,https://www.hemnet.se/salda/lagenhet-2rum-triangeln-malmo-kommun-spangatan-30e-2921467401961033655,55-56m²,bostadsratt,2026-05-13T23:23:38.041887
8932831689274101301,https://www.hemnet.se/salda/lagenhet-2rum-djurgarden-sveaplan-eskilstuna-kommun-kungsvagen-14-8932831689274101301,55-56m²,bostadsratt,2026-05-13T23:23:38.041888
7798929135138781326,https://www.hemnet.se/salda/lagenhet-2rum-aspudden-stockholms-kommun-hovdingagatan-33-7798929135138781326,55-56m²,bostadsratt,2026-05-13T23:23:38.041890
775002035833044864,https://www.hemnet.se/salda/lagenhet-2rum-trangsund-huddinge-kommun-tornslingan-33-775002035833044864,55-56m²,bostadsratt,2026-05-13T23:23:38.041891
4986068028291306185,https://www.hemnet.se/salda/lagenhet-3rum-centrala-sundbyberg-sundbybergs-kommun-fredsgatan-13-4986068028291306185,55-56m²,bostadsratt,2026-05-13T23:23:38.041892
6803347484265941690,https://www.hemnet.se/salda/lagenhet-2rum-slottsstaden-malmo-kommun-skvadronsgatan-18a-gardshuset-6803347484265941690,55-56m²,bostadsratt,2026-05-13T23:23:38.041894
5264865328369431093,https://www.hemnet.se/salda/lagenhet-2rum-kallhall-jarfalla-kommun-smedvagen-19-5264865328369431093,55-56m²,bostadsratt,2026-05-13T23:23:38.041895
5528845756799026777,https://www.hemnet.se/salda/lagenhet-2rum-centralt-oster-orebro-kommun-isgatan-7-5528845756799026777,55-56m²,bostadsratt,2026-05-13T23:23:38.041897
8360761891082458989,https://www.hemnet.se/salda/lagenhet-2rum-sandarna-goteborgs-kommun-fixfabrikens-gata-12-8360761891082458989,55-56m²,bostadsratt,2026-05-13T23:23:38.041898
7554944707286769687,https://www.hemnet.se/salda/lagenhet-2rum-hammarby-sjostad-stockholms-kommun-henriksdalsallen-24-a-7554944707286769687,55-56m²,bostadsratt,2026-05-13T23:23:38.041900
5454446548730883887,https://www.hemnet.se/salda/lagenhet-2rum-sodra-skogen-karlsborgs-kommun-skyttegatan-4-5454446548730883887,55-56m²,bostadsratt,2026-05-13T23:23:38.041901
6547286228075896941,https://www.hemnet.se/salda/lagenhet-2rum-sodertalje-sodra-sodertalje-kommun-halsovagen-2a-6547286228075896941,55-56m²,bostadsratt,2026-05-13T23:23:38.041902
4625522830332661560,https://www.hemnet.se/salda/lagenhet-2rum-trangsund-huddinge-kommun-tornslingan-31-4625522830332661560,55-56m²,bostadsratt,2026-05-13T23:23:38.041904
5126690766790442117,https://www.hemnet.se/salda/lagenhet-2rum-soder-norrkopings-kommun-hagebygatan-61-5126690766790442117,55-56m²,bostadsratt,2026-05-13T23:23:38.041905
6838308575909597614,https://www.hemnet.se/salda/lagenhet-2rum-fruangen-stockholms-kommun-elin-wagners-gata-43-6838308575909597614,55-56m²,bostadsratt,2026-05-13T23:23:38.041907
2023908119127166239,https://www.hemnet.se/salda/lagenhet-2rum-stromstad-stromstads-kommun-ryttargangen-26-2023908119127166239,55-56m²,bostadsratt,2026-05-13T23:23:38.041908
7725170650113152986,https://www.hemnet.se/salda/lagenhet-2rum-osterlen-tomelilla-kommun-rosencrantzgatan-13-a-7725170650113152986,55-56m²,bostadsratt,2026-05-13T23:23:38.041909
1235875505645533525,https://www.hemnet.se/salda/lagenhet-2rum-silverdal-sollentuna-kommun-krogers-promenad-17-1235875505645533525,55-56m²,bostadsratt,2026-05-13T23:23:38.041911
235226908006272171,https://www.hemnet.se/salda/lagenhet-3rum-rackarberget-uppsala-kommun-s-t-johannesgatan-36-b-235226908006272171,55-56m²,bostadsratt,2026-05-13T23:23:38.041912
6066906653627806968,https://www.hemnet.se/salda/lagenhet-2rum-luthagen-uppsala-kommun-gimogatan-8b-6066906653627806968,55-56m²,bostadsratt,2026-05-13T23:23:38.041914
978140120613687754,https://www.hemnet.se/salda/lagenhet-2rum-riksby-stockholms-kommun-spangavagen-26-978140120613687754,55-56m²,bostadsratt,2026-05-13T23:23:38.041915
4671163588525886573,https://www.hemnet.se/salda/lagenhet-2rum-arrarps-angar-angelholms-kommun-umeagatan-18-e-4671163588525886573,55-56m²,bostadsratt,2026-05-13T23:23:38.041916
4627127168506454473,https://www.hemnet.se/salda/lagenhet-2rum-kungsangens-centrum-upplands-bro-kommun-furuhallsvagen-4-4627127168506454473,55-56m²,bostadsratt,2026-05-13T23:23:38.041918
329129474893120835,https://www.hemnet.se/salda/lagenhet-2rum-centrum-halmstads-kommun-hvitfeldtsgatan-12-329129474893120835,55-56m²,bostadsratt,2026-05-13T23:23:38.041919
3629360327768168871,https://www.hemnet.se/salda/lagenhet-3rum-centralt-svedala-kommun-hantverkaregatan-21c-3629360327768168871,55-56m²,bostadsratt,2026-05-13T23:23:38.041921
1380228368127905372,https://www.hemnet.se/salda/lagenhet-2rum-langshyttan-hedemora-kommun-storgatan-25a-1380228368127905372,55-56m²,bostadsratt,2026-05-13T23:23:38.041922
4782640981774724823,https://www.hemnet.se/salda/lagenhet-2rum-vellinge-vellinge-kommun-astrakangatan-66a-4782640981774724823,55-56m²,bostadsratt,2026-05-13T23:23:38.041923
7787513285335390021,https://www.hemnet.se/salda/lagenhet-3rum-centrala-hisingen-goteborgs-kommun-rambergsvagen-25d-7787513285335390021,55-56m²,bostadsratt,2026-05-13T23:23:38.041925
8697600819349853026,https://www.hemnet.se/salda/lagenhet-2rum-gamlestaden-goteborgs-kommun-lars-kaggsgatan-30e-8697600819349853026,55-56m²,bostadsratt,2026-05-13T23:23:38.041926
6208366917974685255,https://www.hemnet.se/salda/lagenhet-2rum-maria-stockholms-kommun-tavastgatan-43-6208366917974685255,55-56m²,bostadsratt,2026-05-13T23:23:38.041927
7495957038503567720,https://www.hemnet.se/salda/lagenhet-2rum-yttre-hamn-kanikenasholmen-karlstads-kommun-kanikenasbanken-23b-7495957038503567720,55-56m²,bostadsratt,2026-05-13T23:23:38.041929
4893795978650269183,https://www.hemnet.se/salda/lagenhet-2rum-centralt-katrineholms-kommun-drottninggatan-4-4893795978650269183,55-56m²,bostadsratt,2026-05-13T23:23:38.041930
5490751998807004108,https://www.hemnet.se/salda/lagenhet-2rum-katarina-stockholms-kommun-ringvagen-123-5490751998807004108,55-56m²,bostadsratt,2026-05-13T23:23:38.041931
3898511408459008255,https://www.hemnet.se/salda/lagenhet-3rum-jakobsberg-jarfalla-kommun-maldgatan-14-3898511408459008255,55-56m²,bostadsratt,2026-05-13T23:23:38.041933
4286121369279143915,https://www.hemnet.se/salda/lagenhet-2rum-finnberget-nacka-kommun-finnbergsvagen-12-4286121369279143915,55-56m²,bostadsratt,2026-05-13T23:23:38.041934
4505332032746348502,https://www.hemnet.se/salda/lagenhet-3rum-bredang-malarhojden-stockholms-kommun-algrytevagen-33-4505332032746348502,55-56m²,bostadsratt,2026-05-13T23:23:38.041935
1603551021417433656,https://www.hemnet.se/salda/lagenhet-2rum-karlslund-ostersunds-kommun-litsvagen-33b-1603551021417433656,55-56m²,bostadsratt,2026-05-13T23:23:38.041936
4989233320324169400,https://www.hemnet.se/salda/lagenhet-2rum-vallastaden-linkopings-kommun-johannes-magnus-vag-42-4989233320324169400,55-56m²,bostadsratt,2026-05-13T23:23:38.041938
176157152057970327,https://www.hemnet.se/salda/lagenhet-3rum-aspudden-stockholms-kommun-hovdingagatan-1-176157152057970327,55-56m²,bostadsratt,2026-05-13T23:23:38.041939
1765390051804265103,"https://www.hemnet.se/salda/lagenhet-2rum-vasastan-odenplan-stockholms-kommun-dannemoragatan-18,-1,5-tr-1765390051804265103",55-56m²,bostadsratt,2026-05-13T23:23:38.041940
8853836037695009242,https://www.hemnet.se/salda/lagenhet-2rum-taby-park-taby-kommun-boulevarden-46-8853836037695009242,55-56m²,bostadsratt,2026-05-13T23:23:38.041942
2228155218730386477,https://www.hemnet.se/salda/lagenhet-2rum-centrala-hisingen-goteborgs-kommun-solventilsgatan-16-2228155218730386477,55-56m²,bostadsratt,2026-05-13T23:23:38.041943
8599020443659323897,https://www.hemnet.se/salda/lagenhet-2rum-centrala-sjobo-sjobo-kommun-grengatan-5c-8599020443659323897,55-56m²,bostadsratt,2026-05-13T23:23:38.041945
4864909631053010189,"https://www.hemnet.se/salda/lagenhet-2rum-svedmyra-enskede-stockholms-kommun-jonakersvagen-19,-3-tr-4864909631053010189",55-56m²,bostadsratt,2026-05-13T23:23:38.041946
1663605429097526479,https://www.hemnet.se/salda/lagenhet-3rum-sodervarn-malmo-kommun-sodervarnsgatan-9-a-1663605429097526479,55-56m²,bostadsratt,2026-05-13T23:23:38.041947
8770988370533150656,https://www.hemnet.se/salda/lagenhet-2rum-strommensberg-goteborgs-kommun-frodingsgatan-8e-8770988370533150656,55-56m²,bostadsratt,2026-05-13T23:23:38.041949
6879771242442936515,https://www.hemnet.se/salda/lagenhet-2rum-lunden-skovde-kommun-lundenvagen-7-b-6879771242442936515,55-56m²,bostadsratt,2026-05-13T23:23:38.041950
7203742979187751132,https://www.hemnet.se/salda/lagenhet-2rum-eneborg-helsingborgs-kommun-vagnmansgatan-24-7203742979187751132,55-56m²,bostadsratt,2026-05-13T23:23:38.041952
8027893327248281193,https://www.hemnet.se/salda/lagenhet-2rum-soder-vasaparken-norrkopings-kommun-wadstromsgatan-10c-8027893327248281193,55-56m²,bostadsratt,2026-05-13T23:23:38.041953
4569982162579854722,https://www.hemnet.se/salda/lagenhet-2rum-ekeby-karlskoga-kommun-gosta-berlings-vag-4-4569982162579854722,55-56m²,bostadsratt,2026-05-13T23:23:38.041954
4444650413735229683,"https://www.hemnet.se/salda/lagenhet-2,5rum-hokmossen-telefonplan-stockholms-kommun-hokmossevagen-19-4444650413735229683",55-56m²,bostadsratt,2026-05-13T23:23:38.041956
958628750721516456,https://www.hemnet.se/salda/lagenhet-2rum-kvarnholmen-nacka-kommun-tre-kronors-vag-17-958628750721516456,55-56m²,bostadsratt,2026-05-13T23:23:38.041957
5244223567934442908,https://www.hemnet.se/salda/lagenhet-2rum-kvillebacken-goteborgs-kommun-penselgatan-10-5244223567934442908,55-56m²,bostadsratt,2026-05-13T23:23:38.041958
4117752166218708866,https://www.hemnet.se/salda/lagenhet-2rum-vasterhaninge-haninge-kommun-ringvagen-22-4117752166218708866,55-56m²,bostadsratt,2026-05-13T23:23:38.041960
2933042723986934735,https://www.hemnet.se/salda/lagenhet-2rum-britsarvet-falu-kommun-norra-jarnvagsgatan-3e-2933042723986934735,55-56m²,bostadsratt,2026-05-13T23:23:38.041961
2572048549972084406,https://www.hemnet.se/salda/lagenhet-2rum-bergviken-lulea-kommun-kallgatan-4-2572048549972084406,55-56m²,bostadsratt,2026-05-13T23:23:38.041962
1120420400011097052,https://www.hemnet.se/salda/lagenhet-2rum-kungsholmen-nedre-kungsholmen-stockholms-kommun-baltzar-von-platens-gata-7c-1120420400011097052,55-56m²,bostadsratt,2026-05-13T23:23:38.041964
6082856396566801838,https://www.hemnet.se/salda/lagenhet-2rum-nacka-nacka-forum-nacka-kommun-per-hallstroms-vag-2-6082856396566801838,55-56m²,bostadsratt,2026-05-13T23:23:38.041966
4724098496816942587,https://www.hemnet.se/salda/lagenhet-2rum-kristineberg-stockholms-kommun-lidnersplan-8-4724098496816942587,55-56m²,bostadsratt,2026-05-13T23:23:38.041967
1599547320896084152,https://www.hemnet.se/salda/lagenhet-2rum-ornaset-lulea-kommun-hallbruksgatan-18-1599547320896084152,55-56m²,bostadsratt,2026-05-13T23:23:38.041969
6614023605777158090,https://www.hemnet.se/salda/lagenhet-3rum-ursvik-sundbybergs-kommun-gamla-enkopingsvagen-152-6614023605777158090,55-56m²,bostadsratt,2026-05-13T23:23:38.041970
1171405990030317796,https://www.hemnet.se/salda/lagenhet-2rum-vaster-orebro-kommun-hertig-karls-alle-62-1171405990030317796,55-56m²,bostadsratt,2026-05-13T23:23:38.041972
4849408921283620432,"https://www.hemnet.se/salda/lagenhet-3rum-hokmossen-stockholms-kommun-tangvagen-44,-2-tr-4849408921283620432",55-56m²,bostadsratt,2026-05-13T23:23:38.041974
2950372138987167917,"https://www.hemnet.se/salda/lagenhet-2rum-katarina-stockholms-kommun-helgagatan-36-b,-3-tr-2950372138987167917",55-56m²,bostadsratt,2026-05-13T23:23:38.041975
3646148330218615707,"https://www.hemnet.se/salda/lagenhet-2,5rum-arsta-stockholms-kommun-ramensvagen-25a-3646148330218615707",55-56m²,bostadsratt,2026-05-13T23:23:38.041977
1631148292401931461,https://www.hemnet.se/salda/lagenhet-2rum-astorp-astorps-kommun-storgatan-41-1631148292401931461,55-56m²,bostadsratt,2026-05-13T23:23:38.041978
3549437597592657339,"https://www.hemnet.se/salda/lagenhet-2rum-karrtorp-stockholms-kommun-fyrskeppsvagen-118,-2-tr-3549437597592657339",55-56m²,bostadsratt,2026-05-13T23:23:38.041979
8291622270688082833,https://www.hemnet.se/salda/lagenhet-2rum-norrmalm-vasteras-kommun-gjutare-granstroms-gata-5-8291622270688082833,55-56m²,bostadsratt,2026-05-13T23:23:38.041981
3484547937206215106,https://www.hemnet.se/salda/lagenhet-2rum-vasterslatt-umea-kommun-nackrosvagen-17-3484547937206215106,55-56m²,bostadsratt,2026-05-13T23:23:38.041982
5744835047587906133,https://www.hemnet.se/salda/lagenhet-2rum-sorgenfri-malmo-kommun-ostra-farmvagen-19ba-5744835047587906133,55-56m²,bostadsratt,2026-05-13T23:23:38.041984
3924053807720280510,https://www.hemnet.se/salda/lagenhet-2rum-centrala-halmstad-vaster-halmstads-kommun-hallandsgatan-61-3924053807720280510,55-56m²,bostadsratt,2026-05-13T23:23:38.041985
1726695526165714207,https://www.hemnet.se/salda/lagenhet-2rum-mjolby-mjolby-kommun-hargsvagen-16a-1726695526165714207,55-56m²,bostadsratt,2026-05-13T23:23:38.041986
2011572120136519850,https://www.hemnet.se/salda/lagenhet-2rum-kista-stockholms-kommun-sorogatan-95-2011572120136519850,55-56m²,bostadsratt,2026-05-13T23:23:38.041988
4720999219827235821,https://www.hemnet.se/salda/lagenhet-2rum-hakanstorp-malmo-kommun-sallerupsvagen-87-4720999219827235821,55-56m²,bostadsratt,2026-05-13T23:23:38.041989
864648663549188944,https://www.hemnet.se/salda/lagenhet-2rum-haga-norrkopings-kommun-smedstugugatan-12-864648663549188944,55-56m²,bostadsratt,2026-05-13T23:23:38.041990
5328921159545895145,https://www.hemnet.se/salda/lagenhet-2rum-bromma-traneberg-stockholms-kommun-sulitelmavagen-24-5328921159545895145,55-56m²,bostadsratt,2026-05-13T23:23:38.041991
8494507713592357516,https://www.hemnet.se/salda/lagenhet-2rum-centrala-marsta-sigtuna-kommun-sodergatan-5a-8494507713592357516,55-56m²,bostadsratt,2026-05-13T23:23:38.041993
8414525997069733084,https://www.hemnet.se/salda/lagenhet-2rum-strommensberg-goteborgs-kommun-morangatan-8-8414525997069733084,55-56m²,bostadsratt,2026-05-13T23:23:38.041994
9140334759269605087,https://www.hemnet.se/salda/lagenhet-2rum-ostra-mjolby-kommun-hargsvagen-16c-9140334759269605087,55-56m²,bostadsratt,2026-05-13T23:23:38.041996
1220462588383060623,https://www.hemnet.se/salda/lagenhet-2rum-sylte-trollhattans-kommun-bergkullevagen-237-1220462588383060623,55-56m²,bostadsratt,2026-05-13T23:23:38.041997
8628168466280442982,https://www.hemnet.se/salda/lagenhet-2rum-gideonsberg-vasteras-kommun-gulmarastigen-4a-8628168466280442982,55-56m²,bostadsratt,2026-05-13T23:23:38.041998
7993544280882964021,"https://www.hemnet.se/salda/lagenhet-1,5rum-lorensberg-goteborgs-kommun-burgardsgatan-12-7993544280882964021",55-56m²,bostadsratt,2026-05-13T23:23:38.042000
4133138589763222874,"https://www.hemnet.se/salda/lagenhet-3rum-fisksatra-nacka-kommun-fisksatravagen-28a,-lgh-11605-4133138589763222874",55-56m²,bostadsratt,2026-05-13T23:23:38.042001
2721660116827649033,https://www.hemnet.se/salda/lagenhet-2rum-gota-lilla-edets-kommun-biodlarvagen-1-2721660116827649033,55-56m²,bostadsratt,2026-05-13T23:23:38.042002
1976976883776896937,https://www.hemnet.se/salda/lagenhet-3rum-aspudden-ornsberg-stockholms-kommun-ivar-vidfamnes-gata-21-1976976883776896937,55-56m²,bostadsratt,2026-05-13T23:23:38.042004
1803410391362865603,https://www.hemnet.se/salda/lagenhet-2rum-haga-vasteras-kommun-rekylgatan-4-1803410391362865603,55-56m²,bostadsratt,2026-05-13T23:23:38.042005
7426233429915746684,https://www.hemnet.se/salda/lagenhet-2rum-gavle-centrum-gavle-kommun-byggmastargatan-6-c-7426233429915746684,55-56m²,bostadsratt,2026-05-13T23:23:38.042007
1948062195833105060,https://www.hemnet.se/salda/lagenhet-2rum-skiljebo-vasteras-kommun-sevallagatan-5c-1948062195833105060,55-56m²,bostadsratt,2026-05-13T23:23:38.042008
7052758787198001553,https://www.hemnet.se/salda/lagenhet-2rum-ronninge-salems-kommun-fiskaruddsvagen-5-7052758787198001553,55-56m²,bostadsratt,2026-05-13T23:23:38.042010
6855725591779130939,https://www.hemnet.se/salda/lagenhet-2rum-brynas-gavle-kommun-brynasgrand-7-6855725591779130939,55-56m²,bostadsratt,2026-05-13T23:23:38.042011
8869229444976823509,"https://www.hemnet.se/salda/lagenhet-2rum-vastertorp-stockholms-kommun-lugntorpsvagen-46,-1tr-8869229444976823509",55-56m²,bostadsratt,2026-05-13T23:23:38.042012
4849117510650088597,https://www.hemnet.se/salda/lagenhet-2rum-luthagen-uppsala-kommun-jumkilsgatan-20a-4849117510650088597,55-56m²,bostadsratt,2026-05-13T23:23:38.042014
7561701984550895540,"https://www.hemnet.se/salda/lagenhet-2rum-bagarmossen-stockholms-kommun-bergsradsvagen-30,-1tr-7561701984550895540",55-56m²,bostadsratt,2026-05-13T23:23:38.042015
5767240995207096446,https://www.hemnet.se/salda/lagenhet-3rum-vastra-kungsholmen-hornsbergs-strand-stockholms-kommun-lustgardsgatan-3-5767240995207096446,55-56m²,bostadsratt,2026-05-13T23:23:38.042017
4988845600044339267,https://www.hemnet.se/salda/lagenhet-2rum-va-kristianstads-kommun-backstigen-3a-4988845600044339267,55-56m²,bostadsratt,2026-05-13T23:23:38.042018
3302662387463070722,https://www.hemnet.se/salda/lagenhet-2rum-midsommarkransen-stockholms-kommun-midsommarvagen-14-3302662387463070722,55-56m²,bostadsratt,2026-05-13T23:23:38.042019
9054870767061517338,"https://www.hemnet.se/salda/lagenhet-2rum-skarpnack-stockholms-kommun-pilvingegatan-56,-3tr-9054870767061517338",55-56m²,bostadsratt,2026-05-13T23:23:38.042021
6079599061460544734,https://www.hemnet.se/salda/lagenhet-2rum-kvarnbyvallen-molndals-kommun-kvarnbyvallen-7-6079599061460544734,55-56m²,bostadsratt,2026-05-13T23:23:38.042022
4084699267653553560,https://www.hemnet.se/salda/lagenhet-2rum-gideonsberg-vasteras-kommun-gideonsbergsgatan-21c-4084699267653553560,55-56m²,bostadsratt,2026-05-13T23:23:38.042023
2837482732112064820,"https://www.hemnet.se/salda/lagenhet-2rum-kungsholmen-stockholms-kommun-garvargatan-15,-2tr-2837482732112064820",55-56m²,bostadsratt,2026-05-13T23:23:38.042025
6112416616799767453,https://www.hemnet.se/salda/lagenhet-2rum-huvudsta-solna-kommun-bangatan-5a-6112416616799767453,55-56m²,bostadsratt,2026-05-13T23:23:38.042026
4657576288379019352,https://www.hemnet.se/salda/lagenhet-2rum-ostlyckan-alingsas-kommun-mangatan-4a-4657576288379019352,55-56m²,bostadsratt,2026-05-13T23:23:38.042028
3409599915680860854,https://www.hemnet.se/salda/lagenhet-2rum-fruangen-stockholms-kommun-doktor-widerstroms-gata-72-3409599915680860854,55-56m²,bostadsratt,2026-05-13T23:23:38.042029
9162540362438826919,https://www.hemnet.se/salda/lagenhet-2rum-salabacke-uppsala-kommun-salabacksgatan-3b-9162540362438826919,55-56m²,bostadsratt,2026-05-13T23:23:38.042031
7033462001077945891,https://www.hemnet.se/salda/lagenhet-2rum-marsta-valsta-sigtuna-kommun-valsta-gardsvag-4-7033462001077945891,55-56m²,bostadsratt,2026-05-13T23:23:38.042032
4674022706110395601,https://www.hemnet.se/salda/lagenhet-2rum-akersberg-enkopings-kommun-skordevagen-1-4674022706110395601,55-56m²,bostadsratt,2026-05-13T23:23:38.042034
7136250227806854432,https://www.hemnet.se/salda/lagenhet-2rum-bjorkekarr-goteborgs-kommun-trakilsgatan-50-7136250227806854432,55-56m²,bostadsratt,2026-05-13T23:23:38.042035
5343543659842574435,https://www.hemnet.se/salda/lagenhet-2rum-rasunda-solna-kommun-virebergsvagen-20-5343543659842574435,55-56m²,bostadsratt,2026-05-13T23:23:38.042036
776124546749315817,https://www.hemnet.se/salda/lagenhet-3rum-nobeltorget-annelund-malmo-kommun-vitemollegatan-10d-776124546749315817,55-56m²,bostadsratt,2026-05-13T23:23:38.042038
6704521318027600713,https://www.hemnet.se/salda/lagenhet-3rum-orminge-nacka-kommun-betsovagen-6-6704521318027600713,55-56m²,bostadsratt,2026-05-13T23:23:38.042039
709740222657376343,https://www.hemnet.se/salda/lagenhet-2rum-oxelosund-centrum-oxelosunds-kommun-esplanaden-14a-709740222657376343,55-56m²,bostadsratt,2026-05-13T23:23:38.042041
8544286525571834212,https://www.hemnet.se/salda/lagenhet-2rum-kvisthamra-gransater-norrtalje-kommun-ostra-rogardsgatan-11-8544286525571834212,55-56m²,bostadsratt,2026-05-13T23:23:38.042042
5059150330560740994,"https://www.hemnet.se/salda/lagenhet-2rum-nacka-kvarnholmen-nacka-kommun-kvarngrand-3,-2tr-5059150330560740994",55-56m²,bostadsratt,2026-05-13T23:23:38.042044
3357175277719275437,https://www.hemnet.se/salda/lagenhet-3rum-oster-norrkopings-kommun-ostra-promenaden-51c-3357175277719275437,55-56m²,bostadsratt,2026-05-13T23:23:38.042045
1182815293389936904,https://www.hemnet.se/salda/lagenhet-2rum-nasby-park-taby-kommun-kalltorpsvagen-16-1182815293389936904,55-56m²,bostadsratt,2026-05-13T23:23:38.042047
420306829444197842,https://www.hemnet.se/salda/lagenhet-2rum-jakobsberg-vasteras-kommun-drottninggatan-32c-420306829444197842,55-56m²,bostadsratt,2026-05-13T23:23:38.042048
1166125510356696674,https://www.hemnet.se/salda/lagenhet-2rum-centralt-osterakers-kommun-skolvagen-13a-1166125510356696674,55-56m²,bostadsratt,2026-05-13T23:23:38.042049
7751691040399011189,https://www.hemnet.se/salda/lagenhet-2rum-vastra-hamnen-malmo-kommun-einar-hansens-esplanad-14-7751691040399011189,55-56m²,bostadsratt,2026-05-13T23:23:38.042051
2637982407637059139,https://www.hemnet.se/salda/lagenhet-2rum-huddinge-centrum-huddinge-kommun-sjodalsbacken-3-c-2637982407637059139,55-56m²,bostadsratt,2026-05-13T23:23:38.042052
4091574426475246234,https://www.hemnet.se/salda/lagenhet-2rum-linnestaden-goteborgs-kommun-sveagatan-20b-4091574426475246234,55-56m²,bostadsratt,2026-05-13T23:23:38.042054
8736818549936643577,https://www.hemnet.se/salda/lagenhet-2rum-sodermalm-stockholms-kommun-sodermannagatan-54-8736818549936643577,55-56m²,bostadsratt,2026-05-13T23:23:38.042055
3468701315685378808,https://www.hemnet.se/salda/lagenhet-2rum-olskroken-goteborgs-kommun-kobbarnas-vag-7-3468701315685378808,55-56m²,bostadsratt,2026-05-13T23:23:38.042057
1177220624738314256,https://www.hemnet.se/salda/lagenhet-2rum-bremerlyckan-kalmar-kommun-frejagatan-8a-1177220624738314256,55-56m²,bostadsratt,2026-05-13T23:23:38.042058
337836031963316634,https://www.hemnet.se/salda/lagenhet-3rum-hokmossen-telefonplan-stockholms-kommun-hokmossevagen-17-337836031963316634,55-56m²,bostadsratt,2026-05-13T23:23:38.042059
1807359933408506859,https://www.hemnet.se/salda/lagenhet-2rum-kalltorp-goteborgs-kommun-rastensgatan-42e-1807359933408506859,55-56m²,bostadsratt,2026-05-13T23:23:38.042061
8326872716231092549,https://www.hemnet.se/salda/lagenhet-2rum-kristinehamn-kristinehamns-kommun-kungsgatan-54a-8326872716231092549,55-56m²,bostadsratt,2026-05-13T23:23:38.042062
9102953340317832617,https://www.hemnet.se/salda/lagenhet-2rum-kungsholmen-stockholms-kommun-ralambshovsleden-38-9102953340317832617,55-56m²,bostadsratt,2026-05-13T23:23:38.042064
7392058480512497233,https://www.hemnet.se/salda/lagenhet-2rum-gubbangen-stockholms-kommun-bordsvagen-50-7392058480512497233,55-56m²,bostadsratt,2026-05-13T23:23:38.042065
1869898938834756907,https://www.hemnet.se/salda/lagenhet-2rum-kungshojd-goteborgs-kommun-lasarettsgatan-6-1869898938834756907,55-56m²,bostadsratt,2026-05-13T23:23:38.042067
2966489265468757691,https://www.hemnet.se/salda/lagenhet-2rum-rasunda-solna-kommun-gransgatan-26-2966489265468757691,55-56m²,bostadsratt,2026-05-13T23:23:38.042068
3680552735934032027,https://www.hemnet.se/salda/lagenhet-2rum-aspudden-stockholms-kommun-olof-skotkonungs-vag-8-3680552735934032027,55-56m²,bostadsratt,2026-05-13T23:23:38.042070
3699722899290478947,https://www.hemnet.se/salda/lagenhet-2rum-rikstens-friluftsstad-botkyrka-kommun-eklundshovsvagen-27c-3699722899290478947,55-56m²,bostadsratt,2026-05-13T23:23:38.042071
8761356235115118442,https://www.hemnet.se/salda/lagenhet-2rum-farjestad-rud-karlstads-kommun-horsensgatan-66-8761356235115118442,55-56m²,bostadsratt,2026-05-13T23:23:38.042072
7130890935923366178,https://www.hemnet.se/salda/lagenhet-2rum-enskede-stockholms-kommun-selebovagen-3-7130890935923366178,55-56m²,bostadsratt,2026-05-13T23:23:38.042074
9151915690471936454,https://www.hemnet.se/salda/lagenhet-2rum-vasastan-stockholms-kommun-hagagatan-17m-9151915690471936454,55-56m²,bostadsratt,2026-05-13T23:23:38.042075
1766693232435520343,https://www.hemnet.se/salda/lagenhet-2rum-visby-a7-omradet-gotlands-kommun-greta-arwidssons-gata-16c-1766693232435520343,55-56m²,bostadsratt,2026-05-13T23:23:38.042077
2547120105309389121,https://www.hemnet.se/salda/lagenhet-3rum-rasunda-solna-kommun-gustafsvagen-13-2547120105309389121,55-56m²,bostadsratt,2026-05-13T23:23:38.042078
4256204779409103627,https://www.hemnet.se/salda/lagenhet-2rum-hoganas-uppsala-kommun-salagatan-4a-4256204779409103627,55-56m²,bostadsratt,2026-05-13T23:23:38.042080
7152372623500896694,https://www.hemnet.se/salda/lagenhet-2rum-bagarmossen-stockholms-kommun-rusthallarvagen-189-7152372623500896694,55-56m²,bostadsratt,2026-05-13T23:23:38.042082
150787653564215542,https://www.hemnet.se/salda/lagenhet-2rum-sodermalm-maria-stockholms-kommun-maria-skolgata-93-150787653564215542,55-56m²,bostadsratt,2026-05-13T23:23:38.042083
4879080574291458106,https://www.hemnet.se/salda/lagenhet-2rum-centrum-vaxjo-kommun-norra-esplanaden-26-4879080574291458106,55-56m²,bostadsratt,2026-05-13T23:23:38.042085
8418102992157993807,"https://www.hemnet.se/salda/lagenhet-2rum-gardet-ostermalm-stockholms-kommun-rindogatan-27,-4tr-8418102992157993807",55-56m²,bostadsratt,2026-05-13T23:23:38.042086
1918240965637255537,https://www.hemnet.se/salda/lagenhet-2rum-tureberg-sollentuna-kommun-turebergs-alle-22-1918240965637255537,55-56m²,bostadsratt,2026-05-13T23:23:38.042088
5462936214450673067,https://www.hemnet.se/salda/lagenhet-2rum-alideberg-boras-kommun-skogshyddegatan-35-5462936214450673067,55-56m²,bostadsratt,2026-05-13T23:23:38.042089
4001981852762575367,https://www.hemnet.se/salda/lagenhet-2rum-krylbo-bjorkarsbo-avesta-kommun-ponsbachs-vag-16c-4001981852762575367,55-56m²,bostadsratt,2026-05-13T23:23:38.042090
5823930991544214178,https://www.hemnet.se/salda/lagenhet-2rum-ostlyckan-alingsas-kommun-mangatan-4e-5823930991544214178,55-56m²,bostadsratt,2026-05-13T23:23:38.042092
4427720678920244571,https://www.hemnet.se/salda/lagenhet-2rum-berghem-umea-kommun-skidsparet-13-4427720678920244571,55-56m²,bostadsratt,2026-05-13T23:23:38.042093
8589427210143495064,https://www.hemnet.se/salda/lagenhet-2rum-skogsbo-avesta-kommun-asgardsvagen-27b-8589427210143495064,55-56m²,bostadsratt,2026-05-13T23:23:38.042095
8602475801175117205,https://www.hemnet.se/salda/lagenhet-2rum-huskvarna-norrangen-jonkopings-kommun-grannavagen-42-8602475801175117205,55-56m²,bostadsratt,2026-05-13T23:23:38.042096
500517898120579636,https://www.hemnet.se/salda/lagenhet-2rum-nobel-malmo-kommun-amiralsgatan-87f-500517898120579636,55-56m²,bostadsratt,2026-05-13T23:23:38.042098
3501455929687356098,https://www.hemnet.se/salda/lagenhet-2rum-vastergard-sodertalje-kommun-lundbygatan-44-3501455929687356098,55-56m²,bostadsratt,2026-05-13T23:23:38.042099
4973995771010189533,"https://www.hemnet.se/salda/lagenhet-2rum-vasastan-stockholms-kommun-vastmannagatan-91,-3tr-4973995771010189533",55-56m²,bostadsratt,2026-05-13T23:23:38.042100
6400885852249174504,https://www.hemnet.se/salda/lagenhet-2rum-lorensberg-goteborgs-kommun-sodra-vagen-17-6400885852249174504,55-56m²,bostadsratt,2026-05-13T23:23:38.042102
8621533083121696088,https://www.hemnet.se/salda/lagenhet-2rum-sodra-guldheden-goteborgs-kommun-doktor-bex-gata-9c-8621533083121696088,55-56m²,bostadsratt,2026-05-13T23:23:38.042104
9170157127560651851,https://www.hemnet.se/salda/lagenhet-2rum-linnestaden-goteborgs-kommun-nordhemsgatan-43c-9170157127560651851,55-56m²,bostadsratt,2026-05-13T23:23:38.042105
8167155696050154484,https://www.hemnet.se/salda/lagenhet-2rum-hoganas-uppsala-kommun-torkelsgatan-30e-8167155696050154484,55-56m²,bostadsratt,2026-05-13T23:23:38.042106
13421060049260860,https://www.hemnet.se/salda/lagenhet-2rum-porslinskvarteren-gustavsberg-varmdo-kommun-josef-ekbergs-grand-4-13421060049260860,55-56m²,bostadsratt,2026-05-13T23:23:38.042108
2593377795823884132,https://www.hemnet.se/salda/lagenhet-2rum-loberod-eslovs-kommun-fyrspettsgatan-22b-2593377795823884132,55-56m²,bostadsratt,2026-05-13T23:23:38.042109
2030721934627662097,"https://www.hemnet.se/salda/lagenhet-2rum-arsta-stockholms-kommun-skontorpsvagen-100,-2-tr-2030721934627662097",55-56m²,bostadsratt,2026-05-13T23:23:38.042111
7683742673140598234,"https://www.hemnet.se/salda/lagenhet-2rum-arsta-stockholms-kommun-arstavagen-55,-2-tr-7683742673140598234",55-56m²,bostadsratt,2026-05-13T23:23:38.042112
4237978460780867746,https://www.hemnet.se/salda/lagenhet-2rum-hagerstensasen-stockholms-kommun-inteckningsvagen-9-4237978460780867746,55-56m²,bostadsratt,2026-05-13T23:23:38.042114
7690460870107007391,https://www.hemnet.se/salda/lagenhet-2rum-hasthagen-malmo-kommun-vastra-ronneholmsvagen-55b-7690460870107007391,55-56m²,bostadsratt,2026-05-13T23:23:38.042115
1072859100167708186,"https://www.hemnet.se/salda/lagenhet-2,5rum-kallo-knippla-ockero-kommun-hamnbergsvagen-55-1072859100167708186",55-56m²,bostadsratt,2026-05-13T23:23:38.042117
5393949335448856314,https://www.hemnet.se/salda/lagenhet-2rum-liljeholmskajen-stockholms-kommun-mejerivagen-7-5393949335448856314,55-56m²,bostadsratt,2026-05-13T23:23:38.042118
4304945362655172848,"https://www.hemnet.se/salda/lagenhet-2rum-stureby-enskede-stockholms-kommun-bjulevagen-22,-1-tr-4304945362655172848",55-56m²,bostadsratt,2026-05-13T23:23:38.042120
2900355454541890005,https://www.hemnet.se/salda/lagenhet-2rum-vaxnas-karlstads-kommun-karmgatan-61-2900355454541890005,55-56m²,bostadsratt,2026-05-13T23:23:38.042121
9070544865237111812,https://www.hemnet.se/salda/lagenhet-2rum-sundbyberg-rissne-sundbybergs-kommun-kavallerivagen-2c-9070544865237111812,55-56m²,bostadsratt,2026-05-13T23:23:38.042123
8986920664548048651,https://www.hemnet.se/salda/lagenhet-3rum-bromma-riksby-stockholms-kommun-spangavagen-50-3tr-8986920664548048651,55-56m²,bostadsratt,2026-05-13T23:23:38.042124
367450568986779465,https://www.hemnet.se/salda/lagenhet-2rum-vastra-hamnen-malmo-kommun-einar-hansens-esplanad-3-367450568986779465,55-56m²,bostadsratt,2026-05-13T23:23:38.042125
1774741004487960120,https://www.hemnet.se/salda/lagenhet-2rum-sandakern-umea-kommun-sandakersgatan-11b-1774741004487960120,55-56m²,bostadsratt,2026-05-13T23:23:38.042127
886960967836231789,https://www.hemnet.se/salda/lagenhet-2rum-forssa-borlange-kommun-stenhalsgatan-16-886960967836231789,55-56m²,bostadsratt,2026-05-13T23:23:38.042128
4545578266960105940,https://www.hemnet.se/salda/lagenhet-2rum-rabylund-lunds-kommun-agronomvagen-4-4545578266960105940,55-56m²,bostadsratt,2026-05-13T23:23:38.042130
8651745769560822430,https://www.hemnet.se/salda/lagenhet-2rum-vastervik-vasterviks-kommun-lysingsvagen-7b-8651745769560822430,55-56m²,bostadsratt,2026-05-13T23:23:38.042131
769638967510179141,https://www.hemnet.se/salda/lagenhet-2rum-bromma-annedal-mariehall-stockholms-kommun-krakel-spektakels-gata-1-769638967510179141,55-56m²,bostadsratt,2026-05-13T23:23:38.042133
229605662783821749,https://www.hemnet.se/salda/lagenhet-2rum-gottfridsberg-linkopings-kommun-hanekindsgatan-1-229605662783821749,55-56m²,bostadsratt,2026-05-13T23:23:38.042134
2883915128213109522,https://www.hemnet.se/salda/lagenhet-3rum-kungsberget-sandvikens-kommun-hyllan-b06-nedre-angsvagen-7-2883915128213109522,55-56m²,bostadsratt,2026-05-13T23:23:38.042136
6386817908164544108,https://www.hemnet.se/salda/lagenhet-3rum-midsommarkransen-stockholms-kommun-backvagen-74-6386817908164544108,55-56m²,bostadsratt,2026-05-13T23:23:38.042137
2689428581131848236,"https://www.hemnet.se/salda/lagenhet-2rum-hammarby-sjostad-stockholms-kommun-hammarby-alle-9,-4-tr-2689428581131848236",55-56m²,bostadsratt,2026-05-13T23:23:38.042138
8245250282308819968,https://www.hemnet.se/salda/lagenhet-2rum-vasastan-stockholms-kommun-birger-jarlsgatan-111d-8245250282308819968,55-56m²,bostadsratt,2026-05-13T23:23:38.042140
8615947732148274503,https://www.hemnet.se/salda/lagenhet-2rum-eskilstuna-ostermalm-eskilstuna-kommun-kungsvagen-18b-8615947732148274503,55-56m²,bostadsratt,2026-05-13T23:23:38.042141
3667725799628788880,https://www.hemnet.se/salda/lagenhet-2rum-norrstrand-karlstads-kommun-vavaregatan-14-a-3667725799628788880,55-56m²,bostadsratt,2026-05-13T23:23:38.042142
7292174809329091507,https://www.hemnet.se/salda/lagenhet-2rum-rasunda-solna-kommun-ostervagen-28b-7292174809329091507,55-56m²,bostadsratt,2026-05-13T23:23:38.042144
3915922234823600325,https://www.hemnet.se/salda/lagenhet-2rum-tagaborg-helsingborgs-kommun-hjalmshultsgatan-10-3915922234823600325,55-56m²,bostadsratt,2026-05-13T23:23:38.042145
5144773723720542411,https://www.hemnet.se/salda/lagenhet-3rum-hammarbyhojden-stockholms-kommun-strahlenbergsgatan-5-5144773723720542411,55-56m²,bostadsratt,2026-05-13T23:23:38.042146
8253505040776146580,https://www.hemnet.se/salda/lagenhet-2rum-lunden-skovde-kommun-lundenvagen-29a-8253505040776146580,55-56m²,bostadsratt,2026-05-13T23:23:38.042148
9177559122734455077,https://www.hemnet.se/salda/lagenhet-2rum-dalenum-lidingo-kommun-prismastigen-2-9177559122734455077,55-56m²,bostadsratt,2026-05-13T23:23:38.042149
4877160769674449812,https://www.hemnet.se/salda/lagenhet-2rum-frosunda-solna-kommun-master-simons-vag-22-4877160769674449812,55-56m²,bostadsratt,2026-05-13T23:23:38.042151
4175702357213694568,https://www.hemnet.se/salda/lagenhet-2rum-vallastaden-linkopings-kommun-kunskapslanken-72-4175702357213694568,55-56m²,bostadsratt,2026-05-13T23:23:38.042152
849564316076439503,https://www.hemnet.se/salda/lagenhet-2rum-ratorp-karlstads-kommun-ringgatan-55-b-849564316076439503,55-56m²,bostadsratt,2026-05-13T23:23:38.042154
875476717307589619,https://www.hemnet.se/salda/lagenhet-2rum-hogalid-kiruna-kommun-lappgatan-1-b-875476717307589619,55-56m²,bostadsratt,2026-05-13T23:23:38.042155
2770473787857567740,https://www.hemnet.se/salda/lagenhet-2rum-avesta-avesta-kommun-malmgatan-27b-2770473787857567740,55-56m²,bostadsratt,2026-05-13T23:23:38.042157
2848485344373083044,https://www.hemnet.se/salda/lagenhet-2rum-sundbyberg-rissne-sundbybergs-kommun-kavallerivagen-2c-2848485344373083044,55-56m²,bostadsratt,2026-05-13T23:23:38.042158
3839410079347242202,https://www.hemnet.se/salda/lagenhet-2rum-ursvik-sundbybergs-kommun-oxenstiernas-alle-14-3839410079347242202,55-56m²,bostadsratt,2026-05-13T23:23:38.042160
1525448381251480035,https://www.hemnet.se/salda/lagenhet-2rum-kungalv-kungalvs-kommun-gunnarsberg-6-1525448381251480035,55-56m²,bostadsratt,2026-05-13T23:23:38.042161
4852276158351908231,https://www.hemnet.se/salda/lagenhet-2rum-sandarna-goteborgs-kommun-guldkallegatan-44-4852276158351908231,55-56m²,bostadsratt,2026-05-13T23:23:38.042163
4072517958980754701,https://www.hemnet.se/salda/lagenhet-2rum-salabacke-uppsala-kommun-arstagatan-20c-4072517958980754701,55-56m²,bostadsratt,2026-05-13T23:23:38.042164
1407503252484973372,https://www.hemnet.se/salda/lagenhet-2rum-kungsholmen-stockholms-kommun-sankt-eriksgatan-8-1407503252484973372,55-56m²,bostadsratt,2026-05-13T23:23:38.042166
7937474834594789929,https://www.hemnet.se/salda/lagenhet-2rum-hagalund-borlange-kommun-roda-vagen-34-7937474834594789929,55-56m²,bostadsratt,2026-05-13T23:23:38.042167
3941505298058667096,https://www.hemnet.se/salda/lagenhet-2rum-tullinge-botkyrka-kommun-nyangsvagen-8-3941505298058667096,55-56m²,bostadsratt,2026-05-13T23:23:38.042169
4543573143639640987,https://www.hemnet.se/salda/lagenhet-2rum-vasastan-hagastaden-stockholms-kommun-torsplan-10-4543573143639640987,55-56m²,bostadsratt,2026-05-13T23:23:38.042171
4036474351957961421,https://www.hemnet.se/salda/lagenhet-2rum-majorna-goteborgs-kommun-toppsegelsgatan-23-4036474351957961421,55-56m²,bostadsratt,2026-05-13T23:23:38.042172
998091339419373576,https://www.hemnet.se/salda/lagenhet-2rum-karrtorp-stockholms-kommun-fyrskeppsvagen-116-998091339419373576,55-56m²,bostadsratt,2026-05-13T23:23:38.042173
5384782330275869854,https://www.hemnet.se/salda/lagenhet-2rum-vasastan-hagastaden-stockholms-kommun-sonja-kovalevskys-gata-3-5384782330275869854,55-56m²,bostadsratt,2026-05-13T23:23:38.042175
5346615753325325674,https://www.hemnet.se/salda/lagenhet-2rum-rosendal-uppsala-kommun-torgny-segerstedts-alle-9-5346615753325325674,55-56m²,bostadsratt,2026-05-13T23:23:38.042177
1663546322320901785,https://www.hemnet.se/salda/lagenhet-2rum-barstad-hammaro-kommun-blabarsvagen-28h-1663546322320901785,55-56m²,bostadsratt,2026-05-13T23:23:38.042178
3156575917095141014,https://www.hemnet.se/salda/lagenhet-2rum-vannas-vannas-kommun-tjarngatan-15-a-3156575917095141014,55-56m²,bostadsratt,2026-05-13T23:23:38.042180
3342941261844015038,https://www.hemnet.se/salda/lagenhet-2rum-skelleftea-skelleftea-kommun-mullbergsvagen-27h-3342941261844015038,55-56m²,bostadsratt,2026-05-13T23:23:38.042181
7944664217559422797,https://www.hemnet.se/salda/lagenhet-3rum-gamla-rasunda-solna-kommun-tottvagen-7-7944664217559422797,55-56m²,bostadsratt,2026-05-13T23:23:38.042183
1536325252523984238,https://www.hemnet.se/salda/lagenhet-2rum-sodertull-gavle-kommun-fleminggatan-31c-1536325252523984238,55-56m²,bostadsratt,2026-05-13T23:23:38.042184
8316084458919362208,https://www.hemnet.se/salda/lagenhet-2rum-granlo-sundsvalls-kommun-hogomsvagen-32-8316084458919362208,55-56m²,bostadsratt,2026-05-13T23:23:38.042186
1075329157346987868,https://www.hemnet.se/salda/lagenhet-2rum-kvarnbyn-molndals-kommun-kvarnbygatan-29-1075329157346987868,55-56m²,bostadsratt,2026-05-13T23:23:38.042187
8302618687219250387,https://www.hemnet.se/salda/lagenhet-2rum-liljeholmskajen-stockholms-kommun-oskarslundsbacken-39-8302618687219250387,55-56m²,bostadsratt,2026-05-13T23:23:38.042189
7310697683834231576,https://www.hemnet.se/salda/lagenhet-2rum-centrala-sundbyberg-sundbybergs-kommun-gransgatan-3-7310697683834231576,55-56m²,bostadsratt,2026-05-13T23:23:38.042190
7836060650139318785,https://www.hemnet.se/salda/lagenhet-3rum-bredang-malarhojden-stockholms-kommun-algrytevagen-122-7836060650139318785,55-56m²,bostadsratt,2026-05-13T23:23:38.042191
3767667729475080467,https://www.hemnet.se/salda/lagenhet-2rum-edvinshem-ystads-kommun-erik-dahlbergsgatan-3d-3767667729475080467,55-56m²,bostadsratt,2026-05-13T23:23:38.042193
3319281211048652259,"https://www.hemnet.se/salda/lagenhet-2rum-vasastan-stockholms-kommun-frejgatan-103a,-3tr-3319281211048652259",55-56m²,bostadsratt,2026-05-13T23:23:38.042194
8443077866200076028,"https://www.hemnet.se/salda/lagenhet-2,5rum-vasastan-hagastaden-stockholms-kommun-norrbackagatan-49c-8443077866200076028",55-56m²,bostadsratt,2026-05-13T23:23:38.042196
2999727918767275227,https://www.hemnet.se/salda/lagenhet-2rum-ekeby-vallentuna-kommun-ekebyvagen-20-2999727918767275227,55-56m²,bostadsratt,2026-05-13T23:23:38.042197
5512188490638638530,https://www.hemnet.se/salda/lagenhet-2rum-hallstahammar-hallstahammars-kommun-norra-kapellgatan-10b-5512188490638638530,55-56m²,bostadsratt,2026-05-13T23:23:38.042199
5204265802456967929,https://www.hemnet.se/salda/lagenhet-2rum-svartbacken-uppsala-kommun-egilsgatan-13a-5204265802456967929,55-56m²,bostadsratt,2026-05-13T23:23:38.042200
5869305529055538146,https://www.hemnet.se/salda/lagenhet-2rum-riksby-stockholms-kommun-spangavagen-46-5869305529055538146,55-56m²,bostadsratt,2026-05-13T23:23:38.042202
6118023775435264467,https://www.hemnet.se/salda/lagenhet-2rum-karrtorp-stockholms-kommun-fyrskeppsvagen-106-6118023775435264467,55-56m²,bostadsratt,2026-05-13T23:23:38.042203
4487786970268606479,https://www.hemnet.se/salda/lagenhet-2rum-visby-a7-omradet-gotlands-kommun-stora-tornekvior-23d-4487786970268606479,55-56m²,bostadsratt,2026-05-13T23:23:38.042204
373649207215837466,https://www.hemnet.se/salda/lagenhet-2rum-vasastan-hagastaden-stockholms-kommun-gavlegatan-32-373649207215837466,55-56m²,bostadsratt,2026-05-13T23:23:38.042206
2909900592558121745,https://www.hemnet.se/salda/lagenhet-2rum-domsjo-ornskoldsviks-kommun-saggatan-1b-2909900592558121745,55-56m²,bostadsratt,2026-05-13T23:23:38.042207
3033252237546405512,https://www.hemnet.se/salda/lagenhet-2rum-vastra-hamnen-malmo-kommun-lilla-varvsgatan-25b-3033252237546405512,55-56m²,bostadsratt,2026-05-13T23:23:38.042209
3705789510856396727,https://www.hemnet.se/salda/lagenhet-2rum-essingeoarna-stockholms-kommun-essinge-hogvag-21-3705789510856396727,55-56m²,bostadsratt,2026-05-13T23:23:38.042210
3621857719938729130,https://www.hemnet.se/salda/lagenhet-2rum-ostanas-kopings-kommun-pungbovagen-24-3621857719938729130,55-56m²,bostadsratt,2026-05-13T23:23:38.042212
8777591257889432678,https://www.hemnet.se/salda/lagenhet-2rum-vastra-kungsholmen-hornsbergs-strand-stockholms-kommun-nordenflychtsvagen-78-8777591257889432678,55-56m²,bostadsratt,2026-05-13T23:23:38.042213
8527805402753855662,https://www.hemnet.se/salda/lagenhet-2rum-hassleholm-centralt-hassleholms-kommun-jarnvagsgatan-27-8527805402753855662,55-56m²,bostadsratt,2026-05-13T23:23:38.042215
9159212374140038354,https://www.hemnet.se/salda/lagenhet-2rum-sundbyberg-centrum-sundbybergs-kommun-hamngatan-24a-9159212374140038354,55-56m²,bostadsratt,2026-05-13T23:23:38.042216
1994860357674159598,https://www.hemnet.se/salda/lagenhet-2rum-sjobo-boras-kommun-huldregatan-1-1994860357674159598,55-56m²,bostadsratt,2026-05-13T23:23:38.042217
6641006706724263564,https://www.hemnet.se/salda/lagenhet-2rum-haga-norrkopings-kommun-smedstugugatan-14-6641006706724263564,55-56m²,bostadsratt,2026-05-13T23:23:38.042219
4437609629436878909,https://www.hemnet.se/salda/lagenhet-2rum-dockan-malmo-kommun-dockgatan-53a-4437609629436878909,55-56m²,bostadsratt,2026-05-13T23:23:38.042220
5377406375314451103,https://www.hemnet.se/salda/lagenhet-2rum-visby-lanna-gotlands-kommun-humlegardsvagen-31-5377406375314451103,55-56m²,bostadsratt,2026-05-13T23:23:38.042222
6593436544041183039,https://www.hemnet.se/salda/lagenhet-3rum-lerum-norra-hallsas-lerums-kommun-bergsslingan-31-a-6593436544041183039,55-56m²,bostadsratt,2026-05-13T23:23:38.042223
5564094419571100230,"https://www.hemnet.se/salda/lagenhet-2rum-hagerstensasen-stockholms-kommun-bokbindarvagen-80,-4-tr-5564094419571100230",55-56m²,bostadsratt,2026-05-13T23:23:38.042224
956298810161547564,https://www.hemnet.se/salda/lagenhet-2rum-lango-karlskrona-kommun-arkitektgatan-4c-956298810161547564,55-56m²,bostadsratt,2026-05-13T23:23:38.042226
8191655434578741561,https://www.hemnet.se/salda/lagenhet-2rum-davidshall-malmo-kommun-verkstadsgatan-6a-8191655434578741561,55-56m²,bostadsratt,2026-05-13T23:23:38.042227
1386013592478835382,"https://www.hemnet.se/salda/lagenhet-1,5rum-hammarby-sjostad-stockholms-kommun-hammarby-alle-15-1386013592478835382",55-56m²,bostadsratt,2026-05-13T23:23:38.042228
5995267625394804829,https://www.hemnet.se/salda/lagenhet-2rum-falhagen-uppsala-kommun-vallbygatan-7-5995267625394804829,55-56m²,bostadsratt,2026-05-13T23:23:38.042230
8898686590818073684,https://www.hemnet.se/salda/lagenhet-2rum-kungsangen-uppsala-kommun-kryddblandargatan-11-8898686590818073684,55-56m²,bostadsratt,2026-05-13T23:23:38.042231
3301210009689678563,https://www.hemnet.se/salda/lagenhet-2rum-vasastan-stockholms-kommun-vastmannagatan-101-3301210009689678563,55-56m²,bostadsratt,2026-05-13T23:23:38.042232
8227095543383676026,https://www.hemnet.se/salda/lagenhet-2rum-sundstrand-uddevalla-kommun-ostra-sundskogsvagen-62a-8227095543383676026,55-56m²,bostadsratt,2026-05-13T23:23:38.042234
3864098210022251611,https://www.hemnet.se/salda/lagenhet-2rum-lund-centrum-lunds-kommun-stalbrogatan-9-3864098210022251611,55-56m²,bostadsratt,2026-05-13T23:23:38.042235
9001933441506106861,https://www.hemnet.se/salda/lagenhet-2rum-almsta-norrtalje-kommun-elmsta-udde-27c-9001933441506106861,55-56m²,bostadsratt,2026-05-13T23:23:38.042237
7254956065713444885,https://www.hemnet.se/salda/lagenhet-2rum-mjolby-mjolby-kommun-dackegatan-10b-7254956065713444885,55-56m²,bostadsratt,2026-05-13T23:23:38.042238
7948888793946824634,https://www.hemnet.se/salda/lagenhet-4rum-lofsdalen-harjedalens-kommun-hogbacksvagen-2j-7948888793946824634,55-56m²,bostadsratt,2026-05-13T23:23:38.042239
4244231451116178462,"https://www.hemnet.se/salda/lagenhet-2rum-haggvik-sollentuna-kommun-sollentunavagen-285,-3-3-tr-4244231451116178462",55-56m²,bostadsratt,2026-05-13T23:23:38.042241
95719148487481882,https://www.hemnet.se/salda/lagenhet-2rum-klippan-centralt-klippans-kommun-abygatan-10a-95719148487481882,55-56m²,bostadsratt,2026-05-13T23:23:38.042242
449376191433214288,https://www.hemnet.se/salda/lagenhet-3rum-abrahamsberg-stockholms-kommun-byggmastarvagen-28-449376191433214288,55-56m²,bostadsratt,2026-05-13T23:23:38.042244
3927747962127913103,https://www.hemnet.se/salda/lagenhet-2rum-kvillebacken-goteborgs-kommun-borstbindaregatan-19-3927747962127913103,55-56m²,bostadsratt,2026-05-13T23:23:38.042245
7681655165787338480,https://www.hemnet.se/salda/lagenhet-2rum-kirseberg-malmo-kommun-sodra-bulltoftavagen-56a-7681655165787338480,55-56m²,bostadsratt,2026-05-13T23:23:38.042247
6204461683465950542,"https://www.hemnet.se/salda/lagenhet-3rum-ostermalm-gardet-stockholms-kommun-smedsbacksgatan-3a,-8-tr-6204461683465950542",55-56m²,bostadsratt,2026-05-13T23:23:38.042248
3601372788827429738,https://www.hemnet.se/salda/lagenhet-3rum-farhult-hoganas-kommun-yxvagen-12b-3601372788827429738,55-56m²,bostadsratt,2026-05-13T23:23:38.042250
6865588655089330251,https://www.hemnet.se/salda/lagenhet-2rum-ostermalm-stockholms-kommun-grev-magnigatan-16b-6865588655089330251,55-56m²,bostadsratt,2026-05-13T23:23:38.042251
6481285135920151337,https://www.hemnet.se/salda/lagenhet-2rum-johanneberg-goteborgs-kommun-framnasgatan-24a-6481285135920151337,55-56m²,bostadsratt,2026-05-13T23:23:38.042252
8233374671081466935,https://www.hemnet.se/salda/lagenhet-2rum-gottfridsberg-linkopings-kommun-vretagatan-17-8233374671081466935,55-56m²,bostadsratt,2026-05-13T23:23:38.042254
2663599572088918500,https://www.hemnet.se/salda/lagenhet-2rum-epadalen-angelholms-kommun-sandakragatan-1d-2663599572088918500,55-56m²,bostadsratt,2026-05-13T23:23:38.042255
3426827133892912495,https://www.hemnet.se/salda/lagenhet-2rum-fresta-upplands-vasby-kommun-starkmansgatan-3h-3426827133892912495,55-56m²,bostadsratt,2026-05-13T23:23:38.042256
2314850205616744208,https://www.hemnet.se/salda/lagenhet-2rum-taby-park-taby-kommun-parkallen-28-2314850205616744208,55-56m²,bostadsratt,2026-05-13T23:23:38.042258
1449478393256515125,https://www.hemnet.se/salda/lagenhet-2rum-johanneberg-almedal-goteborgs-kommun-falkenbergsgatan-9c-1449478393256515125,55-56m²,bostadsratt,2026-05-13T23:23:38.042259
5381893071450972983,https://www.hemnet.se/salda/lagenhet-2rum-haga-norrkopings-kommun-norralundsgatan-6d-5381893071450972983,55-56m²,bostadsratt,2026-05-13T23:23:38.042261
1963936272924022907,https://www.hemnet.se/salda/lagenhet-2rum-barkarbystaden-jarfalla-kommun-gripengatan-11-1963936272924022907,55-56m²,bostadsratt,2026-05-13T23:23:38.042262
9127354669143486340,https://www.hemnet.se/salda/lagenhet-2rum-perstorp-perstorps-kommun-savgatan-6a-9127354669143486340,55-56m²,bostadsratt,2026-05-13T23:23:38.042264
4055457006806750984,https://www.hemnet.se/salda/lagenhet-2rum-enskede-gubbangen-stockholms-kommun-rubanksgrand-4-4055457006806750984,55-56m²,bostadsratt,2026-05-13T23:23:38.042265
4713968426192298050,https://www.hemnet.se/salda/lagenhet-2rum-marielundsviken-strangnas-kommun-revirvagen-5f-4713968426192298050,55-56m²,bostadsratt,2026-05-13T23:23:38.042267
2288791056052295625,https://www.hemnet.se/salda/lagenhet-2rum-nobel-annelund-malmo-kommun-amiralsgatan-83f-2288791056052295625,55-56m²,bostadsratt,2026-05-13T23:23:38.042268
3153298853746468454,https://www.hemnet.se/salda/lagenhet-2rum-villahagen-atvidabergs-kommun-vasavagen-15-3153298853746468454,55-56m²,bostadsratt,2026-05-13T23:23:38.042269
4077992926966888435,https://www.hemnet.se/salda/lagenhet-2rum-olympia-helsingborgs-kommun-mellersta-stenbocksgatan-35c-4077992926966888435,55-56m²,bostadsratt,2026-05-13T23:23:38.042271
8515117816155531261,https://www.hemnet.se/salda/lagenhet-2rum-vastra-hamnen-malmo-kommun-einar-hansens-esplanad-16-8515117816155531261,55-56m²,bostadsratt,2026-05-13T23:23:38.042272
8892845249824128060,https://www.hemnet.se/salda/lagenhet-2rum-holmangen-vanersborgs-kommun-landerivagen-148-8892845249824128060,55-56m²,bostadsratt,2026-05-13T23:23:38.042274
1936152695190383693,https://www.hemnet.se/salda/lagenhet-2rum-handen-haninge-kommun-arkens-vag-20-1936152695190383693,55-56m²,bostadsratt,2026-05-13T23:23:38.042275
2265338620071159806,https://www.hemnet.se/salda/lagenhet-2rum-jarnbrott-goteborgs-kommun-bildradiogatan-2-2265338620071159806,55-56m²,bostadsratt,2026-05-13T23:23:38.042276
7594122924175807336,https://www.hemnet.se/salda/lagenhet-2rum-centrum-lulea-kommun-sandviksgatan-50a-7594122924175807336,55-56m²,bostadsratt,2026-05-13T23:23:38.042278
7776678388790559690,https://www.hemnet.se/salda/lagenhet-2rum-fruangen-stockholms-kommun-kata-dalstroms-gata-7-7776678388790559690,55-56m²,bostadsratt,2026-05-13T23:23:38.042279
7926220093011976140,https://www.hemnet.se/salda/lagenhet-2rum-valbo-gavle-kommun-skommarsbacken-31b-7926220093011976140,55-56m²,bostadsratt,2026-05-13T23:23:38.042280
4471063715512630791,https://www.hemnet.se/salda/lagenhet-2rum-nacka-saltsjobaden-nacka-kommun-fidravagen-73-4471063715512630791,55-56m²,bostadsratt,2026-05-13T23:23:38.042282
4942942879312161450,https://www.hemnet.se/salda/lagenhet-2rum-centrum-harnosands-kommun-hospitalsgatan-3-4942942879312161450,55-56m²,bostadsratt,2026-05-13T23:23:38.042283
712331415626225658,https://www.hemnet.se/salda/lagenhet-2rum-balsta-gamla-balsta-habo-kommun-bjorkvallen-24-712331415626225658,55-56m²,bostadsratt,2026-05-13T23:23:38.042284
7833464838222754879,https://www.hemnet.se/salda/lagenhet-2rum-hoganas-uppsala-kommun-alriksgatan-1b-7833464838222754879,55-56m²,bostadsratt,2026-05-13T23:23:38.042286
6502586672125771548,https://www.hemnet.se/salda/lagenhet-2rum-hyllingelyckan-landskrona-kommun-15d-italiengatan-6502586672125771548,55-56m²,bostadsratt,2026-05-13T23:23:38.042287
98340795739458711,https://www.hemnet.se/salda/lagenhet-2rum-berghem-umea-kommun-ragangen-6a-98340795739458711,55-56m²,bostadsratt,2026-05-13T23:23:38.042288
4420571665262318083,https://www.hemnet.se/salda/lagenhet-2rum-arenaparken-lunds-kommun-finalgatan-15b-4420571665262318083,55-56m²,bostadsratt,2026-05-13T23:23:38.042290
3428535761771484167,https://www.hemnet.se/salda/lagenhet-2rum-centrum-angelholms-kommun-jarnvagsgatan-13-3428535761771484167,55-56m²,bostadsratt,2026-05-13T23:23:38.042291
1725715013030371842,https://www.hemnet.se/salda/lagenhet-2rum-haga-norrkopings-kommun-norralundsgatan-6b-1725715013030371842,55-56m²,bostadsratt,2026-05-13T23:23:38.042292
939265191270761438,https://www.hemnet.se/salda/lagenhet-2rum-skiljebo-vasteras-kommun-sevallagatan-5a-939265191270761438,55-56m²,bostadsratt,2026-05-13T23:23:38.042294
7109163490668125427,https://www.hemnet.se/salda/lagenhet-2rum-centrum-kopings-kommun-glasgatan-12-b-7109163490668125427,55-56m²,bostadsratt,2026-05-13T23:23:38.042295
6128165286943118527,https://www.hemnet.se/salda/lagenhet-2rum-majorna-goteborgs-kommun-chapmansgatan-4-6128165286943118527,55-56m²,bostadsratt,2026-05-13T23:23:38.042297
8369667709127457921,https://www.hemnet.se/salda/lagenhet-2rum-flogsta-uppsala-kommun-flogstavagen-5a-8369667709127457921,55-56m²,bostadsratt,2026-05-13T23:23:38.042298
4245521863461708408,https://www.hemnet.se/salda/lagenhet-2rum-marnas-ludvika-kommun-gamla-bangatan-42-b-4245521863461708408,55-56m²,bostadsratt,2026-05-13T23:23:38.042300
8040255673449808512,https://www.hemnet.se/salda/lagenhet-3rum-arsta-stockholms-kommun-storsjovagen-60-8040255673449808512,55-56m²,bostadsratt,2026-05-13T23:23:38.042301
1201221843449425189,https://www.hemnet.se/salda/lagenhet-2rum-malardalen-enkopings-kommun-skordevagen-3-1201221843449425189,55-56m²,bostadsratt,2026-05-13T23:23:38.042303
163117755959832428,https://www.hemnet.se/salda/lagenhet-2rum-malarhojden-stockholms-kommun-klubbacken-24-163117755959832428,55-56m²,bostadsratt,2026-05-13T23:23:38.042304
4962593056407293038,https://www.hemnet.se/salda/lagenhet-2rum-luthagen-uppsala-kommun-hallbygatan-32b-4962593056407293038,55-56m²,bostadsratt,2026-05-13T23:23:38.042306
7215405027338687384,https://www.hemnet.se/salda/lagenhet-2rum-gotalunden-trollhattans-kommun-idrottsvagen-21d-7215405027338687384,55-56m²,bostadsratt,2026-05-13T23:23:38.042307
6730169711073618171,https://www.hemnet.se/salda/lagenhet-2rum-vattersnas-jonkopings-kommun-andreevagen-70-6730169711073618171,55-56m²,bostadsratt,2026-05-13T23:23:38.042309
809131016781602418,https://www.hemnet.se/salda/lagenhet-2rum-rabylund-lunds-kommun-agronomvagen-8-809131016781602418,55-56m²,bostadsratt,2026-05-13T23:23:38.042310
1737259677760262933,https://www.hemnet.se/salda/lagenhet-2rum-centrala-hisingen-goteborgs-kommun-langangen-41b-1737259677760262933,55-56m²,bostadsratt,2026-05-13T23:23:38.042311
3140464406938203985,"https://www.hemnet.se/salda/lagenhet-2rum-nacka-nacka-forum-nacka-kommun-varmdovagen-173,-3-tr-3140464406938203985",55-56m²,bostadsratt,2026-05-13T23:23:38.042313
9120707746267805729,https://www.hemnet.se/salda/lagenhet-2rum-norr-helsingborgs-kommun-hallgatan-3-9120707746267805729,55-56m²,bostadsratt,2026-05-13T23:23:38.042315
491082516089162457,https://www.hemnet.se/salda/lagenhet-2rum-ostanas-kopings-kommun-pungbovagen-24-491082516089162457,55-56m²,bostadsratt,2026-05-13T23:23:38.042316
2472881222777237819,https://www.hemnet.se/salda/lagenhet-2rum-yttre-hamn-kanikenasholmen-karlstads-kommun-kanikenasbanken-23-b-2472881222777237819,55-56m²,bostadsratt,2026-05-13T23:23:38.042317
494614389982050839,https://www.hemnet.se/salda/lagenhet-2rum-hammarby-vasteras-kommun-narvavagen-71-494614389982050839,55-56m²,bostadsratt,2026-05-13T23:23:38.042319
7477249965121079467,https://www.hemnet.se/salda/lagenhet-2rum-vastra-hamnen-malmo-kommun-lilla-varvsgatan-13k-7477249965121079467,55-56m²,bostadsratt,2026-05-13T23:23:38.042320
1367243077084533578,https://www.hemnet.se/salda/lagenhet-2rum-oppeby-nykopings-kommun-linnevagen-8b-1367243077084533578,55-56m²,bostadsratt,2026-05-13T23:23:38.042322
3008233543386531321,https://www.hemnet.se/salda/lagenhet-2rum-berghem-umea-kommun-terrangvagen-5a-3008233543386531321,55-56m²,bostadsratt,2026-05-13T23:23:38.042323
7629887807296930712,https://www.hemnet.se/salda/lagenhet-2rum-visby-lannaplan-gotlands-kommun-lannaplan-1-e-7629887807296930712,55-56m²,bostadsratt,2026-05-13T23:23:38.042324
122667320912335662,https://www.hemnet.se/salda/lagenhet-2rum-blasut-stockholms-kommun-pastellvagen-12-3tr-122667320912335662,55-56m²,bostadsratt,2026-05-13T23:23:38.042326
7495545533837966190,https://www.hemnet.se/salda/lagenhet-2rum-skonsmon-sundsvalls-kommun-kubikenborgsgatan-14-c-7495545533837966190,55-56m²,bostadsratt,2026-05-13T23:23:38.042327
3177578102856810745,https://www.hemnet.se/salda/lagenhet-2rum-centrala-sundbyberg-sundbybergs-kommun-vintergatan-2e-3177578102856810745,55-56m²,bostadsratt,2026-05-13T23:23:38.042329
8829326599661414102,https://www.hemnet.se/salda/lagenhet-2rum-marnas-ludvika-kommun-gamla-bangatan-40b-8829326599661414102,55-56m²,bostadsratt,2026-05-13T23:23:38.042330
101375523734747401,https://www.hemnet.se/salda/lagenhet-2rum-nasbypark-taby-kommun-ornstigen-21-101375523734747401,55-56m²,bostadsratt,2026-05-13T23:23:38.042332
5284030466733788747,https://www.hemnet.se/salda/lagenhet-2rum-dockan-malmo-kommun-ostra-varvsgatan-3bb-5284030466733788747,55-56m²,bostadsratt,2026-05-13T23:23:38.042334
2623816497260355079,https://www.hemnet.se/salda/lagenhet-2rum-centrala-marsta-sigtuna-kommun-skolgatan-1g-2623816497260355079,55-56m²,bostadsratt,2026-05-13T23:23:38.042335
2792392856070460966,https://www.hemnet.se/salda/lagenhet-3rum-gamla-enskede-stockholms-kommun-tallkrogsvagen-6d-2792392856070460966,55-56m²,bostadsratt,2026-05-13T23:23:38.042337
2784413176680299769,https://www.hemnet.se/salda/lagenhet-2rum-lovskatan-lulea-kommun-torsvagen-1-2784413176680299769,55-56m²,bostadsratt,2026-05-13T23:23:38.042338
8687156245890426070,https://www.hemnet.se/salda/lagenhet-2rum-vastra-sjostaden-ystads-kommun-brisgatan-3-8687156245890426070,55-56m²,bostadsratt,2026-05-13T23:23:38.042340
8769880633087965223,https://www.hemnet.se/salda/lagenhet-2rum-kallhall-jarfalla-kommun-smedvagen-11-8769880633087965223,55-56m²,bostadsratt,2026-05-13T23:23:38.042341
863603482948868400,https://www.hemnet.se/salda/lagenhet-2rum-tagaborg-helsingborgs-kommun-halsovagen-41a-863603482948868400,55-56m²,bostadsratt,2026-05-13T23:23:38.042343
1639004734776913689,https://www.hemnet.se/salda/lagenhet-2rum-hogsbo-goteborgs-kommun-skapplandsgatan-13-1639004734776913689,55-56m²,bostadsratt,2026-05-13T23:23:38.042344
127769833961863283,https://www.hemnet.se/salda/lagenhet-2rum-bromma-riksby-stockholms-kommun-spangavagen-28-127769833961863283,55-56m²,bostadsratt,2026-05-13T23:23:38.042346
4537286501220476031,https://www.hemnet.se/salda/lagenhet-2rum-rosta-orebro-kommun-trumpetaregatan-10-b-4537286501220476031,55-56m²,bostadsratt,2026-05-13T23:23:38.042347
4761854440368688028,https://www.hemnet.se/salda/lagenhet-2rum-eds-alle-upplands-vasby-kommun-malarvagen-123-4761854440368688028,55-56m²,bostadsratt,2026-05-13T23:23:38.042349
1919114131848465651,https://www.hemnet.se/salda/lagenhet-3rum-akeshov-stockholms-kommun-knypplerskevagen-24-1919114131848465651,55-56m²,bostadsratt,2026-05-13T23:23:38.042351
1370836645322591793,https://www.hemnet.se/salda/lagenhet-2rum-centralt-kungalvs-kommun-selma-lagerlofs-gata-7-1370836645322591793,55-56m²,bostadsratt,2026-05-13T23:23:38.042352
5895382283106041017,https://www.hemnet.se/salda/lagenhet-2rum-centralt-karlskoga-kommun-skragatan-10a-5895382283106041017,55-56m²,bostadsratt,2026-05-13T23:23:38.042354
488669059813992595,https://www.hemnet.se/salda/lagenhet-2rum-vendelsomalm-haninge-kommun-soderbytorpsgatan-8-488669059813992595,55-56m²,bostadsratt,2026-05-13T23:23:38.042355
3371940059642731181,https://www.hemnet.se/salda/lagenhet-2rum-vikhem-staffanstorps-kommun-vendelvagen-1-f-3371940059642731181,55-56m²,bostadsratt,2026-05-13T23:23:38.042357
6242180387107145108,https://www.hemnet.se/salda/lagenhet-2rum-tierp-tierps-kommun-gripenbergsvagen-4-6242180387107145108,55-56m²,bostadsratt,2026-05-13T23:23:38.042358
8566335617796286920,https://www.hemnet.se/salda/lagenhet-2rum-avesta-avesta-kommun-poppelvagen-2b-8566335617796286920,55-56m²,bostadsratt,2026-05-13T23:23:38.042360
6865781213070805955,https://www.hemnet.se/salda/lagenhet-2rum-hokarangen-stockholms-kommun-saltvagen-19-6865781213070805955,55-56m²,bostadsratt,2026-05-13T23:23:38.042362
7807203130210906413,https://www.hemnet.se/salda/lagenhet-2rum-vastra-hamnen-malmo-kommun-flaggskeppsgatan-6-7807203130210906413,55-56m²,bostadsratt,2026-05-13T23:23:38.042363
4472623916518388380,https://www.hemnet.se/salda/lagenhet-2rum-centralt-vaster-orebro-kommun-lovstagatan-46f-4472623916518388380,55-56m²,bostadsratt,2026-05-13T23:23:38.042365
4197463306908895506,https://www.hemnet.se/salda/lagenhet-2rum-vasterhaninge-haninge-kommun-granstigen-3-4197463306908895506,55-56m²,bostadsratt,2026-05-13T23:23:38.042366
2139126951555375243,https://www.hemnet.se/salda/lagenhet-2rum-prastbordet-skelleftea-kommun-faltjagarvagen-45a-2139126951555375243,55-56m²,bostadsratt,2026-05-13T23:23:38.042367
7840171818447250120,https://www.hemnet.se/salda/lagenhet-2rum-halsinggarden-falu-kommun-verkstadsvagen-6c-7840171818447250120,55-56m²,bostadsratt,2026-05-13T23:23:38.042369
6470758793566840700,https://www.hemnet.se/salda/lagenhet-2rum-eriksberg-goteborgs-kommun-ostindiefararen-5-6470758793566840700,55-56m²,bostadsratt,2026-05-13T23:23:38.042370
4487687179179438715,https://www.hemnet.se/salda/lagenhet-2rum-majorna-goteborgs-kommun-toppsegelsgatan-11-4487687179179438715,55-56m²,bostadsratt,2026-05-13T23:23:38.042372
1432437615386203505,https://www.hemnet.se/salda/lagenhet-2rum-ostervarn-malmo-kommun-mellangatan-4a-1432437615386203505,55-56m²,bostadsratt,2026-05-13T23:23:38.042373
7938022130653894305,https://www.hemnet.se/salda/lagenhet-2rum-johannelund-vidingsjo-linkopings-kommun-munkhagsgatan-104-7938022130653894305,55-56m²,bostadsratt,2026-05-13T23:23:38.042375
3691460513448709569,https://www.hemnet.se/salda/lagenhet-2rum-vastertorp-stockholms-kommun-vastertorpsvagen-82-3691460513448709569,55-56m²,bostadsratt,2026-05-13T23:23:38.042376
6080292622407314165,https://www.hemnet.se/salda/lagenhet-2rum-dammfri-malmo-kommun-bellevuevagen-4c-6080292622407314165,55-56m²,bostadsratt,2026-05-13T23:23:38.042378
3210828465734334421,"https://www.hemnet.se/salda/lagenhet-2rum-vasastan-stockholms-kommun-drottninggatan-81b,-3-tr-3210828465734334421",55-56m²,bostadsratt,2026-05-13T23:23:38.042379
1124929175750929132,"https://www.hemnet.se/salda/lagenhet-2,5rum-luthagen-uppsala-kommun-geijersgatan-17a-1124929175750929132",55-56m²,bostadsratt,2026-05-13T23:23:38.042381
4966443206632284782,https://www.hemnet.se/salda/lagenhet-2rum-hallstahammar-hallstahammars-kommun-eldsbodavagen-21c-4966443206632284782,55-56m²,bostadsratt,2026-05-13T23:23:38.042382
2237172211601794871,https://www.hemnet.se/salda/lagenhet-2rum-rabylund-lunds-kommun-agronomvagen-6-2237172211601794871,55-56m²,bostadsratt,2026-05-13T23:23:38.042384
1950671214753839031,https://www.hemnet.se/salda/lagenhet-2rum-fresta-upplands-vasby-kommun-paskvippegatan-6c-1950671214753839031,55-56m²,bostadsratt,2026-05-13T23:23:38.042386
7053486984716846554,"https://www.hemnet.se/salda/lagenhet-2rum-aspudden-stockholms-kommun-sigurd-rings-gata-5,-4-tr,-7053486984716846554",55-56m²,bostadsratt,2026-05-13T23:23:38.042387
6608225402623942734,https://www.hemnet.se/salda/lagenhet-2rum-rosendal-uppsala-kommun-vardsatravagen-3-b-6608225402623942734,55-56m²,bostadsratt,2026-05-13T23:23:38.042389
2067899477067226916,https://www.hemnet.se/salda/lagenhet-2rum-bromma-traneberg-stockholms-kommun-hallebergsvagen-26-2067899477067226916,55-56m²,bostadsratt,2026-05-13T23:23:38.042390
1281366254843245153,https://www.hemnet.se/salda/lagenhet-2rum-fredriksdal-goteborgs-kommun-brynolfsgatan-1d-1281366254843245153,55-56m²,bostadsratt,2026-05-13T23:23:38.042392
6701471695788236570,https://www.hemnet.se/salda/lagenhet-3rum-hoganas-hoganas-kommun-yxvagen-12d-6701471695788236570,55-56m²,bostadsratt,2026-05-13T23:23:38.042393
4042812739139772023,https://www.hemnet.se/salda/lagenhet-2rum-vastra-kattarp-malmo-kommun-jagersrovagen-8a-4042812739139772023,55-56m²,bostadsratt,2026-05-13T23:23:38.042395
354832318966017340,"https://www.hemnet.se/salda/lagenhet-2rum-arsta-stockholms-kommun-siljansvagen-18,-3-tr,-354832318966017340",55-56m²,bostadsratt,2026-05-13T23:23:38.042396
4359296929469590295,https://www.hemnet.se/salda/lagenhet-2rum-tierp-tierps-kommun-tegelbruksgatan-122b-4359296929469590295,55-56m²,bostadsratt,2026-05-13T23:23:38.042398
6337893569981428895,https://www.hemnet.se/salda/lagenhet-2rum-marnas-ludvika-kommun-gamla-bangatan-43a-6337893569981428895,55-56m²,bostadsratt,2026-05-13T23:23:38.042399
2273427841509229108,https://www.hemnet.se/salda/lagenhet-2rum-linne-annedal-goteborgs-kommun-seminariegatan-16-2273427841509229108,55-56m²,bostadsratt,2026-05-13T23:23:38.042401
7089244573370651807,https://www.hemnet.se/salda/lagenhet-2rum-ostermalm-stockholms-kommun-styrmansgatan-51-a-7089244573370651807,55-56m²,bostadsratt,2026-05-13T23:23:38.042402
4703868161966230416,https://www.hemnet.se/salda/lagenhet-2rum-ostermalm-stockholms-kommun-jungfrugatan-52-4703868161966230416,55-56m²,bostadsratt,2026-05-13T23:23:38.042403
4355682656307893456,"https://www.hemnet.se/salda/lagenhet-2rum-nara-simhallen-vadstena-kommun-borgmastaregatan-25a,-3tr-4355682656307893456",55-56m²,bostadsratt,2026-05-13T23:23:38.042405
5264907154338241671,https://www.hemnet.se/salda/lagenhet-2rum-dockan-malmo-kommun-lovartsgatan-13-5264907154338241671,55-56m²,bostadsratt,2026-05-13T23:23:38.042406
475548860087072229,https://www.hemnet.se/salda/lagenhet-2rum-sundbyberg-lilla-alby-sundbybergs-kommun-tradgardsgatan-4b-475548860087072229,55-56m²,bostadsratt,2026-05-13T23:23:38.042408
7997643356695882122,https://www.hemnet.se/salda/lagenhet-2rum-rasunda-solna-kommun-gustafsvagen-6-7997643356695882122,55-56m²,bostadsratt,2026-05-13T23:23:38.042409
2850743507101205251,https://www.hemnet.se/salda/lagenhet-2rum-vastra-gislaved-gislaveds-kommun-sodergatan-26b-2850743507101205251,55-56m²,bostadsratt,2026-05-13T23:23:38.042411
6148059317848522351,https://www.hemnet.se/salda/lagenhet-2rum-visby-gotlands-kommun-greta-arwidssons-gata-16c-6148059317848522351,55-56m²,bostadsratt,2026-05-13T23:23:38.042412
8436071932613163123,https://www.hemnet.se/salda/lagenhet-2rum-segevang-malmo-kommun-kronetorpsgatan-46b-8436071932613163123,55-56m²,bostadsratt,2026-05-13T23:23:38.042414
66555449292838653,https://www.hemnet.se/salda/lagenhet-2rum-johanneberg-fredriksdal-goteborgs-kommun-fredriksdalsgatan-6b-66555449292838653,55-56m²,bostadsratt,2026-05-13T23:23:38.042415
5255230960500318458,"https://www.hemnet.se/salda/lagenhet-2rum-aspudden-stockholms-kommun-hagerstensvagen-152,-1,5-tr-5255230960500318458",55-56m²,bostadsratt,2026-05-13T23:23:38.042417
1939537928706334170,https://www.hemnet.se/salda/lagenhet-2rum-kirseberg-malmo-kommun-ryttaregatan-3a-1939537928706334170,55-56m²,bostadsratt,2026-05-13T23:23:38.042418
8884205935062524657,https://www.hemnet.se/salda/lagenhet-2rum-hammarby-sjostad-stockholms-kommun-virkesvagen-9b-8884205935062524657,55-56m²,bostadsratt,2026-05-13T23:23:38.042420
3434552182311197936,https://www.hemnet.se/salda/lagenhet-2rum-ostermalm-stockholms-kommun-eriksbergsgatan-42-3434552182311197936,55-56m²,bostadsratt,2026-05-13T23:23:38.042422
8874138061846073914,https://www.hemnet.se/salda/lagenhet-3rum-huvudsta-solna-kommun-bangatan-3c-8874138061846073914,55-56m²,bostadsratt,2026-05-13T23:23:38.042423
6082903937301415259,https://www.hemnet.se/salda/lagenhet-2rum-jungfruplatsen-molndals-kommun-bagskyttegatan-4f-6082903937301415259,55-56m²,bostadsratt,2026-05-13T23:23:38.042424
3954874945396062088,https://www.hemnet.se/salda/lagenhet-2rum-berga-kalmar-kommun-runvagen-11b-3954874945396062088,55-56m²,bostadsratt,2026-05-13T23:23:38.042426
3874402976852340912,https://www.hemnet.se/salda/lagenhet-2rum-ornaset-lulea-kommun-hallbruksgatan-18-3874402976852340912,55-56m²,bostadsratt,2026-05-13T23:23:38.042427
589464567263900944,https://www.hemnet.se/salda/lagenhet-2rum-krokom-krokoms-kommun-aspasvagen-18a-589464567263900944,55-56m²,bostadsratt,2026-05-13T23:23:38.042429
3951224276167085781,https://www.hemnet.se/salda/lagenhet-2rum-varvsstaden-malmo-kommun-angfarjekajen-22-3951224276167085781,55-56m²,bostadsratt,2026-05-13T23:23:38.042430
773623053160120777,https://www.hemnet.se/salda/lagenhet-2rum-ostermalm-stockholms-kommun-kommendorsgatan-40-773623053160120777,55-56m²,bostadsratt,2026-05-13T23:23:38.042432
1704685264044817309,https://www.hemnet.se/salda/lagenhet-2rum-lansmansgarden-goteborgs-kommun-norra-fjadermolnsgatan-42-1704685264044817309,55-56m²,bostadsratt,2026-05-13T23:23:38.042434
721222178712409655,https://www.hemnet.se/salda/lagenhet-2rum-disponentparken-orebro-kommun-bjorkmansgatan-14-721222178712409655,55-56m²,bostadsratt,2026-05-13T23:23:38.042435
57801607229174656,"https://www.hemnet.se/salda/lagenhet-2rum-gardet-stockholms-kommun-furusundsgatan-13,-6-tr-57801607229174656",55-56m²,bostadsratt,2026-05-13T23:23:38.042437
1112533354039836482,https://www.hemnet.se/salda/lagenhet-2rum-gideonsberg-skallberget-vasteras-kommun-gulmarastigen-4b-1112533354039836482,55-56m²,bostadsratt,2026-05-13T23:23:38.042438
7677229124789581958,"https://www.hemnet.se/salda/lagenhet-1,5rum-kungsholmen-stockholms-kommun-sankt-eriksgatan-58-d,-2-tr-7677229124789581958",55-56m²,bostadsratt,2026-05-13T23:23:38.042440
7346652356341996758,https://www.hemnet.se/salda/lagenhet-2rum-kapellgardet-uppsala-kommun-portalgatan-86-7346652356341996758,55-56m²,bostadsratt,2026-05-13T23:23:38.042441
4131243296234549041,https://www.hemnet.se/salda/lagenhet-2rum-bromma-akeshov-stockholms-kommun-bergslagsvagen-17-4131243296234549041,55-56m²,bostadsratt,2026-05-13T23:23:38.042443
4478357695179006948,https://www.hemnet.se/salda/lagenhet-3rum-arsta-stockholms-kommun-storsjovagen-36-4478357695179006948,55-56m²,bostadsratt,2026-05-13T23:23:38.042445
6643767529432542673,https://www.hemnet.se/salda/lagenhet-2rum-hassleholm-vaster-hassleholms-kommun-norregatan-15-6643767529432542673,55-56m²,bostadsratt,2026-05-13T23:23:38.042446
4269147500538453504,https://www.hemnet.se/salda/lagenhet-2rum-arsta-stockholms-kommun-borensvagen-23-4269147500538453504,55-56m²,bostadsratt,2026-05-13T23:23:38.042447
2360349096429312486,https://www.hemnet.se/salda/lagenhet-2rum-vasastan-stockholms-kommun-rorstrandsgatan-10-2360349096429312486,55-56m²,bostadsratt,2026-05-13T23:23:38.042449
4403769752622560645,"https://www.hemnet.se/salda/lagenhet-2rum-vasastan-birkastan-stockholms-kommun-tomtebogatan-23a,-3tr-o,g-4403769752622560645",55-56m²,bostadsratt,2026-05-13T23:23:38.042451
7521178561934047259,https://www.hemnet.se/salda/lagenhet-2rum-marielund-ostersunds-kommun-odensalagatan-57b-7521178561934047259,55-56m²,bostadsratt,2026-05-13T23:23:38.042452
9015790166689901824,https://www.hemnet.se/salda/lagenhet-2rum-satra-skarholmen-stockholms-kommun-kungssatravagen-30-9015790166689901824,55-56m²,bostadsratt,2026-05-13T23:23:38.042454
5514037752731850964,https://www.hemnet.se/salda/lagenhet-2rum-brunnshog-lunds-kommun-brunnshogsgatan-52-5514037752731850964,55-56m²,bostadsratt,2026-05-13T23:23:38.042455
8926770457711570879,https://www.hemnet.se/salda/lagenhet-2rum-alsike-knivsta-kommun-lustigkullagatan-10-8926770457711570879,55-56m²,bostadsratt,2026-05-13T23:23:38.042456
3959189299818332416,https://www.hemnet.se/salda/lagenhet-2rum-kungsholmen-stockholms-kommun-arbetargatan-33a-3959189299818332416,55-56m²,bostadsratt,2026-05-13T23:23:38.042458
5386619704671854442,https://www.hemnet.se/salda/lagenhet-2rum-kulladal-malmo-kommun-per-albin-hanssons-vag-61a-5386619704671854442,55-56m²,bostadsratt,2026-05-13T23:23:38.042459
7659034796364245538,https://www.hemnet.se/salda/lagenhet-2rum-eds-alle-runby-upplands-vasby-kommun-edsby-alle-30-7659034796364245538,55-56m²,bostadsratt,2026-05-13T23:23:38.042461
487583758537193826,https://www.hemnet.se/salda/lagenhet-2rum-tunavallen-centralt-eskilstuna-kommun-krongatan-7-487583758537193826,55-56m²,bostadsratt,2026-05-13T23:23:38.042462
1742422817686110185,https://www.hemnet.se/salda/lagenhet-2rum-sorbyangen-orebro-kommun-peppargatan-23-1742422817686110185,55-56m²,bostadsratt,2026-05-13T23:23:38.042464
5558319833231487096,https://www.hemnet.se/salda/lagenhet-2rum-globen-stockholms-kommun-skulptorvagen-14-5558319833231487096,55-56m²,bostadsratt,2026-05-13T23:23:38.042465
4220803346974483275,https://www.hemnet.se/salda/lagenhet-2rum-avesta-avesta-kommun-axel-johnsons-vag-81-4220803346974483275,55-56m²,bostadsratt,2026-05-13T23:23:38.042467
72564208518715197,https://www.hemnet.se/salda/lagenhet-2rum-akeshov-stockholms-kommun-snormakarvagen-45-72564208518715197,55-56m²,bostadsratt,2026-05-13T23:23:38.042469
6273079973622415071,https://www.hemnet.se/salda/lagenhet-2rum-dockan-malmo-kommun-dockgatan-31-6273079973622415071,55-56m²,bostadsratt,2026-05-13T23:23:38.042470
6580125354534778541,https://www.hemnet.se/salda/lagenhet-2rum-centrum-trelleborgs-kommun-hedvagen-88-6580125354534778541,55-56m²,bostadsratt,2026-05-13T23:23:38.042471
4990557061804509183,https://www.hemnet.se/salda/lagenhet-2rum-norrmalm-skovde-kommun-radmansgatan-12a-4990557061804509183,55-56m²,bostadsratt,2026-05-13T23:23:38.042473
8716494869586811436,https://www.hemnet.se/salda/lagenhet-2rum-teg-umea-kommun-jagarvagen-5b-8716494869586811436,55-56m²,bostadsratt,2026-05-13T23:23:38.042475
329747466757028022,https://www.hemnet.se/salda/lagenhet-2rum-sala-backe-uppsala-kommun-kallparksgatan-18-329747466757028022,55-56m²,bostadsratt,2026-05-13T23:23:38.042476
3578967643155678359,https://www.hemnet.se/salda/lagenhet-2rum-ludvika-hogberget-ludvika-kommun-bergsgatan-13a-3578967643155678359,55-56m²,bostadsratt,2026-05-13T23:23:38.042477
8536364409325324432,https://www.hemnet.se/salda/lagenhet-2rum-nya-staden-lidkopings-kommun-sveagatan-31b-8536364409325324432,55-56m²,bostadsratt,2026-05-13T23:23:38.042479
2851307976256500647,https://www.hemnet.se/salda/lagenhet-2rum-tagaborg-helsingborgs-kommun-aschebergsgatan-8-2851307976256500647,55-56m²,bostadsratt,2026-05-13T23:23:38.042480
4529255512700572637,https://www.hemnet.se/salda/lagenhet-2rum-flatas-goteborgs-kommun-famngatan-30-4529255512700572637,55-56m²,bostadsratt,2026-05-13T23:23:38.042482
4063187888159418079,"https://www.hemnet.se/salda/lagenhet-2rum-sodermalm-stockholms-kommun-roddargatan-8,-van-2-4063187888159418079",55-56m²,bostadsratt,2026-05-13T23:23:38.042483
1372596249394141153,https://www.hemnet.se/salda/lagenhet-2rum-oster-nykopings-kommun-ostanvagen-10-1372596249394141153,55-56m²,bostadsratt,2026-05-13T23:23:38.042484
1432774905449092063,https://www.hemnet.se/salda/lagenhet-2rum-centrum-knivsta-kommun-sarstavagen-3-a-1432774905449092063,55-56m²,bostadsratt,2026-05-13T23:23:38.042486
5371510073221891891,https://www.hemnet.se/salda/lagenhet-2rum-kungsholmen-stockholms-kommun-sankt-eriksgatan-24-5371510073221891891,55-56m²,bostadsratt,2026-05-13T23:23:38.042488
586679152619328100,https://www.hemnet.se/salda/lagenhet-2rum-kvarnberget-karlstads-kommun-kvarnbergsgatan-50-586679152619328100,55-56m²,bostadsratt,2026-05-13T23:23:38.042489
8111713419292829638,https://www.hemnet.se/salda/lagenhet-2rum-grabo-gotlands-kommun-bergmansgatan-30-8111713419292829638,55-56m²,bostadsratt,2026-05-13T23:23:38.042491
1964368921131751974,https://www.hemnet.se/salda/lagenhet-2rum-hagastaden-karolinska-solna-kommun-fogdevreten-6-1964368921131751974,55-56m²,bostadsratt,2026-05-13T23:23:38.042492
2543863561029062599,https://www.hemnet.se/salda/lagenhet-2rum-city-malmo-kommun-beijerskajen-2b-2543863561029062599,55-56m²,bostadsratt,2026-05-13T23:23:38.042494
3684659532731454756,https://www.hemnet.se/salda/lagenhet-2rum-barkarbystaden-jarfalla-kommun-gripengatan-11-3684659532731454756,55-56m²,bostadsratt,2026-05-13T23:23:38.042495
8929823987300902855,https://www.hemnet.se/salda/lagenhet-2rum-mariefred-strangnas-kommun-revirvagen-5a-8929823987300902855,55-56m²,bostadsratt,2026-05-13T23:23:38.042496
2823542526366163618,https://www.hemnet.se/salda/lagenhet-2rum-osby-osby-kommun-fabriksgatan-13a-2823542526366163618,55-56m²,bostadsratt,2026-05-13T23:23:38.042498
200177689254480762,https://www.hemnet.se/salda/lagenhet-2rum-dammfri-malmo-kommun-ribevagen-8a-200177689254480762,55-56m²,bostadsratt,2026-05-13T23:23:38.042500
1325039523567312678,https://www.hemnet.se/salda/lagenhet-2rum-lunden-goteborgs-kommun-sergelsgatan-1c-1325039523567312678,55-56m²,bostadsratt,2026-05-13T23:23:38.042501
1078186646207504080,https://www.hemnet.se/salda/lagenhet-2rum-centrum-kavlinge-kommun-vastra-langgatan-3b-1078186646207504080,55-56m²,bostadsratt,2026-05-13T23:23:38.042503
8510907718415308660,https://www.hemnet.se/salda/lagenhet-2rum-sjobo-boras-kommun-bjorkhemsgatan-7-8510907718415308660,55-56m²,bostadsratt,2026-05-13T23:23:38.042504
5303287301183315793,https://www.hemnet.se/salda/lagenhet-2rum-balsta-vappeby-ang-habo-kommun-gardesvagen-29-5303287301183315793,55-56m²,bostadsratt,2026-05-13T23:23:38.042506
8711855818681441264,"https://www.hemnet.se/salda/lagenhet-2rum-eds-alle-upplands-vasby-kommun-vallstavagen-16,-3tr-8711855818681441264",55-56m²,bostadsratt,2026-05-13T23:23:38.042507
5038314088764923436,https://www.hemnet.se/salda/lagenhet-2rum-sater-saters-kommun-gransgatan-8-c-5038314088764923436,55-56m²,bostadsratt,2026-05-13T23:23:38.042509
6200049094041873887,https://www.hemnet.se/salda/lagenhet-2rum-slottshojden-helsingborgs-kommun-master-ernsts-gata-12-6200049094041873887,55-56m²,bostadsratt,2026-05-13T23:23:38.042510
6864255656903000560,https://www.hemnet.se/salda/lagenhet-2rum-vendelso-haninge-kommun-vendelso-skolvag-12-6864255656903000560,55-56m²,bostadsratt,2026-05-13T23:23:38.042512
3410038787167625977,https://www.hemnet.se/salda/lagenhet-2rum-sundby-stockholms-kommun-johannelundsvagen-51-3410038787167625977,55-56m²,bostadsratt,2026-05-13T23:23:38.042513
8635110128946255378,https://www.hemnet.se/salda/lagenhet-2rum-eriksberg-goteborgs-kommun-bratterasgatan-44-8635110128946255378,55-56m²,bostadsratt,2026-05-13T23:23:38.042518
3311296918107407654,"https://www.hemnet.se/salda/lagenhet-2,5rum-hammarbyhojden-stockholms-kommun-kalmgatan-28-3311296918107407654",55-56m²,bostadsratt,2026-05-13T23:23:38.042519
2801569089503987314,https://www.hemnet.se/salda/lagenhet-1rum-gallivare-gallivare-kommun-malmbergsvagen-9a-2801569089503987314,55-56m²,bostadsratt,2026-05-13T23:23:38.042521
6789845394254508258,https://www.hemnet.se/salda/lagenhet-2rum-vastra-kattarp-malmo-kommun-jagersrovagen-5c-6789845394254508258,55-56m²,bostadsratt,2026-05-13T23:23:38.042522
5140357895725916527,https://www.hemnet.se/salda/lagenhet-2rum-sodermalm-hogalid-stockholms-kommun-langholmsgatan-11a-gardshus-5140357895725916527,55-56m²,bostadsratt,2026-05-13T23:23:38.042524
915181729291287645,https://www.hemnet.se/salda/lagenhet-2rum-arsta-stockholms-kommun-storsjovagen-58-915181729291287645,55-56m²,bostadsratt,2026-05-13T23:23:38.042525
5507259648970470054,https://www.hemnet.se/salda/lagenhet-2rum-centrala-ystad-ystads-kommun-skottegatan-9b-5507259648970470054,55-56m²,bostadsratt,2026-05-13T23:23:38.042527
1567498686485129886,https://www.hemnet.se/salda/lagenhet-2rum-hagerstensasen-stockholms-kommun-inteckningsvagen-64-1567498686485129886,55-56m²,bostadsratt,2026-05-13T23:23:38.042528
6966249949634138831,https://www.hemnet.se/salda/lagenhet-2rum-karrtorp-stockholms-kommun-fyrskeppsvagen-75-6966249949634138831,55-56m²,bostadsratt,2026-05-13T23:23:38.042529
6326893280114493905,"https://www.hemnet.se/salda/lagenhet-2rum-kista-stockholms-kommun-helsingorsgatan-34,-1tr-6326893280114493905",55-56m²,bostadsratt,2026-05-13T23:23:38.042531
1786445522806956488,"https://www.hemnet.se/salda/lagenhet-2rum-finnboda-hamn-nacka-kommun-finnboda-parkvag-6,-6-6-tr-1786445522806956488",55-56m²,bostadsratt,2026-05-13T23:23:38.042533
2158978037586217613,https://www.hemnet.se/salda/lagenhet-2rum-kungsangen-sala-kommun-odingatan-40-2158978037586217613,55-56m²,bostadsratt,2026-05-13T23:23:38.042534
5430242467853103271,https://www.hemnet.se/salda/lagenhet-2rum-haga-sundsvalls-kommun-vastergatan-25a-5430242467853103271,55-56m²,bostadsratt,2026-05-13T23:23:38.042535
4629480092836653686,"https://www.hemnet.se/salda/lagenhet-2rum-centrum,-smedjebackens-kommun-skolgatan-22-b-4629480092836653686",55-56m²,bostadsratt,2026-05-13T23:23:38.042537
6349662375576398469,https://www.hemnet.se/salda/lagenhet-2rum-trollebo-hallstahammars-kommun-eldsbodavagen-21a-6349662375576398469,55-56m²,bostadsratt,2026-05-13T23:23:38.042538
7971315048413840471,https://www.hemnet.se/salda/lagenhet-2rum-fresta-upplands-vasby-kommun-uppfinnargatan-9d-7971315048413840471,55-56m²,bostadsratt,2026-05-13T23:23:38.042540
6614498577186008795,https://www.hemnet.se/salda/lagenhet-2rum-luthagen-rickomberga-uppsala-kommun-luthagsesplanaden-16-6614498577186008795,55-56m²,bostadsratt,2026-05-13T23:23:38.042542
3806379322355151295,https://www.hemnet.se/salda/lagenhet-2rum-karlshamn-karlshamns-kommun-erik-dahlbergsvagen-83-3806379322355151295,55-56m²,bostadsratt,2026-05-13T23:23:38.042543
7697871845988501609,https://www.hemnet.se/salda/lagenhet-2rum-tingstuhojden-strangnas-kommun-tingstugatan-53b-7697871845988501609,55-56m²,bostadsratt,2026-05-13T23:23:38.042545
6554558391100722415,https://www.hemnet.se/salda/lagenhet-2rum-villastaden-sodertull-gavle-kommun-murengatan-20-b-6554558391100722415,55-56m²,bostadsratt,2026-05-13T23:23:38.042547
4560817766218220264,https://www.hemnet.se/salda/lagenhet-2rum-enskede-svedmyra-stockholms-kommun-oppundavagen-35-4560817766218220264,55-56m²,bostadsratt,2026-05-13T23:23:38.042548
5685691807941891642,"https://www.hemnet.se/salda/lagenhet-2rum-sodermalm-stockholms-kommun-ringvagen-83,-4tr-5685691807941891642",55-56m²,bostadsratt,2026-05-13T23:23:38.042550
798672328825957353,"https://www.hemnet.se/salda/lagenhet-3rum-arsta-stockholms-kommun-skontorpsvagen-95,-3tr-798672328825957353",55-56m²,bostadsratt,2026-05-13T23:23:38.042551
7214564314436625185,https://www.hemnet.se/salda/lagenhet-2rum-ostra-sorgenfri-malmo-kommun-branteviksgatan-4e-7214564314436625185,55-56m²,bostadsratt,2026-05-13T23:23:38.042552
8180190227400975091,https://www.hemnet.se/salda/lagenhet-2rum-mariehall-stockholms-kommun-kratsbodavagen-46a-8180190227400975091,55-56m²,bostadsratt,2026-05-13T23:23:38.042554
5915267332534933087,https://www.hemnet.se/salda/lagenhet-2rum-centralt-upplands-vasby-kommun-stallgatan-3a-5915267332534933087,55-56m²,bostadsratt,2026-05-13T23:23:38.042556
8841025657290993348,https://www.hemnet.se/salda/lagenhet-2rum-centrum-trelleborgs-kommun-ostergatan-33-8841025657290993348,55-56m²,bostadsratt,2026-05-13T23:23:38.042557
3984554544260491255,https://www.hemnet.se/salda/lagenhet-2rum-rasunda-solna-kommun-gransgatan-26-3984554544260491255,55-56m²,bostadsratt,2026-05-13T23:23:38.042559
4217472312003687388,https://www.hemnet.se/salda/lagenhet-2rum-zinkensdamm-stockholms-kommun-maria-skolgata-93-4217472312003687388,55-56m²,bostadsratt,2026-05-13T23:23:38.042560
6205674904509724343,https://www.hemnet.se/salda/lagenhet-2rum-tollare-nacka-kommun-tollarevagen-55-6205674904509724343,55-56m²,bostadsratt,2026-05-13T23:23:38.042562
2074051167008286195,https://www.hemnet.se/salda/lagenhet-2rum-haga-vasteras-kommun-skjutbanegatan-9d-2074051167008286195,55-56m²,bostadsratt,2026-05-13T23:23:38.042563
7653808811412562525,https://www.hemnet.se/salda/lagenhet-2rum-skondal-stockholms-kommun-kubbegatan-17-7653808811412562525,55-56m²,bostadsratt,2026-05-13T23:23:38.042565
5971923907416980893,"https://www.hemnet.se/salda/lagenhet-3rum-sodermalm-stockholms-kommun-ringvagen-139,-2,5tr-5971923907416980893",55-56m²,bostadsratt,2026-05-13T23:23:38.042567
7570596684051243912,https://www.hemnet.se/salda/lagenhet-2rum-soderhamn-centrum-soderhamns-kommun-kopmangatan-28a-7570596684051243912,55-56m²,bostadsratt,2026-05-13T23:23:38.042569
5458775192931050653,https://www.hemnet.se/salda/lagenhet-2rum-bollstanas-upplands-vasby-kommun-vintervagen-80b-5458775192931050653,55-56m²,bostadsratt,2026-05-13T23:23:38.042570
7480106705846818920,https://www.hemnet.se/salda/lagenhet-2rum-strandstaden-lomma-kommun-hamntorget-10-7480106705846818920,55-56m²,bostadsratt,2026-05-13T23:23:38.042572
9192741207735012487,https://www.hemnet.se/salda/lagenhet-2rum-sodermalm-mariaberget-stockholms-kommun-bastugatan-42-9192741207735012487,55-56m²,bostadsratt,2026-05-13T23:23:38.042573
3131369304525710702,https://www.hemnet.se/salda/lagenhet-2rum-oxelosund-oxelosunds-kommun-sjogatan-24b-3131369304525710702,55-56m²,bostadsratt,2026-05-13T23:23:38.042575
6083655380362555234,https://www.hemnet.se/salda/lagenhet-2rum-slattang-lomma-kommun-slattangsgatan-21-6083655380362555234,55-56m²,bostadsratt,2026-05-13T23:23:38.042576
633528563416811512,https://www.hemnet.se/salda/lagenhet-2rum-visattra-huddinge-kommun-smabrukets-backe-10-633528563416811512,55-56m²,bostadsratt,2026-05-13T23:23:38.042578
9114201467285945266,https://www.hemnet.se/salda/lagenhet-2rum-arsta-stockholms-kommun-jarnlundsvagen-22-9114201467285945266,55-56m²,bostadsratt,2026-05-13T23:23:38.042580
6171596939787117774,https://www.hemnet.se/salda/lagenhet-2rum-surahammar-surahammars-kommun-kapellgatan-3c-6171596939787117774,55-56m²,bostadsratt,2026-05-13T23:23:38.042581
6242387648831120776,https://www.hemnet.se/salda/lagenhet-2rum-luthagen-rickomberga-uppsala-kommun-plattgatan-4-6242387648831120776,55-56m²,bostadsratt,2026-05-13T23:23:38.042583
2154756427944378421,"https://www.hemnet.se/salda/lagenhet-2rum-vadstena-vadstena-kommun-riddargatan-4g,-2tr-2154756427944378421",55-56m²,bostadsratt,2026-05-13T23:23:38.042584
8912885254572484179,https://www.hemnet.se/salda/lagenhet-2rum-villan-angelholms-kommun-planteringsvagen-5d-8912885254572484179,55-56m²,bostadsratt,2026-05-13T23:23:38.042586
2549884702234200501,"https://www.hemnet.se/salda/lagenhet-2rum-alvsjostaden-stockholms-kommun-spikskogatan-16,-van-5-2549884702234200501",55-56m²,bostadsratt,2026-05-13T23:23:38.042587
352421333200128862,https://www.hemnet.se/salda/lagenhet-2rum-ekero-jungfrusund-ekero-kommun-mjolnarvagen-23-352421333200128862,55-56m²,bostadsratt,2026-05-13T23:23:38.042589
2895448869161366316,https://www.hemnet.se/salda/lagenhet-2rum-haga-vasteras-kommun-haga-parkgata-17a-2895448869161366316,55-56m²,bostadsratt,2026-05-13T23:23:38.042590
7515133366697008375,https://www.hemnet.se/salda/lagenhet-2rum-centrala-vasby-upplands-vasby-kommun-optimusvagen-4d-7515133366697008375,55-56m²,bostadsratt,2026-05-13T23:23:38.042592
8422649732549068129,https://www.hemnet.se/salda/lagenhet-2rum-troinge-angar-falkenbergs-kommun-trombonvagen-15-8422649732549068129,55-56m²,bostadsratt,2026-05-13T23:23:38.042593
2459306860125577207,https://www.hemnet.se/salda/lagenhet-2rum-breared-varbergs-kommun-brearedsvagen-89-2459306860125577207,55-56m²,bostadsratt,2026-05-13T23:23:38.042594
8276109677393629011,https://www.hemnet.se/salda/lagenhet-2rum-arsta-stockholms-kommun-storsjovagen-52-8276109677393629011,55-56m²,bostadsratt,2026-05-13T23:23:38.042596
1767929341466501446,https://www.hemnet.se/salda/lagenhet-2rum-rynningeasen-orebro-kommun-grenadjargatan-1c-1767929341466501446,55-56m²,bostadsratt,2026-05-13T23:23:38.042597
533465504629866094,https://www.hemnet.se/salda/lagenhet-2rum-bromma-beckomberga-stockholms-kommun-beckomberga-skogsvag-4-533465504629866094,55-56m²,bostadsratt,2026-05-13T23:23:38.042611
8801905268519704032,https://www.hemnet.se/salda/lagenhet-2rum-tullinge-tradgardsstad-botkyrka-kommun-katrinebergsvagen-109-8801905268519704032,55-56m²,bostadsratt,2026-05-13T23:23:38.042612
3878462548516847373,"https://www.hemnet.se/salda/lagenhet-2,5rum-hagerstenasen-stockholms-kommun-inteckningsvagen-33-3878462548516847373",55-56m²,bostadsratt,2026-05-13T23:23:38.042614
5304219582272924633,https://www.hemnet.se/salda/lagenhet-2rum-centrala-oxelosund-oxelosunds-kommun-tradgardsgatan-5-5304219582272924633,55-56m²,bostadsratt,2026-05-13T23:23:38.042615
8357748666694945243,"https://www.hemnet.se/salda/lagenhet-2,5rum-sodermalm-katarina-stockholms-kommun-nytorgsgatan-15-8357748666694945243",55-56m²,bostadsratt,2026-05-13T23:23:38.042617
5994932244531698302,https://www.hemnet.se/salda/lagenhet-3rum-arsta-stockholms-kommun-langhalsvagen-22-5994932244531698302,55-56m²,bostadsratt,2026-05-13T23:23:38.042618
7373158962960850216,"https://www.hemnet.se/salda/lagenhet-2rum-vastra-kungsholmen-hornsbergs-strand-stockholms-kommun-nordenflychtsvagen-62,-van-4-7373158962960850216",55-56m²,bostadsratt,2026-05-13T23:23:38.042620
4488528153419591901,"https://www.hemnet.se/salda/lagenhet-2rum-lillhallom-sundsvalls-kommun-russvagen-29,-lgh-1104-4488528153419591901",55-56m²,bostadsratt,2026-05-13T23:23:38.042621
256427805942923213,https://www.hemnet.se/salda/lagenhet-2rum-vendelsomalm-haninge-kommun-soderbytorpsgatan-6-256427805942923213,55-56m²,bostadsratt,2026-05-13T23:23:38.042623
3740055962588393495,https://www.hemnet.se/salda/lagenhet-2rum-margretelund-osterakers-kommun-plogvagen-55-3740055962588393495,55-56m²,bostadsratt,2026-05-13T23:23:38.042624
4434386572242344498,"https://www.hemnet.se/salda/lagenhet-3rum-storlien-are-kommun-vintergatan-36a,-lgh-2-4434386572242344498",55-56m²,bostadsratt,2026-05-13T23:23:38.042626
6726198606277568181,https://www.hemnet.se/salda/lagenhet-3rum-vastra-sorgenfri-malmo-kommun-ahusgatan-4-6726198606277568181,55-56m²,bostadsratt,2026-05-13T23:23:38.042627
2143991491227661224,https://www.hemnet.se/salda/lagenhet-2rum-vastra-skogen-solna-kommun-lundagatan-14-2143991491227661224,55-56m²,bostadsratt,2026-05-13T23:23:38.042629
8041268872498482229,https://www.hemnet.se/salda/lagenhet-2rum-slussen-orebro-kommun-sodra-grev-rosengatan-60b-8041268872498482229,55-56m²,bostadsratt,2026-05-13T23:23:38.042631
96058990350255636,"https://www.hemnet.se/salda/lagenhet-3rum-aspudden-stockholms-kommun-harbargesvagen-1,-van-3-av-4-96058990350255636",55-56m²,bostadsratt,2026-05-13T23:23:38.042632
7793881287956272909,"https://www.hemnet.se/salda/lagenhet-2rum-kungholmen-stockholms-kommun-bergsgatan-47,-1,5-tr-7793881287956272909",55-56m²,bostadsratt,2026-05-13T23:23:38.042634
6101364154220852469,"https://www.hemnet.se/salda/lagenhet-2rum-liljeholmen-stockholms-kommun-sturehillsvagen-10,-3tr-6101364154220852469",55-56m²,bostadsratt,2026-05-13T23:23:38.042635
173156871696369862,https://www.hemnet.se/salda/lagenhet-2rum-gideonsberg-vasteras-kommun-backsippsgatan-17d-173156871696369862,55-56m²,bostadsratt,2026-05-13T23:23:38.042636
1233641050706133660,"https://www.hemnet.se/salda/lagenhet-2rum-taby-park-taby-kommun-sadelgatan-9,-4-tr-1233641050706133660",55-56m²,bostadsratt,2026-05-13T23:23:38.042638
5320078250336256520,"https://www.hemnet.se/salda/lagenhet-2rum-arsta-stockholms-kommun-arstavagen-27,-5-tr-5320078250336256520",55-56m²,bostadsratt,2026-05-13T23:23:38.042639
2800398543896046440,https://www.hemnet.se/salda/lagenhet-2rum-centrum-rattviks-kommun-riksvagen-33b-2800398543896046440,55-56m²,bostadsratt,2026-05-13T23:23:38.042641
2780752719355880523,https://www.hemnet.se/salda/lagenhet-2rum-malmo-live-malmo-kommun-bassanggatan-3-2780752719355880523,55-56m²,bostadsratt,2026-05-13T23:23:38.042642
5136321606748311005,https://www.hemnet.se/salda/lagenhet-2rum-ruddalen-goteborgs-kommun-flojtgatan-19-5136321606748311005,55-56m²,bostadsratt,2026-05-13T23:23:38.042644
2414092632783106986,"https://www.hemnet.se/salda/lagenhet-2,5rum-nedre-norrmalm-boras-kommun-stenbocksgatan-4-2414092632783106986",55-56m²,bostadsratt,2026-05-13T23:23:38.042645
1666031884223967849,https://www.hemnet.se/salda/lagenhet-2rum-sallyhill-sundsvalls-kommun-lekangsvagen-2a-1666031884223967849,55-56m²,bostadsratt,2026-05-13T23:23:38.042647
2924664553058557223,https://www.hemnet.se/salda/lagenhet-2rum-kristineberg-stockholms-kommun-kristinebergs-strand-27-2924664553058557223,55-56m²,bostadsratt,2026-05-13T23:23:38.042648
1787071091998532394,"https://www.hemnet.se/salda/lagenhet-2,5rum-aspudden-stockholms-kommun-manhemsgatan-13,-vaning-4-av-4-1787071091998532394",55-56m²,bostadsratt,2026-05-13T23:23:38.042649
4086868718777617027,https://www.hemnet.se/salda/lagenhet-2rum-odenplan-stockholms-kommun-upplandsgatan-57-4086868718777617027,55-56m²,bostadsratt,2026-05-13T23:23:38.042651
2024885982768462614,https://www.hemnet.se/salda/lagenhet-2rum-visby-gotlands-kommun-sodervarnsgatan-45-2024885982768462614,55-56m²,bostadsratt,2026-05-13T23:23:38.042652
2653126806624131599,https://www.hemnet.se/salda/lagenhet-2rum-lamberget-karlstads-kommun-engholmsgatan-28b-2653126806624131599,55-56m²,bostadsratt,2026-05-13T23:23:38.042653
2832022111367144139,https://www.hemnet.se/salda/lagenhet-2rum-lansmansgarden-goteborgs-kommun-norra-fjadermolnsgatan-38-2832022111367144139,55-56m²,bostadsratt,2026-05-13T23:23:38.042655
4562129072974553925,https://www.hemnet.se/salda/lagenhet-2rum-flemingsberg-huddinge-kommun-visattra-backe-2a-4562129072974553925,55-56m²,bostadsratt,2026-05-13T23:23:38.042656
5952802933170315838,https://www.hemnet.se/salda/lagenhet-2rum-johannisdal-kopings-kommun-ringvagen-51e-5952802933170315838,55-56m²,bostadsratt,2026-05-13T23:23:38.042658
644464368684725897,https://www.hemnet.se/salda/lagenhet-2rum-bromma-brommaplan-stockholms-kommun-spangavagen-42-644464368684725897,55-56m²,bostadsratt,2026-05-13T23:23:38.042659
3116628393176983266,https://www.hemnet.se/salda/lagenhet-2rum-slottshojden-helsingborgs-kommun-elias-follins-gata-24-3116628393176983266,55-56m²,bostadsratt,2026-05-13T23:23:38.042661
161402601658142167,https://www.hemnet.se/salda/lagenhet-2rum-bjuv-bjuvs-kommun-sodra-storgatan-30-c-161402601658142167,55-56m²,bostadsratt,2026-05-13T23:23:38.042662
5241503631390459992,https://www.hemnet.se/salda/lagenhet-2rum-bromma-traneberg-stockholms-kommun-minnebergsvagen-18-5241503631390459992,55-56m²,bostadsratt,2026-05-13T23:23:38.042664
3017947176313375401,https://www.hemnet.se/salda/lagenhet-2rum-centrala-vasby-upplands-vasby-kommun-herrgardsvagen-24-3017947176313375401,55-56m²,bostadsratt,2026-05-13T23:23:38.042665
8455133726531055346,https://www.hemnet.se/salda/lagenhet-2rum-lilla-essingen-stockholms-kommun-primusgatan-88-8455133726531055346,55-56m²,bostadsratt,2026-05-13T23:23:38.042667
5719589654132610684,"https://www.hemnet.se/salda/lagenhet-3rum-kungsholmen-stockholms-kommun-fridhemsgatan-15,-6-tr-5719589654132610684",55-56m²,bostadsratt,2026-05-13T23:23:38.042668
8903866397481298243,https://www.hemnet.se/salda/lagenhet-2rum-triangeln-malmo-kommun-sodra-forstadsgatan-65c-8903866397481298243,55-56m²,bostadsratt,2026-05-13T23:23:38.042669
4076794043434497538,"https://www.hemnet.se/salda/lagenhet-2rum-karrtorp-stockholms-kommun-fyrskeppsvagen-81,-3-tr-4076794043434497538",55-56m²,bostadsratt,2026-05-13T23:23:38.042670
8005906786870296793,https://www.hemnet.se/salda/lagenhet-2rum-majorna-goteborgs-kommun-toppsegelsgatan-17-8005906786870296793,55-56m²,bostadsratt,2026-05-13T23:23:38.042672
1550820528616790448,https://www.hemnet.se/salda/lagenhet-2rum-kviberg-goteborgs-kommun-anna-branzells-gata-16-1550820528616790448,55-56m²,bostadsratt,2026-05-13T23:23:38.042673
5703449056644919164,https://www.hemnet.se/salda/lagenhet-2rum-kapelle-tureborg-uddevalla-kommun-osterled-1b-5703449056644919164,55-56m²,bostadsratt,2026-05-13T23:23:38.042675
2766669453972655104,https://www.hemnet.se/salda/lagenhet-2rum-akerbruket-svedala-kommun-slatterbalksgatan-29-2766669453972655104,55-56m²,bostadsratt,2026-05-13T23:23:38.042676
2914487909528925153,https://www.hemnet.se/salda/lagenhet-2rum-centrum-eskilstuna-kommun-kyrkogatan-11b-2914487909528925153,55-56m²,bostadsratt,2026-05-13T23:23:38.042677
2621244949600096250,https://www.hemnet.se/salda/lagenhet-2rum-centrum-lunds-kommun-revingegatan-10-2621244949600096250,55-56m²,bostadsratt,2026-05-13T23:23:38.042679
6375673191311337894,"https://www.hemnet.se/salda/lagenhet-2,5rum-norra-sorgenfri-malmo-kommun-nobelvagen-70a-6375673191311337894",55-56m²,bostadsratt,2026-05-13T23:23:38.042680
2444488439263137139,https://www.hemnet.se/salda/lagenhet-2rum-soder-norrkopings-kommun-wadstromsgatan-4-2444488439263137139,55-56m²,bostadsratt,2026-05-13T23:23:38.042681
4223683670043456364,https://www.hemnet.se/salda/lagenhet-2rum-sodermalm-katarina-sofia-stockholms-kommun-asogatan-194-4223683670043456364,55-56m²,bostadsratt,2026-05-13T23:23:38.042683
8876234105226528769,https://www.hemnet.se/salda/lagenhet-2rum-solleftea-solleftea-kommun-gransgatan-7-8876234105226528769,55-56m²,bostadsratt,2026-05-13T23:23:38.042684
6961020531527764550,https://www.hemnet.se/salda/lagenhet-2rum-hammarby-sjostad-stockholms-kommun-pollargatan-24-6961020531527764550,55-56m²,bostadsratt,2026-05-13T23:23:38.042685
912291869601009988,"https://www.hemnet.se/salda/lagenhet-2rum-husby-stockholms-kommun-stavangergatan-42,-4tr-912291869601009988",55-56m²,bostadsratt,2026-05-13T23:23:38.042687
7222745600463267153,https://www.hemnet.se/salda/lagenhet-2rum-vaster-orebro-kommun-lovstagatan-21d-7222745600463267153,55-56m²,bostadsratt,2026-05-13T23:23:38.042688
9144448436504021010,https://www.hemnet.se/salda/lagenhet-2rum-hagalund-borlange-kommun-tagtvagen-25-9144448436504021010,55-56m²,bostadsratt,2026-05-13T23:23:38.042689
8158770175470616010,"https://www.hemnet.se/salda/lagenhet-2rum-centrum,-smedjebackens-kommun-skolgatan-20a-8158770175470616010",55-56m²,bostadsratt,2026-05-13T23:23:38.042691
1074596127812526391,https://www.hemnet.se/salda/lagenhet-2rum-sodra-soderhamn-soderhamns-kommun-abraham-backgatan-11b-1074596127812526391,55-56m²,bostadsratt,2026-05-13T23:23:38.042692
1749611827965750721,https://www.hemnet.se/salda/lagenhet-2rum-bromma-mariehall-stockholms-kommun-masugnsvagen-50-1749611827965750721,55-56m²,bostadsratt,2026-05-13T23:23:38.042693
1863001838537692584,https://www.hemnet.se/salda/lagenhet-2rum-norr-vaxjo-kommun-gamla-norrvagen-13b-1863001838537692584,55-56m²,bostadsratt,2026-05-13T23:23:38.042695
4844132209122698671,https://www.hemnet.se/salda/lagenhet-2rum-vaxnas-karlstads-kommun-stenhagsgatan-1h-4844132209122698671,55-56m²,bostadsratt,2026-05-13T23:23:38.042696
6218582599092053608,https://www.hemnet.se/salda/lagenhet-2rum-centrum-lulea-kommun-kopmantorget-3-6218582599092053608,55-56m²,bostadsratt,2026-05-13T23:23:38.042697
6922108980299937519,"https://www.hemnet.se/salda/lagenhet-2rum-valsta-sigtuna-kommun-valsta-gardsvag-8,-6tr-6922108980299937519",55-56m²,bostadsratt,2026-05-13T23:23:38.042699
1705851875433271214,https://www.hemnet.se/salda/lagenhet-2rum-bromma-alvik-stockholms-kommun-gustavslundsvagen-155-b-1705851875433271214,55-56m²,bostadsratt,2026-05-13T23:23:38.042700
4062563313194710642,https://www.hemnet.se/salda/lagenhet-2rum-bulltofta-malmo-kommun-elsa-anderssons-gata-19-d-4062563313194710642,55-56m²,bostadsratt,2026-05-13T23:23:38.042702
3327882468270778757,https://www.hemnet.se/salda/lagenhet-2rum-stuvsta-huddinge-kommun-byalagsvagen-22-3327882468270778757,55-56m²,bostadsratt,2026-05-13T23:23:38.042703
1946437023176879460,"https://www.hemnet.se/salda/lagenhet-1,5rum-karlstad-karlstads-kommun-vasagatan-2c-1946437023176879460",55-56m²,bostadsratt,2026-05-13T23:23:38.042704
5635512742812250806,https://www.hemnet.se/salda/lagenhet-2rum-vasastaden-linkopings-kommun-vasavagen-27-5635512742812250806,55-56m²,bostadsratt,2026-05-13T23:23:38.042706
3889408139644636213,https://www.hemnet.se/salda/lagenhet-2rum-bjorkekarr-goteborgs-kommun-traringen-67-3889408139644636213,55-56m²,bostadsratt,2026-05-13T23:23:38.042707
7216293543044968377,https://www.hemnet.se/salda/lagenhet-3rum-sundbyberg-lilla-alby-sundbybergs-kommun-humblegatan-5a-7216293543044968377,55-56m²,bostadsratt,2026-05-13T23:23:38.042709
6443443498038058966,https://www.hemnet.se/salda/lagenhet-2rum-centrala-sundbyberg-sundbybergs-kommun-prastgardsgatan-2-6443443498038058966,55-56m²,bostadsratt,2026-05-13T23:23:38.042710
1594389063956996114,https://www.hemnet.se/salda/lagenhet-2rum-aby-angar-vallentuna-kommun-aby-alle-7a-1594389063956996114,55-56m²,bostadsratt,2026-05-13T23:23:38.042711
8049507238862988118,https://www.hemnet.se/salda/lagenhet-2rum-stureby-stockholms-kommun-bjulevagen-18-8049507238862988118,55-56m²,bostadsratt,2026-05-13T23:23:38.042713
6424018853241994282,https://www.hemnet.se/salda/lagenhet-3rum-arsta-stockholms-kommun-arstavagen-27-6424018853241994282,55-56m²,bostadsratt,2026-05-13T23:23:38.042715
7518497245101664960,https://www.hemnet.se/salda/lagenhet-2rum-lamberget-karlstads-kommun-engholmsgatan-4-7518497245101664960,55-56m²,bostadsratt,2026-05-13T23:23:38.042716
2500714443864119687,https://www.hemnet.se/salda/lagenhet-2rum-kungsangen-uppsala-kommun-maltargatan-13c-2500714443864119687,55-56m²,bostadsratt,2026-05-13T23:23:38.042718
8823549202043340826,"https://www.hemnet.se/salda/lagenhet-3rum-arsta-stockholms-kommun-storsjovagen-34,-3tr-8823549202043340826",55-56m²,bostadsratt,2026-05-13T23:23:38.042719
2281177749361223510,https://www.hemnet.se/salda/lagenhet-3rum-stoten-malung-salens-kommun-ranchen-fjallbyplatan-212a-2281177749361223510,55-56m²,bostadsratt,2026-05-13T23:23:38.042721
503036705529585017,https://www.hemnet.se/salda/lagenhet-2rum-sater-saters-kommun-murraygatan-5b-503036705529585017,55-56m²,bostadsratt,2026-05-13T23:23:38.042722
2862888257673629595,https://www.hemnet.se/salda/lagenhet-2rum-vaster-lunds-kommun-eldaregatan-2b-2862888257673629595,55-56m²,bostadsratt,2026-05-13T23:23:38.042724
5808400398900722486,https://www.hemnet.se/salda/lagenhet-2rum-bromma-mariehall-stockholms-kommun-masugnsvagen-88-5808400398900722486,55-56m²,bostadsratt,2026-05-13T23:23:38.042725
9131687235878917415,https://www.hemnet.se/salda/lagenhet-2rum-norr-centrum-eskilstuna-kommun-klostergatan-5a-9131687235878917415,55-56m²,bostadsratt,2026-05-13T23:23:38.042727
1032777588223880665,https://www.hemnet.se/salda/lagenhet-2rum-holmangen-vanersborgs-kommun-landerivagen-150-1032777588223880665,55-56m²,bostadsratt,2026-05-13T23:23:38.042728
3964679629224510136,https://www.hemnet.se/salda/lagenhet-2rum-fagelbo-nykopings-kommun-ornskolds-vag-14b-3964679629224510136,55-56m²,bostadsratt,2026-05-13T23:23:38.042730
2743398963144954306,"https://www.hemnet.se/salda/lagenhet-2rum-vasastan-stockholms-kommun-hagagatan-50a,-2tr-2743398963144954306",55-56m²,bostadsratt,2026-05-13T23:23:38.042731
750416053883235668,https://www.hemnet.se/salda/lagenhet-2rum-sorbyangen-orebro-kommun-abroddgatan-5-750416053883235668,55-56m²,bostadsratt,2026-05-13T23:23:38.042732
6242373659383541299,"https://www.hemnet.se/salda/lagenhet-2rum-sodermalm-mariatorget-stockholms-kommun-hornsgatan-94,-3tr-6242373659383541299",55-56m²,bostadsratt,2026-05-13T23:23:38.042734
4471935307146287131,https://www.hemnet.se/salda/lagenhet-2rum-riksby-stockholms-kommun-bergslagsvagen-33-4471935307146287131,55-56m²,bostadsratt,2026-05-13T23:23:38.042735
213225205636054243,https://www.hemnet.se/salda/lagenhet-2rum-kungsholmen-stockholms-kommun-sankt-eriksgatan-28a-213225205636054243,55-56m²,bostadsratt,2026-05-13T23:23:38.042737
8867686819919547300,https://www.hemnet.se/salda/lagenhet-3rum-centralt-svedala-kommun-hantverkaregatan-21c-8867686819919547300,55-56m²,bostadsratt,2026-05-13T23:23:38.042738
2950721580650439946,https://www.hemnet.se/salda/lagenhet-2rum-centrala-sundbyberg-sundbybergs-kommun-vegagatan-18-2950721580650439946,55-56m²,bostadsratt,2026-05-13T23:23:38.042740
4560554563012269262,https://www.hemnet.se/salda/lagenhet-2rum-riksten-botkyrka-kommun-eklundshovsvagen-31-4560554563012269262,55-56m²,bostadsratt,2026-05-13T23:23:38.042741
5014769113789905021,https://www.hemnet.se/salda/lagenhet-2rum-almby-orebro-kommun-bjorkmansgatan-14-5014769113789905021,55-56m²,bostadsratt,2026-05-13T23:23:38.042743
6823078620338805650,https://www.hemnet.se/salda/lagenhet-2rum-salabacke-uppsala-kommun-murargatan-28b-6823078620338805650,55-56m²,bostadsratt,2026-05-13T23:23:38.042744
904156062474908716,https://www.hemnet.se/salda/lagenhet-2rum-kungsholmen-stockholms-kommun-hjarnegatan-4a-904156062474908716,55-56m²,bostadsratt,2026-05-13T23:23:38.042746
2225358094382352549,https://www.hemnet.se/salda/lagenhet-2rum-hedvigslund-nacka-kommun-hasselnotsvagen-58-2225358094382352549,55-56m²,bostadsratt,2026-05-13T23:23:38.042747
1956825022567708915,https://www.hemnet.se/salda/lagenhet-2rum-kapellgardet-uppsala-kommun-djaknegatan-40-1956825022567708915,55-56m²,bostadsratt,2026-05-13T23:23:38.042749
5394067424910958147,https://www.hemnet.se/salda/lagenhet-2rum-hagalund-borlange-kommun-engelbrektsgatan-30-c-5394067424910958147,55-56m²,bostadsratt,2026-05-13T23:23:38.042750
975977546325423230,https://www.hemnet.se/salda/lagenhet-2rum-norrstrand-karlstads-kommun-ulvsbygatan-24b-975977546325423230,55-56m²,bostadsratt,2026-05-13T23:23:38.042752
2677100989197918459,https://www.hemnet.se/salda/lagenhet-2rum-asperod-uddevalla-kommun-osterled-1a-2677100989197918459,55-56m²,bostadsratt,2026-05-13T23:23:38.042753
734785836004884108,https://www.hemnet.se/salda/lagenhet-2rum-vasastaden-stockholms-kommun-rorstrandsgatan-54-734785836004884108,55-56m²,bostadsratt,2026-05-13T23:23:38.042754
2935220820599039298,https://www.hemnet.se/salda/lagenhet-2rum-ostermalm-stockholms-kommun-grevgatan-21a-2935220820599039298,55-56m²,bostadsratt,2026-05-13T23:23:38.042756
7748200643654015344,https://www.hemnet.se/salda/lagenhet-2rum-dammfri-malmo-kommun-bobergsangen-3d-7748200643654015344,55-56m²,bostadsratt,2026-05-13T23:23:38.042758
4452514918810027694,https://www.hemnet.se/salda/lagenhet-2rum-centralt-norr-orebro-kommun-venavagen-25-a-4452514918810027694,55-56m²,bostadsratt,2026-05-13T23:23:38.042759
3917362513295136695,https://www.hemnet.se/salda/lagenhet-3rum-centrala-arsta-stockholms-kommun-braviksvagen-4-3917362513295136695,55-56m²,bostadsratt,2026-05-13T23:23:38.042760
5211024597976149374,https://www.hemnet.se/salda/lagenhet-2rum-tullen-boras-kommun-fjallgatan-39a-5211024597976149374,55-56m²,bostadsratt,2026-05-13T23:23:38.042762
4327508519565290448,https://www.hemnet.se/salda/lagenhet-2rum-ostermalm-stockholms-kommun-linnegatan-42-4327508519565290448,55-56m²,bostadsratt,2026-05-13T23:23:38.042763
1770474565205355655,https://www.hemnet.se/salda/lagenhet-2rum-eneborg-helsingborgs-kommun-tranemansgatan-27b-1770474565205355655,55-56m²,bostadsratt,2026-05-13T23:23:38.042764
1785588012953608873,https://www.hemnet.se/salda/lagenhet-2rum-strommensberg-goteborgs-kommun-kransen-4c-1785588012953608873,55-56m²,bostadsratt,2026-05-13T23:23:38.042766
5588706207107546316,https://www.hemnet.se/salda/lagenhet-2rum-surahammar-surahammars-kommun-kapellgatan-3b-5588706207107546316,55-56m²,bostadsratt,2026-05-13T23:23:38.042768
6319097453769653353,https://www.hemnet.se/salda/lagenhet-2rum-berghem-umea-kommun-skidsparet-11-6319097453769653353,55-56m²,bostadsratt,2026-05-13T23:23:38.042769
759356051689587898,https://www.hemnet.se/salda/lagenhet-2rum-johanneberg-almedal-goteborgs-kommun-framnasgatan-6-759356051689587898,55-56m²,bostadsratt,2026-05-13T23:23:38.042771
7441400167381598602,https://www.hemnet.se/salda/lagenhet-2rum-toreboda-toreboda-kommun-parkgatan-4a-7441400167381598602,55-56m²,bostadsratt,2026-05-13T23:23:38.042772
2333741551812497478,"https://www.hemnet.se/salda/lagenhet-2rum-bromma-akeshov-stockholms-kommun-snormakarvagen-35d,-2tr-2333741551812497478",55-56m²,bostadsratt,2026-05-13T23:23:38.042774
8537594650904848113,https://www.hemnet.se/salda/lagenhet-2rum-alno-sundsvalls-kommun-farjevagen-43-8537594650904848113,55-56m²,bostadsratt,2026-05-13T23:23:38.042775
171033464103218620,https://www.hemnet.se/salda/lagenhet-2rum-salabacke-uppsala-kommun-salabacksgatan-3c-171033464103218620,55-56m²,bostadsratt,2026-05-13T23:23:38.042777
4949034619149080968,https://www.hemnet.se/salda/lagenhet-2rum-vinslov-hassleholms-kommun-lindgatan-3-4949034619149080968,55-56m²,bostadsratt,2026-05-13T23:23:38.042778
9208129270280709302,https://www.hemnet.se/salda/lagenhet-2rum-sommarro-uppsala-kommun-lindsbergsgatan-10a-9208129270280709302,55-56m²,bostadsratt,2026-05-13T23:23:38.042780
8985003502687004856,https://www.hemnet.se/salda/lagenhet-2rum-gustavsberg-varmdo-kommun-wilhelm-kages-gata-7-8985003502687004856,55-56m²,bostadsratt,2026-05-13T23:23:38.042782
4072623824189906798,https://www.hemnet.se/salda/lagenhet-2rum-sandviken-karlskoga-kommun-sandtorpsvagen-5-4072623824189906798,55-56m²,bostadsratt,2026-05-13T23:23:38.042783
4781611327831904137,https://www.hemnet.se/salda/lagenhet-2rum-farjestaden-morbylanga-kommun-saras-vag-28a-4781611327831904137,55-56m²,bostadsratt,2026-05-13T23:23:38.042785
3892167617046627797,https://www.hemnet.se/salda/lagenhet-2rum-storskogen-sundbybergs-kommun-vintergatan-26-3892167617046627797,55-56m²,bostadsratt,2026-05-13T23:23:38.042786
64041025079026490,https://www.hemnet.se/salda/lagenhet-2rum-bjorkekarr-goteborgs-kommun-ladamnesgatan-25-64041025079026490,55-56m²,bostadsratt,2026-05-13T23:23:38.042788
4485032663466926064,https://www.hemnet.se/salda/lagenhet-2rum-ost-pa-stan-umea-kommun-ostermalmsgatan-44-4485032663466926064,55-56m²,bostadsratt,2026-05-13T23:23:38.042789
9103632790726531119,https://www.hemnet.se/salda/lagenhet-2rum-lomma-strandstaden-lomma-kommun-tullhustorget-10-9103632790726531119,55-56m²,bostadsratt,2026-05-13T23:23:38.042791
4432564513144902837,https://www.hemnet.se/salda/lagenhet-2rum-lund-centrum-lunds-kommun-finalgatan-15b-4432564513144902837,55-56m²,bostadsratt,2026-05-13T23:23:38.042792
2833215735083295682,https://www.hemnet.se/salda/lagenhet-2rum-vastra-sjostaden-ystads-kommun-kulinggatan-10-2833215735083295682,55-56m²,bostadsratt,2026-05-13T23:23:38.042794
8798845525044029023,https://www.hemnet.se/salda/lagenhet-2rum-norra-borstahusen-magasinhusen-landskrona-kommun-appelblomsgatan-3-8798845525044029023,55-56m²,bostadsratt,2026-05-13T23:23:38.042795
2070563027440642226,https://www.hemnet.se/salda/lagenhet-2rum-krokslatt-goteborgs-kommun-brynolfsgatan-3c-2070563027440642226,55-56m²,bostadsratt,2026-05-13T23:23:38.042797
5619563460280176724,https://www.hemnet.se/salda/lagenhet-2rum-vendelso-haninge-kommun-vendelso-skolvag-8-5619563460280176724,55-56m²,bostadsratt,2026-05-13T23:23:38.042798
6701350740876647656,https://www.hemnet.se/salda/lagenhet-2rum-kallhall-jarfalla-kommun-smedvagen-11-6701350740876647656,55-56m²,bostadsratt,2026-05-13T23:23:38.042799
6430927308043119774,https://www.hemnet.se/salda/lagenhet-3rum-sickla-nacka-kommun-sickla-strand-17-6430927308043119774,55-56m²,bostadsratt,2026-05-13T23:23:38.042801
5812805631958247763,https://www.hemnet.se/salda/lagenhet-2rum-oxelosund-centrum-oxelosunds-kommun-sjogatan-24-a-5812805631958247763,55-56m²,bostadsratt,2026-05-13T23:23:38.042803
3384225101820680860,https://www.hemnet.se/salda/lagenhet-2rum-centrumnara-svedala-kommun-langgatan-39-b-3384225101820680860,55-56m²,bostadsratt,2026-05-13T23:23:38.042804
8310698998362488728,https://www.hemnet.se/salda/lagenhet-2rum-bagaregarden-goteborgs-kommun-storkgatan-6f-8310698998362488728,55-56m²,bostadsratt,2026-05-13T23:23:38.042806
3494119792897219428,https://www.hemnet.se/salda/lagenhet-2rum-morgongava-heby-kommun-lekvagen-2a-3494119792897219428,55-56m²,bostadsratt,2026-05-13T23:23:38.042807
5915712199116653566,https://www.hemnet.se/salda/lagenhet-3rum-nobeltorget-malmo-kommun-vitemollegatan-1e-5915712199116653566,55-56m²,bostadsratt,2026-05-13T23:23:38.042809
9161124044017406016,https://www.hemnet.se/salda/lagenhet-2rum-jungfruplatsen-molndals-kommun-tvillinggatan-7c-9161124044017406016,55-56m²,bostadsratt,2026-05-13T23:23:38.042810
1177254983228700934,https://www.hemnet.se/salda/lagenhet-4rum-sodermalm-hogalid-reimersholme-stockholms-kommun-vindragarvagen-23-1177254983228700934,55-56m²,bostadsratt,2026-05-13T23:23:38.042812
3217271493956011830,https://www.hemnet.se/salda/lagenhet-2rum-alvangen-ale-kommun-vittrornas-vag-32-3217271493956011830,55-56m²,bostadsratt,2026-05-13T23:23:38.042813
8219836675448246232,https://www.hemnet.se/salda/lagenhet-2rum-centrum-tibro-kommun-skovdevagen-23b-8219836675448246232,55-56m²,bostadsratt,2026-05-13T23:23:38.042815
6504710225907942664,https://www.hemnet.se/salda/lagenhet-2rum-bredvik-vaxjo-kommun-karvevagen-3e-6504710225907942664,55-56m²,bostadsratt,2026-05-13T23:23:38.042816
8212217452637455125,https://www.hemnet.se/salda/lagenhet-2rum-hisingen-goteborgs-kommun-lillhagens-sandlycka-8b-8212217452637455125,55-56m²,bostadsratt,2026-05-13T23:23:38.042817
6983188482327140335,https://www.hemnet.se/salda/lagenhet-2rum-oxelosund-oxelosunds-kommun-sjogatan-4b-6983188482327140335,55-56m²,bostadsratt,2026-05-13T23:23:38.042819
7892349755895996386,https://www.hemnet.se/salda/lagenhet-2rum-centrala-hisingen-goteborgs-kommun-langangen-12-7892349755895996386,55-56m²,bostadsratt,2026-05-13T23:23:38.042820
4851654245455404030,"https://www.hemnet.se/salda/lagenhet-2rum-bromma-abrahamsberg-stockholms-kommun-registervagen-32,-1tr,-4851654245455404030",55-56m²,bostadsratt,2026-05-13T23:23:38.042821
166037219205736500,https://www.hemnet.se/salda/lagenhet-2rum-hagerstensasen-stockholms-kommun-inteckningsvagen-64-166037219205736500,55-56m²,bostadsratt,2026-05-13T23:23:38.042823
1302143866867913287,https://www.hemnet.se/salda/lagenhet-2rum-rasunda-solna-kommun-sommarvagen-5-1302143866867913287,55-56m²,bostadsratt,2026-05-13T23:23:38.042824
1942935036923598992,https://www.hemnet.se/salda/lagenhet-2rum-bromma-brommaplan-stockholms-kommun-bergslagsvagen-3-1942935036923598992,55-56m²,bostadsratt,2026-05-13T23:23:38.042826
6688440559599940839,https://www.hemnet.se/salda/lagenhet-2rum-almsta-norrtalje-kommun-elmsta-udde-33b-6688440559599940839,55-56m²,bostadsratt,2026-05-13T23:23:38.042827
5581266402156887823,https://www.hemnet.se/salda/lagenhet-2rum-centrum-harnosands-kommun-hospitalsgatan-1-5581266402156887823,55-56m²,bostadsratt,2026-05-13T23:23:38.042828
7950017451423476710,https://www.hemnet.se/salda/lagenhet-2rum-oster-hudiksvalls-kommun-kolonivagen-11a-7950017451423476710,55-56m²,bostadsratt,2026-05-13T23:23:38.042830
384380042809623408,https://www.hemnet.se/salda/lagenhet-2rum-stockholm-stockholms-kommun-strindbergsgatan-53-384380042809623408,55-56m²,bostadsratt,2026-05-13T23:23:38.042831
182137080542734193,https://www.hemnet.se/salda/lagenhet-2rum-gavle-brynas-gavle-kommun-brynasgrand-7-182137080542734193,55-56m²,bostadsratt,2026-05-13T23:23:38.042833
5761192794018970876,https://www.hemnet.se/salda/lagenhet-2rum-tumba-botkyrka-kommun-lantjagarvagen-92a-5761192794018970876,55-56m²,bostadsratt,2026-05-13T23:23:38.042835
945282141186420030,https://www.hemnet.se/salda/lagenhet-2rum-kladesholmen-tjorns-kommun-nordsjokajen-9-945282141186420030,55-56m²,bostadsratt,2026-05-13T23:23:38.042836
945951308845909010,https://www.hemnet.se/salda/lagenhet-2rum-bromma-brommaplan-stockholms-kommun-bergslagsvagen-15-945951308845909010,55-56m²,bostadsratt,2026-05-13T23:23:38.042837
3072291982435988227,https://www.hemnet.se/salda/lagenhet-2rum-gamla-staden-lidkopings-kommun-ostbygatan-13b-3072291982435988227,55-56m²,bostadsratt,2026-05-13T23:23:38.042839
7855265070904612553,https://www.hemnet.se/salda/lagenhet-2rum-djakneberget-vasteras-kommun-jakobsbergsgatan-14c-7855265070904612553,55-56m²,bostadsratt,2026-05-13T23:23:38.042840
8937601967347897405,https://www.hemnet.se/salda/lagenhet-2rum-majorna-goteborgs-kommun-vingagatan-6a-8937601967347897405,55-56m²,bostadsratt,2026-05-13T23:23:38.042842
2782816973739119316,https://www.hemnet.se/salda/lagenhet-2rum-perstorp-perstorps-kommun-fasanvagen-4b-2782816973739119316,55-56m²,bostadsratt,2026-05-13T23:23:38.042843
3430413372558960349,https://www.hemnet.se/salda/lagenhet-2rum-gamlestaden-goteborgs-kommun-johan-gertssons-gata-5-3430413372558960349,55-56m²,bostadsratt,2026-05-13T23:23:38.042845
522526353608707580,https://www.hemnet.se/salda/lagenhet-2rum-lilla-alby-sundbybergs-kommun-tradgardsgatan-6-a-522526353608707580,55-56m²,bostadsratt,2026-05-13T23:23:38.042846
4472560003507399272,https://www.hemnet.se/salda/lagenhet-2rum-gamla-rasunda-solna-kommun-nackrosvagen-20-4472560003507399272,55-56m²,bostadsratt,2026-05-13T23:23:38.042848
8754172711521718819,https://www.hemnet.se/salda/lagenhet-3rum-arsta-stockholms-kommun-eklangsvagen-42-8754172711521718819,55-56m²,bostadsratt,2026-05-13T23:23:38.042850
7361546988502435144,https://www.hemnet.se/salda/lagenhet-2rum-vireberg-solna-kommun-virebergsvagen-22-7361546988502435144,55-56m²,bostadsratt,2026-05-13T23:23:38.042851
7558431267238781524,"https://www.hemnet.se/salda/lagenhet-2rum-centrala-huddinge-kvarnbergsplan-huddinge-kommun-gamlegardsvagen-16,-van-7-7558431267238781524",55-56m²,bostadsratt,2026-05-13T23:23:38.042852
3681442289589070921,https://www.hemnet.se/salda/lagenhet-2rum-nacka-forum-nacka-kommun-per-hallstroms-vag-2-3681442289589070921,55-56m²,bostadsratt,2026-05-13T23:23:38.042854
6413143308057962161,https://www.hemnet.se/salda/lagenhet-2rum-gustavsberg-porslinskvarteren-varmdo-kommun-maja-snis-gata-2-6413143308057962161,55-56m²,bostadsratt,2026-05-13T23:23:38.042856
1580307855325099078,https://www.hemnet.se/salda/lagenhet-2rum-limhamn-malmo-kommun-blasebergavagen-7-1580307855325099078,55-56m²,bostadsratt,2026-05-13T23:23:38.042857
508426711293994306,https://www.hemnet.se/salda/lagenhet-2rum-storskogen-sundbybergs-kommun-vegagatan-8-508426711293994306,55-56m²,bostadsratt,2026-05-13T23:23:38.042858
1627837313979551864,https://www.hemnet.se/salda/lagenhet-2rum-raa-helsingborgs-kommun-kielergatan-24-1627837313979551864,55-56m²,bostadsratt,2026-05-13T23:23:38.042860
1749563069973296981,https://www.hemnet.se/salda/lagenhet-2rum-gamla-huvudsta-solna-kommun-storgatan-21-1749563069973296981,55-56m²,bostadsratt,2026-05-13T23:23:38.042862
3213248717977566902,https://www.hemnet.se/salda/lagenhet-2rum-tingsryd-tingsryds-kommun-torggatan-9a-3213248717977566902,55-56m²,bostadsratt,2026-05-13T23:23:38.042863
387066506301804348,"https://www.hemnet.se/salda/lagenhet-1,5rum-tierp-tierps-kommun-sodra-esplanaden-11b-387066506301804348",55-56m²,bostadsratt,2026-05-13T23:23:38.042865
8503536299329865204,https://www.hemnet.se/salda/lagenhet-2rum-centrum-oxelosunds-kommun-tradgardsgatan-17-8503536299329865204,55-56m²,bostadsratt,2026-05-13T23:23:38.042866
5329579871965233642,https://www.hemnet.se/salda/lagenhet-2rum-svedmyra-stockholms-kommun-jonakersvagen-21-5329579871965233642,55-56m²,bostadsratt,2026-05-13T23:23:38.042868
7468496121391055559,https://www.hemnet.se/salda/lagenhet-3rum-luthagen-uppsala-kommun-s-t-johannesgatan-36c-7468496121391055559,55-56m²,bostadsratt,2026-05-13T23:23:38.042869
5064870016977648963,https://www.hemnet.se/salda/lagenhet-2rum-sundsvall-ostermalm-sundsvalls-kommun-mogatan-18-5064870016977648963,55-56m²,bostadsratt,2026-05-13T23:23:38.042871
7386168513473011331,https://www.hemnet.se/salda/lagenhet-2rum-bromma-abrahamsberg-stockholms-kommun-gustav-iii-s-vag-11-7386168513473011331,55-56m²,bostadsratt,2026-05-13T23:23:38.042873
7775964515854755223,"https://www.hemnet.se/salda/lagenhet-2rum-ebbepark,-centralt-linkopings-kommun-vaverigatan-5-7775964515854755223",55-56m²,bostadsratt,2026-05-13T23:23:38.042874
4617876324943584177,https://www.hemnet.se/salda/lagenhet-2rum-varvsstaden-malmo-kommun-solhojdsgatan-9-4617876324943584177,55-56m²,bostadsratt,2026-05-13T23:23:38.042875
3952520648295325682,https://www.hemnet.se/salda/lagenhet-2rum-norrgard-kalmar-kommun-norrgardsgatan-1b-3952520648295325682,55-56m²,bostadsratt,2026-05-13T23:23:38.042877
1313980091219992170,https://www.hemnet.se/salda/lagenhet-2rum-vastra-munktellstaden-eskilstuna-kommun-john-engellaus-gata-6-1313980091219992170,55-56m²,bostadsratt,2026-05-13T23:23:38.042879
5295472811985874254,https://www.hemnet.se/salda/lagenhet-2rum-luthagen-stabby-uppsala-kommun-stabby-alle-7c-5295472811985874254,55-56m²,bostadsratt,2026-05-13T23:23:38.042880
2592428203234510338,https://www.hemnet.se/salda/lagenhet-2rum-sommarro-karlstads-kommun-oldevigsgatan-1-2592428203234510338,55-56m²,bostadsratt,2026-05-13T23:23:38.042882
5082167467648519036,https://www.hemnet.se/salda/lagenhet-2rum-centralt-ornskoldsviks-kommun-angermanlandsgatan-16a-5082167467648519036,55-56m²,bostadsratt,2026-05-13T23:23:38.042883
4870825404335412853,https://www.hemnet.se/salda/lagenhet-2rum-jonkoping-jonkopings-kommun-bjorngatan-18a-4870825404335412853,55-56m²,bostadsratt,2026-05-13T23:23:38.042885
8179067301653386001,https://www.hemnet.se/salda/lagenhet-2rum-bromma-brommaplan-stockholms-kommun-bergslagsvagen-17-8179067301653386001,55-56m²,bostadsratt,2026-05-13T23:23:38.042886
7422991216187098033,https://www.hemnet.se/salda/lagenhet-2rum-kungsbacka-kungsbacka-kommun-havtornsvagen-2-7422991216187098033,55-56m²,bostadsratt,2026-05-13T23:23:38.042888
8521942425067281960,https://www.hemnet.se/salda/lagenhet-2rum-mariefred-marielundsviken-strangnas-kommun-revirvagen-5f-8521942425067281960,55-56m²,bostadsratt,2026-05-13T23:23:38.042890
3734723104769049298,https://www.hemnet.se/salda/lagenhet-2rum-centralt-kristinehamns-kommun-kolneholmsgatan-8-3734723104769049298,55-56m²,bostadsratt,2026-05-13T23:23:38.042891
8765090317403089852,https://www.hemnet.se/salda/lagenhet-2rum-kungsholmen-radhuset-stockholms-kommun-pipersgatan-8-8765090317403089852,55-56m²,bostadsratt,2026-05-13T23:23:38.042893
4659808447149320202,"https://www.hemnet.se/salda/lagenhet-2rum-kungsholmen-lilla-essingen-stockholms-kommun-disponentgatan-4,-5-5tr-4659808447149320202",55-56m²,bostadsratt,2026-05-13T23:23:38.042894
5292081598289716498,https://www.hemnet.se/salda/lagenhet-2rum-marielund-ostersunds-kommun-krondikesvagen-92f-5292081598289716498,55-56m²,bostadsratt,2026-05-13T23:23:38.042896
4672959659553676401,https://www.hemnet.se/salda/lagenhet-2rum-johanneshov-blasut-stockholms-kommun-blasutvagen-7-4672959659553676401,55-56m²,bostadsratt,2026-05-13T23:23:38.042897
184183129666781132,https://www.hemnet.se/salda/lagenhet-2rum-kolarbyn-egna-hem-fagersta-kommun-fallvagen-3b-184183129666781132,55-56m²,bostadsratt,2026-05-13T23:23:38.042899
470452412777905124,https://www.hemnet.se/salda/lagenhet-2rum-erikslust-slottsstaden-malmo-kommun-kopenhamnsvagen-40a-470452412777905124,55-56m²,bostadsratt,2026-05-13T23:23:38.042901
3659211474007382089,https://www.hemnet.se/salda/lagenhet-2rum-norra-trelleborg-trelleborgs-kommun-havrejordsvagen-9b-3659211474007382089,55-56m²,bostadsratt,2026-05-13T23:23:38.042902
2821898855211873169,https://www.hemnet.se/salda/lagenhet-2rum-ostermalm-vasteras-kommun-gjutare-granstroms-gata-7-2821898855211873169,55-56m²,bostadsratt,2026-05-13T23:23:38.042903
2997058523084353517,https://www.hemnet.se/salda/lagenhet-2rum-kungsangen-uppsala-kommun-kungsangsesplanaden-10c-2997058523084353517,55-56m²,bostadsratt,2026-05-13T23:23:38.042905
2754352668420698406,https://www.hemnet.se/salda/lagenhet-2rum-norr-centrum-eskilstuna-kommun-heljestrandsgatan-8a-2754352668420698406,55-56m²,bostadsratt,2026-05-13T23:23:38.042907
3338289899077767943,https://www.hemnet.se/salda/lagenhet-2rum-tullinge-botkyrka-kommun-nyangsvagen-15-3338289899077767943,55-56m²,bostadsratt,2026-05-13T23:23:38.042908
7844483807047824981,https://www.hemnet.se/salda/lagenhet-2rum-centrala-hisingen-goteborgs-kommun-ostanvindsgatan-11a-7844483807047824981,55-56m²,bostadsratt,2026-05-13T23:23:38.042910
6563963670150114375,https://www.hemnet.se/salda/lagenhet-2rum-kungsholmen-stockholms-kommun-svarvargatan-18-6563963670150114375,55-56m²,bostadsratt,2026-05-13T23:23:38.042911
1752411497851463929,https://www.hemnet.se/salda/lagenhet-2rum-vasastan-stockholms-kommun-tulegatan-5a-1752411497851463929,55-56m²,bostadsratt,2026-05-13T23:23:38.042913
8255668732694353937,https://www.hemnet.se/salda/lagenhet-2rum-holmangen-vanersborgs-kommun-landerivagen-140-8255668732694353937,55-56m²,bostadsratt,2026-05-13T23:23:38.042914
5686773324377276995,https://www.hemnet.se/salda/lagenhet-2rum-fruangen-stockholms-kommun-ellen-keys-gata-45-5686773324377276995,55-56m²,bostadsratt,2026-05-13T23:23:38.042916
4522713607539820742,https://www.hemnet.se/salda/lagenhet-3rum-visby-gotlands-kommun-s-t-goransgatan-31-4522713607539820742,55-56m²,bostadsratt,2026-05-13T23:23:38.042917
1214222075772635659,https://www.hemnet.se/salda/lagenhet-2rum-centrala-linkoping-linkopings-kommun-kullagatan-6-1214222075772635659,55-56m²,bostadsratt,2026-05-13T23:23:38.042918
7716380400273399238,https://www.hemnet.se/salda/lagenhet-2rum-centrala-sundbyberg-sundbybergs-kommun-tallgatan-9-7716380400273399238,55-56m²,bostadsratt,2026-05-13T23:23:38.042920
4395507986212758168,https://www.hemnet.se/salda/lagenhet-2rum-centrala-uppsala-uppsala-kommun-linnegatan-5a-4395507986212758168,55-56m²,bostadsratt,2026-05-13T23:23:38.042921
764117055465718316,https://www.hemnet.se/salda/lagenhet-2rum-malmaberg-vasteras-kommun-stentorpsgatan-17c-764117055465718316,55-56m²,bostadsratt,2026-05-13T23:23:38.042923
3147459300983424389,https://www.hemnet.se/salda/lagenhet-2rum-sodermalm-stockholms-kommun-timmermansgatan-37-3147459300983424389,55-56m²,bostadsratt,2026-05-13T23:23:38.042924
6624331699129568781,https://www.hemnet.se/salda/lagenhet-2rum-bullermyren-hagalund-borlange-kommun-engelbrektsgatan-28b-6624331699129568781,55-56m²,bostadsratt,2026-05-13T23:23:38.042926
2652217146888175918,https://www.hemnet.se/salda/lagenhet-2rum-pildammarna-malmo-kommun-roskildevagen-27c-2652217146888175918,55-56m²,bostadsratt,2026-05-13T23:23:38.042927
7246179074477795234,https://www.hemnet.se/salda/lagenhet-2rum-jarnbrott-goteborgs-kommun-bildradiogatan-6-7246179074477795234,55-56m²,bostadsratt,2026-05-13T23:23:38.042928
1332228834285080472,https://www.hemnet.se/salda/lagenhet-2rum-ovre-vasastaden-linkopings-kommun-nordengatan-1c-1332228834285080472,55-56m²,bostadsratt,2026-05-13T23:23:38.042930
8444894196914156631,https://www.hemnet.se/salda/lagenhet-2rum-hovas-goteborgs-kommun-uggleberget-24-8444894196914156631,55-56m²,bostadsratt,2026-05-13T23:23:38.042931
1932858277752105595,https://www.hemnet.se/salda/lagenhet-2rum-seestaden-sandvikens-kommun-vikingavagen-21-1932858277752105595,55-56m²,bostadsratt,2026-05-13T23:23:38.042932
3578893428048907915,https://www.hemnet.se/salda/lagenhet-1rum-vilbergen-norrkopings-kommun-grabergsgatan-51-3578893428048907915,55-56m²,bostadsratt,2026-05-13T23:23:38.042934
6895439874844248297,"https://www.hemnet.se/salda/lagenhet-2,5rum-arsta-stockholms-kommun-jarnlundsvagen-2-6895439874844248297",55-56m²,bostadsratt,2026-05-13T23:23:38.042935
2975468723967313604,https://www.hemnet.se/salda/lagenhet-2rum-gamla-huvudsta-solna-kommun-polhemsgatan-4-2975468723967313604,55-56m²,bostadsratt,2026-05-13T23:23:38.042936
3640092013868736018,https://www.hemnet.se/salda/lagenhet-2rum-sundbyberg-centrum-sundbybergs-kommun-vegagatan-18-3640092013868736018,55-56m²,bostadsratt,2026-05-13T23:23:38.042938
4770164346925949613,https://www.hemnet.se/salda/lagenhet-2rum-tradgardsstaden-ystads-kommun-einar-olssons-gata-14-a-4770164346925949613,55-56m²,bostadsratt,2026-05-13T23:23:38.042939
4060474546547169530,https://www.hemnet.se/salda/lagenhet-2rum-dalaplan-malmo-kommun-vastmanlandsgatan-4d-4060474546547169530,55-56m²,bostadsratt,2026-05-13T23:23:38.042941
8105243952930955469,https://www.hemnet.se/salda/lagenhet-2rum-astorp-astorps-kommun-storgatan-39-8105243952930955469,55-56m²,bostadsratt,2026-05-13T23:23:38.042942
30810125112110950,https://www.hemnet.se/salda/lagenhet-1rum-smedslatten-stockholms-kommun-herman-ygbergs-vag-2-30810125112110950,55-56m²,bostadsratt,2026-05-13T23:23:38.042943
3893305150018840668,https://www.hemnet.se/salda/lagenhet-2rum-gideonsberg-vasteras-kommun-gideonsbergsgatan-21c-3893305150018840668,55-56m²,bostadsratt,2026-05-13T23:23:38.042945
4844931746925469209,https://www.hemnet.se/salda/lagenhet-2rum-sala-backe-uppsala-kommun-johannelundsgatan-2-4844931746925469209,55-56m²,bostadsratt,2026-05-13T23:23:38.042946
208493927212558639,https://www.hemnet.se/salda/lagenhet-2rum-centrum-lidkopings-kommun-sveagatan-31c-208493927212558639,55-56m²,bostadsratt,2026-05-13T23:23:38.042947
3208616966294319622,https://www.hemnet.se/salda/lagenhet-2rum-torsvik-lidingo-kommun-torsvikssvangen-29-3208616966294319622,55-56m²,bostadsratt,2026-05-13T23:23:38.042949
8793688227610156215,https://www.hemnet.se/salda/lagenhet-2rum-karrtorp-stockholms-kommun-karrtorpsvagen-26d-8793688227610156215,55-56m²,bostadsratt,2026-05-13T23:23:38.042950
8032710020452662576,https://www.hemnet.se/salda/lagenhet-2rum-vendelso-haninge-kommun-kalltorpsvagen-128-8032710020452662576,55-56m²,bostadsratt,2026-05-13T23:23:38.042952
4277061311206063287,"https://www.hemnet.se/salda/lagenhet-2rum-arsta-stockholms-kommun-branningevagen-44,-3-tr-4277061311206063287",55-56m²,bostadsratt,2026-05-13T23:23:38.042954
6576807397238319632,https://www.hemnet.se/salda/lagenhet-2rum-bromma-beckomberga-stockholms-kommun-beckomberga-skogsvag-6-6576807397238319632,55-56m²,bostadsratt,2026-05-13T23:23:38.042955
6475793919049873481,https://www.hemnet.se/salda/lagenhet-2rum-centralt-ostersunds-kommun-kopmangatan-50b-6475793919049873481,55-56m²,bostadsratt,2026-05-13T23:23:38.042957
7747298286802578213,https://www.hemnet.se/salda/lagenhet-2rum-helsingborg-helsingborgs-kommun-karlsgatan-3-7747298286802578213,55-56m²,bostadsratt,2026-05-13T23:23:38.042958
985256057117242286,"https://www.hemnet.se/salda/lagenhet-2rum-storlien-are-kommun-vintergatan-36b,-lgh-4-985256057117242286",55-56m²,bostadsratt,2026-05-13T23:23:38.042960
6480335553689177053,https://www.hemnet.se/salda/lagenhet-2rum-centrala-vellinge-vellinge-kommun-vasterbrogatan-20-6480335553689177053,55-56m²,bostadsratt,2026-05-13T23:23:38.042961
7741998488439603263,"https://www.hemnet.se/salda/lagenhet-2,5rum-centrala-vellinge-vellinge-kommun-angavagen-4a-7741998488439603263",55-56m²,bostadsratt,2026-05-13T23:23:38.042963
6143490689616315484,https://www.hemnet.se/salda/lagenhet-2rum-skon-sundsvalls-kommun-fyrvapplingsvagen-13-2-a-6143490689616315484,55-56m²,bostadsratt,2026-05-13T23:23:38.042964
5846180250867444718,https://www.hemnet.se/salda/lagenhet-2rum-centrum-kungalv-kungalvs-kommun-alvebacken-8-5846180250867444718,55-56m²,bostadsratt,2026-05-13T23:23:38.042966
9193172942905286938,https://www.hemnet.se/salda/lagenhet-2rum-molndal-bosgarden-molndals-kommun-haradsgatan-28a-9193172942905286938,55-56m²,bostadsratt,2026-05-13T23:23:38.042967
2425740933675191631,https://www.hemnet.se/salda/lagenhet-2rum-kungsladugard-goteborgs-kommun-godhemsgatan-3d-2425740933675191631,55-56m²,bostadsratt,2026-05-13T23:23:38.042969
3962152261691359522,https://www.hemnet.se/salda/lagenhet-2rum-akersberg-enkopings-kommun-slattervagen-1-3962152261691359522,55-56m²,bostadsratt,2026-05-13T23:23:38.042970
19969104622814164,https://www.hemnet.se/salda/lagenhet-2rum-centrum-lidkopings-kommun-vallgatan-24c-19969104622814164,55-56m²,bostadsratt,2026-05-13T23:23:38.042972
5861847472093209479,https://www.hemnet.se/salda/lagenhet-2rum-johannelund-linkopings-kommun-johannelundsvagen-37-5861847472093209479,55-56m²,bostadsratt,2026-05-13T23:23:38.042973
3454115136776304620,https://www.hemnet.se/salda/lagenhet-2rum-kungsholmen-stockholms-kommun-fyrverkarbacken-23-3454115136776304620,55-56m²,bostadsratt,2026-05-13T23:23:38.042975
5892579815794583062,https://www.hemnet.se/salda/lagenhet-3rum-arsta-stockholms-kommun-siljansvagen-10-5892579815794583062,55-56m²,bostadsratt,2026-05-13T23:23:38.042976
6085253227671995343,https://www.hemnet.se/salda/lagenhet-3rum-karolinska-hagastaden-solna-kommun-fogdevreten-6-6085253227671995343,55-56m²,bostadsratt,2026-05-13T23:23:38.042977
5998490276582995945,https://www.hemnet.se/salda/lagenhet-2rum-byttorp-boras-kommun-ribbingsgatan-2b-5998490276582995945,55-56m²,bostadsratt,2026-05-13T23:23:38.042979
2454425549260833439,https://www.hemnet.se/salda/lagenhet-2rum-vasterslatt-umea-kommun-nackrosvagen-15-2454425549260833439,55-56m²,bostadsratt,2026-05-13T23:23:38.042980
4305513524672425256,https://www.hemnet.se/salda/lagenhet-2rum-kapellgardet-uppsala-kommun-torngatan-24-4305513524672425256,55-56m²,bostadsratt,2026-05-13T23:23:38.042982
8734411968418696940,https://www.hemnet.se/salda/lagenhet-2rum-centrum-varbergs-kommun-borasgatan-7-8734411968418696940,55-56m²,bostadsratt,2026-05-13T23:23:38.042983
3022483031361644280,https://www.hemnet.se/salda/lagenhet-2rum-hisings-backa-goteborgs-kommun-lillhagens-sandlycka-6a-3022483031361644280,55-56m²,bostadsratt,2026-05-13T23:23:38.042984
8167112518598746749,"https://www.hemnet.se/salda/lagenhet-1,5rum-hammarby-sjostad-stockholms-kommun-hammarby-alle-9-8167112518598746749",55-56m²,bostadsratt,2026-05-13T23:23:38.042986
3890155183496960705,"https://www.hemnet.se/salda/lagenhet-2rum-ostermalm-stockholms-kommun-kommendorsgatan-44,-5tr-3890155183496960705",55-56m²,bostadsratt,2026-05-13T23:23:38.042987
3846983465417596954,https://www.hemnet.se/salda/lagenhet-2rum-kungsholmstorg-stockholms-kommun-garvargatan-23-3846983465417596954,55-56m²,bostadsratt,2026-05-13T23:23:38.042989
8849340243560217749,https://www.hemnet.se/salda/lagenhet-2rum-flatas-goteborgs-kommun-svangrumsgatan-77-8849340243560217749,55-56m²,bostadsratt,2026-05-13T23:23:38.042990
7819873680478692678,https://www.hemnet.se/salda/lagenhet-2rum-norra-soderhamn-soderhamns-kommun-norrtullsgatan-16b-7819873680478692678,55-56m²,bostadsratt,2026-05-13T23:23:38.042992
4220713869911472723,https://www.hemnet.se/salda/lagenhet-3rum-kvarnholmen-nacka-kommun-mjolnarvagen-10a-4220713869911472723,55-56m²,bostadsratt,2026-05-13T23:23:38.042993
5669147462196352005,https://www.hemnet.se/salda/lagenhet-2rum-centrala-sundbyberg-sundbybergs-kommun-tulegatan-29b-5669147462196352005,55-56m²,bostadsratt,2026-05-13T23:23:38.042995
3724825198623349261,https://www.hemnet.se/salda/lagenhet-2rum-kvarnbyn-molndals-kommun-kvarnbygatan-25-3724825198623349261,55-56m²,bostadsratt,2026-05-13T23:23:38.042996
1278206569777649729,https://www.hemnet.se/salda/lagenhet-2rum-gardet-stockholms-kommun-rindogatan-27-1278206569777649729,55-56m²,bostadsratt,2026-05-13T23:23:38.042997
4174700292802790634,https://www.hemnet.se/salda/lagenhet-2rum-hogalid-kiruna-kommun-lappgatan-5b-4174700292802790634,55-56m²,bostadsratt,2026-05-13T23:23:38.042998
2217547781754971994,https://www.hemnet.se/salda/lagenhet-2rum-fresta-upplands-vasby-kommun-paskvippegatan-2f-2217547781754971994,55-56m²,bostadsratt,2026-05-13T23:23:38.043000
532612925469768985,https://www.hemnet.se/salda/lagenhet-2rum-bromstensstaden-stockholms-kommun-skogangsvagen-33g-532612925469768985,55-56m²,bostadsratt,2026-05-13T23:23:38.043001
6093014606705927158,https://www.hemnet.se/salda/lagenhet-2rum-hunnemara-karlshamns-kommun-rosenvagen-22-6093014606705927158,55-56m²,bostadsratt,2026-05-13T23:23:38.043002
7200345103565185900,https://www.hemnet.se/salda/lagenhet-2rum-centralt-vaster-nykopings-kommun-brunnsgatan-10-7200345103565185900,55-56m²,bostadsratt,2026-05-13T23:23:38.043004
223043838630987424,https://www.hemnet.se/salda/lagenhet-2rum-glasberga-sodertalje-kommun-dagsverksgatan-11b-223043838630987424,55-56m²,bostadsratt,2026-05-13T23:23:38.043005
4764784196094686,https://www.hemnet.se/salda/lagenhet-2rum-hallstahammar-hallstahammars-kommun-surbrunnsvagen-1a-4764784196094686,55-56m²,bostadsratt,2026-05-13T23:23:38.043007
4754194455357410300,https://www.hemnet.se/salda/lagenhet-2rum-kungsholmen-stockholms-kommun-fyrverkarbacken-25-4754194455357410300,55-56m²,bostadsratt,2026-05-13T23:23:38.043008
4735734202289692620,https://www.hemnet.se/salda/lagenhet-2rum-majorna-goteborgs-kommun-toppsegelsgatan-25-4735734202289692620,55-56m²,bostadsratt,2026-05-13T23:23:38.043009
6431023208637672703,"https://www.hemnet.se/salda/lagenhet-2rum-danviksklippan-stockholms-kommun-hastholmsvagen-10,-6-tr-6431023208637672703",55-56m²,bostadsratt,2026-05-13T23:23:38.043011
6046434661012844746,"https://www.hemnet.se/salda/lagenhet-2rum-arsta-stockholms-kommun-siljansvagen-75,-4tr-6046434661012844746",55-56m²,bostadsratt,2026-05-13T23:23:38.043012
7468997426480705971,https://www.hemnet.se/salda/lagenhet-2rum-slottshojden-helsingborgs-kommun-ovre-langvinkelsgatan-157-7468997426480705971,55-56m²,bostadsratt,2026-05-13T23:23:38.043013
5035329271399067108,https://www.hemnet.se/salda/lagenhet-2rum-centralt-oster-halmstads-kommun-hertig-knutsgatan-43b-5035329271399067108,55-56m²,bostadsratt,2026-05-13T23:23:38.043015
2933595966535382565,https://www.hemnet.se/salda/lagenhet-2rum-bollmora-tyreso-kommun-barrskogsvagen-6-2933595966535382565,55-56m²,bostadsratt,2026-05-13T23:23:38.043016
7828969132948331936,https://www.hemnet.se/salda/lagenhet-2rum-midsommarkransen-stockholms-kommun-midsommarvagen-74-7828969132948331936,55-56m²,bostadsratt,2026-05-13T23:23:38.043018
3599280582779593160,https://www.hemnet.se/salda/lagenhet-2rum-vastra-stohagen-vasteras-kommun-spantgatan-4a-3599280582779593160,55-56m²,bostadsratt,2026-05-13T23:23:38.043020
12342945757345935,https://www.hemnet.se/salda/lagenhet-2rum-odenslund-ostersunds-kommun-odensalagatan-38a-12342945757345935,55-56m²,bostadsratt,2026-05-13T23:23:38.043021
5905146064702429931,https://www.hemnet.se/salda/lagenhet-2rum-linne-goteborgs-kommun-linnegatan-74-5905146064702429931,55-56m²,bostadsratt,2026-05-13T23:23:38.043022
7984875009119140983,https://www.hemnet.se/salda/lagenhet-2rum-centrum-oster-halmstads-kommun-nyhemsgatan-16-7984875009119140983,55-56m²,bostadsratt,2026-05-13T23:23:38.043024
6043956619940057026,"https://www.hemnet.se/salda/lagenhet-2rum-hasselby-gard-stockholms-kommun-astrakangatan-117,-1tr-6043956619940057026",55-56m²,bostadsratt,2026-05-13T23:23:38.043025
3864956852606763760,"https://www.hemnet.se/salda/lagenhet-2rum-nacka-nacka-strand-nacka-kommun-tvataktsvagen-4,-5tr-3864956852606763760",55-56m²,bostadsratt,2026-05-13T23:23:38.043027
6198658175340708881,"https://www.hemnet.se/salda/lagenhet-2,5rum-lannersta-nacka-kommun-angbatsvagen-7-6198658175340708881",55-56m²,bostadsratt,2026-05-13T23:23:38.043028
5184741700579469581,https://www.hemnet.se/salda/lagenhet-2rum-taby-park-taby-kommun-sadelgatan-9a-5184741700579469581,55-56m²,bostadsratt,2026-05-13T23:23:38.043030
5057729717956763623,https://www.hemnet.se/salda/lagenhet-3rum-lidingo-lidingo-kommun-ordensbacken-7-5057729717956763623,55-56m²,bostadsratt,2026-05-13T23:23:38.043031
3984943095644301169,https://www.hemnet.se/salda/lagenhet-2rum-bolinder-strand-jarfalla-kommun-maskinistvagen-5-3984943095644301169,55-56m²,bostadsratt,2026-05-13T23:23:38.043032
8399749290708507100,"https://www.hemnet.se/salda/lagenhet-2rum-steninge-slottsby-sigtuna-kommun-tegelbrukets-vag-3c,-1tr-8399749290708507100",55-56m²,bostadsratt,2026-05-13T23:23:38.043034
3010748918698302013,"https://www.hemnet.se/salda/lagenhet-2rum-bromma-appelviken-stockholms-kommun-runda-vagen-36a,-van-2-3010748918698302013",55-56m²,bostadsratt,2026-05-13T23:23:38.043035
3584212920573192734,https://www.hemnet.se/salda/lagenhet-2rum-centralt-norrkopings-kommun-skepparegatan-40-3584212920573192734,55-56m²,bostadsratt,2026-05-13T23:23:38.043037
8534380723248767456,https://www.hemnet.se/salda/lagenhet-2rum-vasastaden-goteborgs-kommun-karl-gustavsgatan-18b-8534380723248767456,55-56m²,bostadsratt,2026-05-13T23:23:38.043038
4786931657784672723,https://www.hemnet.se/salda/lagenhet-2rum-oxelosund-oxelosunds-kommun-alstigen-4-4786931657784672723,55-56m²,bostadsratt,2026-05-13T23:23:38.043039
8282016350529509445,"https://www.hemnet.se/salda/lagenhet-1,5rum-vilbergen-norrkopings-kommun-vilbergsgatan-261-8282016350529509445",55-56m²,bostadsratt,2026-05-13T23:23:38.043041
8891493036792490651,https://www.hemnet.se/salda/lagenhet-2rum-sturefors-linkopings-kommun-fagelbarsvagen-2c-8891493036792490651,55-56m²,bostadsratt,2026-05-13T23:23:38.043042
1874747659187247036,https://www.hemnet.se/salda/lagenhet-2rum-lilla-alby-sundbybergs-kommun-tradgardsgatan-6a-1874747659187247036,55-56m²,bostadsratt,2026-05-13T23:23:38.043043
6733344168391538507,https://www.hemnet.se/salda/lagenhet-2rum-folkets-park-malmo-kommun-amiralsgatan-41b-6733344168391538507,55-56m²,bostadsratt,2026-05-13T23:23:38.043044
1146515205665174789,https://www.hemnet.se/salda/lagenhet-2rum-tumba-skacklinge-botkyrka-kommun-skacklingevagen-89b-1146515205665174789,55-56m²,bostadsratt,2026-05-13T23:23:38.043046
6759555359512675042,"https://www.hemnet.se/salda/lagenhet-2rum-vasastan-hagastaden-stockholms-kommun-sonja-kovalevskys-gata-3,-7-tr-6759555359512675042",55-56m²,bostadsratt,2026-05-13T23:23:38.043047
3224150587577383735,https://www.hemnet.se/salda/lagenhet-2rum-johannesdal-vasterviks-kommun-johannesbergsvagen-23-3224150587577383735,55-56m²,bostadsratt,2026-05-13T23:23:38.043049
5367257351370706379,https://www.hemnet.se/salda/lagenhet-2rum-kolarbyn-fagersta-kommun-bruksvagen-1-c-5367257351370706379,55-56m²,bostadsratt,2026-05-13T23:23:38.043050
8115348283707696582,https://www.hemnet.se/salda/lagenhet-3rum-kungsberget-sandvikens-kommun-hyllan-b02-nedre-angsvagen-7-8115348283707696582,55-56m²,bostadsratt,2026-05-13T23:23:38.043052
6605984505343074584,https://www.hemnet.se/salda/lagenhet-2rum-slottsstaden-malmo-kommun-kopenhamnsvagen-34c-6605984505343074584,55-56m²,bostadsratt,2026-05-13T23:23:38.043053
2954897312378762417,https://www.hemnet.se/salda/lagenhet-1rum-centrala-hisingen-goteborgs-kommun-konvaljegatan-6-2954897312378762417,55-56m²,bostadsratt,2026-05-13T23:23:38.043055
5288285861618623073,https://www.hemnet.se/salda/lagenhet-2rum-solbacka-norrtalje-kommun-akerbarsvagen-20a-5288285861618623073,55-56m²,bostadsratt,2026-05-13T23:23:38.043056
1010812118806665763,https://www.hemnet.se/salda/lagenhet-2rum-aspudden-stockholms-kommun-hagerstensvagen-152-1010812118806665763,55-56m²,bostadsratt,2026-05-13T23:23:38.043058
4258395431723894077,https://www.hemnet.se/salda/lagenhet-2rum-centrum-kungalvs-kommun-inlandsgatan-7-4258395431723894077,55-56m²,bostadsratt,2026-05-13T23:23:38.043059
6365143849595839634,https://www.hemnet.se/salda/lagenhet-2rum-vastermalm-nyfors-eskilstuna-kommun-kyrkogatan-11f-6365143849595839634,55-56m²,bostadsratt,2026-05-13T23:23:38.043060
7516254648308999672,https://www.hemnet.se/salda/lagenhet-2rum-stigberget-goteborgs-kommun-nordostpassagen-25-7516254648308999672,55-56m²,bostadsratt,2026-05-13T23:23:38.043062
5100845115677518221,"https://www.hemnet.se/salda/lagenhet-2rum-vasastan-birkastan-stockholms-kommun-norrbackagatan-27a,-2,5tr-5100845115677518221",55-56m²,bostadsratt,2026-05-13T23:23:38.043063
2920712046248861967,https://www.hemnet.se/salda/lagenhet-3rum-gullmarsplan-globen-stockholms-kommun-pastellvagen-13-2920712046248861967,55-56m²,bostadsratt,2026-05-13T23:23:38.043065
8641511651422824520,"https://www.hemnet.se/salda/lagenhet-2,5rum-orgryte-skar-goteborgs-kommun-hackspettsgatan-27-8641511651422824520",55-56m²,bostadsratt,2026-05-13T23:23:38.043067
1313561230939228360,https://www.hemnet.se/salda/lagenhet-2rum-bjuv-bjuvs-kommun-vallgatan-4-b-1313561230939228360,55-56m²,bostadsratt,2026-05-13T23:23:38.043068
2086118675133120325,https://www.hemnet.se/salda/lagenhet-2rum-annetorp-malmo-kommun-hyllie-kyrkovag-55b-2086118675133120325,55-56m²,bostadsratt,2026-05-13T23:23:38.043070
772208033994367352,https://www.hemnet.se/salda/lagenhet-2rum-kvarngardet-uppsala-kommun-torngatan-42-772208033994367352,55-56m²,bostadsratt,2026-05-13T23:23:38.043071
4331242945108218593,https://www.hemnet.se/salda/lagenhet-2rum-ljusstaden-kalmar-kommun-lech-walesas-gata-42-4331242945108218593,55-56m²,bostadsratt,2026-05-13T23:23:38.043072
7721645804466270805,https://www.hemnet.se/salda/lagenhet-2rum-tullholmsviken-karlstads-kommun-packhusallen-8-d-7721645804466270805,55-56m²,bostadsratt,2026-05-13T23:23:38.043074
5607097299578418462,https://www.hemnet.se/salda/lagenhet-2rum-smedjebacken-smedjebackens-kommun-skolgatan-18-b-5607097299578418462,55-56m²,bostadsratt,2026-05-13T23:23:38.043075
1074976928461692902,https://www.hemnet.se/salda/lagenhet-2rum-skelleftea-skelleftea-kommun-mullbergsvagen-25d-1074976928461692902,55-56m²,bostadsratt,2026-05-13T23:23:38.043077
7357413543590961744,https://www.hemnet.se/salda/lagenhet-2rum-vastertorp-stockholms-kommun-slalomvagen-15-7357413543590961744,55-56m²,bostadsratt,2026-05-13T23:23:38.043078
3740334368495087185,https://www.hemnet.se/salda/lagenhet-2rum-mariefred-centralt-strangnas-kommun-domargatan-4d-3740334368495087185,55-56m²,bostadsratt,2026-05-13T23:23:38.043079
8725491719991082822,https://www.hemnet.se/salda/lagenhet-2rum-lango-karlskrona-kommun-arkitektgatan-4c-8725491719991082822,55-56m²,bostadsratt,2026-05-13T23:23:38.043081
8296671120378887171,https://www.hemnet.se/salda/lagenhet-2rum-lund-lunds-kommun-runslingan-2b-8296671120378887171,55-56m²,bostadsratt,2026-05-13T23:23:38.043082
7400523730653393903,https://www.hemnet.se/salda/lagenhet-2rum-centrum-gavle-kommun-byggmastargatan-13-a-7400523730653393903,55-56m²,bostadsratt,2026-05-13T23:23:38.043084
1599700407894201144,https://www.hemnet.se/salda/lagenhet-2rum-vasastan-vasaparken-stockholms-kommun-sigtunagatan-8a-1599700407894201144,55-56m²,bostadsratt,2026-05-13T23:23:38.043085
8887281802350211301,https://www.hemnet.se/salda/lagenhet-2rum-sundstrand-uddevalla-kommun-ostra-sundskogsvagen-62c-8887281802350211301,55-56m²,bostadsratt,2026-05-13T23:23:38.043087
6356014220836511372,https://www.hemnet.se/salda/lagenhet-2rum-alvsjostaden-stockholms-kommun-sandalettgatan-22-6356014220836511372,55-56m²,bostadsratt,2026-05-13T23:23:38.043089
7049487056776007119,"https://www.hemnet.se/salda/lagenhet-2rum-aspudden-stockholms-kommun-hagerstensvagen-156,-van-3-av-4-7049487056776007119",55-56m²,bostadsratt,2026-05-13T23:23:38.043090
8931967433751826879,https://www.hemnet.se/salda/lagenhet-2rum-annelund-malmo-kommun-amiralsgatan-83-c-8931967433751826879,55-56m²,bostadsratt,2026-05-13T23:23:38.043092
4406727252387702989,https://www.hemnet.se/salda/lagenhet-2rum-djurangen-kalmar-kommun-stamvagen-33-4406727252387702989,55-56m²,bostadsratt,2026-05-13T23:23:38.043093
888562344215590976,https://www.hemnet.se/salda/lagenhet-2rum-salabacke-uppsala-kommun-byggmastargatan-7b-888562344215590976,55-56m²,bostadsratt,2026-05-13T23:23:38.043094
483907049345500776,"https://www.hemnet.se/salda/lagenhet-2,5rum-sandarna-goteborgs-kommun-orustgatan-13b-483907049345500776",55-56m²,bostadsratt,2026-05-13T23:23:38.043096
2646375892718266746,https://www.hemnet.se/salda/lagenhet-2rum-hogberget-centrum-ludvika-kommun-furuhallsgatan-18-b-lgh-1101-2646375892718266746,55-56m²,bostadsratt,2026-05-13T23:23:38.043098
2113491029887427306,https://www.hemnet.se/salda/lagenhet-2rum-kungsangen-sala-kommun-odingatan-42-2113491029887427306,55-56m²,bostadsratt,2026-05-13T23:23:38.043099
6550063549881292638,"https://www.hemnet.se/salda/lagenhet-2rum-vastertorp-stockholms-kommun-terrangvagen-71,-1tr-6550063549881292638",55-56m²,bostadsratt,2026-05-13T23:23:38.043101
7233650600606159861,https://www.hemnet.se/salda/lagenhet-2rum-lansmansgarden-goteborgs-kommun-norra-fjadermolnsgatan-41-7233650600606159861,55-56m²,bostadsratt,2026-05-13T23:23:38.043102
5832917892496438017,https://www.hemnet.se/salda/lagenhet-2rum-runby-upplands-vasby-kommun-tradgardsvagen-2-5832917892496438017,55-56m²,bostadsratt,2026-05-13T23:23:38.043103
5089084420436375181,https://www.hemnet.se/salda/lagenhet-2rum-balsta-vasterangen-habo-kommun-bjorkvallen-23-5089084420436375181,55-56m²,bostadsratt,2026-05-13T23:23:38.043105
8339179126514098186,https://www.hemnet.se/salda/lagenhet-2rum-ravlanda-harryda-kommun-bjorkelidsvagen-6-8339179126514098186,55-56m²,bostadsratt,2026-05-13T23:23:38.043106
1807588659086410001,https://www.hemnet.se/salda/lagenhet-2rum-falhagen-uppsala-kommun-salagatan-43c-1807588659086410001,55-56m²,bostadsratt,2026-05-13T23:23:38.043108
2760808026812320921,https://www.hemnet.se/salda/lagenhet-2rum-bagarmossen-stockholms-kommun-rusthallarvagen-191-2760808026812320921,55-56m²,bostadsratt,2026-05-13T23:23:38.043110
8828317977248801882,https://www.hemnet.se/salda/lagenhet-2rum-barkarby-jarfalla-kommun-flygarvagen-10-8828317977248801882,55-56m²,bostadsratt,2026-05-13T23:23:38.043111
6121216170207589996,https://www.hemnet.se/salda/lagenhet-2rum-vajern-kungshamn-sotenas-kommun-tjarnskogsvagen-2e-6121216170207589996,55-56m²,bostadsratt,2026-05-13T23:23:38.043113
3912544755262048465,https://www.hemnet.se/salda/lagenhet-2rum-majorna-goteborgs-kommun-toppsegelsgatan-17-3912544755262048465,55-56m²,bostadsratt,2026-05-13T23:23:38.043114
6648149223851215340,https://www.hemnet.se/salda/lagenhet-2rum-nydala-malmo-kommun-eriksfaltsgatan-85d-6648149223851215340,55-56m²,bostadsratt,2026-05-13T23:23:38.043115
6102224465149546389,https://www.hemnet.se/salda/lagenhet-2rum-orby-stockholms-kommun-malmkopingsvagen-42d-6102224465149546389,55-56m²,bostadsratt,2026-05-13T23:23:38.043117
1645767509925313309,https://www.hemnet.se/salda/lagenhet-2rum-bromma-mariehall-stockholms-kommun-mariehallsvagen-30k-1645767509925313309,55-56m²,bostadsratt,2026-05-13T23:23:38.043118
7922803455156415981,https://www.hemnet.se/salda/lagenhet-2rum-centralt-hogskolan-halmstads-kommun-nyhemsgatan-16-7922803455156415981,55-56m²,bostadsratt,2026-05-13T23:23:38.043120
8636315032518126641,https://www.hemnet.se/salda/lagenhet-2rum-surahammar-surahammars-kommun-kapellgatan-1b-8636315032518126641,55-56m²,bostadsratt,2026-05-13T23:23:38.043121
7333361937000053781,https://www.hemnet.se/salda/lagenhet-2rum-gansta-enkopings-kommun-angsmarksvagen-25d-7333361937000053781,55-56m²,bostadsratt,2026-05-13T23:23:38.043123
8386571191813688027,https://www.hemnet.se/salda/lagenhet-2rum-bunkeflostrand-malmo-kommun-gottorpsvagen-37b-8386571191813688027,55-56m²,bostadsratt,2026-05-13T23:23:38.043124
7897173851208127494,https://www.hemnet.se/salda/lagenhet-2rum-vastra-sjostaden-ystads-kommun-kulinggatan-22-7897173851208127494,55-56m²,bostadsratt,2026-05-13T23:23:38.043126
5012481620688050004,https://www.hemnet.se/salda/lagenhet-2rum-fruangen-stockholms-kommun-hanna-paulis-gata-35-5012481620688050004,55-56m²,bostadsratt,2026-05-13T23:23:38.043127
9009263102548589299,"https://www.hemnet.se/salda/lagenhet-2rum-bagarmossen-stockholms-kommun-svartagatan-49,-2tr-9009263102548589299",55-56m²,bostadsratt,2026-05-13T23:23:38.043129
813341551739099489,https://www.hemnet.se/salda/lagenhet-2rum-centrala-norrtalje-norrtalje-kommun-rubingatan-8-lgh1003-813341551739099489,55-56m²,bostadsratt,2026-05-13T23:23:38.043130
23722316276536992,https://www.hemnet.se/salda/lagenhet-2rum-rostorp-kirseberg-malmo-kommun-lundavagen-69b-23722316276536992,55-56m²,bostadsratt,2026-05-13T23:23:38.043132
2752231756358879985,https://www.hemnet.se/salda/lagenhet-2rum-vaster-lunds-kommun-trollebergsvagen-38c-2752231756358879985,55-56m²,bostadsratt,2026-05-13T23:23:38.043133
2422325515544422446,https://www.hemnet.se/salda/lagenhet-2rum-fruangen-stockholms-kommun-doktor-widerstroms-gata-36-2422325515544422446,55-56m²,bostadsratt,2026-05-13T23:23:38.043135
1832679417743414535,https://www.hemnet.se/salda/lagenhet-2rum-blashammar-varbergs-kommun-blashammar-11-da-1832679417743414535,55-56m²,bostadsratt,2026-05-13T23:23:38.043136
6068094943083674035,https://www.hemnet.se/salda/lagenhet-2rum-salabacke-uppsala-kommun-johannelundsgatan-4-6068094943083674035,55-56m²,bostadsratt,2026-05-13T23:23:38.043138
681877781949018141,https://www.hemnet.se/salda/lagenhet-2rum-kungsangen-uppsala-kommun-muningatan-23-681877781949018141,55-56m²,bostadsratt,2026-05-13T23:23:38.043139
7614528361769386929,https://www.hemnet.se/salda/lagenhet-2rum-magasinhusen-landskrona-kommun-appelblomsgatan-3-7614528361769386929,55-56m²,bostadsratt,2026-05-13T23:23:38.043141
4014085172074499888,https://www.hemnet.se/salda/lagenhet-2rum-centralt-ljungby-kommun-harabergsgatan-7d-4014085172074499888,55-56m²,bostadsratt,2026-05-13T23:23:38.043142
1792074055430025421,https://www.hemnet.se/salda/lagenhet-2rum-roslags-nasby-taby-kommun-korsvagen-30-1792074055430025421,55-56m²,bostadsratt,2026-05-13T23:23:38.043144
5821805637219581732,https://www.hemnet.se/salda/lagenhet-2rum-bromma-mariehall-stockholms-kommun-mariehallsvagen-30k-5821805637219581732,55-56m²,bostadsratt,2026-05-13T23:23:38.043145
2221307903782252732,https://www.hemnet.se/salda/lagenhet-2rum-valla-centralt-linkopings-kommun-norrsvangen-3b-2221307903782252732,55-56m²,bostadsratt,2026-05-13T23:23:38.043147
4221755401811815887,https://www.hemnet.se/salda/lagenhet-2rum-kvarnbergsplan-huddinge-kommun-runvagen-5-4221755401811815887,55-56m²,bostadsratt,2026-05-13T23:23:38.043148
9152407322959383838,https://www.hemnet.se/salda/lagenhet-2rum-hogbrunn-nykopings-kommun-ahlbergers-vag-4c-9152407322959383838,55-56m²,bostadsratt,2026-05-13T23:23:38.043149
7185516481169002074,https://www.hemnet.se/salda/lagenhet-2rum-majorna-goteborgs-kommun-saggatan-71b-7185516481169002074,55-56m²,bostadsratt,2026-05-13T23:23:38.043151
8222313963831473619,https://www.hemnet.se/salda/lagenhet-3rum-kungsholmen-stockholms-kommun-norra-agnegatan-40-8222313963831473619,55-56m²,bostadsratt,2026-05-13T23:23:38.043152
2323059709657770373,https://www.hemnet.se/salda/lagenhet-2rum-norr-eskilstuna-kommun-gransgatan-12b-2323059709657770373,55-56m²,bostadsratt,2026-05-13T23:23:38.043153
3534047565402399692,https://www.hemnet.se/salda/lagenhet-2rum-eneborg-helsingborgs-kommun-tranemansgatan-25b-3534047565402399692,55-56m²,bostadsratt,2026-05-13T23:23:38.043155
2716770510277549912,https://www.hemnet.se/salda/lagenhet-2rum-trollbacken-tyreso-kommun-slattvagen-2b-2716770510277549912,55-56m²,bostadsratt,2026-05-13T23:23:38.043157
3747824885019941817,https://www.hemnet.se/salda/lagenhet-1rum-visby-gotlands-kommun-mellangatan-46-3747824885019941817,55-56m²,bostadsratt,2026-05-13T23:23:38.043158
1894675717343421809,https://www.hemnet.se/salda/lagenhet-2rum-hasselby-norra-villastad-stockholms-kommun-lovkojsgrand-7-1894675717343421809,55-56m²,bostadsratt,2026-05-13T23:23:38.043159
1885326318966052739,https://www.hemnet.se/salda/lagenhet-2rum-anderslund-hallet-ho-nykopings-kommun-ahlbergers-vag-4c-1885326318966052739,55-56m²,bostadsratt,2026-05-13T23:23:38.043161
5722691103766567654,https://www.hemnet.se/salda/lagenhet-2rum-vastra-kattarp-malmo-kommun-jagersrovagen-13b-5722691103766567654,55-56m²,bostadsratt,2026-05-13T23:23:38.043162
4848951699483578395,https://www.hemnet.se/salda/lagenhet-2rum-ostersund-centrum-ostersunds-kommun-kopmangatan-50-b-4848951699483578395,55-56m²,bostadsratt,2026-05-13T23:23:38.043164
7151018594741692925,"https://www.hemnet.se/salda/lagenhet-3rum-arsta-stockholms-kommun-ramensvagen-25b,-van,-4-7151018594741692925",55-56m²,bostadsratt,2026-05-13T23:23:38.043165
1023875849996159910,https://www.hemnet.se/salda/lagenhet-2rum-klippan-klippans-kommun-klostervagen-8a-1023875849996159910,55-56m²,bostadsratt,2026-05-13T23:23:38.043167
5809436320729362598,https://www.hemnet.se/salda/lagenhet-2rum-danderyd-danderyds-kommun-edsviksvagen-31e-5809436320729362598,55-56m²,bostadsratt,2026-05-13T23:23:38.043168
8328528944524781976,https://www.hemnet.se/salda/lagenhet-2rum-sodermalm-katarina-stockholms-kommun-kapellgrand-6-8328528944524781976,55-56m²,bostadsratt,2026-05-13T23:23:38.043169
5294536524707385768,https://www.hemnet.se/salda/lagenhet-2rum-vallastaden-linkopings-kommun-kunskapslanken-72-5294536524707385768,55-56m²,bostadsratt,2026-05-13T23:23:38.043171
8956601469538641451,https://www.hemnet.se/salda/lagenhet-2rum-limhamns-sjostad-malmo-kommun-limhamns-stationsvag-22-8956601469538641451,55-56m²,bostadsratt,2026-05-13T23:23:38.043172
5404731089471865089,https://www.hemnet.se/salda/lagenhet-2rum-centrala-huddinge-huddinge-kommun-angsnasvagen-1-5404731089471865089,55-56m²,bostadsratt,2026-05-13T23:23:38.043174
1772990821338800879,https://www.hemnet.se/salda/lagenhet-2rum-goteborg-innerstaden-goteborgs-kommun-ebbe-lieberathsgatan-29c-1772990821338800879,55-56m²,bostadsratt,2026-05-13T23:23:38.043175
1265450691907780898,https://www.hemnet.se/salda/lagenhet-2rum-bromma-blackeberg-stockholms-kommun-drachmannsgatan-19-1265450691907780898,55-56m²,bostadsratt,2026-05-13T23:23:38.043177
5916631154182594534,https://www.hemnet.se/salda/lagenhet-2rum-troinge-angar-falkenbergs-kommun-kornettvagen-5-5916631154182594534,55-56m²,bostadsratt,2026-05-13T23:23:38.043178
5330573767505907841,https://www.hemnet.se/salda/lagenhet-2rum-centralt-arboga-kommun-munkgatan-21-5330573767505907841,55-56m²,bostadsratt,2026-05-13T23:23:38.043179
7964375538783033907,https://www.hemnet.se/salda/lagenhet-2rum-limhamn-malmo-kommun-sveagatan-103c-7964375538783033907,55-56m²,bostadsratt,2026-05-13T23:23:38.043181
5013574113689340736,https://www.hemnet.se/salda/lagenhet-2rum-djurgarden-eskilstuna-kommun-intagsgatan-18c-5013574113689340736,55-56m²,bostadsratt,2026-05-13T23:23:38.043182
6621171832975000675,https://www.hemnet.se/salda/lagenhet-2rum-vasastan-birkastan-stockholms-kommun-vikingagatan-12-6621171832975000675,55-56m²,bostadsratt,2026-05-13T23:23:38.043184
8988572619655553463,https://www.hemnet.se/salda/lagenhet-2rum-sorberge-timra-kommun-solhemsvagen-5-8988572619655553463,55-56m²,bostadsratt,2026-05-13T23:23:38.043185
8463482062925848219,https://www.hemnet.se/salda/lagenhet-2rum-jungfruplatsen-centrala-molndal-molndals-kommun-bagskyttegatan-4-h-8463482062925848219,55-56m²,bostadsratt,2026-05-13T23:23:38.043187
6183846635594071493,https://www.hemnet.se/salda/lagenhet-2rum-linkoping-innerstaden-hejdegarden-linkopings-kommun-nordengatan-1c-6183846635594071493,55-56m²,bostadsratt,2026-05-13T23:23:38.043189
1762751335457342791,https://www.hemnet.se/salda/lagenhet-2rum-vastervik-vasterviks-kommun-johannesbergsvagen-19-1762751335457342791,55-56m²,bostadsratt,2026-05-13T23:23:38.043190
6741712810659379222,https://www.hemnet.se/salda/lagenhet-2rum-ostermalm-vasastan-stockholms-kommun-birger-jarlsgatan-99c-6741712810659379222,55-56m²,bostadsratt,2026-05-13T23:23:38.043192
6576066738431729183,https://www.hemnet.se/salda/lagenhet-2rum-sodermalm-katarina-stockholms-kommun-bondegatan-16a-6576066738431729183,55-56m²,bostadsratt,2026-05-13T23:23:38.043193
1512729325124838717,https://www.hemnet.se/salda/lagenhet-2rum-elfsborg-villastaden-falu-kommun-lustigknoppsvagen-4-1512729325124838717,55-56m²,bostadsratt,2026-05-13T23:23:38.043194
4232399574616900684,https://www.hemnet.se/salda/lagenhet-2rum-gunsta-uppsala-kommun-hjulaxelvagen-124-4232399574616900684,55-56m²,bostadsratt,2026-05-13T23:23:38.043196
7658069661713123102,https://www.hemnet.se/salda/lagenhet-2rum-bromma-brommaplan-stockholms-kommun-spangavagen-38-7658069661713123102,55-56m²,bostadsratt,2026-05-13T23:23:38.043197
2460388125027620620,https://www.hemnet.se/salda/lagenhet-2rum-kvarnbergsplan-huddinge-kommun-gamlegardsvagen-16-2460388125027620620,55-56m²,bostadsratt,2026-05-13T23:23:38.043199
1376194073411380613,"https://www.hemnet.se/salda/lagenhet-1,5rum-sodermalm-mariatorget-stockholms-kommun-hornsgatan-29g-1376194073411380613",55-56m²,bostadsratt,2026-05-13T23:23:38.043200
741798128226594219,"https://www.hemnet.se/salda/lagenhet-2,5rum-saltsjoqvarn-nacka-kommun-bageribacken-8-741798128226594219",55-56m²,bostadsratt,2026-05-13T23:23:38.043202
1235346604472872905,https://www.hemnet.se/salda/lagenhet-2rum-rabylund-lunds-kommun-agronomvagen-2-1235346604472872905,55-56m²,bostadsratt,2026-05-13T23:23:38.043203
4108135348140093800,https://www.hemnet.se/salda/lagenhet-2rum-arsta-stockholms-kommun-ottsjovagen-12-4108135348140093800,55-56m²,bostadsratt,2026-05-13T23:23:38.043205
5205116359167399415,https://www.hemnet.se/salda/lagenhet-2rum-luthagen-uppsala-kommun-borjegatan-54c-5205116359167399415,55-56m²,bostadsratt,2026-05-13T23:23:38.043206
5775364441886797920,https://www.hemnet.se/salda/lagenhet-2rum-haga-goteborgs-kommun-linnegatan-76-5775364441886797920,55-56m²,bostadsratt,2026-05-13T23:23:38.043208
6271663945001385004,"https://www.hemnet.se/salda/lagenhet-2,5rum-sodermalm-hornstull-stockholms-kommun-bergsundsgatan-12-6271663945001385004",55-56m²,bostadsratt,2026-05-13T23:23:38.043209
2822646691886261310,https://www.hemnet.se/salda/lagenhet-2rum-hudiksvall-hudiksvalls-kommun-kolonivagen-11d-2822646691886261310,55-56m²,bostadsratt,2026-05-13T23:23:38.043211
4111119850127123854,https://www.hemnet.se/salda/lagenhet-2rum-surahammar-surahammars-kommun-kapellgatan-4c-4111119850127123854,55-56m²,bostadsratt,2026-05-13T23:23:38.043212
1121586243657057659,https://www.hemnet.se/salda/lagenhet-2rum-johanneberg-almedal-goteborgs-kommun-ebbe-lieberathsgatan-14d-1121586243657057659,55-56m²,bostadsratt,2026-05-13T23:23:38.043214
3533703585381752455,https://www.hemnet.se/salda/lagenhet-2rum-tungelsta-haninge-kommun-stromshillvagen-21-3533703585381752455,55-56m²,bostadsratt,2026-05-13T23:23:38.043215
1803794013036043360,"https://www.hemnet.se/salda/lagenhet-3rum-kungsholmen-stockholms-kommun-fridhemsgatan-15,-5-tr-1803794013036043360",55-56m²,bostadsratt,2026-05-13T23:23:38.043216
6334671338909351586,"https://www.hemnet.se/salda/lagenhet-2rum-husby-stockholms-kommun-lofotengatan-8,-1tr-6334671338909351586",55-56m²,bostadsratt,2026-05-13T23:23:38.043218
7520064529000822437,https://www.hemnet.se/salda/lagenhet-2rum-centrum-falu-kommun-hyttgatan-72c-7520064529000822437,55-56m²,bostadsratt,2026-05-13T23:23:38.043219
8570913737625734083,https://www.hemnet.se/salda/lagenhet-2rum-aspudden-stockholms-kommun-hagerstensvagen-158-8570913737625734083,55-56m²,bostadsratt,2026-05-13T23:23:38.043220
2199412177497113059,https://www.hemnet.se/salda/lagenhet-2rum-hisingen-goteborgs-kommun-liberagatan-32-2199412177497113059,55-56m²,bostadsratt,2026-05-13T23:23:38.043222
7238051344610173965,"https://www.hemnet.se/salda/lagenhet-1,5rum-vilbergen-norrkopings-kommun-vilbergsgatan-261-7238051344610173965",55-56m²,bostadsratt,2026-05-13T23:23:38.043223
8619290351544598426,https://www.hemnet.se/salda/lagenhet-2rum-ruddalen-goteborgs-kommun-basungatan-23-8619290351544598426,55-56m²,bostadsratt,2026-05-13T23:23:38.043224
3321442999637535071,https://www.hemnet.se/salda/lagenhet-1rum-satra-skarholmen-stockholms-kommun-kungssatravagen-34-3321442999637535071,55-56m²,bostadsratt,2026-05-13T23:23:38.043226
3845768539756658817,https://www.hemnet.se/salda/lagenhet-2rum-bosgarden-molndals-kommun-hagakersgatan-12b-3845768539756658817,55-56m²,bostadsratt,2026-05-13T23:23:38.043227
8821653640367973986,https://www.hemnet.se/salda/lagenhet-2rum-asperod-uddevalla-kommun-osterled-7a-8821653640367973986,55-56m²,bostadsratt,2026-05-13T23:23:38.043228
4538379985363499752,https://www.hemnet.se/salda/lagenhet-2rum-ballsta-ballstaberg-kragstalund-vallentuna-kommun-nyborgsvagen-2-4538379985363499752,55-56m²,bostadsratt,2026-05-13T23:23:38.043230
1098460154609310909,https://www.hemnet.se/salda/lagenhet-2rum-visby-innerstad-gotlands-kommun-bredgatan-2a-lgh-1108-1098460154609310909,55-56m²,bostadsratt,2026-05-13T23:23:38.043231
6880033364366184112,https://www.hemnet.se/salda/lagenhet-2rum-ekero-ekero-kommun-tegelbruksvagen-7h-6880033364366184112,55-56m²,bostadsratt,2026-05-13T23:23:38.043233
3426401911138872632,https://www.hemnet.se/salda/lagenhet-2rum-kungsbacka-kungsbacka-kommun-havtornsvagen-2-3426401911138872632,55-56m²,bostadsratt,2026-05-13T23:23:38.043234
5176045863655360266,"https://www.hemnet.se/salda/lagenhet-2,5rum-aspudden-stockholms-kommun-sigurd-rings-gata-10,-nb-1-5176045863655360266",55-56m²,bostadsratt,2026-05-13T23:23:38.043236
1343682750893372638,https://www.hemnet.se/salda/lagenhet-2rum-akerbruket-svedala-kommun-slatterbalksgatan-29-1343682750893372638,55-56m²,bostadsratt,2026-05-13T23:23:38.043237
398491925216758183,https://www.hemnet.se/salda/lagenhet-2rum-stenhagen-karlshamns-kommun-stenhagsvagen-20-398491925216758183,55-56m²,bostadsratt,2026-05-13T23:23:38.043239
5243411588492960392,https://www.hemnet.se/salda/lagenhet-2rum-majorna-goteborgs-kommun-bruksgatan-23-5243411588492960392,55-56m²,bostadsratt,2026-05-13T23:23:38.043240
988789036230740971,https://www.hemnet.se/salda/lagenhet-2rum-vasastan-stockholms-kommun-eastmansvagen-8b-988789036230740971,55-56m²,bostadsratt,2026-05-13T23:23:38.043241
2085569011492090911,https://www.hemnet.se/salda/lagenhet-2rum-arsta-stockholms-kommun-skattungsvagen-8-2085569011492090911,55-56m²,bostadsratt,2026-05-13T23:23:38.043242
3517940039364315197,https://www.hemnet.se/salda/lagenhet-2rum-hogsbo-goteborgs-kommun-silvermyntsgatan-3-3517940039364315197,55-56m²,bostadsratt,2026-05-13T23:23:38.043244
8443809490608878982,"https://www.hemnet.se/salda/lagenhet-2rum-sodermalm-stockholms-kommun-tjarhovsgatan-40,-van-4-8443809490608878982",55-56m²,bostadsratt,2026-05-13T23:23:38.043245
8678081885902733188,https://www.hemnet.se/salda/lagenhet-2rum-hammarby-sjostad-stockholms-kommun-fendergatan-6-8678081885902733188,55-56m²,bostadsratt,2026-05-13T23:23:38.043247
8864114963302356014,https://www.hemnet.se/salda/lagenhet-2rum-tegnerlunden-gideonsberg-vasteras-kommun-patentgatan-13-8864114963302356014,55-56m²,bostadsratt,2026-05-13T23:23:38.043248
1909129837265644653,https://www.hemnet.se/salda/lagenhet-2rum-centrala-marsta-sigtuna-kommun-stationsgatan-24-c-1909129837265644653,55-56m²,bostadsratt,2026-05-13T23:23:38.043250
4769757212127479432,"https://www.hemnet.se/salda/lagenhet-2rum-centrum-getteron-varbergs-kommun-kyrkogardsvagen-3a,-lgh-1202-4769757212127479432",55-56m²,bostadsratt,2026-05-13T23:23:38.043251
467048684906983082,https://www.hemnet.se/salda/lagenhet-2rum-liljeholmskajen-stockholms-kommun-sturehillsvagen-9-467048684906983082,55-56m²,bostadsratt,2026-05-13T23:23:38.043253
5971305337410066954,https://www.hemnet.se/salda/lagenhet-2rum-gavle-gavle-kommun-valbogatan-14-b-5971305337410066954,55-56m²,bostadsratt,2026-05-13T23:23:38.043254
1333380555689565654,https://www.hemnet.se/salda/lagenhet-2rum-norr-malarstrand-stockholms-kommun-karlsviksgatan-18-1333380555689565654,55-56m²,bostadsratt,2026-05-13T23:23:38.043256
8903438431106412290,https://www.hemnet.se/salda/lagenhet-2rum-norr-eskilstuna-kommun-eleonoragatan-7c-8903438431106412290,55-56m²,bostadsratt,2026-05-13T23:23:38.043257
3316931549801818293,https://www.hemnet.se/salda/lagenhet-2rum-gardet-stockholms-kommun-sehlstedtsgatan-9-3316931549801818293,55-56m²,bostadsratt,2026-05-13T23:23:38.043258
2231146596198465360,https://www.hemnet.se/salda/lagenhet-2rum-visby-gotlands-kommun-greta-arwidssons-gata-16c-2231146596198465360,55-56m²,bostadsratt,2026-05-13T23:23:38.043260
1058771977610974154,https://www.hemnet.se/salda/lagenhet-2rum-egna-hem-fagersta-kommun-bruksvagen-9-b-1058771977610974154,55-56m²,bostadsratt,2026-05-13T23:23:38.043261
8974225026676516944,https://www.hemnet.se/salda/lagenhet-2rum-smedjebacken-berga-smedjebackens-kommun-skolgatan-22d-8974225026676516944,55-56m²,bostadsratt,2026-05-13T23:23:38.043263
4791633797982898576,https://www.hemnet.se/salda/lagenhet-2rum-bjorkekarr-goteborgs-kommun-ladamnesgatan-13-4791633797982898576,55-56m²,bostadsratt,2026-05-13T23:23:38.043264
1664488385411872388,https://www.hemnet.se/salda/lagenhet-2rum-galgamarken-trosso-karlskrona-kommun-bryggaregatan-1-1664488385411872388,55-56m²,bostadsratt,2026-05-13T23:23:38.043266
755217068306088124,https://www.hemnet.se/salda/lagenhet-2rum-ludvika-marnas-ludvika-kommun-gamla-bangatan-43b-755217068306088124,55-56m²,bostadsratt,2026-05-13T23:23:38.043267
236032102788603404,"https://www.hemnet.se/salda/lagenhet-1,5rum-centralt-oster-orebro-kommun-kasten-ottergatan-2-236032102788603404",55-56m²,bostadsratt,2026-05-13T23:23:38.043269
4247950009765589951,"https://www.hemnet.se/salda/lagenhet-1,5rum-enskede-stockholms-kommun-getfotsvagen-13-4247950009765589951",55-56m²,bostadsratt,2026-05-13T23:23:38.043270
4843323254929689826,https://www.hemnet.se/salda/lagenhet-2rum-centrum-lulea-kommun-tullgatan-27-4843323254929689826,55-56m²,bostadsratt,2026-05-13T23:23:38.043272
391662453902021546,https://www.hemnet.se/salda/lagenhet-2rum-fredhall-stockholms-kommun-stagneliusvagen-38-391662453902021546,55-56m²,bostadsratt,2026-05-13T23:23:38.043273
2391606346683152926,https://www.hemnet.se/salda/lagenhet-2rum-finntorp-nacka-kommun-finntorpsvagen-13-2391606346683152926,55-56m²,bostadsratt,2026-05-13T23:23:38.043275
884357903474443589,https://www.hemnet.se/salda/lagenhet-2rum-haga-sundsvalls-kommun-vastergatan-20-884357903474443589,55-56m²,bostadsratt,2026-05-13T23:23:38.043276
3544035904917764292,https://www.hemnet.se/salda/lagenhet-3rum-bromma-johannesfred-stockholms-kommun-tallbacksvagen-2-3544035904917764292,55-56m²,bostadsratt,2026-05-13T23:23:38.043277
1386412143587699440,https://www.hemnet.se/salda/lagenhet-2rum-vasatorps-tradgard-helsingborgs-kommun-adelrosgatan-19-1386412143587699440,55-56m²,bostadsratt,2026-05-13T23:23:38.043279
2912860665090297099,https://www.hemnet.se/salda/lagenhet-2rum-centrum-halmstads-kommun-norra-vagen-22a-2912860665090297099,55-56m²,bostadsratt,2026-05-13T23:23:38.043280
1614470264585513006,https://www.hemnet.se/salda/lagenhet-2rum-veberod-lunds-kommun-skyttegatan-3c-1614470264585513006,55-56m²,bostadsratt,2026-05-13T23:23:38.043281
378736805182584863,"https://www.hemnet.se/salda/lagenhet-2rum-vallingby-centrum-stockholms-kommun-kirunagatan-19,-van-2-322-1202-378736805182584863",55-56m²,bostadsratt,2026-05-13T23:23:38.043283
3129597679822678602,https://www.hemnet.se/salda/lagenhet-2rum-fanna-enkopings-kommun-slipar-lasses-gata-5-3129597679822678602,55-56m²,bostadsratt,2026-05-13T23:23:38.043284
204856828400510922,https://www.hemnet.se/salda/lagenhet-2rum-slottshojden-helsingborgs-kommun-master-jacobs-gata-1b-204856828400510922,55-56m²,bostadsratt,2026-05-13T23:23:38.043286
18255844056018961,https://www.hemnet.se/salda/lagenhet-3rum-mariehall-stockholms-kommun-kratsbodavagen-44d-18255844056018961,55-56m²,bostadsratt,2026-05-13T23:23:38.043287
1478820686481147293,https://www.hemnet.se/salda/lagenhet-2rum-molndal-bosgarden-molndals-kommun-haradsgatan-28b-1478820686481147293,55-56m²,bostadsratt,2026-05-13T23:23:38.043288
6953246540248172908,https://www.hemnet.se/salda/lagenhet-2rum-rynningeasen-orebro-kommun-forradsgatan-2-6953246540248172908,55-56m²,bostadsratt,2026-05-13T23:23:38.043290
8451559648909818049,https://www.hemnet.se/salda/lagenhet-2rum-kungsladugard-goteborgs-kommun-kennedygatan-16-b-8451559648909818049,55-56m²,bostadsratt,2026-05-13T23:23:38.043291
5472347041862427647,https://www.hemnet.se/salda/lagenhet-2rum-akersberg-enkopings-kommun-skordevagen-1-5472347041862427647,55-56m²,bostadsratt,2026-05-13T23:23:38.043293
6272412867977841257,"https://www.hemnet.se/salda/lagenhet-2rum-aspudden-stockholms-kommun-hagerstensvagen-156,-van-3-av-4-6272412867977841257",55-56m²,bostadsratt,2026-05-13T23:23:38.043294
6514102037757006862,https://www.hemnet.se/salda/lagenhet-2rum-getingen-kalmar-kommun-kaptensgatan-7b-6514102037757006862,55-56m²,bostadsratt,2026-05-13T23:23:38.043295
6617300874318769854,https://www.hemnet.se/salda/lagenhet-2rum-aker-nassjo-kommun-mellangatan-28-6617300874318769854,55-56m²,bostadsratt,2026-05-13T23:23:38.043297
1924749315696787295,https://www.hemnet.se/salda/lagenhet-2rum-vast-pa-stan-umea-kommun-nackrosvagen-13-1924749315696787295,55-56m²,bostadsratt,2026-05-13T23:23:38.043298
4935696442191246518,https://www.hemnet.se/salda/lagenhet-2rum-bromma-mariehall-stockholms-kommun-masugnsvagen-50-4935696442191246518,55-56m²,bostadsratt,2026-05-13T23:23:38.043300
318559637213425206,https://www.hemnet.se/salda/lagenhet-2rum-kobjer-lunds-kommun-slattervagen-9a-318559637213425206,55-56m²,bostadsratt,2026-05-13T23:23:38.043301
4340618949722374630,https://www.hemnet.se/salda/lagenhet-2rum-centrala-huddinge-huddinge-kommun-finslipargrand-15-4340618949722374630,55-56m²,bostadsratt,2026-05-13T23:23:38.043302
6562338708244105106,https://www.hemnet.se/salda/lagenhet-2rum-sjobo-boras-kommun-kallbogatan-7-6562338708244105106,55-56m²,bostadsratt,2026-05-13T23:23:38.043303
1922472346175135940,https://www.hemnet.se/salda/lagenhet-2rum-berga-linkopings-kommun-ridderstads-gata-32-1922472346175135940,55-56m²,bostadsratt,2026-05-13T23:23:38.043305
2651691610123781129,https://www.hemnet.se/salda/lagenhet-3rum-hammarbyhojden-stockholms-kommun-olaus-magnus-vag-25-2651691610123781129,55-56m²,bostadsratt,2026-05-13T23:23:38.043306
6335926200389960286,https://www.hemnet.se/salda/lagenhet-2rum-centrum-lulea-kommun-timmermansgatan-34-6335926200389960286,55-56m²,bostadsratt,2026-05-13T23:23:38.043308
6157839522778353040,https://www.hemnet.se/salda/lagenhet-2rum-arsta-stockholms-kommun-arstavagen-70-6157839522778353040,55-56m²,bostadsratt,2026-05-13T23:23:38.043309
1259335030824018016,https://www.hemnet.se/salda/lagenhet-2rum-hagerstensasen-stockholms-kommun-lotterivagen-14-1259335030824018016,55-56m²,bostadsratt,2026-05-13T23:23:38.043310
8426810023133313205,https://www.hemnet.se/salda/lagenhet-2rum-molndal-bosgarden-molndals-kommun-haradsgatan-28b-8426810023133313205,55-56m²,bostadsratt,2026-05-13T23:23:38.043312
4130436336433753948,https://www.hemnet.se/salda/lagenhet-2rum-skarphagen-norrkopings-kommun-lanhagsgatan-9-4130436336433753948,55-56m²,bostadsratt,2026-05-13T23:23:38.043313
8962736384253435257,"https://www.hemnet.se/salda/lagenhet-2rum-fruangen-stockholms-kommun-agnes-lagerstedts-gata-12,-4-tr-8962736384253435257",55-56m²,bostadsratt,2026-05-13T23:23:38.043315
139464292163250933,https://www.hemnet.se/salda/lagenhet-2rum-knivsta-knivsta-kommun-lertagsvagen-37c-139464292163250933,55-56m²,bostadsratt,2026-05-13T23:23:38.043316
395162141724297863,https://www.hemnet.se/salda/lagenhet-2rum-berga-linkopings-kommun-ridderstads-gata-30-395162141724297863,55-56m²,bostadsratt,2026-05-13T23:23:38.043317
269320260569261151,https://www.hemnet.se/salda/lagenhet-2rum-segersjo-botkyrka-kommun-segersjovagen-37-269320260569261151,55-56m²,bostadsratt,2026-05-13T23:23:38.043319
6456650149065063415,https://www.hemnet.se/salda/lagenhet-2rum-sundbyberg-ursvik-sundbybergs-kommun-brannarvagen-5-6456650149065063415,55-56m²,bostadsratt,2026-05-13T23:23:38.043320
3547280185641640486,https://www.hemnet.se/salda/lagenhet-2rum-villastaden-gavle-kommun-liljevagen-10-3547280185641640486,55-56m²,bostadsratt,2026-05-13T23:23:38.043322
8154099800122706339,https://www.hemnet.se/salda/lagenhet-2rum-hassleholm-vaster-hassleholms-kommun-norregatan-14-8154099800122706339,55-56m²,bostadsratt,2026-05-13T23:23:38.043323
3968142448905514234,https://www.hemnet.se/salda/lagenhet-2rum-salabacke-uppsala-kommun-arstagatan-20c-3968142448905514234,55-56m²,bostadsratt,2026-05-13T23:23:38.043324
1689628646207791314,"https://www.hemnet.se/salda/lagenhet-2rum-sigtuna-sigtuna-kommun-stora-brannbovagen-25,-3tr-1689628646207791314",55-56m²,bostadsratt,2026-05-13T23:23:38.043326
624038375827873977,"https://www.hemnet.se/salda/lagenhet-2,5rum-lyckeby-haninge-kommun-kalltorpsvagen-98-624038375827873977",55-56m²,bostadsratt,2026-05-13T23:23:38.043327
1892644394375952664,https://www.hemnet.se/salda/lagenhet-2rum-liljeholmskajen-stockholms-kommun-sturehillsvagen-12-1892644394375952664,55-56m²,bostadsratt,2026-05-13T23:23:38.043328
2169912432021950980,https://www.hemnet.se/salda/lagenhet-2rum-horningsnas-huddinge-kommun-kvarnbergsvagen-72-2169912432021950980,55-56m²,bostadsratt,2026-05-13T23:23:38.043330
3492822278792796367,https://www.hemnet.se/salda/lagenhet-2rum-pildammarna-kronborg-malmo-kommun-orsholmsgangen-8c-3492822278792796367,55-56m²,bostadsratt,2026-05-13T23:23:38.043332
847262978466709431,"https://www.hemnet.se/salda/lagenhet-3rum-kungsholmen-essingen-stockholms-kommun-essinge-brogata-15,-vaning-6-6-847262978466709431",55-56m²,bostadsratt,2026-05-13T23:23:38.043333
6087080504943196879,https://www.hemnet.se/salda/lagenhet-2rum-tagaborg-helsingborgs-kommun-foreningsgatan-26-6087080504943196879,55-56m²,bostadsratt,2026-05-13T23:23:38.043335
610125869677392649,https://www.hemnet.se/salda/lagenhet-2rum-erikslust-malmo-kommun-torupsgatan-1a-610125869677392649,55-56m²,bostadsratt,2026-05-13T23:23:38.043336
5042470395444087810,https://www.hemnet.se/salda/lagenhet-2rum-kvarnbergsplan-huddinge-kommun-solfagravagen-1-5042470395444087810,55-56m²,bostadsratt,2026-05-13T23:23:38.043338
5225919590867143792,https://www.hemnet.se/salda/lagenhet-2rum-sodermalm-katarina-stockholms-kommun-ostgotagatan-34-5225919590867143792,55-56m²,bostadsratt,2026-05-13T23:23:38.043339
7983776155645234770,https://www.hemnet.se/salda/lagenhet-2rum-rosendal-uppsala-kommun-kansliskrivargatan-16-7983776155645234770,55-56m²,bostadsratt,2026-05-13T23:23:38.043341
1491097403016366404,https://www.hemnet.se/salda/lagenhet-2rum-jarfalla-jarfalla-kommun-frihetsvagen-9-1491097403016366404,55-56m²,bostadsratt,2026-05-13T23:23:38.043343
6690507239062279393,https://www.hemnet.se/salda/lagenhet-2rum-akersberga-osterakers-kommun-runvagen-11-6690507239062279393,55-56m²,bostadsratt,2026-05-13T23:23:38.043344
3740280148298803281,https://www.hemnet.se/salda/lagenhet-2rum-kvarnsveden-borlange-kommun-murgatan-13d-3740280148298803281,55-56m²,bostadsratt,2026-05-13T23:23:38.043345
3941866493713317155,https://www.hemnet.se/salda/lagenhet-2rum-romberga-enkopings-kommun-rombergsgatan-4-3941866493713317155,55-56m²,bostadsratt,2026-05-13T23:23:38.043347
7262625872386383144,https://www.hemnet.se/salda/lagenhet-2rum-asperod-uddevalla-kommun-maltemyrsvagen-1b-7262625872386383144,55-56m²,bostadsratt,2026-05-13T23:23:38.043348
3508883284790725996,https://www.hemnet.se/salda/lagenhet-2rum-hagalund-borlange-kommun-tagtvagen-25-3508883284790725996,55-56m²,bostadsratt,2026-05-13T23:23:38.043350
2053588043037391653,https://www.hemnet.se/salda/lagenhet-2rum-gardet-stockholms-kommun-carl-akrells-gata-4-2053588043037391653,55-56m²,bostadsratt,2026-05-13T23:23:38.043351
6184771858767615429,https://www.hemnet.se/salda/lagenhet-2rum-korsangsgardet-vasteras-kommun-korsangsgatan-10-6184771858767615429,55-56m²,bostadsratt,2026-05-13T23:23:38.043353
8614348456020297242,https://www.hemnet.se/salda/lagenhet-2rum-hammarby-sjostad-stockholms-kommun-midskeppsgatan-19-8614348456020297242,55-56m²,bostadsratt,2026-05-13T23:23:38.043354
67405016292473745,https://www.hemnet.se/salda/lagenhet-2rum-hagerstensasen-stockholms-kommun-kamrerarvagen-38-67405016292473745,55-56m²,bostadsratt,2026-05-13T23:23:38.043356
4081084615246481757,https://www.hemnet.se/salda/lagenhet-2rum-vastertorp-stockholms-kommun-terrangvagen-79-4081084615246481757,55-56m²,bostadsratt,2026-05-13T23:23:38.043357
9166038602853222319,https://www.hemnet.se/salda/lagenhet-3rum-bagarmossen-stockholms-kommun-rusthallarvagen-121-9166038602853222319,55-56m²,bostadsratt,2026-05-13T23:23:38.043358
3330922066192511057,https://www.hemnet.se/salda/lagenhet-2rum-karrtorp-stockholms-kommun-karrtorpsvagen-26f-3330922066192511057,55-56m²,bostadsratt,2026-05-13T23:23:38.043360
7035112474108760393,https://www.hemnet.se/salda/lagenhet-2rum-alvsbacka-skelleftea-kommun-ostra-nygatan-111-7035112474108760393,55-56m²,bostadsratt,2026-05-13T23:23:38.043361
277861038469338595,https://www.hemnet.se/salda/lagenhet-2rum-lund-centrum-lunds-kommun-knut-den-stores-torg-1c-277861038469338595,55-56m²,bostadsratt,2026-05-13T23:23:38.043363
8016692338468506416,https://www.hemnet.se/salda/lagenhet-2rum-oster-malarstrand-vasteras-kommun-rasegelgatan-4-8016692338468506416,55-56m²,bostadsratt,2026-05-13T23:23:38.043364
6462488909755589371,https://www.hemnet.se/salda/lagenhet-2rum-haga-norrkopings-kommun-norralundsgatan-6b-6462488909755589371,55-56m²,bostadsratt,2026-05-13T23:23:38.043366
4808547867874971857,https://www.hemnet.se/salda/lagenhet-2rum-sodra-omradet-kalmar-kommun-kylegatan-15-4808547867874971857,55-56m²,bostadsratt,2026-05-13T23:23:38.043367
4076442395395120841,https://www.hemnet.se/salda/lagenhet-2rum-kungsangen-uppsala-kommun-kungsgatan-91d-4076442395395120841,55-56m²,bostadsratt,2026-05-13T23:23:38.043369
5479547738709934492,https://www.hemnet.se/salda/lagenhet-2rum-sodermalm-stockholms-kommun-tavastgatan-43-5479547738709934492,55-56m²,bostadsratt,2026-05-13T23:23:38.043370
524256375798060910,"https://www.hemnet.se/salda/lagenhet-2rum-kragstalund-vallentuna-kommun-bylevagen-104,-bv-524256375798060910",55-56m²,bostadsratt,2026-05-13T23:23:38.043372
1302934368915294761,"https://www.hemnet.se/salda/lagenhet-2rum-skondal-stockholms-kommun-kubbegatan-19,-3-tr-1302934368915294761",55-56m²,bostadsratt,2026-05-13T23:23:38.043373
685986120046672051,https://www.hemnet.se/salda/lagenhet-3rum-arsta-stockholms-kommun-skontorpsvagen-93-685986120046672051,55-56m²,bostadsratt,2026-05-13T23:23:38.043374
1526137482643307413,https://www.hemnet.se/salda/lagenhet-2rum-arsta-stockholms-kommun-gullmarsvagen-75-1526137482643307413,55-56m²,bostadsratt,2026-05-13T23:23:38.043376
6274262240558742590,https://www.hemnet.se/salda/lagenhet-2rum-galgvreten-enkopings-kommun-bergsgatan-82-6274262240558742590,55-56m²,bostadsratt,2026-05-13T23:23:38.043377
8299088217107019790,https://www.hemnet.se/salda/lagenhet-2rum-falhagen-uppsala-kommun-falhagsleden-2b-8299088217107019790,55-56m²,bostadsratt,2026-05-13T23:23:38.043379
8552916993627258453,https://www.hemnet.se/salda/lagenhet-2rum-akersberga-centralt-osterakers-kommun-skolvagen-11a-8552916993627258453,55-56m²,bostadsratt,2026-05-13T23:23:38.043380
6561785668870689622,https://www.hemnet.se/salda/lagenhet-2rum-sjobo-boras-kommun-lindormsgatan-24-6561785668870689622,55-56m²,bostadsratt,2026-05-13T23:23:38.043382
5410194632857290521,"https://www.hemnet.se/salda/lagenhet-2,5rum-johanneberg-goteborgs-kommun-golvlaggaregatan-4-d-5410194632857290521",55-56m²,bostadsratt,2026-05-13T23:23:38.043383
2129291041857299761,https://www.hemnet.se/salda/lagenhet-2rum-handen-haninge-kommun-parkvagen-9-2129291041857299761,55-56m²,bostadsratt,2026-05-13T23:23:38.043384
1380256673935101344,https://www.hemnet.se/salda/lagenhet-2rum-centrum-kungalv-kungalvs-kommun-gunnarsberg-6-1380256673935101344,55-56m²,bostadsratt,2026-05-13T23:23:38.043386
508118805578882605,https://www.hemnet.se/salda/lagenhet-2rum-hjortmossen-trollhattans-kommun-hjortmossegatan-149-508118805578882605,55-56m²,bostadsratt,2026-05-13T23:23:38.043387
3888836117146549804,https://www.hemnet.se/salda/lagenhet-2rum-vimpeltorpet-kalmar-kommun-hemvagen-27-3888836117146549804,55-56m²,bostadsratt,2026-05-13T23:23:38.043388
3196600585235653666,https://www.hemnet.se/salda/lagenhet-2rum-lindesberg-lindesbergs-kommun-alkilsbacken-2-3196600585235653666,55-56m²,bostadsratt,2026-05-13T23:23:38.043390
2699166193013915244,https://www.hemnet.se/salda/lagenhet-2rum-valla-sverige-norrsvangen-2b-2699166193013915244,55-56m²,bostadsratt,2026-05-13T23:23:38.043391
2718491529180014869,https://www.hemnet.se/salda/lagenhet-2rum-johanneberg-almedal-goteborgs-kommun-ebbe-lieberathsgatan-14d-2718491529180014869,55-56m²,bostadsratt,2026-05-13T23:23:38.043392
4041391103333160870,https://www.hemnet.se/salda/lagenhet-2rum-vasastan-stockholms-kommun-vanadisvagen-4e-4041391103333160870,55-56m²,bostadsratt,2026-05-13T23:23:38.043394
331256674246978315,https://www.hemnet.se/salda/lagenhet-2rum-midsommarkransen-stockholms-kommun-nioortsvagen-40-331256674246978315,55-56m²,bostadsratt,2026-05-13T23:23:38.043395
5159151096457959831,https://www.hemnet.se/salda/lagenhet-2rum-bergviken-lulea-kommun-majvagen-17-5159151096457959831,55-56m²,bostadsratt,2026-05-13T23:23:38.043396
7133010932315016100,https://www.hemnet.se/salda/lagenhet-2rum-centrum-fagersta-kommun-dalavagen-44-c-7133010932315016100,55-56m²,bostadsratt,2026-05-13T23:23:38.043398
6599448902561535830,https://www.hemnet.se/salda/lagenhet-2rum-visattra-huddinge-kommun-smabrukets-backe-10-6599448902561535830,55-56m²,bostadsratt,2026-05-13T23:23:38.043399
3891917868117341510,https://www.hemnet.se/salda/lagenhet-2rum-centrala-sundbyberg-sundbybergs-kommun-hamngatan-24a-3891917868117341510,55-56m²,bostadsratt,2026-05-13T23:23:38.043400
3139519967117264378,"https://www.hemnet.se/salda/lagenhet-2rum-centralt-vadstena-kommun-motalagatan-15b,-2-van-3139519967117264378",55-56m²,bostadsratt,2026-05-13T23:23:38.043402
9117218903710467587,"https://www.hemnet.se/salda/lagenhet-3rum-hagerstensasen-telefonplan-stockholms-kommun-sparbanksvagen-64,-van-2-9117218903710467587",55-56m²,bostadsratt,2026-05-13T23:23:38.043403
9103674666017284099,https://www.hemnet.se/salda/lagenhet-2rum-slussen-malmo-kommun-malmgatan-16a-9103674666017284099,55-56m²,bostadsratt,2026-05-13T23:23:38.043405
4124889232993728957,https://www.hemnet.se/salda/lagenhet-2rum-visattra-angar-huddinge-kommun-smabrukets-backe-16-4124889232993728957,55-56m²,bostadsratt,2026-05-13T23:23:38.043406
4909028711982521053,https://www.hemnet.se/salda/lagenhet-2rum-trollhattan-trollhattans-kommun-magnus-abergsgatan-1-4909028711982521053,55-56m²,bostadsratt,2026-05-13T23:23:38.043408
5105850077053822044,https://www.hemnet.se/salda/lagenhet-3rum-arsta-stockholms-kommun-slatbaksvagen-4-5105850077053822044,55-56m²,bostadsratt,2026-05-13T23:23:38.043410
532160269380433571,https://www.hemnet.se/salda/lagenhet-2rum-kviberg-goteborgs-kommun-generalsgatan-4-532160269380433571,55-56m²,bostadsratt,2026-05-13T23:23:38.043411
7923618442608826596,"https://www.hemnet.se/salda/lagenhet-2,5rum-bromma-traneberg-stockholms-kommun-mossebergsvagen-9-7923618442608826596",55-56m²,bostadsratt,2026-05-13T23:23:38.043413
5894974247187799186,https://www.hemnet.se/salda/lagenhet-2rum-bergviken-lulea-kommun-ljunggatan-4-5894974247187799186,55-56m²,bostadsratt,2026-05-13T23:23:38.043414
4081306725982853176,https://www.hemnet.se/salda/lagenhet-2rum-sodra-ekkallan-linkopings-kommun-honnorsgatan-12-4081306725982853176,55-56m²,bostadsratt,2026-05-13T23:23:38.043416
2895865775171277512,https://www.hemnet.se/salda/lagenhet-2rum-trollbacken-tyreso-kommun-svalvagen-1b-2895865775171277512,55-56m²,bostadsratt,2026-05-13T23:23:38.043417
4148221959772449233,https://www.hemnet.se/salda/lagenhet-3rum-liljeholmen-stockholms-kommun-nybohovsbacken-93-4148221959772449233,55-56m²,bostadsratt,2026-05-13T23:23:38.043419
4809982268337001677,https://www.hemnet.se/salda/lagenhet-2rum-mariehall-stockholms-kommun-kratsbodavagen-44d-4809982268337001677,55-56m²,bostadsratt,2026-05-13T23:23:38.043420
4772188583669628926,https://www.hemnet.se/salda/lagenhet-2rum-ruddalen-goteborgs-kommun-basungatan-23-4772188583669628926,55-56m²,bostadsratt,2026-05-13T23:23:38.043422
1932123507473403908,https://www.hemnet.se/salda/lagenhet-2rum-segeltorp-huddinge-kommun-visirvagen-9-1932123507473403908,55-56m²,bostadsratt,2026-05-13T23:23:38.043423
3968144681117856271,https://www.hemnet.se/salda/lagenhet-2rum-gamla-staden-malmo-kommun-sodra-promenaden-25a-3968144681117856271,55-56m²,bostadsratt,2026-05-13T23:23:38.043425
5940541543450137449,https://www.hemnet.se/salda/lagenhet-2rum-kvarntorget-landskrona-kommun-vagnmansgatan-7b-5940541543450137449,55-56m²,bostadsratt,2026-05-13T23:23:38.043426
8926694444317889351,https://www.hemnet.se/salda/lagenhet-2rum-nykvarn-generellt-nykvarns-kommun-gammeltorpsvagen-2a-8926694444317889351,55-56m²,bostadsratt,2026-05-13T23:23:38.043427
6242523848257199495,https://www.hemnet.se/salda/lagenhet-2rum-fagelbo-vaster-oster-nykopings-kommun-sommarvagen-3-6242523848257199495,55-56m²,bostadsratt,2026-05-13T23:23:38.043429
3167758881899138801,https://www.hemnet.se/salda/lagenhet-2rum-habo-habo-kommun-slattergatan-25-3167758881899138801,55-56m²,bostadsratt,2026-05-13T23:23:38.043430
7571854652674500650,"https://www.hemnet.se/salda/lagenhet-2rum-sodermalm-stockholms-kommun-bjurholmsgatan-10,-2tr-7571854652674500650",55-56m²,bostadsratt,2026-05-13T23:23:38.043432
6971343008121147877,https://www.hemnet.se/salda/lagenhet-2rum-traneberg-stockholms-kommun-tranebergsvagen-50-6971343008121147877,55-56m²,bostadsratt,2026-05-13T23:23:38.043433
3395735799828270262,https://www.hemnet.se/salda/lagenhet-4rum-arsta-stockholms-kommun-amanningevagen-52-3395735799828270262,55-56m²,bostadsratt,2026-05-13T23:23:38.043434
5339247018241713014,https://www.hemnet.se/salda/lagenhet-2rum-granlo-sundsvalls-kommun-hogomsvagen-50-5339247018241713014,55-56m²,bostadsratt,2026-05-13T23:23:38.043436
6217876275026281608,https://www.hemnet.se/salda/lagenhet-2rum-soder-vaxjo-kommun-liedbergsgatan-2-6217876275026281608,55-56m²,bostadsratt,2026-05-13T23:23:38.043437
347580639056654426,https://www.hemnet.se/salda/lagenhet-2rum-vallastaden-linkopings-kommun-johannes-magnus-vag-32-347580639056654426,55-56m²,bostadsratt,2026-05-13T23:23:38.043438
4742565104791729807,https://www.hemnet.se/salda/lagenhet-2rum-sodermalm-stockholms-kommun-hastholmsvagen-10-4742565104791729807,55-56m²,bostadsratt,2026-05-13T23:23:38.043440
2263757024980388644,https://www.hemnet.se/salda/lagenhet-2rum-orgryte-goteborgs-kommun-iskallareliden-15-b-2263757024980388644,55-56m²,bostadsratt,2026-05-13T23:23:38.043442
4510873929912476015,"https://www.hemnet.se/salda/lagenhet-2rum-kista-stockholms-kommun-kopenhamnsgatan-28,-1-tr-4510873929912476015",55-56m²,bostadsratt,2026-05-13T23:23:38.043443
3904415562680511414,https://www.hemnet.se/salda/lagenhet-2rum-kvarnback-hoors-kommun-koriandervagen-15e-3904415562680511414,55-56m²,bostadsratt,2026-05-13T23:23:38.043444
6961502383009932399,https://www.hemnet.se/salda/lagenhet-2rum-sundbyberg-rissne-sundbybergs-kommun-kavallerivagen-2a-6961502383009932399,55-56m²,bostadsratt,2026-05-13T23:23:38.043446
6075883323175936966,https://www.hemnet.se/salda/lagenhet-2rum-vasterslatt-umea-kommun-timotejvagen-10-6075883323175936966,55-56m²,bostadsratt,2026-05-13T23:23:38.043447
2876008017368084063,https://www.hemnet.se/salda/lagenhet-2rum-centrala-vellinge-vellinge-kommun-vasterbrogatan-26-2876008017368084063,55-56m²,bostadsratt,2026-05-13T23:23:38.043449
7535022572733711970,https://www.hemnet.se/salda/lagenhet-2rum-kapellgardet-uppsala-kommun-vattholmavagen-6b-7535022572733711970,55-56m²,bostadsratt,2026-05-13T23:23:38.043450
5953963586497004726,https://www.hemnet.se/salda/lagenhet-2rum-surahammar-surahammars-kommun-ostergatan-60b-5953963586497004726,55-56m²,bostadsratt,2026-05-13T23:23:38.043452
6754650930210262360,https://www.hemnet.se/salda/lagenhet-3rum-arsta-stockholms-kommun-storsjovagen-36-6754650930210262360,55-56m²,bostadsratt,2026-05-13T23:23:38.043454
4554439939227769792,https://www.hemnet.se/salda/lagenhet-2rum-lindholmen-goteborgs-kommun-liberagatan-32-4554439939227769792,55-56m²,bostadsratt,2026-05-13T23:23:38.043455
3007108321250646824,https://www.hemnet.se/salda/lagenhet-2rum-skutskar-alvkarleby-kommun-stybbvagen-5b-3007108321250646824,55-56m²,bostadsratt,2026-05-13T23:23:38.043456
8127894516927683533,https://www.hemnet.se/salda/lagenhet-2rum-rasunda-solna-kommun-hasselstigen-6-8127894516927683533,55-56m²,bostadsratt,2026-05-13T23:23:38.043458
182458330531993135,"https://www.hemnet.se/salda/lagenhet-2rum-sodermalm-stockholms-kommun-ostgotagatan-26,-4tr-182458330531993135",55-56m²,bostadsratt,2026-05-13T23:23:38.043460
4361100195055400873,https://www.hemnet.se/salda/lagenhet-2rum-ruddalen-goteborgs-kommun-basungatan-25-4361100195055400873,55-56m²,bostadsratt,2026-05-13T23:23:38.043461
4897613713822535032,https://www.hemnet.se/salda/lagenhet-2rum-kallered-molndals-kommun-rektor-jonssons-vag-35-4897613713822535032,55-56m²,bostadsratt,2026-05-13T23:23:38.043462
809353025427938658,https://www.hemnet.se/salda/lagenhet-3rum-krylbo-avesta-kommun-lindevagen-23b-809353025427938658,55-56m²,bostadsratt,2026-05-13T23:23:38.043464
3231444924344896304,https://www.hemnet.se/salda/lagenhet-2rum-smedjebacken-berga-smedjebackens-kommun-skolgatan-20c-3231444924344896304,55-56m²,bostadsratt,2026-05-13T23:23:38.043465
3176176364687793198,https://www.hemnet.se/salda/lagenhet-2rum-fanna-enkopings-kommun-skordevagen-1-3176176364687793198,55-56m²,bostadsratt,2026-05-13T23:23:38.043466
6182205007297670917,https://www.hemnet.se/salda/lagenhet-2rum-centralt-ornskoldsvik-ornskoldsviks-kommun-angermanlandsgatan-16b-6182205007297670917,55-56m²,bostadsratt,2026-05-13T23:23:38.043468
205924024008891232,"https://www.hemnet.se/salda/lagenhet-2rum-vasastan-stockholms-kommun-dalagatan-60,-5tr-205924024008891232",55-56m²,bostadsratt,2026-05-13T23:23:38.043469
6013407232127815989,https://www.hemnet.se/salda/lagenhet-2rum-centrala-sundbyberg-sundbybergs-kommun-vintergatan-2-6013407232127815989,55-56m²,bostadsratt,2026-05-13T23:23:38.043471
7425703866610845608,https://www.hemnet.se/salda/lagenhet-2rum-sodermalm-stockholms-kommun-asogatan-128-7425703866610845608,55-56m²,bostadsratt,2026-05-13T23:23:38.043472
8101238014775731142,https://www.hemnet.se/salda/lagenhet-2rum-hakanstorp-malmo-kommun-skoldgatan-4b-8101238014775731142,55-56m²,bostadsratt,2026-05-13T23:23:38.043474
1832713842554640574,"https://www.hemnet.se/salda/lagenhet-1,5rum-vilbergen-norrkopings-kommun-grabergsgatan-81-1832713842554640574",55-56m²,bostadsratt,2026-05-13T23:23:38.043475
3750257663589048788,https://www.hemnet.se/salda/lagenhet-2rum-nyckelberget-kopings-kommun-fogdegatan-3a-3750257663589048788,55-56m²,bostadsratt,2026-05-13T23:23:38.043477
4387946283345071671,https://www.hemnet.se/salda/lagenhet-2rum-frantorp-goteborgs-kommun-frantorpsgatan-82-4387946283345071671,55-56m²,bostadsratt,2026-05-13T23:23:38.043478
2597271002480165077,https://www.hemnet.se/salda/lagenhet-2rum-norberg-norbergs-kommun-esbjornsvagen-12b-2597271002480165077,55-56m²,bostadsratt,2026-05-13T23:23:38.043480
881415198683866548,"https://www.hemnet.se/salda/lagenhet-2rum-centrala-sundbyberg-sundbybergs-kommun-tulegatan-29b,-3-tr-881415198683866548",55-56m²,bostadsratt,2026-05-13T23:23:38.043481
1854576162914911528,https://www.hemnet.se/salda/lagenhet-2rum-kviberg-goteborgs-kommun-ingeborg-hammarskjolds-gata-57-1854576162914911528,55-56m²,bostadsratt,2026-05-13T23:23:38.043483
5648297369978645504,"https://www.hemnet.se/salda/lagenhet-3rum-aspudden-stockholms-kommun-hovdingagatan-3,-van-3-av-4-5648297369978645504",55-56m²,bostadsratt,2026-05-13T23:23:38.043484
84779763569144148,"https://www.hemnet.se/salda/lagenhet-3rum-arsta-stockholms-kommun-siljansvagen-10,-3tr-84779763569144148",55-56m²,bostadsratt,2026-05-13T23:23:38.043485
1998707420228691754,https://www.hemnet.se/salda/lagenhet-2rum-karrtorp-stockholms-kommun-fyrskeppsvagen-73-1998707420228691754,55-56m²,bostadsratt,2026-05-13T23:23:38.043487
4080767337122676946,https://www.hemnet.se/salda/lagenhet-3rum-akeshov-stockholms-kommun-knypplerskevagen-36-4080767337122676946,55-56m²,bostadsratt,2026-05-13T23:23:38.043488
7665398280216374267,https://www.hemnet.se/salda/lagenhet-2rum-dammfri-malmo-kommun-bobergsangen-5-b-7665398280216374267,55-56m²,bostadsratt,2026-05-13T23:23:38.043489
4193176722518132845,https://www.hemnet.se/salda/lagenhet-2rum-centrala-hisingen-goteborgs-kommun-ovre-hallegatan-54-4193176722518132845,55-56m²,bostadsratt,2026-05-13T23:23:38.043491
1436527642661360884,"https://www.hemnet.se/salda/lagenhet-2rum-hagerstensasen-stockholms-kommun-lotterivagen-14,-2tr-1436527642661360884",55-56m²,bostadsratt,2026-05-13T23:23:38.043492
841028300025856009,"https://www.hemnet.se/salda/lagenhet-2,5rum-centrala-filipstad-filipstads-kommun-finnshyttegatan-3a-841028300025856009",55-56m²,bostadsratt,2026-05-13T23:23:38.043494
8841128200100176342,https://www.hemnet.se/salda/lagenhet-2rum-saltsjoqvarn-nacka-kommun-bageribacken-8-8841128200100176342,55-56m²,bostadsratt,2026-05-13T23:23:38.043495
5193314600369076238,https://www.hemnet.se/salda/lagenhet-2rum-masmo-strand-huddinge-kommun-varby-alle-15-5193314600369076238,55-56m²,bostadsratt,2026-05-13T23:23:38.043497
4578586427919499899,https://www.hemnet.se/salda/lagenhet-2rum-hudiksvall-sodra-hudiksvalls-kommun-ankargatan-13-4578586427919499899,55-56m²,bostadsratt,2026-05-13T23:23:38.043498
2343923583214873564,https://www.hemnet.se/salda/lagenhet-2rum-norr-gavle-kommun-norra-kungsgatan-35b-2343923583214873564,55-56m²,bostadsratt,2026-05-13T23:23:38.043499
5868363444645551351,https://www.hemnet.se/salda/lagenhet-2rum-bromma-brommaplan-stockholms-kommun-bergslagsvagen-23-5868363444645551351,55-56m²,bostadsratt,2026-05-13T23:23:38.043501
5873063487931502774,https://www.hemnet.se/salda/lagenhet-2rum-vadstena-vadstena-kommun-motalagatan-15a-5873063487931502774,55-56m²,bostadsratt,2026-05-13T23:23:38.043502
2404774249127741037,https://www.hemnet.se/salda/lagenhet-2rum-brommaplan-stockholms-kommun-spangavagen-38-2404774249127741037,55-56m²,bostadsratt,2026-05-13T23:23:38.043503
6177443755924972383,https://www.hemnet.se/salda/lagenhet-2rum-vastanfors-fagersta-kommun-parkvagen-23-b-6177443755924972383,55-56m²,bostadsratt,2026-05-13T23:23:38.043505
1120079012024637510,https://www.hemnet.se/salda/lagenhet-2rum-centrala-vasby-upplands-vasby-kommun-upplysningens-vag-21-lgh-1203-1120079012024637510,55-56m²,bostadsratt,2026-05-13T23:23:38.043507
2081998796362732358,https://www.hemnet.se/salda/lagenhet-2rum-limhamn-on-malmo-kommun-sundholmsgatan-12a-2081998796362732358,55-56m²,bostadsratt,2026-05-13T23:23:38.043508
8862836068240778510,https://www.hemnet.se/salda/lagenhet-2rum-gamla-rasunda-solna-kommun-rasundavagen-129-8862836068240778510,55-56m²,bostadsratt,2026-05-13T23:23:38.043509
4051204049048068108,https://www.hemnet.se/salda/lagenhet-2rum-lerum-lerums-kommun-ekollonvagen-142-4051204049048068108,55-56m²,bostadsratt,2026-05-13T23:23:38.043511
3595251214203199106,https://www.hemnet.se/salda/lagenhet-2rum-gamla-enskede-stockholms-kommun-nynasvagen-318-3595251214203199106,55-56m²,bostadsratt,2026-05-13T23:23:38.043512
7557919292093472916,https://www.hemnet.se/salda/lagenhet-2rum-oster-malarstrand-vasteras-kommun-notuddskajen-9-7557919292093472916,55-56m²,bostadsratt,2026-05-13T23:23:38.043514
5275992990323850837,https://www.hemnet.se/salda/lagenhet-2rum-sundbyberg-ursvik-sundbybergs-kommun-brannarvagen-7-5275992990323850837,55-56m²,bostadsratt,2026-05-13T23:23:38.043515
5855429754758731518,https://www.hemnet.se/salda/lagenhet-2rum-tullinge-botkyrka-kommun-tullingebergsvagen-8c-5855429754758731518,55-56m²,bostadsratt,2026-05-13T23:23:38.043516
7579448144818403339,https://www.hemnet.se/salda/lagenhet-2rum-rasunda-solna-kommun-asvagen-9-7579448144818403339,55-56m²,bostadsratt,2026-05-13T23:23:38.043518
1160813039901077069,https://www.hemnet.se/salda/lagenhet-3rum-vastberga-telefonplan-stockholms-kommun-dansbanevagen-12-1160813039901077069,55-56m²,bostadsratt,2026-05-13T23:23:38.043519
1404018557186608666,https://www.hemnet.se/salda/lagenhet-3rum-kungsholmen-stockholms-kommun-kronobergsgatan-22-1404018557186608666,55-56m²,bostadsratt,2026-05-13T23:23:38.043520
4952687101831229520,https://www.hemnet.se/salda/lagenhet-2rum-ritorp-sodertalje-kommun-skagglavsvagen-24-4952687101831229520,55-56m²,bostadsratt,2026-05-13T23:23:38.043522
7628814495920145680,https://www.hemnet.se/salda/lagenhet-2rum-sundbyberg-sundbybergs-kommun-boplatsvagen-13-7628814495920145680,55-56m²,bostadsratt,2026-05-13T23:23:38.043523
2952890338230965856,https://www.hemnet.se/salda/lagenhet-2rum-bla-port-karlskrona-kommun-blaportshojden-6e-2952890338230965856,55-56m²,bostadsratt,2026-05-13T23:23:38.043524
9098854987301816155,https://www.hemnet.se/salda/lagenhet-2rum-bromma-riksby-stockholms-kommun-spangavagen-8-9098854987301816155,55-56m²,bostadsratt,2026-05-13T23:23:38.043526
3181874536474808324,https://www.hemnet.se/salda/lagenhet-2rum-rasunda-solna-kommun-gransgatan-26-3181874536474808324,55-56m²,bostadsratt,2026-05-13T23:23:38.043527
3792232446073692397,https://www.hemnet.se/salda/lagenhet-2rum-ostermalm-vasteras-kommun-gjutare-granstroms-gata-7-3792232446073692397,55-56m²,bostadsratt,2026-05-13T23:23:38.043529
8019948497325478406,https://www.hemnet.se/salda/lagenhet-2rum-skiljebo-vasteras-kommun-sevallagatan-5c-8019948497325478406,55-56m²,bostadsratt,2026-05-13T23:23:38.043530
8653853281610498360,https://www.hemnet.se/salda/lagenhet-2rum-granlunda-trelleborgs-kommun-radmansgatan-2-c-8653853281610498360,55-56m²,bostadsratt,2026-05-13T23:23:38.043531
3475709804063671272,https://www.hemnet.se/salda/lagenhet-2rum-hovas-goteborgs-kommun-uggleberget-26-3475709804063671272,55-56m²,bostadsratt,2026-05-13T23:23:38.043533
6447605868137714363,https://www.hemnet.se/salda/lagenhet-2rum-johanneberg-goteborgs-kommun-framnasgatan-24d-6447605868137714363,55-56m²,bostadsratt,2026-05-13T23:23:38.043534
4055484400756477757,https://www.hemnet.se/salda/lagenhet-2rum-hisings-backa-goteborgs-kommun-lillhagens-sandlycka-4a-4055484400756477757,55-56m²,bostadsratt,2026-05-13T23:23:38.043535
120281494761607513,https://www.hemnet.se/salda/lagenhet-2rum-rorsjostaden-malmo-kommun-foreningsgatan-50a-120281494761607513,55-56m²,bostadsratt,2026-05-13T23:23:38.043537
5411458840049677263,https://www.hemnet.se/salda/lagenhet-2rum-centrala-mjolby-mjolby-kommun-dackegatan-10-b-5411458840049677263,55-56m²,bostadsratt,2026-05-13T23:23:38.043538
7862835223367028360,https://www.hemnet.se/salda/lagenhet-2rum-molndal-bosgarden-molndals-kommun-haradsgatan-30a-7862835223367028360,55-56m²,bostadsratt,2026-05-13T23:23:38.043539
5569721346651218950,https://www.hemnet.se/salda/lagenhet-2rum-bjorkekarr-goteborgs-kommun-frantorpsgatan-82-5569721346651218950,55-56m²,bostadsratt,2026-05-13T23:23:38.043541
7320133153703400486,https://www.hemnet.se/salda/lagenhet-2rum-mora-centrum-mora-kommun-vasagatan-11-b-7320133153703400486,55-56m²,bostadsratt,2026-05-13T23:23:38.043542
6975823550292400479,https://www.hemnet.se/salda/lagenhet-2rum-morbybacken-danderyds-kommun-golfvagen-9-6975823550292400479,55-56m²,bostadsratt,2026-05-13T23:23:38.043544
7235536015924869431,https://www.hemnet.se/salda/lagenhet-2rum-ravasen-karlskoga-kommun-gardesgatan-1a-7235536015924869431,55-56m²,bostadsratt,2026-05-13T23:23:38.043545
9115480825661209739,https://www.hemnet.se/salda/lagenhet-2rum-salabacke-uppsala-kommun-apelgatan-6-9115480825661209739,55-56m²,bostadsratt,2026-05-13T23:23:38.043547
8616735387670752370,https://www.hemnet.se/salda/lagenhet-2rum-simrishamn-centralt-simrishamns-kommun-gesallgatan-7-8616735387670752370,55-56m²,bostadsratt,2026-05-13T23:23:38.043548
8436214466758937699,https://www.hemnet.se/salda/lagenhet-2rum-hasthagen-malmo-kommun-krutmeijersgatan-12c-8436214466758937699,55-56m²,bostadsratt,2026-05-13T23:23:38.043550
5276825643383558444,https://www.hemnet.se/salda/lagenhet-2rum-angavangen-angelholms-kommun-tegelmastaregatan-2-a-5276825643383558444,55-56m²,bostadsratt,2026-05-13T23:23:38.043551
6222286636878087624,https://www.hemnet.se/salda/lagenhet-2rum-silverdal-sollentuna-kommun-silverdalsstraket-4-6222286636878087624,55-56m²,bostadsratt,2026-05-13T23:23:38.043552
3642632983902952057,https://www.hemnet.se/salda/lagenhet-2rum-fruangen-stockholms-kommun-ellen-keys-gata-87-3642632983902952057,55-56m²,bostadsratt,2026-05-13T23:23:38.043554
3282606906416905281,https://www.hemnet.se/salda/lagenhet-2rum-skytteholm-solna-kommun-framnasbacken-14-3282606906416905281,55-56m²,bostadsratt,2026-05-13T23:23:38.043555
5348505528328155610,"https://www.hemnet.se/salda/lagenhet-2rum-vasastan-stockholms-kommun-rehnsgatan-8,-2-tr-5348505528328155610",55-56m²,bostadsratt,2026-05-13T23:23:38.043557
4514423561130853903,https://www.hemnet.se/salda/lagenhet-2rum-norrmalm-skovde-kommun-majorsgatan-4-c-4514423561130853903,55-56m²,bostadsratt,2026-05-13T23:23:38.043558
7887249169806760430,https://www.hemnet.se/salda/lagenhet-2rum-soder-gavle-kommun-eddagatan-18-7887249169806760430,55-56m²,bostadsratt,2026-05-13T23:23:38.043559
1638334029172143881,https://www.hemnet.se/salda/lagenhet-2rum-almedal-goteborgs-kommun-molndalsvagen-89d-1638334029172143881,55-56m²,bostadsratt,2026-05-13T23:23:38.043561
3555617057222863435,https://www.hemnet.se/salda/lagenhet-2rum-nedre-kungsholmen-stockholms-kommun-pipersgatan-8-3555617057222863435,55-56m²,bostadsratt,2026-05-13T23:23:38.043562
8514490413678236309,https://www.hemnet.se/salda/lagenhet-2rum-orgryte-torp-goteborgs-kommun-barbro-horbergs-gata-7-8514490413678236309,55-56m²,bostadsratt,2026-05-13T23:23:38.043564
5328182805975424819,https://www.hemnet.se/salda/lagenhet-2rum-centrala-sundbyberg-sundbybergs-kommun-vintergatan-2e-5328182805975424819,55-56m²,bostadsratt,2026-05-13T23:23:38.043565
8966242820449802906,https://www.hemnet.se/salda/lagenhet-2rum-vimpeltorpet-kalmar-kommun-langa-vagen-21-8966242820449802906,55-56m²,bostadsratt,2026-05-13T23:23:38.043566
821632032392229221,"https://www.hemnet.se/salda/lagenhet-2rum-johannesdal,-vasterviks-kommun-vimpelgatan-9a-821632032392229221",55-56m²,bostadsratt,2026-05-13T23:23:38.043568
1197876212176997338,"https://www.hemnet.se/salda/lagenhet-2,5rum-kungsholmen-stockholms-kommun-pontonjargatan-16,-3-tr-1197876212176997338",55-56m²,bostadsratt,2026-05-13T23:23:38.043569
7658218133915825892,https://www.hemnet.se/salda/lagenhet-2rum-valla-gottfridsberg-linkopings-kommun-alvastragatan-2c-7658218133915825892,55-56m²,bostadsratt,2026-05-13T23:23:38.043571
1625835099438238753,https://www.hemnet.se/salda/lagenhet-2rum-ytterby-kungalvs-kommun-nordtagsgatan-155-1625835099438238753,55-56m²,bostadsratt,2026-05-13T23:23:38.043572
7843426496859165926,https://www.hemnet.se/salda/lagenhet-2rum-skegrie-trelleborgs-kommun-maja-lisa-gronbergs-vag-9b-7843426496859165926,55-56m²,bostadsratt,2026-05-13T23:23:38.043574
1870683807166378121,https://www.hemnet.se/salda/lagenhet-2rum-arsta-stockholms-kommun-ymsenvagen-14-1870683807166378121,55-56m²,bostadsratt,2026-05-13T23:23:38.043575
176159726462861485,https://www.hemnet.se/salda/lagenhet-2rum-oster-oxelbergen-norrkopings-kommun-storsvangen-37-176159726462861485,55-56m²,bostadsratt,2026-05-13T23:23:38.043576
3774889684136833726,https://www.hemnet.se/salda/lagenhet-2rum-hammarby-sjostad-stockholms-kommun-midskeppsgatan-12-3774889684136833726,55-56m²,bostadsratt,2026-05-13T23:23:38.043578
4964989926753827702,https://www.hemnet.se/salda/lagenhet-2rum-soder-gavle-kommun-murengatan-20-b-4964989926753827702,55-56m²,bostadsratt,2026-05-13T23:23:38.043579
8547573113676959382,https://www.hemnet.se/salda/lagenhet-2rum-brotorp-jarvastaden-sundbybergs-kommun-brogatan-2-8547573113676959382,55-56m²,bostadsratt,2026-05-13T23:23:38.043580
1442387810115880136,https://www.hemnet.se/salda/lagenhet-2rum-vasastan-stockholms-kommun-karlbergsvagen-29a-1442387810115880136,55-56m²,bostadsratt,2026-05-13T23:23:38.043582
2975732083360230799,"https://www.hemnet.se/salda/lagenhet-3rum-arsta-stockholms-kommun-ramensvagen-29b,-4-tr-2975732083360230799",55-56m²,bostadsratt,2026-05-13T23:23:38.043583
8244612407457637280,https://www.hemnet.se/salda/lagenhet-2rum-klagshamn-malmo-kommun-folketshusvagen-3-8244612407457637280,55-56m²,bostadsratt,2026-05-13T23:23:38.043585
1014348942291215793,https://www.hemnet.se/salda/lagenhet-2rum-vastra-sjostaden-ystads-kommun-stormgatan-15a-1014348942291215793,55-56m²,bostadsratt,2026-05-13T23:23:38.043586
1596391807345572488,https://www.hemnet.se/salda/lagenhet-2rum-midsommarkransen-stockholms-kommun-midsommarvagen-50-1596391807345572488,55-56m²,bostadsratt,2026-05-13T23:23:38.043587
1651062434313486122,https://www.hemnet.se/salda/lagenhet-2rum-alvik-stockholms-kommun-gustavslundsvagen-155b-1651062434313486122,55-56m²,bostadsratt,2026-05-13T23:23:38.043589
7158823340575903957,https://www.hemnet.se/salda/lagenhet-2rum-visby-oster-gotlands-kommun-kolgardsgatan-4b-7158823340575903957,55-56m²,bostadsratt,2026-05-13T23:23:38.043590
2688734706759738936,https://www.hemnet.se/salda/lagenhet-2rum-sodertull-gavle-kommun-fleminggatan-27d-2688734706759738936,55-56m²,bostadsratt,2026-05-13T23:23:38.043591
5437238517002603997,https://www.hemnet.se/salda/lagenhet-2rum-tegelviken-kalmar-kommun-nyslottsgatan-5a-5437238517002603997,55-56m²,bostadsratt,2026-05-13T23:23:38.043593
4453976689407171220,https://www.hemnet.se/salda/lagenhet-2rum-kviberg-goteborgs-kommun-fanjunkaregatan-2h-4453976689407171220,55-56m²,bostadsratt,2026-05-13T23:23:38.043594
8891668346620896217,"https://www.hemnet.se/salda/lagenhet-1,5rum-eriksberg-goteborgs-kommun-bratterasbacken-28-8891668346620896217",55-56m²,bostadsratt,2026-05-13T23:23:38.043596
6549417356221770279,https://www.hemnet.se/salda/lagenhet-2rum-norra-nynashamn-nynashamns-kommun-nynasvagen-34-6549417356221770279,55-56m²,bostadsratt,2026-05-13T23:23:38.043598
8268883636613433559,"https://www.hemnet.se/salda/lagenhet-2rum-sibirien-vasastan-stockholms-kommun-ingemarsgatan-6,-2-tr-8268883636613433559",55-56m²,bostadsratt,2026-05-13T23:23:38.043610
7610453126366388775,https://www.hemnet.se/salda/lagenhet-2rum-vega-haninge-kommun-storseglet-15-7610453126366388775,55-56m²,bostadsratt,2026-05-13T23:23:38.043612
8144011301577186606,https://www.hemnet.se/salda/lagenhet-2rum-vasastan-norrmalm-stockholms-kommun-norrtullsgatan-63-8144011301577186606,55-56m²,bostadsratt,2026-05-13T23:23:38.043613
8238774625624432228,https://www.hemnet.se/salda/lagenhet-3rum-sodermalm-stockholms-kommun-eriksdalsgatan-19-8238774625624432228,55-56m²,bostadsratt,2026-05-13T23:23:38.043615
4279101256734010058,https://www.hemnet.se/salda/lagenhet-2rum-vaxholm-vaxholms-kommun-ostra-kasernvagen-12-4279101256734010058,55-56m²,bostadsratt,2026-05-13T23:23:38.043616
8082992553233553337,https://www.hemnet.se/salda/lagenhet-2rum-fagelbo-vaster-oster-nykopings-kommun-fruangsgatan-58m-8082992553233553337,55-56m²,bostadsratt,2026-05-13T23:23:38.043617
239715087933517562,https://www.hemnet.se/salda/lagenhet-2rum-sjobo-boras-kommun-bjorkhemsgatan-9-239715087933517562,55-56m²,bostadsratt,2026-05-13T23:23:38.043619
5806359636476098270,https://www.hemnet.se/salda/lagenhet-2rum-fullersta-huddinge-kommun-kyrkangsbacken-14-5806359636476098270,55-56m²,bostadsratt,2026-05-13T23:23:38.043620
297488890511614392,https://www.hemnet.se/salda/lagenhet-2rum-bandhagen-stockholms-kommun-fagelstavagen-40-297488890511614392,55-56m²,bostadsratt,2026-05-13T23:23:38.043622
164117382792537470,https://www.hemnet.se/salda/lagenhet-2rum-gamla-staden-lidkopings-kommun-prostgatan-10b-164117382792537470,55-56m²,bostadsratt,2026-05-13T23:23:38.043623
8570144215091304467,https://www.hemnet.se/salda/lagenhet-2rum-sandtorp-norrkopings-kommun-gustaf-janzens-gata-33-8570144215091304467,55-56m²,bostadsratt,2026-05-13T23:23:38.043624
9032083474474869240,https://www.hemnet.se/salda/lagenhet-2rum-ytterby-kungalvs-kommun-nordtagsgatan-134-9032083474474869240,55-56m²,bostadsratt,2026-05-13T23:23:38.043626
758502749464117613,https://www.hemnet.se/salda/lagenhet-2rum-vasterhaninge-haninge-kommun-ringvagen-58-758502749464117613,55-56m²,bostadsratt,2026-05-13T23:23:38.043627
6315253094637375599,https://www.hemnet.se/salda/lagenhet-2rum-lunden-goteborgs-kommun-stafettgatan-4b-6315253094637375599,55-56m²,bostadsratt,2026-05-13T23:23:38.043629
4103059570292310288,https://www.hemnet.se/salda/lagenhet-2rum-bohuslan-kungalvs-kommun-inlandsgatan-7-4103059570292310288,55-56m²,bostadsratt,2026-05-13T23:23:38.043630
4052995148781669233,https://www.hemnet.se/salda/lagenhet-2rum-midsommarkransen-stockholms-kommun-tellusborgsvagen-88-4052995148781669233,55-56m²,bostadsratt,2026-05-13T23:23:38.043632
7615973130909674428,https://www.hemnet.se/salda/lagenhet-2rum-karrtorp-stockholms-kommun-fyrskeppsvagen-79-7615973130909674428,55-56m²,bostadsratt,2026-05-13T23:23:38.043633
8803493535343460561,https://www.hemnet.se/salda/lagenhet-2rum-ljusdal-ljusdals-kommun-lilla-jarnvagsgatan-4-8803493535343460561,55-56m²,bostadsratt,2026-05-13T23:23:38.043635
6505483981294784632,https://www.hemnet.se/salda/lagenhet-2rum-aspudden-stockholms-kommun-sigurd-rings-gata-7-6505483981294784632,55-56m²,bostadsratt,2026-05-13T23:23:38.043636
553357473706798119,https://www.hemnet.se/salda/lagenhet-2rum-osby-centralt-osby-kommun-fabriksgatan-13a-553357473706798119,55-56m²,bostadsratt,2026-05-13T23:23:38.043638
8809162277544786,https://www.hemnet.se/salda/lagenhet-2rum-ostermalm-vasteras-kommun-sodra-ringvagen-2b-8809162277544786,55-56m²,bostadsratt,2026-05-13T23:23:38.043639
6591382706908703955,https://www.hemnet.se/salda/lagenhet-2rum-vasastan-hagastaden-stockholms-kommun-torsplan-10-6591382706908703955,55-56m²,bostadsratt,2026-05-13T23:23:38.043641
1621635864870824567,https://www.hemnet.se/salda/lagenhet-2rum-askim-goteborgs-kommun-kobbeslatten-6c-1621635864870824567,55-56m²,bostadsratt,2026-05-13T23:23:38.043642
2151798324275484869,https://www.hemnet.se/salda/lagenhet-1rum-norrstrand-karlstads-kommun-sodra-ljungbygatan-5a-2151798324275484869,55-56m²,bostadsratt,2026-05-13T23:23:38.043643
851799338404151750,https://www.hemnet.se/salda/lagenhet-2rum-falhagen-uppsala-kommun-salagatan-51c-851799338404151750,55-56m²,bostadsratt,2026-05-13T23:23:38.043645
6565981042919878049,https://www.hemnet.se/salda/lagenhet-2rum-epadalen-angelholms-kommun-kullavagen-32b-6565981042919878049,55-56m²,bostadsratt,2026-05-13T23:23:38.043646
3191434699893087073,"https://www.hemnet.se/salda/lagenhet-2rum-svedmyra-enskede-stockholms-kommun-jonakersvagen-23,-1-tr-3191434699893087073",55-56m²,bostadsratt,2026-05-13T23:23:38.043648
231303476452354942,https://www.hemnet.se/salda/lagenhet-2rum-sundbyberg-sundbybergs-kommun-kavallerivagen-2b-231303476452354942,55-56m²,bostadsratt,2026-05-13T23:23:38.043650
9179131483202708927,https://www.hemnet.se/salda/lagenhet-3rum-lunden-goteborgs-kommun-rantmastaregatan-13b-9179131483202708927,55-56m²,bostadsratt,2026-05-13T23:23:38.043651
3315459088879915544,https://www.hemnet.se/salda/lagenhet-2rum-vasterhaninge-haninge-kommun-granstigen-3-3315459088879915544,55-56m²,bostadsratt,2026-05-13T23:23:38.043653
4592831160386995219,https://www.hemnet.se/salda/lagenhet-2rum-kungsholmen-stockholms-kommun-fyrverkarbacken-25-4592831160386995219,55-56m²,bostadsratt,2026-05-13T23:23:38.043655
3900027124261976714,https://www.hemnet.se/salda/lagenhet-2rum-centralt-vasastaden-linkopings-kommun-linggatan-17-3900027124261976714,55-56m²,bostadsratt,2026-05-13T23:23:38.043656
490949636240124509,https://www.hemnet.se/salda/lagenhet-2rum-gamla-staden-lidkopings-kommun-prostgatan-5c-490949636240124509,55-56m²,bostadsratt,2026-05-13T23:23:38.043657
5368544831757772347,https://www.hemnet.se/salda/lagenhet-3rum-bredang-malarhojden-stockholms-kommun-algrytevagen-120-5368544831757772347,55-56m²,bostadsratt,2026-05-13T23:23:38.043659
2676380339691267672,https://www.hemnet.se/salda/lagenhet-2rum-bromma-mariehall-stockholms-kommun-klintbacken-54a-2676380339691267672,55-56m²,bostadsratt,2026-05-13T23:23:38.043660
5402263807389741526,https://www.hemnet.se/salda/lagenhet-2rum-centralt-ornskoldsviks-kommun-skogsgatan-3a-5402263807389741526,55-56m²,bostadsratt,2026-05-13T23:23:38.043661
7224409984897992616,https://www.hemnet.se/salda/lagenhet-2rum-norrtalje-centrum-norrtalje-kommun-lennart-torstenssons-vag-3-7224409984897992616,55-56m²,bostadsratt,2026-05-13T23:23:38.043663
910900983390963174,"https://www.hemnet.se/salda/lagenhet-2rum-bagarmossen-stockholms-kommun-rusthallarvagen-175,-2tr-910900983390963174",55-56m²,bostadsratt,2026-05-13T23:23:38.043664
3672015572831260699,https://www.hemnet.se/salda/lagenhet-2rum-vasastan-ostermalm-stockholms-kommun-dobelnsgatan-1-3672015572831260699,55-56m²,bostadsratt,2026-05-13T23:23:38.043665
8221407864758772927,https://www.hemnet.se/salda/lagenhet-2rum-johanneberg-goteborgs-kommun-framnasgatan-24b-8221407864758772927,55-56m²,bostadsratt,2026-05-13T23:23:38.043667
2402752064997739793,https://www.hemnet.se/salda/lagenhet-2rum-vaster-lunds-kommun-smedjegatan-2d-2402752064997739793,55-56m²,bostadsratt,2026-05-13T23:23:38.043668
1189853374105197168,https://www.hemnet.se/salda/lagenhet-2rum-dockan-malmo-kommun-dockgatan-45a-1189853374105197168,55-56m²,bostadsratt,2026-05-13T23:23:38.043669
791124910080272244,https://www.hemnet.se/salda/lagenhet-2rum-lomma-tatort-lomma-kommun-slattangsgatan-21-791124910080272244,55-56m²,bostadsratt,2026-05-13T23:23:38.043671
3301408180273583232,https://www.hemnet.se/salda/lagenhet-2rum-elinegard-malmo-kommun-blasebergavagen-7-3301408180273583232,55-56m²,bostadsratt,2026-05-13T23:23:38.043672
6953367095608923939,https://www.hemnet.se/salda/lagenhet-2rum-slottshojden-helsingborgs-kommun-dammegatan-6-6953367095608923939,55-56m²,bostadsratt,2026-05-13T23:23:38.043673
1761067535055847954,"https://www.hemnet.se/salda/lagenhet-2rum-brevik-lidingo-kommun-hovdingevagen-11,-1-tr-1761067535055847954",55-56m²,bostadsratt,2026-05-13T23:23:38.043675
3843339842208364155,https://www.hemnet.se/salda/lagenhet-2rum-balsta-vappeby-ang-habo-kommun-gardesvagen-43f-3843339842208364155,55-56m²,bostadsratt,2026-05-13T23:23:38.043676
2794263163731488421,https://www.hemnet.se/salda/lagenhet-2rum-druvefors-boras-kommun-kellgrensgatan-11b-2794263163731488421,55-56m²,bostadsratt,2026-05-13T23:23:38.043678
7664305652493025528,https://www.hemnet.se/salda/lagenhet-2rum-sveaplan-eskilstuna-kommun-kungsvagen-14-7664305652493025528,55-56m²,bostadsratt,2026-05-13T23:23:38.043679
4908902261857116630,https://www.hemnet.se/salda/lagenhet-2rum-centrum-varbergs-kommun-borasgatan-7-4908902261857116630,55-56m²,bostadsratt,2026-05-13T23:23:38.043680
2203963477704761380,https://www.hemnet.se/salda/lagenhet-2rum-elinegard-malmo-kommun-hobalsgatan-23-2203963477704761380,55-56m²,bostadsratt,2026-05-13T23:23:38.043682
4390050712797944859,https://www.hemnet.se/salda/lagenhet-2rum-munksjostaden-jonkopings-kommun-korsgatan-6-4390050712797944859,55-56m²,bostadsratt,2026-05-13T23:23:38.043683
530636010902625044,https://www.hemnet.se/salda/lagenhet-2rum-centralt-norrkopings-kommun-vastgotegatan-14a-530636010902625044,55-56m²,bostadsratt,2026-05-13T23:23:38.043684
5530277859881054406,https://www.hemnet.se/salda/lagenhet-2rum-gustavsberg-gustavsbergs-hamn-varmdo-kommun-josef-ekbergs-grand-2-5530277859881054406,55-56m²,bostadsratt,2026-05-13T23:23:38.043686
3665284081428958241,"https://www.hemnet.se/salda/lagenhet-2rum-kungsholmen-kristineberg-stockholms-kommun-lidnersplan-8,-5tr-3665284081428958241",55-56m²,bostadsratt,2026-05-13T23:23:38.043687
2027122046696883020,https://www.hemnet.se/salda/lagenhet-3rum-kapellgardet-uppsala-kommun-vattholmavagen-8c-2027122046696883020,55-56m²,bostadsratt,2026-05-13T23:23:38.043689
1166670376586029942,https://www.hemnet.se/salda/lagenhet-2rum-slottsstaden-malmo-kommun-tarningholmsgatan-3b-1166670376586029942,55-56m²,bostadsratt,2026-05-13T23:23:38.043690
1577907865572551922,https://www.hemnet.se/salda/lagenhet-2rum-brotorp-jarvastaden-sundbybergs-kommun-vinthundsgatan-84-1577907865572551922,55-56m²,bostadsratt,2026-05-13T23:23:38.043691
1170790969752493566,https://www.hemnet.se/salda/lagenhet-2rum-stuvsta-huddinge-kommun-byalagsvagen-22-1170790969752493566,55-56m²,bostadsratt,2026-05-13T23:23:38.043693
6412102195173804150,https://www.hemnet.se/salda/lagenhet-2rum-bergshamra-solna-kommun-mardstigen-14-6412102195173804150,55-56m²,bostadsratt,2026-05-13T23:23:38.043694
1165893488892581072,"https://www.hemnet.se/salda/lagenhet-2,5rum-norra-guldheden-goteborgs-kommun-lovskogsgatan-8a-1165893488892581072",55-56m²,bostadsratt,2026-05-13T23:23:38.043696
4703345568663359127,https://www.hemnet.se/salda/lagenhet-2rum-rosendal-uppsala-kommun-lydia-wahlstroms-gata-22-4703345568663359127,55-56m²,bostadsratt,2026-05-13T23:23:38.043697
2886556970505937367,https://www.hemnet.se/salda/lagenhet-2rum-johannesdal-vasterviks-kommun-johannesbergsvagen-18-2886556970505937367,55-56m²,bostadsratt,2026-05-13T23:23:38.043698
1453129122422745052,https://www.hemnet.se/salda/lagenhet-3rum-alvsjo-orby-stockholms-kommun-gamla-huddingevagen-436b-1453129122422745052,55-56m²,bostadsratt,2026-05-13T23:23:38.043700
2126625506062323112,https://www.hemnet.se/salda/lagenhet-2rum-hammarby-sjostad-stockholms-kommun-fendergatan-6-2126625506062323112,55-56m²,bostadsratt,2026-05-13T23:23:38.043701
6241397726354715507,https://www.hemnet.se/salda/lagenhet-2rum-vaster-lunds-kommun-masvagen-18a-6241397726354715507,55-56m²,bostadsratt,2026-05-13T23:23:38.043703
1826369237130521445,https://www.hemnet.se/salda/lagenhet-2rum-sodermalm-stockholms-kommun-ostgotagatan-26-1826369237130521445,55-56m²,bostadsratt,2026-05-13T23:23:38.043704
3846674623776199712,https://www.hemnet.se/salda/lagenhet-2rum-sodermalm-stockholms-kommun-helgalunden-13-3846674623776199712,55-56m²,bostadsratt,2026-05-13T23:23:38.043705
1548790767329712214,"https://www.hemnet.se/salda/lagenhet-3rum-arsta-stockholms-kommun-arstavagen-57,-3-tr-1548790767329712214",55-56m²,bostadsratt,2026-05-13T23:23:38.043706
6289154404329692008,https://www.hemnet.se/salda/lagenhet-2rum-viggbyholm-taby-kommun-sodervagen-4a-6289154404329692008,55-56m²,bostadsratt,2026-05-13T23:23:38.043708
9114786395255556582,https://www.hemnet.se/salda/lagenhet-2rum-vastertorp-stockholms-kommun-telemarksgrand-3-9114786395255556582,55-56m²,bostadsratt,2026-05-13T23:23:38.043709
4881075392361966879,https://www.hemnet.se/salda/lagenhet-2rum-centrum-lulea-kommun-tullgatan-29a-4881075392361966879,55-56m²,bostadsratt,2026-05-13T23:23:38.043710
1083026872830640727,https://www.hemnet.se/salda/lagenhet-2rum-sorberge-timra-kommun-stenvagen-3-1083026872830640727,55-56m²,bostadsratt,2026-05-13T23:23:38.043712
481981744935368540,"https://www.hemnet.se/salda/lagenhet-2rum-stureby-enskede-stockholms-kommun-bjulevagen-14,-3-tr-481981744935368540",55-56m²,bostadsratt,2026-05-13T23:23:38.043713
8199996964314225851,https://www.hemnet.se/salda/lagenhet-2rum-osterhaninge-haninge-kommun-sjomansvagen-37-8199996964314225851,55-56m²,bostadsratt,2026-05-13T23:23:38.043714
4044501137763848928,https://www.hemnet.se/salda/lagenhet-2rum-fagelbo-nykopings-kommun-vintervagen-11-4044501137763848928,55-56m²,bostadsratt,2026-05-13T23:23:38.043715
1199058275674695863,https://www.hemnet.se/salda/lagenhet-2rum-majorna-goteborgs-kommun-kabyssgatan-10-a-1199058275674695863,55-56m²,bostadsratt,2026-05-13T23:23:38.043717
2200703849684171672,https://www.hemnet.se/salda/lagenhet-2rum-segevang-malmo-kommun-kronetorpsgatan-56a-2200703849684171672,55-56m²,bostadsratt,2026-05-13T23:23:38.043718
7192905220484838869,https://www.hemnet.se/salda/lagenhet-2rum-beddingestrand-trelleborgs-kommun-beddinge-strandvag-121b-7192905220484838869,55-56m²,bostadsratt,2026-05-13T23:23:38.043719
3001413698557678089,https://www.hemnet.se/salda/lagenhet-2rum-oster-varbergs-kommun-ostra-vagen-69a-3001413698557678089,55-56m²,bostadsratt,2026-05-13T23:23:38.043721
9206476149712618142,"https://www.hemnet.se/salda/lagenhet-2,5rum-stadshagen-stockholms-kommun-lustgardsgatan-16-9206476149712618142",55-56m²,bostadsratt,2026-05-13T23:23:38.043722
2886584761026885190,https://www.hemnet.se/salda/lagenhet-2rum-vasastan-stockholms-kommun-surbrunnsgatan-4-2886584761026885190,55-56m²,bostadsratt,2026-05-13T23:23:38.043723
8209161358425140541,https://www.hemnet.se/salda/lagenhet-1rum-gultzauudden-lulea-kommun-tjarhovsgatan-18b-8209161358425140541,55-56m²,bostadsratt,2026-05-13T23:23:38.043725
924364920678693114,https://www.hemnet.se/salda/lagenhet-2rum-lustigknopp-falu-kommun-trapplan-2a-924364920678693114,55-56m²,bostadsratt,2026-05-13T23:23:38.043726
5808142408108445663,https://www.hemnet.se/salda/lagenhet-2rum-molndal-bosgarden-molndals-kommun-haradsgatan-26a-5808142408108445663,55-56m²,bostadsratt,2026-05-13T23:23:38.043727
3869945519048510436,https://www.hemnet.se/salda/lagenhet-2rum-stureby-stockholms-kommun-skonviksvagen-280-3869945519048510436,55-56m²,bostadsratt,2026-05-13T23:23:38.043728
7488480034548793458,https://www.hemnet.se/salda/lagenhet-2rum-johanneberg-almedal-goteborgs-kommun-molndalsvagen-87d-7488480034548793458,55-56m²,bostadsratt,2026-05-13T23:23:38.043730
1530293226777386180,https://www.hemnet.se/salda/lagenhet-2rum-centralt-norrtalje-kommun-roslagsgatan-27b-1530293226777386180,55-56m²,bostadsratt,2026-05-13T23:23:38.043731
2295048629384170900,https://www.hemnet.se/salda/lagenhet-2rum-centrala-kumla-kumla-kommun-sodra-kungsvagen-17-2295048629384170900,55-56m²,bostadsratt,2026-05-13T23:23:38.043732
6078124187090817712,https://www.hemnet.se/salda/lagenhet-2rum-mikael-orebro-kommun-hertig-karls-alle-75b-6078124187090817712,55-56m²,bostadsratt,2026-05-13T23:23:38.043734
6958814893278181799,https://www.hemnet.se/salda/lagenhet-2rum-hammarby-sjostad-stockholms-kommun-fartygsgatan-6-6958814893278181799,55-56m²,bostadsratt,2026-05-13T23:23:38.043735
6059338945370469851,https://www.hemnet.se/salda/lagenhet-2rum-hyllie-malmo-kommun-hyllie-boulevard-7b-6059338945370469851,55-56m²,bostadsratt,2026-05-13T23:23:38.043736
2580312776649989625,https://www.hemnet.se/salda/lagenhet-2rum-centralt-kalmar-kommun-stromgatan-10b-2580312776649989625,55-56m²,bostadsratt,2026-05-13T23:23:38.043737
8669649830093281571,https://www.hemnet.se/salda/lagenhet-2rum-orby-stockholms-kommun-gamla-huddingevagen-445-8669649830093281571,55-56m²,bostadsratt,2026-05-13T23:23:38.043739
4327126543182770792,https://www.hemnet.se/salda/lagenhet-2rum-ostberga-stockholms-kommun-kinnaredsgrand-34-4327126543182770792,55-56m²,bostadsratt,2026-05-13T23:23:38.043740
50034015262210182,"https://www.hemnet.se/salda/lagenhet-2,5rum-kungsholmen-stockholms-kommun-lindhagensgatan-55,1tr-50034015262210182",55-56m²,bostadsratt,2026-05-13T23:23:38.043742
9160884243375438289,https://www.hemnet.se/salda/lagenhet-2rum-vasterslatt-umea-kommun-timotejvagen-6-9160884243375438289,55-56m²,bostadsratt,2026-05-13T23:23:38.043743
3687517514566951736,https://www.hemnet.se/salda/lagenhet-2rum-mariekall-sodertalje-kommun-tradgardsgatan-9-3687517514566951736,55-56m²,bostadsratt,2026-05-13T23:23:38.043744
6016542401384598049,https://www.hemnet.se/salda/lagenhet-2rum-inre-hamn-karlstads-kommun-hadar-grudes-gata-11-6016542401384598049,55-56m²,bostadsratt,2026-05-13T23:23:38.043746
1546712280954887983,https://www.hemnet.se/salda/lagenhet-2rum-ostermalm-boras-kommun-bramhultsvagen-50-1546712280954887983,55-56m²,bostadsratt,2026-05-13T23:23:38.043747
330671492986962272,https://www.hemnet.se/salda/lagenhet-2rum-centralt-nassjo-kommun-prastgatan-10a-330671492986962272,55-56m²,bostadsratt,2026-05-13T23:23:38.043749
7591867912470867096,https://www.hemnet.se/salda/lagenhet-2rum-munksjostaden-jonkopings-kommun-angbatsgrand-2-7591867912470867096,55-56m²,bostadsratt,2026-05-13T23:23:38.043750
1317144346973884613,https://www.hemnet.se/salda/lagenhet-2rum-grangesberg-oraberget-ludvika-kommun-lindvagen-28a-1317144346973884613,55-56m²,bostadsratt,2026-05-13T23:23:38.043751
6102603200334200796,https://www.hemnet.se/salda/lagenhet-3rum-sundbyberg-lilla-alby-sundbybergs-kommun-humblegatan-35-6102603200334200796,55-56m²,bostadsratt,2026-05-13T23:23:38.043753
2794038815760866095,https://www.hemnet.se/salda/lagenhet-2rum-vasastaden-goteborgs-kommun-haga-kyrkogata-18c-2794038815760866095,55-56m²,bostadsratt,2026-05-13T23:23:38.043754
8130154126620220196,"https://www.hemnet.se/salda/lagenhet-2,5rum-kungsbacka-kungsbacka-kommun-porfyrvagen-13-8130154126620220196",55-56m²,bostadsratt,2026-05-13T23:23:38.043755
3180432543272030435,https://www.hemnet.se/salda/lagenhet-2rum-arsta-stockholms-kommun-siljansvagen-10-3180432543272030435,55-56m²,bostadsratt,2026-05-13T23:23:38.043757
2609329714387124416,https://www.hemnet.se/salda/lagenhet-2rum-hammarby-sjostad-stockholms-kommun-fredriksdalsgatan-20-2609329714387124416,55-56m²,bostadsratt,2026-05-13T23:23:38.043758
1300360993855532908,"https://www.hemnet.se/salda/lagenhet-2rum-bromma-blackeberg-stockholms-kommun-sigrid-undsets-gata-18,-1tr-1300360993855532908",55-56m²,bostadsratt,2026-05-13T23:23:38.043760
1283390696484017507,"https://www.hemnet.se/salda/lagenhet-2rum-grondal-stockholms-kommun-jungmansgrand-2,-van-3-1283390696484017507",55-56m²,bostadsratt,2026-05-13T23:23:38.043761
3316470656453249861,"https://www.hemnet.se/salda/lagenhet-2rum-storlien-are-kommun-vintergatan-36a,-lgh-1-3316470656453249861",55-56m²,bostadsratt,2026-05-13T23:23:38.043763
5468058646685645817,"https://www.hemnet.se/salda/lagenhet-2,5rum-bromma-mariehall-stockholms-kommun-klintbacken-76a-5468058646685645817",55-56m²,bostadsratt,2026-05-13T23:23:38.043764
4471115634420447597,"https://www.hemnet.se/salda/lagenhet-2rum-kungsholmen-marieberg-stockholms-kommun-fyrverkarbacken-27,-4-tr-4471115634420447597",55-56m²,bostadsratt,2026-05-13T23:23:38.043766
795554197423656017,https://www.hemnet.se/salda/lagenhet-2rum-vasastan-norrmalm-stockholms-kommun-olof-palmes-gata-12-795554197423656017,55-56m²,bostadsratt,2026-05-13T23:23:38.043767
9132792468827899037,https://www.hemnet.se/salda/lagenhet-3rum-gardet-stockholms-kommun-osthammarsgatan-64-9132792468827899037,55-56m²,bostadsratt,2026-05-13T23:23:38.043769
8749198607639938144,https://www.hemnet.se/salda/lagenhet-3rum-hagerstensasen-stockholms-kommun-forskottsvagen-3-8749198607639938144,55-56m²,bostadsratt,2026-05-13T23:23:38.043770
9007457875055414986,https://www.hemnet.se/salda/lagenhet-2rum-haga-sundsvalls-kommun-kungsvagen-3-9007457875055414986,55-56m²,bostadsratt,2026-05-13T23:23:38.043771
7972633188053025932,https://www.hemnet.se/salda/lagenhet-2rum-sodra-bettorp-orebro-kommun-kornellvagen-28-7972633188053025932,55-56m²,bostadsratt,2026-05-13T23:23:38.043773
7990125614610934539,https://www.hemnet.se/salda/lagenhet-2rum-fagersta-fagersta-kommun-ringvagen-12-7990125614610934539,55-56m²,bostadsratt,2026-05-13T23:23:38.043774
3000388170471718337,https://www.hemnet.se/salda/lagenhet-2rum-byttorp-boras-kommun-vindelgatan-38b-3000388170471718337,55-56m²,bostadsratt,2026-05-13T23:23:38.043776
8405925154914583124,https://www.hemnet.se/salda/lagenhet-2rum-kalkbrottet-malmo-kommun-blasebergavagen-15-8405925154914583124,55-56m²,bostadsratt,2026-05-13T23:23:38.043777
8286851352641492377,https://www.hemnet.se/salda/lagenhet-2rum-city-malmo-kommun-sodra-promenaden-25a-8286851352641492377,55-56m²,bostadsratt,2026-05-13T23:23:38.043778
4289088438940024428,https://www.hemnet.se/salda/lagenhet-2rum-dammfri-malmo-kommun-mariedalsvagen-57b-4289088438940024428,55-56m²,bostadsratt,2026-05-13T23:23:38.043780
7694872648957530728,https://www.hemnet.se/salda/lagenhet-2rum-bollmora-tyreso-kommun-axel-wennergrens-vag-14-7694872648957530728,55-56m²,bostadsratt,2026-05-13T23:23:38.043781
4158386116408571256,https://www.hemnet.se/salda/lagenhet-2rum-nasby-park-taby-kommun-kryssarvagen-1-4158386116408571256,55-56m²,bostadsratt,2026-05-13T23:23:38.043782
501756143833916544,https://www.hemnet.se/salda/lagenhet-2rum-haga-sundsvalls-kommun-vastergatan-21-b-501756143833916544,55-56m²,bostadsratt,2026-05-13T23:23:38.043784
4949311474060492292,https://www.hemnet.se/salda/lagenhet-2rum-hisingen-goteborgs-kommun-ceresplatsen-3-4949311474060492292,55-56m²,bostadsratt,2026-05-13T23:23:38.043785
8058900879608698427,https://www.hemnet.se/salda/lagenhet-2rum-torsvik-lidingo-kommun-skolvagen-4-8058900879608698427,55-56m²,bostadsratt,2026-05-13T23:23:38.043787
5422142170302534599,https://www.hemnet.se/salda/lagenhet-2rum-vikaholm-vaxjo-kommun-axel-ohlssons-gata-17e-5422142170302534599,55-56m²,bostadsratt,2026-05-13T23:23:38.043788
5634814037837867819,https://www.hemnet.se/salda/lagenhet-2rum-bjorkekarr-goteborgs-kommun-traringen-75-5634814037837867819,55-56m²,bostadsratt,2026-05-13T23:23:38.043789
8239702432959775926,https://www.hemnet.se/salda/lagenhet-2rum-stohagen-vasteras-kommun-spantgatan-13b-8239702432959775926,55-56m²,bostadsratt,2026-05-13T23:23:38.043791
1603526926015464959,https://www.hemnet.se/salda/lagenhet-2rum-hammarbyhojden-stockholms-kommun-johan-printz-vag-32-1603526926015464959,55-56m²,bostadsratt,2026-05-13T23:23:38.043792
4248013915401954178,https://www.hemnet.se/salda/lagenhet-3rum-bjornrike-harjedalens-kommun-bjornrike-ovre-nallevagen-18d-4248013915401954178,55-56m²,bostadsratt,2026-05-13T23:23:38.043793
6250142264305330003,https://www.hemnet.se/salda/lagenhet-2rum-centrum-tibro-kommun-vastra-langgatan-100b-6250142264305330003,55-56m²,bostadsratt,2026-05-13T23:23:38.043795
8871611768299293340,https://www.hemnet.se/salda/lagenhet-2rum-midsommarkransen-stockholms-kommun-svandammsvagen-17a-8871611768299293340,55-56m²,bostadsratt,2026-05-13T23:23:38.043796
2142965281705280614,https://www.hemnet.se/salda/lagenhet-2rum-kavlinge-tatort-kavlinge-kommun-foreningsgatan-2b-2142965281705280614,55-56m²,bostadsratt,2026-05-13T23:23:38.043797
452844735463240118,https://www.hemnet.se/salda/lagenhet-2rum-kapellgardet-uppsala-kommun-vattholmavagen-6b-452844735463240118,55-56m²,bostadsratt,2026-05-13T23:23:38.043799
965668486633735389,https://www.hemnet.se/salda/lagenhet-2rum-johanneberg-almedal-goteborgs-kommun-molndalsvagen-89d-965668486633735389,55-56m²,bostadsratt,2026-05-13T23:23:38.043800
1302521351241773835,https://www.hemnet.se/salda/lagenhet-2rum-sodermalm-nytorget-stockholms-kommun-bondegatan-1e-1302521351241773835,55-56m²,bostadsratt,2026-05-13T23:23:38.043801
5721412835040685756,https://www.hemnet.se/salda/lagenhet-2rum-bodal-lidingo-kommun-fregattvagen-6-5721412835040685756,55-56m²,bostadsratt,2026-05-13T23:23:38.043803
8003715385071050262,https://www.hemnet.se/salda/lagenhet-2rum-sandarna-goteborgs-kommun-guldkallegatan-44-8003715385071050262,55-56m²,bostadsratt,2026-05-13T23:23:38.043804
5906986727038325978,"https://www.hemnet.se/salda/lagenhet-2rum-traneberg-stockholms-kommun-mossebergsvagen-18,-3tr-5906986727038325978",55-56m²,bostadsratt,2026-05-13T23:23:38.043806
3820763719057364752,https://www.hemnet.se/salda/lagenhet-2rum-luthagen-uppsala-kommun-lockgatan-1-3820763719057364752,55-56m²,bostadsratt,2026-05-13T23:23:38.043807
6574917317670070262,https://www.hemnet.se/salda/lagenhet-2rum-nedre-norrmalm-boras-kommun-dobelnsgatan-1-6574917317670070262,55-56m²,bostadsratt,2026-05-13T23:23:38.043808
4579437850864334494,https://www.hemnet.se/salda/lagenhet-2rum-haga-norrkopings-kommun-smedstugugatan-14-4579437850864334494,55-56m²,bostadsratt,2026-05-13T23:23:38.043810
5001307303559288437,https://www.hemnet.se/salda/lagenhet-2rum-frolunda-goteborgs-kommun-lilla-marconigatan-27-5001307303559288437,55-56m²,bostadsratt,2026-05-13T23:23:38.043811
2217125708348507894,https://www.hemnet.se/salda/lagenhet-2rum-kungsholmen-nedre-kungsholmen-stockholms-kommun-sankt-eriksgatan-5-2217125708348507894,55-56m²,bostadsratt,2026-05-13T23:23:38.043812
7888461826981961955,"https://www.hemnet.se/salda/lagenhet-2rum-ostermalm-stockholms-kommun-grevgatan-20b,-1,5-tr-7888461826981961955",55-56m²,bostadsratt,2026-05-13T23:23:38.043814
5752957213530980257,https://www.hemnet.se/salda/lagenhet-2rum-hyllie-malmo-kommun-ymers-gata-19a-5752957213530980257,55-56m²,bostadsratt,2026-05-13T23:23:38.043815
7293241922722883766,https://www.hemnet.se/salda/lagenhet-2rum-dotorp-ranten-falkopings-kommun-slotagatan-3d-7293241922722883766,55-56m²,bostadsratt,2026-05-13T23:23:38.043817
5878463496825635277,https://www.hemnet.se/salda/lagenhet-2rum-elinegard-malmo-kommun-rafsgatan-21-5878463496825635277,55-56m²,bostadsratt,2026-05-13T23:23:38.043818
3784515096956373630,"https://www.hemnet.se/salda/lagenhet-3rum-kungsangen-centrum-upplands-bro-kommun-gjutartorget-4,-3-tr-3784515096956373630",55-56m²,bostadsratt,2026-05-13T23:23:38.043820
2043075780383253174,https://www.hemnet.se/salda/lagenhet-3rum-hammarby-sjostad-stockholms-kommun-virkesvagen-17-c-2043075780383253174,55-56m²,bostadsratt,2026-05-13T23:23:38.043821
3055687173291930663,https://www.hemnet.se/salda/lagenhet-2rum-selanger-sundsvalls-kommun-nynashamnsvagen-2-markplan-3055687173291930663,55-56m²,bostadsratt,2026-05-13T23:23:38.043823
6036972046910389475,https://www.hemnet.se/salda/lagenhet-2rum-nybro-falu-kommun-sturegatan-92a-6036972046910389475,55-56m²,bostadsratt,2026-05-13T23:23:38.043824
2475302740884865485,https://www.hemnet.se/salda/lagenhet-2rum-hofors-centralt-hofors-kommun-ronningsgatan-30a-2475302740884865485,55-56m²,bostadsratt,2026-05-13T23:23:38.043825
5813015004851562202,https://www.hemnet.se/salda/lagenhet-2rum-norra-kajen-sundsvalls-kommun-fregattgatan-2a-5813015004851562202,55-56m²,bostadsratt,2026-05-13T23:23:38.043827
5408392517636507764,https://www.hemnet.se/salda/lagenhet-3rum-rasunda-solna-kommun-gransgatan-22-5408392517636507764,55-56m²,bostadsratt,2026-05-13T23:23:38.043828
9104077285837402812,https://www.hemnet.se/salda/lagenhet-2rum-eneborg-helsingborgs-kommun-vagnmansgatan-22-9104077285837402812,55-56m²,bostadsratt,2026-05-13T23:23:38.043830
774953775368694421,https://www.hemnet.se/salda/lagenhet-2rum-vannas-vannas-kommun-tjarngatan-15a-774953775368694421,55-56m²,bostadsratt,2026-05-13T23:23:38.043831
3353341552054048818,https://www.hemnet.se/salda/lagenhet-2rum-ullna-strand-taby-kommun-ugglevagen-2-3353341552054048818,55-56m²,bostadsratt,2026-05-13T23:23:38.043832
3788505221577407883,https://www.hemnet.se/salda/lagenhet-2rum-vaster-orebro-kommun-lovstagatan-21b-3788505221577407883,55-56m²,bostadsratt,2026-05-13T23:23:38.043834
341374721842975937,https://www.hemnet.se/salda/lagenhet-2rum-sundbyberg-jarvastaden-brotorp-sundbybergs-kommun-brotorpsvagen-3-341374721842975937,55-56m²,bostadsratt,2026-05-13T23:23:38.043835
1708597780348295083,"https://www.hemnet.se/salda/lagenhet-1,5rum-huskvarna-jonkopings-kommun-rosenborgsgatan-33-1708597780348295083",55-56m²,bostadsratt,2026-05-13T23:23:38.043837
7180537595120104858,https://www.hemnet.se/salda/lagenhet-2rum-centrala-tyreso-tyreso-kommun-axel-wennergrens-vag-10-7180537595120104858,55-56m²,bostadsratt,2026-05-13T23:23:38.043838
4142057670965443430,https://www.hemnet.se/salda/lagenhet-2rum-rabylund-lunds-kommun-agronomvagen-2-4142057670965443430,55-56m²,bostadsratt,2026-05-13T23:23:38.043840
8213509486849731807,https://www.hemnet.se/salda/lagenhet-2rum-hudiksvall-hudiksvalls-kommun-djupegatan-34b-8213509486849731807,55-56m²,bostadsratt,2026-05-13T23:23:38.043841
2383936253220154980,https://www.hemnet.se/salda/lagenhet-2rum-bohus-ale-kommun-alkalievagen-17b-2383936253220154980,55-56m²,bostadsratt,2026-05-13T23:23:38.043842
8509005778890996909,https://www.hemnet.se/salda/lagenhet-1rum-vastra-hudiksvall-hudiksvalls-kommun-sofiedalsvagen-17-8509005778890996909,55-56m²,bostadsratt,2026-05-13T23:23:38.043844
1698716311063082950,https://www.hemnet.se/salda/lagenhet-2rum-centrum-lunds-kommun-bantorget-11b-1698716311063082950,55-56m²,bostadsratt,2026-05-13T23:23:38.043845
679498724216337968,"https://www.hemnet.se/salda/lagenhet-1,5rum-sodermalm-hornstull-hogalid-stockholms-kommun-heleneborgsgatan-30,-van-2-679498724216337968",55-56m²,bostadsratt,2026-05-13T23:23:38.043847
6118157835948242331,https://www.hemnet.se/salda/lagenhet-2rum-forsbacka-gavle-kommun-mariagatan-4-6118157835948242331,55-56m²,bostadsratt,2026-05-13T23:23:38.043848
1525856337884588456,"https://www.hemnet.se/salda/lagenhet-2rum-nasbypark-taby-kommun-slottsvagen-2-,-tr-1525856337884588456",55-56m²,bostadsratt,2026-05-13T23:23:38.043849
3160153055754651680,https://www.hemnet.se/salda/lagenhet-2rum-liljeholmskajen-stockholms-kommun-sjoviksvagen-114-3160153055754651680,55-56m²,bostadsratt,2026-05-13T23:23:38.043851
590894763567759313,https://www.hemnet.se/salda/lagenhet-2rum-trosso-karlskrona-kommun-amiralitetsgatan-6b-590894763567759313,55-56m²,bostadsratt,2026-05-13T23:23:38.043852
4412091323130267253,https://www.hemnet.se/salda/lagenhet-2rum-johannelund-linkopings-kommun-johannelundsvagen-25-4412091323130267253,55-56m²,bostadsratt,2026-05-13T23:23:38.043854
3897129987214763371,https://www.hemnet.se/salda/lagenhet-2rum-segevang-malmo-kommun-kronetorpsgatan-56d-3897129987214763371,55-56m²,bostadsratt,2026-05-13T23:23:38.043855
7306295289659526142,https://www.hemnet.se/salda/lagenhet-3rum-mariehall-stockholms-kommun-masugnsvagen-50-7306295289659526142,55-56m²,bostadsratt,2026-05-13T23:23:38.043857
4472114882482644016,https://www.hemnet.se/salda/lagenhet-2rum-marielund-ostersunds-kommun-krondikesvagen-76a-4472114882482644016,55-56m²,bostadsratt,2026-05-13T23:23:38.043858
9097630305161568606,https://www.hemnet.se/salda/lagenhet-2rum-rasunda-solna-kommun-virebergsvagen-9-9097630305161568606,55-56m²,bostadsratt,2026-05-13T23:23:38.043859
8116287717775784927,https://www.hemnet.se/salda/lagenhet-1rum-trelleborg-trelleborgs-kommun-hallakroken-10c-8116287717775784927,55-56m²,bostadsratt,2026-05-13T23:23:38.043861
6160890537401647990,https://www.hemnet.se/salda/lagenhet-2rum-troinge-angar-falkenbergs-kommun-kornettvagen-26-6160890537401647990,55-56m²,bostadsratt,2026-05-13T23:23:38.043862
4489434666501726770,https://www.hemnet.se/salda/lagenhet-2rum-limhamn-malmo-kommun-limhamns-stationsvag-27-4489434666501726770,55-56m²,bostadsratt,2026-05-13T23:23:38.043863
2640637776956551214,https://www.hemnet.se/salda/lagenhet-2rum-arenastaden-vaxjo-kommun-storgatan-82b-2640637776956551214,55-56m²,bostadsratt,2026-05-13T23:23:38.043865
6567172366911658858,https://www.hemnet.se/salda/lagenhet-2rum-vastertorp-stockholms-kommun-telemarksgrand-1-6567172366911658858,55-56m²,bostadsratt,2026-05-13T23:23:38.043866
3011128340246452901,https://www.hemnet.se/salda/lagenhet-2rum-slottshojden-helsingborgs-kommun-ovre-langvinkelsgatan-155-3011128340246452901,55-56m²,bostadsratt,2026-05-13T23:23:38.043868
7205231939398034391,"https://www.hemnet.se/salda/lagenhet-2rum-liljeholmskajen-stockholms-kommun-sturehillsvagen-46,-2-tr-7205231939398034391",55-56m²,bostadsratt,2026-05-13T23:23:38.043869
8061445464047775116,"https://www.hemnet.se/salda/lagenhet-2,5rum-hagerstensasen-stockholms-kommun-forskottsvagen-3,-van-2-8061445464047775116",55-56m²,bostadsratt,2026-05-13T23:23:38.043870
283649141883296548,https://www.hemnet.se/salda/lagenhet-2rum-alvsjo-stockholms-kommun-gotalandsvagen-213a-283649141883296548,55-56m²,bostadsratt,2026-05-13T23:23:38.043872
4994162784616139144,https://www.hemnet.se/salda/lagenhet-2rum-skondal-stockholms-kommun-kubbegatan-19-4994162784616139144,55-56m²,bostadsratt,2026-05-13T23:23:38.043873
8717312259167458575,https://www.hemnet.se/salda/lagenhet-2rum-soder-sodertull-gavle-kommun-fleminggatan-31c-8717312259167458575,55-56m²,bostadsratt,2026-05-13T23:23:38.043875
1395802895809747901,"https://www.hemnet.se/salda/lagenhet-2rum-centrala-marsta-sigtuna-kommun-stationsgatan-20c,-1-tr-1395802895809747901",55-56m²,bostadsratt,2026-05-13T23:23:38.043877
3107190646938666465,https://www.hemnet.se/salda/lagenhet-2rum-dockan-malmo-kommun-dockgatan-45a-3107190646938666465,55-56m²,bostadsratt,2026-05-13T23:23:38.043878
5281624979513034240,https://www.hemnet.se/salda/lagenhet-2rum-jonkoping-jonkopings-kommun-grannavagen-42-5281624979513034240,55-56m²,bostadsratt,2026-05-13T23:23:38.043879
5137978299273977145,https://www.hemnet.se/salda/lagenhet-2rum-guldheden-sodra-goteborgs-kommun-doktor-bex-gata-11b-5137978299273977145,55-56m²,bostadsratt,2026-05-13T23:23:38.043881
7112968111164023320,https://www.hemnet.se/salda/lagenhet-2rum-slottshojden-helsingborgs-kommun-kopparmollegatan-18b-7112968111164023320,55-56m²,bostadsratt,2026-05-13T23:23:38.043882
6699360168437399918,https://www.hemnet.se/salda/lagenhet-3rum-aspudden-stockholms-kommun-blommensbergsvagen-163-6699360168437399918,55-56m²,bostadsratt,2026-05-13T23:23:38.043883
6143459542838354247,https://www.hemnet.se/salda/lagenhet-2rum-bjorkelund-motala-kommun-lugngatan-12-6143459542838354247,55-56m²,bostadsratt,2026-05-13T23:23:38.043885
1683292204857168292,https://www.hemnet.se/salda/lagenhet-2rum-vajern-sotenas-kommun-tjarnskogsvagen-2g-1683292204857168292,55-56m²,bostadsratt,2026-05-13T23:23:38.043886
3135462190223191148,https://www.hemnet.se/salda/lagenhet-2rum-alvsjo-centrum-stockholms-kommun-alvsjo-stationsgata-2b-3135462190223191148,55-56m²,bostadsratt,2026-05-13T23:23:38.043888
7515213617866482548,"https://www.hemnet.se/salda/lagenhet-2rum-arsta-stockholms-kommun-arstavagen-72,-4tr-7515213617866482548",55-56m²,bostadsratt,2026-05-13T23:23:38.043889
4941474280358040906,https://www.hemnet.se/salda/lagenhet-2rum-vastertorp-stockholms-kommun-stortloppsvagen-24-4941474280358040906,55-56m²,bostadsratt,2026-05-13T23:23:38.043890
4252923208137542063,https://www.hemnet.se/salda/lagenhet-2rum-liljeholmen-vatterstranden-jonkopings-kommun-ostra-storgatan-107-b-4252923208137542063,55-56m²,bostadsratt,2026-05-13T23:23:38.043892
2186161714413756838,https://www.hemnet.se/salda/lagenhet-2rum-kalltorp-goteborgs-kommun-kyrkasgatan-16-2186161714413756838,55-56m²,bostadsratt,2026-05-13T23:23:38.043893
902158817122364475,https://www.hemnet.se/salda/lagenhet-2rum-balsta-gamla-balsta-habo-kommun-bjorkvallen-23-902158817122364475,55-56m²,bostadsratt,2026-05-13T23:23:38.043895
1587704985325519874,https://www.hemnet.se/salda/lagenhet-2rum-kristineslatt-falkenbergs-kommun-spireastigen-30-1587704985325519874,55-56m²,bostadsratt,2026-05-13T23:23:38.043896
4177035219630086584,https://www.hemnet.se/salda/lagenhet-3rum-vallastaden-linkopings-kommun-kunskapslanken-122-4177035219630086584,55-56m²,bostadsratt,2026-05-13T23:23:38.043897
5090080884622970161,https://www.hemnet.se/salda/lagenhet-2rum-johanneshov-stockholms-kommun-blasutvagen-7-5090080884622970161,55-56m²,bostadsratt,2026-05-13T23:23:38.043899
2714312568240404446,https://www.hemnet.se/salda/lagenhet-2rum-centrala-sundbyberg-sundbybergs-kommun-eliegatan-10-2714312568240404446,55-56m²,bostadsratt,2026-05-13T23:23:38.043900
1244257428994787111,https://www.hemnet.se/salda/lagenhet-2rum-centralt-tibro-kommun-vastra-langgatan-96b-1244257428994787111,55-56m²,bostadsratt,2026-05-13T23:23:38.043902
2538563557410304336,https://www.hemnet.se/salda/lagenhet-2rum-karlberg-karlskoga-kommun-hallanningsgatan-21a-2538563557410304336,55-56m²,bostadsratt,2026-05-13T23:23:38.043903
8541628682453670564,https://www.hemnet.se/salda/lagenhet-2rum-bymarken-jonkopings-kommun-sandbacksgatan-4-8541628682453670564,55-56m²,bostadsratt,2026-05-13T23:23:38.043904
8995519036696286724,https://www.hemnet.se/salda/lagenhet-2rum-slussen-malmo-kommun-fredriksbergsgatan-9-8995519036696286724,55-56m²,bostadsratt,2026-05-13T23:23:38.043906
30863755541151055,https://www.hemnet.se/salda/lagenhet-2rum-majorna-goteborgs-kommun-kaptensgatan-24b-30863755541151055,55-56m²,bostadsratt,2026-05-13T23:23:38.043907
9054112533896466647,"https://www.hemnet.se/salda/lagenhet-2,5rum-tureberg-sollentuna-kommun-turebergs-alle-5-9054112533896466647",55-56m²,bostadsratt,2026-05-13T23:23:38.043909
2024378135492587250,https://www.hemnet.se/salda/lagenhet-2rum-baggeby-lidingo-kommun-kostervagen-18-2024378135492587250,55-56m²,bostadsratt,2026-05-13T23:23:38.043910
597211418330808356,https://www.hemnet.se/salda/lagenhet-2rum-marsta-sodra-sigtuna-kommun-vidargatan-5-597211418330808356,55-56m²,bostadsratt,2026-05-13T23:23:38.043911
8224438080644992523,https://www.hemnet.se/salda/lagenhet-2rum-vasastan-hagastaden-stockholms-kommun-norra-stationsgatan-64a-8224438080644992523,55-56m²,bostadsratt,2026-05-13T23:23:38.043913
7805390212399604930,https://www.hemnet.se/salda/lagenhet-2rum-centrum-ystads-kommun-klostergatan-33a-7805390212399604930,55-56m²,bostadsratt,2026-05-13T23:23:38.043914
6022074265014011051,https://www.hemnet.se/salda/lagenhet-2rum-kungsholmen-stockholms-kommun-kronobergsgatan-7-6022074265014011051,55-56m²,bostadsratt,2026-05-13T23:23:38.043916
3963539762475008115,https://www.hemnet.se/salda/lagenhet-2rum-centrum-kungalvs-kommun-selma-lagerlofs-gata-9-3963539762475008115,55-56m²,bostadsratt,2026-05-13T23:23:38.043917
8873397906021233022,https://www.hemnet.se/salda/lagenhet-2rum-kungsholmen-stockholms-kommun-sysslomansgatan-11-8873397906021233022,55-56m²,bostadsratt,2026-05-13T23:23:38.043919
7182312618245608928,https://www.hemnet.se/salda/lagenhet-2rum-lovskatan-lulea-kommun-torsvagen-9-7182312618245608928,55-56m²,bostadsratt,2026-05-13T23:23:38.043920
8632970355560467395,https://www.hemnet.se/salda/lagenhet-2rum-nya-staden-lidkopings-kommun-vallgatan-24c-8632970355560467395,55-56m²,bostadsratt,2026-05-13T23:23:38.043922
6416503708287877547,https://www.hemnet.se/salda/lagenhet-2rum-centralt-linkopings-kommun-tranggatan-2-6416503708287877547,55-56m²,bostadsratt,2026-05-13T23:23:38.043923
8482013015950885881,https://www.hemnet.se/salda/lagenhet-2rum-simrishamn-simrishamns-kommun-wranersgatan-13-a-8482013015950885881,55-56m²,bostadsratt,2026-05-13T23:23:38.043925
7446077495881773369,https://www.hemnet.se/salda/lagenhet-2rum-bagarmossen-stockholms-kommun-rusthallarvagen-167-7446077495881773369,55-56m²,bostadsratt,2026-05-13T23:23:38.043926
7180574201141960032,https://www.hemnet.se/salda/lagenhet-2rum-backby-vasteras-kommun-rubingatan-24c-7180574201141960032,55-56m²,bostadsratt,2026-05-13T23:23:38.043927
1436697025751147065,https://www.hemnet.se/salda/lagenhet-2rum-ornaset-lulea-kommun-krongardsringen-1-1436697025751147065,55-56m²,bostadsratt,2026-05-13T23:23:38.043929
1221579329364793197,https://www.hemnet.se/salda/lagenhet-2rum-slottsstaden-malmo-kommun-herrestadsgatan-3-a-1221579329364793197,55-56m²,bostadsratt,2026-05-13T23:23:38.043930
6115614044500689551,https://www.hemnet.se/salda/lagenhet-2rum-staket-jarfalla-kommun-almarevagen-12a-6115614044500689551,55-56m²,bostadsratt,2026-05-13T23:23:38.043932
115474104050296174,https://www.hemnet.se/salda/lagenhet-3rum-bromma-traneberg-stockholms-kommun-tranebergsvagen-74-115474104050296174,55-56m²,bostadsratt,2026-05-13T23:23:38.043933
580908277259032451,https://www.hemnet.se/salda/lagenhet-3rum-kvarnbergsplan-huddinge-kommun-kansligrand-20-580908277259032451,55-56m²,bostadsratt,2026-05-13T23:23:38.043934
2422337330101099649,https://www.hemnet.se/salda/lagenhet-2rum-vasastan-stockholms-kommun-tulegatan-32a-2422337330101099649,55-56m²,bostadsratt,2026-05-13T23:23:38.043936
2399865793632832292,"https://www.hemnet.se/salda/lagenhet-2rum-kungsholmen-stockholms-kommun-fridhemsgatan-15,-7tr-2399865793632832292",55-56m²,bostadsratt,2026-05-13T23:23:38.043938
6416104042633074956,https://www.hemnet.se/salda/lagenhet-4rum-are-tegefjall-are-kommun-tegefjall-mellanalpen-34c-6416104042633074956,55-56m²,bostadsratt,2026-05-13T23:23:38.043939
495384843659522817,https://www.hemnet.se/salda/lagenhet-3rum-globen-stockholms-kommun-bildhuggarvagen-21-495384843659522817,55-56m²,bostadsratt,2026-05-13T23:23:38.043940
5546322195089749405,https://www.hemnet.se/salda/lagenhet-2rum-sandviken-centrum-sandbacka-sandvikens-kommun-hyttgatan-15a-5546322195089749405,55-56m²,bostadsratt,2026-05-13T23:23:38.043942
4252234242098924315,https://www.hemnet.se/salda/lagenhet-2rum-alvsjo-stockholms-kommun-gotalandsvagen-213a-4252234242098924315,55-56m²,bostadsratt,2026-05-13T23:23:38.043943
2381171496720057644,https://www.hemnet.se/salda/lagenhet-2rum-vallentuna-vallentuna-kommun-centralvagen-6-2381171496720057644,55-56m²,bostadsratt,2026-05-13T23:23:38.043944
6983136326254407428,https://www.hemnet.se/salda/lagenhet-2rum-centrala-hisingen-nya-kvillebacken-goteborgs-kommun-langangen-9-6983136326254407428,55-56m²,bostadsratt,2026-05-13T23:23:38.043946
8143108237053670442,https://www.hemnet.se/salda/lagenhet-2rum-haga-vasteras-kommun-rekylgatan-14-8143108237053670442,55-56m²,bostadsratt,2026-05-13T23:23:38.043947
4979965820241222697,https://www.hemnet.se/salda/lagenhet-2rum-liljeholmskajen-stockholms-kommun-marieviksgatan-41-4979965820241222697,55-56m²,bostadsratt,2026-05-13T23:23:38.043949
5304588780458018369,https://www.hemnet.se/salda/lagenhet-3rum-arsta-stockholms-kommun-borensvagen-21-5304588780458018369,55-56m²,bostadsratt,2026-05-13T23:23:38.043950
3944606493137428446,https://www.hemnet.se/salda/lagenhet-2rum-sundbybergs-strand-centrala-sundbyberg-sundbybergs-kommun-hamngatan-7-3944606493137428446,55-56m²,bostadsratt,2026-05-13T23:23:38.043952
6641516202364861278,https://www.hemnet.se/salda/lagenhet-2rum-karrtorp-stockholms-kommun-fyrskeppsvagen-116-6641516202364861278,55-56m²,bostadsratt,2026-05-13T23:23:38.043953
1607632558826199062,https://www.hemnet.se/salda/lagenhet-2rum-sidsjo-sundsvalls-kommun-hakon-ahlbergs-vag-77-1607632558826199062,55-56m²,bostadsratt,2026-05-13T23:23:38.043954
5427096105414630566,https://www.hemnet.se/salda/lagenhet-3rum-gunnesbo-lunds-kommun-rudeboksvagen-50-5427096105414630566,55-56m²,bostadsratt,2026-05-13T23:23:38.043956
1327182338972792595,https://www.hemnet.se/salda/lagenhet-2rum-centralt-karlskoga-kommun-gustavsgatan-21a-1327182338972792595,55-56m²,bostadsratt,2026-05-13T23:23:38.043957
975116749963665701,https://www.hemnet.se/salda/lagenhet-2rum-jarna-sodertalje-kommun-rudsjovagen-19-975116749963665701,55-56m²,bostadsratt,2026-05-13T23:23:38.043958
1913504023054298090,https://www.hemnet.se/salda/lagenhet-2rum-tannefors-linkopings-kommun-stallgatan-4-1913504023054298090,55-56m²,bostadsratt,2026-05-13T23:23:38.043959
639831388295733466,"https://www.hemnet.se/salda/lagenhet-2,5rum-vasastan-stockholms-kommun-roslagsgatan-33a,-3tr-639831388295733466",55-56m²,bostadsratt,2026-05-13T23:23:38.043961
1335414049875104154,"https://www.hemnet.se/salda/lagenhet-2rum-midsommarkransen-telefonplan-stockholms-kommun-valborgsmassovagen-20c,-van-2-1335414049875104154",55-56m²,bostadsratt,2026-05-13T23:23:38.043962
4951808459917419592,https://www.hemnet.se/salda/lagenhet-2rum-kragstalund-vallentuna-kommun-bylevagen-116-4951808459917419592,55-56m²,bostadsratt,2026-05-13T23:23:38.043964
71464446355314388,https://www.hemnet.se/salda/lagenhet-2rum-soder-gavle-kommun-sodra-centralgatan-12a-71464446355314388,55-56m²,bostadsratt,2026-05-13T23:23:38.043965
6962483816843166771,https://www.hemnet.se/salda/lagenhet-2rum-hammarby-sjostad-stockholms-kommun-fredriksdalsgatan-4-6962483816843166771,55-56m²,bostadsratt,2026-05-13T23:23:38.043966
1183929277383891580,https://www.hemnet.se/salda/lagenhet-2rum-vasastaden-linkopings-kommun-linggatan-17-1183929277383891580,55-56m²,bostadsratt,2026-05-13T23:23:38.043968
2898352896431858172,https://www.hemnet.se/salda/lagenhet-2rum-tungelsta-haninge-kommun-stromshillvagen-42-2898352896431858172,55-56m²,bostadsratt,2026-05-13T23:23:38.043969
1589892025744648223,"https://www.hemnet.se/salda/lagenhet-2rum-hammarby-sjostad-stockholms-kommun-heliosgatan-14a,-4tr-1589892025744648223",55-56m²,bostadsratt,2026-05-13T23:23:38.043971
853124947122933739,"https://www.hemnet.se/salda/lagenhet-2rum-vastertorp-stockholms-kommun-terrangvagen-57-a,-1tr-853124947122933739",55-56m²,bostadsratt,2026-05-13T23:23:38.043972
6304983447187157877,https://www.hemnet.se/salda/lagenhet-2rum-enskede-stureby-stockholms-kommun-backaskiftsvagen-74-6304983447187157877,55-56m²,bostadsratt,2026-05-13T23:23:38.043974
8864333693786638084,https://www.hemnet.se/salda/lagenhet-2rum-linne-goteborgs-kommun-sveagatan-20b-8864333693786638084,55-56m²,bostadsratt,2026-05-13T23:23:38.043975
2688423302951929297,https://www.hemnet.se/salda/lagenhet-2rum-kungsholmen-stockholms-kommun-ralambshovsleden-38-2688423302951929297,55-56m²,bostadsratt,2026-05-13T23:23:38.043977
3542116049083176088,https://www.hemnet.se/salda/lagenhet-2rum-odensala-ostersunds-kommun-lingonvagen-15a-3542116049083176088,55-56m²,bostadsratt,2026-05-13T23:23:38.043978
6461351466363789847,https://www.hemnet.se/salda/lagenhet-2rum-gubbangen-enskede-stockholms-kommun-skapvagen-11-6461351466363789847,55-56m²,bostadsratt,2026-05-13T23:23:38.043980
3650767745638510369,https://www.hemnet.se/salda/lagenhet-2rum-kirseberg-malmo-kommun-vattenverksvagen-17c-3650767745638510369,55-56m²,bostadsratt,2026-05-13T23:23:38.043981
3011579969248885596,https://www.hemnet.se/salda/lagenhet-2rum-jakobsberg-jarfalla-kommun-frihetsvagen-9-3011579969248885596,55-56m²,bostadsratt,2026-05-13T23:23:38.043982
6952194748915544471,https://www.hemnet.se/salda/lagenhet-2rum-dalaplan-malmo-kommun-narkesgatan-3a-6952194748915544471,55-56m²,bostadsratt,2026-05-13T23:23:38.043984
4721542225355241106,https://www.hemnet.se/salda/lagenhet-2rum-bromma-brommaplan-stockholms-kommun-spangavagen-36-4721542225355241106,55-56m²,bostadsratt,2026-05-13T23:23:38.043985
7343273552716811128,"https://www.hemnet.se/salda/lagenhet-2,5rum-gotland-vastra-gotlands-kommun-akermansvagen-56-7343273552716811128",55-56m²,bostadsratt,2026-05-13T23:23:38.043986
8752901717100919355,https://www.hemnet.se/salda/lagenhet-2rum-ruddalen-goteborgs-kommun-basungatan-19-8752901717100919355,55-56m²,bostadsratt,2026-05-13T23:23:38.043988
7157671837744377318,https://www.hemnet.se/salda/lagenhet-2rum-rorstrand-stockholms-kommun-robert-almstromsgatan-9a-7157671837744377318,55-56m²,bostadsratt,2026-05-13T23:23:38.043989
3174432428645286801,https://www.hemnet.se/salda/lagenhet-2rum-jakobsberg-vasteras-kommun-jakobsbergsgatan-14c-3174432428645286801,55-56m²,bostadsratt,2026-05-13T23:23:38.043990
412012269314915728,https://www.hemnet.se/salda/lagenhet-2rum-gavlehov-gavle-kommun-knarotsvagen-10-412012269314915728,55-56m²,bostadsratt,2026-05-13T23:23:38.043992
4199222577892920269,https://www.hemnet.se/salda/lagenhet-2rum-nalden-krokoms-kommun-naldenvagen-13a-4199222577892920269,55-56m²,bostadsratt,2026-05-13T23:23:38.043993
1806893663441097569,https://www.hemnet.se/salda/lagenhet-2rum-vasastan-sibirien-stockholms-kommun-frejgatan-23-1806893663441097569,55-56m²,bostadsratt,2026-05-13T23:23:38.043995
2634467454964532536,https://www.hemnet.se/salda/lagenhet-2rum-limhamn-malmo-kommun-gronalundsgatan-7b-2634467454964532536,55-56m²,bostadsratt,2026-05-13T23:23:38.043996
7352860913833493880,https://www.hemnet.se/salda/lagenhet-2rum-fruangen-stockholms-kommun-doktor-widerstroms-gata-66-7352860913833493880,55-56m²,bostadsratt,2026-05-13T23:23:38.043997
5084033301851521547,https://www.hemnet.se/salda/lagenhet-2rum-vadstena-vadstena-kommun-birgittas-vag-4b-5084033301851521547,55-56m²,bostadsratt,2026-05-13T23:23:38.043999
3156985595431677820,https://www.hemnet.se/salda/lagenhet-2rum-aspudden-stockholms-kommun-blommensbergsvagen-155-3156985595431677820,55-56m²,bostadsratt,2026-05-13T23:23:38.044000
5588915485727331526,https://www.hemnet.se/salda/lagenhet-3rum-vastberga-telefonplan-stockholms-kommun-dansbanevagen-12-5588915485727331526,55-56m²,bostadsratt,2026-05-13T23:23:38.044001
7598657199373100530,https://www.hemnet.se/salda/lagenhet-3rum-kungsholmen-stockholms-kommun-geijersvagen-19-7598657199373100530,55-56m²,bostadsratt,2026-05-13T23:23:38.044003
8341414861460553366,https://www.hemnet.se/salda/lagenhet-2rum-segeltorp-huddinge-kommun-visirvagen-7-8341414861460553366,55-56m²,bostadsratt,2026-05-13T23:23:38.044004
5774292485068139690,https://www.hemnet.se/salda/lagenhet-2rum-ruddalen-goteborgs-kommun-basungatan-19-5774292485068139690,55-56m²,bostadsratt,2026-05-13T23:23:38.044005
8028427969895023338,https://www.hemnet.se/salda/lagenhet-2rum-gustavsberg-hasthagen-varmdo-kommun-hastskovagen-14-8028427969895023338,55-56m²,bostadsratt,2026-05-13T23:23:38.044007
1490837270468347942,https://www.hemnet.se/salda/lagenhet-2rum-bolinder-strand-jarfalla-kommun-birger-dahlerus-vag-8a-1490837270468347942,55-56m²,bostadsratt,2026-05-13T23:23:38.044008
7487715708650813866,https://www.hemnet.se/salda/lagenhet-2rum-skarpnack-stockholms-kommun-pilvingegatan-42-7487715708650813866,55-56m²,bostadsratt,2026-05-13T23:23:38.044010
8578832029220004975,https://www.hemnet.se/salda/lagenhet-2rum-falhagen-uppsala-kommun-hjalmar-brantingsgatan-12b-8578832029220004975,55-56m²,bostadsratt,2026-05-13T23:23:38.044011
2983307590885109714,https://www.hemnet.se/salda/lagenhet-2rum-hisingen-porslinsfabriken-goteborgs-kommun-grona-annas-gata-1-2983307590885109714,55-56m²,bostadsratt,2026-05-13T23:23:38.044013
5730871077378702879,https://www.hemnet.se/salda/lagenhet-2rum-centrum-harnosands-kommun-storgatan-49-5730871077378702879,55-56m²,bostadsratt,2026-05-13T23:23:38.044014
2836999156051510017,https://www.hemnet.se/salda/lagenhet-2rum-gunnesbo-lunds-kommun-rudeboksvagen-66-2836999156051510017,55-56m²,bostadsratt,2026-05-13T23:23:38.044015
2573494051125381335,https://www.hemnet.se/salda/lagenhet-2rum-savenas-goteborgs-kommun-ladamnesgatan-23-2573494051125381335,55-56m²,bostadsratt,2026-05-13T23:23:38.044017
7896521962985865157,https://www.hemnet.se/salda/lagenhet-2rum-centrala-sundbyberg-sundbybergs-kommun-tulegatan-9-7896521962985865157,55-56m²,bostadsratt,2026-05-13T23:23:38.044018
5561093193657536544,https://www.hemnet.se/salda/lagenhet-2rum-oster-malarstrand-vasteras-kommun-poseidongatan-17-5561093193657536544,55-56m²,bostadsratt,2026-05-13T23:23:38.044019
2925849737502099935,https://www.hemnet.se/salda/lagenhet-2rum-johannesdal-vasterviks-kommun-lysingsvagen-3b-2925849737502099935,55-56m²,bostadsratt,2026-05-13T23:23:38.044020
2367354102626542350,https://www.hemnet.se/salda/lagenhet-2rum-kronskogen-eskilstuna-kommun-grankvistgatan-6-2367354102626542350,55-56m²,bostadsratt,2026-05-13T23:23:38.044022
3266511654603820064,https://www.hemnet.se/salda/lagenhet-2rum-balsta-vappeby-ang-habo-kommun-gardesvagen-33-3266511654603820064,55-56m²,bostadsratt,2026-05-13T23:23:38.044024
3493387499075534305,https://www.hemnet.se/salda/lagenhet-2rum-mariero-vanersborgs-kommun-bangatan-16-3493387499075534305,55-56m²,bostadsratt,2026-05-13T23:23:38.044025
8134423756979993808,https://www.hemnet.se/salda/lagenhet-2rum-centrum-vasteras-kommun-stora-gatan-53b-8134423756979993808,55-56m²,bostadsratt,2026-05-13T23:23:38.044026
1805075442346550110,https://www.hemnet.se/salda/lagenhet-2rum-skalby-kalmar-kommun-klockhusgatan-3b-1805075442346550110,55-56m²,bostadsratt,2026-05-13T23:23:38.044028
3809001361787730318,"https://www.hemnet.se/salda/lagenhet-2rum-kungsholmen-stockholms-kommun-alstromergatan-49,-4-tr-3809001361787730318",55-56m²,bostadsratt,2026-05-13T23:23:38.044029
5262583830809269080,https://www.hemnet.se/salda/lagenhet-2rum-centralt-gavle-kommun-byggmastargatan-6-c-5262583830809269080,55-56m²,bostadsratt,2026-05-13T23:23:38.044030
8691891103276221158,https://www.hemnet.se/salda/lagenhet-2rum-centrum-varbergs-kommun-borasgatan-7-8691891103276221158,55-56m²,bostadsratt,2026-05-13T23:23:38.044032
3985313084043119426,https://www.hemnet.se/salda/lagenhet-2rum-holmsund-umea-kommun-parkvagen-38-3985313084043119426,55-56m²,bostadsratt,2026-05-13T23:23:38.044033
6171108160370059619,https://www.hemnet.se/salda/lagenhet-2rum-arsta-stockholms-kommun-siljansvagen-74-6171108160370059619,55-56m²,bostadsratt,2026-05-13T23:23:38.044034
7236965501322567238,https://www.hemnet.se/salda/lagenhet-2rum-ovre-slotts-uppsala-kommun-ovre-slottsgatan-22-a-7236965501322567238,55-56m²,bostadsratt,2026-05-13T23:23:38.044036
2669301154473616596,https://www.hemnet.se/salda/lagenhet-3rum-arsta-stockholms-kommun-storsjovagen-54-2669301154473616596,55-56m²,bostadsratt,2026-05-13T23:23:38.044037
6986802381357115015,https://www.hemnet.se/salda/lagenhet-2rum-fruangen-stockholms-kommun-doktor-widerstroms-gata-38-6986802381357115015,55-56m²,bostadsratt,2026-05-13T23:23:38.044039
9196541993629985770,https://www.hemnet.se/salda/lagenhet-2rum-solangen-molndals-kommun-kunskapsgatan-25-9196541993629985770,55-56m²,bostadsratt,2026-05-13T23:23:38.044040
8258004548089386559,"https://www.hemnet.se/salda/lagenhet-2rum-lilla-alby-centrala-sundbyberg-sundbybergs-kommun-tradgardsgatan-8a,-2tr-8258004548089386559",55-56m²,bostadsratt,2026-05-13T23:23:38.044042
8903344916763997783,https://www.hemnet.se/salda/lagenhet-2rum-slottsstaden-malmo-kommun-tarningholmsgatan-7-8903344916763997783,55-56m²,bostadsratt,2026-05-13T23:23:38.044043
9040110108391676697,https://www.hemnet.se/salda/lagenhet-2rum-saltsjoqvarn-nacka-kommun-vastra-finnbodavagen-3-9040110108391676697,55-56m²,bostadsratt,2026-05-13T23:23:38.044045
957558524077875214,https://www.hemnet.se/salda/lagenhet-2rum-tungelsta-haninge-kommun-stromshillvagen-25-957558524077875214,55-56m²,bostadsratt,2026-05-13T23:23:38.044046
6149345361860714567,https://www.hemnet.se/salda/lagenhet-2rum-telestadshojden-vaxjo-kommun-axel-quidings-gata-10e-6149345361860714567,55-56m²,bostadsratt,2026-05-13T23:23:38.044048
8903970238442265117,https://www.hemnet.se/salda/lagenhet-2rum-vaster-orebro-kommun-lovstagatan-21b-8903970238442265117,55-56m²,bostadsratt,2026-05-13T23:23:38.044049
2856878512815365119,https://www.hemnet.se/salda/lagenhet-2rum-hornstull-stockholms-kommun-hogalidsgatan-54-b-2856878512815365119,55-56m²,bostadsratt,2026-05-13T23:23:38.044050
8631126079251524232,https://www.hemnet.se/salda/lagenhet-2rum-vega-haninge-kommun-storseglet-19-8631126079251524232,55-56m²,bostadsratt,2026-05-13T23:23:38.044052
9087813264726211198,https://www.hemnet.se/salda/lagenhet-2rum-centralt-avesta-kommun-axel-johnsons-vag-75-9087813264726211198,55-56m²,bostadsratt,2026-05-13T23:23:38.044053
364609934838152740,https://www.hemnet.se/salda/lagenhet-2rum-landvetter-harryda-kommun-brattasvagen-9-364609934838152740,55-56m²,bostadsratt,2026-05-13T23:23:38.044055
5916369281675832708,https://www.hemnet.se/salda/lagenhet-2rum-hyllie-malmo-kommun-cyklopgatan-37a-5916369281675832708,55-56m²,bostadsratt,2026-05-13T23:23:38.044056
5953994718179306212,"https://www.hemnet.se/salda/lagenhet-2rum-traneberg-stockholms-kommun-mossebergsvagen-20,-2tr-5953994718179306212",55-56m²,bostadsratt,2026-05-13T23:23:38.044057
4962126405668753393,https://www.hemnet.se/salda/lagenhet-2rum-blomangen-tegelplan-ostersunds-kommun-tegelbruksvagen-12c-4962126405668753393,55-56m²,bostadsratt,2026-05-13T23:23:38.044059
1142056499958851660,https://www.hemnet.se/salda/lagenhet-2rum-sjobo-boras-kommun-huldregatan-7-1142056499958851660,55-56m²,bostadsratt,2026-05-13T23:23:38.044060
1824702348607617265,"https://www.hemnet.se/salda/lagenhet-2rum-brunna-park,-norrboda-upplands-bro-kommun-pettersbergsvagen-6-1824702348607617265",55-56m²,bostadsratt,2026-05-13T23:23:38.044062
8890126512545786023,https://www.hemnet.se/salda/lagenhet-2rum-centrum-sundsvalls-kommun-dalgatan-38a-8890126512545786023,55-56m²,bostadsratt,2026-05-13T23:23:38.044063
3151485543016696911,https://www.hemnet.se/salda/lagenhet-2rum-brunnshog-lunds-kommun-soluppgangen-20-3151485543016696911,55-56m²,bostadsratt,2026-05-13T23:23:38.044064
6445116246891939620,https://www.hemnet.se/salda/lagenhet-2rum-hoganas-uppsala-kommun-s-t-persgatan-47c-6445116246891939620,55-56m²,bostadsratt,2026-05-13T23:23:38.044066
1881837453510411475,https://www.hemnet.se/salda/lagenhet-2rum-bergviken-lulea-kommun-lovgatan-5-1881837453510411475,55-56m²,bostadsratt,2026-05-13T23:23:38.044067
7248298046770807715,https://www.hemnet.se/salda/lagenhet-2rum-fruangen-stockholms-kommun-ellen-keys-gata-51-7248298046770807715,55-56m²,bostadsratt,2026-05-13T23:23:38.044069
6642534821738745526,https://www.hemnet.se/salda/lagenhet-2rum-mellsta-borlange-kommun-murgatan-7c-6642534821738745526,55-56m²,bostadsratt,2026-05-13T23:23:38.044070
3088760390487951535,https://www.hemnet.se/salda/lagenhet-2rum-hjorthagen-stockholms-kommun-hardvallsgatan-11-3088760390487951535,55-56m²,bostadsratt,2026-05-13T23:23:38.044071
7457247589405931195,https://www.hemnet.se/salda/lagenhet-2rum-lilla-alby-sundbybergs-kommun-tradgardsgatan-8-a-7457247589405931195,55-56m²,bostadsratt,2026-05-13T23:23:38.044073
6097095838875524620,https://www.hemnet.se/salda/lagenhet-2rum-sodermalm-stockholms-kommun-skanegatan-57a-6097095838875524620,55-56m²,bostadsratt,2026-05-13T23:23:38.044074
5887722200208582030,https://www.hemnet.se/salda/lagenhet-2rum-ranten-falkopings-kommun-warenbergsgatan-20-5887722200208582030,55-56m²,bostadsratt,2026-05-13T23:23:38.044076
2395920055658427943,https://www.hemnet.se/salda/lagenhet-3rum-centrala-sundbyberg-sundbybergs-kommun-fredsgatan-5-2395920055658427943,55-56m²,bostadsratt,2026-05-13T23:23:38.044077
7382007359154936443,"https://www.hemnet.se/salda/lagenhet-2rum-arsta-stockholms-kommun-borensvagen-19,-2-tr-7382007359154936443",55-56m²,bostadsratt,2026-05-13T23:23:38.044078
639286161259644982,https://www.hemnet.se/salda/lagenhet-2rum-nydala-malmo-kommun-eriksfaltsgatan-85c-639286161259644982,55-56m²,bostadsratt,2026-05-13T23:23:38.044079
3769993686271804433,https://www.hemnet.se/salda/lagenhet-2rum-kallhall-jarfalla-kommun-slipargrand-7-3769993686271804433,55-56m²,bostadsratt,2026-05-13T23:23:38.044081
5445813864915476863,"https://www.hemnet.se/salda/lagenhet-2rum-bromma-mariehall-stockholms-kommun-kratsbodavagen-44d,-van-1-5445813864915476863",55-56m²,bostadsratt,2026-05-13T23:23:38.044082
3184900603423451399,https://www.hemnet.se/salda/lagenhet-2rum-centrala-huddinge-huddinge-kommun-arrendatorsvagen-6b-3184900603423451399,55-56m²,bostadsratt,2026-05-13T23:23:38.044084
7906874407730486329,https://www.hemnet.se/salda/lagenhet-2rum-tagaborg-helsingborgs-kommun-erik-dahlbergs-gata-33-7906874407730486329,55-56m²,bostadsratt,2026-05-13T23:23:38.044085
57373847907784825,https://www.hemnet.se/salda/lagenhet-2rum-kviberg-goteborgs-kommun-ingeborg-hammarskjolds-gata-57-57373847907784825,55-56m²,bostadsratt,2026-05-13T23:23:38.044086
5628310598229230520,https://www.hemnet.se/salda/lagenhet-2rum-majorna-goteborgs-kommun-ekedalsgatan-3b-5628310598229230520,55-56m²,bostadsratt,2026-05-13T23:23:38.044088
4142800444057692679,https://www.hemnet.se/salda/lagenhet-2rum-centrala-huddinge-kvarnbergsplan-huddinge-kommun-solfagravagen-7-4142800444057692679,55-56m²,bostadsratt,2026-05-13T23:23:38.044089
8451318442329690785,https://www.hemnet.se/salda/lagenhet-2rum-saltsjobaden-nacka-kommun-fidravagen-35-8451318442329690785,55-56m²,bostadsratt,2026-05-13T23:23:38.044090
4566054221360731980,"https://www.hemnet.se/salda/lagenhet-2rum-vasastan-norrtull-stockholms-kommun-norrtullsgatan-63,-3tr-4566054221360731980",55-56m²,bostadsratt,2026-05-13T23:23:38.044092
5594062477910536752,https://www.hemnet.se/salda/lagenhet-2rum-rissne-sundbybergs-kommun-kavallerivagen-2b-5594062477910536752,55-56m²,bostadsratt,2026-05-13T23:23:38.044093
5883739395523896387,https://www.hemnet.se/salda/lagenhet-4rum-are-are-kommun-tegefjall-mellanalpen-20e-5883739395523896387,55-56m²,bostadsratt,2026-05-13T23:23:38.044094
3732358608688469712,https://www.hemnet.se/salda/lagenhet-2rum-centrala-sundbyberg-sundbybergs-kommun-vintergatan-2e-3732358608688469712,55-56m²,bostadsratt,2026-05-13T23:23:38.044096
8036554130263498963,https://www.hemnet.se/salda/lagenhet-3rum-vasastan-odenplan-stockholms-kommun-odengatan-87-8036554130263498963,55-56m²,bostadsratt,2026-05-13T23:23:38.044097
3001263889639395551,https://www.hemnet.se/salda/lagenhet-2rum-centralt-ornskoldsviks-kommun-skogsgatan-5b-3001263889639395551,55-56m²,bostadsratt,2026-05-13T23:23:38.044098
5207788467710415935,https://www.hemnet.se/salda/lagenhet-2rum-tunavallen-eskilstuna-kommun-grankvistgatan-10-5207788467710415935,55-56m²,bostadsratt,2026-05-13T23:23:38.044100
8751962162136912639,https://www.hemnet.se/salda/lagenhet-2rum-sorgenfri-malmo-kommun-bodekullsgangen-19c-8751962162136912639,55-56m²,bostadsratt,2026-05-13T23:23:38.044101
2926876302554703396,https://www.hemnet.se/salda/lagenhet-2rum-norr-centrum-eskilstuna-kommun-klostergatan-5c-2926876302554703396,55-56m²,bostadsratt,2026-05-13T23:23:38.044103
5926110013316478791,https://www.hemnet.se/salda/lagenhet-2rum-kungsangen-industristaden-uppsala-kommun-kungsgatan-91b-5926110013316478791,55-56m²,bostadsratt,2026-05-13T23:23:38.044104
4650005414630040208,https://www.hemnet.se/salda/lagenhet-2rum-haga-vasteras-kommun-rekylgatan-10-4650005414630040208,55-56m²,bostadsratt,2026-05-13T23:23:38.044105
1816147348065389806,https://www.hemnet.se/salda/lagenhet-2rum-centralt-vansbro-kommun-norra-allegatan-41a-1816147348065389806,55-56m²,bostadsratt,2026-05-13T23:23:38.044107
8073275747110946100,https://www.hemnet.se/salda/lagenhet-2rum-kungsholmen-marieberg-stockholms-kommun-fyrverkarbacken-25-8073275747110946100,55-56m²,bostadsratt,2026-05-13T23:23:38.044108
519525033521675106,https://www.hemnet.se/salda/lagenhet-2rum-traneberg-stockholms-kommun-mossebergsvagen-18-519525033521675106,55-56m²,bostadsratt,2026-05-13T23:23:38.044109
4908851553305855145,https://www.hemnet.se/salda/lagenhet-2rum-krokslatt-molndals-kommun-fredasgatan-18b-4908851553305855145,55-56m²,bostadsratt,2026-05-13T23:23:38.044110
2088750529090672500,https://www.hemnet.se/salda/lagenhet-2rum-klosters-falad-lunds-kommun-vildgasvagen-1c-2088750529090672500,55-56m²,bostadsratt,2026-05-13T23:23:38.044112
2661037026809054833,https://www.hemnet.se/salda/lagenhet-2rum-edsangen-sollentuna-kommun-frestavagen-36-2661037026809054833,55-56m²,bostadsratt,2026-05-13T23:23:38.044113
9158212344183218726,"https://www.hemnet.se/salda/lagenhet-2rum-vasastan-odenplan-stockholms-kommun-dalagatan-74-b,-1tr-9158212344183218726",55-56m²,bostadsratt,2026-05-13T23:23:38.044114
3767408915080897326,https://www.hemnet.se/salda/lagenhet-2rum-jonkoping-jonkopings-kommun-lasarettsgatan-9-3767408915080897326,55-56m²,bostadsratt,2026-05-13T23:23:38.044116
2212051951565296212,https://www.hemnet.se/salda/lagenhet-2rum-salem-salems-kommun-mosshagestigen-23-2212051951565296212,55-56m²,bostadsratt,2026-05-13T23:23:38.044117
1749126134504777504,https://www.hemnet.se/salda/lagenhet-2rum-kungsholmen-stockholms-kommun-kungsholmsgatan-34-1749126134504777504,55-56m²,bostadsratt,2026-05-13T23:23:38.044118
3732792559822201270,"https://www.hemnet.se/salda/lagenhet-1,5rum-vaster-lunds-kommun-trastvagen-12b-3732792559822201270",55-56m²,bostadsratt,2026-05-13T23:23:38.044120
1116442950658075271,https://www.hemnet.se/salda/lagenhet-2rum-spanga-sundby-stockholms-kommun-johannelundsvagen-22-1116442950658075271,55-56m²,bostadsratt,2026-05-13T23:23:38.044121
3879786191992372054,https://www.hemnet.se/salda/lagenhet-2rum-hammarby-sjostad-stockholms-kommun-sjofartsgatan-17-3879786191992372054,55-56m²,bostadsratt,2026-05-13T23:23:38.044123
3205248964046041389,"https://www.hemnet.se/salda/lagenhet-2rum-sundbyberg-lilla-alby-sundbybergs-kommun-albygatan-117,-van-3-3-3205248964046041389",55-56m²,bostadsratt,2026-05-13T23:23:38.044124
1690715590517248283,https://www.hemnet.se/salda/lagenhet-2rum-centrala-hisingen-goteborgs-kommun-jagaregatan-1b-1690715590517248283,55-56m²,bostadsratt,2026-05-13T23:23:38.044125
7036999309483003176,https://www.hemnet.se/salda/lagenhet-2rum-majorna-goteborgs-kommun-harasgatan-21-7036999309483003176,55-56m²,bostadsratt,2026-05-13T23:23:38.044127
4561098888356103262,https://www.hemnet.se/salda/lagenhet-2rum-kvillebacken-goteborgs-kommun-langangen-9-4561098888356103262,55-56m²,bostadsratt,2026-05-13T23:23:38.044128
6443828810416918654,https://www.hemnet.se/salda/lagenhet-2rum-lamberget-herrhagen-karlstads-kommun-engholmsgatan-4-6443828810416918654,55-56m²,bostadsratt,2026-05-13T23:23:38.044129
5239490987625620388,https://www.hemnet.se/salda/lagenhet-2rum-centrala-hedemora-hedemora-kommun-akargatan-2a-5239490987625620388,55-56m²,bostadsratt,2026-05-13T23:23:38.044131
6894019602093103267,https://www.hemnet.se/salda/lagenhet-2rum-oster-halmstads-kommun-hertig-knutsgatan-43a-6894019602093103267,55-56m²,bostadsratt,2026-05-13T23:23:38.044132
1780151201675148806,https://www.hemnet.se/salda/lagenhet-2rum-frosunda-solna-kommun-signe-tillischgatan-7-1780151201675148806,55-56m²,bostadsratt,2026-05-13T23:23:38.044133
2031194525463378970,https://www.hemnet.se/salda/lagenhet-2rum-marielund-ostersunds-kommun-krondikesvagen-72-a-2031194525463378970,55-56m²,bostadsratt,2026-05-13T23:23:38.044135
4770449596956779671,"https://www.hemnet.se/salda/lagenhet-3rum-kungsholmen-norr-malarstrand-stockholms-kommun-baltzar-von-platens-gata-7c,-4-tr-4770449596956779671",55-56m²,bostadsratt,2026-05-13T23:23:38.044136
7000086433176534755,https://www.hemnet.se/salda/lagenhet-2rum-rorsjostaden-malmo-kommun-foreningsgatan-66-7000086433176534755,55-56m²,bostadsratt,2026-05-13T23:23:38.044138
906853510304238908,https://www.hemnet.se/salda/lagenhet-2rum-orby-stockholms-kommun-gamla-huddingevagen-411-906853510304238908,55-56m²,bostadsratt,2026-05-13T23:23:38.044139
6726744003801693158,"https://www.hemnet.se/salda/lagenhet-2rum-liljeholmskajen-stockholms-kommun-sturehillsvagen-22,-hogst-upp-6726744003801693158",55-56m²,bostadsratt,2026-05-13T23:23:38.044140
1108644177026722502,https://www.hemnet.se/salda/lagenhet-2rum-sorbyangen-orebro-kommun-peppargatan-23-1108644177026722502,55-56m²,bostadsratt,2026-05-13T23:23:38.044142
4821465149491242679,https://www.hemnet.se/salda/lagenhet-2rum-bergshamra-solna-kommun-lostigen-1-4821465149491242679,55-56m²,bostadsratt,2026-05-13T23:23:38.044143
6332226350186330897,https://www.hemnet.se/salda/lagenhet-2rum-danderyd-nora-danderyds-kommun-nora-torg-2a-6332226350186330897,55-56m²,bostadsratt,2026-05-13T23:23:38.044144
8955659449864328029,https://www.hemnet.se/salda/lagenhet-2rum-hammarby-sjostad-stockholms-kommun-midskeppsgatan-16-8955659449864328029,55-56m²,bostadsratt,2026-05-13T23:23:38.044146
1165368724044679528,https://www.hemnet.se/salda/lagenhet-2rum-getberget-skelleftea-kommun-getbergsvagen-1-1165368724044679528,55-56m²,bostadsratt,2026-05-13T23:23:38.044147
432486719934528422,https://www.hemnet.se/salda/lagenhet-2rum-kungsholmen-stockholms-kommun-drottningholmsvagen-9-432486719934528422,55-56m²,bostadsratt,2026-05-13T23:23:38.044148
471313401324149504,https://www.hemnet.se/salda/lagenhet-2rum-sodra-skogen-karlsborgs-kommun-skyttegatan-6-471313401324149504,55-56m²,bostadsratt,2026-05-13T23:23:38.044150
6217001823147401658,https://www.hemnet.se/salda/lagenhet-2rum-centrala-sundbyberg-sundbybergs-kommun-mariagatan-7a-6217001823147401658,55-56m²,bostadsratt,2026-05-13T23:23:38.044151
8462647765193529052,https://www.hemnet.se/salda/lagenhet-2rum-majorna-goteborgs-kommun-kabelgatan-35b-8462647765193529052,55-56m²,bostadsratt,2026-05-13T23:23:38.044152
1153641267027469309,https://www.hemnet.se/salda/lagenhet-2rum-ytterby-kungalvs-kommun-runangsgatan-15-1153641267027469309,55-56m²,bostadsratt,2026-05-13T23:23:38.044154
7653593263045537048,https://www.hemnet.se/salda/lagenhet-2rum-ronningen-hofors-kommun-ronningsgatan-33b-7653593263045537048,55-56m²,bostadsratt,2026-05-13T23:23:38.044155
1082364630788117019,https://www.hemnet.se/salda/lagenhet-2rum-bohuslan-stenungsunds-kommun-hasthagsvagen-1d-1082364630788117019,55-56m²,bostadsratt,2026-05-13T23:23:38.044156
7447460917183815671,https://www.hemnet.se/salda/lagenhet-3rum-ostra-sorgenfri-malmo-kommun-kiviksgatan-5b-7447460917183815671,55-56m²,bostadsratt,2026-05-13T23:23:38.044158
7413985443786914042,https://www.hemnet.se/salda/lagenhet-4rum-tegefjall-are-kommun-tegefjall-mellanalpen-30a-7413985443786914042,55-56m²,bostadsratt,2026-05-13T23:23:38.044159
8368995612275057047,https://www.hemnet.se/salda/lagenhet-2rum-sodra-bettorp-orebro-kommun-kornellvagen-37-o-8368995612275057047,55-56m²,bostadsratt,2026-05-13T23:23:38.044161
4934770482195121818,https://www.hemnet.se/salda/lagenhet-2rum-nasby-park-taby-kommun-nytorpsvagen-46-4934770482195121818,55-56m²,bostadsratt,2026-05-13T23:23:38.044162
8842398977458595839,https://www.hemnet.se/salda/lagenhet-2rum-mariero-vanersborgs-kommun-marierovagen-9-8842398977458595839,55-56m²,bostadsratt,2026-05-13T23:23:38.044163
2198010478866097521,https://www.hemnet.se/salda/lagenhet-2rum-rissne-sundbybergs-kommun-kavallerivagen-2a-2198010478866097521,55-56m²,bostadsratt,2026-05-13T23:23:38.044165
1938129354249252151,"https://www.hemnet.se/salda/lagenhet-2rum-vasastan-stockholms-kommun-hagagatan-14a,-2-tr-1938129354249252151",55-56m²,bostadsratt,2026-05-13T23:23:38.044166
703981399986562331,https://www.hemnet.se/salda/lagenhet-2rum-kalkbrottet-limhamn-malmo-kommun-limhamnsgardens-alle-38-703981399986562331,55-56m²,bostadsratt,2026-05-13T23:23:38.044168
1832377382351070209,https://www.hemnet.se/salda/lagenhet-56m2-falkoping-falkopings-kommun-trinnojegatan-10-1832377382351070209,55-56m²,bostadsratt,2026-05-13T23:23:38.044169
1395378235188249439,https://www.hemnet.se/salda/lagenhet-2rum-vasastan-stockholms-kommun-gastrikegatan-20-1395378235188249439,55-56m²,bostadsratt,2026-05-13T23:23:38.044171
7353409173993359075,https://www.hemnet.se/salda/lagenhet-2rum-norrgard-kalmar-kommun-norrgardsgatan-11b-7353409173993359075,55-56m²,bostadsratt,2026-05-13T23:23:38.044172
6085749449917069509,"https://www.hemnet.se/salda/lagenhet-1,5rum-slottshojden-helsingborgs-kommun-dammegatan-6-6085749449917069509",55-56m²,bostadsratt,2026-05-13T23:23:38.044173
5124138900378546169,https://www.hemnet.se/salda/lagenhet-2rum-ingared-alingsas-kommun-lindekullegatan-63a-5124138900378546169,55-56m²,bostadsratt,2026-05-13T23:23:38.044175
6713472452005545895,https://www.hemnet.se/salda/lagenhet-2rum-centrala-norrtalje-norrtalje-kommun-billborgsgatan-10-6713472452005545895,55-56m²,bostadsratt,2026-05-13T23:23:38.044176
5190624034603223767,https://www.hemnet.se/salda/lagenhet-2rum-ursvik-sundbybergs-kommun-oxenstiernas-alle-12-5190624034603223767,55-56m²,bostadsratt,2026-05-13T23:23:38.044178
3009218713494522575,https://www.hemnet.se/salda/lagenhet-2rum-bjuv-bjuvs-kommun-norra-storgatan-11-3009218713494522575,55-56m²,bostadsratt,2026-05-13T23:23:38.044179
4017715941798759289,https://www.hemnet.se/salda/lagenhet-2rum-rasunda-solna-kommun-viktor-sjostroms-vag-6-4017715941798759289,55-56m²,bostadsratt,2026-05-13T23:23:38.044180
3529263026581946601,https://www.hemnet.se/salda/lagenhet-2rum-vallingby-stockholms-kommun-kirunagatan-32-3529263026581946601,55-56m²,bostadsratt,2026-05-13T23:23:38.044182
8367041219549890733,https://www.hemnet.se/salda/lagenhet-2rum-gideonsberg-vasteras-kommun-gideonsbergsgatan-21a-8367041219549890733,55-56m²,bostadsratt,2026-05-13T23:23:38.044183
3836778501940326227,https://www.hemnet.se/salda/lagenhet-2rum-aby-angar-vallentuna-kommun-aby-alle-7b-3836778501940326227,55-56m²,bostadsratt,2026-05-13T23:23:38.044185
4801210383952772998,"https://www.hemnet.se/salda/lagenhet-2,5rum-centrala-hisingen-kvillebacken-goteborgs-kommun-solventilsgatan-16-4801210383952772998",55-56m²,bostadsratt,2026-05-13T23:23:38.044186
8793930567502885998,https://www.hemnet.se/salda/lagenhet-3rum-funasdalen-skidtorget-funasdalsberget-harjedalens-kommun-novangrand-132d-8793930567502885998,55-56m²,bostadsratt,2026-05-13T23:23:38.044188
3215591851860576281,https://www.hemnet.se/salda/lagenhet-2rum-vastertorp-stockholms-kommun-terrangvagen-85-3215591851860576281,55-56m²,bostadsratt,2026-05-13T23:23:38.044189
4200768990201872322,https://www.hemnet.se/salda/lagenhet-2rum-rudviken-solna-c-solna-kommun-solnavagen-29-f-4200768990201872322,55-56m²,bostadsratt,2026-05-13T23:23:38.044191
4442851659655819392,https://www.hemnet.se/salda/lagenhet-2rum-dammfri-malmo-kommun-bellevuevagen-4c-4442851659655819392,55-56m²,bostadsratt,2026-05-13T23:23:38.044192
3541026102290567570,https://www.hemnet.se/salda/lagenhet-2rum-dotorp-falkopings-kommun-dotorpsgatan-66c-3541026102290567570,55-56m²,bostadsratt,2026-05-13T23:23:38.044193
5161190077543350159,https://www.hemnet.se/salda/lagenhet-2rum-gamla-staden-lidkopings-kommun-prostgatan-8a-5161190077543350159,55-56m²,bostadsratt,2026-05-13T23:23:38.044195
2776670819714000987,https://www.hemnet.se/salda/lagenhet-2rum-alvangen-ale-kommun-vittrornas-vag-2-2776670819714000987,55-56m²,bostadsratt,2026-05-13T23:23:38.044196
4875711015917062806,https://www.hemnet.se/salda/lagenhet-2rum-hersby-lidingo-kommun-laroverksvagen-27e-4875711015917062806,55-56m²,bostadsratt,2026-05-13T23:23:38.044198
5893500836171033616,https://www.hemnet.se/salda/lagenhet-2rum-hoor-kvarnback-hoors-kommun-koriandervagen-15f-5893500836171033616,55-56m²,bostadsratt,2026-05-13T23:23:38.044199
7481944729778198968,https://www.hemnet.se/salda/lagenhet-2rum-vastra-kattarp-malmo-kommun-jagersrovagen-12b-7481944729778198968,55-56m²,bostadsratt,2026-05-13T23:23:38.044201
3626662724497725602,https://www.hemnet.se/salda/lagenhet-2rum-ritorp-solna-kommun-regementsgatan-56-3626662724497725602,55-56m²,bostadsratt,2026-05-13T23:23:38.044202
7368774644438561019,https://www.hemnet.se/salda/lagenhet-2rum-nybro-nybro-kommun-mellangatan-5a-7368774644438561019,55-56m²,bostadsratt,2026-05-13T23:23:38.044204
3991838164663753330,https://www.hemnet.se/salda/lagenhet-2rum-norrmalm-vasastan-stockholms-kommun-rehnsgatan-17-3991838164663753330,55-56m²,bostadsratt,2026-05-13T23:23:38.044205
3517998532370200936,https://www.hemnet.se/salda/lagenhet-2rum-jamtbo-sagbo-avesta-kommun-axel-johnsons-vag-93-3517998532370200936,55-56m²,bostadsratt,2026-05-13T23:23:38.044207
6096096838834599978,https://www.hemnet.se/salda/lagenhet-2rum-varberg-varbergs-kommun-ostra-vagen-67c-6096096838834599978,55-56m²,bostadsratt,2026-05-13T23:23:38.044208
8121258402652451348,https://www.hemnet.se/salda/lagenhet-2rum-molndal-bosgarden-molndals-kommun-hagakersgatan-12a-8121258402652451348,55-56m²,bostadsratt,2026-05-13T23:23:38.044210
687169467614737904,https://www.hemnet.se/salda/lagenhet-2rum-nynashamn-nynashamns-kommun-nynasvagen-34-687169467614737904,55-56m²,bostadsratt,2026-05-13T23:23:38.044211
3675841099697161609,https://www.hemnet.se/salda/lagenhet-2rum-centrum-sundsvalls-kommun-kopmangatan-23b-3675841099697161609,55-56m²,bostadsratt,2026-05-13T23:23:38.044213
5219295363173823497,https://www.hemnet.se/salda/lagenhet-2rum-fredriksberg-falkopings-kommun-hjelmarsrorsgatan-5c-5219295363173823497,55-56m²,bostadsratt,2026-05-13T23:23:38.044214
8740458195873921790,https://www.hemnet.se/salda/lagenhet-2rum-osterbybruk-osthammars-kommun-vallonvagen-8a-8740458195873921790,55-56m²,bostadsratt,2026-05-13T23:23:38.044216
2586134242750661615,https://www.hemnet.se/salda/lagenhet-2rum-karlstorp-trollhattans-kommun-karlstorpsvagen-112-2586134242750661615,55-56m²,bostadsratt,2026-05-13T23:23:38.044217
5450915635607553308,"https://www.hemnet.se/salda/lagenhet-2rum-bagarmossen-stockholms-kommun-rusthallarvagen-141,-2tr-5450915635607553308",55-56m²,bostadsratt,2026-05-13T23:23:38.044219
2276295761517154245,https://www.hemnet.se/salda/lagenhet-2rum-brandholmen-bryngels-rosenkalla-stenkulla-nykopings-kommun-tellusvagen-32-2276295761517154245,55-56m²,bostadsratt,2026-05-13T23:23:38.044220
8513262658875329627,https://www.hemnet.se/salda/lagenhet-2rum-vastervik-vasterviks-kommun-lysingsvagen-3a-8513262658875329627,55-56m²,bostadsratt,2026-05-13T23:23:38.044222
8174914504699922541,https://www.hemnet.se/salda/lagenhet-2rum-sodermalm-stockholms-kommun-bondegatan-5c-8174914504699922541,55-56m²,bostadsratt,2026-05-13T23:23:38.044223
6523132304398352330,https://www.hemnet.se/salda/lagenhet-2rum-eneborg-helsingborgs-kommun-vagnmansgatan-22-6523132304398352330,55-56m²,bostadsratt,2026-05-13T23:23:38.044224
6816738239582189025,https://www.hemnet.se/salda/lagenhet-2rum-haga-norrkopings-kommun-smedstugugatan-16a-6816738239582189025,55-56m²,bostadsratt,2026-05-13T23:23:38.044226
6929217335657990513,https://www.hemnet.se/salda/lagenhet-2rum-norrmalm-boras-kommun-torgilsgatan-16a-6929217335657990513,55-56m²,bostadsratt,2026-05-13T23:23:38.044227
7491518347235906401,https://www.hemnet.se/salda/lagenhet-2rum-ornaset-lulea-kommun-hallbruksgatan-1-7491518347235906401,55-56m²,bostadsratt,2026-05-13T23:23:38.044229
6436735480554744712,https://www.hemnet.se/salda/lagenhet-2rum-centrala-huddinge-huddinge-kommun-solfagravagen-11-6436735480554744712,55-56m²,bostadsratt,2026-05-13T23:23:38.044230
3567340408975785909,https://www.hemnet.se/salda/lagenhet-2rum-kungsholmen-stockholms-kommun-pontonjargatan-16-3567340408975785909,55-56m²,bostadsratt,2026-05-13T23:23:38.044231
2111588430548534241,"https://www.hemnet.se/salda/lagenhet-2rum-brotorp-jarvastaden-sundbybergs-kommun-brotorpsvagen-11,-van-3-2111588430548534241",55-56m²,bostadsratt,2026-05-13T23:23:38.044233
4657678750106929082,https://www.hemnet.se/salda/lagenhet-2rum-slottshojden-helsingborgs-kommun-ovre-langvinkelsgatan-157-4657678750106929082,55-56m²,bostadsratt,2026-05-13T23:23:38.044234
8104496904967184077,https://www.hemnet.se/salda/lagenhet-2rum-bagaregarden-goteborgs-kommun-storhojdsgatan-6d-8104496904967184077,55-56m²,bostadsratt,2026-05-13T23:23:38.044236
6650267491952581919,"https://www.hemnet.se/salda/lagenhet-2rum-arsta-stockholms-kommun-jarnlundsvagen-39,-3-tr-6650267491952581919",55-56m²,bostadsratt,2026-05-13T23:23:38.044237
7112376793327724931,https://www.hemnet.se/salda/lagenhet-2rum-akerbruket-svedala-kommun-slatterbalksgatan-49-7112376793327724931,55-56m²,bostadsratt,2026-05-13T23:23:38.044239
5619528596414751373,https://www.hemnet.se/salda/lagenhet-2rum-sodermalm-hornstull-stockholms-kommun-bergsunds-strand-42-5619528596414751373,55-56m²,bostadsratt,2026-05-13T23:23:38.044240
8202136610851927125,https://www.hemnet.se/salda/lagenhet-3rum-fredhall-stockholms-kommun-fredhallsgatan-13-8202136610851927125,55-56m²,bostadsratt,2026-05-13T23:23:38.044241
4337239207861446155,https://www.hemnet.se/salda/lagenhet-2rum-ostra-sorgenfri-malmo-kommun-bodekullsgatan-29b-4337239207861446155,55-56m²,bostadsratt,2026-05-13T23:23:38.044243
4265779760062232979,https://www.hemnet.se/salda/lagenhet-2rum-centralt-kramfors-kommun-natgatan-7-4265779760062232979,55-56m²,bostadsratt,2026-05-13T23:23:38.044244
2986291955023055780,https://www.hemnet.se/salda/lagenhet-3rum-bromma-traneberg-stockholms-kommun-kebnekaisevagen-22-2986291955023055780,55-56m²,bostadsratt,2026-05-13T23:23:38.044246
2099588843588304970,https://www.hemnet.se/salda/lagenhet-3rum-falhagen-uppsala-kommun-salagatan-43c-2099588843588304970,55-56m²,bostadsratt,2026-05-13T23:23:38.044247
4194304129468888111,https://www.hemnet.se/salda/lagenhet-2rum-stohagen-vasteras-kommun-spantgatan-3b-4194304129468888111,55-56m²,bostadsratt,2026-05-13T23:23:38.044248
8340460045815905024,https://www.hemnet.se/salda/lagenhet-2rum-hammarby-sjostad-stockholms-kommun-hammarby-alle-9-8340460045815905024,55-56m²,bostadsratt,2026-05-13T23:23:38.044250
2701447541513624873,https://www.hemnet.se/salda/lagenhet-1rum-vilbergen-norrkopings-kommun-grabergsgatan-51-2701447541513624873,55-56m²,bostadsratt,2026-05-13T23:23:38.044251
4230975371656083491,https://www.hemnet.se/salda/lagenhet-2rum-dalaplan-malmo-kommun-narkesgatan-3a-4230975371656083491,55-56m²,bostadsratt,2026-05-13T23:23:38.044252
4408008797640610519,https://www.hemnet.se/salda/lagenhet-2rum-angavangen-angelholms-kommun-tegelmastaregatan-4a-4408008797640610519,55-56m²,bostadsratt,2026-05-13T23:23:38.044254
8553943938418337576,"https://www.hemnet.se/salda/lagenhet-2,5rum-eriksberg-uppsala-kommun-granitvagen-24d-8553943938418337576",55-56m²,bostadsratt,2026-05-13T23:23:38.044255
8893936361811923541,https://www.hemnet.se/salda/lagenhet-2rum-trandared-boras-kommun-guldbrandsgatan-8-8893936361811923541,55-56m²,bostadsratt,2026-05-13T23:23:38.044256
4365993275873746668,https://www.hemnet.se/salda/lagenhet-2rum-enskede-stockholms-kommun-sockenvagen-484-4365993275873746668,55-56m²,bostadsratt,2026-05-13T23:23:38.044258
5454803504476752585,https://www.hemnet.se/salda/lagenhet-2rum-tibro-tibro-kommun-skovdevagen-19b-5454803504476752585,55-56m²,bostadsratt,2026-05-13T23:23:38.044259
4866786955530069801,https://www.hemnet.se/salda/lagenhet-3rum-vallastaden-linkopings-kommun-kunskapslanken-122-4866786955530069801,55-56m²,bostadsratt,2026-05-13T23:23:38.044261
6730085960706856010,https://www.hemnet.se/salda/lagenhet-2rum-johanneshov-stockholms-kommun-pastellvagen-14-6730085960706856010,55-56m²,bostadsratt,2026-05-13T23:23:38.044262
7079011173208217745,https://www.hemnet.se/salda/lagenhet-2rum-vastra-hamnen-malmo-kommun-einar-hansens-esplanad-14-7079011173208217745,55-56m²,bostadsratt,2026-05-13T23:23:38.044264
6699271555583423043,https://www.hemnet.se/salda/lagenhet-2rum-hagerstensasen-stockholms-kommun-forskottsvagen-2-6699271555583423043,55-56m²,bostadsratt,2026-05-13T23:23:38.044265
8005276856283388755,"https://www.hemnet.se/salda/lagenhet-2rum-centrala-vasby-upplands-vasby-kommun-herrgardsvagen-14a,-1-tr-8005276856283388755",55-56m²,bostadsratt,2026-05-13T23:23:38.044266
5742008257283457036,https://www.hemnet.se/salda/lagenhet-2rum-falhagen-centrum-uppsala-kommun-salagatan-43c-5742008257283457036,55-56m²,bostadsratt,2026-05-13T23:23:38.044268
3722205829257061301,"https://www.hemnet.se/salda/lagenhet-2rum-skondal-skondals-centrum-stockholms-kommun-skondalsvagen-88,-4tr-3722205829257061301",55-56m²,bostadsratt,2026-05-13T23:23:38.044269
2209428822599584910,https://www.hemnet.se/salda/lagenhet-3rum-sodermalm-stockholms-kommun-gotlandsgatan-37-2209428822599584910,55-56m²,bostadsratt,2026-05-13T23:23:38.044270
1889239894014678309,https://www.hemnet.se/salda/lagenhet-2rum-askim-goteborgs-kommun-stomvagen-8-1889239894014678309,55-56m²,bostadsratt,2026-05-13T23:23:38.044272
1519906095748032646,https://www.hemnet.se/salda/lagenhet-2rum-ekero-bokskogen-ekero-kommun-gustavavagen-66-1519906095748032646,55-56m²,bostadsratt,2026-05-13T23:23:38.044273
2586775924140725573,https://www.hemnet.se/salda/lagenhet-3rum-hammarbyhojden-stockholms-kommun-mariestadsvagen-14-2586775924140725573,55-56m²,bostadsratt,2026-05-13T23:23:38.044274
1079843930965281210,https://www.hemnet.se/salda/lagenhet-2rum-vastra-hamnen-malmo-kommun-knopgrand-4-1079843930965281210,55-56m²,bostadsratt,2026-05-13T23:23:38.044276
1174146428764957188,https://www.hemnet.se/salda/lagenhet-2rum-alunda-osthammars-kommun-albertinas-vag-49-1174146428764957188,55-56m²,bostadsratt,2026-05-13T23:23:38.044277
2559217531874039918,https://www.hemnet.se/salda/lagenhet-2rum-hogberget-centrum-ludvika-kommun-kopmansgatan-23-b-2559217531874039918,55-56m²,bostadsratt,2026-05-13T23:23:38.044279
7169550157710203362,"https://www.hemnet.se/salda/lagenhet-3rum-globen-johanneshov-stockholms-kommun-bildhuggarvagen-21,-2tr-7169550157710203362",55-56m²,bostadsratt,2026-05-13T23:23:38.044280
4796624735153325249,"https://www.hemnet.se/salda/lagenhet-2,5rum-hasthagen-malmo-kommun-carl-herslowsgatan-9-4796624735153325249",55-56m²,bostadsratt,2026-05-13T23:23:38.044281
5946801614576849998,https://www.hemnet.se/salda/lagenhet-2rum-aspudden-ornsberg-stockholms-kommun-ivar-vidfamnes-gata-8-5946801614576849998,55-56m²,bostadsratt,2026-05-13T23:23:38.044283
6693582263328774448,https://www.hemnet.se/salda/lagenhet-2rum-barkarbystaden-jarfalla-kommun-viggengatan-14-6693582263328774448,55-56m²,bostadsratt,2026-05-13T23:23:38.044284
4187258122343802271,"https://www.hemnet.se/salda/lagenhet-2rum-sodermalm-stockholms-kommun-folkungagatan-69,-3tr-4187258122343802271",55-56m²,bostadsratt,2026-05-13T23:23:38.044286
3998651787885735503,https://www.hemnet.se/salda/lagenhet-2rum-kungsangen-jonkopings-kommun-kungsangstorget-1-3998651787885735503,55-56m²,bostadsratt,2026-05-13T23:23:38.044287
3026283274699129488,https://www.hemnet.se/salda/lagenhet-2rum-centralt-kristinehamns-kommun-vasterlanggatan-27-f-3026283274699129488,55-56m²,bostadsratt,2026-05-13T23:23:38.044288
3191280163133522045,https://www.hemnet.se/salda/lagenhet-2rum-centralt-svedala-kommun-organistgatan-5b-3191280163133522045,55-56m²,bostadsratt,2026-05-13T23:23:38.044290
1762905330872100523,https://www.hemnet.se/salda/lagenhet-2rum-hogsbo-goteborgs-kommun-distansgatan-23b-1762905330872100523,55-56m²,bostadsratt,2026-05-13T23:23:38.044291
717916893477724247,"https://www.hemnet.se/salda/lagenhet-2,5rum-liljeholmskajen-stockholms-kommun-sjoviksvagen-114,-van-3-717916893477724247",55-56m²,bostadsratt,2026-05-13T23:23:38.044292
5149363440570325383,https://www.hemnet.se/salda/lagenhet-2rum-hasselby-gard-stockholms-kommun-astrakangatan-87-5149363440570325383,55-56m²,bostadsratt,2026-05-13T23:23:38.044294
4715530637327154595,"https://www.hemnet.se/salda/lagenhet-2rum-bromma-abrahamsberg-stockholms-kommun-registervagen-34,-3tr,-4715530637327154595",55-56m²,bostadsratt,2026-05-13T23:23:38.044295
3569135554213156512,https://www.hemnet.se/salda/lagenhet-2rum-ostanas-kopings-kommun-hagavagen-8-a-3569135554213156512,55-56m²,bostadsratt,2026-05-13T23:23:38.044297
8025333330380910879,https://www.hemnet.se/salda/lagenhet-2rum-skondal-skondals-centrum-stockholms-kommun-kubbegatan-16-8025333330380910879,55-56m²,bostadsratt,2026-05-13T23:23:38.044298
6999408116609248722,https://www.hemnet.se/salda/lagenhet-2rum-vagnharad-trosa-kommun-vasbyvagen-14c-6999408116609248722,55-56m²,bostadsratt,2026-05-13T23:23:38.044299
6492849194426573004,https://www.hemnet.se/salda/lagenhet-2rum-lango-karlskrona-kommun-arkitektgatan-2b-6492849194426573004,55-56m²,bostadsratt,2026-05-13T23:23:38.044301
4575828043087380723,https://www.hemnet.se/salda/lagenhet-2rum-johanneberg-goteborgs-kommun-fridkullagatan-17a-4575828043087380723,55-56m²,bostadsratt,2026-05-13T23:23:38.044302
1926092668003451000,"https://www.hemnet.se/salda/lagenhet-2rum-flemingsberg-huddinge-kommun-smabrukets-backe-10,-5-tr-1926092668003451000",55-56m²,bostadsratt,2026-05-13T23:23:38.044303
8374438621813736168,https://www.hemnet.se/salda/lagenhet-2rum-ostra-torn-lunds-kommun-fagottgranden-17a-8374438621813736168,55-56m²,bostadsratt,2026-05-13T23:23:38.044304
6320984217059551434,https://www.hemnet.se/salda/lagenhet-2rum-centralt-norr-gavle-kommun-byggmastargatan-6b-6320984217059551434,55-56m²,bostadsratt,2026-05-13T23:23:38.044306
5644529009135287457,https://www.hemnet.se/salda/lagenhet-2rum-rosendal-uppsala-kommun-lydia-wahlstroms-gata-22-5644529009135287457,55-56m²,bostadsratt,2026-05-13T23:23:38.044307
7624222901622940177,https://www.hemnet.se/salda/lagenhet-2rum-rosendal-uppsala-kommun-torgny-segerstedts-alle-94-7624222901622940177,55-56m²,bostadsratt,2026-05-13T23:23:38.044308
6187059232611410218,https://www.hemnet.se/salda/lagenhet-2rum-centralt-nynashamns-kommun-hamngatan-19a-6187059232611410218,55-56m²,bostadsratt,2026-05-13T23:23:38.044310
1509237491898912195,https://www.hemnet.se/salda/lagenhet-2rum-lyckhem-vanersborgs-kommun-bangatan-22-1509237491898912195,55-56m²,bostadsratt,2026-05-13T23:23:38.044311
931001729440325860,"https://www.hemnet.se/salda/lagenhet-2rum-bagarmossen-stockholms-kommun-stangavagen-16,-3tr-931001729440325860",55-56m²,bostadsratt,2026-05-13T23:23:38.044313
2122443353011720502,"https://www.hemnet.se/salda/lagenhet-3rum-telefonplan-stockholms-kommun-pingstvagen-62,-van-2-2122443353011720502",55-56m²,bostadsratt,2026-05-13T23:23:38.044314
5123498174004925532,https://www.hemnet.se/salda/lagenhet-2rum-erikslust-malmo-kommun-kopenhamnsvagen-42c-5123498174004925532,55-56m²,bostadsratt,2026-05-13T23:23:38.044315
6879047201768771465,https://www.hemnet.se/salda/lagenhet-2rum-svalov-svalovs-kommun-herrevadsgatan-30-6879047201768771465,55-56m²,bostadsratt,2026-05-13T23:23:38.044317
789934817661616499,https://www.hemnet.se/salda/lagenhet-2rum-ruddalen-goteborgs-kommun-basungatan-25-789934817661616499,55-56m²,bostadsratt,2026-05-13T23:23:38.044318
4042983802400678827,https://www.hemnet.se/salda/lagenhet-2rum-centrum-uppsala-uppsala-kommun-s-t-olofsgatan-28a-4042983802400678827,55-56m²,bostadsratt,2026-05-13T23:23:38.044320
4538105165888027618,https://www.hemnet.se/salda/lagenhet-2rum-jakobsberg-jarfalla-kommun-frihetsvagen-9-4538105165888027618,55-56m²,bostadsratt,2026-05-13T23:23:38.044321
5261016276252259160,https://www.hemnet.se/salda/lagenhet-2rum-errarps-angar-angelholms-kommun-harnosandsgatan-21c-5261016276252259160,55-56m²,bostadsratt,2026-05-13T23:23:38.044323
9006502049323440301,https://www.hemnet.se/salda/lagenhet-2rum-stenungsund-tatort-stenungsunds-kommun-sodra-angen-1d-9006502049323440301,55-56m²,bostadsratt,2026-05-13T23:23:38.044324
6299631350127152960,https://www.hemnet.se/salda/lagenhet-2rum-dalaberg-uddevalla-kommun-carl-rosens-grand-15-6299631350127152960,55-56m²,bostadsratt,2026-05-13T23:23:38.044326
3778157143825378734,https://www.hemnet.se/salda/lagenhet-2rum-haga-vasteras-kommun-malmabergsgatan-79f-3778157143825378734,55-56m²,bostadsratt,2026-05-13T23:23:38.044327
8773079770060662226,https://www.hemnet.se/salda/lagenhet-2rum-sundsvall-centralt-sundsvalls-kommun-vastra-langgatan-49-8773079770060662226,55-56m²,bostadsratt,2026-05-13T23:23:38.044328
4855130906830098381,https://www.hemnet.se/salda/lagenhet-2rum-centralt-motala-kommun-norrangsgatan-4a-4855130906830098381,55-56m²,bostadsratt,2026-05-13T23:23:38.044330
8210491405911888452,https://www.hemnet.se/salda/lagenhet-2rum-kista-stockholms-kommun-borgarfjordsgatan-5-8210491405911888452,55-56m²,bostadsratt,2026-05-13T23:23:38.044331
697159763373646223,"https://www.hemnet.se/salda/lagenhet-2rum-svedmyra-enskede-stockholms-kommun-jonakersvagen-17,-van-2-697159763373646223",55-56m²,bostadsratt,2026-05-13T23:23:38.044332
8420690778942257385,https://www.hemnet.se/salda/lagenhet-2rum-slussen-malmo-kommun-slussplan-3b-8420690778942257385,55-56m²,bostadsratt,2026-05-13T23:23:38.044334
2334029628030861056,https://www.hemnet.se/salda/lagenhet-2rum-yttre-hamn-kanikenasholmen-karlstads-kommun-kanikenasbanken-23-a-2334029628030861056,55-56m²,bostadsratt,2026-05-13T23:23:38.044335
3691520141803768873,https://www.hemnet.se/salda/lagenhet-2rum-gardet-stockholms-kommun-blanchegatan-4-3691520141803768873,55-56m²,bostadsratt,2026-05-13T23:23:38.044336
1692538089337744612,https://www.hemnet.se/salda/lagenhet-2rum-midsommarkransen-stockholms-kommun-vattenledningsvagen-53-1692538089337744612,55-56m²,bostadsratt,2026-05-13T23:23:38.044338
1774248283616086307,https://www.hemnet.se/salda/lagenhet-2rum-centralt-trollhattans-kommun-riddaregatan-7b-1774248283616086307,55-56m²,bostadsratt,2026-05-13T23:23:38.044339
5672568410624312874,https://www.hemnet.se/salda/lagenhet-2rum-huskvarna-jonkopings-kommun-gillesgatan-3a-5672568410624312874,55-56m²,bostadsratt,2026-05-13T23:23:38.044340
8432946609430069191,https://www.hemnet.se/salda/lagenhet-3rum-hagerstensasen-stockholms-kommun-inteckningsvagen-66-8432946609430069191,55-56m²,bostadsratt,2026-05-13T23:23:38.044342
6746999868382970675,https://www.hemnet.se/salda/lagenhet-2rum-anggarden-goteborgs-kommun-carl-skottsbergs-gata-136b-6746999868382970675,55-56m²,bostadsratt,2026-05-13T23:23:38.044343
7725570802543186745,https://www.hemnet.se/salda/lagenhet-2rum-vastertorp-stockholms-kommun-isjaktsgrand-35-7725570802543186745,55-56m²,bostadsratt,2026-05-13T23:23:38.044345
4686460254185980055,https://www.hemnet.se/salda/lagenhet-2rum-heden-gallivare-kommun-vinbarsvagen-12-4686460254185980055,55-56m²,bostadsratt,2026-05-13T23:23:38.044346
5485115364605129941,https://www.hemnet.se/salda/lagenhet-2rum-salabacke-uppsala-kommun-apelgatan-5a-5485115364605129941,55-56m²,bostadsratt,2026-05-13T23:23:38.044347
3326348708598187076,https://www.hemnet.se/salda/lagenhet-2rum-centrala-nynashamn-nynashamns-kommun-manbergsvagen-4-3326348708598187076,55-56m²,bostadsratt,2026-05-13T23:23:38.044348
1752603997394194319,https://www.hemnet.se/salda/lagenhet-2rum-gamla-stan-stockholms-kommun-skottgrand-7-1752603997394194319,55-56m²,bostadsratt,2026-05-13T23:23:38.044350
5927829272486766745,https://www.hemnet.se/salda/lagenhet-2rum-centrala-sundbyberg-sundbybergs-kommun-vattugatan-12-5927829272486766745,55-56m²,bostadsratt,2026-05-13T23:23:38.044351
1371150459684276616,https://www.hemnet.se/salda/lagenhet-2rum-soder-gavle-kommun-sodra-stapeltorgsgatan-11a-1371150459684276616,55-56m²,bostadsratt,2026-05-13T23:23:38.044353
5707151053432502573,https://www.hemnet.se/salda/lagenhet-3rum-huskvarna-centrum-jonkopings-kommun-drottninggatan-22a-5707151053432502573,55-56m²,bostadsratt,2026-05-13T23:23:38.044354
4277892674114627968,"https://www.hemnet.se/salda/lagenhet-2rum-arsta-stockholms-kommun-jarnlundsvagen-14,-3tr-4277892674114627968",55-56m²,bostadsratt,2026-05-13T23:23:38.044355
4646274528019378169,"https://www.hemnet.se/salda/lagenhet-2rum-sodermalm-stockholms-kommun-bjurholmsgatan-10,-4tr,-4646274528019378169",55-56m²,bostadsratt,2026-05-13T23:23:38.044357
3487440899801840906,https://www.hemnet.se/salda/lagenhet-2rum-klagshamn-malmo-kommun-folketshusvagen-13-3487440899801840906,55-56m²,bostadsratt,2026-05-13T23:23:38.044358
8571831628155268542,https://www.hemnet.se/salda/lagenhet-2rum-marielund-ostersunds-kommun-krondikesvagen-96b-8571831628155268542,55-56m²,bostadsratt,2026-05-13T23:23:38.044359
3680833495026546725,https://www.hemnet.se/salda/lagenhet-2rum-holmsund-umea-kommun-parkvagen-38-3680833495026546725,55-56m²,bostadsratt,2026-05-13T23:23:38.044361
1712787411385453495,"https://www.hemnet.se/salda/lagenhet-2rum-ostermalm-stockholms-kommun-brahegatan-12,-3-tr-1712787411385453495",55-56m²,bostadsratt,2026-05-13T23:23:38.044362
2449296031786891440,https://www.hemnet.se/salda/lagenhet-2rum-kalgarden-jonkopings-kommun-odengatan-26-2449296031786891440,55-56m²,bostadsratt,2026-05-13T23:23:38.044363
7843353495890491243,https://www.hemnet.se/salda/lagenhet-2rum-norrgard-kalmar-kommun-norrgardsgatan-1b-7843353495890491243,55-56m²,bostadsratt,2026-05-13T23:23:38.044365
1766394437685154177,"https://www.hemnet.se/salda/lagenhet-2,5rum-bromma-mariehall-stockholms-kommun-klintbacken-66a-1766394437685154177",55-56m²,bostadsratt,2026-05-13T23:23:38.044366
1155124446202177171,https://www.hemnet.se/salda/lagenhet-2rum-slottsstaden-erikslust-malmo-kommun-bellevuevagen-4c-1155124446202177171,55-56m²,bostadsratt,2026-05-13T23:23:38.044367
711135149741750519,https://www.hemnet.se/salda/lagenhet-2rum-midhem-malmo-kommun-saarisvagen-2b-711135149741750519,55-56m²,bostadsratt,2026-05-13T23:23:38.044369
5094895373200784667,https://www.hemnet.se/salda/lagenhet-2rum-hjorthagen-stockholms-kommun-storangsgatan-5-5094895373200784667,55-56m²,bostadsratt,2026-05-13T23:23:38.044370
3388881327507114914,https://www.hemnet.se/salda/lagenhet-2rum-vasastan-stockholms-kommun-roslagsgatan-11-3388881327507114914,55-56m²,bostadsratt,2026-05-13T23:23:38.044371
8963824789304330529,https://www.hemnet.se/salda/lagenhet-2rum-st-ilian-enkopings-kommun-langgatan-10-b-8963824789304330529,55-56m²,bostadsratt,2026-05-13T23:23:38.044373
4114846833687491588,https://www.hemnet.se/salda/lagenhet-2rum-taby-park-taby-kommun-sadelgatan-9-4114846833687491588,55-56m²,bostadsratt,2026-05-13T23:23:38.044375
7985249329586655222,https://www.hemnet.se/salda/lagenhet-2rum-eriksberg-uppsala-kommun-gnejsvagen-12-a-7985249329586655222,55-56m²,bostadsratt,2026-05-13T23:23:38.044376
3638598099348991492,https://www.hemnet.se/salda/lagenhet-2rum-rotsunda-sollentuna-kommun-bergkallavagen-62-3638598099348991492,55-56m²,bostadsratt,2026-05-13T23:23:38.044378
7506909506701977610,https://www.hemnet.se/salda/lagenhet-2rum-baggeby-lidingo-kommun-kostervagen-24-7506909506701977610,55-56m²,bostadsratt,2026-05-13T23:23:38.044379
8367800757844713739,https://www.hemnet.se/salda/lagenhet-2rum-handen-haninge-kommun-vega-alle-132-8367800757844713739,55-56m²,bostadsratt,2026-05-13T23:23:38.044380
7982630798401667591,"https://www.hemnet.se/salda/lagenhet-2rum-stockholm-stockholms-kommun-grev-turegatan-78,-1-tr-og-7982630798401667591",55-56m²,bostadsratt,2026-05-13T23:23:38.044382
1649664971737949805,https://www.hemnet.se/salda/lagenhet-2rum-malmo-malmo-kommun-bellevuevagen-6b-1649664971737949805,55-56m²,bostadsratt,2026-05-13T23:23:38.044383
6710108605731252231,https://www.hemnet.se/salda/lagenhet-2rum-visby-gotlands-kommun-greta-arwidssons-gata-42a-6710108605731252231,55-56m²,bostadsratt,2026-05-13T23:23:38.044385
6962148519349533499,"https://www.hemnet.se/salda/lagenhet-2rum-skondal-stockholms-kommun-skondalsvagen-90,-6tr,-6962148519349533499",55-56m²,bostadsratt,2026-05-13T23:23:38.044386
3570675706846440242,"https://www.hemnet.se/salda/lagenhet-2,5rum-kungsbacka-kungsbacka-kommun-vallgatan-12-3570675706846440242",55-56m²,bostadsratt,2026-05-13T23:23:38.044387
5359970366322861205,https://www.hemnet.se/salda/lagenhet-2rum-skonsmon-sundsvalls-kommun-vapelvagen-15-c-5359970366322861205,55-56m²,bostadsratt,2026-05-13T23:23:38.044389
6260571194201407273,https://www.hemnet.se/salda/lagenhet-2rum-lovskatan-lulea-kommun-odengatan-2-6260571194201407273,55-56m²,bostadsratt,2026-05-13T23:23:38.044390
4173249349946113400,https://www.hemnet.se/salda/lagenhet-2rum-goteborg-goteborgs-kommun-anasvagen-8a-4173249349946113400,55-56m²,bostadsratt,2026-05-13T23:23:38.044392
6023101975118795972,https://www.hemnet.se/salda/lagenhet-2rum-centrum-lunds-kommun-revingegatan-2a-6023101975118795972,55-56m²,bostadsratt,2026-05-13T23:23:38.044393
6217241134312730021,https://www.hemnet.se/salda/lagenhet-2rum-mikael-orebro-kommun-hertig-karls-alle-75d-6217241134312730021,55-56m²,bostadsratt,2026-05-13T23:23:38.044395
5330339001827658254,"https://www.hemnet.se/salda/lagenhet-2rum-sodermalm-stockholms-kommun-bjurholmsgatan-16,-8-tr-5330339001827658254",55-56m²,bostadsratt,2026-05-13T23:23:38.044396
6007916038373503149,https://www.hemnet.se/salda/lagenhet-2rum-hagalund-borlange-kommun-engelbrektsgatan-23b-6007916038373503149,55-56m²,bostadsratt,2026-05-13T23:23:38.044398
5857225138777241387,https://www.hemnet.se/salda/lagenhet-2rum-soder-gavle-kommun-brunnsgatan-51c-5857225138777241387,55-56m²,bostadsratt,2026-05-13T23:23:38.044399
5865453735756295265,https://www.hemnet.se/salda/lagenhet-2rum-soder-uddevalla-kommun-parkgatan-10a-5865453735756295265,55-56m²,bostadsratt,2026-05-13T23:23:38.044400
6550416337164837532,"https://www.hemnet.se/salda/lagenhet-2rum-finntorp-nacka-kommun-finntorpsvagen-12,-5tr-6550416337164837532",55-56m²,bostadsratt,2026-05-13T23:23:38.044402
8175708656795884868,https://www.hemnet.se/salda/lagenhet-2rum-jarvastaden-solna-kommun-dammtorps-alle-19-8175708656795884868,55-56m²,bostadsratt,2026-05-13T23:23:38.044403
4334074952775150105,https://www.hemnet.se/salda/lagenhet-2rum-ostra-hudiksvall-hudiksvalls-kommun-kolonivagen-11c-4334074952775150105,55-56m²,bostadsratt,2026-05-13T23:23:38.044405
2591108835314081019,"https://www.hemnet.se/salda/lagenhet-2rum-kista-stockholms-kommun-kopenhamnsgatan-16,-1-tr-2591108835314081019",55-56m²,bostadsratt,2026-05-13T23:23:38.044406
7995412532424508790,https://www.hemnet.se/salda/lagenhet-2rum-ultuna-uppsala-kommun-backlosavagen-1b-7995412532424508790,55-56m²,bostadsratt,2026-05-13T23:23:38.044408
1471879753892686038,https://www.hemnet.se/salda/lagenhet-2rum-bromma-mariehall-stockholms-kommun-mariehallsvagen-30d-1471879753892686038,55-56m²,bostadsratt,2026-05-13T23:23:38.044409
1076950844499833404,https://www.hemnet.se/salda/lagenhet-2rum-ostervala-heby-kommun-kyrkvagen-5-1076950844499833404,55-56m²,bostadsratt,2026-05-13T23:23:38.044410
2714866303617913939,https://www.hemnet.se/salda/lagenhet-2rum-rasunda-solna-kommun-gransgatan-28-2714866303617913939,55-56m²,bostadsratt,2026-05-13T23:23:38.044412
1488681327819598914,https://www.hemnet.se/salda/lagenhet-2rum-gustavsberg-varmdo-kommun-josef-ekbergs-grand-2-1488681327819598914,55-56m²,bostadsratt,2026-05-13T23:23:38.044413
2908846193444593340,https://www.hemnet.se/salda/lagenhet-2rum-pildammarna-malmo-kommun-roskildevagen-27b-2908846193444593340,55-56m²,bostadsratt,2026-05-13T23:23:38.044414
1246144568279785067,https://www.hemnet.se/salda/lagenhet-2rum-enogla-enkopings-kommun-bergsgatan-88-1246144568279785067,55-56m²,bostadsratt,2026-05-13T23:23:38.044416
6065154560133957574,https://www.hemnet.se/salda/lagenhet-2rum-visby-lanna-gotlands-kommun-humlegardsvagen-31-6065154560133957574,55-56m²,bostadsratt,2026-05-13T23:23:38.044417
2097658898417152783,https://www.hemnet.se/salda/lagenhet-2rum-visby-gotlands-kommun-humlegardsvagen-31-2097658898417152783,55-56m²,bostadsratt,2026-05-13T23:23:38.044418
4120748928681604328,https://www.hemnet.se/salda/lagenhet-2rum-kungsangen-sala-kommun-ringgatan-38-b-4120748928681604328,55-56m²,bostadsratt,2026-05-13T23:23:38.044420
2711109366246100750,https://www.hemnet.se/salda/lagenhet-2rum-sorgenfri-malmo-kommun-bodekullsgatan-50a-2711109366246100750,55-56m²,bostadsratt,2026-05-13T23:23:38.044421
7588639346856812092,https://www.hemnet.se/salda/lagenhet-2rum-dockan-malmo-kommun-dockplatsen-5-7588639346856812092,55-56m²,bostadsratt,2026-05-13T23:23:38.044422
5918094944854649022,https://www.hemnet.se/salda/lagenhet-2rum-centralt-knivsta-kommun-sarstavagen-3b-5918094944854649022,55-56m²,bostadsratt,2026-05-13T23:23:38.044424
2963465588734145095,https://www.hemnet.se/salda/lagenhet-2rum-bromma-blackeberg-stockholms-kommun-sigrid-undsets-gata-8-2963465588734145095,55-56m²,bostadsratt,2026-05-13T23:23:38.044425
5825049578041877461,https://www.hemnet.se/salda/lagenhet-2rum-seestaden-sandvikens-kommun-vikingavagen-21a-5825049578041877461,55-56m²,bostadsratt,2026-05-13T23:23:38.044426
4791142625702588778,https://www.hemnet.se/salda/lagenhet-2rum-centrum-gavle-kommun-sockerbruksgatan-61-4791142625702588778,55-56m²,bostadsratt,2026-05-13T23:23:38.044428
4271104569706054691,"https://www.hemnet.se/salda/lagenhet-2rum-lindesberg-lindesbergs-kommun-alkilsbacken-2,-lgh-1203-4271104569706054691",55-56m²,bostadsratt,2026-05-13T23:23:38.044429
4335393821622238378,https://www.hemnet.se/salda/lagenhet-2rum-sodermalm-hogalid-stockholms-kommun-hogalidsgatan-50a-4335393821622238378,55-56m²,bostadsratt,2026-05-13T23:23:38.044430
3629987095039199397,https://www.hemnet.se/salda/lagenhet-2rum-dockan-malmo-kommun-dockgatan-49a-3629987095039199397,55-56m²,bostadsratt,2026-05-13T23:23:38.044432
4391298337672434592,https://www.hemnet.se/salda/lagenhet-2rum-storgardet-tallasen-tostero-strangnas-kommun-tingstugatan-32b-4391298337672434592,55-56m²,bostadsratt,2026-05-13T23:23:38.044433
104730337432247741,https://www.hemnet.se/salda/lagenhet-2rum-linne-goteborgs-kommun-linnegatan-76-104730337432247741,55-56m²,bostadsratt,2026-05-13T23:23:38.044435
6730398581183378947,https://www.hemnet.se/salda/lagenhet-2rum-farjestaden-morbylanga-kommun-salamandergatan-17g-6730398581183378947,55-56m²,bostadsratt,2026-05-13T23:23:38.044436
2776527574701577651,https://www.hemnet.se/salda/lagenhet-2rum-lunden-skovde-kommun-lundenvagen-13a-2776527574701577651,55-56m²,bostadsratt,2026-05-13T23:23:38.044437
263420268279577719,https://www.hemnet.se/salda/lagenhet-2rum-kvarnholmen-nacka-kommun-tre-kronors-vag-13-263420268279577719,55-56m²,bostadsratt,2026-05-13T23:23:38.044439
5990117743758547383,https://www.hemnet.se/salda/lagenhet-2rum-vastertorp-stockholms-kommun-telemarksgrand-3-5990117743758547383,55-56m²,bostadsratt,2026-05-13T23:23:38.044440
8529732874886347055,https://www.hemnet.se/salda/lagenhet-2rum-svedmyra-stockholms-kommun-postiljonsvagen-16-8529732874886347055,55-56m²,bostadsratt,2026-05-13T23:23:38.044441
1208184142271190103,https://www.hemnet.se/salda/lagenhet-2rum-hassleholm-vaster-hassleholms-kommun-tranggatan-10b-1208184142271190103,55-56m²,bostadsratt,2026-05-13T23:23:38.044443
8626949020828705433,https://www.hemnet.se/salda/lagenhet-2rum-vastra-hamnen-malmo-kommun-dockgatan-43-8626949020828705433,55-56m²,bostadsratt,2026-05-13T23:23:38.044444
250342471651365884,https://www.hemnet.se/salda/lagenhet-2rum-miatorp-helsingborgs-kommun-planteringsvagen-104a-250342471651365884,55-56m²,bostadsratt,2026-05-13T23:23:38.044445
3704713878777776804,https://www.hemnet.se/salda/lagenhet-2rum-soder-kristianstads-kommun-widellsgatan-2b-3704713878777776804,55-56m²,bostadsratt,2026-05-13T23:23:38.044447
3939204154330393138,https://www.hemnet.se/salda/lagenhet-2rum-hjarup-staffanstorps-kommun-parkallen-28-3939204154330393138,55-56m²,bostadsratt,2026-05-13T23:23:38.044448
964442046248942796,https://www.hemnet.se/salda/lagenhet-2rum-luthagen-uppsala-kommun-borjegatan-55-964442046248942796,55-56m²,bostadsratt,2026-05-13T23:23:38.044450
6608258346248831418,https://www.hemnet.se/salda/lagenhet-2rum-balsta-gamla-balsta-habo-kommun-bjorkvallen-17-6608258346248831418,55-56m²,bostadsratt,2026-05-13T23:23:38.044451
8208240215034849414,https://www.hemnet.se/salda/lagenhet-2rum-slussen-orebro-kommun-sodra-grev-rosengatan-60b-8208240215034849414,55-56m²,bostadsratt,2026-05-13T23:23:38.044452
5739289053744427698,https://www.hemnet.se/salda/lagenhet-2rum-jakobsberg-jarfalla-kommun-nibblevagen-8c-5739289053744427698,55-56m²,bostadsratt,2026-05-13T23:23:38.044454
4629302999831791693,https://www.hemnet.se/salda/lagenhet-1rum-centrum-borlange-kommun-wallingatan-13-4629302999831791693,55-56m²,bostadsratt,2026-05-13T23:23:38.044455
3750867372934212712,https://www.hemnet.se/salda/lagenhet-2rum-bergshamra-solna-kommun-lostigen-20-3750867372934212712,55-56m²,bostadsratt,2026-05-13T23:23:38.044456
2466777247670141986,https://www.hemnet.se/salda/lagenhet-2rum-marnas-ludvika-kommun-gamla-bangatan-43a-2466777247670141986,55-56m²,bostadsratt,2026-05-13T23:23:38.044458
7973117712290759199,"https://www.hemnet.se/salda/lagenhet-2rum-midsommarkransen-stockholms-kommun-midsommargrand-2,-3tr-7973117712290759199",55-56m²,bostadsratt,2026-05-13T23:23:38.044459
7342454675154834020,https://www.hemnet.se/salda/lagenhet-2rum-centrala-hisingen-goteborgs-kommun-gamla-tuvevagen-8-7342454675154834020,55-56m²,bostadsratt,2026-05-13T23:23:38.044460
504132220431233332,https://www.hemnet.se/salda/lagenhet-2rum-centrum-kalix-kommun-nygatan-3-504132220431233332,55-56m²,bostadsratt,2026-05-13T23:23:38.044461
4627531534055584282,https://www.hemnet.se/salda/lagenhet-2rum-centrum-rattviks-kommun-hsb-gatan-3c-4627531534055584282,55-56m²,bostadsratt,2026-05-13T23:23:38.044463
5661725229552949867,https://www.hemnet.se/salda/lagenhet-2rum-helsingborg-helsingborgs-kommun-smugglargrand-1-5661725229552949867,55-56m²,bostadsratt,2026-05-13T23:23:38.044464
6961463783811867737,https://www.hemnet.se/salda/lagenhet-2rum-fagelbacken-malmo-kommun-krutmeijersgatan-12b-6961463783811867737,55-56m²,bostadsratt,2026-05-13T23:23:38.044465
2988216493348499315,https://www.hemnet.se/salda/lagenhet-2rum-rasunda-solna-kommun-gransgatan-26-2988216493348499315,55-56m²,bostadsratt,2026-05-13T23:23:38.044467
6605951994651685287,https://www.hemnet.se/salda/lagenhet-2rum-skarpnack-stockholms-kommun-pilvingegatan-38-6605951994651685287,55-56m²,bostadsratt,2026-05-13T23:23:38.044468
140586155412091648,https://www.hemnet.se/salda/lagenhet-2rum-vallastaden-linkopings-kommun-kunskapslanken-72-140586155412091648,55-56m²,bostadsratt,2026-05-13T23:23:38.044469
1162160927760846168,https://www.hemnet.se/salda/lagenhet-2rum-nybro-falu-kommun-sturegatan-92a-1162160927760846168,55-56m²,bostadsratt,2026-05-13T23:23:38.044471
2565136084279160703,"https://www.hemnet.se/salda/lagenhet-2rum-solberga-stockholms-kommun-alvsjo-stationsgata-2a,-6-6-tr-2565136084279160703",55-56m²,bostadsratt,2026-05-13T23:23:38.044472
576836189717127760,https://www.hemnet.se/salda/lagenhet-2rum-vasterhaninge-haninge-kommun-ringvagen-118-576836189717127760,55-56m²,bostadsratt,2026-05-13T23:23:38.044473
7149479015056798422,https://www.hemnet.se/salda/lagenhet-2rum-jonkoping-vaster-jonkopings-kommun-lasarettsgatan-9-7149479015056798422,55-56m²,bostadsratt,2026-05-13T23:23:38.044475
1828414612367875465,https://www.hemnet.se/salda/lagenhet-2rum-hallerna-stenungsunds-kommun-sodra-angen-6g-1828414612367875465,55-56m²,bostadsratt,2026-05-13T23:23:38.044476
2786463975285276334,https://www.hemnet.se/salda/lagenhet-2rum-fresta-upplands-vasby-kommun-skvaltagatan-5a-2786463975285276334,55-56m²,bostadsratt,2026-05-13T23:23:38.044478
7298729135639808134,https://www.hemnet.se/salda/lagenhet-2rum-vallingby-centrum-stockholms-kommun-kirunagatan-32-7298729135639808134,55-56m²,bostadsratt,2026-05-13T23:23:38.044479
4013871131690324650,https://www.hemnet.se/salda/lagenhet-2rum-johannelund-linkopings-kommun-johannelundsvagen-27-4013871131690324650,55-56m²,bostadsratt,2026-05-13T23:23:38.044480
8496811507419558552,"https://www.hemnet.se/salda/lagenhet-2rum-smedby-upplands-vasby-kommun-stallgatan-1b,-7-tr-8496811507419558552",55-56m²,bostadsratt,2026-05-13T23:23:38.044482
1202749963805141307,https://www.hemnet.se/salda/lagenhet-2rum-gottfridsberg-linkopings-kommun-norrsvangen-1a-1202749963805141307,55-56m²,bostadsratt,2026-05-13T23:23:38.044483
8278658854960622416,https://www.hemnet.se/salda/lagenhet-2rum-kvillebacken-goteborgs-kommun-solventilsgatan-18-8278658854960622416,55-56m²,bostadsratt,2026-05-13T23:23:38.044485
1625388206175513931,https://www.hemnet.se/salda/lagenhet-2rum-sodra-guldheden-goteborgs-kommun-doktor-bex-gata-9-c-1625388206175513931,55-56m²,bostadsratt,2026-05-13T23:23:38.044486
8574401172605575083,https://www.hemnet.se/salda/lagenhet-3rum-arsta-stockholms-kommun-siljansvagen-16-8574401172605575083,55-56m²,bostadsratt,2026-05-13T23:23:38.044488
6125272199738423161,https://www.hemnet.se/salda/lagenhet-2rum-vaster-orebro-kommun-ullavigatan-31d-6125272199738423161,55-56m²,bostadsratt,2026-05-13T23:23:38.044489
176599804524384240,https://www.hemnet.se/salda/lagenhet-2rum-limhamns-sjostad-malmo-kommun-rosengrens-gata-7b-176599804524384240,55-56m²,bostadsratt,2026-05-13T23:23:38.044490
3349195191576761019,https://www.hemnet.se/salda/lagenhet-2rum-kirseberg-malmo-kommun-norra-bulltoftavagen-69-a-3349195191576761019,55-56m²,bostadsratt,2026-05-13T23:23:38.044492
1827470385284644557,https://www.hemnet.se/salda/lagenhet-2rum-hoganas-hoganas-kommun-midgardsgatan-3b-1827470385284644557,55-56m²,bostadsratt,2026-05-13T23:23:38.044493
1694389544455556825,https://www.hemnet.se/salda/lagenhet-2rum-rasunda-solna-kommun-plogvagen-7-1694389544455556825,55-56m²,bostadsratt,2026-05-13T23:23:38.044494
5833348112466443118,https://www.hemnet.se/salda/lagenhet-2rum-kungsholmen-stockholms-kommun-hornsbergs-strand-27a-5833348112466443118,55-56m²,bostadsratt,2026-05-13T23:23:38.044496
7373872818640827033,https://www.hemnet.se/salda/lagenhet-2rum-centrum-stenstaden-sundsvalls-kommun-kopmangatan-23b-7373872818640827033,55-56m²,bostadsratt,2026-05-13T23:23:38.044497
377153997499603852,https://www.hemnet.se/salda/lagenhet-2rum-johannesfred-stockholms-kommun-tackjarnsvagen-12-377153997499603852,55-56m²,bostadsratt,2026-05-13T23:23:38.044499
7804036819016970237,"https://www.hemnet.se/salda/lagenhet-2,5rum-hersby-lidingo-kommun-karlavagen-29a-7804036819016970237",55-56m²,bostadsratt,2026-05-13T23:23:38.044500
6828079608625845045,https://www.hemnet.se/salda/lagenhet-2rum-berghamra-vasteras-kommun-vinggatan-3d-6828079608625845045,55-56m²,bostadsratt,2026-05-13T23:23:38.044502
8840881331740435014,https://www.hemnet.se/salda/lagenhet-2rum-granloholm-sundsvalls-kommun-nynashamnsvagen-2-8840881331740435014,55-56m²,bostadsratt,2026-05-13T23:23:38.044503
2713395428507542780,https://www.hemnet.se/salda/lagenhet-2rum-norrmalm-vasastan-stockholms-kommun-hollandargatan-21a-2713395428507542780,55-56m²,bostadsratt,2026-05-13T23:23:38.044505
3115293028739532878,https://www.hemnet.se/salda/lagenhet-2rum-frosang-oxelosunds-kommun-hagvagen-21-3115293028739532878,55-56m²,bostadsratt,2026-05-13T23:23:38.044506
1553553506088132800,https://www.hemnet.se/salda/lagenhet-2rum-centrum-lulea-kommun-tullgatan-10-1553553506088132800,55-56m²,bostadsratt,2026-05-13T23:23:38.044507
7497935484080919018,https://www.hemnet.se/salda/lagenhet-2rum-vallentuna-vallentuna-kommun-centralvagen-2-7497935484080919018,55-56m²,bostadsratt,2026-05-13T23:23:38.044508
304826949417941469,https://www.hemnet.se/salda/lagenhet-2rum-djurgarden-eskilstuna-kommun-carlavagen-33b-304826949417941469,55-56m²,bostadsratt,2026-05-13T23:23:38.044510
7690995703376921804,https://www.hemnet.se/salda/lagenhet-2rum-kungsholmen-norr-malarstrand-stockholms-kommun-sankt-eriksgatan-5-7690995703376921804,55-56m²,bostadsratt,2026-05-13T23:23:38.044511
5580486491584899884,https://www.hemnet.se/salda/lagenhet-2rum-vasastan-hagastaden-stockholms-kommun-halsingegatan-51-5580486491584899884,55-56m²,bostadsratt,2026-05-13T23:23:38.044513
6059438941236098960,https://www.hemnet.se/salda/lagenhet-2rum-rasunda-solna-kommun-garvis-carlssons-gata-15-6059438941236098960,55-56m²,bostadsratt,2026-05-13T23:23:38.044515
369061959868134904,https://www.hemnet.se/salda/lagenhet-3rum-midsommarkransen-stockholms-kommun-backvagen-74-369061959868134904,55-56m²,bostadsratt,2026-05-13T23:23:38.044516
4520881508306891667,https://www.hemnet.se/salda/lagenhet-2rum-kviberg-goteborgs-kommun-rustmastaregatan-5-4520881508306891667,55-56m²,bostadsratt,2026-05-13T23:23:38.044517
8132335599602477616,https://www.hemnet.se/salda/lagenhet-2rum-haga-vasteras-kommun-skjutbanegatan-3d-8132335599602477616,55-56m²,bostadsratt,2026-05-13T23:23:38.044519
822633063684832184,"https://www.hemnet.se/salda/lagenhet-2rum-vasastan-birkastan-stockholms-kommun-sankt-eriksgatan-71b,-2-tr-822633063684832184",55-56m²,bostadsratt,2026-05-13T23:23:38.044520
8726342383930028051,https://www.hemnet.se/salda/lagenhet-2rum-sodra-eslov-eslovs-kommun-mullbarsgatan-1d-8726342383930028051,55-56m²,bostadsratt,2026-05-13T23:23:38.044522
7871369143445782543,https://www.hemnet.se/salda/lagenhet-2rum-johannesdal-vasterviks-kommun-lysingsvagen-5a-7871369143445782543,55-56m²,bostadsratt,2026-05-13T23:23:38.044523
7835068643700967150,https://www.hemnet.se/salda/lagenhet-2rum-ostra-vi-gotlands-kommun-kolgardsgatan-2-b-7835068643700967150,55-56m²,bostadsratt,2026-05-13T23:23:38.044524
7076973253674612663,https://www.hemnet.se/salda/lagenhet-2rum-kalltorp-goteborgs-kommun-havsornsgatan-6b-7076973253674612663,55-56m²,bostadsratt,2026-05-13T23:23:38.044526
4437645198871441313,https://www.hemnet.se/salda/lagenhet-2rum-anggarden-goteborgs-kommun-carl-skottsbergs-gata-94a-4437645198871441313,55-56m²,bostadsratt,2026-05-13T23:23:38.044527
493197846498964061,https://www.hemnet.se/salda/lagenhet-2rum-ruddalen-goteborgs-kommun-basungatan-25-493197846498964061,55-56m²,bostadsratt,2026-05-13T23:23:38.044528
402650200539103046,https://www.hemnet.se/salda/lagenhet-2rum-radmansvangen-malmo-kommun-radmansgatan-15a-402650200539103046,55-56m²,bostadsratt,2026-05-13T23:23:38.044530
1843869574399124875,https://www.hemnet.se/salda/lagenhet-2rum-vasastan-stockholms-kommun-rehnsgatan-1-1843869574399124875,55-56m²,bostadsratt,2026-05-13T23:23:38.044531
2701298263669919568,https://www.hemnet.se/salda/lagenhet-1rum-mollevangen-sofiaparken-lunds-kommun-mollevangsvagen-8b-2701298263669919568,55-56m²,bostadsratt,2026-05-13T23:23:38.044533
4343515491932501096,https://www.hemnet.se/salda/lagenhet-2rum-bergviken-lulea-kommun-kallgatan-3a-4343515491932501096,55-56m²,bostadsratt,2026-05-13T23:23:38.044534
7827835846641040302,"https://www.hemnet.se/salda/lagenhet-2rum-frosunda-solna-kommun-signe-tillischgatan-7,-3-tr-7827835846641040302",55-56m²,bostadsratt,2026-05-13T23:23:38.044536
7774235069360556559,https://www.hemnet.se/salda/lagenhet-2rum-herrestorp-vellinge-kommun-astrakangatan-62b-7774235069360556559,55-56m²,bostadsratt,2026-05-13T23:23:38.044537
5645606754165575753,https://www.hemnet.se/salda/lagenhet-2rum-mollevangen-malmo-kommun-simrishamnsgatan-7a-5645606754165575753,55-56m²,bostadsratt,2026-05-13T23:23:38.044538
7507230062376560702,https://www.hemnet.se/salda/lagenhet-2rum-kungsholmen-stockholms-kommun-karlsviksgatan-4-7507230062376560702,55-56m²,bostadsratt,2026-05-13T23:23:38.044539
8430513094736744339,https://www.hemnet.se/salda/lagenhet-3rum-dockan-malmo-kommun-ostra-varvsgatan-3bc-8430513094736744339,55-56m²,bostadsratt,2026-05-13T23:23:38.044541
619470487843212363,https://www.hemnet.se/salda/lagenhet-2rum-grycksbo-falu-kommun-bergsatravagen-3b-619470487843212363,55-56m²,bostadsratt,2026-05-13T23:23:38.044542
8122320249083530714,https://www.hemnet.se/salda/lagenhet-2rum-sodermalm-sofia-stockholms-kommun-hastholmsvagen-10-8122320249083530714,55-56m²,bostadsratt,2026-05-13T23:23:38.044543
8891971628621561198,https://www.hemnet.se/salda/lagenhet-2rum-hagerstensasen-stockholms-kommun-bokbindarvagen-55-8891971628621561198,55-56m²,bostadsratt,2026-05-13T23:23:38.044545
1707348602944951705,https://www.hemnet.se/salda/lagenhet-3rum-aspudden-stockholms-kommun-blommensbergsvagen-147-1707348602944951705,55-56m²,bostadsratt,2026-05-13T23:23:38.044546
6005355113657778262,https://www.hemnet.se/salda/lagenhet-2rum-staffanstorp-centrum-staffanstorps-kommun-kastanjevagen-17e-6005355113657778262,55-56m²,bostadsratt,2026-05-13T23:23:38.044548
1800813132664267436,https://www.hemnet.se/salda/lagenhet-2rum-valla-gottfridsberg-linkopings-kommun-hanekindsgatan-1-1800813132664267436,55-56m²,bostadsratt,2026-05-13T23:23:38.044549
8607598373833923776,https://www.hemnet.se/salda/lagenhet-2rum-norrgard-kalmar-kommun-norrgardsgatan-9c-8607598373833923776,55-56m²,bostadsratt,2026-05-13T23:23:38.044551
8840837906107863933,https://www.hemnet.se/salda/lagenhet-2rum-stureby-stockholms-kommun-gotaforsvagen-15-8840837906107863933,55-56m²,bostadsratt,2026-05-13T23:23:38.044552
2521771402559633446,https://www.hemnet.se/salda/lagenhet-2rum-odensala-ostersunds-kommun-lingonvagen-15e-2521771402559633446,55-56m²,bostadsratt,2026-05-13T23:23:38.044554
296665055096661355,https://www.hemnet.se/salda/lagenhet-2rum-skytteholm-solna-kommun-ankdammsgatan-28-296665055096661355,55-56m²,bostadsratt,2026-05-13T23:23:38.044555
19415160928172757,"https://www.hemnet.se/salda/lagenhet-3rum-arsta-stockholms-kommun-borensvagen-23,-3-tr-19415160928172757",55-56m²,bostadsratt,2026-05-13T23:23:38.044557
3945417286662622612,"https://www.hemnet.se/salda/lagenhet-2,5rum-kviberg-goteborgs-kommun-soldathemsgatan-20-3945417286662622612",55-56m²,bostadsratt,2026-05-13T23:23:38.044558
7839349788165785232,https://www.hemnet.se/salda/lagenhet-2rum-smogen-sotenas-kommun-klevenvagen-44d-7839349788165785232,55-56m²,bostadsratt,2026-05-13T23:23:38.044560
1466358502645008210,https://www.hemnet.se/salda/lagenhet-2rum-mollevangen-malmo-kommun-sodervarnsgatan-9a-1466358502645008210,55-56m²,bostadsratt,2026-05-13T23:23:38.044561
7473434721906444429,https://www.hemnet.se/salda/lagenhet-2rum-bergnaset-lulea-kommun-farjvagen-10b-7473434721906444429,55-56m²,bostadsratt,2026-05-13T23:23:38.044563
1212815171890081629,"https://www.hemnet.se/salda/lagenhet-3rum-are-by-are-kommun-stationsvagen-27,-lgh-704-1212815171890081629",55-56m²,bostadsratt,2026-05-13T23:23:38.044565
1731819001225302230,https://www.hemnet.se/salda/lagenhet-3rum-nedre-gardet-ostermalm-stockholms-kommun-de-geersgatan-14-1731819001225302230,55-56m²,bostadsratt,2026-05-13T23:23:38.044566
4516966231069481347,https://www.hemnet.se/salda/lagenhet-2rum-ostermalm-stockholms-kommun-grev-turegatan-74-4516966231069481347,55-56m²,bostadsratt,2026-05-13T23:23:38.044567
294777614541916749,https://www.hemnet.se/salda/lagenhet-2rum-bergviken-lulea-kommun-majvagen-21-294777614541916749,55-56m²,bostadsratt,2026-05-13T23:23:38.044569
6512962386779874810,https://www.hemnet.se/salda/lagenhet-2rum-barkarbystaden-jarfalla-kommun-parkvagen-9-6512962386779874810,55-56m²,bostadsratt,2026-05-13T23:23:38.044570
6401504278696825372,https://www.hemnet.se/salda/lagenhet-2rum-centrum-kungalvs-kommun-selma-lagerlofs-gata-7-6401504278696825372,55-56m²,bostadsratt,2026-05-13T23:23:38.044572
7075396917739277860,https://www.hemnet.se/salda/lagenhet-2rum-mollevangen-malmo-kommun-angelholmsgatan-10c-7075396917739277860,55-56m²,bostadsratt,2026-05-13T23:23:38.044573
7848918175060443384,https://www.hemnet.se/salda/lagenhet-3rum-ytterby-centrum-kungalvs-kommun-odlingsgatan-47-7848918175060443384,55-56m²,bostadsratt,2026-05-13T23:23:38.044575
3931589108990382338,https://www.hemnet.se/salda/lagenhet-3rum-gamla-enskede-stockholms-kommun-sockenvagen-377-3931589108990382338,55-56m²,bostadsratt,2026-05-13T23:23:38.044576
8008494413537971582,https://www.hemnet.se/salda/lagenhet-3rum-rasunda-solna-kommun-vasavagen-18-8008494413537971582,55-56m²,bostadsratt,2026-05-13T23:23:38.044577
4509995046267253346,https://www.hemnet.se/salda/lagenhet-2rum-hornsbergs-strand-kungsholmen-stockholms-kommun-hornsbergs-strand-15-a-4509995046267253346,55-56m²,bostadsratt,2026-05-13T23:23:38.044579
6097576823348221719,https://www.hemnet.se/salda/lagenhet-2rum-sodra-ekkallan-linkopings-kommun-skvadronsgatan-8-6097576823348221719,55-56m²,bostadsratt,2026-05-13T23:23:38.044580
8847821339056305040,https://www.hemnet.se/salda/lagenhet-2rum-herrhagen-karlstads-kommun-sveagatan-14-8847821339056305040,55-56m²,bostadsratt,2026-05-13T23:23:38.044582
561292335848951899,https://www.hemnet.se/salda/lagenhet-2rum-ruddalen-goteborgs-kommun-basungatan-23-561292335848951899,55-56m²,bostadsratt,2026-05-13T23:23:38.044583
7879037201547056443,https://www.hemnet.se/salda/lagenhet-2rum-gustavsberg-varmdo-kommun-maja-snis-gata-4-7879037201547056443,55-56m²,bostadsratt,2026-05-13T23:23:38.044585
7140074617827482529,https://www.hemnet.se/salda/lagenhet-2rum-marsta-norra-sigtuna-kommun-stationsgatan-20c-7140074617827482529,55-56m²,bostadsratt,2026-05-13T23:23:38.044586
2270483924455144043,https://www.hemnet.se/salda/lagenhet-2rum-linnestaden-goteborgs-kommun-fjarde-langgatan-1-2270483924455144043,55-56m²,bostadsratt,2026-05-13T23:23:38.044587
2518157007843885230,https://www.hemnet.se/salda/lagenhet-2rum-nordstan-vanersborgs-kommun-nygatan-20-b-2518157007843885230,55-56m²,bostadsratt,2026-05-13T23:23:38.044589
7667963458006240577,https://www.hemnet.se/salda/lagenhet-2rum-linne-goteborgs-kommun-andra-langgatan-34-7667963458006240577,55-56m²,bostadsratt,2026-05-13T23:23:38.044590
5714254865140898024,https://www.hemnet.se/salda/lagenhet-2rum-ribersborg-malmo-kommun-kilian-zollsgatan-1a-5714254865140898024,55-56m²,bostadsratt,2026-05-13T23:23:38.044592
769110788409123523,https://www.hemnet.se/salda/lagenhet-2rum-ostermalm-stockholms-kommun-skeppargatan-32-769110788409123523,55-56m²,bostadsratt,2026-05-13T23:23:38.044593
5720537743611616043,https://www.hemnet.se/salda/lagenhet-2rum-nedre-stadsdelen-centrum-bodens-kommun-lilla-nygatan-3c-5720537743611616043,55-56m²,bostadsratt,2026-05-13T23:23:38.044595
4710123240854205728,https://www.hemnet.se/salda/lagenhet-2rum-rindo-hamn-vaxholms-kommun-ostra-kasernvagen-5a-4710123240854205728,55-56m²,bostadsratt,2026-05-13T23:23:38.044596
7801869910103137653,https://www.hemnet.se/salda/lagenhet-2rum-hornsbergs-strand-stockholms-kommun-nordenflychtsvagen-62-7801869910103137653,55-56m²,bostadsratt,2026-05-13T23:23:38.044597
4485365920664627721,https://www.hemnet.se/salda/lagenhet-2rum-ruddalen-goteborgs-kommun-flojtgatan-29-4485365920664627721,55-56m²,bostadsratt,2026-05-13T23:23:38.044610
8662441925806251122,https://www.hemnet.se/salda/lagenhet-4rum-tegefjall-are-kommun-mellanalpen-11c-8662441925806251122,55-56m²,bostadsratt,2026-05-13T23:23:38.044612
5361263005327249159,https://www.hemnet.se/salda/lagenhet-2rum-dockan-malmo-kommun-ostra-varvsgatan-3bc-5361263005327249159,55-56m²,bostadsratt,2026-05-13T23:23:38.044613
3426276847995000353,https://www.hemnet.se/salda/lagenhet-2rum-centrum-karlsborgs-kommun-karleksstigen-11-3426276847995000353,55-56m²,bostadsratt,2026-05-13T23:23:38.044614
3660369410877003285,https://www.hemnet.se/salda/lagenhet-2rum-gamla-staden-lidkopings-kommun-ostbygatan-24b-3660369410877003285,55-56m²,bostadsratt,2026-05-13T23:23:38.044616
3257158002793398534,https://www.hemnet.se/salda/lagenhet-2rum-hammarby-sjostad-stockholms-kommun-pollargatan-24-3257158002793398534,55-56m²,bostadsratt,2026-05-13T23:23:38.044617
2640225175636422273,"https://www.hemnet.se/salda/lagenhet-2rum-vasastan-stockholms-kommun-torsgatan-40a,-og-2640225175636422273",55-56m²,bostadsratt,2026-05-13T23:23:38.044618
8997475737254391540,https://www.hemnet.se/salda/lagenhet-2rum-galgamarken-trosso-karlskrona-kommun-vastra-prinsgatan-14b-8997475737254391540,55-56m²,bostadsratt,2026-05-13T23:23:38.044620
6705973466388180041,https://www.hemnet.se/salda/lagenhet-2rum-vattersnas-jonkopings-kommun-andreevagen-51a-6705973466388180041,55-56m²,bostadsratt,2026-05-13T23:23:38.044621
3889665094430694196,https://www.hemnet.se/salda/lagenhet-2rum-ruddalen-goteborgs-kommun-basungatan-23-3889665094430694196,55-56m²,bostadsratt,2026-05-13T23:23:38.044622
1830699996197652734,https://www.hemnet.se/salda/lagenhet-2rum-ruddalen-goteborgs-kommun-flojtgatan-29-1830699996197652734,55-56m²,bostadsratt,2026-05-13T23:23:38.044624
8600104000829213351,https://www.hemnet.se/salda/lagenhet-2rum-vellinge-vellinge-kommun-astrakangatan-68a-8600104000829213351,55-56m²,bostadsratt,2026-05-13T23:23:38.044625
608180967352154909,https://www.hemnet.se/salda/lagenhet-3rum-hammarbyhojden-stockholms-kommun-kalmgatan-32-608180967352154909,55-56m²,bostadsratt,2026-05-13T23:23:38.044626
5922389738264094931,"https://www.hemnet.se/salda/lagenhet-2rum-johannesdal,-vasterviks-kommun-lysingsvagen-5a-5922389738264094931",55-56m²,bostadsratt,2026-05-13T23:23:38.044628
1737808781192974866,https://www.hemnet.se/salda/lagenhet-2rum-habo-habo-kommun-slattergatan-39-1737808781192974866,55-56m²,bostadsratt,2026-05-13T23:23:38.044630
6334247861990099452,"https://www.hemnet.se/salda/lagenhet-1,5rum-gamla-huvudsta-solna-kommun-karolinagatan-10-6334247861990099452",55-56m²,bostadsratt,2026-05-13T23:23:38.044631
8477660330393152361,https://www.hemnet.se/salda/lagenhet-2rum-stenungsund-tatort-stenungsunds-kommun-solgardsterrassen-15-8477660330393152361,55-56m²,bostadsratt,2026-05-13T23:23:38.044632
3923708797550482944,https://www.hemnet.se/salda/lagenhet-2rum-arsta-stockholms-kommun-jarnlundsvagen-18-3923708797550482944,55-56m²,bostadsratt,2026-05-13T23:23:38.044634
2914787026579767926,https://www.hemnet.se/salda/lagenhet-2rum-hammarby-sjostad-stockholms-kommun-fendergatan-6-2914787026579767926,55-56m²,bostadsratt,2026-05-13T23:23:38.044635
1265839821939838477,https://www.hemnet.se/salda/lagenhet-2rum-hudiksvall-sodra-hudiksvalls-kommun-dalgatan-2b-1265839821939838477,55-56m²,bostadsratt,2026-05-13T23:23:38.044636
3766984800624215408,https://www.hemnet.se/salda/lagenhet-2rum-vallas-travet-halmstads-kommun-nordalavagen-42-3766984800624215408,55-56m²,bostadsratt,2026-05-13T23:23:38.044638
4232850797895078972,https://www.hemnet.se/salda/lagenhet-2rum-bagarmossen-stockholms-kommun-rusthallarvagen-191-4232850797895078972,55-56m²,bostadsratt,2026-05-13T23:23:38.044639
8923867662295493101,https://www.hemnet.se/salda/lagenhet-2rum-hallefors-hallefors-kommun-finnbergsvagen-17-a-8923867662295493101,55-56m²,bostadsratt,2026-05-13T23:23:38.044641
4191451815552173873,"https://www.hemnet.se/salda/lagenhet-2rum-bromma-traneberg-stockholms-kommun-porfyrvagen-7,-van-2-4191451815552173873",55-56m²,bostadsratt,2026-05-13T23:23:38.044643
4779368546849049086,https://www.hemnet.se/salda/lagenhet-2rum-kalkbrottet-malmo-kommun-blasebergavagen-7-4779368546849049086,55-56m²,bostadsratt,2026-05-13T23:23:38.044644
1599964677380522633,https://www.hemnet.se/salda/lagenhet-2rum-falhagen-uppsala-kommun-hjalmar-brantingsgatan-11b-1599964677380522633,55-56m²,bostadsratt,2026-05-13T23:23:38.044645
1462460045117083760,https://www.hemnet.se/salda/lagenhet-2rum-slottshojden-helsingborgs-kommun-rektorsgatan-1-1462460045117083760,55-56m²,bostadsratt,2026-05-13T23:23:38.044647
5106936484989666710,https://www.hemnet.se/salda/lagenhet-2rum-vasastan-stockholms-kommun-norrtullsgatan-63-5106936484989666710,55-56m²,bostadsratt,2026-05-13T23:23:38.044648
3894199788751383498,https://www.hemnet.se/salda/lagenhet-2rum-gamla-rasunda-solna-kommun-forradsgatan-5-3894199788751383498,55-56m²,bostadsratt,2026-05-13T23:23:38.044649
7085076758246697861,https://www.hemnet.se/salda/lagenhet-2rum-centrum-vasteras-kommun-kopparbergsvagen-18a-7085076758246697861,55-56m²,bostadsratt,2026-05-13T23:23:38.044651
8810964777040212496,"https://www.hemnet.se/salda/lagenhet-2rum-orby-stockholms-kommun-gamla-huddingevagen-442,-2-tr-8810964777040212496",55-56m²,bostadsratt,2026-05-13T23:23:38.044653
1513791418124140264,https://www.hemnet.se/salda/lagenhet-3rum-rosendal-uppsala-kommun-lydia-wahlstroms-gata-22-1513791418124140264,55-56m²,bostadsratt,2026-05-13T23:23:38.044654
716328925063371718,https://www.hemnet.se/salda/lagenhet-2rum-storgardet-tallasen-tostero-strangnas-kommun-tingstugatan-55a-716328925063371718,55-56m²,bostadsratt,2026-05-13T23:23:38.044655
1800566704413227422,https://www.hemnet.se/salda/lagenhet-2rum-centralt-solvesborgs-kommun-klosterplan-1d-1800566704413227422,55-56m²,bostadsratt,2026-05-13T23:23:38.044657
7606975877085407346,https://www.hemnet.se/salda/lagenhet-2rum-lindholmen-goteborgs-kommun-lindholmsallen-28a-7606975877085407346,55-56m²,bostadsratt,2026-05-13T23:23:38.044658
3805699904207124946,"https://www.hemnet.se/salda/lagenhet-2rum-arsta-stockholms-kommun-branningevagen-34,-van-2-3805699904207124946",55-56m²,bostadsratt,2026-05-13T23:23:38.044660
82417478365808705,https://www.hemnet.se/salda/lagenhet-2rum-kragstalund-vallentuna-kommun-tallasvagen-220-82417478365808705,55-56m²,bostadsratt,2026-05-13T23:23:38.044661
2020482135647989694,https://www.hemnet.se/salda/lagenhet-3rum-sjodalen-huddinge-kommun-kansligrand-20-2020482135647989694,55-56m²,bostadsratt,2026-05-13T23:23:38.044662
2575576757940944805,https://www.hemnet.se/salda/lagenhet-2rum-centrum-tibro-kommun-vastra-langgatan-98-b-2575576757940944805,55-56m²,bostadsratt,2026-05-13T23:23:38.044664
5677255562893544389,https://www.hemnet.se/salda/lagenhet-2rum-farjestaden-morbylanga-kommun-salamandergatan-17b-5677255562893544389,55-56m²,bostadsratt,2026-05-13T23:23:38.044665
5651838973143724543,https://www.hemnet.se/salda/lagenhet-2rum-dammfri-malmo-kommun-bobergsangen-3e-5651838973143724543,55-56m²,bostadsratt,2026-05-13T23:23:38.044667
1817919997985974741,https://www.hemnet.se/salda/lagenhet-2rum-hasselby-strand-stockholms-kommun-fyrspannsgatan-183-1817919997985974741,55-56m²,bostadsratt,2026-05-13T23:23:38.044669
2670122395424261302,https://www.hemnet.se/salda/lagenhet-2rum-gamla-staden-lidkopings-kommun-prostgatan-8a-2670122395424261302,55-56m²,bostadsratt,2026-05-13T23:23:38.044670
1419926186460227056,https://www.hemnet.se/salda/lagenhet-2rum-centralt-norrkopings-kommun-styrmansgatan-32-1419926186460227056,55-56m²,bostadsratt,2026-05-13T23:23:38.044672
7855242215739762328,https://www.hemnet.se/salda/lagenhet-2rum-skytteholm-solna-kommun-ankdammsgatan-30-7855242215739762328,55-56m²,bostadsratt,2026-05-13T23:23:38.044674
5929972759894742323,https://www.hemnet.se/salda/lagenhet-2rum-slottsstaden-malmo-kommun-nordlinds-vag-96b-5929972759894742323,55-56m²,bostadsratt,2026-05-13T23:23:38.044675
1524314338258177559,https://www.hemnet.se/salda/lagenhet-2rum-dalaplan-malmo-kommun-sodra-forstadsgatan-121e-1524314338258177559,55-56m²,bostadsratt,2026-05-13T23:23:38.044677
231818952542851861,https://www.hemnet.se/salda/lagenhet-3rum-bromma-akeslund-stockholms-kommun-fredrikslundsvagen-55-231818952542851861,55-56m²,bostadsratt,2026-05-13T23:23:38.044678
650553863857436315,https://www.hemnet.se/salda/lagenhet-2rum-parkstaden-boras-kommun-alingsasvagen-35-650553863857436315,55-56m²,bostadsratt,2026-05-13T23:23:38.044680
5210689837405220220,https://www.hemnet.se/salda/lagenhet-2rum-gredby-eskilstuna-kommun-gredbergsgatan-10b-5210689837405220220,55-56m²,bostadsratt,2026-05-13T23:23:38.044681
6678127199617970728,https://www.hemnet.se/salda/lagenhet-2rum-inre-hamn-karlstads-kommun-hadar-grudes-gata-11-6678127199617970728,55-56m²,bostadsratt,2026-05-13T23:23:38.044683
8811516096100698820,https://www.hemnet.se/salda/lagenhet-2rum-kvarnbergplan-huddinge-kommun-gamlegardsvagen-12-8811516096100698820,55-56m²,bostadsratt,2026-05-13T23:23:38.044684
2373328513588461726,https://www.hemnet.se/salda/lagenhet-2rum-lunden-skovde-kommun-lundenvagen-11b-2373328513588461726,55-56m²,bostadsratt,2026-05-13T23:23:38.044685
8803229471936295588,https://www.hemnet.se/salda/lagenhet-2rum-torestorp-mullsjo-kommun-bjorksatersvagen-7d-8803229471936295588,55-56m²,bostadsratt,2026-05-13T23:23:38.044687
3182541916703183842,https://www.hemnet.se/salda/lagenhet-2rum-vasastan-stockholms-kommun-roslagsgatan-21a-3182541916703183842,55-56m²,bostadsratt,2026-05-13T23:23:38.044688
7788737125141555734,"https://www.hemnet.se/salda/lagenhet-2rum-vasastan-ostermalm-stockholms-kommun-rehnsgatan-15,-6tr-7788737125141555734",55-56m²,bostadsratt,2026-05-13T23:23:38.044690
4593415080861382548,https://www.hemnet.se/salda/lagenhet-2rum-uddevalla-centrum-uddevalla-kommun-parkgatan-10a-4593415080861382548,55-56m²,bostadsratt,2026-05-13T23:23:38.044692
7461125318338179292,https://www.hemnet.se/salda/lagenhet-2rum-norra-djurgardsstaden-stockholms-kommun-lovangsgatan-12-7461125318338179292,55-56m²,bostadsratt,2026-05-13T23:23:38.044693
932858522410196434,https://www.hemnet.se/salda/lagenhet-2rum-kirseberg-malmo-kommun-ryttaregatan-3a-932858522410196434,55-56m²,bostadsratt,2026-05-13T23:23:38.044695
441782068759530203,https://www.hemnet.se/salda/lagenhet-2rum-kista-stockholms-kommun-helsingorsgatan-35-441782068759530203,55-56m²,bostadsratt,2026-05-13T23:23:38.044696
7755830384592886444,https://www.hemnet.se/salda/lagenhet-2rum-hagersten-stockholms-kommun-agnes-lagerstedts-gata-12-7755830384592886444,55-56m²,bostadsratt,2026-05-13T23:23:38.044698
6014776888842918420,https://www.hemnet.se/salda/lagenhet-2rum-limhamn-malmo-kommun-limhamnsvagen-138-6014776888842918420,55-56m²,bostadsratt,2026-05-13T23:23:38.044699
6776941031212816130,https://www.hemnet.se/salda/lagenhet-2rum-elinegard-malmo-kommun-blasebergavagen-7-6776941031212816130,55-56m²,bostadsratt,2026-05-13T23:23:38.044700
8210233675508908790,"https://www.hemnet.se/salda/lagenhet-2,5rum-kviberg-goteborgs-kommun-margit-halls-gata-55-8210233675508908790",55-56m²,bostadsratt,2026-05-13T23:23:38.044702
4488741698945158136,"https://www.hemnet.se/salda/lagenhet-2rum-aspudden-ornsberg-stockholms-kommun-torsten-alms-gata-57,-van-3-av-3-4488741698945158136",55-56m²,bostadsratt,2026-05-13T23:23:38.044704
5815057897110185638,https://www.hemnet.se/salda/lagenhet-1rum-kungsangen-uppsala-kommun-samaritergrand-1-5815057897110185638,55-56m²,bostadsratt,2026-05-13T23:23:38.044706
5607576723043674957,https://www.hemnet.se/salda/lagenhet-2rum-norra-soderhamn-soderhamns-kommun-kopmangatan-31-5607576723043674957,55-56m²,bostadsratt,2026-05-13T23:23:38.044707
4373966857553889816,https://www.hemnet.se/salda/lagenhet-2rum-gredby-eskilstuna-kommun-gredbergsgatan-10b-4373966857553889816,55-56m²,bostadsratt,2026-05-13T23:23:38.044708
5294791099436205335,https://www.hemnet.se/salda/lagenhet-2rum-torsvik-lidingo-kommun-torsvikssvangen-43-5294791099436205335,55-56m²,bostadsratt,2026-05-13T23:23:38.044710
7488811971430405968,https://www.hemnet.se/salda/lagenhet-2rum-krokslatt-molndals-kommun-sorgardsgatan-9-7488811971430405968,55-56m²,bostadsratt,2026-05-13T23:23:38.044711
3943396001842372422,https://www.hemnet.se/salda/lagenhet-2rum-ragsved-stockholms-kommun-bjursatragatan-100-3943396001842372422,55-56m²,bostadsratt,2026-05-13T23:23:38.044712
3414494129548555774,https://www.hemnet.se/salda/lagenhet-2rum-lund-centrum-lunds-kommun-fredsgatan-4a-3414494129548555774,55-56m²,bostadsratt,2026-05-13T23:23:38.044714
2383308844116868834,https://www.hemnet.se/salda/lagenhet-2rum-lulea-innerstaden-ostermalm-lulea-kommun-timmermansgatan-48-2383308844116868834,55-56m²,bostadsratt,2026-05-13T23:23:38.044715
6625166019230435486,https://www.hemnet.se/salda/lagenhet-2rum-hassleholm-centralt-hassleholms-kommun-vallgatan-27-6625166019230435486,55-56m²,bostadsratt,2026-05-13T23:23:38.044717
7357747717529303018,https://www.hemnet.se/salda/lagenhet-2rum-rasunda-solna-kommun-virebergsvagen-20-7357747717529303018,55-56m²,bostadsratt,2026-05-13T23:23:38.044718
3119781676932867343,https://www.hemnet.se/salda/lagenhet-2rum-alvsjo-stockholms-kommun-gotalandsvagen-213b-3119781676932867343,55-56m²,bostadsratt,2026-05-13T23:23:38.044719
6917925557362393391,https://www.hemnet.se/salda/lagenhet-2rum-rasunda-solna-kommun-ostervagen-14a-6917925557362393391,55-56m²,bostadsratt,2026-05-13T23:23:38.044720
7852867533994315188,https://www.hemnet.se/salda/lagenhet-2rum-sjungande-dalen-mobacken-skelleftea-kommun-faltjagarvagen-35b-7852867533994315188,55-56m²,bostadsratt,2026-05-13T23:23:38.044722
1296729076550726521,https://www.hemnet.se/salda/lagenhet-2rum-sodermalm-mariaberget-mariatorget-stockholms-kommun-bastugatan-19-1296729076550726521,55-56m²,bostadsratt,2026-05-13T23:23:38.044724
2416699672732780986,https://www.hemnet.se/salda/lagenhet-2rum-ruddalen-goteborgs-kommun-basungatan-21-2416699672732780986,55-56m²,bostadsratt,2026-05-13T23:23:38.044725
4280111932458135471,https://www.hemnet.se/salda/lagenhet-2rum-bromma-akeshov-brommaplan-stockholms-kommun-snormakarvagen-35c-4280111932458135471,55-56m²,bostadsratt,2026-05-13T23:23:38.044727
7639169657803448132,https://www.hemnet.se/salda/lagenhet-2rum-city-vasteras-kommun-lidmansvagen-2-7639169657803448132,55-56m²,bostadsratt,2026-05-13T23:23:38.044728
5731341511573418467,https://www.hemnet.se/salda/lagenhet-2rum-norrgard-kalmar-kommun-norrgardsgatan-11a-5731341511573418467,55-56m²,bostadsratt,2026-05-13T23:23:38.044729
8020667385719051890,https://www.hemnet.se/salda/lagenhet-2rum-fruangen-stockholms-kommun-elsa-borgs-gata-68-8020667385719051890,55-56m²,bostadsratt,2026-05-13T23:23:38.044731
5995354767795073530,https://www.hemnet.se/salda/lagenhet-2rum-haga-umea-kommun-utmarksvagen-16-5995354767795073530,55-56m²,bostadsratt,2026-05-13T23:23:38.044732
2034609282976952463,https://www.hemnet.se/salda/lagenhet-2rum-centrala-sundbyberg-sundbybergs-kommun-vegagatan-8-2034609282976952463,55-56m²,bostadsratt,2026-05-13T23:23:38.044733
3602076797773361607,https://www.hemnet.se/salda/lagenhet-2rum-kvillebacken-goteborgs-kommun-solventilsgatan-18-3602076797773361607,55-56m²,bostadsratt,2026-05-13T23:23:38.044735
2189933154676587900,https://www.hemnet.se/salda/lagenhet-2rum-kista-stockholms-kommun-sorogatan-27-2189933154676587900,55-56m²,bostadsratt,2026-05-13T23:23:38.044736
8300753414217758266,"https://www.hemnet.se/salda/lagenhet-2rum-baggeby-lidingo-kommun-kostervagen-12,-3-tr-8300753414217758266",55-56m²,bostadsratt,2026-05-13T23:23:38.044738
5189206030968157836,https://www.hemnet.se/salda/lagenhet-2rum-tunavallen-eskilstuna-kommun-krongatan-7-5189206030968157836,55-56m²,bostadsratt,2026-05-13T23:23:38.044739
3193099853417094852,https://www.hemnet.se/salda/lagenhet-3rum-hammarby-sjostad-stockholms-kommun-virkesvagen-19b-3193099853417094852,55-56m²,bostadsratt,2026-05-13T23:23:38.044741
2669417629653997147,"https://www.hemnet.se/salda/lagenhet-2rum-kungsangen-centrum-upplands-bro-kommun-ringvagen-8,-5-tr-2669417629653997147",55-56m²,bostadsratt,2026-05-13T23:23:38.044742
217987364967336045,https://www.hemnet.se/salda/lagenhet-2rum-perstorp-perstorps-kommun-jarnvagsgatan-25a-217987364967336045,55-56m²,bostadsratt,2026-05-13T23:23:38.044744
2757133327460214982,https://www.hemnet.se/salda/lagenhet-2rum-gullbergslyckan-karlshamns-kommun-hunnemaravagen-29-2757133327460214982,55-56m²,bostadsratt,2026-05-13T23:23:38.044745
6710656862716752971,https://www.hemnet.se/salda/lagenhet-2rum-akersberg-enkopings-kommun-skordevagen-2-6710656862716752971,55-56m²,bostadsratt,2026-05-13T23:23:38.044746
3665072133697522877,https://www.hemnet.se/salda/lagenhet-2rum-sodra-brannan-harnosands-kommun-brannavagen-23-3665072133697522877,55-56m²,bostadsratt,2026-05-13T23:23:38.044748
736873043323494100,https://www.hemnet.se/salda/lagenhet-3rum-kungsholmen-stockholms-kommun-baltzar-von-platens-gata-6-736873043323494100,55-56m²,bostadsratt,2026-05-13T23:23:38.044749
5537428536038829749,https://www.hemnet.se/salda/lagenhet-2rum-aspudden-ornsberg-stockholms-kommun-ivar-vidfamnes-gata-8-5537428536038829749,55-56m²,bostadsratt,2026-05-13T23:23:38.044751
1767152042705154349,https://www.hemnet.se/salda/lagenhet-2rum-centrum-oxelosunds-kommun-industrigatan-2a-1767152042705154349,55-56m²,bostadsratt,2026-05-13T23:23:38.044752
4417259489630867634,https://www.hemnet.se/salda/lagenhet-2rum-skogas-huddinge-kommun-mortviksvagen-68b-4417259489630867634,55-56m²,bostadsratt,2026-05-13T23:23:38.044754
3663646106979741494,https://www.hemnet.se/salda/lagenhet-2rum-enskede-stureby-stockholms-kommun-gotaforsvagen-15-3663646106979741494,55-56m²,bostadsratt,2026-05-13T23:23:38.044755
6905779898414672474,https://www.hemnet.se/salda/lagenhet-2rum-granlunda-trelleborgs-kommun-radmansgatan-2b-6905779898414672474,55-56m²,bostadsratt,2026-05-13T23:23:38.044757
9037565495423475576,https://www.hemnet.se/salda/lagenhet-2rum-fruangen-stockholms-kommun-doktor-widerstroms-gata-35-9037565495423475576,55-56m²,bostadsratt,2026-05-13T23:23:38.044758
4673613934143040032,https://www.hemnet.se/salda/lagenhet-1rum-centrum-gallivare-kommun-malmbergsvagen-7b-4673613934143040032,55-56m²,bostadsratt,2026-05-13T23:23:38.044759
8829013833395226326,https://www.hemnet.se/salda/lagenhet-2rum-alsike-knivsta-kommun-lustigkullagatan-8-8829013833395226326,55-56m²,bostadsratt,2026-05-13T23:23:38.044761
4950262237606251255,https://www.hemnet.se/salda/lagenhet-2rum-centralt-ornskoldsviks-kommun-skogsgatan-3b-4950262237606251255,55-56m²,bostadsratt,2026-05-13T23:23:38.044762
6819626895036326903,https://www.hemnet.se/salda/lagenhet-2rum-ytterby-kungalvs-kommun-odlingsgatan-19-6819626895036326903,55-56m²,bostadsratt,2026-05-13T23:23:38.044763
5672921927250905064,https://www.hemnet.se/salda/lagenhet-2rum-oxelbergen-norrkopings-kommun-storsvangen-37-5672921927250905064,55-56m²,bostadsratt,2026-05-13T23:23:38.044765
2338553428572766746,https://www.hemnet.se/salda/lagenhet-2rum-gottfridsberg-linkopings-kommun-bjalbogatan-6c-2338553428572766746,55-56m²,bostadsratt,2026-05-13T23:23:38.044766
5105380797051779056,"https://www.hemnet.se/salda/lagenhet-2rum-sodermalm-katarina-stockholms-kommun-bjurholmsgatan-10,-7-tr-5105380797051779056",55-56m²,bostadsratt,2026-05-13T23:23:38.044768
2201899645341182264,https://www.hemnet.se/salda/lagenhet-55m2-ostermalm-stockholms-kommun-nybrogatan-66-2201899645341182264,55-56m²,bostadsratt,2026-05-13T23:23:38.044769
8770583385665012874,https://www.hemnet.se/salda/lagenhet-2rum-bergviken-lulea-kommun-kallgatan-4-8770583385665012874,55-56m²,bostadsratt,2026-05-13T23:23:38.044771
546669919803365325,https://www.hemnet.se/salda/lagenhet-3rum-centrum-varbergs-kommun-falkenbergsgatan-2-a-546669919803365325,55-56m²,bostadsratt,2026-05-13T23:23:38.044772
23839660675740535,https://www.hemnet.se/salda/lagenhet-2rum-ruddalen-goteborgs-kommun-gitarrgatan-1-23839660675740535,55-56m²,bostadsratt,2026-05-13T23:23:38.044774
2374885455456465844,https://www.hemnet.se/salda/lagenhet-2rum-norberg-centrum-norbergs-kommun-ringvagen-5-f-2374885455456465844,55-56m²,bostadsratt,2026-05-13T23:23:38.044775
5828541685546240051,https://www.hemnet.se/salda/lagenhet-2rum-finntorp-nacka-kommun-finntorpsvagen-13-5828541685546240051,55-56m²,bostadsratt,2026-05-13T23:23:38.044776
5295621119183275694,https://www.hemnet.se/salda/lagenhet-2rum-centrala-arsta-stockholms-kommun-siljansvagen-14-5295621119183275694,55-56m²,bostadsratt,2026-05-13T23:23:38.044778
4654269344965422454,https://www.hemnet.se/salda/lagenhet-2rum-beckomberga-stockholms-kommun-beckomberga-skogsvag-2-4654269344965422454,55-56m²,bostadsratt,2026-05-13T23:23:38.044779
1691621863967605019,https://www.hemnet.se/salda/lagenhet-2rum-aker-nassjo-kommun-ingrid-mariegatan-2c-1691621863967605019,55-56m²,bostadsratt,2026-05-13T23:23:38.044781
7646574108282917852,https://www.hemnet.se/salda/lagenhet-2rum-hasselby-lovsta-alle-stockholms-kommun-astrakangatan-99-7646574108282917852,55-56m²,bostadsratt,2026-05-13T23:23:38.044782
5763811783987301190,https://www.hemnet.se/salda/lagenhet-2rum-bromma-blackeberg-stockholms-kommun-sigrid-undsets-gata-2-5763811783987301190,55-56m²,bostadsratt,2026-05-13T23:23:38.044783
6451914251482680347,https://www.hemnet.se/salda/lagenhet-2rum-ostra-sorgenfri-malmo-kommun-bodekullsgangen-19b-6451914251482680347,55-56m²,bostadsratt,2026-05-13T23:23:38.044785
5078146237071181425,https://www.hemnet.se/salda/lagenhet-2rum-osthammar-osthammars-kommun-ringvagen-3d-5078146237071181425,55-56m²,bostadsratt,2026-05-13T23:23:38.044786
6655031484050277059,https://www.hemnet.se/salda/lagenhet-2rum-rorsjostaden-malmo-kommun-dobelnsgatan-16-a-6655031484050277059,55-56m²,bostadsratt,2026-05-13T23:23:38.044788
1526133388855965641,https://www.hemnet.se/salda/lagenhet-2rum-haga-sundsvalls-kommun-vastergatan-25a-1526133388855965641,55-56m²,bostadsratt,2026-05-13T23:23:38.044789
7109830246873001048,https://www.hemnet.se/salda/lagenhet-2rum-granlunda-trelleborgs-kommun-radmansgatan-2b-7109830246873001048,55-56m²,bostadsratt,2026-05-13T23:23:38.044791
7332127275953155944,https://www.hemnet.se/salda/lagenhet-2rum-traneberg-stockholms-kommun-minnebergsvagen-3-7332127275953155944,55-56m²,bostadsratt,2026-05-13T23:23:38.044792
7705124843131707401,https://www.hemnet.se/salda/lagenhet-2rum-rosta-orebro-kommun-trumpetaregatan-11c-7705124843131707401,55-56m²,bostadsratt,2026-05-13T23:23:38.044794
4501749610072638827,https://www.hemnet.se/salda/lagenhet-2rum-eriksberg-goteborgs-kommun-monsungatan-77-4501749610072638827,55-56m²,bostadsratt,2026-05-13T23:23:38.044795
6124594809509941953,https://www.hemnet.se/salda/lagenhet-2rum-sodermalm-maria-stockholms-kommun-hornsgatan-94-6124594809509941953,55-56m²,bostadsratt,2026-05-13T23:23:38.044797
2448627428709955555,https://www.hemnet.se/salda/lagenhet-2rum-surte-ale-kommun-granhacksvagen-3b-2448627428709955555,55-56m²,bostadsratt,2026-05-13T23:23:38.044798
652797110309170850,https://www.hemnet.se/salda/lagenhet-2rum-skondal-centrum-stockholms-kommun-skondalsvagen-109-652797110309170850,55-56m²,bostadsratt,2026-05-13T23:23:38.044799
1846895460507587039,https://www.hemnet.se/salda/lagenhet-1rum-centrum-lulea-kommun-kopmangatan-31-1846895460507587039,55-56m²,bostadsratt,2026-05-13T23:23:38.044800
3053557195838296390,https://www.hemnet.se/salda/lagenhet-2rum-limhamn-malmo-kommun-hyllie-kyrkovag-55a-3053557195838296390,55-56m²,bostadsratt,2026-05-13T23:23:38.044802
7935466932557743041,https://www.hemnet.se/salda/lagenhet-2rum-majorna-goteborgs-kommun-vantgatan-1a-7935466932557743041,55-56m²,bostadsratt,2026-05-13T23:23:38.044803
1931639761490988781,https://www.hemnet.se/salda/lagenhet-2rum-folkets-park-valla-linkopings-kommun-hanekindsgatan-1-1931639761490988781,55-56m²,bostadsratt,2026-05-13T23:23:38.044804
7835067942750123809,https://www.hemnet.se/salda/lagenhet-2rum-norr-eskilstuna-kommun-gransgatan-12b-7835067942750123809,55-56m²,bostadsratt,2026-05-13T23:23:38.044806
4095059126941849316,https://www.hemnet.se/salda/lagenhet-2rum-centrum-tibro-kommun-skovdevagen-21b-4095059126941849316,55-56m²,bostadsratt,2026-05-13T23:23:38.044807
2868178962301080756,https://www.hemnet.se/salda/lagenhet-2rum-vastertorp-stockholms-kommun-terrangvagen-33-2868178962301080756,55-56m²,bostadsratt,2026-05-13T23:23:38.044808
659907700075948875,https://www.hemnet.se/salda/lagenhet-2rum-centrum-tibro-kommun-vastra-langgatan-100a-659907700075948875,55-56m²,bostadsratt,2026-05-13T23:23:38.044810
3379643453127154421,"https://www.hemnet.se/salda/lagenhet-3rum-vasastan-stockholms-kommun-dannemoragatan-18,-3-tr-3379643453127154421",55-56m²,bostadsratt,2026-05-13T23:23:38.044811
9065962246185782198,https://www.hemnet.se/salda/lagenhet-2rum-granloholm-sundsvalls-kommun-visbyvagen-1-9065962246185782198,55-56m²,bostadsratt,2026-05-13T23:23:38.044812
6277502433891245097,https://www.hemnet.se/salda/lagenhet-2rum-bagarmossen-stockholms-kommun-rusthallarvagen-141-6277502433891245097,55-56m²,bostadsratt,2026-05-13T23:23:38.044814
8962486157488404164,https://www.hemnet.se/salda/lagenhet-2rum-gideonsberg-vasteras-kommun-gideonsbergsgatan-21a-8962486157488404164,55-56m²,bostadsratt,2026-05-13T23:23:38.044815
5149421363172908151,https://www.hemnet.se/salda/lagenhet-2rum-asperod-uddevalla-kommun-maltemyrsvagen-9b-5149421363172908151,55-56m²,bostadsratt,2026-05-13T23:23:38.044816
1277405011854721416,https://www.hemnet.se/salda/lagenhet-2rum-valbo-gavle-kommun-skommarsbacken-33-a-1277405011854721416,55-56m²,bostadsratt,2026-05-13T23:23:38.044818
2807458779340156381,https://www.hemnet.se/salda/lagenhet-2rum-mollevangen-malmo-kommun-simrishamnsgatan-3b-2807458779340156381,55-56m²,bostadsratt,2026-05-13T23:23:38.044819
2171169479087364257,https://www.hemnet.se/salda/lagenhet-2rum-beckomberga-stockholms-kommun-follingbogatan-26-2171169479087364257,55-56m²,bostadsratt,2026-05-13T23:23:38.044820
701530496746229118,https://www.hemnet.se/salda/lagenhet-2rum-kullsta-nynashamns-kommun-nynasvagen-34-701530496746229118,55-56m²,bostadsratt,2026-05-13T23:23:38.044822
2152238847220680720,https://www.hemnet.se/salda/lagenhet-2rum-bohult-karlskoga-kommun-filipstadsvagen-27b-2152238847220680720,55-56m²,bostadsratt,2026-05-13T23:23:38.044823
7130500565052960912,https://www.hemnet.se/salda/lagenhet-2rum-gotalunden-trollhattans-kommun-idrottsvagen-21d-7130500565052960912,55-56m²,bostadsratt,2026-05-13T23:23:38.044825
2478447596054811030,https://www.hemnet.se/salda/lagenhet-2rum-haga-vasteras-kommun-rekylgatan-2-2478447596054811030,55-56m²,bostadsratt,2026-05-13T23:23:38.044826
8686264885652189444,https://www.hemnet.se/salda/lagenhet-2rum-vasterhaninge-haninge-kommun-ringvagen-28-8686264885652189444,55-56m²,bostadsratt,2026-05-13T23:23:38.044828
6856399844564308738,https://www.hemnet.se/salda/lagenhet-2rum-tannefors-centralt-linkopings-kommun-augustbergsgatan-12a-6856399844564308738,55-56m²,bostadsratt,2026-05-13T23:23:38.044829
5209264111652436520,https://www.hemnet.se/salda/lagenhet-2rum-centrala-hisingen-goteborgs-kommun-penselgatan-10-5209264111652436520,55-56m²,bostadsratt,2026-05-13T23:23:38.044830
8819146160254890360,https://www.hemnet.se/salda/lagenhet-2rum-nybro-centralt-falu-kommun-sturegatan-98a-8819146160254890360,55-56m²,bostadsratt,2026-05-13T23:23:38.044832
5081924272417547474,https://www.hemnet.se/salda/lagenhet-2rum-kanikenasbanken-karlstads-kommun-kanikenasbanken-23a-5081924272417547474,55-56m²,bostadsratt,2026-05-13T23:23:38.044833
2376619240157571789,https://www.hemnet.se/salda/lagenhet-2rum-vaster-orebro-kommun-karlsgatan-32h-2376619240157571789,55-56m²,bostadsratt,2026-05-13T23:23:38.044835
4764247810278468315,"https://www.hemnet.se/salda/lagenhet-2rum-vireberg,-rasunda-solna-kommun-virebergsvagen-24-4764247810278468315",55-56m²,bostadsratt,2026-05-13T23:23:38.044836
1893461920423882286,https://www.hemnet.se/salda/lagenhet-2rum-rotebro-sollentuna-kommun-timotejvagen-15-1893461920423882286,55-56m²,bostadsratt,2026-05-13T23:23:38.044838
814478810665369847,https://www.hemnet.se/salda/lagenhet-2rum-oraberget-ludvika-kommun-lindvagen-28d-814478810665369847,55-56m²,bostadsratt,2026-05-13T23:23:38.044839
1421733555806897001,https://www.hemnet.se/salda/lagenhet-1rum-odenslund-ostersunds-kommun-ringvagen-17-1421733555806897001,55-56m²,bostadsratt,2026-05-13T23:23:38.044841
120801138727910733,https://www.hemnet.se/salda/lagenhet-2rum-sannegardshamnen-goteborgs-kommun-ceresplatsen-3-120801138727910733,55-56m²,bostadsratt,2026-05-13T23:23:38.044842
8632731870286781449,https://www.hemnet.se/salda/lagenhet-2rum-vimpeltorpet-kalmar-kommun-hemvagen-25-8632731870286781449,55-56m²,bostadsratt,2026-05-13T23:23:38.044843
3667377925515691516,https://www.hemnet.se/salda/lagenhet-2rum-fruangen-stockholms-kommun-elsa-borgs-gata-48-3667377925515691516,55-56m²,bostadsratt,2026-05-13T23:23:38.044845
3804603962745006843,https://www.hemnet.se/salda/lagenhet-2rum-haga-sundsvalls-kommun-hagavagen-22c-3804603962745006843,55-56m²,bostadsratt,2026-05-13T23:23:38.044846
8070413375731992586,https://www.hemnet.se/salda/lagenhet-2rum-kalltorp-goteborgs-kommun-bjorcksgatan-29-8070413375731992586,55-56m²,bostadsratt,2026-05-13T23:23:38.044847
6449968224561525498,https://www.hemnet.se/salda/lagenhet-2rum-haga-vasteras-kommun-kallhagsgatan-2a-6449968224561525498,55-56m²,bostadsratt,2026-05-13T23:23:38.044848
7475318177620664426,https://www.hemnet.se/salda/lagenhet-2rum-upplands-vasby-upplands-vasby-kommun-edsby-alle-40-7475318177620664426,55-56m²,bostadsratt,2026-05-13T23:23:38.044850
3833831015464059348,https://www.hemnet.se/salda/lagenhet-2rum-ekhagen-stockholms-kommun-torphagsvagen-10-3833831015464059348,55-56m²,bostadsratt,2026-05-13T23:23:38.044851
1204312004770007466,https://www.hemnet.se/salda/lagenhet-2rum-upplands-vasby-upplands-vasby-kommun-travgatan-6-1204312004770007466,55-56m²,bostadsratt,2026-05-13T23:23:38.044853
7190672464106965215,https://www.hemnet.se/salda/lagenhet-2rum-bjorkhagen-stockholms-kommun-bastadsvagen-4-7190672464106965215,55-56m²,bostadsratt,2026-05-13T23:23:38.044854
8585589240684326454,https://www.hemnet.se/salda/lagenhet-2rum-vendelso-haninge-kommun-vendelso-skolvag-8-8585589240684326454,55-56m²,bostadsratt,2026-05-13T23:23:38.044855
9213343341388844559,https://www.hemnet.se/salda/lagenhet-2rum-berghem-umea-kommun-terrangvagen-3-a-9213343341388844559,55-56m²,bostadsratt,2026-05-13T23:23:38.044857
8261593007773052827,"https://www.hemnet.se/salda/lagenhet-2rum-nacka-kvarnholmen-nacka-kommun-mjolnarvagen-16,-8tr-8261593007773052827",55-56m²,bostadsratt,2026-05-13T23:23:38.044858
4153243295861945604,https://www.hemnet.se/salda/lagenhet-2rum-huvudsta-solna-kommun-polhemsgatan-4-4153243295861945604,55-56m²,bostadsratt,2026-05-13T23:23:38.044860
557559715996044266,https://www.hemnet.se/salda/lagenhet-2rum-trandared-boras-kommun-tamarksgatan-4-557559715996044266,55-56m²,bostadsratt,2026-05-13T23:23:38.044861
5296722734910615058,https://www.hemnet.se/salda/lagenhet-2rum-hamburgsund-tanums-kommun-strandvagen-27-b-5296722734910615058,55-56m²,bostadsratt,2026-05-13T23:23:38.044863
2618171930537007658,https://www.hemnet.se/salda/lagenhet-2rum-lindo-strand-norrkopings-kommun-braviksvagen-71-2618171930537007658,55-56m²,bostadsratt,2026-05-13T23:23:38.044864
3264865631674943743,https://www.hemnet.se/salda/lagenhet-2rum-linero-lunds-kommun-runslingan-14b-3264865631674943743,55-56m²,bostadsratt,2026-05-13T23:23:38.044865
5212767067644414327,https://www.hemnet.se/salda/lagenhet-2rum-centrum-uppsala-kommun-linnegatan-7-a-5212767067644414327,55-56m²,bostadsratt,2026-05-13T23:23:38.044867
4626237399018179777,"https://www.hemnet.se/salda/lagenhet-3rum-stora-ursvik-sundbybergs-kommun-ursviks-alle-23,-van-3-3-4626237399018179777",55-56m²,bostadsratt,2026-05-13T23:23:38.044868
1292303545893307098,https://www.hemnet.se/salda/lagenhet-2rum-skarpnack-stockholms-kommun-pilvingegatan-38-1292303545893307098,55-56m²,bostadsratt,2026-05-13T23:23:38.044870
2498920018272792119,"https://www.hemnet.se/salda/lagenhet-3rum-arsta-stockholms-kommun-amanningevagen-52,-2tr-2498920018272792119",55-56m²,bostadsratt,2026-05-13T23:23:38.044871
6758548087218449368,https://www.hemnet.se/salda/lagenhet-3rum-ursvik-sundbybergs-kommun-gamla-enkopingsvagen-176-6758548087218449368,55-56m²,bostadsratt,2026-05-13T23:23:38.044872
5772238728465487340,https://www.hemnet.se/salda/lagenhet-2rum-hagernas-taby-kommun-flygkarsvagen-9-5772238728465487340,55-56m²,bostadsratt,2026-05-13T23:23:38.044874
8011402521257788779,https://www.hemnet.se/salda/lagenhet-2rum-slottshojden-helsingborgs-kommun-master-ernsts-gata-10-8011402521257788779,55-56m²,bostadsratt,2026-05-13T23:23:38.044876
5035166915995513819,https://www.hemnet.se/salda/lagenhet-2rum-svedmyra-stockholms-kommun-jonakersvagen-11-5035166915995513819,55-56m²,bostadsratt,2026-05-13T23:23:38.044877
8684795260522020849,https://www.hemnet.se/salda/lagenhet-2rum-vastra-frolunda-goteborgs-kommun-basungatan-17-8684795260522020849,55-56m²,bostadsratt,2026-05-13T23:23:38.044878
2784647026659543155,https://www.hemnet.se/salda/lagenhet-2rum-sjobo-boras-kommun-norra-sjobogatan-43-2784647026659543155,55-56m²,bostadsratt,2026-05-13T23:23:38.044880
7489812838197016923,"https://www.hemnet.se/salda/lagenhet-2rum-taby-centrum-taby-kommun-grindtorps-skolgrand-26,-4-tr-7489812838197016923",55-56m²,bostadsratt,2026-05-13T23:23:38.044881
5525945589296613899,https://www.hemnet.se/salda/lagenhet-2rum-kvillebacken-goteborgs-kommun-borstbindaregatan-19-5525945589296613899,55-56m²,bostadsratt,2026-05-13T23:23:38.044882
6876894026395871710,https://www.hemnet.se/salda/lagenhet-3rum-froson-ostersunds-kommun-hornsgatan-12a-6876894026395871710,55-56m²,bostadsratt,2026-05-13T23:23:38.044884
3870749488053421171,https://www.hemnet.se/salda/lagenhet-2rum-johanneberg-almedal-goteborgs-kommun-falkenbergsgatan-13a-3870749488053421171,55-56m²,bostadsratt,2026-05-13T23:23:38.044885
3757649090737708295,https://www.hemnet.se/salda/lagenhet-2rum-centrum-uppsala-kommun-ostra-agatan-73e-3757649090737708295,55-56m²,bostadsratt,2026-05-13T23:23:38.044886
4218230644558774306,https://www.hemnet.se/salda/lagenhet-2rum-hagerstensasen-stockholms-kommun-valutavagen-33-4218230644558774306,55-56m²,bostadsratt,2026-05-13T23:23:38.044888
1166219107957280537,https://www.hemnet.se/salda/lagenhet-2rum-hagerstensasen-telefonplan-stockholms-kommun-kamrerarvagen-32-1166219107957280537,55-56m²,bostadsratt,2026-05-13T23:23:38.044889
42882585221472734,"https://www.hemnet.se/salda/lagenhet-3rum-arsta-stockholms-kommun-ramensvagen-27a,-3-6tr-42882585221472734",55-56m²,bostadsratt,2026-05-13T23:23:38.044891
4917009444232500764,https://www.hemnet.se/salda/lagenhet-2rum-rasunda-solna-kommun-gransgatan-30-4917009444232500764,55-56m²,bostadsratt,2026-05-13T23:23:38.044892
6630549688579706249,https://www.hemnet.se/salda/lagenhet-2rum-bromma-blackeberg-stockholms-kommun-bjornsonsgatan-299d-6630549688579706249,55-56m²,bostadsratt,2026-05-13T23:23:38.044893
4396957064812724341,https://www.hemnet.se/salda/lagenhet-2rum-sjobo-boras-kommun-norra-sjobogatan-61-4396957064812724341,55-56m²,bostadsratt,2026-05-13T23:23:38.044895
564079404137482978,https://www.hemnet.se/salda/lagenhet-2rum-holmangen-vanersborgs-kommun-lantgardsvagen-19c-564079404137482978,55-56m²,bostadsratt,2026-05-13T23:23:38.044896
8118558565199503861,https://www.hemnet.se/salda/lagenhet-2rum-vasastan-norrmalm-stockholms-kommun-dobelnsgatan-16-c-8118558565199503861,55-56m²,bostadsratt,2026-05-13T23:23:38.044897
7434420901002191957,https://www.hemnet.se/salda/lagenhet-2rum-taby-park-taby-kommun-vintergaloppsgatan-24-7434420901002191957,55-56m²,bostadsratt,2026-05-13T23:23:38.044899
1520824515745172889,"https://www.hemnet.se/salda/lagenhet-2rum-hornstull-hogalid-stockholms-kommun-heleneborgsgatan-15-a,-4-tr-1520824515745172889",55-56m²,bostadsratt,2026-05-13T23:23:38.044900
4434282989640482844,https://www.hemnet.se/salda/lagenhet-2rum-tomtebo-umea-kommun-alfens-alle-19-4434282989640482844,55-56m²,bostadsratt,2026-05-13T23:23:38.044902
5635204214975665187,https://www.hemnet.se/salda/lagenhet-2rum-sorbyangen-orebro-kommun-peppargatan-27-5635204214975665187,55-56m²,bostadsratt,2026-05-13T23:23:38.044903
6825196906864795714,https://www.hemnet.se/salda/lagenhet-2rum-hagsatra-stockholms-kommun-vedevagslingan-2-6825196906864795714,55-56m²,bostadsratt,2026-05-13T23:23:38.044904
57346327356330588,https://www.hemnet.se/salda/lagenhet-2rum-ulricehamn-ulricehamns-kommun-hemrydsgatan-6a-57346327356330588,55-56m²,bostadsratt,2026-05-13T23:23:38.044906
5112817612728378272,https://www.hemnet.se/salda/lagenhet-2rum-skonsmon-sundsvalls-kommun-kubikenborgsgatan-14b-5112817612728378272,55-56m²,bostadsratt,2026-05-13T23:23:38.044907
7901368370772164514,https://www.hemnet.se/salda/lagenhet-2rum-vastra-kattarp-malmo-kommun-jagersrovagen-9b-7901368370772164514,55-56m²,bostadsratt,2026-05-13T23:23:38.044908
1559484231253888054,https://www.hemnet.se/salda/lagenhet-2rum-vallastaden-linkopings-kommun-kunskapslanken-98-1559484231253888054,55-56m²,bostadsratt,2026-05-13T23:23:38.044910
4882189264632655040,https://www.hemnet.se/salda/lagenhet-2rum-tierp-tierps-kommun-gripenbergsvagen-2-4882189264632655040,55-56m²,bostadsratt,2026-05-13T23:23:38.044911
4955555200907021757,https://www.hemnet.se/salda/lagenhet-2rum-lomma-lomma-kommun-industrigatan-7a-4955555200907021757,55-56m²,bostadsratt,2026-05-13T23:23:38.044912
3884297482180692024,https://www.hemnet.se/salda/lagenhet-2rum-eds-alle-upplands-vasby-kommun-vallstavagen-16-3884297482180692024,55-56m²,bostadsratt,2026-05-13T23:23:38.044914
6640010099716848286,https://www.hemnet.se/salda/lagenhet-2rum-gideonsberg-vasteras-kommun-backsippsgatan-15b-6640010099716848286,55-56m²,bostadsratt,2026-05-13T23:23:38.044915
2470705497760840693,https://www.hemnet.se/salda/lagenhet-2rum-solbacka-norrtalje-kommun-akerbarsvagen-15d-2470705497760840693,55-56m²,bostadsratt,2026-05-13T23:23:38.044916
3408933866844691508,https://www.hemnet.se/salda/lagenhet-2rum-nedre-gardet-ostermalm-stockholms-kommun-angskarsgatan-4-3408933866844691508,55-56m²,bostadsratt,2026-05-13T23:23:38.044918
5360654840196066475,https://www.hemnet.se/salda/lagenhet-1rum-mellbystrand-laholms-kommun-idevagen-36-v-5360654840196066475,55-56m²,bostadsratt,2026-05-13T23:23:38.044919
7259863375824938297,https://www.hemnet.se/salda/lagenhet-2rum-falhagen-uppsala-kommun-ymergatan-24d-7259863375824938297,55-56m²,bostadsratt,2026-05-13T23:23:38.044920
497305268178616327,https://www.hemnet.se/salda/lagenhet-2rum-rosta-orebro-kommun-trumpetaregatan-4b-497305268178616327,55-56m²,bostadsratt,2026-05-13T23:23:38.044922
6520084482893552215,https://www.hemnet.se/salda/lagenhet-2rum-dalenum-lidingo-kommun-prismastigen-2-6520084482893552215,55-56m²,bostadsratt,2026-05-13T23:23:38.044923
2839976027110534859,https://www.hemnet.se/salda/lagenhet-2rum-centralt-oster-nykopings-kommun-ostanvagen-2b-2839976027110534859,55-56m²,bostadsratt,2026-05-13T23:23:38.044925
5834542622813495342,https://www.hemnet.se/salda/lagenhet-2rum-eds-alle-upplands-vasby-kommun-edsby-alle-8-5834542622813495342,55-56m²,bostadsratt,2026-05-13T23:23:38.044926
3979917471213004241,https://www.hemnet.se/salda/lagenhet-2rum-krokslatt-goteborgs-kommun-falkenbergsgatan-4b-3979917471213004241,55-56m²,bostadsratt,2026-05-13T23:23:38.044927
8360215133908585431,https://www.hemnet.se/salda/lagenhet-2rum-tagaborg-helsingborgs-kommun-erik-dahlbergs-gata-31-8360215133908585431,55-56m²,bostadsratt,2026-05-13T23:23:38.044929
8025866142848706561,https://www.hemnet.se/salda/lagenhet-2rum-fanna-enkopings-kommun-slipar-lasses-gata-5-8025866142848706561,55-56m²,bostadsratt,2026-05-13T23:23:38.044930
7491466950132140556,https://www.hemnet.se/salda/lagenhet-2rum-hagersten-stockholms-kommun-doktor-widerstroms-gata-86-7491466950132140556,55-56m²,bostadsratt,2026-05-13T23:23:38.044932
6212805760431946335,https://www.hemnet.se/salda/lagenhet-2rum-gamla-staden-lidkopings-kommun-ostbygatan-16a-6212805760431946335,55-56m²,bostadsratt,2026-05-13T23:23:38.044933
780895696810268280,"https://www.hemnet.se/salda/lagenhet-2rum-liljeholmskajen-stockholms-kommun-sjoviksvagen-81,-van-2-780895696810268280",55-56m²,bostadsratt,2026-05-13T23:23:38.044935
5186941462499815511,https://www.hemnet.se/salda/lagenhet-2rum-nyckelberget-kopings-kommun-torsgatan-22b-5186941462499815511,55-56m²,bostadsratt,2026-05-13T23:23:38.044936
953359483596529527,https://www.hemnet.se/salda/lagenhet-2rum-barkarbystaden-jarfalla-kommun-parkvagen-7-953359483596529527,55-56m²,bostadsratt,2026-05-13T23:23:38.044938
7982169957592086146,https://www.hemnet.se/salda/lagenhet-2rum-oxelosund-oxelosunds-kommun-alstigen-6-7982169957592086146,55-56m²,bostadsratt,2026-05-13T23:23:38.044939
9097664276629802521,https://www.hemnet.se/salda/lagenhet-2rum-vallingby-centrum-stockholms-kommun-kirunagatan-32-9097664276629802521,55-56m²,bostadsratt,2026-05-13T23:23:38.044941
5771668090568857869,https://www.hemnet.se/salda/lagenhet-2rum-eds-alle-upplands-vasby-kommun-edsby-alle-42-5771668090568857869,55-56m²,bostadsratt,2026-05-13T23:23:38.044942
4375455988035880658,https://www.hemnet.se/salda/lagenhet-2rum-vasastan-stockholms-kommun-birger-jarlsgatan-104a-4375455988035880658,55-56m²,bostadsratt,2026-05-13T23:23:38.044943
2151314463093167589,https://www.hemnet.se/salda/lagenhet-2rum-lindo-kalmar-kommun-fogdegatan-3a-2151314463093167589,55-56m²,bostadsratt,2026-05-13T23:23:38.044945
9022069545187946440,https://www.hemnet.se/salda/lagenhet-2rum-handen-haninge-kommun-arkens-vag-8-9022069545187946440,55-56m²,bostadsratt,2026-05-13T23:23:38.044946
8472787302408732725,"https://www.hemnet.se/salda/lagenhet-2rum-bromma-mariehall-stockholms-kommun-kratsbodavagen-50d,-van-4-4-8472787302408732725",55-56m²,bostadsratt,2026-05-13T23:23:38.044947
2641239851707083087,https://www.hemnet.se/salda/lagenhet-2rum-sjobo-boras-kommun-ekangsgatan-19-2641239851707083087,55-56m²,bostadsratt,2026-05-13T23:23:38.044949
5662172903717163960,https://www.hemnet.se/salda/lagenhet-2rum-vasastan-hagastaden-stockholms-kommun-gavlegatan-26-5662172903717163960,55-56m²,bostadsratt,2026-05-13T23:23:38.044950
7951901277991745820,https://www.hemnet.se/salda/lagenhet-2rum-orebro-orebro-kommun-lovstagatan-21e-7951901277991745820,55-56m²,bostadsratt,2026-05-13T23:23:38.044951
4250840322453114557,https://www.hemnet.se/salda/lagenhet-2rum-karrtorp-stockholms-kommun-fyrskeppsvagen-134-4250840322453114557,55-56m²,bostadsratt,2026-05-13T23:23:38.044953
4303349732057424985,https://www.hemnet.se/salda/lagenhet-3rum-kvarnbergsplan-huddinge-kommun-kansligrand-20-4303349732057424985,55-56m²,bostadsratt,2026-05-13T23:23:38.044954
6280527857436038929,https://www.hemnet.se/salda/lagenhet-2rum-sodertalje-sodertalje-kommun-nysattravagen-17a-6280527857436038929,55-56m²,bostadsratt,2026-05-13T23:23:38.044955
9143103020494309982,https://www.hemnet.se/salda/lagenhet-2rum-aspudden-midsommarkransen-stockholms-kommun-backvagen-50-9143103020494309982,55-56m²,bostadsratt,2026-05-13T23:23:38.044957
7512448005977875607,https://www.hemnet.se/salda/lagenhet-2rum-olskroken-goteborgs-kommun-ovre-olskroksgatan-28a-7512448005977875607,55-56m²,bostadsratt,2026-05-13T23:23:38.044958
1981682215742204191,https://www.hemnet.se/salda/lagenhet-2rum-sylte-trollhattans-kommun-bergkullevagen-163-1981682215742204191,55-56m²,bostadsratt,2026-05-13T23:23:38.044960
7017643912460184501,https://www.hemnet.se/salda/lagenhet-2rum-marsta-centralt-sigtuna-kommun-stationsgatan-2a-7017643912460184501,55-56m²,bostadsratt,2026-05-13T23:23:38.044961
4373408640300479124,https://www.hemnet.se/salda/lagenhet-2rum-kapellgardet-uppsala-kommun-vattholmavagen-6-a-4373408640300479124,55-56m²,bostadsratt,2026-05-13T23:23:38.044962
6925718732354127422,https://www.hemnet.se/salda/lagenhet-2rum-johanneshov-globen-stockholms-kommun-bildhuggarvagen-31-6925718732354127422,55-56m²,bostadsratt,2026-05-13T23:23:38.044964
5340311046935720211,https://www.hemnet.se/salda/lagenhet-3rum-farhult-hoganas-kommun-yxvagen-10b-5340311046935720211,55-56m²,bostadsratt,2026-05-13T23:23:38.044965
4958675540499246428,"https://www.hemnet.se/salda/lagenhet-2rum-gamla-rasunda-solna-kommun-erik-sandbergs-gata-6,-van-4-4-4958675540499246428",55-56m²,bostadsratt,2026-05-13T23:23:38.044967
4360900996997423661,https://www.hemnet.se/salda/lagenhet-2rum-mariero-vanersborgs-kommun-bangatan-18-4360900996997423661,55-56m²,bostadsratt,2026-05-13T23:23:38.044968
1512816133784443545,https://www.hemnet.se/salda/lagenhet-2rum-centrum-kopings-kommun-viktoriagatan-12b-1512816133784443545,55-56m²,bostadsratt,2026-05-13T23:23:38.044969
9190582865873754636,https://www.hemnet.se/salda/lagenhet-2rum-johanneberg-fredriksdal-goteborgs-kommun-falkenbergsgatan-9b-9190582865873754636,55-56m²,bostadsratt,2026-05-13T23:23:38.044970
6906754115328635987,https://www.hemnet.se/salda/lagenhet-2rum-eneborg-helsingborgs-kommun-vagnmansgatan-22-6906754115328635987,55-56m²,bostadsratt,2026-05-13T23:23:38.044972
5796246645810654657,"https://www.hemnet.se/salda/lagenhet-2rum-valsta-sigtuna-kommun-vidargatan-13,-bv-5796246645810654657",55-56m²,bostadsratt,2026-05-13T23:23:38.044973
8204020227110118191,https://www.hemnet.se/salda/lagenhet-2rum-nedre-johanneberg-goteborgs-kommun-pontus-wiknersgatan-9b-8204020227110118191,55-56m²,bostadsratt,2026-05-13T23:23:38.044974
2506958298162964832,https://www.hemnet.se/salda/lagenhet-2rum-sofiaparken-lunds-kommun-sofiavagen-3e-2506958298162964832,55-56m²,bostadsratt,2026-05-13T23:23:38.044976
6323140844282261249,https://www.hemnet.se/salda/lagenhet-2rum-taby-park-taby-kommun-parkallen-13-6323140844282261249,55-56m²,bostadsratt,2026-05-13T23:23:38.044977
1951381319295649685,https://www.hemnet.se/salda/lagenhet-2rum-sylte-trollhattans-kommun-bergkullevagen-195-1951381319295649685,55-56m²,bostadsratt,2026-05-13T23:23:38.044978
5491443426621959106,https://www.hemnet.se/salda/lagenhet-2rum-akersberga-centralt-osterakers-kommun-plogvagen-15-5491443426621959106,55-56m²,bostadsratt,2026-05-13T23:23:38.044980
2326221326882251177,https://www.hemnet.se/salda/lagenhet-2rum-gardet-saters-kommun-idrottsvagen-3b-2326221326882251177,55-56m²,bostadsratt,2026-05-13T23:23:38.044981
8190706290185779651,https://www.hemnet.se/salda/lagenhet-2rum-sundsta-karlstads-kommun-rudsvagen-3-c-8190706290185779651,55-56m²,bostadsratt,2026-05-13T23:23:38.044983
2778511305089970823,https://www.hemnet.se/salda/lagenhet-2rum-hammarby-sjostad-stockholms-kommun-sjofartsgatan-17-2778511305089970823,55-56m²,bostadsratt,2026-05-13T23:23:38.044984
7430891131434323169,https://www.hemnet.se/salda/lagenhet-2rum-gustavsberg-varmdo-kommun-hastskovagen-5-7430891131434323169,55-56m²,bostadsratt,2026-05-13T23:23:38.044985
1100768836574519398,https://www.hemnet.se/salda/lagenhet-2rum-norrbole-skelleftea-kommun-ostra-nygatan-95b-1100768836574519398,55-56m²,bostadsratt,2026-05-13T23:23:38.044986
4407073154094112579,https://www.hemnet.se/salda/lagenhet-2rum-eds-alle-upplands-vasby-kommun-vallstavagen-4-4407073154094112579,55-56m²,bostadsratt,2026-05-13T23:23:38.044988
359229741487368177,https://www.hemnet.se/salda/lagenhet-2rum-norr-eskilstuna-kommun-eleonoragatan-7c-359229741487368177,55-56m²,bostadsratt,2026-05-13T23:23:38.044989
4709579582132822914,"https://www.hemnet.se/salda/lagenhet-3rum-sofo-stockholms-kommun-gotlandsgatan-37,-2-tr-4709579582132822914",55-56m²,bostadsratt,2026-05-13T23:23:38.044991
3193601637779295717,https://www.hemnet.se/salda/lagenhet-2rum-falhagen-uppsala-kommun-vaderkvarnsgatan-30-3193601637779295717,55-56m²,bostadsratt,2026-05-13T23:23:38.044992
1465454965442276817,https://www.hemnet.se/salda/lagenhet-2rum-aspudden-stockholms-kommun-sigurd-rings-gata-6-1465454965442276817,55-56m²,bostadsratt,2026-05-13T23:23:38.044993
8107778810067249783,https://www.hemnet.se/salda/lagenhet-2rum-gotland-vastra-gotlands-kommun-akermansvagen-22-8107778810067249783,55-56m²,bostadsratt,2026-05-13T23:23:38.044995
5239985497220583514,https://www.hemnet.se/salda/lagenhet-2rum-arsta-stockholms-kommun-slatbaksvagen-13-5239985497220583514,55-56m²,bostadsratt,2026-05-13T23:23:38.044996
3300942432085828721,https://www.hemnet.se/salda/lagenhet-2rum-gubbangen-stockholms-kommun-skapvagen-11-3300942432085828721,55-56m²,bostadsratt,2026-05-13T23:23:38.044998
3641377789451321331,https://www.hemnet.se/salda/lagenhet-2rum-kapellgardet-uppsala-kommun-torngatan-1-3641377789451321331,55-56m²,bostadsratt,2026-05-13T23:23:38.044999
9115807422571560580,https://www.hemnet.se/salda/lagenhet-2rum-soder-gavle-kommun-sodra-kungsgatan-55a-9115807422571560580,55-56m²,bostadsratt,2026-05-13T23:23:38.045000
4516539985896536605,"https://www.hemnet.se/salda/lagenhet-2rum-aspudden-stockholms-kommun-vapengatan-7,-van-1-4516539985896536605",55-56m²,bostadsratt,2026-05-13T23:23:38.045002
5476377833780421457,https://www.hemnet.se/salda/lagenhet-2rum-vastra-kattarp-malmo-kommun-jagersrovagen-17b-5476377833780421457,55-56m²,bostadsratt,2026-05-13T23:23:38.045003
3911065829591240648,https://www.hemnet.se/salda/lagenhet-2rum-barkarbystaden-jarfalla-kommun-parkvagen-9-3911065829591240648,55-56m²,bostadsratt,2026-05-13T23:23:38.045005
8257519259928203585,https://www.hemnet.se/salda/lagenhet-2rum-brunn-varmdo-kommun-mortviksvagen-10-8257519259928203585,55-56m²,bostadsratt,2026-05-13T23:23:38.045006
2054820757301884933,https://www.hemnet.se/salda/lagenhet-2rum-fagelbacken-malmo-kommun-krutmeijersgatan-10-a-2054820757301884933,55-56m²,bostadsratt,2026-05-13T23:23:38.045007
1541274209891330004,"https://www.hemnet.se/salda/lagenhet-2rum-frosunda-solna-kommun-gustav-iii-s-boulevard-98,-6-tr-1541274209891330004",55-56m²,bostadsratt,2026-05-13T23:23:38.045009
1326703818767391959,https://www.hemnet.se/salda/lagenhet-2rum-centrum-kungalv-kungalvs-kommun-trollhattevagen-16c-1326703818767391959,55-56m²,bostadsratt,2026-05-13T23:23:38.045011
1240845669003619753,https://www.hemnet.se/salda/lagenhet-2rum-haga-umea-kommun-solvandan-2b-1240845669003619753,55-56m²,bostadsratt,2026-05-13T23:23:38.045012
4053278216434290982,https://www.hemnet.se/salda/lagenhet-2rum-kvillebacken-goteborgs-kommun-solventilsgatan-18-4053278216434290982,55-56m²,bostadsratt,2026-05-13T23:23:38.045013
1620845994504460429,https://www.hemnet.se/salda/lagenhet-2rum-centralt-galgberget-halmstads-kommun-ridhusgatan-8-1620845994504460429,55-56m²,bostadsratt,2026-05-13T23:23:38.045015
5243056318084433953,https://www.hemnet.se/salda/lagenhet-2rum-inre-hamn-karlstads-kommun-hadar-grudes-gata-9-5243056318084433953,55-56m²,bostadsratt,2026-05-13T23:23:38.045017
8297911551104061672,"https://www.hemnet.se/salda/lagenhet-2rum-vastertorp-stockholms-kommun-terrangvagen-75,-van-3-8297911551104061672",55-56m²,bostadsratt,2026-05-13T23:23:38.045018
4751554690204417158,https://www.hemnet.se/salda/lagenhet-2rum-nyhamn-landskrona-kommun-badhusgatan-26-4751554690204417158,55-56m²,bostadsratt,2026-05-13T23:23:38.045019
9052094351948965813,"https://www.hemnet.se/salda/lagenhet-2rum-aspudden-stockholms-kommun-hovdingagatan-33,-van-2-9052094351948965813",55-56m²,bostadsratt,2026-05-13T23:23:38.045021
2096921438191539023,https://www.hemnet.se/salda/lagenhet-2rum-gamla-staden-lidkopings-kommun-prostgatan-6d-2096921438191539023,55-56m²,bostadsratt,2026-05-13T23:23:38.045022
4584070263189203343,https://www.hemnet.se/salda/lagenhet-2rum-trandared-boras-kommun-tamarksgatan-2-4584070263189203343,55-56m²,bostadsratt,2026-05-13T23:23:38.045024
7500466949370730297,https://www.hemnet.se/salda/lagenhet-2rum-ribersborg-malmo-kommun-sergels-vag-14b-7500466949370730297,55-56m²,bostadsratt,2026-05-13T23:23:38.045025
5750253665699764827,https://www.hemnet.se/salda/lagenhet-2rum-eneborg-helsingborgs-kommun-tranemansgatan-27b-5750253665699764827,55-56m²,bostadsratt,2026-05-13T23:23:38.045027
6817575632873817945,https://www.hemnet.se/salda/lagenhet-2rum-hemlingby-gavle-kommun-geodetgatan-33-6817575632873817945,55-56m²,bostadsratt,2026-05-13T23:23:38.045028
574880978501285420,https://www.hemnet.se/salda/lagenhet-2rum-lunden-skovde-kommun-lundenvagen-37a-574880978501285420,55-56m²,bostadsratt,2026-05-13T23:23:38.045029
7814946251534531202,https://www.hemnet.se/salda/lagenhet-2rum-arlov-burlovs-kommun-lommavagen-32a-7814946251534531202,55-56m²,bostadsratt,2026-05-13T23:23:38.045031
7418513726129972927,https://www.hemnet.se/salda/lagenhet-2rum-hokarangen-stockholms-kommun-kumminvagen-8a-7418513726129972927,55-56m²,bostadsratt,2026-05-13T23:23:38.045032
9095294916727375263,"https://www.hemnet.se/salda/lagenhet-2,5rum-centralt-vaster-orebro-kommun-ullavigatan-31e-9095294916727375263",55-56m²,bostadsratt,2026-05-13T23:23:38.045034
3083938234237243032,https://www.hemnet.se/salda/lagenhet-2rum-tyreso-skogsstad-tyreso-kommun-barrskogsvagen-9-3083938234237243032,55-56m²,bostadsratt,2026-05-13T23:23:38.045035
4343573553029245352,https://www.hemnet.se/salda/lagenhet-2rum-centralt-oxelosund-oxelosunds-kommun-tradgardsgatan-17-4343573553029245352,55-56m²,bostadsratt,2026-05-13T23:23:38.045037
2238563846933491612,https://www.hemnet.se/salda/lagenhet-2rum-centrum-uppsala-kommun-svartbacksgatan-41-2238563846933491612,55-56m²,bostadsratt,2026-05-13T23:23:38.045038
4996921365262113821,https://www.hemnet.se/salda/lagenhet-2rum-centrala-hisingen-goteborgs-kommun-solventilsgatan-14-4996921365262113821,55-56m²,bostadsratt,2026-05-13T23:23:38.045039
2361593598463332435,https://www.hemnet.se/salda/lagenhet-2rum-bjorkekarr-goteborgs-kommun-trakilsgatan-48-2361593598463332435,55-56m²,bostadsratt,2026-05-13T23:23:38.045040
2638255490461788594,https://www.hemnet.se/salda/lagenhet-2rum-navertorp-katrineholms-kommun-tallbacken-8-2638255490461788594,55-56m²,bostadsratt,2026-05-13T23:23:38.045042
7806462065762859999,https://www.hemnet.se/salda/lagenhet-2rum-tradgardstaden-ystads-kommun-einar-olssons-gata-14a-7806462065762859999,55-56m²,bostadsratt,2026-05-13T23:23:38.045043
2081696732510464964,https://www.hemnet.se/salda/lagenhet-2rum-falhagen-uppsala-kommun-norrtaljegatan-3b-2081696732510464964,55-56m²,bostadsratt,2026-05-13T23:23:38.045044
8835467226680413351,https://www.hemnet.se/salda/lagenhet-2rum-arrarps-angar-angelholms-kommun-harnosandsgatan-25g-8835467226680413351,55-56m²,bostadsratt,2026-05-13T23:23:38.045046
1772186437961745677,https://www.hemnet.se/salda/lagenhet-2rum-vastertorp-stockholms-kommun-terrangvagen-59-1772186437961745677,55-56m²,bostadsratt,2026-05-13T23:23:38.045047
2688048382339043702,https://www.hemnet.se/salda/lagenhet-2rum-vasastan-hagastaden-stockholms-kommun-torsplan-10-2688048382339043702,55-56m²,bostadsratt,2026-05-13T23:23:38.045048
555839898877019454,https://www.hemnet.se/salda/lagenhet-2rum-ulricehamn-ulricehamns-kommun-storgatan-51-555839898877019454,55-56m²,bostadsratt,2026-05-13T23:23:38.045050
7934529052602180740,https://www.hemnet.se/salda/lagenhet-2rum-alsike-knivsta-kommun-orrspelsgatan-71-7934529052602180740,55-56m²,bostadsratt,2026-05-13T23:23:38.045051
7878405175911262370,https://www.hemnet.se/salda/lagenhet-2rum-vasastan-birkastan-stockholms-kommun-karlbergsvagen-66b-7878405175911262370,55-56m²,bostadsratt,2026-05-13T23:23:38.045053
7204527200399440957,https://www.hemnet.se/salda/lagenhet-2rum-visby-terra-nova-gotlands-kommun-sjudarevagen-36-a-7204527200399440957,55-56m²,bostadsratt,2026-05-13T23:23:38.045054
5276408544649873442,https://www.hemnet.se/salda/lagenhet-2rum-klippan-klippans-kommun-abygatan-3a-5276408544649873442,55-56m²,bostadsratt,2026-05-13T23:23:38.045055
5086080281206144106,https://www.hemnet.se/salda/lagenhet-2rum-bromma-riksby-stockholms-kommun-spinnrocksvagen-13-5086080281206144106,55-56m²,bostadsratt,2026-05-13T23:23:38.045057
2421469749751118496,https://www.hemnet.se/salda/lagenhet-2rum-herting-falkenbergs-kommun-august-bondesons-vag-1-2421469749751118496,55-56m²,bostadsratt,2026-05-13T23:23:38.045058
5082290997596771575,https://www.hemnet.se/salda/lagenhet-2rum-varvsstaden-malmo-kommun-angfarjekajen-22-5082290997596771575,55-56m²,bostadsratt,2026-05-13T23:23:38.045059
8939017346427506676,https://www.hemnet.se/salda/lagenhet-2rum-karlberg-karlskoga-kommun-ferlinsvagen-18a-8939017346427506676,55-56m²,bostadsratt,2026-05-13T23:23:38.045061
1366973427318921008,https://www.hemnet.se/salda/lagenhet-2rum-haga-rikscity-norrkopings-kommun-hagagatan-17b-1366973427318921008,55-56m²,bostadsratt,2026-05-13T23:23:38.045063
706626010024139066,https://www.hemnet.se/salda/lagenhet-2rum-karlsborg-karlsborgs-kommun-skyttegatan-4-706626010024139066,55-56m²,bostadsratt,2026-05-13T23:23:38.045064
2259791451482021157,https://www.hemnet.se/salda/lagenhet-2rum-ribersborg-malmo-kommun-tessins-vag-8b-2259791451482021157,55-56m²,bostadsratt,2026-05-13T23:23:38.045066
8341306075840366931,https://www.hemnet.se/salda/lagenhet-2rum-kapellgardet-uppsala-kommun-portalgatan-70-8341306075840366931,55-56m²,bostadsratt,2026-05-13T23:23:38.045067
4103665482392324711,"https://www.hemnet.se/salda/lagenhet-2rum-skondal-stockholms-kommun-kubbegatan-18,-3tr-4103665482392324711",55-56m²,bostadsratt,2026-05-13T23:23:38.045068
7953651393015169076,"https://www.hemnet.se/salda/lagenhet-3rum-vasastan-birkastan-stockholms-kommun-tomtebogatan-22,-og-7953651393015169076",55-56m²,bostadsratt,2026-05-13T23:23:38.045070
7158609276358002516,https://www.hemnet.se/salda/lagenhet-3rum-visby-norderstrand-gotlands-kommun-s-t-goransgatan-31-7158609276358002516,55-56m²,bostadsratt,2026-05-13T23:23:38.045072
581605421404784691,https://www.hemnet.se/salda/lagenhet-2rum-nya-branninge-habo-kommun-maskrosstigen-33-581605421404784691,55-56m²,bostadsratt,2026-05-13T23:23:38.045073
1346208516315986967,"https://www.hemnet.se/salda/lagenhet-2,5rum-hagernas-taby-kommun-radarvagen-3-1346208516315986967",55-56m²,bostadsratt,2026-05-13T23:23:38.045074
773023992497110485,https://www.hemnet.se/salda/lagenhet-2rum-centrum-lulea-kommun-sandviksgatan-17-773023992497110485,55-56m²,bostadsratt,2026-05-13T23:23:38.045076
4826523683042991485,https://www.hemnet.se/salda/lagenhet-3rum-johanneberg-goteborgs-kommun-eklandagatan-54e-4826523683042991485,55-56m²,bostadsratt,2026-05-13T23:23:38.045077
2083471113290501205,"https://www.hemnet.se/salda/lagenhet-2rum-bjorkhagen-stockholms-kommun-bastadsvagen-4,-3-tr-2083471113290501205",55-56m²,bostadsratt,2026-05-13T23:23:38.045078
1224743330704990654,https://www.hemnet.se/salda/lagenhet-2rum-norra-sorgenfri-malmo-kommun-industrigatan-17a-1224743330704990654,55-56m²,bostadsratt,2026-05-13T23:23:38.045080
1854085455743983771,https://www.hemnet.se/salda/lagenhet-2rum-musikanten-borlange-kommun-musikanten-11b-1854085455743983771,55-56m²,bostadsratt,2026-05-13T23:23:38.045081
3256710442025524323,https://www.hemnet.se/salda/lagenhet-3rum-centralt-eslovs-kommun-grona-torg-1c-3256710442025524323,55-56m²,bostadsratt,2026-05-13T23:23:38.045082
8723963669322725512,"https://www.hemnet.se/salda/lagenhet-2rum-kvillebacken-goteborgs-kommun-langangen-10,-van-5-5-8723963669322725512",55-56m²,bostadsratt,2026-05-13T23:23:38.045084
9008494390378504271,https://www.hemnet.se/salda/lagenhet-2rum-vasastan-sibirien-stockholms-kommun-birger-jarlsgatan-115a-9008494390378504271,55-56m²,bostadsratt,2026-05-13T23:23:38.045085
1239033926965552000,https://www.hemnet.se/salda/lagenhet-2rum-perstorp-perstorps-kommun-fasanvagen-4c-1239033926965552000,55-56m²,bostadsratt,2026-05-13T23:23:38.045087
5676429177157186390,https://www.hemnet.se/salda/lagenhet-2rum-granlo-sundsvalls-kommun-hogomsvagen-60-5676429177157186390,55-56m²,bostadsratt,2026-05-13T23:23:38.045088
6364508221906523325,"https://www.hemnet.se/salda/lagenhet-2rum-ostermalm-stockholms-kommun-jungfrugatan-52,-3tr-6364508221906523325",55-56m²,bostadsratt,2026-05-13T23:23:38.045089
5290162421418561821,"https://www.hemnet.se/salda/lagenhet-2rum-solna-centrum-solna-kommun-solnavagen-29f,-van-5-5290162421418561821",55-56m²,bostadsratt,2026-05-13T23:23:38.045091
2664160895650733078,https://www.hemnet.se/salda/lagenhet-2rum-kallfors-hojder-sodertalje-kommun-vallhojdsvagen-7-2664160895650733078,55-56m²,bostadsratt,2026-05-13T23:23:38.045092
1256850439199075785,https://www.hemnet.se/salda/lagenhet-3rum-sundbyberg-ursvik-sundbybergs-kommun-forskargrand-2-1256850439199075785,55-56m²,bostadsratt,2026-05-13T23:23:38.045093
4379815524455487570,https://www.hemnet.se/salda/lagenhet-2rum-skogsbo-avesta-kommun-asgardsvagen-27a-4379815524455487570,55-56m²,bostadsratt,2026-05-13T23:23:38.045094
6595667812934540384,"https://www.hemnet.se/salda/lagenhet-2,5rum-aspudden-stockholms-kommun-hovdingagatan-7-6595667812934540384",55-56m²,bostadsratt,2026-05-13T23:23:38.045096
3329993083420365279,https://www.hemnet.se/salda/lagenhet-4rum-norra-djurgardsstaden-stockholms-kommun-hardvallsgatan-11-3329993083420365279,55-56m²,bostadsratt,2026-05-13T23:23:38.045097
4897812694785820916,https://www.hemnet.se/salda/lagenhet-2rum-kungsbacka-kungsbacka-kommun-skogsallen-28-4897812694785820916,55-56m²,bostadsratt,2026-05-13T23:23:38.045099
2098090415116707929,https://www.hemnet.se/salda/lagenhet-2rum-hogsbo-goteborgs-kommun-kopparmyntsgatan-7-2098090415116707929,55-56m²,bostadsratt,2026-05-13T23:23:38.045100
7895866745439939638,https://www.hemnet.se/salda/lagenhet-2rum-fredriksberg-falkopings-kommun-hjelmarsrorsgatan-1i-7895866745439939638,55-56m²,bostadsratt,2026-05-13T23:23:38.045101
6603838311852878010,https://www.hemnet.se/salda/lagenhet-2rum-almedal-goteborgs-kommun-falkenbergsgatan-13b-6603838311852878010,55-56m²,bostadsratt,2026-05-13T23:23:38.045103
887981810781128470,https://www.hemnet.se/salda/lagenhet-2rum-vaster-orebro-kommun-lovstagatan-46e-887981810781128470,55-56m²,bostadsratt,2026-05-13T23:23:38.045104
4585792736217620413,https://www.hemnet.se/salda/lagenhet-2rum-lindholmen-goteborgs-kommun-lindholmsallen-26b-4585792736217620413,55-56m²,bostadsratt,2026-05-13T23:23:38.045106
4268930674996111772,https://www.hemnet.se/salda/lagenhet-2rum-centralt-oster-halmstads-kommun-blasbackegatan-4-4268930674996111772,55-56m²,bostadsratt,2026-05-13T23:23:38.045107
189162060119878822,https://www.hemnet.se/salda/lagenhet-3rum-ostra-gotland-ljugarn-gotlands-kommun-claudelins-vag-2j-189162060119878822,55-56m²,bostadsratt,2026-05-13T23:23:38.045109
6412482158755352441,https://www.hemnet.se/salda/lagenhet-2rum-fredhall-stockholms-kommun-ralambshovsleden-38-6412482158755352441,55-56m²,bostadsratt,2026-05-13T23:23:38.045110
1769004465045881533,https://www.hemnet.se/salda/lagenhet-2rum-storskogen-sundbybergs-kommun-fagelsangen-4-1769004465045881533,55-56m²,bostadsratt,2026-05-13T23:23:38.045111
493514495813198378,https://www.hemnet.se/salda/lagenhet-2rum-nasby-park-taby-kommun-kryssarvagen-14-493514495813198378,55-56m²,bostadsratt,2026-05-13T23:23:38.045113
9179585399218336137,https://www.hemnet.se/salda/lagenhet-2rum-sodermalm-stockholms-kommun-ostgotagatan-26-9179585399218336137,55-56m²,bostadsratt,2026-05-13T23:23:38.045114
669246935747931421,https://www.hemnet.se/salda/lagenhet-2rum-haninge-haninge-kommun-arkens-vag-3-669246935747931421,55-56m²,bostadsratt,2026-05-13T23:23:38.045115
2913876048043318091,https://www.hemnet.se/salda/lagenhet-2rum-soder-vaxjo-kommun-bergundavagen-12-2913876048043318091,55-56m²,bostadsratt,2026-05-13T23:23:38.045117
4591892029746780056,https://www.hemnet.se/salda/lagenhet-2rum-norr-eskilstuna-kommun-bryggaregatan-9c-4591892029746780056,55-56m²,bostadsratt,2026-05-13T23:23:38.045118
2216970444967943701,https://www.hemnet.se/salda/lagenhet-2rum-tumba-park-botkyrka-kommun-myntvagen-12-2216970444967943701,55-56m²,bostadsratt,2026-05-13T23:23:38.045120
3488806545133769835,https://www.hemnet.se/salda/lagenhet-2rum-va-kristianstads-kommun-backstigen-3b-3488806545133769835,55-56m²,bostadsratt,2026-05-13T23:23:38.045121
2993035717255297317,https://www.hemnet.se/salda/lagenhet-2rum-bergviken-lulea-kommun-kallgatan-2-2993035717255297317,55-56m²,bostadsratt,2026-05-13T23:23:38.045122
2098385665531327786,https://www.hemnet.se/salda/lagenhet-2rum-sorgenfri-malmo-kommun-master-palmsgatan-5d-2098385665531327786,55-56m²,bostadsratt,2026-05-13T23:23:38.045124
1086716748388030529,https://www.hemnet.se/salda/lagenhet-2rum-sodermalm-sofia-stockholms-kommun-renstiernas-gata-27-1086716748388030529,55-56m²,bostadsratt,2026-05-13T23:23:38.045125
3084620086583740245,https://www.hemnet.se/salda/lagenhet-2rum-segevang-malmo-kommun-kronetorpsgatan-64c-3084620086583740245,55-56m²,bostadsratt,2026-05-13T23:23:38.045126
5685924626250844585,https://www.hemnet.se/salda/lagenhet-2rum-limhamn-malmo-kommun-vastra-bernadottesgatan-23c-5685924626250844585,55-56m²,bostadsratt,2026-05-13T23:23:38.045128
8732681578294660015,https://www.hemnet.se/salda/lagenhet-2rum-fresta-upplands-vasby-kommun-uppfinnargatan-9-g-8732681578294660015,55-56m²,bostadsratt,2026-05-13T23:23:38.045129
4731728168207710104,"https://www.hemnet.se/salda/lagenhet-3rum-hammarbyhojden,-johanneshov-stockholms-kommun-tidaholmsvagen-39-4731728168207710104",55-56m²,bostadsratt,2026-05-13T23:23:38.045131
2592923472447673128,https://www.hemnet.se/salda/lagenhet-2rum-trangsund-huddinge-kommun-tornslingan-31-2592923472447673128,55-56m²,bostadsratt,2026-05-13T23:23:38.045132
1771090993862899,https://www.hemnet.se/salda/lagenhet-2rum-city-malmo-kommun-altonagatan-4-1771090993862899,55-56m²,bostadsratt,2026-05-13T23:23:38.045133
8052736230314639214,"https://www.hemnet.se/salda/lagenhet-2rum-enskede-stureby-stockholms-kommun-gotaforsvagen-17,-3-tr-8052736230314639214",55-56m²,bostadsratt,2026-05-13T23:23:38.045134
2744377634024576434,https://www.hemnet.se/salda/lagenhet-2rum-rorsjostaden-malmo-kommun-dobelnsgatan-16a-2744377634024576434,55-56m²,bostadsratt,2026-05-13T23:23:38.045136
9200403050544974917,https://www.hemnet.se/salda/lagenhet-2rum-bokalyckan-centrum-hassleholms-kommun-vankivavagen-13a-9200403050544974917,55-56m²,bostadsratt,2026-05-13T23:23:38.045137
1629637648277053678,https://www.hemnet.se/salda/lagenhet-2rum-kungsangen-sala-kommun-bergslagsgatan-22a-1629637648277053678,55-56m²,bostadsratt,2026-05-13T23:23:38.045138
5746820714234595115,https://www.hemnet.se/salda/lagenhet-2rum-sandarna-goteborgs-kommun-fixfabrikens-gata-12-5746820714234595115,55-56m²,bostadsratt,2026-05-13T23:23:38.045140
3847251762496611135,https://www.hemnet.se/salda/lagenhet-3rum-kungsholmen-stora-essingen-stockholms-kommun-eknasvagen-6c-3847251762496611135,55-56m²,bostadsratt,2026-05-13T23:23:38.045141
1954442712325871943,https://www.hemnet.se/salda/lagenhet-2rum-framre-luthagen-uppsala-kommun-luthagsesplanaden-17a-1954442712325871943,55-56m²,bostadsratt,2026-05-13T23:23:38.045143
5733915800659448214,https://www.hemnet.se/salda/lagenhet-2rum-sorberge-timra-kommun-solhemsvagen-3-5733915800659448214,55-56m²,bostadsratt,2026-05-13T23:23:38.045144
1579057801113374746,https://www.hemnet.se/salda/lagenhet-2rum-hovas-skalldalen-goteborgs-kommun-skalldalsbacken-6-1579057801113374746,55-56m²,bostadsratt,2026-05-13T23:23:38.045146
5948805649210003653,https://www.hemnet.se/salda/lagenhet-3rum-sollentuna-centrum-sollentuna-kommun-kung-agnes-vag-24-5948805649210003653,55-56m²,bostadsratt,2026-05-13T23:23:38.045147
4665691360466285067,https://www.hemnet.se/salda/lagenhet-2rum-oster-malarstrand-vasteras-kommun-poseidongatan-17-4665691360466285067,55-56m²,bostadsratt,2026-05-13T23:23:38.045148
7605353415616502496,https://www.hemnet.se/salda/lagenhet-2rum-hollviksnas-vellinge-kommun-falsterbovagen-89a-7605353415616502496,55-56m²,bostadsratt,2026-05-13T23:23:38.045150
302082003513294075,"https://www.hemnet.se/salda/lagenhet-3rum-sodermalm-reimersholme-stockholms-kommun-anders-reimers-vag-11,-3-tr-302082003513294075",55-56m²,bostadsratt,2026-05-13T23:23:38.045151
7382102768271873743,https://www.hemnet.se/salda/lagenhet-2rum-centrum-lulea-kommun-varvsgatan-59a-7382102768271873743,55-56m²,bostadsratt,2026-05-13T23:23:38.045153
3739740853586995160,https://www.hemnet.se/salda/lagenhet-2rum-gottfridsberg-linkopings-kommun-norrsvangen-3a-3739740853586995160,55-56m²,bostadsratt,2026-05-13T23:23:38.045154
5604021724391900540,https://www.hemnet.se/salda/lagenhet-2rum-trangsund-huddinge-kommun-tornslingan-41-5604021724391900540,55-56m²,bostadsratt,2026-05-13T23:23:38.045155
8204155305625229907,https://www.hemnet.se/salda/lagenhet-2rum-borgholm-borgholms-kommun-sandgatan-32d-8204155305625229907,55-56m²,bostadsratt,2026-05-13T23:23:38.045157
3113845863493760909,https://www.hemnet.se/salda/lagenhet-2rum-tumba-botkyrka-kommun-munkhattevagen-19b-3113845863493760909,55-56m²,bostadsratt,2026-05-13T23:23:38.045158
7230592920901226113,https://www.hemnet.se/salda/lagenhet-2rum-kviberg-goteborgs-kommun-generalsgatan-4-7230592920901226113,55-56m²,bostadsratt,2026-05-13T23:23:38.045159
7580087909969148002,https://www.hemnet.se/salda/lagenhet-2rum-slottsstaden-malmo-kommun-kopenhamnsvagen-32-a-7580087909969148002,55-56m²,bostadsratt,2026-05-13T23:23:38.045161
2843914488710828213,https://www.hemnet.se/salda/lagenhet-2rum-centrum-uppsala-kommun-kungsgatan-66d-2843914488710828213,55-56m²,bostadsratt,2026-05-13T23:23:38.045162
3585631422956399183,https://www.hemnet.se/salda/lagenhet-2rum-mortnas-varmdo-kommun-annelundsstigen-3-3585631422956399183,55-56m²,bostadsratt,2026-05-13T23:23:38.045163
8421693590909388741,https://www.hemnet.se/salda/lagenhet-2rum-jakobsberg-jarfalla-kommun-ynglingavagen-20e-8421693590909388741,55-56m²,bostadsratt,2026-05-13T23:23:38.045165
3709156078573059725,https://www.hemnet.se/salda/lagenhet-2rum-hogsbo-goteborgs-kommun-skapplandsgatan-17-3709156078573059725,55-56m²,bostadsratt,2026-05-13T23:23:38.045166
7153665411375088390,"https://www.hemnet.se/salda/lagenhet-2rum-ostermalm-stockholms-kommun-odengatan-16b,-3tr-7153665411375088390",55-56m²,bostadsratt,2026-05-13T23:23:38.045167
361595647817815371,https://www.hemnet.se/salda/lagenhet-2rum-arlov-burlovs-kommun-lommavagen-32a-361595647817815371,55-56m²,bostadsratt,2026-05-13T23:23:38.045169
5536804774218478955,"https://www.hemnet.se/salda/lagenhet-2rum-arsta-stockholms-kommun-skontorpsvagen-93,-3-3tr-5536804774218478955",55-56m²,bostadsratt,2026-05-13T23:23:38.045170
2763927204319224206,https://www.hemnet.se/salda/lagenhet-2rum-bromma-mariehall-stockholms-kommun-kratsbodavagen-46a-2763927204319224206,55-56m²,bostadsratt,2026-05-13T23:23:38.045172
6321545933247430930,https://www.hemnet.se/salda/lagenhet-2rum-eriksberg-uppsala-kommun-gnejsvagen-10a-6321545933247430930,55-56m²,bostadsratt,2026-05-13T23:23:38.045173
8543806249530315410,https://www.hemnet.se/salda/lagenhet-2rum-lyckeby-karlskrona-kommun-axel-w-anderssons-vag-13a-8543806249530315410,55-56m²,bostadsratt,2026-05-13T23:23:38.045174
5050514349787335541,https://www.hemnet.se/salda/lagenhet-2rum-bromma-brommaplan-stockholms-kommun-spangavagen-6-5050514349787335541,55-56m²,bostadsratt,2026-05-13T23:23:38.045176
7228457488018501835,https://www.hemnet.se/salda/lagenhet-2rum-sundbyberg-rissne-sundbybergs-kommun-kavallerivagen-2a-7228457488018501835,55-56m²,bostadsratt,2026-05-13T23:23:38.045177
842151401147033340,https://www.hemnet.se/salda/lagenhet-2rum-sandared-boras-kommun-skolvagen-2a-842151401147033340,55-56m²,bostadsratt,2026-05-13T23:23:38.045179
1973626441181469849,https://www.hemnet.se/salda/lagenhet-2rum-brotorp-jarvastaden-sundbybergs-kommun-brotorpsvagen-5-1973626441181469849,55-56m²,bostadsratt,2026-05-13T23:23:38.045180
3764510073521107694,https://www.hemnet.se/salda/lagenhet-3rum-bromma-traneberg-stockholms-kommun-kebnekaisevagen-6-3764510073521107694,55-56m²,bostadsratt,2026-05-13T23:23:38.045181
1193722821021458197,https://www.hemnet.se/salda/lagenhet-2rum-lunden-skovde-kommun-lundenvagen-11b-1193722821021458197,55-56m²,bostadsratt,2026-05-13T23:23:38.045183
5676667510888585588,"https://www.hemnet.se/salda/lagenhet-2rum-liljeholmskajen-stockholms-kommun-sturehillsvagen-22,-2tr-5676667510888585588",55-56m²,bostadsratt,2026-05-13T23:23:38.045184
5332146279959900977,https://www.hemnet.se/salda/lagenhet-2rum-hudiksvall-hudiksvalls-kommun-hudiksvagen-7c-5332146279959900977,55-56m²,bostadsratt,2026-05-13T23:23:38.045186
6514432450525205549,https://www.hemnet.se/salda/lagenhet-3rum-ornsberg-aspudden-stockholms-kommun-ivar-vidfamnes-gata-10-6514432450525205549,55-56m²,bostadsratt,2026-05-13T23:23:38.045187
3244638660200245438,https://www.hemnet.se/salda/lagenhet-3rum-bromma-stockholms-kommun-arkitektvagen-86-3244638660200245438,55-56m²,bostadsratt,2026-05-13T23:23:38.045188
