property_id,url,area_range,housing_type,scraped_at
3028657718572808282,https://www.hemnet.se/salda/lagenhet-3rum-orgryte-jakobsdal-goteborgs-kommun-laboratoriegatan-10-3028657718572808282,94-95m²,bostadsratt,2026-09-13T13:02:55.526713
3636811774634127700,https://www.hemnet.se/salda/lagenhet-4rum-centrum-uppsala-kommun-vaderkvarnsgatan-19a-3636811774634127700,94-95m²,bostadsratt,2026-09-13T13:02:55.526719
2583156357031444591,https://www.hemnet.se/salda/lagenhet-4rum-nya-garda-goteborgs-kommun-sixten-camps-gata-10-2583156357031444591,94-95m²,bostadsratt,2026-09-13T13:02:55.526721
5151713979984394686,https://www.hemnet.se/salda/lagenhet-4rum-roslags-nasby-taby-kommun-stationsvagen-72-5151713979984394686,94-95m²,bostadsratt,2026-09-13T13:02:55.526723
7557627154851192219,https://www.hemnet.se/salda/lagenhet-4rum-rottne-vaxjo-kommun-falkvagen-20-7557627154851192219,94-95m²,bostadsratt,2026-09-13T13:02:55.526724
4479673877133913995,https://www.hemnet.se/salda/lagenhet-4rum-telefonplan-stockholms-kommun-snickerigatan-14-4479673877133913995,94-95m²,bostadsratt,2026-09-13T13:02:55.526725
7547555673316858209,https://www.hemnet.se/salda/lagenhet-4rum-solbacka-strand-norrtalje-kommun-solparksvagen-15a-7547555673316858209,94-95m²,bostadsratt,2026-09-13T13:02:55.526727
2469080587098008770,"https://www.hemnet.se/salda/lagenhet-4rum-ostermalm-nedre-gardet-stockholms-kommun-valhallavagen-137,-2tr-2469080587098008770",94-95m²,bostadsratt,2026-09-13T13:02:55.526728
5232285073657021361,https://www.hemnet.se/salda/lagenhet-4rum-fiskeback-habo-kommun-vastergarden-10-b-5232285073657021361,94-95m²,bostadsratt,2026-09-13T13:02:55.526729
8899952091202869388,https://www.hemnet.se/salda/lagenhet-4rum-mariehall-stockholms-kommun-kratsbodavagen-44c-8899952091202869388,94-95m²,bostadsratt,2026-09-13T13:02:55.526731
849970694802306204,https://www.hemnet.se/salda/lagenhet-4rum-centrala-tyreso-tyreso-kommun-bjorkbacksvagen-9-849970694802306204,94-95m²,bostadsratt,2026-09-13T13:02:55.526733
2779594259127154571,https://www.hemnet.se/salda/lagenhet-4rum-sodermalm-stockholms-kommun-skaraborgsgatan-8-2779594259127154571,94-95m²,bostadsratt,2026-09-13T13:02:55.526738
6762721503433610901,https://www.hemnet.se/salda/lagenhet-3rum-sannegarden-goteborgs-kommun-angaren-indias-gata-8-6762721503433610901,94-95m²,bostadsratt,2026-09-13T13:02:55.526740
6740453403470681084,https://www.hemnet.se/salda/lagenhet-3rum-rorsjostaden-malmo-kommun-exercisgatan-13-6740453403470681084,94-95m²,bostadsratt,2026-09-13T13:02:55.526743
4478512383745911693,https://www.hemnet.se/salda/lagenhet-4rum-tullinge-botkyrka-kommun-norrskensbacken-7-4478512383745911693,94-95m²,bostadsratt,2026-09-13T13:02:55.526745
5736142024522901876,https://www.hemnet.se/salda/lagenhet-4rum-lindalen-tyreso-kommun-herkulesvagen-28-5736142024522901876,94-95m²,bostadsratt,2026-09-13T13:02:55.526747
316853075230291430,https://www.hemnet.se/salda/lagenhet-4rum-alvsjostaden-stockholms-kommun-kabelverksgatan-32-316853075230291430,94-95m²,bostadsratt,2026-09-13T13:02:55.526749
4959274341590610585,https://www.hemnet.se/salda/lagenhet-4rum-oxhagen-kalmar-kommun-drottning-kristinas-vag-9c-4959274341590610585,94-95m²,bostadsratt,2026-09-13T13:02:55.526751
7358511758485156766,https://www.hemnet.se/salda/lagenhet-3rum-sannegarden-goteborgs-kommun-angaren-indias-gata-4-7358511758485156766,94-95m²,bostadsratt,2026-09-13T13:02:55.526754
4204321599727193062,https://www.hemnet.se/salda/lagenhet-4rum-farjestad-karlstads-kommun-dammgatan-13-4204321599727193062,94-95m²,bostadsratt,2026-09-13T13:02:55.526756
9186373147138659441,"https://www.hemnet.se/salda/lagenhet-4rum-hasselby-gard-stockholms-kommun-friherregatan-41,-9tr-9186373147138659441",94-95m²,bostadsratt,2026-09-13T13:02:55.526758
2242862338116597987,https://www.hemnet.se/salda/lagenhet-3rum-davidshallstorg-malmo-kommun-storgatan-43k-2242862338116597987,94-95m²,bostadsratt,2026-09-13T13:02:55.526760
7524344187534923295,https://www.hemnet.se/salda/lagenhet-4rum-alvsjo-ostbergahojden-stockholms-kommun-vaxtorpsgrand-22-7524344187534923295,94-95m²,bostadsratt,2026-09-13T13:02:55.526762
1978407841576832807,https://www.hemnet.se/salda/lagenhet-4rum-stravalla-varbergs-kommun-askarrsvagen-19-1978407841576832807,94-95m²,bostadsratt,2026-09-13T13:02:55.526764
7055336824101158643,"https://www.hemnet.se/salda/lagenhet-4rum-solna-solna-kommun-ankdammsgatan-33,-van-6-7055336824101158643",94-95m²,bostadsratt,2026-09-13T13:02:55.526766
1422178343618237215,"https://www.hemnet.se/salda/lagenhet-4rum-nacka-jarlaberg-nacka-kommun-trillans-vag-47,-2tr-1422178343618237215",94-95m²,bostadsratt,2026-09-13T13:02:55.526768
4534161209256692431,https://www.hemnet.se/salda/lagenhet-4rum-hov-vaxjo-kommun-lyckestigen-23-4534161209256692431,94-95m²,bostadsratt,2026-09-13T13:02:55.526770
4834169116363497240,https://www.hemnet.se/salda/lagenhet-3rum-mollevangen-malmo-kommun-monbijougatan-18-4834169116363497240,94-95m²,bostadsratt,2026-09-13T13:02:55.526772
3225448811873339284,https://www.hemnet.se/salda/lagenhet-4rum-ostermalm-stockholms-kommun-jungfrugatan-22-3225448811873339284,94-95m²,bostadsratt,2026-09-13T13:02:55.526775
5758050206025323327,https://www.hemnet.se/salda/lagenhet-4rum-froson-ostersunds-kommun-hornsgatan-19b-5758050206025323327,94-95m²,bostadsratt,2026-09-13T13:02:55.526777
3402846905337729412,https://www.hemnet.se/salda/lagenhet-2rum-soderkaj-halmstads-kommun-sodra-vagen-25-b-3402846905337729412,94-95m²,bostadsratt,2026-09-13T13:02:55.526779
439375492311867365,https://www.hemnet.se/salda/lagenhet-4rum-lugnvik-ostersunds-kommun-kopparslagargrand-1-439375492311867365,94-95m²,bostadsratt,2026-09-13T13:02:55.526781
84440611548832045,https://www.hemnet.se/salda/lagenhet-3rum-vejbystrand-angelholms-kommun-bedas-vag-6-84440611548832045,94-95m²,bostadsratt,2026-09-13T13:02:55.526783
6398356107486588631,"https://www.hemnet.se/salda/lagenhet-4rum-kungsangen-centrum-upplands-bro-kommun-furuhallsvagen-2,-2-tr-6398356107486588631",94-95m²,bostadsratt,2026-09-13T13:02:55.526785
5104033378741157278,"https://www.hemnet.se/salda/lagenhet-4rum-kvarnholmen-nacka-kommun-sodra-vagen-63,-4-tr-5104033378741157278",94-95m²,bostadsratt,2026-09-13T13:02:55.526787
4656148784082722167,https://www.hemnet.se/salda/lagenhet-4rum-savedalen-partille-kommun-vallhamra-torg-20-4656148784082722167,94-95m²,bostadsratt,2026-09-13T13:02:55.526790
520907359287933747,https://www.hemnet.se/salda/lagenhet-4rum-varbygard-huddinge-kommun-lammholmsbacken-191-520907359287933747,94-95m²,bostadsratt,2026-09-13T13:02:55.526797
7264005417833588902,https://www.hemnet.se/salda/lagenhet-4rum-jakobsberg-jarfalla-kommun-kvarnvagen-38b-7264005417833588902,94-95m²,bostadsratt,2026-09-13T13:02:55.526799
1858374672890592959,https://www.hemnet.se/salda/lagenhet-4rum-centrala-handen-haninge-kommun-parkvagen-5-1858374672890592959,94-95m²,bostadsratt,2026-09-13T13:02:55.526801
6448734282883090618,https://www.hemnet.se/salda/lagenhet-4rum-jarvastaden-solna-kommun-fridensborgsvagen-108-6448734282883090618,94-95m²,bostadsratt,2026-09-13T13:02:55.526804
1807606376464292557,https://www.hemnet.se/salda/lagenhet-3rum-centrum-stenstaden-sundsvalls-kommun-gronborgsgatan-3-1807606376464292557,94-95m²,bostadsratt,2026-09-13T13:02:55.526806
3850469970190602217,"https://www.hemnet.se/salda/lagenhet-4rum-hagernas-taby-kommun-radarvagen-10,-4-tr-3850469970190602217",94-95m²,bostadsratt,2026-09-13T13:02:55.526808
789751030415381266,https://www.hemnet.se/salda/lagenhet-4rum-sanna-kristinehamns-kommun-dan-brostromsgatan-3b-789751030415381266,94-95m²,bostadsratt,2026-09-13T13:02:55.526810
3002288463179973219,https://www.hemnet.se/salda/lagenhet-4rum-jakobsberg-jarfalla-kommun-aspnasvagen-34-3002288463179973219,94-95m²,bostadsratt,2026-09-13T13:02:55.526812
7309913473354840354,https://www.hemnet.se/salda/lagenhet-4rum-skondal-stockholms-kommun-kubbegatan-3-7309913473354840354,94-95m²,bostadsratt,2026-09-13T13:02:55.526814
4934694895566973114,https://www.hemnet.se/salda/lagenhet-4rum-tullinge-botkyrka-kommun-solskensvagen-11-4934694895566973114,94-95m²,bostadsratt,2026-09-13T13:02:55.526816
6754729767996106706,https://www.hemnet.se/salda/lagenhet-4rum-adolfsberg-orebro-kommun-brunnslyckevagen-6-6754729767996106706,94-95m²,bostadsratt,2026-09-13T13:02:55.526818
6931902924066715551,"https://www.hemnet.se/salda/lagenhet-4rum-gardet-stockholms-kommun-erik-dahlbergsgatan-53,-2-tr-6931902924066715551",94-95m²,bostadsratt,2026-09-13T13:02:55.526820
3582394531124192154,https://www.hemnet.se/salda/lagenhet-3rum-toftenas-tjorns-kommun-peder-brems-vag-2-3582394531124192154,94-95m²,bostadsratt,2026-09-13T13:02:55.526822
7913517955169412952,https://www.hemnet.se/salda/lagenhet-4rum-mariehall-stockholms-kommun-karlsbodavagen-47-7913517955169412952,94-95m²,bostadsratt,2026-09-13T13:02:55.526824
8106607484266828390,https://www.hemnet.se/salda/lagenhet-4rum-sandarna-fixfabriken-goteborgs-kommun-fixfabrikens-gata-10-8106607484266828390,94-95m²,bostadsratt,2026-09-13T13:02:55.526827
5106605702823242886,https://www.hemnet.se/salda/lagenhet-4rum-hallerna-stenungsunds-kommun-modistvagen-21a-5106605702823242886,94-95m²,bostadsratt,2026-09-13T13:02:55.526829
2294784567659715612,https://www.hemnet.se/salda/lagenhet-4rum-kulladal-malmo-kommun-kulladalsgatan-10c-2294784567659715612,94-95m²,bostadsratt,2026-09-13T13:02:55.526831
6837031953337296715,https://www.hemnet.se/salda/lagenhet-4rum-karls-aby-karlskoga-kommun-dalvagen-1-6837031953337296715,94-95m²,bostadsratt,2026-09-13T13:02:55.526833
8433797795843203206,https://www.hemnet.se/salda/lagenhet-4rum-stravalla-varbergs-kommun-askarrsvagen-3b-8433797795843203206,94-95m²,bostadsratt,2026-09-13T13:02:55.526854
7721180224491643166,"https://www.hemnet.se/salda/lagenhet-4rum-bromma-annedal-stockholms-kommun-emils-gata-11a,-van-6-7721180224491643166",94-95m²,bostadsratt,2026-09-13T13:02:55.526856
8258225703000056731,https://www.hemnet.se/salda/lagenhet-4rum-skogas-huddinge-kommun-loftvagen-16-8258225703000056731,94-95m²,bostadsratt,2026-09-13T13:02:55.526858
1224224844575270939,https://www.hemnet.se/salda/lagenhet-3rum-ostermalm-vasastan-stockholms-kommun-birger-jarlsgatan-102b-1224224844575270939,94-95m²,bostadsratt,2026-09-13T13:02:55.526861
7906931769943487541,https://www.hemnet.se/salda/lagenhet-3rum-araby-hov-vaxjo-kommun-gamla-norrvagen-118-7906931769943487541,94-95m²,bostadsratt,2026-09-13T13:02:55.526863
3775774912085673198,https://www.hemnet.se/salda/lagenhet-4rum-hagernas-taby-kommun-radarvagen-4-3775774912085673198,94-95m²,bostadsratt,2026-09-13T13:02:55.526865
7731049285496960662,https://www.hemnet.se/salda/lagenhet-4rum-jakobsberg-jarfalla-kommun-kvarnvagen-18-7731049285496960662,94-95m²,bostadsratt,2026-09-13T13:02:55.526867
6137076951750162373,https://www.hemnet.se/salda/lagenhet-4rum-sorhaga-alingsas-kommun-gustav-adolfsgatan-1-6137076951750162373,94-95m²,bostadsratt,2026-09-13T13:02:55.526868
8412863439723758465,https://www.hemnet.se/salda/lagenhet-4rum-vistaberg-huddinge-kommun-vistabergs-alle-40-8412863439723758465,94-95m²,bostadsratt,2026-09-13T13:02:55.526872
1026600034945412620,https://www.hemnet.se/salda/lagenhet-5rum-majorna-goteborgs-kommun-ekedalsgatan-3a-1026600034945412620,94-95m²,bostadsratt,2026-09-13T13:02:55.526874
4088332872340346146,https://www.hemnet.se/salda/lagenhet-4rum-kils-kommun-mans-smeds-vag-228-4088332872340346146,94-95m²,bostadsratt,2026-09-13T13:02:55.526875
7046196175809629086,https://www.hemnet.se/salda/lagenhet-3rum-kungsholmen-stockholms-kommun-grubbens-gata-3-7046196175809629086,94-95m²,bostadsratt,2026-09-13T13:02:55.526877
8651496269664946704,https://www.hemnet.se/salda/lagenhet-3rum-centrum-lulea-kommun-timmermansgatan-3-8651496269664946704,94-95m²,bostadsratt,2026-09-13T13:02:55.526878
3237473517473903531,https://www.hemnet.se/salda/lagenhet-4rum-gylletappan-borlange-kommun-akergatan-25b-3237473517473903531,94-95m²,bostadsratt,2026-09-13T13:02:55.526879
8920123680468384193,https://www.hemnet.se/salda/lagenhet-4rum-soder-eskilstuna-kommun-kvarngardesgatan-3a-8920123680468384193,94-95m²,bostadsratt,2026-09-13T13:02:55.526881
3166301059840210162,https://www.hemnet.se/salda/lagenhet-4rum-skogsborg-karlshamns-kommun-terrassvagen-37-3166301059840210162,94-95m²,bostadsratt,2026-09-13T13:02:55.526882
5193929086461575180,https://www.hemnet.se/salda/lagenhet-4rum-narsta-haparanda-kommun-ripvagen-7-i-5193929086461575180,94-95m²,bostadsratt,2026-09-13T13:02:55.526883
5295012759827708949,https://www.hemnet.se/salda/lagenhet-4rum-hammarby-sjostad-stockholms-kommun-textilgatan-23-5295012759827708949,94-95m²,bostadsratt,2026-09-13T13:02:55.526885
8831777979003910213,"https://www.hemnet.se/salda/lagenhet-3,5rum-norr-centrum-eskilstuna-kommun-vastergatan-3-8831777979003910213",94-95m²,bostadsratt,2026-09-13T13:02:55.526886
1762143513543617235,https://www.hemnet.se/salda/lagenhet-4rum-tyreso-centrum-tyreso-kommun-myggdalsvagen-52-1762143513543617235,94-95m²,bostadsratt,2026-09-13T13:02:55.526887
8356697653606338734,https://www.hemnet.se/salda/lagenhet-4rum-lugnvik-ostersunds-kommun-fargargrand-2-8356697653606338734,94-95m²,bostadsratt,2026-09-13T13:02:55.526888
6007637322981251485,https://www.hemnet.se/salda/lagenhet-3rum-oster-centralt-orebro-orebro-kommun-sturegatan-48-6007637322981251485,94-95m²,bostadsratt,2026-09-13T13:02:55.526890
2986470371089993293,https://www.hemnet.se/salda/lagenhet-4rum-lindeborg-malmo-kommun-regissorgatan-5-2986470371089993293,94-95m²,bostadsratt,2026-09-13T13:02:55.526891
3740422816410282155,https://www.hemnet.se/salda/lagenhet-4rum-ursvik-sundbybergs-kommun-forskningsringen-81-b-3740422816410282155,94-95m²,bostadsratt,2026-09-13T13:02:55.526893
328212736529526510,https://www.hemnet.se/salda/lagenhet-4rum-rabbalshede-tanums-kommun-solhojdsvagen-37-328212736529526510,94-95m²,bostadsratt,2026-09-13T13:02:55.526894
260285228473983808,https://www.hemnet.se/salda/lagenhet-4rum-kapellgardet-uppsala-kommun-orgelgatan-7-260285228473983808,94-95m²,bostadsratt,2026-09-13T13:02:55.526895
6580784085036581323,https://www.hemnet.se/salda/lagenhet-3rum-centrala-sollentuna-sollentuna-kommun-sollentunavagen-142-6580784085036581323,94-95m²,bostadsratt,2026-09-13T13:02:55.526897
4878304210829473068,https://www.hemnet.se/salda/lagenhet-4rum-odensala-ostersunds-kommun-odenskogsvagen-84-4878304210829473068,94-95m²,bostadsratt,2026-09-13T13:02:55.526898
7324152860053949401,https://www.hemnet.se/salda/lagenhet-4rum-fullersta-huddinge-kommun-claras-grand-11a-7324152860053949401,94-95m²,bostadsratt,2026-09-13T13:02:55.526899
5520539117820244813,https://www.hemnet.se/salda/lagenhet-4rum-luthagen-uppsala-kommun-tiundagatan-39-5520539117820244813,94-95m²,bostadsratt,2026-09-13T13:02:55.526900
3470283388689470798,https://www.hemnet.se/salda/lagenhet-4rum-kvarnberget-karlstads-kommun-vinkelgatan-3-3470283388689470798,94-95m²,bostadsratt,2026-09-13T13:02:55.526901
1285868374703014844,https://www.hemnet.se/salda/lagenhet-4rum-ulriksdal-solna-kommun-drottning-kristinas-esplanad-63-1285868374703014844,94-95m²,bostadsratt,2026-09-13T13:02:55.526903
37154707212337653,https://www.hemnet.se/salda/lagenhet-3rum-salem-salems-kommun-soderbyvagen-18-37154707212337653,94-95m²,bostadsratt,2026-09-13T13:02:55.526904
2870698451280472789,https://www.hemnet.se/salda/lagenhet-4rum-oxhagen-kalmar-kommun-gustaf-adolfs-vag-4-2870698451280472789,94-95m²,bostadsratt,2026-09-13T13:02:55.526908
6972487361358276927,https://www.hemnet.se/salda/lagenhet-3rum-kungsangen-uppsala-kommun-angkvarnsgatan-16-6972487361358276927,94-95m²,bostadsratt,2026-09-13T13:02:55.526909
8108072676449990591,https://www.hemnet.se/salda/lagenhet-3rum-gashaga-lidingo-kommun-hamnvagen-11-8108072676449990591,94-95m²,bostadsratt,2026-09-13T13:02:55.526913
6655831674418767229,https://www.hemnet.se/salda/lagenhet-3rum-breared-varbergs-kommun-sandstensbacken-47-6655831674418767229,94-95m²,bostadsratt,2026-09-13T13:02:55.526914
9170995949254420424,https://www.hemnet.se/salda/lagenhet-4rum-rosengard-apelgarden-malmo-kommun-von-lingens-vag-14-9170995949254420424,94-95m²,bostadsratt,2026-09-13T13:02:55.526915
3475411888610753475,https://www.hemnet.se/salda/lagenhet-4rum-noret-mora-kommun-norebergsvagen-12d-3475411888610753475,94-95m²,bostadsratt,2026-09-13T13:02:55.526916
834143219599368549,https://www.hemnet.se/salda/lagenhet-3rum-vasastan-sibirien-stockholms-kommun-roslagsgatan-22-834143219599368549,94-95m²,bostadsratt,2026-09-13T13:02:55.526918
4203404644911798500,https://www.hemnet.se/salda/lagenhet-3rum-norr-eskilstuna-kommun-ostra-storgatan-6-4203404644911798500,94-95m²,bostadsratt,2026-09-13T13:02:55.526919
8226175551851857692,https://www.hemnet.se/salda/lagenhet-3rum-norrmalm-stockholms-kommun-wallingatan-13-8226175551851857692,94-95m²,bostadsratt,2026-09-13T13:02:55.526921
4370537015435783891,https://www.hemnet.se/salda/lagenhet-4rum-vastra-sjostaden-ystads-kommun-saltkrakegatan-3a-4370537015435783891,94-95m²,bostadsratt,2026-09-13T13:02:55.526922
705751785325603863,https://www.hemnet.se/salda/lagenhet-4rum-centrum-karlshamns-kommun-regeringsgatan-130-705751785325603863,94-95m²,bostadsratt,2026-09-13T13:02:55.526923
3567497269313797336,"https://www.hemnet.se/salda/lagenhet-4rum-bromma-annedal-stockholms-kommun-tummelisas-gata-4,-2-tr,-3567497269313797336",94-95m²,bostadsratt,2026-09-13T13:02:55.526924
3789804898535566150,https://www.hemnet.se/salda/lagenhet-4rum-tureberg-sollentuna-kommun-kamomillvagen-2-3789804898535566150,94-95m²,bostadsratt,2026-09-13T13:02:55.526926
3536914885929036568,https://www.hemnet.se/salda/lagenhet-4rum-tullinge-botkyrka-kommun-solskensvagen-19-3536914885929036568,94-95m²,bostadsratt,2026-09-13T13:02:55.526927
2273805041231958681,https://www.hemnet.se/salda/lagenhet-3rum-sodermalm-stockholms-kommun-ringvagen-106-2273805041231958681,94-95m²,bostadsratt,2026-09-13T13:02:55.526928
2141717129414787783,"https://www.hemnet.se/salda/lagenhet-3rum-lansmansgarden-goteborgs-kommun-solstralegatan-18,-vaning-7-2141717129414787783",94-95m²,bostadsratt,2026-09-13T13:02:55.526929
4776008942701567065,https://www.hemnet.se/salda/lagenhet-3rum-vasastan-stockholms-kommun-norrtullsgatan-26-4776008942701567065,94-95m²,bostadsratt,2026-09-13T13:02:55.526930
5531910392767040362,https://www.hemnet.se/salda/lagenhet-4rum-aselby-borlange-kommun-nordanvagen-25-5531910392767040362,94-95m²,bostadsratt,2026-09-13T13:02:55.526932
6330441895640455636,https://www.hemnet.se/salda/lagenhet-4rum-hornsberg-ostersunds-kommun-bergsgatan-21a-6330441895640455636,94-95m²,bostadsratt,2026-09-13T13:02:55.526933
3322573142016496463,https://www.hemnet.se/salda/lagenhet-3rum-norra-faladen-lunds-kommun-skarpskyttevagen-8c-3322573142016496463,94-95m²,bostadsratt,2026-09-13T13:02:55.526934
6960288362481258969,https://www.hemnet.se/salda/lagenhet-4rum-riksten-botkyrka-kommun-hallmarksvagen-69a-6960288362481258969,94-95m²,bostadsratt,2026-09-13T13:02:55.526935
1273277558292121246,https://www.hemnet.se/salda/lagenhet-4rum-sylte-trollhattans-kommun-bergkullevagen-169-1273277558292121246,94-95m²,bostadsratt,2026-09-13T13:02:55.526937
1011316233496757676,https://www.hemnet.se/salda/lagenhet-4rum-nasbypark-norskogen-taby-kommun-kalltorpsvagen-14-1011316233496757676,94-95m²,bostadsratt,2026-09-13T13:02:55.526938
7254695590985582040,https://www.hemnet.se/salda/lagenhet-3rum-norra-faladen-lunds-kommun-skarpskyttevagen-24c-7254695590985582040,94-95m²,bostadsratt,2026-09-13T13:02:55.526940
223749433772117073,https://www.hemnet.se/salda/lagenhet-3rum-oster-malarstrand-vasteras-kommun-ankargatan-5-223749433772117073,94-95m²,bostadsratt,2026-09-13T13:02:55.526941
1597774948872921934,https://www.hemnet.se/salda/lagenhet-4rum-centralt-vaster-orebro-kommun-karlsgatan-32s-1597774948872921934,94-95m²,bostadsratt,2026-09-13T13:02:55.526943
3740581572297979290,https://www.hemnet.se/salda/lagenhet-3rum-trollhattan-trollhattans-kommun-osterlanggatan-68a-3740581572297979290,94-95m²,bostadsratt,2026-09-13T13:02:55.526946
8146147441532296483,"https://www.hemnet.se/salda/lagenhet-3,5rum-ostermalm-vasteras-kommun-stora-gatan-1d-8146147441532296483",94-95m²,bostadsratt,2026-09-13T13:02:55.526948
9009365100341210246,https://www.hemnet.se/salda/lagenhet-4rum-ostberga-stockholms-kommun-harplingegrand-96-9009365100341210246,94-95m²,bostadsratt,2026-09-13T13:02:55.526949
7146895175206508663,https://www.hemnet.se/salda/lagenhet-4rum-city-vasteras-kommun-stora-gatan-1d-7146895175206508663,94-95m²,bostadsratt,2026-09-13T13:02:55.526950
4223871784129171430,https://www.hemnet.se/salda/lagenhet-4rum-sandsbro-vaxjo-kommun-pehr-backmans-vag-8-4223871784129171430,94-95m²,bostadsratt,2026-09-13T13:02:55.526951
4954511157975948043,https://www.hemnet.se/salda/lagenhet-4rum-eskilstuna-eskilstuna-kommun-sodra-bangardsgatan-18-4954511157975948043,94-95m²,bostadsratt,2026-09-13T13:02:55.526952
7621647328142959669,https://www.hemnet.se/salda/lagenhet-3rum-kungsholmen-stockholms-kommun-kungsholmsgatan-22-7621647328142959669,94-95m²,bostadsratt,2026-09-13T13:02:55.526954
8336884513348943341,https://www.hemnet.se/salda/lagenhet-4rum-sandkilen-norrtalje-kommun-sandgatan-15-a-8336884513348943341,94-95m²,bostadsratt,2026-09-13T13:02:55.526955
3535088534021817219,https://www.hemnet.se/salda/lagenhet-4rum-tullinge-botkyrka-kommun-norrskensbacken-11-3535088534021817219,94-95m²,bostadsratt,2026-09-13T13:02:55.526959
5250072480037761076,https://www.hemnet.se/salda/lagenhet-4rum-molndal-molndals-kommun-aby-alle-7-5250072480037761076,94-95m²,bostadsratt,2026-09-13T13:02:55.526960
6765877086231483045,https://www.hemnet.se/salda/lagenhet-4rum-tullinge-botkyrka-kommun-solskensvagen-15-6765877086231483045,94-95m²,bostadsratt,2026-09-13T13:02:55.526961
505194278203709384,https://www.hemnet.se/salda/lagenhet-3rum-gribbylund-taby-kommun-kabeluddsvagen-22-505194278203709384,94-95m²,bostadsratt,2026-09-13T13:02:55.526963
5865025178150183500,"https://www.hemnet.se/salda/lagenhet-3rum-vasastan-stockholms-kommun-tegnergatan-18,-5-tr,-5865025178150183500",94-95m²,bostadsratt,2026-09-13T13:02:55.526964
8549589711557238982,https://www.hemnet.se/salda/lagenhet-4rum-centralt-ornskoldsvik-ornskoldsviks-kommun-villagatan-65d-8549589711557238982,94-95m²,bostadsratt,2026-09-13T13:02:55.526965
4485147050025305073,https://www.hemnet.se/salda/lagenhet-3rum-nockebyhov-stockholms-kommun-tyska-bottens-vag-65-4485147050025305073,94-95m²,bostadsratt,2026-09-13T13:02:55.526967
7241702977176742444,https://www.hemnet.se/salda/lagenhet-3rum-norra-faladen-lunds-kommun-skarpskyttevagen-6c-7241702977176742444,94-95m²,bostadsratt,2026-09-13T13:02:55.526968
1113266988988535821,https://www.hemnet.se/salda/lagenhet-4rum-norr-katrineholms-kommun-stensattersgatan-37-a-1113266988988535821,94-95m²,bostadsratt,2026-09-13T13:02:55.526969
6202894873079343160,https://www.hemnet.se/salda/lagenhet-3rum-runby-upplands-vasby-kommun-lovstavagen-43-6202894873079343160,94-95m²,bostadsratt,2026-09-13T13:02:55.526970
174589949359180254,https://www.hemnet.se/salda/lagenhet-3rum-centrum-vasteras-kommun-norra-kallgatan-24-174589949359180254,94-95m²,bostadsratt,2026-09-13T13:02:55.526972
5144919613040424447,https://www.hemnet.se/salda/lagenhet-4rum-centrala-hisingen-kvillebacken-goteborgs-kommun-gustaf-dalensgatan-18-5144919613040424447,94-95m²,bostadsratt,2026-09-13T13:02:55.526973
7998426557882749351,https://www.hemnet.se/salda/lagenhet-3rum-ost-pa-stan-umea-kommun-dobelnsgatan-12-7998426557882749351,94-95m²,bostadsratt,2026-09-13T13:02:55.526974
3981077404705422659,"https://www.hemnet.se/salda/lagenhet-4rum-hagernas-taby-kommun-radarvagen-4,-5-tr-3981077404705422659",94-95m²,bostadsratt,2026-09-13T13:02:55.526976
3865272930012050391,https://www.hemnet.se/salda/lagenhet-3rum-dockan-malmo-kommun-hallenborgs-gata-14a-3865272930012050391,94-95m²,bostadsratt,2026-09-13T13:02:55.526977
7422553449028510628,https://www.hemnet.se/salda/lagenhet-4rum-vallhamra-partille-kommun-vallhamra-torg-14-7422553449028510628,94-95m²,bostadsratt,2026-09-13T13:02:55.526978
4819197641435169383,https://www.hemnet.se/salda/lagenhet-4rum-vastra-skogen-solna-kommun-wiboms-vag-6-4819197641435169383,94-95m²,bostadsratt,2026-09-13T13:02:55.526980
679187480032645808,https://www.hemnet.se/salda/lagenhet-3rum-farsta-stockholms-kommun-arvikagatan-31-679187480032645808,94-95m²,bostadsratt,2026-09-13T13:02:55.526983
111060475627025881,https://www.hemnet.se/salda/lagenhet-3rum-centrum-mitt-i-city-karlstads-kommun-tingvallagatan-19-111060475627025881,94-95m²,bostadsratt,2026-09-13T13:02:55.526984
6366711203539232486,https://www.hemnet.se/salda/lagenhet-4rum-bifrost-molndals-kommun-blandsadesgatan-8b-6366711203539232486,94-95m²,bostadsratt,2026-09-13T13:02:55.526986
6033703361755639123,https://www.hemnet.se/salda/lagenhet-3rum-centrum-industristaden-uppsala-kommun-industrigatan-27-6033703361755639123,94-95m²,bostadsratt,2026-09-13T13:02:55.526987
4781230952475563943,https://www.hemnet.se/salda/lagenhet-4rum-tyreso-strand-strandangarna-tyreso-kommun-alangsgrand-8-4781230952475563943,94-95m²,bostadsratt,2026-09-13T13:02:55.526988
1903704392025811300,https://www.hemnet.se/salda/lagenhet-3rum-karlberg-karlskoga-kommun-tegnervagen-1a-1903704392025811300,94-95m²,bostadsratt,2026-09-13T13:02:55.526990
8349720233299415143,https://www.hemnet.se/salda/lagenhet-4rum-skarholmen-stockholms-kommun-aspholmsvagen-11-8349720233299415143,94-95m²,bostadsratt,2026-09-13T13:02:55.526991
3095969957927207856,https://www.hemnet.se/salda/lagenhet-3rum-linnestaden-goteborgs-kommun-nordostpassagen-42-3095969957927207856,94-95m²,bostadsratt,2026-09-13T13:02:55.526992
5674898342072494189,https://www.hemnet.se/salda/lagenhet-4rum-barkarbystaden-jarfalla-kommun-karlslundsvagen-1-5674898342072494189,94-95m²,bostadsratt,2026-09-13T13:02:55.526993
6618681515195745729,https://www.hemnet.se/salda/lagenhet-3rum-odakra-helsingborgs-kommun-merkuriusgatan-97-6618681515195745729,94-95m²,bostadsratt,2026-09-13T13:02:55.526994
5246974544450981187,https://www.hemnet.se/salda/lagenhet-5rum-tungelsta-haninge-kommun-backvagen-19-5246974544450981187,94-95m²,bostadsratt,2026-09-13T13:02:55.526995
384164492299706896,https://www.hemnet.se/salda/lagenhet-4rum-sodermalm-sundsvalls-kommun-thulegatan-32-384164492299706896,94-95m²,bostadsratt,2026-09-13T13:02:55.526997
298659346506440125,https://www.hemnet.se/salda/lagenhet-4rum-centrala-tyreso-tyreso-kommun-njupkarrsvagen-60-298659346506440125,94-95m²,bostadsratt,2026-09-13T13:02:55.526998
4070390350967159206,https://www.hemnet.se/salda/lagenhet-4rum-oster-malarstrand-vasteras-kommun-oster-malarstrands-alle-134-4070390350967159206,94-95m²,bostadsratt,2026-09-13T13:02:55.527000
1868375071616871515,"https://www.hemnet.se/salda/lagenhet-4rum-liljeholmskajen-stockholms-kommun-hildebergsvagen-4,-3tr-1868375071616871515",94-95m²,bostadsratt,2026-09-13T13:02:55.527001
4199715645159908568,https://www.hemnet.se/salda/lagenhet-4rum-brunnshog-lunds-kommun-solbjerstorget-6-4199715645159908568,94-95m²,bostadsratt,2026-09-13T13:02:55.527004
8127877273410221419,https://www.hemnet.se/salda/lagenhet-2rum-ostermalm-stockholms-kommun-grev-magnigatan-8-8127877273410221419,94-95m²,bostadsratt,2026-09-13T13:02:55.527006
5455868988698851570,https://www.hemnet.se/salda/lagenhet-3rum-norra-faladen-lunds-kommun-skarpskyttevagen-10c-5455868988698851570,94-95m²,bostadsratt,2026-09-13T13:02:55.527007
7257139880086930594,https://www.hemnet.se/salda/lagenhet-4rum-kungsholmen-stockholms-kommun-grubbens-gata-3-7257139880086930594,94-95m²,bostadsratt,2026-09-13T13:02:55.527008
5789521440458229688,"https://www.hemnet.se/salda/lagenhet-3,5rum-tagaborg-helsingborgs-kommun-brommagatan-36-5789521440458229688",94-95m²,bostadsratt,2026-09-13T13:02:55.527009
4301167530960835598,"https://www.hemnet.se/salda/lagenhet-4rum-arsta-stockholms-kommun-siljansvagen-39a,-etage-4301167530960835598",94-95m²,bostadsratt,2026-09-13T13:02:55.527011
1537861678991668594,https://www.hemnet.se/salda/lagenhet-4rum-gruvlyckan-sommarro-karlstads-kommun-packhusallen-4-g-1537861678991668594,94-95m²,bostadsratt,2026-09-13T13:02:55.527012
2128208231273207428,https://www.hemnet.se/salda/lagenhet-4rum-ostermalm-gardet-stockholms-kommun-oregrundsgatan-14-2128208231273207428,94-95m²,bostadsratt,2026-09-13T13:02:55.527013
1687578294921974134,"https://www.hemnet.se/salda/lagenhet-4,5rum-hagsatra-stockholms-kommun-vintrosagatan-11,-van-6-1687578294921974134",94-95m²,bostadsratt,2026-09-13T13:02:55.527015
591073090670261559,https://www.hemnet.se/salda/lagenhet-4rum-taby-centrum-taby-kommun-marknadsvagen-279-591073090670261559,94-95m²,bostadsratt,2026-09-13T13:02:55.527016
1331937185146363822,"https://www.hemnet.se/salda/lagenhet-4rum-vasastan-stockholms-kommun-norra-stationsgatan-111,-3tr-1331937185146363822",94-95m²,bostadsratt,2026-09-13T13:02:55.527017
3289420347684426750,https://www.hemnet.se/salda/lagenhet-4rum-ostermalm-stockholms-kommun-birger-jarlsgatan-42-3289420347684426750,94-95m²,bostadsratt,2026-09-13T13:02:55.527021
358616870355067242,https://www.hemnet.se/salda/lagenhet-3rum-gustavsberg-holmviksskogen-varmdo-kommun-bergmossevagen-24-358616870355067242,94-95m²,bostadsratt,2026-09-13T13:02:55.527022
7275252580125417709,https://www.hemnet.se/salda/lagenhet-3rum-sodermalm-hogalid-stockholms-kommun-hornsgatan-158b-7275252580125417709,94-95m²,bostadsratt,2026-09-13T13:02:55.527023
5089621431016708455,https://www.hemnet.se/salda/lagenhet-4rum-kvarnbyvallen-molndals-kommun-kvarnbyvallen-27-5089621431016708455,94-95m²,bostadsratt,2026-09-13T13:02:55.527025
1911781128169247179,https://www.hemnet.se/salda/lagenhet-4rum-norra-luthagen-uppsala-kommun-gimogatan-11-b-1911781128169247179,94-95m²,bostadsratt,2026-09-13T13:02:55.527026
5132552865860713801,"https://www.hemnet.se/salda/lagenhet-3,5rum-handen-haninge-kommun-vallagrand-16,-etage-5132552865860713801",94-95m²,bostadsratt,2026-09-13T13:02:55.527027
6409161696680441606,https://www.hemnet.se/salda/lagenhet-4rum-tullinge-botkyrka-kommun-norrskensbacken-11-6409161696680441606,94-95m²,bostadsratt,2026-09-13T13:02:55.527028
3186992920474036240,https://www.hemnet.se/salda/lagenhet-4rum-vaster-amals-kommun-abergsgatan-15-3186992920474036240,94-95m²,bostadsratt,2026-09-13T13:02:55.527029
1984073691700197510,https://www.hemnet.se/salda/lagenhet-4rum-almedal-goteborgs-kommun-molndalsvagen-59b-1984073691700197510,94-95m²,bostadsratt,2026-09-13T13:02:55.527030
1600277508161833206,https://www.hemnet.se/salda/lagenhet-4rum-vasastan-stockholms-kommun-norra-stationsgatan-111-1600277508161833206,94-95m²,bostadsratt,2026-09-13T13:02:55.527032
8321418959827435998,https://www.hemnet.se/salda/lagenhet-3rum-linnestaden-goteborgs-kommun-kastellgatan-8a-8321418959827435998,94-95m²,bostadsratt,2026-09-13T13:02:55.527033
2621954148495027283,https://www.hemnet.se/salda/lagenhet-4rum-pettersberg-vasteras-kommun-jakobsgatan-35a-2621954148495027283,94-95m²,bostadsratt,2026-09-13T13:02:55.527034
599482843743906797,"https://www.hemnet.se/salda/lagenhet-4rum-tyreso-strand,-strandangarna-tyreso-kommun-alangsgrand-4-599482843743906797",94-95m²,bostadsratt,2026-09-13T13:02:55.527036
7967990318541734454,https://www.hemnet.se/salda/lagenhet-4rum-hedemora-hedemora-kommun-asgatan-45d-7967990318541734454,94-95m²,bostadsratt,2026-09-13T13:02:55.527037
8913276647116619031,https://www.hemnet.se/salda/lagenhet-4rum-adolfsberg-helsingborgs-kommun-sodra-hunnetorpsvagen-46c-8913276647116619031,94-95m²,bostadsratt,2026-09-13T13:02:55.527038
6458878060865692657,https://www.hemnet.se/salda/lagenhet-3rum-ekhagen-norra-djurgarden-stockholms-kommun-torphagsvagen-20b-6458878060865692657,94-95m²,bostadsratt,2026-09-13T13:02:55.527039
4312675425845083976,https://www.hemnet.se/salda/lagenhet-4rum-hagernas-taby-kommun-radarvagen-8-4312675425845083976,94-95m²,bostadsratt,2026-09-13T13:02:55.527040
3159489514190903660,https://www.hemnet.se/salda/lagenhet-4rum-solbacka-strand-norrtalje-kommun-solparksvagen-13a-3159489514190903660,94-95m²,bostadsratt,2026-09-13T13:02:55.527042
3866101413969406641,https://www.hemnet.se/salda/lagenhet-3rum-centrum-uppsala-kommun-stationsgatan-30-3866101413969406641,94-95m²,bostadsratt,2026-09-13T13:02:55.527043
1697071479726901920,https://www.hemnet.se/salda/lagenhet-3rum-ljungsbro-linkopings-kommun-von-fersens-vag-4-1697071479726901920,94-95m²,bostadsratt,2026-09-13T13:02:55.527044
5204244110030649412,https://www.hemnet.se/salda/lagenhet-4rum-grabo-centralt-lerums-kommun-lundbyvagen-22b-5204244110030649412,94-95m²,bostadsratt,2026-09-13T13:02:55.527045
835633265375780541,https://www.hemnet.se/salda/lagenhet-4rum-arsta-stockholms-kommun-svardlangsvagen-5-835633265375780541,94-95m²,bostadsratt,2026-09-13T13:02:55.527049
1093213721339415487,https://www.hemnet.se/salda/lagenhet-3rum-kungsholmen-stockholms-kommun-polhemsgatan-16-1093213721339415487,94-95m²,bostadsratt,2026-09-13T13:02:55.527050
2335304111645423808,https://www.hemnet.se/salda/lagenhet-3rum-norra-faladen-lunds-kommun-skarpskyttevagen-6c-2335304111645423808,94-95m²,bostadsratt,2026-09-13T13:02:55.527051
1629863954676880025,https://www.hemnet.se/salda/lagenhet-4rum-akersberga-centralt-osterakers-kommun-ebjorns-vag-5-1629863954676880025,94-95m²,bostadsratt,2026-09-13T13:02:55.527053
2723321998991089440,"https://www.hemnet.se/salda/lagenhet-2,5rum-kungsholmen-fridhemsplan-stockholms-kommun-fleminggatan-32,-van-3-2723321998991089440",94-95m²,bostadsratt,2026-09-13T13:02:55.527056
7838850391634005638,https://www.hemnet.se/salda/lagenhet-4rum-malarhojden-stockholms-kommun-slattgardsvagen-103-7838850391634005638,94-95m²,bostadsratt,2026-09-13T13:02:55.527057
7151032986476907673,https://www.hemnet.se/salda/lagenhet-4rum-ostra-orminge-nacka-kommun-storholmsvagen-4-7151032986476907673,94-95m²,bostadsratt,2026-09-13T13:02:55.527059
7815069145430759015,https://www.hemnet.se/salda/lagenhet-4rum-norrtalje-hamn-norrtalje-kommun-sjofartsgatan-1-7815069145430759015,94-95m²,bostadsratt,2026-09-13T13:02:55.527060
2222430003049355354,https://www.hemnet.se/salda/lagenhet-3rum-kungshojd-goteborgs-kommun-arsenalsgatan-12a-2222430003049355354,94-95m²,bostadsratt,2026-09-13T13:02:55.527061
5757416980992174557,https://www.hemnet.se/salda/lagenhet-4rum-centrala-vasby-upplands-vasby-kommun-kvarnvagen-3-5757416980992174557,94-95m²,bostadsratt,2026-09-13T13:02:55.527062
7384349382834181002,https://www.hemnet.se/salda/lagenhet-4rum-vallhamra-partille-kommun-vallhamra-torg-18-7384349382834181002,94-95m²,bostadsratt,2026-09-13T13:02:55.527064
3986255664219529463,https://www.hemnet.se/salda/lagenhet-3rum-nockebyhov-stockholms-kommun-tyska-bottens-vag-65-3986255664219529463,94-95m²,bostadsratt,2026-09-13T13:02:55.527065
8150875406535390548,https://www.hemnet.se/salda/lagenhet-4rum-centrala-hisingen-goteborgs-kommun-ovre-hallegatan-52-8150875406535390548,94-95m²,bostadsratt,2026-09-13T13:02:55.527066
140002670959472551,https://www.hemnet.se/salda/lagenhet-4rum-edsberg-sollentuna-kommun-viltstigen-2-140002670959472551,94-95m²,bostadsratt,2026-09-13T13:02:55.527067
4973042483678005401,https://www.hemnet.se/salda/lagenhet-4rum-rissne-sundbybergs-kommun-mjolnerbacken-76-4973042483678005401,94-95m²,bostadsratt,2026-09-13T13:02:55.527068
1598748510898612297,https://www.hemnet.se/salda/lagenhet-4rum-skarholmen-stockholms-kommun-aspholmsvagen-9-1598748510898612297,94-95m²,bostadsratt,2026-09-13T13:02:55.527070
4423457663359903539,"https://www.hemnet.se/salda/lagenhet-3,5rum-stora-essingen-stockholms-kommun-ensittarvagen-5-4423457663359903539",94-95m²,bostadsratt,2026-09-13T13:02:55.527071
1108164643779472426,https://www.hemnet.se/salda/lagenhet-4rum-centrala-sundbyberg-sundbybergs-kommun-humblegatan-26b-1108164643779472426,94-95m²,bostadsratt,2026-09-13T13:02:55.527072
6303923353914861072,https://www.hemnet.se/salda/lagenhet-4rum-bromma-olovslund-stockholms-kommun-gustav-iii-s-vag-62-6303923353914861072,94-95m²,bostadsratt,2026-09-13T13:02:55.527074
455435499411481156,https://www.hemnet.se/salda/lagenhet-4rum-valla-linkopings-kommun-fridtunagatan-10-455435499411481156,94-95m²,bostadsratt,2026-09-13T13:02:55.527075
1781486790417643642,https://www.hemnet.se/salda/lagenhet-4rum-kneippen-ektorp-norrkopings-kommun-bandygrand-4-1781486790417643642,94-95m²,bostadsratt,2026-09-13T13:02:55.527076
2606483311989571297,https://www.hemnet.se/salda/lagenhet-3rum-grabo-gotlands-kommun-halsjarnsgatan-10-2606483311989571297,94-95m²,bostadsratt,2026-09-13T13:02:55.527077
965635294720755847,https://www.hemnet.se/salda/lagenhet-3rum-skurup-skurups-kommun-enskiftesgatan-56-965635294720755847,94-95m²,bostadsratt,2026-09-13T13:02:55.527078
8863727957636713482,https://www.hemnet.se/salda/lagenhet-3rum-gamlestaden-goteborgs-kommun-gamlestadstorget-11-8863727957636713482,94-95m²,bostadsratt,2026-09-13T13:02:55.527080
2632701662034264337,https://www.hemnet.se/salda/lagenhet-4rum-haga-sundsvalls-kommun-institutsvagen-3-2632701662034264337,94-95m²,bostadsratt,2026-09-13T13:02:55.527081
688684368886987800,https://www.hemnet.se/salda/lagenhet-3rum-norrtalje-hamn-norrtalje-kommun-hamnpromenaden-13-688684368886987800,94-95m²,bostadsratt,2026-09-13T13:02:55.527082
4046479607852841170,https://www.hemnet.se/salda/lagenhet-4rum-ektorp-kaffebacken-norrkopings-kommun-bandygrand-6-4046479607852841170,94-95m²,bostadsratt,2026-09-13T13:02:55.527083
7288828726089762834,https://www.hemnet.se/salda/lagenhet-4rum-limhamns-sjostad-malmo-kommun-glasbrukskajen-8b-7288828726089762834,94-95m²,bostadsratt,2026-09-13T13:02:55.527084
6169861867781325056,https://www.hemnet.se/salda/lagenhet-4rum-skelleftehamn-skelleftea-kommun-sjomansgatan-17a-6169861867781325056,94-95m²,bostadsratt,2026-09-13T13:02:55.527086
8879692007018431063,"https://www.hemnet.se/salda/lagenhet-4rum-alvsjostaden-stockholms-kommun-kabelverksgatan-32,-van-10-12-8879692007018431063",94-95m²,bostadsratt,2026-09-13T13:02:55.527087
2981337652230425345,https://www.hemnet.se/salda/lagenhet-4rum-hisings-karra-goteborgs-kommun-prilyckegatan-371a-2981337652230425345,94-95m²,bostadsratt,2026-09-13T13:02:55.527091
2948140427550069428,https://www.hemnet.se/salda/lagenhet-4rum-soderkulla-malmo-kommun-tornfalksgatan-10a-2948140427550069428,94-95m²,bostadsratt,2026-09-13T13:02:55.527094
988901712743971052,https://www.hemnet.se/salda/lagenhet-4rum-bifrost-molndals-kommun-blandsadesgatan-8d-988901712743971052,94-95m²,bostadsratt,2026-09-13T13:02:55.527095
7764568250898041100,https://www.hemnet.se/salda/lagenhet-4rum-turbo-sala-kommun-turbogatan-45a-7764568250898041100,94-95m²,bostadsratt,2026-09-13T13:02:55.527096
1935522725389753793,https://www.hemnet.se/salda/lagenhet-3rum-tingvallastaden-karlstads-kommun-vastra-torggatan-7-1935522725389753793,94-95m²,bostadsratt,2026-09-13T13:02:55.527098
3048227487713891254,https://www.hemnet.se/salda/lagenhet-4rum-soderhamn-soderhamns-kommun-norrtullsgatan-30-3048227487713891254,94-95m²,bostadsratt,2026-09-13T13:02:55.527099
3769285263784110249,https://www.hemnet.se/salda/lagenhet-3rum-holmangen-vanersborgs-kommun-bjorkholmsgatan-5d-3769285263784110249,94-95m²,bostadsratt,2026-09-13T13:02:55.527100
1003094969884318384,https://www.hemnet.se/salda/lagenhet-4rum-lugnvik-ostersunds-kommun-fargargrand-2-1003094969884318384,94-95m²,bostadsratt,2026-09-13T13:02:55.527101
1884610781471528981,https://www.hemnet.se/salda/lagenhet-3rum-rydeback-helsingborgs-kommun-rydebacks-stationsgata-32-1884610781471528981,94-95m²,bostadsratt,2026-09-13T13:02:55.527102
3809882737650225045,https://www.hemnet.se/salda/lagenhet-4rum-hallstahammar-hallstahammars-kommun-norra-kapellgatan-10a-3809882737650225045,94-95m²,bostadsratt,2026-09-13T13:02:55.527104
771095898308136459,https://www.hemnet.se/salda/lagenhet-4rum-hestra-parkstad-boras-kommun-symfonigatan-67-771095898308136459,94-95m²,bostadsratt,2026-09-13T13:02:55.527105
414632093515206883,"https://www.hemnet.se/salda/lagenhet-4rum-ostberga-alvsjo-stockholms-kommun-alvsakersgrand-27,-van-1-414632093515206883",94-95m²,bostadsratt,2026-09-13T13:02:55.527108
5026344082286863136,https://www.hemnet.se/salda/lagenhet-4rum-tyreso-centrum-tyreso-kommun-bollmoravagen-52-5026344082286863136,94-95m²,bostadsratt,2026-09-13T13:02:55.527110
5804601401953833533,https://www.hemnet.se/salda/lagenhet-3rum-ribersborg-malmo-kommun-henrik-wranersgatan-1c-5804601401953833533,94-95m²,bostadsratt,2026-09-13T13:02:55.527111
177917819101561877,https://www.hemnet.se/salda/lagenhet-4rum-kallhall-jarfalla-kommun-ulvsattragrand-10-177917819101561877,94-95m²,bostadsratt,2026-09-13T13:02:55.527112
56578904439272706,https://www.hemnet.se/salda/lagenhet-4rum-lugnvik-ostersunds-kommun-kopparslagargrand-2-56578904439272706,94-95m²,bostadsratt,2026-09-13T13:02:55.527113
7314519785927995855,https://www.hemnet.se/salda/lagenhet-2rum-stromsbro-gavle-kommun-skolgatan-18-7314519785927995855,94-95m²,bostadsratt,2026-09-13T13:02:55.527115
4491046390577704907,https://www.hemnet.se/salda/lagenhet-4rum-rickomberga-uppsala-kommun-otto-myrbergs-vag-4d-4491046390577704907,94-95m²,bostadsratt,2026-09-13T13:02:55.527116
1747780883418247718,https://www.hemnet.se/salda/lagenhet-4rum-eskilsminne-helsingborgs-kommun-ramlosavagen-140-1747780883418247718,94-95m²,bostadsratt,2026-09-13T13:02:55.527117
2125056223744775521,https://www.hemnet.se/salda/lagenhet-4rum-strandangarna-tyreso-kommun-alangsgrand-10-2125056223744775521,94-95m²,bostadsratt,2026-09-13T13:02:55.527119
6683966033716561089,https://www.hemnet.se/salda/lagenhet-3rum-pappersbruket-klippans-kommun-malmros-vag-1c-6683966033716561089,94-95m²,bostadsratt,2026-09-13T13:02:55.527120
40344677968648845,https://www.hemnet.se/salda/lagenhet-4rum-karlskrona-karlskrona-kommun-amiralitetstorget-13c-40344677968648845,94-95m²,bostadsratt,2026-09-13T13:02:55.527121
5010759860346065574,https://www.hemnet.se/salda/lagenhet-4rum-tullinge-botkyrka-kommun-norrskensbacken-19-5010759860346065574,94-95m²,bostadsratt,2026-09-13T13:02:55.527123
8867994922453745259,https://www.hemnet.se/salda/lagenhet-4rum-rosengard-malmo-kommun-von-lingens-vag-74-8867994922453745259,94-95m²,bostadsratt,2026-09-13T13:02:55.527124
4833965511079938005,https://www.hemnet.se/salda/lagenhet-4rum-norby-uppsala-kommun-musserongrand-2c-4833965511079938005,94-95m²,bostadsratt,2026-09-13T13:02:55.527125
7376027325241746392,https://www.hemnet.se/salda/lagenhet-5rum-skuru-nacka-kommun-barnhemsvagen-10-7376027325241746392,94-95m²,bostadsratt,2026-09-13T13:02:55.527129
514755029897616343,https://www.hemnet.se/salda/lagenhet-3rum-hejdegarden-linkopings-kommun-ymergatan-5-514755029897616343,94-95m²,bostadsratt,2026-09-13T13:02:55.527130
2418255428958334213,https://www.hemnet.se/salda/lagenhet-3rum-almedal-johanneberg-goteborgs-kommun-molndalsvagen-57a-2418255428958334213,94-95m²,bostadsratt,2026-09-13T13:02:55.527131
1807279752678501269,https://www.hemnet.se/salda/lagenhet-4rum-solbacka-strand-norrtalje-kommun-solparksvagen-11-a-1807279752678501269,94-95m²,bostadsratt,2026-09-13T13:02:55.527133
3508038412782332973,https://www.hemnet.se/salda/lagenhet-4rum-visby-yttre-furulund-gotlands-kommun-tradgardsgatan-327-3508038412782332973,94-95m²,bostadsratt,2026-09-13T13:02:55.527134
8716047256525116445,https://www.hemnet.se/salda/lagenhet-4rum-centralt-kungalvs-kommun-kastellegardsgatan-52a-8716047256525116445,94-95m²,bostadsratt,2026-09-13T13:02:55.527135
8543964221401648478,"https://www.hemnet.se/salda/lagenhet-3rum-kungsholmen-stockholms-kommun-inedalsgatan-23,-2-tr-8543964221401648478",94-95m²,bostadsratt,2026-09-13T13:02:55.527136
8790465214509216371,https://www.hemnet.se/salda/lagenhet-4rum-tuna-lunds-kommun-scheelevagen-3e-8790465214509216371,94-95m²,bostadsratt,2026-09-13T13:02:55.527138
7255727017150742024,https://www.hemnet.se/salda/lagenhet-3rum-sjodalen-huddinge-kommun-sjodalsvagen-24-7255727017150742024,94-95m²,bostadsratt,2026-09-13T13:02:55.527141
3473799723676106190,"https://www.hemnet.se/salda/lagenhet-4rum-liljeholmskajen-stockholms-kommun-hildebergsvagen-8,-4tr-3473799723676106190",94-95m²,bostadsratt,2026-09-13T13:02:55.527142
2238050913491016068,https://www.hemnet.se/salda/lagenhet-3rum-nordmaling-nordmalings-kommun-maskrosvagen-4b-2238050913491016068,94-95m²,bostadsratt,2026-09-13T13:02:55.527143
9011213755568829488,https://www.hemnet.se/salda/lagenhet-4rum-hogalid-sodermalm-stockholms-kommun-krukmakargatan-49-9011213755568829488,94-95m²,bostadsratt,2026-09-13T13:02:55.527145
4102322068312353315,https://www.hemnet.se/salda/lagenhet-3rum-smogen-sotenas-kommun-tunnbindarvagen-11-4102322068312353315,94-95m²,bostadsratt,2026-09-13T13:02:55.527146
8652250790425738805,https://www.hemnet.se/salda/lagenhet-4rum-sodertalje-sodertalje-kommun-vatt-annas-vag-17-8652250790425738805,94-95m²,bostadsratt,2026-09-13T13:02:55.527147
380038582617151301,https://www.hemnet.se/salda/lagenhet-4rum-tullinge-botkyrka-kommun-norrskensbacken-7-380038582617151301,94-95m²,bostadsratt,2026-09-13T13:02:55.527148
305588896651216899,https://www.hemnet.se/salda/lagenhet-4rum-jarvastaden-solna-kommun-fridensborgsvagen-116-305588896651216899,94-95m²,bostadsratt,2026-09-13T13:02:55.527150
8437526967199928680,https://www.hemnet.se/salda/lagenhet-3rum-ovre-vasastaden-linkopings-kommun-krouthens-gata-8-8437526967199928680,94-95m²,bostadsratt,2026-09-13T13:02:55.527151
1065650988342214871,https://www.hemnet.se/salda/lagenhet-4rum-sodermalm-stockholms-kommun-tegelviksgatan-33-1065650988342214871,94-95m²,bostadsratt,2026-09-13T13:02:55.527152
5483753058054024353,https://www.hemnet.se/salda/lagenhet-4rum-alby-botkyrka-kommun-lagmansbacken-3-5483753058054024353,94-95m²,bostadsratt,2026-09-13T13:02:55.527153
913075978196714033,https://www.hemnet.se/salda/lagenhet-3rum-norrmalm-stockholms-kommun-kammakargatan-33-913075978196714033,94-95m²,bostadsratt,2026-09-13T13:02:55.527154
159555884606613781,"https://www.hemnet.se/salda/lagenhet-3,5rum-oxie-malmo-kommun-keramikvagen-37-159555884606613781",94-95m²,bostadsratt,2026-09-13T13:02:55.527156
8398967840805162229,https://www.hemnet.se/salda/lagenhet-4rum-grindtorp-taby-kommun-grindtorpsvagen-31-8398967840805162229,94-95m²,bostadsratt,2026-09-13T13:02:55.527157
1330627463636320035,https://www.hemnet.se/salda/lagenhet-4rum-ratorp-karlstads-kommun-ratorpsporten-1c-1330627463636320035,94-95m²,bostadsratt,2026-09-13T13:02:55.527158
4442051991248799089,https://www.hemnet.se/salda/lagenhet-3rum-vasastan-hagastaden-stockholms-kommun-nina-einhorns-gata-10-4442051991248799089,94-95m²,bostadsratt,2026-09-13T13:02:55.527159
3010578517310621823,https://www.hemnet.se/salda/lagenhet-3rum-centralt-norrkopings-kommun-garvaregatan-6a-3010578517310621823,94-95m²,bostadsratt,2026-09-13T13:02:55.527161
3741939103897126217,"https://www.hemnet.se/salda/lagenhet-5rum-spanga-tensta-stockholms-kommun-elinsborgsbacken-18,-2tr-3741939103897126217",94-95m²,bostadsratt,2026-09-13T13:02:55.527162
3036387250020855411,https://www.hemnet.se/salda/lagenhet-4rum-bifrost-molndals-kommun-pinnharvsgatan-5b-3036387250020855411,94-95m²,bostadsratt,2026-09-13T13:02:55.527165
681877754059131203,https://www.hemnet.se/salda/lagenhet-4rum-centrum-halmstads-kommun-karl-xi-s-vag-19-681877754059131203,94-95m²,bostadsratt,2026-09-13T13:02:55.527167
4441281672831069648,https://www.hemnet.se/salda/lagenhet-4rum-stravalla-varbergs-kommun-askarrsvagen-15b-4441281672831069648,94-95m²,bostadsratt,2026-09-13T13:02:55.527168
2822394075480170523,https://www.hemnet.se/salda/lagenhet-4rum-ostra-torn-lunds-kommun-flygelvagen-101-2822394075480170523,94-95m²,bostadsratt,2026-09-13T13:02:55.527169
905991489998666436,https://www.hemnet.se/salda/lagenhet-4rum-lansmansgarden-goteborgs-kommun-norra-fjadermolnsgatan-42-905991489998666436,94-95m²,bostadsratt,2026-09-13T13:02:55.527171
5299366870042736011,https://www.hemnet.se/salda/lagenhet-3rum-sickla-nacka-kommun-sickla-alle-51-5299366870042736011,94-95m²,bostadsratt,2026-09-13T13:02:55.527172
7497964702785695029,https://www.hemnet.se/salda/lagenhet-4rum-varby-huddinge-kommun-lammholmsbacken-193-7497964702785695029,94-95m²,bostadsratt,2026-09-13T13:02:55.527173
3478083031016122213,https://www.hemnet.se/salda/lagenhet-3rum-tullinge-botkyrka-kommun-elgentorpsvagen-16-3478083031016122213,94-95m²,bostadsratt,2026-09-13T13:02:55.527174
2346308341531096301,https://www.hemnet.se/salda/lagenhet-3rum-oxie-malmo-kommun-emil-goranssons-vag-43-2346308341531096301,94-95m²,bostadsratt,2026-09-13T13:02:55.527176
6499026809455412753,https://www.hemnet.se/salda/lagenhet-4rum-mariehall-stockholms-kommun-kratsbodavagen-44c-6499026809455412753,94-95m²,bostadsratt,2026-09-13T13:02:55.527177
8541000210207659438,https://www.hemnet.se/salda/lagenhet-3rum-skarhamn-tjorns-kommun-biskop-jens-vag-8-8541000210207659438,94-95m²,bostadsratt,2026-09-13T13:02:55.527178
146414626526148538,https://www.hemnet.se/salda/lagenhet-4rum-hassleholm-vaster-hassleholms-kommun-backslantsgatan-5c-146414626526148538,94-95m²,bostadsratt,2026-09-13T13:02:55.527179
420804427077933340,https://www.hemnet.se/salda/lagenhet-4rum-taby-centrum-taby-kommun-attundavagen-12-420804427077933340,94-95m²,bostadsratt,2026-09-13T13:02:55.527180
1301041432184520540,https://www.hemnet.se/salda/lagenhet-4rum-norr-eskilstuna-kommun-kyrkogardsgatan-2b-1301041432184520540,94-95m²,bostadsratt,2026-09-13T13:02:55.527181
3938557000935775303,https://www.hemnet.se/salda/lagenhet-4rum-tosteron-strangnas-kommun-oxhagsvagen-7c-3938557000935775303,94-95m²,bostadsratt,2026-09-13T13:02:55.527185
7911836623873370845,https://www.hemnet.se/salda/lagenhet-4rum-vastra-hamnen-malmo-kommun-lilla-varvsgatan-29a-7911836623873370845,94-95m²,bostadsratt,2026-09-13T13:02:55.527187
7551530993978747070,https://www.hemnet.se/salda/lagenhet-4rum-centrum-uddevalla-kommun-vastgotavagen-29-7551530993978747070,94-95m²,bostadsratt,2026-09-13T13:02:55.527188
442952891967879445,https://www.hemnet.se/salda/lagenhet-4rum-stenungsund-stenungsunds-kommun-modistvagen-27b-442952891967879445,94-95m²,bostadsratt,2026-09-13T13:02:55.527189
7058487583405272999,https://www.hemnet.se/salda/lagenhet-4rum-centrala-sundbyberg-sundbybergs-kommun-agatan-18-7058487583405272999,94-95m²,bostadsratt,2026-09-13T13:02:55.527190
6482756628099731942,https://www.hemnet.se/salda/lagenhet-4rum-centrala-sundbyberg-sundbybergs-kommun-rastensgatan-10-6482756628099731942,94-95m²,bostadsratt,2026-09-13T13:02:55.527191
7710947078964001551,https://www.hemnet.se/salda/lagenhet-4rum-norrtalje-hamn-norrtalje-kommun-angbatsgatan-2-7710947078964001551,94-95m²,bostadsratt,2026-09-13T13:02:55.527193
7638335927067189477,https://www.hemnet.se/salda/lagenhet-4rum-sigtuna-sigtuna-stadsangar-sigtuna-kommun-malargrand-2-7638335927067189477,94-95m²,bostadsratt,2026-09-13T13:02:55.527194
2336075984622980438,https://www.hemnet.se/salda/lagenhet-4rum-rorsjostaden-malmo-kommun-exercisgatan-13-2336075984622980438,94-95m²,bostadsratt,2026-09-13T13:02:55.527195
8036832251636353459,https://www.hemnet.se/salda/lagenhet-4rum-jakobsberg-vasteras-kommun-jakobsgatan-35a-8036832251636353459,94-95m²,bostadsratt,2026-09-13T13:02:55.527196
4184956667332745596,https://www.hemnet.se/salda/lagenhet-4rum-lomma-lomma-kommun-hojeagatan-357-4184956667332745596,94-95m²,bostadsratt,2026-09-13T13:02:55.527198
2405584973059576447,https://www.hemnet.se/salda/lagenhet-4rum-vaxjo-vaxjo-kommun-hogstorpsvagen-97-2405584973059576447,94-95m²,bostadsratt,2026-09-13T13:02:55.527207
8906499305852612565,https://www.hemnet.se/salda/lagenhet-3rum-ribersborg-malmo-kommun-kilian-zollsgatan-11a-8906499305852612565,94-95m²,bostadsratt,2026-09-13T13:02:55.527209
8460641309344877467,https://www.hemnet.se/salda/lagenhet-4rum-vastra-skogen-solna-kommun-wiboms-vag-4-8460641309344877467,94-95m²,bostadsratt,2026-09-13T13:02:55.527210
5422089982572518369,"https://www.hemnet.se/salda/lagenhet-4rum-hagernas-taby-kommun-radarvagen-6,-7-7tr-5422089982572518369",94-95m²,bostadsratt,2026-09-13T13:02:55.527211
9042635392864637425,https://www.hemnet.se/salda/lagenhet-3rum-norra-faladen-lunds-kommun-skarpskyttevagen-20d-9042635392864637425,94-95m²,bostadsratt,2026-09-13T13:02:55.527212
5040732551516639937,https://www.hemnet.se/salda/lagenhet-5rum-bromma-beckomberga-stockholms-kommun-beckombergavagen-213-5040732551516639937,94-95m²,bostadsratt,2026-09-13T13:02:55.527214
7430773253718114925,https://www.hemnet.se/salda/lagenhet-3rum-ribersborg-malmo-kommun-henrik-wranersgatan-1b-7430773253718114925,94-95m²,bostadsratt,2026-09-13T13:02:55.527215
1053952504163716570,https://www.hemnet.se/salda/lagenhet-4rum-solbacka-strand-norrtalje-kommun-maria-winkvists-vag-6-a-1053952504163716570,94-95m²,bostadsratt,2026-09-13T13:02:55.527216
3951578291672463741,https://www.hemnet.se/salda/lagenhet-4rum-lugnvik-ostersunds-kommun-kopparslagargrand-1-3951578291672463741,94-95m²,bostadsratt,2026-09-13T13:02:55.527217
3256648899019682486,https://www.hemnet.se/salda/lagenhet-4rum-hornsbergs-strand-kungsholmen-stockholms-kommun-franzengatan-34-3256648899019682486,94-95m²,bostadsratt,2026-09-13T13:02:55.527219
7875132960637451771,https://www.hemnet.se/salda/lagenhet-4rum-torpa-soder-jonkopings-kommun-grona-gatan-10-7875132960637451771,94-95m²,bostadsratt,2026-09-13T13:02:55.527220
6272083128675715682,https://www.hemnet.se/salda/lagenhet-4rum-liljeholmskajen-stockholms-kommun-vingardsgatan-46-6272083128675715682,94-95m²,bostadsratt,2026-09-13T13:02:55.527221
4538622459587193865,https://www.hemnet.se/salda/lagenhet-3rum-centrum-stenstaden-sundsvalls-kommun-storgatan-58b-4538622459587193865,94-95m²,bostadsratt,2026-09-13T13:02:55.527222
7450679484928606632,https://www.hemnet.se/salda/lagenhet-3rum-tagaborg-helsingborgs-kommun-kvarnholmsgatan-5-7450679484928606632,94-95m²,bostadsratt,2026-09-13T13:02:55.527223
7038510270090996172,https://www.hemnet.se/salda/lagenhet-3rum-jonkoping-city-jonkopings-kommun-ankargatan-8-7038510270090996172,94-95m²,bostadsratt,2026-09-13T13:02:55.527225
5889610609280780109,https://www.hemnet.se/salda/lagenhet-4rum-kungsgardsvagen-kristinehamns-kommun-kungsgardsvagen-22-5889610609280780109,94-95m²,bostadsratt,2026-09-13T13:02:55.527226
6494867891924475427,https://www.hemnet.se/salda/lagenhet-4rum-alvsjo-alvsjostaden-stockholms-kommun-kabelverksgatan-32-6494867891924475427,94-95m²,bostadsratt,2026-09-13T13:02:55.527227
6851520238963733765,https://www.hemnet.se/salda/lagenhet-4rum-aby-molndals-kommun-skrittgatan-4a-6851520238963733765,94-95m²,bostadsratt,2026-09-13T13:02:55.527228
8534086096161436121,https://www.hemnet.se/salda/lagenhet-3rum-norra-faladen-lunds-kommun-skarpskyttevagen-10d-8534086096161436121,94-95m²,bostadsratt,2026-09-13T13:02:55.527230
6803809435522400017,"https://www.hemnet.se/salda/lagenhet-3,5rum-masthugget-goteborgs-kommun-mattssonsliden-20-6803809435522400017",94-95m²,bostadsratt,2026-09-13T13:02:55.527231
4724378351405359301,https://www.hemnet.se/salda/lagenhet-5rum-stenhagen-uppsala-kommun-stenrosvagen-13-4724378351405359301,94-95m²,bostadsratt,2026-09-13T13:02:55.527232
7677463339501400925,https://www.hemnet.se/salda/lagenhet-4rum-grindtorp-taby-kommun-grindtorpsvagen-43-7677463339501400925,94-95m²,bostadsratt,2026-09-13T13:02:55.527236
667633363291467160,https://www.hemnet.se/salda/lagenhet-4rum-johanneberg-goteborgs-kommun-utlandagatan-27-667633363291467160,94-95m²,bostadsratt,2026-09-13T13:02:55.527237
5008119367786507157,https://www.hemnet.se/salda/lagenhet-4rum-froson-ostersunds-kommun-hornsgatan-19b-5008119367786507157,94-95m²,bostadsratt,2026-09-13T13:02:55.527238
4406636895468734856,https://www.hemnet.se/salda/lagenhet-3rum-hammarby-sjostad-stockholms-kommun-sickla-kanalgata-85-4406636895468734856,94-95m²,bostadsratt,2026-09-13T13:02:55.527240
3669276329350656663,https://www.hemnet.se/salda/lagenhet-4rum-lidaker-lidkopings-kommun-majorsallen-70d-3669276329350656663,94-95m²,bostadsratt,2026-09-13T13:02:55.527241
7271937619188274980,https://www.hemnet.se/salda/lagenhet-4rum-ollsjo-kristianstads-kommun-knut-den-stores-vag-39-7271937619188274980,94-95m²,bostadsratt,2026-09-13T13:02:55.527244
890283311929922456,https://www.hemnet.se/salda/lagenhet-4rum-breared-varbergs-kommun-marmorgatan-24-890283311929922456,94-95m²,bostadsratt,2026-09-13T13:02:55.527246
9206159471312316784,https://www.hemnet.se/salda/lagenhet-4rum-ekholmen-linkopings-kommun-ekholmsvagen-45-9206159471312316784,94-95m²,bostadsratt,2026-09-13T13:02:55.527247
9035533308938573382,https://www.hemnet.se/salda/lagenhet-4rum-tyreso-tyreso-kommun-njupkarrsvagen-60-9035533308938573382,94-95m²,bostadsratt,2026-09-13T13:02:55.527248
1402916610924846517,https://www.hemnet.se/salda/lagenhet-4rum-herrhagen-uppsala-kommun-herrhagsvagen-186-1402916610924846517,94-95m²,bostadsratt,2026-09-13T13:02:55.527249
7104096508849223685,https://www.hemnet.se/salda/lagenhet-4rum-nassjo-nassjo-kommun-sturegatan-36b-7104096508849223685,94-95m²,bostadsratt,2026-09-13T13:02:55.527251
2161795113322109347,https://www.hemnet.se/salda/lagenhet-5rum-liljeholmskajen-stockholms-kommun-hildebergsvagen-14-2161795113322109347,94-95m²,bostadsratt,2026-09-13T13:02:55.527252
2315608465983559342,https://www.hemnet.se/salda/lagenhet-4rum-tagaborg-helsingborgs-kommun-erik-dahlbergs-gata-33-2315608465983559342,94-95m²,bostadsratt,2026-09-13T13:02:55.527253
8144758192991139221,https://www.hemnet.se/salda/lagenhet-4rum-norra-rosengard-malmo-kommun-von-lingens-vag-96-8144758192991139221,94-95m²,bostadsratt,2026-09-13T13:02:55.527254
1474651241847885698,https://www.hemnet.se/salda/lagenhet-4rum-sidsjo-sundsvalls-kommun-hakon-ahlbergs-vag-73-1474651241847885698,94-95m²,bostadsratt,2026-09-13T13:02:55.527256
5663028063870671020,https://www.hemnet.se/salda/lagenhet-4rum-visattra-huddinge-kommun-sagstuvagen-50-5663028063870671020,94-95m²,bostadsratt,2026-09-13T13:02:55.527257
4364129266791854415,https://www.hemnet.se/salda/lagenhet-4rum-centrum-eskilstuna-kommun-kyrkogardsgatan-4a-4364129266791854415,94-95m²,bostadsratt,2026-09-13T13:02:55.527258
687043360075713955,https://www.hemnet.se/salda/lagenhet-4rum-ostberga-stockholms-kommun-vaxtorpsgrand-26-687043360075713955,94-95m²,bostadsratt,2026-09-13T13:02:55.527259
1428122109003561688,"https://www.hemnet.se/salda/lagenhet-3rum-bromma-nockebyhov-stockholms-kommun-dalgangen-3a,-hogst-upp-1428122109003561688",94-95m²,bostadsratt,2026-09-13T13:02:55.527261
3458541584604093296,https://www.hemnet.se/salda/lagenhet-3rum-ostermalm-stockholms-kommun-ostermalmsgatan-30-3458541584604093296,94-95m²,bostadsratt,2026-09-13T13:02:55.527262
2830456719654387274,https://www.hemnet.se/salda/lagenhet-4rum-lidingo-gashaga-lidingo-kommun-hamnvagen-1-2830456719654387274,94-95m²,bostadsratt,2026-09-13T13:02:55.527263
208603321348870299,https://www.hemnet.se/salda/lagenhet-4rum-tagaborg-helsingborgs-kommun-troedsgatan-4-208603321348870299,94-95m²,bostadsratt,2026-09-13T13:02:55.527264
2138561803873345042,https://www.hemnet.se/salda/lagenhet-4rum-tyreso-tyreso-kommun-bollmoravagen-48-2138561803873345042,94-95m²,bostadsratt,2026-09-13T13:02:55.527265
1105054962524368863,https://www.hemnet.se/salda/lagenhet-5rum-huvudsta-solna-kommun-storgatan-72a-1105054962524368863,94-95m²,bostadsratt,2026-09-13T13:02:55.527267
2455985705261318577,https://www.hemnet.se/salda/lagenhet-4rum-centrala-sundbyberg-sundbybergs-kommun-agatan-17-2455985705261318577,94-95m²,bostadsratt,2026-09-13T13:02:55.527268
3896408252815317693,"https://www.hemnet.se/salda/lagenhet-4rum-liljeholmen-stockholms-kommun-nybohovsbacken-31,-2tr-3896408252815317693",94-95m²,bostadsratt,2026-09-13T13:02:55.527269
3997963042692655573,https://www.hemnet.se/salda/lagenhet-4rum-alvsbacka-skelleftea-kommun-aldergatan-17-3997963042692655573,94-95m²,bostadsratt,2026-09-13T13:02:55.527270
5349193442478425255,https://www.hemnet.se/salda/lagenhet-5rum-ostberga-stockholms-kommun-stamgatan-61-5349193442478425255,94-95m²,bostadsratt,2026-09-13T13:02:55.527271
2092271823903198930,https://www.hemnet.se/salda/lagenhet-4rum-kviberg-goteborgs-kommun-hinderbanan-6-2092271823903198930,94-95m²,bostadsratt,2026-09-13T13:02:55.527273
3426041373541127507,https://www.hemnet.se/salda/lagenhet-4rum-gustavsberg-holmviksskogen-varmdo-kommun-bergmossevagen-27-3426041373541127507,94-95m²,bostadsratt,2026-09-13T13:02:55.527274
4830039144560618185,https://www.hemnet.se/salda/lagenhet-4rum-soderkulla-malmo-kommun-tornfalksgatan-10a-4830039144560618185,94-95m²,bostadsratt,2026-09-13T13:02:55.527278
1854206999911397906,"https://www.hemnet.se/salda/lagenhet-4rum-skarpnack-stockholms-kommun-vinggatan-34,-1-tr-1854206999911397906",94-95m²,bostadsratt,2026-09-13T13:02:55.527281
4243471319641119284,https://www.hemnet.se/salda/lagenhet-4rum-martens-falad-linero-lunds-kommun-kampagranden-15a-4243471319641119284,94-95m²,bostadsratt,2026-09-13T13:02:55.527283
6924864112091649560,"https://www.hemnet.se/salda/lagenhet-4rum-hammarby-sjostad-stockholms-kommun-textilgatan-23,-1tr-6924864112091649560",94-95m²,bostadsratt,2026-09-13T13:02:55.527284
453391893859212365,https://www.hemnet.se/salda/lagenhet-4rum-centralt-knivsta-kommun-gredelbyvagen-3-453391893859212365,94-95m²,bostadsratt,2026-09-13T13:02:55.527285
3898245428379432632,https://www.hemnet.se/salda/lagenhet-4rum-sodermalm-zinkensdamm-stockholms-kommun-ringvagen-43b-3898245428379432632,94-95m²,bostadsratt,2026-09-13T13:02:55.527286
3254533125217827850,"https://www.hemnet.se/salda/lagenhet-2,5rum-nacka-strand-nacka-kommun-augustendalsvagen-27,-van-8-3254533125217827850",94-95m²,bostadsratt,2026-09-13T13:02:55.527288
2202271352124795857,https://www.hemnet.se/salda/lagenhet-4rum-falhagen-uppsala-kommun-hjalmar-brantingsgatan-3b-2202271352124795857,94-95m²,bostadsratt,2026-09-13T13:02:55.527289
1389736129833460807,https://www.hemnet.se/salda/lagenhet-3rum-vaggeryd-vaggeryds-kommun-vallongatan-33a-1389736129833460807,94-95m²,bostadsratt,2026-09-13T13:02:55.527290
3147607187583846876,"https://www.hemnet.se/salda/lagenhet-4rum-bromma-annedal-stockholms-kommun-pelle-svanslos-gata-3,-van-2-3147607187583846876",94-95m²,bostadsratt,2026-09-13T13:02:55.527294
595941728683417748,https://www.hemnet.se/salda/lagenhet-4rum-mjolkudden-munkeberg-lulea-kommun-munkebergsgatan-34-595941728683417748,94-95m²,bostadsratt,2026-09-13T13:02:55.527295
3877325978198029440,https://www.hemnet.se/salda/lagenhet-4rum-skalby-kalmar-kommun-klockhusgatan-5b-3877325978198029440,94-95m²,bostadsratt,2026-09-13T13:02:55.527297
8092858868182704536,https://www.hemnet.se/salda/lagenhet-4rum-lansmansgarden-goteborgs-kommun-norra-fjadermolnsgatan-42-8092858868182704536,94-95m²,bostadsratt,2026-09-13T13:02:55.527298
1233345903796344082,https://www.hemnet.se/salda/lagenhet-4rum-ekero-ekero-kommun-clas-horns-vag-3c-1233345903796344082,94-95m²,bostadsratt,2026-09-13T13:02:55.527299
8713914685722861986,"https://www.hemnet.se/salda/lagenhet-4rum-telefonplan-stockholms-kommun-snickerigatan-14,-van-4-8713914685722861986",94-95m²,bostadsratt,2026-09-13T13:02:55.527301
8940008468040962132,https://www.hemnet.se/salda/lagenhet-4rum-vaxholm-vaxholms-kommun-kompassvagen-16-8940008468040962132,94-95m²,bostadsratt,2026-09-13T13:02:55.527302
8077070240054068826,https://www.hemnet.se/salda/lagenhet-4rum-jarvastaden-solna-kommun-torrangsgatan-8a-8077070240054068826,94-95m²,bostadsratt,2026-09-13T13:02:55.527303
6534478598799102680,https://www.hemnet.se/salda/lagenhet-4rum-grabo-gotlands-kommun-tradgardsgatan-327-6534478598799102680,94-95m²,bostadsratt,2026-09-13T13:02:55.527304
5524752978798277630,https://www.hemnet.se/salda/lagenhet-4rum-grindtorp-taby-kommun-grindtorpsvagen-25-5524752978798277630,94-95m²,bostadsratt,2026-09-13T13:02:55.527305
4570919622790203274,https://www.hemnet.se/salda/lagenhet-4rum-rotebro-sollentuna-kommun-allevagen-10k-4570919622790203274,94-95m²,bostadsratt,2026-09-13T13:02:55.527307
766938349854705789,https://www.hemnet.se/salda/lagenhet-4rum-barkarbystaden-jarfalla-kommun-karlslundsvagen-18-766938349854705789,94-95m²,bostadsratt,2026-09-13T13:02:55.527308
2680694265009111931,https://www.hemnet.se/salda/lagenhet-4rum-skogas-huddinge-kommun-loftvagen-8-2680694265009111931,94-95m²,bostadsratt,2026-09-13T13:02:55.527309
7200667032926139397,https://www.hemnet.se/salda/lagenhet-4rum-odsmal-stenungsunds-kommun-askekarret-11b-7200667032926139397,94-95m²,bostadsratt,2026-09-13T13:02:55.527310
4249535871357144303,https://www.hemnet.se/salda/lagenhet-4rum-tumba-botkyrka-kommun-blomstervagen-14-4249535871357144303,94-95m²,bostadsratt,2026-09-13T13:02:55.527311
2082976428226103028,https://www.hemnet.se/salda/lagenhet-4rum-jakobsberg-jarfalla-kommun-kvarnvagen-38b-2082976428226103028,94-95m²,bostadsratt,2026-09-13T13:02:55.527312
1161567715300371461,https://www.hemnet.se/salda/lagenhet-4rum-bromma-annedal-stockholms-kommun-annedalsvagen-59-1161567715300371461,94-95m²,bostadsratt,2026-09-13T13:02:55.527314
5879976244465385210,https://www.hemnet.se/salda/lagenhet-4rum-ostermalm-vasteras-kommun-ostermalmsgatan-3-lgh-1101-5879976244465385210,94-95m²,bostadsratt,2026-09-13T13:02:55.527334
5868587389311204159,https://www.hemnet.se/salda/lagenhet-4rum-ostermalm-vasteras-kommun-sodra-ringvagen-2-d-5868587389311204159,94-95m²,bostadsratt,2026-09-13T13:02:55.527336
7226942790366465620,https://www.hemnet.se/salda/lagenhet-4rum-komarken-kungalvs-kommun-kastellegardsgatan-50c-7226942790366465620,94-95m²,bostadsratt,2026-09-13T13:02:55.527337
6610871990231040532,"https://www.hemnet.se/salda/lagenhet-4rum-grondal-stockholms-kommun-lovholmsvagen-80,-van-4-4-6610871990231040532",94-95m²,bostadsratt,2026-09-13T13:02:55.527339
3452390793026288854,https://www.hemnet.se/salda/lagenhet-4rum-centrum-lulea-kommun-sodra-kungsgatan-6-3452390793026288854,94-95m²,bostadsratt,2026-09-13T13:02:55.527340
9193753753138946225,"https://www.hemnet.se/salda/lagenhet-4rum-alvsjostaden-stockholms-kommun-kabelverksgatan-32,-van-8-9193753753138946225",94-95m²,bostadsratt,2026-09-13T13:02:55.527341
878952089177919077,"https://www.hemnet.se/salda/lagenhet-4rum-hagersten-stockholms-kommun-vastertorpsvagen-138,-2tr-878952089177919077",94-95m²,bostadsratt,2026-09-13T13:02:55.527343
9184062221246459764,https://www.hemnet.se/salda/lagenhet-4rum-centrum-uppsala-kommun-vaderkvarnsgatan-21-b-9184062221246459764,94-95m²,bostadsratt,2026-09-13T13:02:55.527346
3490944702468601999,https://www.hemnet.se/salda/lagenhet-3rum-tierp-tierps-kommun-ostronvagen-16b-3490944702468601999,94-95m²,bostadsratt,2026-09-13T13:02:55.527348
3587971532037324576,"https://www.hemnet.se/salda/lagenhet-4rum-centrala-tyreso-tyreso-kommun-njupkarrsvagen-52,-2tr-3587971532037324576",94-95m²,bostadsratt,2026-09-13T13:02:55.527349
1686652908276297333,https://www.hemnet.se/salda/lagenhet-3rum-fridhem-ribersborg-malmo-kommun-ribersborgsvagen-15b-1686652908276297333,94-95m²,bostadsratt,2026-09-13T13:02:55.527350
4679739764824700038,https://www.hemnet.se/salda/lagenhet-3rum-centralt-upplands-vasby-kommun-dragonvagen-49-4679739764824700038,94-95m²,bostadsratt,2026-09-13T13:02:55.527352
2411775303440784418,https://www.hemnet.se/salda/lagenhet-3rum-stravalla-varbergs-kommun-askarrsvagen-7a-2411775303440784418,94-95m²,bostadsratt,2026-09-13T13:02:55.527353
3018512579529855806,https://www.hemnet.se/salda/lagenhet-4rum-ostermalm-gardet-stockholms-kommun-oregrundsgatan-14-3018512579529855806,94-95m²,bostadsratt,2026-09-13T13:02:55.527354
1829068283913739597,https://www.hemnet.se/salda/lagenhet-4rum-lindeborg-malmo-kommun-sufflorgatan-3-1829068283913739597,94-95m²,bostadsratt,2026-09-13T13:02:55.527355
414932600800017123,https://www.hemnet.se/salda/lagenhet-4rum-ostberga-stockholms-kommun-harplingegrand-34-414932600800017123,94-95m²,bostadsratt,2026-09-13T13:02:55.527356
5731098045360091935,https://www.hemnet.se/salda/lagenhet-4rum-gyllins-tradgard-malmo-kommun-lonnebergagatan-65-5731098045360091935,94-95m²,bostadsratt,2026-09-13T13:02:55.527358
7118603399566210625,https://www.hemnet.se/salda/lagenhet-4rum-odensala-ostersunds-kommun-odenskogsvagen-84-7118603399566210625,94-95m²,bostadsratt,2026-09-13T13:02:55.527359
179739521056070433,https://www.hemnet.se/salda/lagenhet-4rum-fixfabriken-majorna-goteborgs-kommun-fixfabrikens-gata-10-179739521056070433,94-95m²,bostadsratt,2026-09-13T13:02:55.527360
5377203826446095650,https://www.hemnet.se/salda/lagenhet-3rum-tierp-tierps-kommun-ostronvagen-22-b-5377203826446095650,94-95m²,bostadsratt,2026-09-13T13:02:55.527361
1370952569666196412,https://www.hemnet.se/salda/lagenhet-4rum-skarholmen-stockholms-kommun-aspholmsvagen-49-1370952569666196412,94-95m²,bostadsratt,2026-09-13T13:02:55.527362
2782668155590942925,"https://www.hemnet.se/salda/lagenhet-4rum-farsta-stockholms-kommun-agesta-brovag-36,-4-tr-2782668155590942925",94-95m²,bostadsratt,2026-09-13T13:02:55.527364
8064821070077783481,https://www.hemnet.se/salda/lagenhet-4rum-furulund-partille-kommun-timmerslatt-29-c-8064821070077783481,94-95m²,bostadsratt,2026-09-13T13:02:55.527365
7130753998099239501,https://www.hemnet.se/salda/lagenhet-4rum-kungsholmen-stockholms-kommun-hantverkargatan-76-a-7130753998099239501,94-95m²,bostadsratt,2026-09-13T13:02:55.527366
3509912404605666994,https://www.hemnet.se/salda/lagenhet-4rum-skarholmen-stockholms-kommun-aspholmsvagen-47-3509912404605666994,94-95m²,bostadsratt,2026-09-13T13:02:55.527367
4218138219009022689,https://www.hemnet.se/salda/lagenhet-4rum-skillinge-simrishamns-kommun-bastemansgatan-16-b-4218138219009022689,94-95m²,bostadsratt,2026-09-13T13:02:55.527370
3562505608331992382,https://www.hemnet.se/salda/lagenhet-3rum-s-t-knut-malmo-kommun-henrik-smithsgatan-7-3562505608331992382,94-95m²,bostadsratt,2026-09-13T13:02:55.527372
236076535451848101,https://www.hemnet.se/salda/lagenhet-3rum-ljungarum-jonkopings-kommun-slakthusgatan-9-236076535451848101,94-95m²,bostadsratt,2026-09-13T13:02:55.527373
8758558066204328603,https://www.hemnet.se/salda/lagenhet-4rum-hagsatra-stockholms-kommun-vintrosagatan-5-8758558066204328603,94-95m²,bostadsratt,2026-09-13T13:02:55.527374
9144148069328379432,https://www.hemnet.se/salda/lagenhet-4rum-rosengard-malmo-kommun-von-lingens-vag-126-9144148069328379432,94-95m²,bostadsratt,2026-09-13T13:02:55.527376
7647801466449580124,https://www.hemnet.se/salda/lagenhet-4rum-solbacka-strand-norrtalje-kommun-solparksvagen-17a-7647801466449580124,94-95m²,bostadsratt,2026-09-13T13:02:55.527377
6633880283719897268,https://www.hemnet.se/salda/lagenhet-3rum-gavle-strand-gavle-kommun-stuvaregatan-52-6633880283719897268,94-95m²,bostadsratt,2026-09-13T13:02:55.527378
4368584203736694287,"https://www.hemnet.se/salda/lagenhet-3,5rum-kungsholmen-stockholms-kommun-pontonjargatan-5,-3tr-4368584203736694287",94-95m²,bostadsratt,2026-09-13T13:02:55.527379
2318786946797977071,https://www.hemnet.se/salda/lagenhet-2rum-centrum-lulea-kommun-skeppsbrogatan-7a-2318786946797977071,94-95m²,bostadsratt,2026-09-13T13:02:55.527381
6760214696931631453,https://www.hemnet.se/salda/lagenhet-4rum-kulladal-malmo-kommun-kulladalsgatan-26c-6760214696931631453,94-95m²,bostadsratt,2026-09-13T13:02:55.527382
9098397746069744924,https://www.hemnet.se/salda/lagenhet-4rum-ragsved-stockholms-kommun-ragsvedsvagen-91-9098397746069744924,94-95m²,bostadsratt,2026-09-13T13:02:55.527383
300629834372232285,https://www.hemnet.se/salda/lagenhet-4rum-sunne-kommun-gettjarn-92-300629834372232285,94-95m²,bostadsratt,2026-09-13T13:02:55.527384
8470514613861922836,https://www.hemnet.se/salda/lagenhet-4rum-kungsladugard-goteborgs-kommun-karl-johansgatan-114-b-8470514613861922836,94-95m²,bostadsratt,2026-09-13T13:02:55.527386
2471845448153948040,"https://www.hemnet.se/salda/lagenhet-3,5rum-grodinge-botkyrka-kommun-ringvagen-1l,-van-11-12-2471845448153948040",94-95m²,bostadsratt,2026-09-13T13:02:55.527387
6103595411879879,https://www.hemnet.se/salda/lagenhet-4rum-mossen-motala-kommun-norra-herrgardsgatan-59b-6103595411879879,94-95m²,bostadsratt,2026-09-13T13:02:55.527391
7001534135632161393,https://www.hemnet.se/salda/lagenhet-4rum-rosengard-malmo-kommun-von-lingens-vag-92-7001534135632161393,94-95m²,bostadsratt,2026-09-13T13:02:55.527392
8758826298506512858,https://www.hemnet.se/salda/lagenhet-4rum-akersberga-centralt-osterakers-kommun-klappbryggan-13-8758826298506512858,94-95m²,bostadsratt,2026-09-13T13:02:55.527393
6469670620561966591,https://www.hemnet.se/salda/lagenhet-4rum-jarvastaden-solna-kommun-meanderslingan-34-6469670620561966591,94-95m²,bostadsratt,2026-09-13T13:02:55.527394
1570380318888456432,https://www.hemnet.se/salda/lagenhet-4rum-bromma-blackeberg-stockholms-kommun-blackebergsbacken-3-1570380318888456432,94-95m²,bostadsratt,2026-09-13T13:02:55.527396
8466878344551061047,https://www.hemnet.se/salda/lagenhet-4rum-holmangen-vanersborgs-kommun-stadsgardsvagen-12-8466878344551061047,94-95m²,bostadsratt,2026-09-13T13:02:55.527397
7995070013276626460,https://www.hemnet.se/salda/lagenhet-4rum-hasto-karlskrona-kommun-herrgardsvagen-1j-7995070013276626460,94-95m²,bostadsratt,2026-09-13T13:02:55.527398
4236496829370789158,https://www.hemnet.se/salda/lagenhet-4rum-vasterslatt-umea-kommun-vallmovagen-62-4236496829370789158,94-95m²,bostadsratt,2026-09-13T13:02:55.527399
6836177247923311315,https://www.hemnet.se/salda/lagenhet-3rum-oster-orebro-kommun-nygatan-65e-6836177247923311315,94-95m²,bostadsratt,2026-09-13T13:02:55.527400
977770133733892532,https://www.hemnet.se/salda/lagenhet-4rum-frosunda-solna-kommun-gustav-iii-s-boulevard-109-977770133733892532,94-95m²,bostadsratt,2026-09-13T13:02:55.527402
4274502622612418969,https://www.hemnet.se/salda/lagenhet-4rum-sankt-goran-stockholms-kommun-sankt-goransgatan-135-4274502622612418969,94-95m²,bostadsratt,2026-09-13T13:02:55.527405
6714052348778703042,https://www.hemnet.se/salda/lagenhet-3rum-djursholm-danderyds-kommun-skandiavagen-29-6714052348778703042,94-95m²,bostadsratt,2026-09-13T13:02:55.527406
4413883162317384435,https://www.hemnet.se/salda/lagenhet-3rum-centrum-karlstads-kommun-ostra-torggatan-9-4413883162317384435,94-95m²,bostadsratt,2026-09-13T13:02:55.527410
3135067467549402584,https://www.hemnet.se/salda/lagenhet-4rum-oringe-tyreso-kommun-diamantgangen-69-3135067467549402584,94-95m²,bostadsratt,2026-09-13T13:02:55.527411
3053959598937930527,https://www.hemnet.se/salda/lagenhet-3rum-linnestaden-goteborgs-kommun-nordhemsgatan-43-c-3053959598937930527,94-95m²,bostadsratt,2026-09-13T13:02:55.527412
3164589370313768244,https://www.hemnet.se/salda/lagenhet-4rum-skarpnack-stockholms-kommun-skarpnacks-alle-6-3164589370313768244,94-95m²,bostadsratt,2026-09-13T13:02:55.527414
1029525388235990872,https://www.hemnet.se/salda/lagenhet-5rum-alvsjo-stockholms-kommun-stamgatan-49-1029525388235990872,94-95m²,bostadsratt,2026-09-13T13:02:55.527415
122923246880252751,"https://www.hemnet.se/salda/lagenhet-4rum-nedre-gardet-tessinparken-stockholms-kommun-skeppargatan-96,-5-tr-122923246880252751",94-95m²,bostadsratt,2026-09-13T13:02:55.527416
3666167642355609892,https://www.hemnet.se/salda/lagenhet-2rum-myrstuguberget-huddinge-kommun-myrstuguvagen-175-3666167642355609892,94-95m²,bostadsratt,2026-09-13T13:02:55.527417
7562395923356402776,https://www.hemnet.se/salda/lagenhet-4rum-sorgarden-vallentuna-kommun-sorgarden-129-7562395923356402776,94-95m²,bostadsratt,2026-09-13T13:02:55.527418
5199768120441395448,https://www.hemnet.se/salda/lagenhet-3rum-dockan-malmo-kommun-krankajen-22-5199768120441395448,94-95m²,bostadsratt,2026-09-13T13:02:55.527420
4273278359620453743,https://www.hemnet.se/salda/lagenhet-3rum-landskrona-landskrona-kommun-tradgardsgatan-3-4273278359620453743,94-95m²,bostadsratt,2026-09-13T13:02:55.527421
4831898137891184802,https://www.hemnet.se/salda/lagenhet-5rum-midsommarkransen-stockholms-kommun-tellusborgsvagen-44-4831898137891184802,94-95m²,bostadsratt,2026-09-13T13:02:55.527422
6031844171725412947,"https://www.hemnet.se/salda/lagenhet-4rum-gardet-stockholms-kommun-oregrundsgatan-18,-1-tr-6031844171725412947",94-95m²,bostadsratt,2026-09-13T13:02:55.527423
8034653557955770156,https://www.hemnet.se/salda/lagenhet-4rum-malarhojden-stockholms-kommun-slattgardsvagen-93-8034653557955770156,94-95m²,bostadsratt,2026-09-13T13:02:55.527425
7653208816899826763,https://www.hemnet.se/salda/lagenhet-4rum-malmo-live-malmo-kommun-bassanggatan-3-7653208816899826763,94-95m²,bostadsratt,2026-09-13T13:02:55.527426
5491446751946560303,https://www.hemnet.se/salda/lagenhet-4rum-huvudsta-solna-kommun-wiboms-vag-12-5491446751946560303,94-95m²,bostadsratt,2026-09-13T13:02:55.527427
4163667455476781181,https://www.hemnet.se/salda/lagenhet-4rum-centralt-kungalvs-kommun-vendergatan-1-4163667455476781181,94-95m²,bostadsratt,2026-09-13T13:02:55.527428
2219678074605813042,"https://www.hemnet.se/salda/lagenhet-4rum-ektorp,-kaffebacken-norrkopings-kommun-ektorpsgatan-158-2219678074605813042",94-95m²,bostadsratt,2026-09-13T13:02:55.527429
797362348018395800,https://www.hemnet.se/salda/lagenhet-4rum-soderkulla-malmo-kommun-tornfalksgatan-6a-797362348018395800,94-95m²,bostadsratt,2026-09-13T13:02:55.527431
1633025763634195259,https://www.hemnet.se/salda/lagenhet-4rum-jarvastaden-solna-kommun-fridensborgsvagen-48-1633025763634195259,94-95m²,bostadsratt,2026-09-13T13:02:55.527432
1517734531673458365,https://www.hemnet.se/salda/lagenhet-3rum-taljoviken-osterakers-kommun-taljovikstorget-1-1517734531673458365,94-95m²,bostadsratt,2026-09-13T13:02:55.527433
7336651819104223755,"https://www.hemnet.se/salda/lagenhet-3rum-vasastan-birkastan-stockholms-kommun-norrbackagatan-4,-5-tr-7336651819104223755",94-95m²,bostadsratt,2026-09-13T13:02:55.527437
7583252387017346392,https://www.hemnet.se/salda/lagenhet-4rum-tyreso-centrum-tyreso-kommun-axel-wennergrens-vag-16-7583252387017346392,94-95m²,bostadsratt,2026-09-13T13:02:55.527438
8834256235523982461,https://www.hemnet.se/salda/lagenhet-5rum-ostra-kroppkarr-karlstads-kommun-glasbjorksvagen-45-8834256235523982461,94-95m²,bostadsratt,2026-09-13T13:02:55.527439
6999470180153584197,"https://www.hemnet.se/salda/lagenhet-3,5rum-kungsholmen-stockholms-kommun-sankt-eriksgatan-13,-3-tr-6999470180153584197",94-95m²,bostadsratt,2026-09-13T13:02:55.527441
1257608375183856311,https://www.hemnet.se/salda/lagenhet-4rum-ostberga-stockholms-kommun-fageredsgrand-28-1257608375183856311,94-95m²,bostadsratt,2026-09-13T13:02:55.527442
1584458913666182669,https://www.hemnet.se/salda/lagenhet-3rum-s-t-knut-malmo-kommun-henrik-smithsgatan-7-1584458913666182669,94-95m²,bostadsratt,2026-09-13T13:02:55.527445
8154003766128521268,https://www.hemnet.se/salda/lagenhet-3rum-goteborg-goteborgs-kommun-solstralegatan-20-8154003766128521268,94-95m²,bostadsratt,2026-09-13T13:02:55.527447
3525122420242411512,https://www.hemnet.se/salda/lagenhet-3rum-norra-faladen-lunds-kommun-skarpskyttevagen-22d-3525122420242411512,94-95m²,bostadsratt,2026-09-13T13:02:55.527448
1001642983058377969,https://www.hemnet.se/salda/lagenhet-4rum-akersberga-centralt-osterakers-kommun-skolvagen-12a-1001642983058377969,94-95m²,bostadsratt,2026-09-13T13:02:55.527449
3362763838389237103,"https://www.hemnet.se/salda/lagenhet-3,5rum-hammarby-sjostad-stockholms-kommun-sickla-kanalgata-87-3362763838389237103",94-95m²,bostadsratt,2026-09-13T13:02:55.527450
3205210513667101437,https://www.hemnet.se/salda/lagenhet-4rum-centralt-ornskoldsvik-ornskoldsviks-kommun-villagatan-65d-3205210513667101437,94-95m²,bostadsratt,2026-09-13T13:02:55.527452
2438427649314689433,https://www.hemnet.se/salda/lagenhet-3rum-lomma-hamn-lomma-kommun-langrevsgrand-12-2438427649314689433,94-95m²,bostadsratt,2026-09-13T13:02:55.527453
2449807443242085678,"https://www.hemnet.se/salda/lagenhet-4rum-kvarnholmen-nacka-kommun-sodra-vagen-63,-5-tr-2449807443242085678",94-95m²,bostadsratt,2026-09-13T13:02:55.527454
6169173262535620486,https://www.hemnet.se/salda/lagenhet-4rum-centrum-enkopings-kommun-kungsgatan-12-6169173262535620486,94-95m²,bostadsratt,2026-09-13T13:02:55.527455
5135661075242720292,https://www.hemnet.se/salda/lagenhet-4rum-ostra-kanalstaden-osterakers-kommun-osterskarsvagen-16a-5135661075242720292,94-95m²,bostadsratt,2026-09-13T13:02:55.527456
7576254601031780686,https://www.hemnet.se/salda/lagenhet-4rum-centrum-lulea-kommun-stationsgatan-11-7576254601031780686,94-95m²,bostadsratt,2026-09-13T13:02:55.527458
4930261169622980175,https://www.hemnet.se/salda/lagenhet-3rum-sodermalm-stockholms-kommun-kocksgatan-20-4930261169622980175,94-95m²,bostadsratt,2026-09-13T13:02:55.527459
3307951414338149539,https://www.hemnet.se/salda/lagenhet-4rum-hagastaden-stockholms-kommun-gavlegatan-32-3307951414338149539,94-95m²,bostadsratt,2026-09-13T13:02:55.527460
5355559872937123357,https://www.hemnet.se/salda/lagenhet-5rum-tuve-goteborgs-kommun-arves-marias-vag-12-5355559872937123357,94-95m²,bostadsratt,2026-09-13T13:02:55.527462
7257567496351409503,https://www.hemnet.se/salda/lagenhet-4rum-bjurhovda-vasteras-kommun-knotavagen-11-7257567496351409503,94-95m²,bostadsratt,2026-09-13T13:02:55.527463
2641360493891719508,https://www.hemnet.se/salda/lagenhet-5rum-stadsskogen-alingsas-kommun-grankullegatan-97d-2641360493891719508,94-95m²,bostadsratt,2026-09-13T13:02:55.527464
5242459429674669083,https://www.hemnet.se/salda/lagenhet-4rum-spanga-tensta-stockholms-kommun-sotingeplan-44-5242459429674669083,94-95m²,bostadsratt,2026-09-13T13:02:55.527466
89415678384741493,https://www.hemnet.se/salda/lagenhet-4rum-centrala-mjolby-mjolby-kommun-svartaliden-6-b-89415678384741493,94-95m²,bostadsratt,2026-09-13T13:02:55.527467
6956629936734015774,https://www.hemnet.se/salda/lagenhet-4rum-bergshamra-solna-kommun-odlingsvagen-1-6956629936734015774,94-95m²,bostadsratt,2026-09-13T13:02:55.527468
8956917132200566902,https://www.hemnet.se/salda/lagenhet-4rum-jakobsberg-jarfalla-kommun-sangvagen-4c-8956917132200566902,94-95m²,bostadsratt,2026-09-13T13:02:55.527469
3803899092825919521,https://www.hemnet.se/salda/lagenhet-3rum-centrum-helsingborgs-kommun-bruksgatan-5a-3803899092825919521,94-95m²,bostadsratt,2026-09-13T13:02:55.527470
6032275162111537107,https://www.hemnet.se/salda/lagenhet-3rum-norra-hamnen-helsingborgs-kommun-kranforaregatan-1-6032275162111537107,94-95m²,bostadsratt,2026-09-13T13:02:55.527471
8624535693727511341,https://www.hemnet.se/salda/lagenhet-5rum-alvsjo-stockholms-kommun-stamgatan-50-8624535693727511341,94-95m²,bostadsratt,2026-09-13T13:02:55.527473
5102592379381671587,https://www.hemnet.se/salda/lagenhet-3rum-hammarby-sjostad-stockholms-kommun-fendergatan-8-5102592379381671587,94-95m²,bostadsratt,2026-09-13T13:02:55.527474
8083867103518240818,https://www.hemnet.se/salda/lagenhet-4rum-tyreso-centrum-tyreso-kommun-myggdalsvagen-56-8083867103518240818,94-95m²,bostadsratt,2026-09-13T13:02:55.527475
3015483817664765687,https://www.hemnet.se/salda/lagenhet-3rum-sundsvall-vastermalm-norrmalm-sundsvalls-kommun-storgatan-58b-3015483817664765687,94-95m²,bostadsratt,2026-09-13T13:02:55.527476
66483772039229475,https://www.hemnet.se/salda/lagenhet-4rum-hagernas-taby-kommun-radarvagen-4-66483772039229475,94-95m²,bostadsratt,2026-09-13T13:02:55.527482
3725688984767443681,https://www.hemnet.se/salda/lagenhet-3rum-rydeback-helsingborgs-kommun-faringsogatan-5-3725688984767443681,94-95m²,bostadsratt,2026-09-13T13:02:55.527484
4512764234158776203,https://www.hemnet.se/salda/lagenhet-4rum-skytteholm-solna-kommun-framnasbacken-1-4512764234158776203,94-95m²,bostadsratt,2026-09-13T13:02:55.527485
6806832001333961167,"https://www.hemnet.se/salda/lagenhet-4rum-midsommarkransen-stockholms-kommun-tellusborgsvagen-42,-van-3-6806832001333961167",94-95m²,bostadsratt,2026-09-13T13:02:55.527486
6099714974329246698,"https://www.hemnet.se/salda/lagenhet-4rum-vasastan-stockholms-kommun-norrbackagatan-17,-5tr-6099714974329246698",94-95m²,bostadsratt,2026-09-13T13:02:55.527487
1176589250923067091,https://www.hemnet.se/salda/lagenhet-5rum-tofta-gotland-gotlands-kommun-falting-lottes-vag-1b-1176589250923067091,94-95m²,bostadsratt,2026-09-13T13:02:55.527489
1326289614252908589,https://www.hemnet.se/salda/lagenhet-4rum-grossgardet-norrtalje-kommun-kungsgatan-14-1326289614252908589,94-95m²,bostadsratt,2026-09-13T13:02:55.527490
1652166716433646887,https://www.hemnet.se/salda/lagenhet-3rum-nynashamn-nynashamns-kommun-torparegrand-4-1652166716433646887,94-95m²,bostadsratt,2026-09-13T13:02:55.527491
6476538258837749195,https://www.hemnet.se/salda/lagenhet-4rum-furulund-partille-kommun-hyggesvagen-4-6476538258837749195,94-95m²,bostadsratt,2026-09-13T13:02:55.527492
5068898562048326668,https://www.hemnet.se/salda/lagenhet-3rum-sundsvall-centralt-sundsvalls-kommun-ostra-langgatan-7c-5068898562048326668,94-95m²,bostadsratt,2026-09-13T13:02:55.527493
1420475383564149429,https://www.hemnet.se/salda/lagenhet-4rum-djupviken-pitea-kommun-abborrgatan-5c-1420475383564149429,94-95m²,bostadsratt,2026-09-13T13:02:55.527495
1774968971528783181,https://www.hemnet.se/salda/lagenhet-3rum-linnestaden-goteborgs-kommun-kastellgatan-12b-1774968971528783181,94-95m²,bostadsratt,2026-09-13T13:02:55.527496
6094650131519632586,"https://www.hemnet.se/salda/lagenhet-3rum-vasastan-stockholms-kommun-gavlegatan-4,-1tr-6094650131519632586",94-95m²,bostadsratt,2026-09-13T13:02:55.527499
904676985959931188,https://www.hemnet.se/salda/lagenhet-4rum-ribersborg-malmo-kommun-henrik-wranersgatan-1b-904676985959931188,94-95m²,bostadsratt,2026-09-13T13:02:55.527501
4681284910273198378,https://www.hemnet.se/salda/lagenhet-4rum-centralt-amals-kommun-malmgatan-7-4681284910273198378,94-95m²,bostadsratt,2026-09-13T13:02:55.527502
5675302978170779356,https://www.hemnet.se/salda/lagenhet-4rum-rosendal-uppsala-kommun-torgny-segerstedts-alle-17b-5675302978170779356,94-95m²,bostadsratt,2026-09-13T13:02:55.527503
1789372943659917000,https://www.hemnet.se/salda/lagenhet-3rum-odakra-helsingborgs-kommun-saturnusgatan-274-1789372943659917000,94-95m²,bostadsratt,2026-09-13T13:02:55.527505
4860932449850823123,https://www.hemnet.se/salda/lagenhet-4rum-centralt-vanersborgs-kommun-residensgatan-16d-4860932449850823123,94-95m²,bostadsratt,2026-09-13T13:02:55.527506
6665276051452141956,https://www.hemnet.se/salda/lagenhet-3rum-lunden-goteborgs-kommun-hebegatan-3a-6665276051452141956,94-95m²,bostadsratt,2026-09-13T13:02:55.527507
1324820985422426793,"https://www.hemnet.se/salda/lagenhet-4rum-grindtorp-taby-kommun-grindtorpsvagen-43,-7tr-1324820985422426793",94-95m²,bostadsratt,2026-09-13T13:02:55.527509
1896573720969861998,https://www.hemnet.se/salda/lagenhet-4rum-breared-varbergs-kommun-brearedsvagen-98-lgh-1706-1896573720969861998,94-95m²,bostadsratt,2026-09-13T13:02:55.527510
6555296080060508469,https://www.hemnet.se/salda/lagenhet-4rum-tyreso-strand-tyreso-kommun-lovangsgrand-5-6555296080060508469,94-95m²,bostadsratt,2026-09-13T13:02:55.527511
7355103184050648271,"https://www.hemnet.se/salda/lagenhet-4rum-arsta-stockholms-kommun-arstavagen-7,-2-tr-7355103184050648271",94-95m²,bostadsratt,2026-09-13T13:02:55.527513
8684422247829612966,https://www.hemnet.se/salda/lagenhet-4rum-soderdalen-jakobsberg-jarfalla-kommun-malstensgrand-6-8684422247829612966,94-95m²,bostadsratt,2026-09-13T13:02:55.527514
1626962858326920962,https://www.hemnet.se/salda/lagenhet-4rum-klostergarden-lunds-kommun-sunnanvag-6k-1626962858326920962,94-95m²,bostadsratt,2026-09-13T13:02:55.527515
4786040371316395067,"https://www.hemnet.se/salda/lagenhet-4rum-sodermalm-stockholms-kommun-bastugatan-2,-2-tr-4786040371316395067",94-95m²,bostadsratt,2026-09-13T13:02:55.527519
6643809207614379876,https://www.hemnet.se/salda/lagenhet-5rum-ostberga-stockholms-kommun-stamgatan-63-6643809207614379876,94-95m²,bostadsratt,2026-09-13T13:02:55.527520
8904524034349539087,"https://www.hemnet.se/salda/lagenhet-3,5rum-olympia-helsingborgs-kommun-hovitsmansgatan-4a-8904524034349539087",94-95m²,bostadsratt,2026-09-13T13:02:55.527521
8553901685344066282,https://www.hemnet.se/salda/lagenhet-4rum-slavsta-uppsala-kommun-stalgatan-50-8553901685344066282,94-95m²,bostadsratt,2026-09-13T13:02:55.527522
7320207334840905704,https://www.hemnet.se/salda/lagenhet-3rum-lansmansgarden-goteborgs-kommun-solstralegatan-18-7320207334840905704,94-95m²,bostadsratt,2026-09-13T13:02:55.527523
4158969954251508759,https://www.hemnet.se/salda/lagenhet-4rum-masthugget-goteborgs-kommun-klostergangen-7-4158969954251508759,94-95m²,bostadsratt,2026-09-13T13:02:55.527525
1042559373277624246,https://www.hemnet.se/salda/lagenhet-3rum-nacka-jarla-sjo-nacka-kommun-winborgs-vag-43-1042559373277624246,94-95m²,bostadsratt,2026-09-13T13:02:55.527526
2416853765792290263,https://www.hemnet.se/salda/lagenhet-4rum-tygelsjo-malmo-kommun-sidoskeppsgatan-7-2416853765792290263,94-95m²,bostadsratt,2026-09-13T13:02:55.527529
3389901289719077878,https://www.hemnet.se/salda/lagenhet-4rum-pedagogen-park-molndals-kommun-pedagogen-park-3389901289719077878,94-95m²,bostadsratt,2026-09-13T13:02:55.527531
2622646524574593673,https://www.hemnet.se/salda/lagenhet-3rum-tierp-tierps-kommun-ostronvagen-14b-2622646524574593673,94-95m²,bostadsratt,2026-09-13T13:02:55.527532
4757630438567071643,https://www.hemnet.se/salda/lagenhet-4rum-jarlaberg-nacka-kommun-trillans-vag-2-4757630438567071643,94-95m²,bostadsratt,2026-09-13T13:02:55.527533
7068723883426635687,https://www.hemnet.se/salda/lagenhet-3rum-linnestaden-goteborgs-kommun-djupedalsgatan-4-7068723883426635687,94-95m²,bostadsratt,2026-09-13T13:02:55.527534
2704010245237645074,https://www.hemnet.se/salda/lagenhet-3rum-centralt-sodertalje-kommun-ostra-kanalgatan-18-2704010245237645074,94-95m²,bostadsratt,2026-09-13T13:02:55.527536
6290398814899153445,"https://www.hemnet.se/salda/lagenhet-4rum-spanga-tensta-stockholms-kommun-skaftingebacken-28,-van-3-6-6290398814899153445",94-95m²,bostadsratt,2026-09-13T13:02:55.527537
1696944680153525865,https://www.hemnet.se/salda/lagenhet-4rum-jarva-solna-kommun-jarva-skjutbanevag-31-1696944680153525865,94-95m²,bostadsratt,2026-09-13T13:02:55.527538
4316342095000835723,https://www.hemnet.se/salda/lagenhet-4rum-ostbergahojden-stockholms-kommun-slattakragrand-18-4316342095000835723,94-95m²,bostadsratt,2026-09-13T13:02:55.527539
3777900579230616285,https://www.hemnet.se/salda/lagenhet-4rum-limhamn-malmo-kommun-packhusgatan-23b-3777900579230616285,94-95m²,bostadsratt,2026-09-13T13:02:55.527541
6246241870497735568,https://www.hemnet.se/salda/lagenhet-4rum-sankt-jorgen-goteborgs-kommun-sankt-jorgens-alle-1-6246241870497735568,94-95m²,bostadsratt,2026-09-13T13:02:55.527542
4203481830757757827,https://www.hemnet.se/salda/lagenhet-4rum-nacka-strand-nacka-kommun-augustendalsvagen-35-4203481830757757827,94-95m²,bostadsratt,2026-09-13T13:02:55.527543
4832714866160859779,https://www.hemnet.se/salda/lagenhet-4rum-taljo-osterakers-kommun-myntbacken-17-4832714866160859779,94-95m²,bostadsratt,2026-09-13T13:02:55.527544
6989082082548135342,https://www.hemnet.se/salda/lagenhet-4rum-boliden-skelleftea-kommun-ringen-75a-6989082082548135342,94-95m²,bostadsratt,2026-09-13T13:02:55.527545
5009690744352410295,"https://www.hemnet.se/salda/lagenhet-4rum-grondal-stockholms-kommun-grondalsvagen-108,-van-3-5009690744352410295",94-95m²,bostadsratt,2026-09-13T13:02:55.527547
4863526824921825653,https://www.hemnet.se/salda/lagenhet-4rum-hagernas-taby-kommun-radarvagen-6-van-2-4863526824921825653,94-95m²,bostadsratt,2026-09-13T13:02:55.527548
4749485623349581979,https://www.hemnet.se/salda/lagenhet-4rum-dalby-lunds-kommun-grobladsvagen-4-4749485623349581979,94-95m²,bostadsratt,2026-09-13T13:02:55.527549
1294697379674920125,https://www.hemnet.se/salda/lagenhet-3rum-hassleholm-centralt-hassleholms-kommun-drottninggatan-73-1294697379674920125,94-95m²,bostadsratt,2026-09-13T13:02:55.527550
8384752444767481077,https://www.hemnet.se/salda/lagenhet-4rum-akersberga-centralt-osterakers-kommun-vastra-banvagen-4b-8384752444767481077,94-95m²,bostadsratt,2026-09-13T13:02:55.527551
8044783536582747512,https://www.hemnet.se/salda/lagenhet-4rum-jarvastaden-solna-kommun-fridensborgsvagen-131-8044783536582747512,94-95m²,bostadsratt,2026-09-13T13:02:55.527556
4948202778103213889,https://www.hemnet.se/salda/lagenhet-4rum-nordstan-vanersborgs-kommun-nygatan-17-4948202778103213889,94-95m²,bostadsratt,2026-09-13T13:02:55.527557
6675461465541765061,https://www.hemnet.se/salda/lagenhet-4rum-strovelstorp-angelholms-kommun-vildvinsvagen-2-a-6675461465541765061,94-95m²,bostadsratt,2026-09-13T13:02:55.527558
1158079494111369295,https://www.hemnet.se/salda/lagenhet-4rum-vasterhaninge-haninge-kommun-abylundsvagen-267-1158079494111369295,94-95m²,bostadsratt,2026-09-13T13:02:55.527560
7616919535925398906,https://www.hemnet.se/salda/lagenhet-4rum-sandviken-centrum-sandbacka-sandvikens-kommun-smala-vagen-5c-7616919535925398906,94-95m²,bostadsratt,2026-09-13T13:02:55.527561
7789074064032207363,https://www.hemnet.se/salda/lagenhet-4rum-centrum-karlshamns-kommun-regeringsgatan-118-7789074064032207363,94-95m²,bostadsratt,2026-09-13T13:02:55.527562
8275975452024208165,"https://www.hemnet.se/salda/lagenhet-4,5rum-kungsangen-uppsala-kommun-kungsgatan-66-c-8275975452024208165",94-95m²,bostadsratt,2026-09-13T13:02:55.527563
137234410400516255,https://www.hemnet.se/salda/lagenhet-4rum-eds-alle-upplands-vasby-kommun-vallstavagen-27-137234410400516255,94-95m²,bostadsratt,2026-09-13T13:02:55.527565
2056293013469197929,https://www.hemnet.se/salda/lagenhet-3rum-limhamn-on-malmo-kommun-sundholmsgatan-12a-2056293013469197929,94-95m²,bostadsratt,2026-09-13T13:02:55.527566
295001389852355073,https://www.hemnet.se/salda/lagenhet-3rum-eslov-centralt-eslovs-kommun-malmgatan-10-295001389852355073,94-95m²,bostadsratt,2026-09-13T13:02:55.527567
1868279245978053307,https://www.hemnet.se/salda/lagenhet-4rum-ostersund-ostersunds-kommun-odenskogsvagen-84-1868279245978053307,94-95m²,bostadsratt,2026-09-13T13:02:55.527568
1362039471333146665,"https://www.hemnet.se/salda/lagenhet-3rum-kungsholmen-nedre-kungsholmen-stockholms-kommun-sankt-eriksgatan-19,-5tr-1362039471333146665",94-95m²,bostadsratt,2026-09-13T13:02:55.527570
2417928387907579902,https://www.hemnet.se/salda/lagenhet-4rum-majorna-goteborgs-kommun-timmermansgatan-8-2417928387907579902,94-95m²,bostadsratt,2026-09-13T13:02:55.527571
1895160443298697980,https://www.hemnet.se/salda/lagenhet-4rum-orby-stockholms-kommun-gamla-huddingevagen-444-1895160443298697980,94-95m²,bostadsratt,2026-09-13T13:02:55.527574
3441149377776285802,"https://www.hemnet.se/salda/lagenhet-3rum-vastra-orminge-nacka-kommun-betsovagen-6,-nb-3441149377776285802",94-95m²,bostadsratt,2026-09-13T13:02:55.527576
6959136280887101497,https://www.hemnet.se/salda/lagenhet-4rum-adolfsberg-helsingborgs-kommun-sodra-hunnetorpsvagen-57c-6959136280887101497,94-95m²,bostadsratt,2026-09-13T13:02:55.527577
308686909246126772,https://www.hemnet.se/salda/lagenhet-4rum-perstorp-tatort-perstorps-kommun-postgatan-1d-308686909246126772,94-95m²,bostadsratt,2026-09-13T13:02:55.527578
1184332443781810872,https://www.hemnet.se/salda/lagenhet-4rum-ragnvalla-helsingborgs-kommun-ragnvallagatan-34c-1184332443781810872,94-95m²,bostadsratt,2026-09-13T13:02:55.527579
229286529155831088,https://www.hemnet.se/salda/lagenhet-4rum-sodermalm-hornstull-stockholms-kommun-hogalidsgatan-48-a-229286529155831088,94-95m²,bostadsratt,2026-09-13T13:02:55.527581
7347609794294158133,https://www.hemnet.se/salda/lagenhet-3rum-strangnas-centrum-strangnas-kommun-nygatan-41-7347609794294158133,94-95m²,bostadsratt,2026-09-13T13:02:55.527582
2456349540113989335,https://www.hemnet.se/salda/lagenhet-3rum-ostermalm-karlaplan-stockholms-kommun-valhallavagen-148-c-2456349540113989335,94-95m²,bostadsratt,2026-09-13T13:02:55.527583
5257289649278914848,https://www.hemnet.se/salda/lagenhet-4rum-mossen-motala-kommun-norra-herrgardsgatan-57a-5257289649278914848,94-95m²,bostadsratt,2026-09-13T13:02:55.527584
3764405066885368796,https://www.hemnet.se/salda/lagenhet-3rum-hemdal-vasteras-kommun-hemdalsvagen-3b-3764405066885368796,94-95m²,bostadsratt,2026-09-13T13:02:55.527585
7787720634767224380,https://www.hemnet.se/salda/lagenhet-4rum-vasastaden-stockholms-kommun-sonja-kovalevskys-gata-11-7787720634767224380,94-95m²,bostadsratt,2026-09-13T13:02:55.527589
2904084196005292007,https://www.hemnet.se/salda/lagenhet-3rum-lulea-lulea-kommun-smabatsgatan-10c-2904084196005292007,94-95m²,bostadsratt,2026-09-13T13:02:55.527590
5497735022638238761,https://www.hemnet.se/salda/lagenhet-4rum-vasastan-hagastaden-stockholms-kommun-hagaesplanaden-73-van-2-5497735022638238761,94-95m²,bostadsratt,2026-09-13T13:02:55.527594
548501690681186445,https://www.hemnet.se/salda/lagenhet-3rum-rindo-vaxholms-kommun-treuddsvagen-18-548501690681186445,94-95m²,bostadsratt,2026-09-13T13:02:55.527595
4152270419569342542,https://www.hemnet.se/salda/lagenhet-3rum-hemdal-vasteras-kommun-hemdalsvagen-3b-4152270419569342542,94-95m²,bostadsratt,2026-09-13T13:02:55.527596
1844287674071924532,https://www.hemnet.se/salda/lagenhet-3rum-gashaga-pirar-lidingo-kommun-hamnvagen-7-1844287674071924532,94-95m²,bostadsratt,2026-09-13T13:02:55.527597
4686246962302542404,https://www.hemnet.se/salda/lagenhet-3rum-linnestaden-goteborgs-kommun-sveagatan-20a-4686246962302542404,94-95m²,bostadsratt,2026-09-13T13:02:55.527598
7801080075406124114,https://www.hemnet.se/salda/lagenhet-4rum-hojersdal-gavle-kommun-vallgangsvagen-4e-7801080075406124114,94-95m²,bostadsratt,2026-09-13T13:02:55.527600
8966851681878776294,https://www.hemnet.se/salda/lagenhet-4rum-soder-eskilstuna-kommun-vasavagen-19a-8966851681878776294,94-95m²,bostadsratt,2026-09-13T13:02:55.527601
574643971786324753,https://www.hemnet.se/salda/lagenhet-4rum-stenungsund-stenungsunds-kommun-modistvagen-41b-574643971786324753,94-95m²,bostadsratt,2026-09-13T13:02:55.527602
2036904259358777600,https://www.hemnet.se/salda/lagenhet-4rum-soder-gavle-kommun-sodra-radmansgatan-13-2036904259358777600,94-95m²,bostadsratt,2026-09-13T13:02:55.527603
3226215326885644462,"https://www.hemnet.se/salda/lagenhet-4rum-hagernas-taby-kommun-radarvagen-4,-8-9-tr-3226215326885644462",94-95m²,bostadsratt,2026-09-13T13:02:55.527604
2896648837491893918,https://www.hemnet.se/salda/lagenhet-4rum-skarholmen-stockholms-kommun-aspholmsvagen-27-2896648837491893918,94-95m²,bostadsratt,2026-09-13T13:02:55.527606
4071954179412848283,"https://www.hemnet.se/salda/lagenhet-3rum-svenljunga-svenljunga-kommun-jarnvagsgatan-9,-lgh-1303-4071954179412848283",94-95m²,bostadsratt,2026-09-13T13:02:55.527607
7424668247110972304,https://www.hemnet.se/salda/lagenhet-3rum-ostermalm-stockholms-kommun-valhallavagen-146e-7424668247110972304,94-95m²,bostadsratt,2026-09-13T13:02:55.527608
672238704845117931,https://www.hemnet.se/salda/lagenhet-4rum-bohuslan-stenungsunds-kommun-modistvagen-31a-672238704845117931,94-95m²,bostadsratt,2026-09-13T13:02:55.527609
5268467750187294664,https://www.hemnet.se/salda/lagenhet-4rum-ovala-parken-danderyds-kommun-eduard-von-horns-vag-7-5268467750187294664,94-95m²,bostadsratt,2026-09-13T13:02:55.527611
4880499506257640690,https://www.hemnet.se/salda/lagenhet-3rum-sollentuna-centrum-sollentuna-kommun-sollentunavagen-142-4880499506257640690,94-95m²,bostadsratt,2026-09-13T13:02:55.527612
3891767021930434952,https://www.hemnet.se/salda/lagenhet-3rum-norra-faladen-lunds-kommun-skarpskyttevagen-20b-3891767021930434952,94-95m²,bostadsratt,2026-09-13T13:02:55.527613
2925121575680095255,https://www.hemnet.se/salda/lagenhet-4rum-klostergarden-lunds-kommun-sunnanvag-6h-2925121575680095255,94-95m²,bostadsratt,2026-09-13T13:02:55.527614
3797655218120495674,https://www.hemnet.se/salda/lagenhet-3rum-citadellskajen-malmo-kommun-vastra-alvgatan-10-3797655218120495674,94-95m²,bostadsratt,2026-09-13T13:02:55.527616
9105953352476910014,https://www.hemnet.se/salda/lagenhet-3rum-soder-ostersunds-kommun-radhusgatan-106-c-9105953352476910014,94-95m²,bostadsratt,2026-09-13T13:02:55.527617
4086026240413826693,https://www.hemnet.se/salda/lagenhet-4rum-kungsladugard-goteborgs-kommun-lilla-fridhemsgatan-6c-4086026240413826693,94-95m²,bostadsratt,2026-09-13T13:02:55.527620
1373402005942247486,https://www.hemnet.se/salda/lagenhet-4rum-skar-goteborgs-kommun-pipblasaregatan-14-1373402005942247486,94-95m²,bostadsratt,2026-09-13T13:02:55.527622
6403724978665954590,https://www.hemnet.se/salda/lagenhet-4rum-hagernas-taby-kommun-radarvagen-8-6403724978665954590,94-95m²,bostadsratt,2026-09-13T13:02:55.527623
3005387237863040781,https://www.hemnet.se/salda/lagenhet-4rum-solna-centrum-rudviken-solna-kommun-regnstigen-12-3005387237863040781,94-95m²,bostadsratt,2026-09-13T13:02:55.527624
429977795378994026,https://www.hemnet.se/salda/lagenhet-4rum-ostermalm-kristianstads-kommun-sjocronas-gata-2a-429977795378994026,94-95m²,bostadsratt,2026-09-13T13:02:55.527625
6720323926108962644,https://www.hemnet.se/salda/lagenhet-4rum-davidshall-malmo-kommun-fersens-vag-14-a-6720323926108962644,94-95m²,bostadsratt,2026-09-13T13:02:55.527627
4604439746118153521,https://www.hemnet.se/salda/lagenhet-4rum-stenhagen-uppsala-kommun-herrhagsvagen-188-4604439746118153521,94-95m²,bostadsratt,2026-09-13T13:02:55.527630
3458828561981692997,https://www.hemnet.se/salda/lagenhet-4rum-oxie-malmo-kommun-keramikvagen-2-l-3458828561981692997,94-95m²,bostadsratt,2026-09-13T13:02:55.527632
3755749592948170398,https://www.hemnet.se/salda/lagenhet-4rum-hornsbergs-strand-stockholms-kommun-nordenflychtsvagen-69-3755749592948170398,94-95m²,bostadsratt,2026-09-13T13:02:55.527633
4038395271677482687,https://www.hemnet.se/salda/lagenhet-4rum-katrineholm-norr-katrineholms-kommun-brunnsgatan-7-4038395271677482687,94-95m²,bostadsratt,2026-09-13T13:02:55.527634
584105930160200428,https://www.hemnet.se/salda/lagenhet-4rum-centrala-tyreso-tyreso-kommun-myggdalsvagen-112-584105930160200428,94-95m²,bostadsratt,2026-09-13T13:02:55.527636
7135946107628144894,https://www.hemnet.se/salda/lagenhet-4rum-solbacka-strand-norrtalje-kommun-solparksvagen-13a-7135946107628144894,94-95m²,bostadsratt,2026-09-13T13:02:55.527637
3445169198560736663,https://www.hemnet.se/salda/lagenhet-4rum-norrstrand-karlstads-kommun-hagaborgsgatan-7-3445169198560736663,94-95m²,bostadsratt,2026-09-13T13:02:55.527638
1938938964121794060,https://www.hemnet.se/salda/lagenhet-4rum-vallhamra-partille-kommun-vallhamra-torg-16-1938938964121794060,94-95m²,bostadsratt,2026-09-13T13:02:55.527639
2839222006105790020,https://www.hemnet.se/salda/lagenhet-4rum-norrtalje-hamn-norrtalje-kommun-angbatsgatan-2-2839222006105790020,94-95m²,bostadsratt,2026-09-13T13:02:55.527641
2994245101604336273,https://www.hemnet.se/salda/lagenhet-4rum-loddekopinge-centralt-kavlinge-kommun-edvin-anderssons-vag-25c-2994245101604336273,94-95m²,bostadsratt,2026-09-13T13:02:55.527642
80192771726535810,https://www.hemnet.se/salda/lagenhet-3rum-gavle-strand-gavle-kommun-stuvaregatan-12b-80192771726535810,94-95m²,bostadsratt,2026-09-13T13:02:55.527643
4074421014717541743,"https://www.hemnet.se/salda/lagenhet-3rum-vasastan-stockholms-kommun-vastmannagatan-89,-3tr-4074421014717541743",94-95m²,bostadsratt,2026-09-13T13:02:55.527644
2380611053866718738,https://www.hemnet.se/salda/lagenhet-4rum-jakobsberg-jarfalla-kommun-engelbrektsvagen-26b-2380611053866718738,94-95m²,bostadsratt,2026-09-13T13:02:55.527646
5862002235137872331,https://www.hemnet.se/salda/lagenhet-4rum-baggeby-lidingo-kommun-kostervagen-2-5862002235137872331,94-95m²,bostadsratt,2026-09-13T13:02:55.527647
1713939883738839984,https://www.hemnet.se/salda/lagenhet-4rum-adolfsberg-helsingborgs-kommun-sodra-hunnetorpsvagen-46c-1713939883738839984,94-95m²,bostadsratt,2026-09-13T13:02:55.527648
1378251645298851970,https://www.hemnet.se/salda/lagenhet-4rum-ekero-ekero-kommun-utkiksgrand-3-1378251645298851970,94-95m²,bostadsratt,2026-09-13T13:02:55.527649
1910561642916387773,https://www.hemnet.se/salda/lagenhet-4rum-aby-molndals-kommun-ponnygatan-4-a-1910561642916387773,94-95m²,bostadsratt,2026-09-13T13:02:55.527651
698392388626523098,https://www.hemnet.se/salda/lagenhet-4rum-johanneberg-goteborgs-kommun-drivhusgatan-19a-698392388626523098,94-95m²,bostadsratt,2026-09-13T13:02:55.527652
7155013579102873641,https://www.hemnet.se/salda/lagenhet-3rum-soder-halmstads-kommun-sodra-vagen-25b-7155013579102873641,94-95m²,bostadsratt,2026-09-13T13:02:55.527653
2911413317194405101,https://www.hemnet.se/salda/lagenhet-4rum-arsta-stockholms-kommun-skontorpsvagen-124-2911413317194405101,94-95m²,bostadsratt,2026-09-13T13:02:55.527654
85708994854264294,https://www.hemnet.se/salda/lagenhet-4rum-norrtalje-hamn-norrtalje-kommun-sjofartsgatan-1-85708994854264294,94-95m²,bostadsratt,2026-09-13T13:02:55.527655
2934830230772242816,"https://www.hemnet.se/salda/lagenhet-4,5rum-vasterhaninge-abylund-haninge-kommun-kvartarvagen-151-2934830230772242816",94-95m²,bostadsratt,2026-09-13T13:02:55.527657
6916907042040125610,https://www.hemnet.se/salda/lagenhet-3rum-jakobsberg-jarfalla-kommun-kvarnvagen-38b-6916907042040125610,94-95m²,bostadsratt,2026-09-13T13:02:55.527658
1600313642399308098,https://www.hemnet.se/salda/lagenhet-5rum-are-sadeln-are-kommun-ovre-vikvagen-1f-1600313642399308098,94-95m²,bostadsratt,2026-09-13T13:02:55.527659
4649418786265303745,https://www.hemnet.se/salda/lagenhet-4rum-aby-molndals-kommun-ridspogatan-4a-4649418786265303745,94-95m²,bostadsratt,2026-09-13T13:02:55.527660
5374511769235776009,https://www.hemnet.se/salda/lagenhet-4rum-central-tyreso-tyreso-kommun-bjorkbacksvagen-43-5374511769235776009,94-95m²,bostadsratt,2026-09-13T13:02:55.527666
3877164215858860594,https://www.hemnet.se/salda/lagenhet-4rum-hagernas-taby-kommun-radarvagen-6-3877164215858860594,94-95m²,bostadsratt,2026-09-13T13:02:55.527668
610538032675413863,https://www.hemnet.se/salda/lagenhet-3rum-centrum-nissastrand-halmstads-kommun-nissabogatan-8-610538032675413863,94-95m²,bostadsratt,2026-09-13T13:02:55.527669
4765539871294272402,"https://www.hemnet.se/salda/lagenhet-4rum-bromma-annedal-stockholms-kommun-tummelisas-gata-4,-5-tr,-4765539871294272402",94-95m²,bostadsratt,2026-09-13T13:02:55.527670
1191104055814376396,https://www.hemnet.se/salda/lagenhet-4rum-lilla-alby-sundbybergs-kommun-hamngatan-13-b-1191104055814376396,94-95m²,bostadsratt,2026-09-13T13:02:55.527671
1358545962529973103,"https://www.hemnet.se/salda/lagenhet-3rum-bromma-annedal-stockholms-kommun-tummelisas-gata-4,-van-5-av-5-1358545962529973103",94-95m²,bostadsratt,2026-09-13T13:02:55.527673
3867563005426528652,https://www.hemnet.se/salda/lagenhet-3rum-nordmaling-nordmalings-kommun-maskrosvagen-4b-3867563005426528652,94-95m²,bostadsratt,2026-09-13T13:02:55.527674
3353246997980410395,https://www.hemnet.se/salda/lagenhet-4rum-lovboas-hallstahammars-kommun-snevringevagen-62-3353246997980410395,94-95m²,bostadsratt,2026-09-13T13:02:55.527676
4203896023521047767,https://www.hemnet.se/salda/lagenhet-4rum-frosang-oxelosunds-kommun-frosangsvagen-78-4203896023521047767,94-95m²,bostadsratt,2026-09-13T13:02:55.527677
1832530443368665592,https://www.hemnet.se/salda/lagenhet-4rum-garnisonen-hassleholms-kommun-logementsvagen-15g-1832530443368665592,94-95m²,bostadsratt,2026-09-13T13:02:55.527678
4463425585438021843,https://www.hemnet.se/salda/lagenhet-3rum-gavle-strand-gavle-kommun-gnistens-grand-2-4463425585438021843,94-95m²,bostadsratt,2026-09-13T13:02:55.527679
2349756879759268552,https://www.hemnet.se/salda/lagenhet-4rum-vastermalm-vasteras-kommun-norra-floragatan-25-2349756879759268552,94-95m²,bostadsratt,2026-09-13T13:02:55.527681
3207738550034118169,https://www.hemnet.se/salda/lagenhet-3rum-oster-orebro-kommun-nygatan-65e-3207738550034118169,94-95m²,bostadsratt,2026-09-13T13:02:55.527682
6427019859503041115,https://www.hemnet.se/salda/lagenhet-4rum-centrala-tyreso-tyreso-kommun-herkulesvagen-20-6427019859503041115,94-95m²,bostadsratt,2026-09-13T13:02:55.527685
5058067657703513705,https://www.hemnet.se/salda/lagenhet-4rum-aselby-borlange-kommun-vastanvagen-28-5058067657703513705,94-95m²,bostadsratt,2026-09-13T13:02:55.527687
8357142085085428135,https://www.hemnet.se/salda/lagenhet-4rum-karlstad-karlstads-kommun-vinkelgatan-3-8357142085085428135,94-95m²,bostadsratt,2026-09-13T13:02:55.527688
5269525418903026985,https://www.hemnet.se/salda/lagenhet-4rum-boliden-skelleftea-kommun-ringen-75a-5269525418903026985,94-95m²,bostadsratt,2026-09-13T13:02:55.527689
2297889422530696389,https://www.hemnet.se/salda/lagenhet-3rum-gavle-strand-gavle-kommun-stuvaregatan-12-b-2297889422530696389,94-95m²,bostadsratt,2026-09-13T13:02:55.527691
1970894434915556112,"https://www.hemnet.se/salda/lagenhet-3,5rum-mollevangen-malmo-kommun-falsterboplan-31a-1970894434915556112",94-95m²,bostadsratt,2026-09-13T13:02:55.527692
3949260140237537384,https://www.hemnet.se/salda/lagenhet-4rum-helsingborg-helsingborgs-kommun-fagelsangsgatan-2b-3949260140237537384,94-95m²,bostadsratt,2026-09-13T13:02:55.527693
1103582833723535099,https://www.hemnet.se/salda/lagenhet-4rum-framre-luthagen-uppsala-kommun-skolgatan-33b-1103582833723535099,94-95m²,bostadsratt,2026-09-13T13:02:55.527695
7079910898858188244,https://www.hemnet.se/salda/lagenhet-4rum-ellos-orust-kommun-skaretvagen-12-a-7079910898858188244,94-95m²,bostadsratt,2026-09-13T13:02:55.527696
7157000163680631824,https://www.hemnet.se/salda/lagenhet-4rum-salem-salems-kommun-emanuel-birkes-vag-8d-7157000163680631824,94-95m²,bostadsratt,2026-09-13T13:02:55.527697
2843179122674682154,https://www.hemnet.se/salda/lagenhet-3rum-sundsvall-centrum-sundsvalls-kommun-storgatan-56a-2843179122674682154,94-95m²,bostadsratt,2026-09-13T13:02:55.527698
6630841287695990650,https://www.hemnet.se/salda/lagenhet-4rum-midsommarkransen-stockholms-kommun-vattenledningsvagen-46h-6630841287695990650,94-95m²,bostadsratt,2026-09-13T13:02:55.527700
1585157558824999834,https://www.hemnet.se/salda/lagenhet-4rum-solbacka-strand-norrtalje-kommun-solparksvagen-11-a-1585157558824999834,94-95m²,bostadsratt,2026-09-13T13:02:55.527701
7749934155677466036,https://www.hemnet.se/salda/lagenhet-4rum-mariehem-umea-kommun-mariehemsvagen-152-7749934155677466036,94-95m²,bostadsratt,2026-09-13T13:02:55.527705
573336043277788673,https://www.hemnet.se/salda/lagenhet-4rum-nacka-strand-nacka-kommun-augustendalsvagen-37-573336043277788673,94-95m²,bostadsratt,2026-09-13T13:02:55.527706
3974996751839122745,https://www.hemnet.se/salda/lagenhet-4rum-karrtorp-stockholms-kommun-karlsovagen-3-3974996751839122745,94-95m²,bostadsratt,2026-09-13T13:02:55.527707
6987568133911543878,https://www.hemnet.se/salda/lagenhet-3rum-vendelsomalm-haninge-kommun-vendelsomalmsvagen-207-6987568133911543878,94-95m²,bostadsratt,2026-09-13T13:02:55.527709
1212776087294285912,https://www.hemnet.se/salda/lagenhet-3rum-smalandsstenar-gislaveds-kommun-vastra-jarnvagsgatan-117-1212776087294285912,94-95m²,bostadsratt,2026-09-13T13:02:55.527710
4196765742615070745,https://www.hemnet.se/salda/lagenhet-4rum-skogslyckan-vaxjo-kommun-lyckestigen-13-4196765742615070745,94-95m²,bostadsratt,2026-09-13T13:02:55.527711
4923332158136366084,"https://www.hemnet.se/salda/lagenhet-4rum-nya-rasunda-solna-kommun-solnavagen-39,-plan-3-4923332158136366084",94-95m²,bostadsratt,2026-09-13T13:02:55.527715
5292349182906770112,https://www.hemnet.se/salda/lagenhet-4rum-liljeholmen-stockholms-kommun-hildebergsvagen-8-5292349182906770112,94-95m²,bostadsratt,2026-09-13T13:02:55.527716
7031494823039136184,https://www.hemnet.se/salda/lagenhet-4rum-kneippen-syd-sandtorp-norrkopings-kommun-anna-sarstroms-gata-1c-7031494823039136184,94-95m²,bostadsratt,2026-09-13T13:02:55.527718
2678241944324025278,https://www.hemnet.se/salda/lagenhet-4rum-tullinge-botkyrka-kommun-norrskensbacken-21-2678241944324025278,94-95m²,bostadsratt,2026-09-13T13:02:55.527719
1354425213252299294,"https://www.hemnet.se/salda/lagenhet-4rum-liljeholmskajen-stockholms-kommun-hildebergsvagen-4,-2tr-1354425213252299294",94-95m²,bostadsratt,2026-09-13T13:02:55.527720
2438416883007830116,https://www.hemnet.se/salda/lagenhet-4rum-hasselby-norra-villastad-stockholms-kommun-drivbanksvagen-11a-2438416883007830116,94-95m²,bostadsratt,2026-09-13T13:02:55.527722
4646120655936849395,https://www.hemnet.se/salda/lagenhet-3rum-city-vasteras-kommun-stora-gatan-24-4646120655936849395,94-95m²,bostadsratt,2026-09-13T13:02:55.527723
3333025851994241137,https://www.hemnet.se/salda/lagenhet-4rum-nynashamn-nynashamns-kommun-lovlundsvagen-10-3333025851994241137,94-95m²,bostadsratt,2026-09-13T13:02:55.527724
2364768002552660930,https://www.hemnet.se/salda/lagenhet-3rum-rydeback-helsingborgs-kommun-faringsogatan-7-2364768002552660930,94-95m²,bostadsratt,2026-09-13T13:02:55.527725
909444271726402057,https://www.hemnet.se/salda/lagenhet-4rum-skarpnack-stockholms-kommun-vinggatan-34-909444271726402057,94-95m²,bostadsratt,2026-09-13T13:02:55.527726
5296193072224195544,https://www.hemnet.se/salda/lagenhet-4rum-brotorp-jarvastaden-sundbybergs-kommun-brogatan-11-5296193072224195544,94-95m²,bostadsratt,2026-09-13T13:02:55.527728
8609240012505067922,https://www.hemnet.se/salda/lagenhet-4rum-vilan-kristianstads-kommun-odalgatan-26-8609240012505067922,94-95m²,bostadsratt,2026-09-13T13:02:55.527729
6506018698379610695,https://www.hemnet.se/salda/lagenhet-4rum-dalenum-lidingo-kommun-agavagen-27-6506018698379610695,94-95m²,bostadsratt,2026-09-13T13:02:55.527730
8453418575775582887,https://www.hemnet.se/salda/lagenhet-4rum-kapelle-tureborg-uddevalla-kommun-ostbergsvagen-9-8453418575775582887,94-95m²,bostadsratt,2026-09-13T13:02:55.527731
7413441498438459218,https://www.hemnet.se/salda/lagenhet-4rum-vastra-sjostaden-ystads-kommun-saltkrakegatan-3a-7413441498438459218,94-95m²,bostadsratt,2026-09-13T13:02:55.527732
3729510328914797854,https://www.hemnet.se/salda/lagenhet-3rum-sodermalm-stockholms-kommun-ringvagen-108-3729510328914797854,94-95m²,bostadsratt,2026-09-13T13:02:55.527734
957346679810679194,https://www.hemnet.se/salda/lagenhet-4rum-odensala-ostersunds-kommun-odenskogsvagen-84-957346679810679194,94-95m²,bostadsratt,2026-09-13T13:02:55.527735
1034806229766725098,https://www.hemnet.se/salda/lagenhet-3rum-slottshojden-helsingborgs-kommun-dammegatan-6-1034806229766725098,94-95m²,bostadsratt,2026-09-13T13:02:55.527736
5958721296651030486,https://www.hemnet.se/salda/lagenhet-4rum-centralt-vasastan-orebro-kommun-rostagatan-6-5958721296651030486,94-95m²,bostadsratt,2026-09-13T13:02:55.527737
156858786494108984,"https://www.hemnet.se/salda/lagenhet-3,5rum-munkeback-goteborgs-kommun-munkebackstorget-2-156858786494108984",94-95m²,bostadsratt,2026-09-13T13:02:55.527741
1196976825572349344,https://www.hemnet.se/salda/lagenhet-3rum-inre-hamn-karlstads-kommun-kanikenasbanken-10b-1196976825572349344,94-95m²,bostadsratt,2026-09-13T13:02:55.527742
6995550133760069929,https://www.hemnet.se/salda/lagenhet-4rum-aseda-uppvidinge-kommun-blomstergatan-6-6995550133760069929,94-95m²,bostadsratt,2026-09-13T13:02:55.527743
8479343511984189913,https://www.hemnet.se/salda/lagenhet-3rum-linnestaden-goteborgs-kommun-nordhemsgatan-43-c-8479343511984189913,94-95m²,bostadsratt,2026-09-13T13:02:55.527745
6448848689842481429,https://www.hemnet.se/salda/lagenhet-3rum-vasastan-stockholms-kommun-vastmannagatan-28-6448848689842481429,94-95m²,bostadsratt,2026-09-13T13:02:55.527746
1787684318171169469,"https://www.hemnet.se/salda/lagenhet-4,5rum-falhagen-uppsala-kommun-hjalmar-brantingsgatan-3b-1787684318171169469",94-95m²,bostadsratt,2026-09-13T13:02:55.527747
3015614020103609594,https://www.hemnet.se/salda/lagenhet-4rum-vastra-hamnen-malmo-kommun-stora-varvsgatan-43-3015614020103609594,94-95m²,bostadsratt,2026-09-13T13:02:55.527748
5977132953796527061,https://www.hemnet.se/salda/lagenhet-4rum-sodermalm-stockholms-kommun-barnangs-tvargrand-5-5977132953796527061,94-95m²,bostadsratt,2026-09-13T13:02:55.527749
5525911318457531718,https://www.hemnet.se/salda/lagenhet-4rum-paradiset-borlange-kommun-skogsvagen-53a-5525911318457531718,94-95m²,bostadsratt,2026-09-13T13:02:55.527751
1652848112444656486,https://www.hemnet.se/salda/lagenhet-4rum-lindeborg-malmo-kommun-aktrisgatan-14-1652848112444656486,94-95m²,bostadsratt,2026-09-13T13:02:55.527752
2641727852263348783,"https://www.hemnet.se/salda/lagenhet-3rum-arsta-stockholms-kommun-skedviksvagen-30,-2-tr-2641727852263348783",94-95m²,bostadsratt,2026-09-13T13:02:55.527753
2476418482844130689,"https://www.hemnet.se/salda/lagenhet-3rum-ostermalm-stockholms-kommun-radmansgatan-25b,-6-tr-2476418482844130689",94-95m²,bostadsratt,2026-09-13T13:02:55.527754
2912419326294922582,https://www.hemnet.se/salda/lagenhet-4rum-sandsbro-vaxjo-kommun-toftasjovagen-32-2912419326294922582,94-95m²,bostadsratt,2026-09-13T13:02:55.527755
3249979658851574216,"https://www.hemnet.se/salda/lagenhet-5rum-spanga-tensta-stockholms-kommun-skaftingebacken-32,-4-tr-3249979658851574216",94-95m²,bostadsratt,2026-09-13T13:02:55.527763
5952727966011021492,https://www.hemnet.se/salda/lagenhet-4rum-centrala-vaxholm-vaxholms-kommun-lagerhojdsgatan-15b-5952727966011021492,94-95m²,bostadsratt,2026-09-13T13:02:55.527764
4274219039144570518,"https://www.hemnet.se/salda/lagenhet-4rum-tullinge-botkyrka-kommun-solskensvagen-19,-6-tr-4274219039144570518",94-95m²,bostadsratt,2026-09-13T13:02:55.527766
6452214790448459483,https://www.hemnet.se/salda/lagenhet-4rum-bergfoten-tyreso-kommun-njupkarrsvagen-52-6452214790448459483,94-95m²,bostadsratt,2026-09-13T13:02:55.527767
1862357959427004275,"https://www.hemnet.se/salda/lagenhet-4rum-liljeholmskajen-stockholms-kommun-hildebergsvagen-4,-5tr-1862357959427004275",94-95m²,bostadsratt,2026-09-13T13:02:55.527768
2127787609127269787,https://www.hemnet.se/salda/lagenhet-4rum-svarte-ystads-kommun-sanggatan-1a-2127787609127269787,94-95m²,bostadsratt,2026-09-13T13:02:55.527769
8003836477304096720,"https://www.hemnet.se/salda/lagenhet-3rum-kungsholmen-fridhemsplan-stockholms-kommun-sankt-goransgatan-85,-2tr-8003836477304096720",94-95m²,bostadsratt,2026-09-13T13:02:55.527771
8870391423828699915,https://www.hemnet.se/salda/lagenhet-4rum-klostergarden-lunds-kommun-sunnanvag-6j-8870391423828699915,94-95m²,bostadsratt,2026-09-13T13:02:55.527772
1290559210867279157,https://www.hemnet.se/salda/lagenhet-4rum-taby-centrum-taby-kommun-marknadsvagen-283-1290559210867279157,94-95m²,bostadsratt,2026-09-13T13:02:55.527773
8472595549604347785,https://www.hemnet.se/salda/lagenhet-4rum-skalby-kalmar-kommun-klockhusgatan-7b-8472595549604347785,94-95m²,bostadsratt,2026-09-13T13:02:55.527774
4536998867302407354,https://www.hemnet.se/salda/lagenhet-4rum-centralt-vasastan-orebro-kommun-rostagatan-4-4536998867302407354,94-95m²,bostadsratt,2026-09-13T13:02:55.527775
8009111548827835911,https://www.hemnet.se/salda/lagenhet-3rum-klippan-goteborgs-kommun-a-r-lorents-gata-63-8009111548827835911,94-95m²,bostadsratt,2026-09-13T13:02:55.527777
4039619051544137765,https://www.hemnet.se/salda/lagenhet-4rum-hagernas-taby-kommun-radarvagen-6-4039619051544137765,94-95m²,bostadsratt,2026-09-13T13:02:55.527778
6022905835811018383,https://www.hemnet.se/salda/lagenhet-4rum-ulleraker-uppsala-kommun-gustaf-kjellbergs-vag-4-6022905835811018383,94-95m²,bostadsratt,2026-09-13T13:02:55.527784
3842376096269691294,https://www.hemnet.se/salda/lagenhet-4rum-sodermalm-katarina-sofia-stockholms-kommun-gotgatan-118-3842376096269691294,94-95m²,bostadsratt,2026-09-13T13:02:55.527785
4505281383490419430,"https://www.hemnet.se/salda/lagenhet-4rum-hasselby-villastad-norra-stockholms-kommun-drivbanksvagen-11a,-van-3-d-1303-4505281383490419430",94-95m²,bostadsratt,2026-09-13T13:02:55.527787
2846592146119046851,https://www.hemnet.se/salda/lagenhet-4rum-marieholm-mariestads-kommun-algstigen-26-2846592146119046851,94-95m²,bostadsratt,2026-09-13T13:02:55.527788
1782703171729891328,https://www.hemnet.se/salda/lagenhet-3rum-ostermalm-stockholms-kommun-grevgatan-50-1782703171729891328,94-95m²,bostadsratt,2026-09-13T13:02:55.527789
4542074834830997151,https://www.hemnet.se/salda/lagenhet-4rum-odsmal-stenungsunds-kommun-askekarret-13a-4542074834830997151,94-95m²,bostadsratt,2026-09-13T13:02:55.527790
2171646344801508109,https://www.hemnet.se/salda/lagenhet-3rum-triangeln-malmo-kommun-spangatan-6a-2171646344801508109,94-95m²,bostadsratt,2026-09-13T13:02:55.527792
8681381864364141163,https://www.hemnet.se/salda/lagenhet-3rum-kvisthamra-norrtalje-kommun-hellasgatan-11-8681381864364141163,94-95m²,bostadsratt,2026-09-13T13:02:55.527793
232402248256878295,https://www.hemnet.se/salda/lagenhet-4rum-enskededalen-stockholms-kommun-karrtorpsvagen-7-232402248256878295,94-95m²,bostadsratt,2026-09-13T13:02:55.527794
241100311196738651,https://www.hemnet.se/salda/lagenhet-4rum-centrala-ljusdal-ljusdals-kommun-hotellgatan-2-241100311196738651,94-95m²,bostadsratt,2026-09-13T13:02:55.527795
253612750208944349,https://www.hemnet.se/salda/lagenhet-3rum-backa-ystads-kommun-ardennergatan-38-g-253612750208944349,94-95m²,bostadsratt,2026-09-13T13:02:55.527796
6881464451347964805,https://www.hemnet.se/salda/lagenhet-3rum-sankt-lars-lunds-kommun-karpvagen-10-6881464451347964805,94-95m²,bostadsratt,2026-09-13T13:02:55.527798
8604918490674862377,https://www.hemnet.se/salda/lagenhet-5rum-stoten-malung-salens-kommun-nordklint-64-8604918490674862377,94-95m²,bostadsratt,2026-09-13T13:02:55.527799
5322472646230241958,https://www.hemnet.se/salda/lagenhet-4rum-marsta-arenberga-sigtuna-kommun-odenvagen-16c-5322472646230241958,94-95m²,bostadsratt,2026-09-13T13:02:55.527801
4268394314413226252,https://www.hemnet.se/salda/lagenhet-4rum-olofstrom-olofstroms-kommun-solgatan-8-4268394314413226252,94-95m²,bostadsratt,2026-09-13T13:02:55.527802
8872904545084633086,https://www.hemnet.se/salda/lagenhet-4rum-kvannaren-vasterviks-kommun-jurastigen-64b-8872904545084633086,94-95m²,bostadsratt,2026-09-13T13:02:55.527803
7613077904723517232,https://www.hemnet.se/salda/lagenhet-4rum-lanna-uppsala-kommun-lanna-bruksgata-18-7613077904723517232,94-95m²,bostadsratt,2026-09-13T13:02:55.527804
2962760715236693371,https://www.hemnet.se/salda/lagenhet-4rum-akersberga-centralt-osterakers-kommun-lillovagen-4-2962760715236693371,94-95m²,bostadsratt,2026-09-13T13:02:55.527805
5277052378796746427,https://www.hemnet.se/salda/lagenhet-3rum-ribersborg-malmo-kommun-limhamnsvagen-6a-5277052378796746427,94-95m²,bostadsratt,2026-09-13T13:02:55.527807
402539274013094238,https://www.hemnet.se/salda/lagenhet-4rum-norrtalje-hamn-norrtalje-kommun-angbatsgatan-2-402539274013094238,94-95m²,bostadsratt,2026-09-13T13:02:55.527810
3690309594551570401,https://www.hemnet.se/salda/lagenhet-3rum-stromsbro-gavle-kommun-skolgatan-18-3690309594551570401,94-95m²,bostadsratt,2026-09-13T13:02:55.527811
558801833088254699,https://www.hemnet.se/salda/lagenhet-4rum-lindome-molndals-kommun-holmakravagen-17a-558801833088254699,94-95m²,bostadsratt,2026-09-13T13:02:55.527813
8643762835071542436,https://www.hemnet.se/salda/lagenhet-3rum-ojaby-rappe-vaxjo-kommun-kantorsvagen-26-8643762835071542436,94-95m²,bostadsratt,2026-09-13T13:02:55.527814
7849021240527578965,https://www.hemnet.se/salda/lagenhet-4rum-grondal-stockholms-kommun-lovholmsvagen-80-7849021240527578965,94-95m²,bostadsratt,2026-09-13T13:02:55.527815
8892910807088311410,https://www.hemnet.se/salda/lagenhet-4rum-bergviken-lulea-kommun-bjorkgatan-43-8892910807088311410,94-95m²,bostadsratt,2026-09-13T13:02:55.527816
2996210214101386738,https://www.hemnet.se/salda/lagenhet-4rum-ormesta-orebro-kommun-olofsgatan-13-2996210214101386738,94-95m²,bostadsratt,2026-09-13T13:02:55.527820
3426632731715460335,"https://www.hemnet.se/salda/lagenhet-4rum-hagernas-taby-kommun-radarvagen-4,-van-9-3426632731715460335",94-95m²,bostadsratt,2026-09-13T13:02:55.527821
6063156587997861842,https://www.hemnet.se/salda/lagenhet-4rum-smedby-upplands-vasby-kommun-stallgatan-15b-6063156587997861842,94-95m²,bostadsratt,2026-09-13T13:02:55.527822
7336151490445070722,https://www.hemnet.se/salda/lagenhet-4rum-riksten-botkyrka-kommun-hallmarksvagen-54b-7336151490445070722,94-95m²,bostadsratt,2026-09-13T13:02:55.527823
7866702546909064206,https://www.hemnet.se/salda/lagenhet-3rum-dockan-malmo-kommun-isbergs-gata-12-7866702546909064206,94-95m²,bostadsratt,2026-09-13T13:02:55.527825
7884807276388440692,https://www.hemnet.se/salda/lagenhet-3rum-vasastan-stockholms-kommun-vastmannagatan-89-7884807276388440692,94-95m²,bostadsratt,2026-09-13T13:02:55.527826
6208177244570115138,https://www.hemnet.se/salda/lagenhet-3rum-vaggeryd-vaggeryds-kommun-folkparksgatan-2-6208177244570115138,94-95m²,bostadsratt,2026-09-13T13:02:55.527827
2792048116494475349,https://www.hemnet.se/salda/lagenhet-3rum-norrtalje-norrtalje-kommun-vatovagen-100-e-2792048116494475349,94-95m²,bostadsratt,2026-09-13T13:02:55.527828
2876043003899728223,https://www.hemnet.se/salda/lagenhet-4rum-tullinge-botkyrka-kommun-norrskensbacken-17-2876043003899728223,94-95m²,bostadsratt,2026-09-13T13:02:55.527829
2631061462635660297,https://www.hemnet.se/salda/lagenhet-4rum-hojersdal-gavle-kommun-vallgangsvagen-10g-2631061462635660297,94-95m²,bostadsratt,2026-09-13T13:02:55.527831
3331837270462128290,https://www.hemnet.se/salda/lagenhet-2rum-centrum-uddevalla-kommun-kalgardsbergsgatan-11b-3331837270462128290,94-95m²,bostadsratt,2026-09-13T13:02:55.527832
5341025291690590225,https://www.hemnet.se/salda/lagenhet-4rum-stenhagen-uppsala-kommun-herrhagsvagen-193-5341025291690590225,94-95m²,bostadsratt,2026-09-13T13:02:55.527833
4724430558383118908,https://www.hemnet.se/salda/lagenhet-3rum-norra-faladen-lunds-kommun-skarpskyttevagen-20d-4724430558383118908,94-95m²,bostadsratt,2026-09-13T13:02:55.527834
6311349126498089126,https://www.hemnet.se/salda/lagenhet-3rum-centralt-staffanstorps-kommun-vastergatan-3b-6311349126498089126,94-95m²,bostadsratt,2026-09-13T13:02:55.527853
949267382097312487,https://www.hemnet.se/salda/lagenhet-4rum-grindtorp-taby-kommun-grindtorpsvagen-25-949267382097312487,94-95m²,bostadsratt,2026-09-13T13:02:55.527855
4703027931111918311,https://www.hemnet.se/salda/lagenhet-3rum-soder-jonkopings-kommun-brahegatan-16a-4703027931111918311,94-95m²,bostadsratt,2026-09-13T13:02:55.527857
3391851531389652263,"https://www.hemnet.se/salda/lagenhet-4rum-nasby-park-taby-kommun-eskadervagen-34,-5tr-3391851531389652263",94-95m²,bostadsratt,2026-09-13T13:02:55.527859
5053495034157556590,https://www.hemnet.se/salda/lagenhet-4rum-nya-hovas-goteborgs-kommun-petter-jons-grand-1-5053495034157556590,94-95m²,bostadsratt,2026-09-13T13:02:55.527860
8201098186061306825,https://www.hemnet.se/salda/lagenhet-4rum-farsta-stockholms-kommun-hammarogatan-11-8201098186061306825,94-95m²,bostadsratt,2026-09-13T13:02:55.527861
5580342627986850103,https://www.hemnet.se/salda/lagenhet-3rum-gashaga-lidingo-kommun-hamnvagen-9-5580342627986850103,94-95m²,bostadsratt,2026-09-13T13:02:55.527862
5734060927126687123,https://www.hemnet.se/salda/lagenhet-3rum-gamlestaden-goteborgs-kommun-gamlestadstorget-37-5734060927126687123,94-95m²,bostadsratt,2026-09-13T13:02:55.527864
5518612972112295918,https://www.hemnet.se/salda/lagenhet-4rum-soderkulla-malmo-kommun-tornfalksgatan-10a-5518612972112295918,94-95m²,bostadsratt,2026-09-13T13:02:55.527865
4647462050657509972,"https://www.hemnet.se/salda/lagenhet-3rum-hornsbergs-strand-stockholms-kommun-harry-martinsons-gata-9,-8-tr-4647462050657509972",94-95m²,bostadsratt,2026-09-13T13:02:55.527866
6152582798205254675,https://www.hemnet.se/salda/lagenhet-3rum-herrhagen-karlstads-kommun-herrhagsgatan-1a-6152582798205254675,94-95m²,bostadsratt,2026-09-13T13:02:55.527868
6916216650872716565,"https://www.hemnet.se/salda/lagenhet-4rum-midsommarkransen-stockholms-kommun-tellusborgsvagen-42,-van-4-4-6916216650872716565",94-95m²,bostadsratt,2026-09-13T13:02:55.527869
5504413816186393457,"https://www.hemnet.se/salda/lagenhet-3rum-sodermalm-stockholms-kommun-palsundsgatan-3a,-3-tr-5504413816186393457",94-95m²,bostadsratt,2026-09-13T13:02:55.527873
4387735680646101856,https://www.hemnet.se/salda/lagenhet-4rum-bromma-blackeberg-stockholms-kommun-blackebergsbacken-5-4387735680646101856,94-95m²,bostadsratt,2026-09-13T13:02:55.527876
5327795594539506068,https://www.hemnet.se/salda/lagenhet-4rum-oxie-malmo-kommun-keramikvagen-2v-5327795594539506068,94-95m²,bostadsratt,2026-09-13T13:02:55.527877
3580075987408641111,https://www.hemnet.se/salda/lagenhet-4rum-moro-backe-skelleftea-kommun-takdroppsgatan-111-3580075987408641111,94-95m²,bostadsratt,2026-09-13T13:02:55.527879
5693667728056074438,https://www.hemnet.se/salda/lagenhet-4rum-ostra-torn-lunds-kommun-flygelvagen-101-5693667728056074438,94-95m²,bostadsratt,2026-09-13T13:02:55.527880
6202504149183911996,https://www.hemnet.se/salda/lagenhet-4rum-lund-centrum-lunds-kommun-sankt-mansgatan-9f-6202504149183911996,94-95m²,bostadsratt,2026-09-13T13:02:55.527881
8370661384955656234,https://www.hemnet.se/salda/lagenhet-4rum-jarlaberg-nacka-kommun-diligensvagen-7-8370661384955656234,94-95m²,bostadsratt,2026-09-13T13:02:55.527882
3816099750652679045,https://www.hemnet.se/salda/lagenhet-4rum-ostberga-stockholms-kommun-sibbarpsgrand-39-3816099750652679045,94-95m²,bostadsratt,2026-09-13T13:02:55.527883
5444478849945124949,"https://www.hemnet.se/salda/lagenhet-4rum-hagernas-taby-kommun-radarvagen-10,-4-tr-5444478849945124949",94-95m²,bostadsratt,2026-09-13T13:02:55.527885
8092306008056812436,https://www.hemnet.se/salda/lagenhet-4rum-kulladal-malmo-kommun-kulladalsgatan-20-c-8092306008056812436,94-95m²,bostadsratt,2026-09-13T13:02:55.527909
3143008046732726102,https://www.hemnet.se/salda/lagenhet-4rum-rosendal-uppsala-kommun-torgny-segerstedts-alle-95a-3143008046732726102,94-95m²,bostadsratt,2026-09-13T13:02:55.527910
6990325941386660180,https://www.hemnet.se/salda/lagenhet-4rum-taby-centrum-taby-kommun-marknadsvagen-251-6990325941386660180,94-95m²,bostadsratt,2026-09-13T13:02:55.527912
5218015890556030858,https://www.hemnet.se/salda/lagenhet-4rum-ragnvalla-helsingborgs-kommun-sodra-hunnetorpsvagen-40c-5218015890556030858,94-95m²,bostadsratt,2026-09-13T13:02:55.527913
6182042801461175819,https://www.hemnet.se/salda/lagenhet-4rum-centrala-tyreso-tyreso-kommun-njupkarrsvagen-78-6182042801461175819,94-95m²,bostadsratt,2026-09-13T13:02:55.527917
7145666342775413579,https://www.hemnet.se/salda/lagenhet-4rum-gashaga-pirar-lidingo-kommun-slipvagen-9-7145666342775413579,94-95m²,bostadsratt,2026-09-13T13:02:55.527918
7402426621548622577,https://www.hemnet.se/salda/lagenhet-3rum-runby-upplands-vasby-kommun-lovstavagen-88-7402426621548622577,94-95m²,bostadsratt,2026-09-13T13:02:55.527920
6018505376762799007,https://www.hemnet.se/salda/lagenhet-4rum-skarpnack-stockholms-kommun-skarpnacks-alle-8-6018505376762799007,94-95m²,bostadsratt,2026-09-13T13:02:55.527921
7877253453921270292,https://www.hemnet.se/salda/lagenhet-4rum-rasunda-solna-kommun-tvarvagen-1-7877253453921270292,94-95m²,bostadsratt,2026-09-13T13:02:55.527922
5298102814564798381,https://www.hemnet.se/salda/lagenhet-4rum-ollsjo-kristianstads-kommun-knut-den-stores-vag-43-5298102814564798381,94-95m²,bostadsratt,2026-09-13T13:02:55.527924
154258302571280707,https://www.hemnet.se/salda/lagenhet-3rum-ulricehamn-ulricehamns-kommun-batbyggargatan-1b-154258302571280707,94-95m²,bostadsratt,2026-09-13T13:02:55.527925
5663845740257055454,https://www.hemnet.se/salda/lagenhet-4rum-ekholmen-linkopings-kommun-aspnasvagen-45-5663845740257055454,94-95m²,bostadsratt,2026-09-13T13:02:55.527926
1230930011683301613,https://www.hemnet.se/salda/lagenhet-4rum-halmstad-centrum-halmstads-kommun-karl-xi-s-vag-19-1230930011683301613,94-95m²,bostadsratt,2026-09-13T13:02:55.527928
2956580477974140765,https://www.hemnet.se/salda/lagenhet-3rum-slottsstaden-malmo-kommun-regementsgatan-76-2956580477974140765,94-95m²,bostadsratt,2026-09-13T13:02:55.527929
711061290213341133,https://www.hemnet.se/salda/lagenhet-4rum-floda-lerums-kommun-rurik-holms-vag-11a-711061290213341133,94-95m²,bostadsratt,2026-09-13T13:02:55.527930
7888141493014637236,"https://www.hemnet.se/salda/lagenhet-4rum-taby-centrum-taby-kommun-grindtorps-skolgrand-42,-hogt-upp-i-huset-7888141493014637236",94-95m²,bostadsratt,2026-09-13T13:02:55.527932
569044005398663934,https://www.hemnet.se/salda/lagenhet-4rum-harstorp-finspangs-kommun-mandelblomsvagen-27-569044005398663934,94-95m²,bostadsratt,2026-09-13T13:02:55.527933
1239305808537186364,https://www.hemnet.se/salda/lagenhet-3rum-kungshojd-goteborgs-kommun-kungshojdsgatan-11a-1239305808537186364,94-95m²,bostadsratt,2026-09-13T13:02:55.527936
2872428813317408106,https://www.hemnet.se/salda/lagenhet-4rum-bromma-annedal-stockholms-kommun-emils-gata-11a-2872428813317408106,94-95m²,bostadsratt,2026-09-13T13:02:55.527938
8028389036047479466,https://www.hemnet.se/salda/lagenhet-3rum-kungsholmen-stockholms-kommun-drottningholmsvagen-17-8028389036047479466,94-95m²,bostadsratt,2026-09-13T13:02:55.527939
7894728423418152783,https://www.hemnet.se/salda/lagenhet-4rum-mariedal-umea-kommun-vargvagen-169g-7894728423418152783,94-95m²,bostadsratt,2026-09-13T13:02:55.527940
8568658100262552950,https://www.hemnet.se/salda/lagenhet-5rum-ostberga-alvsjo-stockholms-kommun-stamgatan-11-8568658100262552950,94-95m²,bostadsratt,2026-09-13T13:02:55.527942
8655589253636785153,https://www.hemnet.se/salda/lagenhet-4rum-jarlaberg-nacka-kommun-fyrspannsvagen-42-8655589253636785153,94-95m²,bostadsratt,2026-09-13T13:02:55.527943
3533115843810926341,https://www.hemnet.se/salda/lagenhet-4rum-vasastan-hagastaden-stockholms-kommun-hagaesplanaden-73-3533115843810926341,94-95m²,bostadsratt,2026-09-13T13:02:55.527946
1276855071514592295,https://www.hemnet.se/salda/lagenhet-5rum-gubbangen-stockholms-kommun-bordsvagen-37-1276855071514592295,94-95m²,bostadsratt,2026-09-13T13:02:55.527948
8230071020392866147,https://www.hemnet.se/salda/lagenhet-4rum-kungsangen-uppsala-kommun-kungsangsesplanaden-4b-8230071020392866147,94-95m²,bostadsratt,2026-09-13T13:02:55.527949
929808190066118682,"https://www.hemnet.se/salda/lagenhet-4rum-mariehall-bromma-stockholms-kommun-kratsbodavagen-44c,-1-tr-929808190066118682",94-95m²,bostadsratt,2026-09-13T13:02:55.527950
1312477320757601756,https://www.hemnet.se/salda/lagenhet-4rum-osterskar-osterakers-kommun-osterskarsvagen-16-a-1312477320757601756,94-95m²,bostadsratt,2026-09-13T13:02:55.527951
7586815117538635842,https://www.hemnet.se/salda/lagenhet-4rum-oxhagen-kalmar-kommun-gustaf-adolfs-vag-2a-7586815117538635842,94-95m²,bostadsratt,2026-09-13T13:02:55.527953
3175700869748644275,https://www.hemnet.se/salda/lagenhet-4rum-centralt-eksjo-kommun-prastangsvagen-24-b-3175700869748644275,94-95m²,bostadsratt,2026-09-13T13:02:55.527955
4681052576430143814,https://www.hemnet.se/salda/lagenhet-4rum-tierp-tierps-kommun-palmgatan-3c-4681052576430143814,94-95m²,bostadsratt,2026-09-13T13:02:55.527956
7734401230982294157,https://www.hemnet.se/salda/lagenhet-4rum-hitorp-nora-kommun-rattarvagen-28e-7734401230982294157,94-95m²,bostadsratt,2026-09-13T13:02:55.527957
1404246336099201574,https://www.hemnet.se/salda/lagenhet-4rum-centrum-enkopings-kommun-kryddgardsgatan-38-1404246336099201574,94-95m²,bostadsratt,2026-09-13T13:02:55.527958
5662081659240873661,"https://www.hemnet.se/salda/lagenhet-3rum-kungsholmstorg-stockholms-kommun-parmmatargatan-9,-1-tr-5662081659240873661",94-95m²,bostadsratt,2026-09-13T13:02:55.527959
5666162906791127653,https://www.hemnet.se/salda/lagenhet-3rum-centralt-oster-orebro-kommun-hamngatan-3-5666162906791127653,94-95m²,bostadsratt,2026-09-13T13:02:55.527961
7917313424012829442,https://www.hemnet.se/salda/lagenhet-4rum-folkparken-sodertalje-kommun-dansbanestigen-2-7917313424012829442,94-95m²,bostadsratt,2026-09-13T13:02:55.527962
6387224453039809043,https://www.hemnet.se/salda/lagenhet-4rum-vast-pa-stan-umea-kommun-kvarnvagen-5-6387224453039809043,94-95m²,bostadsratt,2026-09-13T13:02:55.527963
725313695830765871,https://www.hemnet.se/salda/lagenhet-3rum-are-strand-are-kommun-are-strand-14-1-vecka-12-725313695830765871,94-95m²,bostadsratt,2026-09-13T13:02:55.527965
824883498519506867,https://www.hemnet.se/salda/lagenhet-4rum-lektorshagen-linkopings-kommun-folkungagatan-4-824883498519506867,94-95m²,bostadsratt,2026-09-13T13:02:55.527966
3753095168913879453,https://www.hemnet.se/salda/lagenhet-4rum-slavsta-uppsala-kommun-klarbarsgatan-111-3753095168913879453,94-95m²,bostadsratt,2026-09-13T13:02:55.527967
4300197336097341226,https://www.hemnet.se/salda/lagenhet-4rum-grondal-stockholms-kommun-lovholmsvagen-74-4300197336097341226,94-95m²,bostadsratt,2026-09-13T13:02:55.527968
1580646074294253997,https://www.hemnet.se/salda/lagenhet-4rum-alvsjo-ostberga-stockholms-kommun-sibbarpsgrand-7-1580646074294253997,94-95m²,bostadsratt,2026-09-13T13:02:55.527969
358965622913077231,https://www.hemnet.se/salda/lagenhet-4rum-kungsladugard-goteborgs-kommun-bruksgatan-42-358965622913077231,94-95m²,bostadsratt,2026-09-13T13:02:55.527971
3278648537255750794,https://www.hemnet.se/salda/lagenhet-3rum-centralt-norrkopings-kommun-garvaregatan-6-a-3278648537255750794,94-95m²,bostadsratt,2026-09-13T13:02:55.527974
550914576861418418,https://www.hemnet.se/salda/lagenhet-4rum-hasselby-norra-villastad-stockholms-kommun-gladjevagen-2b-550914576861418418,94-95m²,bostadsratt,2026-09-13T13:02:55.527975
2660624888300562775,https://www.hemnet.se/salda/lagenhet-3rum-hammarby-sjostad-stockholms-kommun-ljusslingan-32-2660624888300562775,94-95m²,bostadsratt,2026-09-13T13:02:55.527977
2339017452567162266,https://www.hemnet.se/salda/lagenhet-4rum-riksten-botkyrka-kommun-hallmarksvagen-69b-2339017452567162266,94-95m²,bostadsratt,2026-09-13T13:02:55.527978
8078525369710207259,https://www.hemnet.se/salda/lagenhet-4rum-ostra-villastaden-nykopings-kommun-runebergsgatan-33b-8078525369710207259,94-95m²,bostadsratt,2026-09-13T13:02:55.527979
1170104099794434618,https://www.hemnet.se/salda/lagenhet-4rum-viksang-vasteras-kommun-kaserngatan-63-1170104099794434618,94-95m²,bostadsratt,2026-09-13T13:02:55.527980
8580917172252068384,https://www.hemnet.se/salda/lagenhet-3rum-davidshall-malmo-opera-malmo-kommun-banersgatan-8-8580917172252068384,94-95m²,bostadsratt,2026-09-13T13:02:55.527982
2483090867088510920,https://www.hemnet.se/salda/lagenhet-4rum-lindeborg-malmo-kommun-koristgatan-22-2483090867088510920,94-95m²,bostadsratt,2026-09-13T13:02:55.527983
1789196115666368177,https://www.hemnet.se/salda/lagenhet-4rum-viksang-vasteras-kommun-kaserngatan-63-1789196115666368177,94-95m²,bostadsratt,2026-09-13T13:02:55.527984
2988916794193523573,https://www.hemnet.se/salda/lagenhet-4rum-abylund-haninge-kommun-abylundsvagen-77-2988916794193523573,94-95m²,bostadsratt,2026-09-13T13:02:55.527985
6336508444977473759,https://www.hemnet.se/salda/lagenhet-4rum-kviberg-goteborgs-kommun-generalsgatan-6-6336508444977473759,94-95m²,bostadsratt,2026-09-13T13:02:55.527986
2344009297736346605,https://www.hemnet.se/salda/lagenhet-4rum-hagsatra-stockholms-kommun-vintrosagatan-13-2344009297736346605,94-95m²,bostadsratt,2026-09-13T13:02:55.527987
8026553269360279713,https://www.hemnet.se/salda/lagenhet-3rum-centrum-halmstads-kommun-torsgatan-9-a-8026553269360279713,94-95m²,bostadsratt,2026-09-13T13:02:55.527991
3077423497618156887,https://www.hemnet.se/salda/lagenhet-4rum-satra-stockholms-kommun-gransatragrand-9-3077423497618156887,94-95m²,bostadsratt,2026-09-13T13:02:55.527992
1198918551751232567,https://www.hemnet.se/salda/lagenhet-5rum-stoten-malung-salens-kommun-nordklint-43-1198918551751232567,94-95m²,bostadsratt,2026-09-13T13:02:55.527993
5153247566912881264,https://www.hemnet.se/salda/lagenhet-3rum-breared-varbergs-kommun-morangatan-32-5153247566912881264,94-95m²,bostadsratt,2026-09-13T13:02:55.527995
937940104163849765,https://www.hemnet.se/salda/lagenhet-4rum-myrstuguberget-huddinge-kommun-myrstuguvagen-365-937940104163849765,94-95m²,bostadsratt,2026-09-13T13:02:55.527996
5907068397341761514,https://www.hemnet.se/salda/lagenhet-4rum-adolfsberg-orebro-kommun-brunnslyckevagen-2-5907068397341761514,94-95m²,bostadsratt,2026-09-13T13:02:55.527997
4998710648211742138,"https://www.hemnet.se/salda/lagenhet-4rum-ektorp,-kaffebacken-norrkopings-kommun-ektorpsgatan-136-4998710648211742138",94-95m²,bostadsratt,2026-09-13T13:02:55.527998
7783539929106494198,https://www.hemnet.se/salda/lagenhet-3rum-ekero-ekero-kommun-ekebyhovsvagen-11-7783539929106494198,94-95m²,bostadsratt,2026-09-13T13:02:55.528000
5530623773694717604,https://www.hemnet.se/salda/lagenhet-5rum-duved-are-kommun-lillkvarnvagen-12b-5530623773694717604,94-95m²,bostadsratt,2026-09-13T13:02:55.528001
6365944079382676861,https://www.hemnet.se/salda/lagenhet-5rum-karrtorp-stockholms-kommun-karrtorpsvagen-2-6365944079382676861,94-95m²,bostadsratt,2026-09-13T13:02:55.528002
622510682317153974,https://www.hemnet.se/salda/lagenhet-4rum-riksten-botkyrka-kommun-hallmarksvagen-55b-622510682317153974,94-95m²,bostadsratt,2026-09-13T13:02:55.528003
1563479907808611844,https://www.hemnet.se/salda/lagenhet-4rum-taby-grindtorp-taby-kommun-grindtorpsvagen-41-1563479907808611844,94-95m²,bostadsratt,2026-09-13T13:02:55.528004
9213174390178072581,https://www.hemnet.se/salda/lagenhet-4rum-vendelso-haninge-kommun-vendelsomalmsvagen-201-9213174390178072581,94-95m²,bostadsratt,2026-09-13T13:02:55.528006
1121746017115650298,https://www.hemnet.se/salda/lagenhet-4rum-sodermalm-stockholms-kommun-fatburs-kvarngata-16-1121746017115650298,94-95m²,bostadsratt,2026-09-13T13:02:55.528011
1892887218684329288,https://www.hemnet.se/salda/lagenhet-4rum-centralt-varnamo-kommun-finngatan-8-a-1892887218684329288,94-95m²,bostadsratt,2026-09-13T13:02:55.528012
7147271904006472622,"https://www.hemnet.se/salda/lagenhet-3rum-vasastan-stockholms-kommun-karlbergsvagen-89,-5tr-7147271904006472622",94-95m²,bostadsratt,2026-09-13T13:02:55.528014
6985992455996678374,https://www.hemnet.se/salda/lagenhet-4rum-hagernas-taby-kommun-radarvagen-8-6985992455996678374,94-95m²,bostadsratt,2026-09-13T13:02:55.528015
461675898927850151,https://www.hemnet.se/salda/lagenhet-4rum-ostermalm-finspangs-kommun-sodra-storangsvagen-43b-461675898927850151,94-95m²,bostadsratt,2026-09-13T13:02:55.528016
5240129062738233311,https://www.hemnet.se/salda/lagenhet-3rum-vasastan-stockholms-kommun-radmansgatan-55-5240129062738233311,94-95m²,bostadsratt,2026-09-13T13:02:55.528017
5870179048530631450,"https://www.hemnet.se/salda/lagenhet-4rum-hjorthagen-stockholms-kommun-dianavagen-23,-2-och-3-5870179048530631450",94-95m²,bostadsratt,2026-09-13T13:02:55.528018
8624774806836796485,https://www.hemnet.se/salda/lagenhet-4rum-centrum-vasteras-kommun-biskopsgatan-5a-8624774806836796485,94-95m²,bostadsratt,2026-09-13T13:02:55.528020
8043485699924790643,https://www.hemnet.se/salda/lagenhet-4rum-oster-malarstrand-vasteras-kommun-oster-malarstrands-alle-136-8043485699924790643,94-95m²,bostadsratt,2026-09-13T13:02:55.528021
1172027784766745430,https://www.hemnet.se/salda/lagenhet-4rum-kallhall-jarfalla-kommun-ulvsattragrand-10-1172027784766745430,94-95m²,bostadsratt,2026-09-13T13:02:55.528022
8839778232224572758,https://www.hemnet.se/salda/lagenhet-3rum-norrtalje-hamn-norrtalje-kommun-sjofartsgatan-1-8839778232224572758,94-95m²,bostadsratt,2026-09-13T13:02:55.528023
4419003592907215039,https://www.hemnet.se/salda/lagenhet-3rum-kviberg-goteborgs-kommun-rustmastaregatan-21-4419003592907215039,94-95m²,bostadsratt,2026-09-13T13:02:55.528024
4116856839665539493,https://www.hemnet.se/salda/lagenhet-4rum-tosteron-strangnas-kommun-oxhagsvagen-7c-4116856839665539493,94-95m²,bostadsratt,2026-09-13T13:02:55.528026
7238682350323668718,https://www.hemnet.se/salda/lagenhet-4rum-svartbacken-uppsala-kommun-swedenborgsgatan-41c-7238682350323668718,94-95m²,bostadsratt,2026-09-13T13:02:55.528027
8761551922367014969,https://www.hemnet.se/salda/lagenhet-3rum-majorna-goteborgs-kommun-klippan-1h-8761551922367014969,94-95m²,bostadsratt,2026-09-13T13:02:55.528028
9091633684036513707,https://www.hemnet.se/salda/lagenhet-5rum-ostberga-stockholms-kommun-stamgatan-3-9091633684036513707,94-95m²,bostadsratt,2026-09-13T13:02:55.528029
8026960969811702346,"https://www.hemnet.se/salda/lagenhet-4rum-birkastan-stockholms-kommun-karlbergsvagen-73a,-og-8026960969811702346",94-95m²,bostadsratt,2026-09-13T13:02:55.528030
1214619456859999488,https://www.hemnet.se/salda/lagenhet-4rum-jakobsberg-jarfalla-kommun-kvarnvagen-38b-1214619456859999488,94-95m²,bostadsratt,2026-09-13T13:02:55.528032
8283841070002909891,https://www.hemnet.se/salda/lagenhet-4rum-karlshamn-karlshamns-kommun-regeringsgatan-118-8283841070002909891,94-95m²,bostadsratt,2026-09-13T13:02:55.528033
2385101085138035305,https://www.hemnet.se/salda/lagenhet-3rum-centrala-sundbyberg-sundbybergs-kommun-sundbybergs-torg-1d-2385101085138035305,94-95m²,bostadsratt,2026-09-13T13:02:55.528036
5300907163376148156,https://www.hemnet.se/salda/lagenhet-4rum-ulriksdal-solna-kommun-drottning-kristinas-esplanad-65-5300907163376148156,94-95m²,bostadsratt,2026-09-13T13:02:55.528038
7962080273901136730,https://www.hemnet.se/salda/lagenhet-4rum-ostermalm-faltoversten-stockholms-kommun-valhallavagen-146d-7962080273901136730,94-95m²,bostadsratt,2026-09-13T13:02:55.528039
3117979045524244523,https://www.hemnet.se/salda/lagenhet-3rum-ribergsborg-malmo-kommun-peterstorpsvagen-4-3117979045524244523,94-95m²,bostadsratt,2026-09-13T13:02:55.528040
1049676059865617033,https://www.hemnet.se/salda/lagenhet-4rum-jarvastaden-solna-kommun-fridensborgsvagen-140-1049676059865617033,94-95m²,bostadsratt,2026-09-13T13:02:55.528042
351055040382467186,https://www.hemnet.se/salda/lagenhet-4rum-mariestrand-umea-kommun-mariehemsvagen-184-351055040382467186,94-95m²,bostadsratt,2026-09-13T13:02:55.528043
1360187285366279715,https://www.hemnet.se/salda/lagenhet-4rum-ostermalm-vasterviks-kommun-hallstromsgatan-14-1360187285366279715,94-95m²,bostadsratt,2026-09-13T13:02:55.528044
5872586422895692004,https://www.hemnet.se/salda/lagenhet-4rum-riksten-botkyrka-kommun-hallmarksvagen-67b-5872586422895692004,94-95m²,bostadsratt,2026-09-13T13:02:55.528047
2188386396385864153,https://www.hemnet.se/salda/lagenhet-4rum-kallhall-jarfalla-kommun-ulvsattragrand-10-2188386396385864153,94-95m²,bostadsratt,2026-09-13T13:02:55.528049
8419657718279612126,"https://www.hemnet.se/salda/lagenhet-4rum-maria-stockholms-kommun-swedenborgsgatan-25,-2-tr-8419657718279612126",94-95m²,bostadsratt,2026-09-13T13:02:55.528050
2904445823410345833,"https://www.hemnet.se/salda/lagenhet-3rum-vasastan-stockholms-kommun-vastmannagatan-89,-1,5-tr-2904445823410345833",94-95m²,bostadsratt,2026-09-13T13:02:55.528051
1449070325930082876,"https://www.hemnet.se/salda/lagenhet-3,5rum-almedal-goteborgs-kommun-drivhusgatan-19a-1449070325930082876",94-95m²,bostadsratt,2026-09-13T13:02:55.528052
1188481618116269281,https://www.hemnet.se/salda/lagenhet-4rum-skarpnack-skondal-stockholms-kommun-drakflygargatan-6-1188481618116269281,94-95m²,bostadsratt,2026-09-13T13:02:55.528054
4724806177209181792,"https://www.hemnet.se/salda/lagenhet-3,5rum-ovre-eriksberg-goteborgs-kommun-odmansgatan-2a-4724806177209181792",94-95m²,bostadsratt,2026-09-13T13:02:55.528055
5948840022820709098,https://www.hemnet.se/salda/lagenhet-4rum-centrala-sollentuna-sollentuna-kommun-kungsvagen-2-5948840022820709098,94-95m²,bostadsratt,2026-09-13T13:02:55.528056
7050857542322805920,https://www.hemnet.se/salda/lagenhet-4rum-vastra-hamnen-malmo-kommun-einar-hansens-esplanad-34-7050857542322805920,94-95m²,bostadsratt,2026-09-13T13:02:55.528057
6639957560030297919,https://www.hemnet.se/salda/lagenhet-4rum-spanga-tensta-stockholms-kommun-skaftingebacken-40-6639957560030297919,94-95m²,bostadsratt,2026-09-13T13:02:55.528059
2701926179887849887,https://www.hemnet.se/salda/lagenhet-3rum-skogslyckan-vaxjo-kommun-lyckestigen-21-2701926179887849887,94-95m²,bostadsratt,2026-09-13T13:02:55.528060
6840229256546071527,https://www.hemnet.se/salda/lagenhet-4rum-rasunda-solna-kommun-gustafsvagen-3-6840229256546071527,94-95m²,bostadsratt,2026-09-13T13:02:55.528061
7453552373689282018,https://www.hemnet.se/salda/lagenhet-4rum-tullholmsviken-orrholmen-karlstads-kommun-packhusallen-4b-7453552373689282018,94-95m²,bostadsratt,2026-09-13T13:02:55.528062
5491438159037669045,https://www.hemnet.se/salda/lagenhet-3rum-vaggeryd-hjortsjon-sodra-vaggeryds-kommun-folkparksgatan-4-5491438159037669045,94-95m²,bostadsratt,2026-09-13T13:02:55.528064
331660394488990731,https://www.hemnet.se/salda/lagenhet-3rum-trosso-karlskrona-kommun-borgmastarekajen-24-331660394488990731,94-95m²,bostadsratt,2026-09-13T13:02:55.528065
5084544485018049418,https://www.hemnet.se/salda/lagenhet-4rum-liljeholmen-nybodahojden-stockholms-kommun-nybodaringen-107-5084544485018049418,94-95m²,bostadsratt,2026-09-13T13:02:55.528066
6159913433369438725,https://www.hemnet.se/salda/lagenhet-4rum-satra-stockholms-kommun-gransatragrand-41-6159913433369438725,94-95m²,bostadsratt,2026-09-13T13:02:55.528067
7223073645627744284,"https://www.hemnet.se/salda/lagenhet-4,5rum-hagsatra-stockholms-kommun-vintrosagatan-11,-van-8-7223073645627744284",94-95m²,bostadsratt,2026-09-13T13:02:55.528068
5433614671322673455,https://www.hemnet.se/salda/lagenhet-4rum-kallhall-jarfalla-kommun-kopparvagen-19-5433614671322673455,94-95m²,bostadsratt,2026-09-13T13:02:55.528070
7014270864064323787,https://www.hemnet.se/salda/lagenhet-4rum-alvsjo-alvsjo-centrum-stockholms-kommun-gotalandsvagen-233-2tr-7014270864064323787,94-95m²,bostadsratt,2026-09-13T13:02:55.528071
5993721286080516665,https://www.hemnet.se/salda/lagenhet-4rum-sorgarden-vallentuna-kommun-sorgarden-153-5993721286080516665,94-95m²,bostadsratt,2026-09-13T13:02:55.528072
4654305875838179880,https://www.hemnet.se/salda/lagenhet-4rum-centrala-sundbyberg-sundbybergs-kommun-spinnerigatan-5a-4654305875838179880,94-95m²,bostadsratt,2026-09-13T13:02:55.528073
6909883184893276487,https://www.hemnet.se/salda/lagenhet-4rum-kapellgardet-uppsala-kommun-orgelgatan-14-6909883184893276487,94-95m²,bostadsratt,2026-09-13T13:02:55.528074
2867901619883910598,https://www.hemnet.se/salda/lagenhet-4rum-on-malmo-kommun-kronolotsgatan-2-2867901619883910598,94-95m²,bostadsratt,2026-09-13T13:02:55.528076
8033863223029545767,https://www.hemnet.se/salda/lagenhet-3rum-centralt-sandvikens-kommun-stationsgatan-17-8033863223029545767,94-95m²,bostadsratt,2026-09-13T13:02:55.528079
7763180038779784187,https://www.hemnet.se/salda/lagenhet-4rum-nya-hovas-goteborgs-kommun-uggleberget-24-7763180038779784187,94-95m²,bostadsratt,2026-09-13T13:02:55.528082
6761450332227439129,https://www.hemnet.se/salda/lagenhet-4rum-taby-centrum-taby-kommun-marknadsvagen-265-6761450332227439129,94-95m²,bostadsratt,2026-09-13T13:02:55.528084
8013292986412972494,https://www.hemnet.se/salda/lagenhet-5rum-enskede-gard-stockholms-kommun-odelbergsvagen-36-8013292986412972494,94-95m²,bostadsratt,2026-09-13T13:02:55.528085
6214035609891290735,https://www.hemnet.se/salda/lagenhet-3rum-bjurhovda-vasteras-kommun-knotavagen-13-6214035609891290735,94-95m²,bostadsratt,2026-09-13T13:02:55.528086
5344723709680037547,https://www.hemnet.se/salda/lagenhet-3rum-sodermalm-katarina-stockholms-kommun-assessorsgatan-6-5344723709680037547,94-95m²,bostadsratt,2026-09-13T13:02:55.528088
9212525252033200984,https://www.hemnet.se/salda/lagenhet-3rum-kalgarden-jonkopings-kommun-vastra-holmgatan-30-9212525252033200984,94-95m²,bostadsratt,2026-09-13T13:02:55.528089
7252220475293285018,https://www.hemnet.se/salda/lagenhet-4rum-bredang-malarhojden-stockholms-kommun-algrytebacken-18-7252220475293285018,94-95m²,bostadsratt,2026-09-13T13:02:55.528090
80341782561540084,https://www.hemnet.se/salda/lagenhet-4rum-paradiset-borlange-kommun-skogsvagen-31b-80341782561540084,94-95m²,bostadsratt,2026-09-13T13:02:55.528092
8446773850458442288,https://www.hemnet.se/salda/lagenhet-4rum-molndal-kvarnbyn-molndals-kommun-kvarnbyvallen-27-8446773850458442288,94-95m²,bostadsratt,2026-09-13T13:02:55.528093
465229100402300069,https://www.hemnet.se/salda/lagenhet-4rum-centrala-sollentuna-tureberg-sollentuna-kommun-kung-agnes-vag-6-1-tr-465229100402300069,94-95m²,bostadsratt,2026-09-13T13:02:55.528097
5680180581317145778,https://www.hemnet.se/salda/lagenhet-4rum-lilla-alby-sundbybergs-kommun-humblegatan-26b-5680180581317145778,94-95m²,bostadsratt,2026-09-13T13:02:55.528099
2687978751140770052,https://www.hemnet.se/salda/lagenhet-4rum-kungsladugard-goteborgs-kommun-silverkallegatan-4a-2687978751140770052,94-95m²,bostadsratt,2026-09-13T13:02:55.528100
618027443401569524,"https://www.hemnet.se/salda/lagenhet-4rum-bromma-annedal-stockholms-kommun-tummelisas-gata-4,-van-5-5-618027443401569524",94-95m²,bostadsratt,2026-09-13T13:02:55.528101
284741562408669753,https://www.hemnet.se/salda/lagenhet-3rum-sollentuna-centrum-sollentuna-kommun-sollentunavagen-142-284741562408669753,94-95m²,bostadsratt,2026-09-13T13:02:55.528102
6535920676872377747,"https://www.hemnet.se/salda/lagenhet-3rum-hammarby-sjostad-stockholms-kommun-lugnets-alle-55,-4tr-6535920676872377747",94-95m²,bostadsratt,2026-09-13T13:02:55.528104
3097331315152916157,https://www.hemnet.se/salda/lagenhet-4rum-vasastan-norrmalm-stockholms-kommun-tegnergatan-48-3097331315152916157,94-95m²,bostadsratt,2026-09-13T13:02:55.528105
2950481922926087428,"https://www.hemnet.se/salda/lagenhet-3rum-sodermalm-tanto-stockholms-kommun-tantogatan-27,-5tr-2950481922926087428",94-95m²,bostadsratt,2026-09-13T13:02:55.528106
7519670553422894564,https://www.hemnet.se/salda/lagenhet-4rum-mariehall-stockholms-kommun-kratsbodavagen-44c-7519670553422894564,94-95m²,bostadsratt,2026-09-13T13:02:55.528107
3146902694072580628,https://www.hemnet.se/salda/lagenhet-4rum-as-krokoms-kommun-tors-vag-24-3146902694072580628,94-95m²,bostadsratt,2026-09-13T13:02:55.528109
1983656687997701280,https://www.hemnet.se/salda/lagenhet-4rum-ovre-frosang-oxelosunds-kommun-frosangsvagen-78-1983656687997701280,94-95m²,bostadsratt,2026-09-13T13:02:55.528110
5277508442156708622,https://www.hemnet.se/salda/lagenhet-4rum-handen-haninge-kommun-vallavagen-63-5277508442156708622,94-95m²,bostadsratt,2026-09-13T13:02:55.528111
2965924570477242364,https://www.hemnet.se/salda/lagenhet-3rum-city-malmo-kommun-beijerskajen-2e-2965924570477242364,94-95m²,bostadsratt,2026-09-13T13:02:55.528112
3816095148572371882,https://www.hemnet.se/salda/lagenhet-3rum-hestra-boras-kommun-hestra-ringvag-1-3816095148572371882,94-95m²,bostadsratt,2026-09-13T13:02:55.528113
528058576188372605,https://www.hemnet.se/salda/lagenhet-4rum-riksten-botkyrka-kommun-hallmarksvagen-52a-528058576188372605,94-95m²,bostadsratt,2026-09-13T13:02:55.528115
2192842127105100716,"https://www.hemnet.se/salda/lagenhet-4rum-lilla-alby-sundbybergs-kommun-max-sievertsgatan-6b,-7-tr-2192842127105100716",94-95m²,bostadsratt,2026-09-13T13:02:55.528116
8416150339235082208,https://www.hemnet.se/salda/lagenhet-2rum-vasastaden-kristianstads-kommun-sodra-kaserngatan-20-8416150339235082208,94-95m²,bostadsratt,2026-09-13T13:02:55.528117
7382211778625665569,https://www.hemnet.se/salda/lagenhet-3rum-lomma-lomma-kommun-sommargatan-29-7382211778625665569,94-95m²,bostadsratt,2026-09-13T13:02:55.528121
6949879718330135414,https://www.hemnet.se/salda/lagenhet-4rum-paradiset-borlange-kommun-skogsvagen-53e-6949879718330135414,94-95m²,bostadsratt,2026-09-13T13:02:55.528122
303717808008855236,https://www.hemnet.se/salda/lagenhet-4rum-lomma-strandstad-lomma-kommun-esplanaden-16-a-303717808008855236,94-95m²,bostadsratt,2026-09-13T13:02:55.528123
5302122807904309596,https://www.hemnet.se/salda/lagenhet-4rum-hagalund-solna-kommun-gustav-iii-s-boulevard-21-5302122807904309596,94-95m²,bostadsratt,2026-09-13T13:02:55.528125
7266539407214845176,"https://www.hemnet.se/salda/lagenhet-4rum-liljeholmskajen-stockholms-kommun-onologgatan-2,-3-tr-7266539407214845176",94-95m²,bostadsratt,2026-09-13T13:02:55.528126
392612849570351157,https://www.hemnet.se/salda/lagenhet-4rum-varberg-varbergs-kommun-sandstensbacken-47-392612849570351157,94-95m²,bostadsratt,2026-09-13T13:02:55.528129
2669989587936252408,https://www.hemnet.se/salda/lagenhet-4rum-adolfsberg-orebro-kommun-brunnslyckevagen-6-2669989587936252408,94-95m²,bostadsratt,2026-09-13T13:02:55.528131
3499314618221721319,https://www.hemnet.se/salda/lagenhet-4rum-ekholmen-linkopings-kommun-ekholmsvagen-43-3499314618221721319,94-95m²,bostadsratt,2026-09-13T13:02:55.528132
1171634731440682411,https://www.hemnet.se/salda/lagenhet-4rum-hagernas-taby-kommun-flygkarsvagen-9-1171634731440682411,94-95m²,bostadsratt,2026-09-13T13:02:55.528133
7623814762040317556,https://www.hemnet.se/salda/lagenhet-4rum-alvsjo-stockholms-kommun-gotalandsvagen-249-7623814762040317556,94-95m²,bostadsratt,2026-09-13T13:02:55.528134
3092066958800885716,https://www.hemnet.se/salda/lagenhet-4rum-karrtorp-stockholms-kommun-karrtorpsvagen-26f-3092066958800885716,94-95m²,bostadsratt,2026-09-13T13:02:55.528136
2740262309570644341,https://www.hemnet.se/salda/lagenhet-4rum-vaster-lunds-kommun-tarnvagen-7-2740262309570644341,94-95m²,bostadsratt,2026-09-13T13:02:55.528137
3946088236958093330,https://www.hemnet.se/salda/lagenhet-3rum-hasthagen-malmo-kommun-erik-dahlbergsgatan-21b-3946088236958093330,94-95m²,bostadsratt,2026-09-13T13:02:55.528138
5118782931826389645,https://www.hemnet.se/salda/lagenhet-4rum-marknadsvagen-taby-kommun-marknadsvagen-279-5118782931826389645,94-95m²,bostadsratt,2026-09-13T13:02:55.528139
402906183359013510,"https://www.hemnet.se/salda/lagenhet-4rum-taby-park-taby-kommun-boulevarden-69,-4tr-402906183359013510",94-95m²,bostadsratt,2026-09-13T13:02:55.528141
8415362788420970356,https://www.hemnet.se/salda/lagenhet-3rum-vagmastaren-karlstads-kommun-strandvagen-13-c-lgh-1102-8415362788420970356,94-95m²,bostadsratt,2026-09-13T13:02:55.528142
2740152297634599957,https://www.hemnet.se/salda/lagenhet-5rum-ostberga-alvsjo-stockholms-kommun-stamgatan-63-van-6-7-2740152297634599957,94-95m²,bostadsratt,2026-09-13T13:02:55.528143
6998297784606561481,https://www.hemnet.se/salda/lagenhet-3rum-vasastaden-goteborgs-kommun-haga-kyrkogata-8-6998297784606561481,94-95m²,bostadsratt,2026-09-13T13:02:55.528144
8131782929722563863,https://www.hemnet.se/salda/lagenhet-4rum-alvsjostaden-stockholms-kommun-kabelverksgatan-32-8131782929722563863,94-95m²,bostadsratt,2026-09-13T13:02:55.528146
7097587309782612794,https://www.hemnet.se/salda/lagenhet-4rum-stromsbro-stigsgard-gavle-kommun-laxgangen-32c-7097587309782612794,94-95m²,bostadsratt,2026-09-13T13:02:55.528147
4389173987869081043,https://www.hemnet.se/salda/lagenhet-5rum-bandhagen-hogdalen-stockholms-kommun-stenkvistavagen-8-4389173987869081043,94-95m²,bostadsratt,2026-09-13T13:02:55.528149
8791113429355726843,https://www.hemnet.se/salda/lagenhet-4rum-lansmansgarden-goteborgs-kommun-norra-fjadermolnsgatan-41-8791113429355726843,94-95m²,bostadsratt,2026-09-13T13:02:55.528150
4036322246539823368,https://www.hemnet.se/salda/lagenhet-4rum-rissne-sundbybergs-kommun-mjolnerbacken-33-4036322246539823368,94-95m²,bostadsratt,2026-09-13T13:02:55.528152
3373579336255713746,https://www.hemnet.se/salda/lagenhet-3rum-vastra-hamnen-malmo-kommun-bomgatan-19-3373579336255713746,94-95m²,bostadsratt,2026-09-13T13:02:55.528153
5224990149140692191,https://www.hemnet.se/salda/lagenhet-4rum-ormesta-orebro-kommun-olofsgatan-13-5224990149140692191,94-95m²,bostadsratt,2026-09-13T13:02:55.528154
4788229330363485264,https://www.hemnet.se/salda/lagenhet-4rum-hasselby-norra-villastad-stockholms-kommun-drivbanksvagen-11a-4788229330363485264,94-95m²,bostadsratt,2026-09-13T13:02:55.528158
6312793208227917762,https://www.hemnet.se/salda/lagenhet-4rum-slavsta-uppsala-kommun-stalgatan-46-6312793208227917762,94-95m²,bostadsratt,2026-09-13T13:02:55.528159
9219593970251868803,https://www.hemnet.se/salda/lagenhet-4rum-nacka-kvarnholmen-nacka-kommun-kvarnholmsvagen-108-9219593970251868803,94-95m²,bostadsratt,2026-09-13T13:02:55.528160
4936768115645402724,https://www.hemnet.se/salda/lagenhet-4rum-tyreso-strand-strandangarna-tyreso-kommun-lovangsgrand-3-4936768115645402724,94-95m²,bostadsratt,2026-09-13T13:02:55.528161
7188652707380244849,https://www.hemnet.se/salda/lagenhet-4rum-huddinge-centrum-huddinge-kommun-sjodalsvagen-24-7188652707380244849,94-95m²,bostadsratt,2026-09-13T13:02:55.528163
9003996877467564996,https://www.hemnet.se/salda/lagenhet-4rum-ostra-tullingeberg-botkyrka-kommun-solskensvagen-17-9003996877467564996,94-95m²,bostadsratt,2026-09-13T13:02:55.528164
8607717305928023974,https://www.hemnet.se/salda/lagenhet-4rum-grondal-stockholms-kommun-sjobjornsvagen-6-8607717305928023974,94-95m²,bostadsratt,2026-09-13T13:02:55.528165
8500901903181450827,"https://www.hemnet.se/salda/lagenhet-4rum-jakobsberg-jarfalla-kommun-kvarnvagen-38-b,-4tr-8500901903181450827",94-95m²,bostadsratt,2026-09-13T13:02:55.528166
3231105913599181021,https://www.hemnet.se/salda/lagenhet-4rum-smalandsangen-motala-kommun-bispmotalagatan-29c-3231105913599181021,94-95m²,bostadsratt,2026-09-13T13:02:55.528168
3763353089399295982,https://www.hemnet.se/salda/lagenhet-3rum-ostermalm-kristianstads-kommun-sjocronas-gata-2b-3763353089399295982,94-95m²,bostadsratt,2026-09-13T13:02:55.528169
5946716580334121364,https://www.hemnet.se/salda/lagenhet-4rum-eslov-centralt-eslovs-kommun-malmgatan-10-5946716580334121364,94-95m²,bostadsratt,2026-09-13T13:02:55.528170
7983161469375781691,https://www.hemnet.se/salda/lagenhet-2rum-nikolai-orebro-kommun-engelbrektsgatan-5-7983161469375781691,94-95m²,bostadsratt,2026-09-13T13:02:55.528171
6285434822925580348,https://www.hemnet.se/salda/lagenhet-4rum-dalenum-lidingo-kommun-optikvagen-9-6285434822925580348,94-95m²,bostadsratt,2026-09-13T13:02:55.528175
2368190038149080180,https://www.hemnet.se/salda/lagenhet-4rum-smedby-upplands-vasby-kommun-stallgatan-2a-2368190038149080180,94-95m²,bostadsratt,2026-09-13T13:02:55.528176
4801596214178797792,https://www.hemnet.se/salda/lagenhet-3rum-vastra-hamnen-malmo-kommun-krankajen-28-4801596214178797792,94-95m²,bostadsratt,2026-09-13T13:02:55.528177
6775304030725635666,https://www.hemnet.se/salda/lagenhet-4rum-lugnvik-ostersunds-kommun-kopparslagargrand-2-6775304030725635666,94-95m²,bostadsratt,2026-09-13T13:02:55.528179
5192632886397545316,"https://www.hemnet.se/salda/lagenhet-4rum-tollare-nacka-kommun-tollareslingan-50,-3tr-5192632886397545316",94-95m²,bostadsratt,2026-09-13T13:02:55.528180
1785821965370750682,https://www.hemnet.se/salda/lagenhet-4rum-centrala-sundbyberg-sundbybergs-kommun-rastensgatan-10-1785821965370750682,94-95m²,bostadsratt,2026-09-13T13:02:55.528181
508420819334545477,"https://www.hemnet.se/salda/lagenhet-4rum-ekero-ekebyhov-ekero-kommun-ekebyhovsvagen-11,-2tr-508420819334545477",94-95m²,bostadsratt,2026-09-13T13:02:55.528182
7129549356190827884,https://www.hemnet.se/salda/lagenhet-3rum-limhamns-sjostad-limhamn-malmo-kommun-glasbrukskajen-2-b-7129549356190827884,94-95m²,bostadsratt,2026-09-13T13:02:55.528184
1948227060871434466,"https://www.hemnet.se/salda/lagenhet-4rum-tureberg-sollentuna-kommun-malmvagen-16c,-4tr-1948227060871434466",94-95m²,bostadsratt,2026-09-13T13:02:55.528185
8734239762456642197,"https://www.hemnet.se/salda/lagenhet-3,5rum-kungsholmen-stockholms-kommun-kungsholmsgatan-22,-6tr-8734239762456642197",94-95m²,bostadsratt,2026-09-13T13:02:55.528186
5310540824051828945,https://www.hemnet.se/salda/lagenhet-4rum-satra-gransatra-stockholms-kommun-gransatragrand-39-5310540824051828945,94-95m²,bostadsratt,2026-09-13T13:02:55.528187
2778557416462746841,https://www.hemnet.se/salda/lagenhet-4rum-galgberget-falu-kommun-kvartsstigen-21-2778557416462746841,94-95m²,bostadsratt,2026-09-13T13:02:55.528188
8905160360578165176,https://www.hemnet.se/salda/lagenhet-4rum-nya-hjarsta-orebro-kommun-trollbarsgatan-11-8905160360578165176,94-95m²,bostadsratt,2026-09-13T13:02:55.528190
7023508649521360226,"https://www.hemnet.se/salda/lagenhet-4rum-liljeholmskajen-arstaberg-stockholms-kommun-nybodaringen-107,-van-3-7023508649521360226",94-95m²,bostadsratt,2026-09-13T13:02:55.528193
4707581627410727936,https://www.hemnet.se/salda/lagenhet-4rum-sylte-trollhattans-kommun-bergkullevagen-149-4707581627410727936,94-95m²,bostadsratt,2026-09-13T13:02:55.528197
5732375304441930871,https://www.hemnet.se/salda/lagenhet-3rum-vasastan-odenplan-stockholms-kommun-vidargatan-5-5732375304441930871,94-95m²,bostadsratt,2026-09-13T13:02:55.528198
5600651746941044115,https://www.hemnet.se/salda/lagenhet-3rum-ljungarum-jonkopings-kommun-parkettgatan-10-5600651746941044115,94-95m²,bostadsratt,2026-09-13T13:02:55.528199
8037247615977512414,"https://www.hemnet.se/salda/lagenhet-4rum-jakobsberg-jarfalla-kommun-aspnasvagen-32,-7-tr,-8037247615977512414",94-95m²,bostadsratt,2026-09-13T13:02:55.528200
5326317102359012793,https://www.hemnet.se/salda/lagenhet-2rum-centrala-ostersund-ostersunds-kommun-storgatan-40b-5326317102359012793,94-95m²,bostadsratt,2026-09-13T13:02:55.528202
2311155812235543863,"https://www.hemnet.se/salda/lagenhet-4rum-norra-djurgardsstaden-stockholms-kommun-slattervallsgatan-13,-4tr-2311155812235543863",94-95m²,bostadsratt,2026-09-13T13:02:55.528203
774556401323634695,"https://www.hemnet.se/salda/lagenhet-3rum-kungsholmen-stockholms-kommun-kungsholms-kyrkoplan-4,-3tr-774556401323634695",94-95m²,bostadsratt,2026-09-13T13:02:55.528204
5997094116632423062,https://www.hemnet.se/salda/lagenhet-4rum-vasterhaninge-abylund-haninge-kommun-abylundsvagen-285-5997094116632423062,94-95m²,bostadsratt,2026-09-13T13:02:55.528206
7367765436651350308,"https://www.hemnet.se/salda/lagenhet-2,5rum-limhamn-malmo-kommun-linnegatan-3c-7367765436651350308",94-95m²,bostadsratt,2026-09-13T13:02:55.528207
868340430367218615,"https://www.hemnet.se/salda/lagenhet-4rum-alvsjo-c-stockholms-kommun-gotalandsvagen-233,-1-tr-868340430367218615",94-95m²,bostadsratt,2026-09-13T13:02:55.528208
6919686234658142091,https://www.hemnet.se/salda/lagenhet-4rum-brannan-harnosands-kommun-gronkullavagen-4-a-6919686234658142091,94-95m²,bostadsratt,2026-09-13T13:02:55.528209
8438451441215354103,https://www.hemnet.se/salda/lagenhet-3rum-lillaudden-vasteras-kommun-fyrbaksvagen-6-8438451441215354103,94-95m²,bostadsratt,2026-09-13T13:02:55.528210
2631853470467769764,https://www.hemnet.se/salda/lagenhet-4rum-rosengard-malmo-kommun-von-lingens-vag-28-2631853470467769764,94-95m²,bostadsratt,2026-09-13T13:02:55.528212
3152951987604238233,"https://www.hemnet.se/salda/lagenhet-4rum-hornsbergs-strand-stockholms-kommun-franzengatan-82,-7-tr-3152951987604238233",94-95m²,bostadsratt,2026-09-13T13:02:55.528213
1376915132821584565,"https://www.hemnet.se/salda/lagenhet-4rum-alvsjostaden-stockholms-kommun-sandalettgatan-7,-hogst-upp-1376915132821584565",94-95m²,bostadsratt,2026-09-13T13:02:55.528214
8700305704506400238,https://www.hemnet.se/salda/lagenhet-4rum-alvsjostaden-stockholms-kommun-kabelverksgatan-32-8700305704506400238,94-95m²,bostadsratt,2026-09-13T13:02:55.528215
1454616675371237841,"https://www.hemnet.se/salda/lagenhet-4rum-jakobsberg-jarfalla-kommun-aspnasvagen-36,-6tr-1454616675371237841",94-95m²,bostadsratt,2026-09-13T13:02:55.528216
7312092693216110377,https://www.hemnet.se/salda/lagenhet-5rum-midsommarkransen-stockholms-kommun-majstangsvagen-11-7312092693216110377,94-95m²,bostadsratt,2026-09-13T13:02:55.528218
9092110128232257837,https://www.hemnet.se/salda/lagenhet-3rum-nyhamn-landskrona-kommun-badhusgatan-26-9092110128232257837,94-95m²,bostadsratt,2026-09-13T13:02:55.528221
3306750079891515264,https://www.hemnet.se/salda/lagenhet-4rum-centralt-vaster-orebro-kommun-rostagatan-8-3306750079891515264,94-95m²,bostadsratt,2026-09-13T13:02:55.528222
1211103984734665377,https://www.hemnet.se/salda/lagenhet-4rum-grindtorp-taby-kommun-grindtorpsvagen-39-1211103984734665377,94-95m²,bostadsratt,2026-09-13T13:02:55.528224
6418085815134682212,"https://www.hemnet.se/salda/lagenhet-3,5rum-industristaden-kungsangen-uppsala-kommun-industrigatan-35-6418085815134682212",94-95m²,bostadsratt,2026-09-13T13:02:55.528225
5397429332679709879,https://www.hemnet.se/salda/lagenhet-4rum-centralt-sundsvalls-kommun-gronborgsgatan-5-5397429332679709879,94-95m²,bostadsratt,2026-09-13T13:02:55.528226
4995110877055609273,"https://www.hemnet.se/salda/lagenhet-4rum-hagernas-taby-kommun-radarvagen-8,-1-tr-4995110877055609273",94-95m²,bostadsratt,2026-09-13T13:02:55.528227
8570654991757046686,https://www.hemnet.se/salda/lagenhet-3rum-rorsjostaden-malmo-kommun-amiralsgatan-6-8570654991757046686,94-95m²,bostadsratt,2026-09-13T13:02:55.528228
5050118730206095551,https://www.hemnet.se/salda/lagenhet-3rum-centralt-kungalvs-kommun-radmansgatan-42-5050118730206095551,94-95m²,bostadsratt,2026-09-13T13:02:55.528232
2709124109362281075,https://www.hemnet.se/salda/lagenhet-4rum-smedby-upplands-vasby-kommun-stallgatan-5b-2709124109362281075,94-95m²,bostadsratt,2026-09-13T13:02:55.528233
5319443928409311268,https://www.hemnet.se/salda/lagenhet-4rum-centrala-tyreso-tyreso-kommun-bjorkbacksvagen-11-5319443928409311268,94-95m²,bostadsratt,2026-09-13T13:02:55.528234
6902608748304757769,https://www.hemnet.se/salda/lagenhet-5rum-gamla-ostberga-stockholms-kommun-stamgatan-57-6902608748304757769,94-95m²,bostadsratt,2026-09-13T13:02:55.528236
5644182930215493833,https://www.hemnet.se/salda/lagenhet-4rum-tuna-lunds-kommun-scheelevagen-3e-5644182930215493833,94-95m²,bostadsratt,2026-09-13T13:02:55.528237
390553562000103704,https://www.hemnet.se/salda/lagenhet-4rum-taby-park-taby-kommun-parkallen-29-390553562000103704,94-95m²,bostadsratt,2026-09-13T13:02:55.528238
4643101353378801141,https://www.hemnet.se/salda/lagenhet-4rum-skytteholm-solna-kommun-ankdammsgatan-33-4643101353378801141,94-95m²,bostadsratt,2026-09-13T13:02:55.528239
1406635849347124359,"https://www.hemnet.se/salda/lagenhet-4,5rum-majorna-goteborgs-kommun-arlegatan-40-1406635849347124359",94-95m²,bostadsratt,2026-09-13T13:02:55.528240
1634381194510989845,"https://www.hemnet.se/salda/lagenhet-3rum-kungsholmen-stockholms-kommun-alstromergatan-45,-4-tr-1634381194510989845",94-95m²,bostadsratt,2026-09-13T13:02:55.528242
1285104848939995872,"https://www.hemnet.se/salda/lagenhet-4rum-ekhagen-stockholms-kommun-aminnevagen-17,-terrasslagenhet-1285104848939995872",94-95m²,bostadsratt,2026-09-13T13:02:55.528243
2625885098325213804,"https://www.hemnet.se/salda/lagenhet-5rum-gamla-ostberga-alvsjo-stockholms-kommun-stamgatan-53,-van-1-2625885098325213804",94-95m²,bostadsratt,2026-09-13T13:02:55.528244
7146631728220817851,https://www.hemnet.se/salda/lagenhet-4rum-kungsangen-uppsala-kommun-industrigatan-31-7146631728220817851,94-95m²,bostadsratt,2026-09-13T13:02:55.528245
7339026401661679046,https://www.hemnet.se/salda/lagenhet-3rum-slottsstaden-malmo-kommun-vastra-ronneholmsvagen-61-7339026401661679046,94-95m²,bostadsratt,2026-09-13T13:02:55.528247
4215214366262813401,https://www.hemnet.se/salda/lagenhet-4rum-svartviken-upplands-bro-kommun-kungsvagen-6d-4215214366262813401,94-95m²,bostadsratt,2026-09-13T13:02:55.528248
3347942198815895045,https://www.hemnet.se/salda/lagenhet-4rum-vastra-hamnen-malmo-kommun-stora-varvsgatan-43-3347942198815895045,94-95m²,bostadsratt,2026-09-13T13:02:55.528249
4161526835050018043,https://www.hemnet.se/salda/lagenhet-4rum-centrala-norrtalje-norrtalje-kommun-tradgardsgatan-2b-4161526835050018043,94-95m²,bostadsratt,2026-09-13T13:02:55.528250
7611228545926208777,https://www.hemnet.se/salda/lagenhet-5rum-bromma-beckomberga-stockholms-kommun-beckombergavagen-213-7611228545926208777,94-95m²,bostadsratt,2026-09-13T13:02:55.528252
2004939924580457012,https://www.hemnet.se/salda/lagenhet-4rum-bromma-sundbyberg-stockholms-kommun-karlsbodavagen-47-2004939924580457012,94-95m²,bostadsratt,2026-09-13T13:02:55.528253
2050091891092312304,https://www.hemnet.se/salda/lagenhet-4rum-alidhem-umea-kommun-kemigrand-17-2050091891092312304,94-95m²,bostadsratt,2026-09-13T13:02:55.528254
6677118553705493768,https://www.hemnet.se/salda/lagenhet-3rum-maria-stockholms-kommun-tantogatan-31-6677118553705493768,94-95m²,bostadsratt,2026-09-13T13:02:55.528255
4629417147611666462,"https://www.hemnet.se/salda/lagenhet-4,5rum-annedal-vasastaden-goteborgs-kommun-carl-grimbergsgatan-4-4629417147611666462",94-95m²,bostadsratt,2026-09-13T13:02:55.528257
8856913429605144209,https://www.hemnet.se/salda/lagenhet-4rum-tyringe-hassleholms-kommun-torggatan-6b-8856913429605144209,94-95m²,bostadsratt,2026-09-13T13:02:55.528258
5118525117879296543,https://www.hemnet.se/salda/lagenhet-3rum-hassleholm-centralt-hassleholms-kommun-drottninggatan-73-5118525117879296543,94-95m²,bostadsratt,2026-09-13T13:02:55.528259
5476594612359735774,https://www.hemnet.se/salda/lagenhet-2rum-perioden-nykopings-kommun-periodgangen-7-5476594612359735774,94-95m²,bostadsratt,2026-09-13T13:02:55.528260
441111126025970578,https://www.hemnet.se/salda/lagenhet-4rum-hagernas-taby-kommun-flygkarsvagen-5-441111126025970578,94-95m²,bostadsratt,2026-09-13T13:02:55.528264
9096238134465607213,https://www.hemnet.se/salda/lagenhet-4rum-centrum-halmstads-kommun-patrikshillvagen-4-9096238134465607213,94-95m²,bostadsratt,2026-09-13T13:02:55.528265
781360063916775140,"https://www.hemnet.se/salda/lagenhet-4rum-sodermalm-tanto-stockholms-kommun-flintbacken-14,-7-tr-781360063916775140",94-95m²,bostadsratt,2026-09-13T13:02:55.528269
5986959376958918245,https://www.hemnet.se/salda/lagenhet-4rum-visby-soder-gotlands-kommun-halsjarnsgatan-10-5986959376958918245,94-95m²,bostadsratt,2026-09-13T13:02:55.528270
7612545180656289206,https://www.hemnet.se/salda/lagenhet-4rum-krokom-krokoms-kommun-strandvagen-10-7612545180656289206,94-95m²,bostadsratt,2026-09-13T13:02:55.528271
4766390528275916930,"https://www.hemnet.se/salda/lagenhet-3,5rum-vasastan-stockholms-kommun-hagagatan-48,-4tr-4766390528275916930",94-95m²,bostadsratt,2026-09-13T13:02:55.528273
7923477247976538089,https://www.hemnet.se/salda/lagenhet-3rum-slottshojden-helsingborgs-kommun-kopparmollegatan-11b-7923477247976538089,94-95m²,bostadsratt,2026-09-13T13:02:55.528274
2426694157718053797,https://www.hemnet.se/salda/lagenhet-4rum-tyreso-tyreso-kommun-bollmoravagen-96-2426694157718053797,94-95m²,bostadsratt,2026-09-13T13:02:55.528275
5580315246875570773,https://www.hemnet.se/salda/lagenhet-4rum-farsta-stockholms-kommun-agesta-brovag-42-4tr-5580315246875570773,94-95m²,bostadsratt,2026-09-13T13:02:55.528276
4220110936142144444,https://www.hemnet.se/salda/lagenhet-4rum-rosendal-uppsala-kommun-torgny-segerstedts-alle-17b-4220110936142144444,94-95m²,bostadsratt,2026-09-13T13:02:55.528277
2337648384567591428,"https://www.hemnet.se/salda/lagenhet-4rum-marsta-ekilla-sigtuna-kommun-ekilla-gardsvag-32,-1-tr-2337648384567591428",94-95m²,bostadsratt,2026-09-13T13:02:55.528279
2961554113321869756,https://www.hemnet.se/salda/lagenhet-4rum-brotorp-jarvastaden-sundbybergs-kommun-brogatan-18-2961554113321869756,94-95m²,bostadsratt,2026-09-13T13:02:55.528280
4634119519073967606,https://www.hemnet.se/salda/lagenhet-3rum-tagaborg-helsingborgs-kommun-kvarnholmsgatan-6-4634119519073967606,94-95m²,bostadsratt,2026-09-13T13:02:55.528281
5998700459184698420,https://www.hemnet.se/salda/lagenhet-4rum-ostberga-stockholms-kommun-alvsakersgrand-10-5998700459184698420,94-95m²,bostadsratt,2026-09-13T13:02:55.528282
8410787649634980894,https://www.hemnet.se/salda/lagenhet-4rum-centralt-nassjo-kommun-mariagatan-21b-8410787649634980894,94-95m²,bostadsratt,2026-09-13T13:02:55.528284
706361248227224981,https://www.hemnet.se/salda/lagenhet-3rum-centrum-lunds-kommun-getingevagen-3-706361248227224981,94-95m²,bostadsratt,2026-09-13T13:02:55.528285
7994504355478830517,https://www.hemnet.se/salda/lagenhet-5rum-vastertorp-hagerstensasen-stockholms-kommun-skridskovagen-9c-7994504355478830517,94-95m²,bostadsratt,2026-09-13T13:02:55.528288
1618219478881809974,https://www.hemnet.se/salda/lagenhet-4rum-torpa-soder-jonkopings-kommun-kungsgatan-13-1618219478881809974,94-95m²,bostadsratt,2026-09-13T13:02:55.528290
5171726374403809605,"https://www.hemnet.se/salda/lagenhet-4rum-sodermalm-stockholms-kommun-kvarngatan-2,-3-tr-5171726374403809605",94-95m²,bostadsratt,2026-09-13T13:02:55.528291
2939458124561432448,https://www.hemnet.se/salda/lagenhet-3rum-centralt-norrkopings-kommun-dragsgatan-5-2939458124561432448,94-95m²,bostadsratt,2026-09-13T13:02:55.528292
5674442544767727683,https://www.hemnet.se/salda/lagenhet-4rum-hagernas-taby-kommun-flygkarsvagen-3-5674442544767727683,94-95m²,bostadsratt,2026-09-13T13:02:55.528294
1459572306081777631,https://www.hemnet.se/salda/lagenhet-4rum-loddekopinge-kavlinge-kommun-radhusvagen-3a-1459572306081777631,94-95m²,bostadsratt,2026-09-13T13:02:55.528295
2607174150140239897,"https://www.hemnet.se/salda/lagenhet-4rum-sodermalm-stockholms-kommun-ringvagen-151a,-2-tr-2607174150140239897",94-95m²,bostadsratt,2026-09-13T13:02:55.528296
5047129268716678844,https://www.hemnet.se/salda/lagenhet-3rum-jarnakra-lunds-kommun-mellanvangsvagen-7-5047129268716678844,94-95m²,bostadsratt,2026-09-13T13:02:55.528297
7280553702418292935,https://www.hemnet.se/salda/lagenhet-4rum-vega-haninge-kommun-gaffelseglet-lgh-1-1001-juno-7280553702418292935,94-95m²,bostadsratt,2026-09-13T13:02:55.528299
3492579297206276942,"https://www.hemnet.se/salda/lagenhet-4rum-ostberga-alvsjo-stockholms-kommun-alvsakersgrand-7,-van-1-3492579297206276942",94-95m²,bostadsratt,2026-09-13T13:02:55.528300
1348048827778883922,https://www.hemnet.se/salda/lagenhet-3rum-centralt-oster-nykopings-kommun-periodgangen-7-1348048827778883922,94-95m²,bostadsratt,2026-09-13T13:02:55.528301
3060083726666579701,https://www.hemnet.se/salda/lagenhet-4rum-rabbalshede-tanums-kommun-solhojdsvagen-13-3060083726666579701,94-95m²,bostadsratt,2026-09-13T13:02:55.528305
1829246282238774647,https://www.hemnet.se/salda/lagenhet-4rum-savedalen-partille-kommun-vallhamra-torg-14-1829246282238774647,94-95m²,bostadsratt,2026-09-13T13:02:55.528306
6806724590069090223,"https://www.hemnet.se/salda/lagenhet-3,5rum-ostermalm-stockholms-kommun-grev-magnigatan-8-6806724590069090223",94-95m²,bostadsratt,2026-09-13T13:02:55.528307
5074173663194927248,https://www.hemnet.se/salda/lagenhet-4rum-grindtorp-taby-kommun-grindtorpsvagen-37-5074173663194927248,94-95m²,bostadsratt,2026-09-13T13:02:55.528309
5437191049672738516,https://www.hemnet.se/salda/lagenhet-3rum-ostermalm-stockholms-kommun-brahegatan-62-5437191049672738516,94-95m²,bostadsratt,2026-09-13T13:02:55.528310
6601982300912016415,https://www.hemnet.se/salda/lagenhet-4rum-loddekopinge-centralt-kavlinge-kommun-radhusvagen-4c-6601982300912016415,94-95m²,bostadsratt,2026-09-13T13:02:55.528317
9166740741194932192,https://www.hemnet.se/salda/lagenhet-4rum-kneippen-ektorp-norrkopings-kommun-stafettgatan-1-9166740741194932192,94-95m²,bostadsratt,2026-09-13T13:02:55.528318
2635068467165739245,https://www.hemnet.se/salda/lagenhet-2rum-lorensberg-goteborgs-kommun-engelbrektsgatan-33a-2635068467165739245,94-95m²,bostadsratt,2026-09-13T13:02:55.528319
5067489801389466518,https://www.hemnet.se/salda/lagenhet-4rum-torslanda-amhult-goteborgs-kommun-lysevagen-10-5067489801389466518,94-95m²,bostadsratt,2026-09-13T13:02:55.528321
5053074699629590942,"https://www.hemnet.se/salda/lagenhet-4rum-vastra-skogen-solna-kommun-wiboms-vag-10,-van-10-5053074699629590942",94-95m²,bostadsratt,2026-09-13T13:02:55.528322
1641912109344410785,https://www.hemnet.se/salda/lagenhet-4rum-kista-akalla-stockholms-kommun-mariehamnsgatan-6-1641912109344410785,94-95m²,bostadsratt,2026-09-13T13:02:55.528323
190877648306585687,https://www.hemnet.se/salda/lagenhet-4rum-hagernas-taby-kommun-radarvagen-4-190877648306585687,94-95m²,bostadsratt,2026-09-13T13:02:55.528325
4830724454985596663,https://www.hemnet.se/salda/lagenhet-3rum-edsviken-sollentuna-kommun-edsviksvagen-84c-4830724454985596663,94-95m²,bostadsratt,2026-09-13T13:02:55.528326
8257328147507730921,"https://www.hemnet.se/salda/lagenhet-3,5rum-soder-ostersunds-kommun-radhusgatan-106-b-8257328147507730921",94-95m²,bostadsratt,2026-09-13T13:02:55.528327
682627710644011901,https://www.hemnet.se/salda/lagenhet-3rum-centralt-vaster-orebro-kommun-hertig-karls-alle-17-682627710644011901,94-95m²,bostadsratt,2026-09-13T13:02:55.528328
8900426437952062108,https://www.hemnet.se/salda/lagenhet-4rum-lilla-alby-sundbybergs-kommun-vasagatan-17b-8900426437952062108,94-95m²,bostadsratt,2026-09-13T13:02:55.528329
3204486163215187315,https://www.hemnet.se/salda/lagenhet-4rum-grindtorp-taby-kommun-grindtorpsvagen-45-3204486163215187315,94-95m²,bostadsratt,2026-09-13T13:02:55.528331
3957730337527895239,https://www.hemnet.se/salda/lagenhet-4rum-hammarby-sjostad-stockholms-kommun-textilgatan-21-3957730337527895239,94-95m²,bostadsratt,2026-09-13T13:02:55.528332
411388351549393218,https://www.hemnet.se/salda/lagenhet-4rum-bromma-blackeberg-stockholms-kommun-blackebergsbacken-3-411388351549393218,94-95m²,bostadsratt,2026-09-13T13:02:55.528333
3615748079957977707,https://www.hemnet.se/salda/lagenhet-4rum-sondrum-albinsro-halmstads-kommun-betesstigen-9-3615748079957977707,94-95m²,bostadsratt,2026-09-13T13:02:55.528334
4578352254553069876,"https://www.hemnet.se/salda/lagenhet-4rum-kungsholmen-stockholms-kommun-fleminggatan-36b,-5-5tr-4578352254553069876",94-95m²,bostadsratt,2026-09-13T13:02:55.528335
2358372215287522055,"https://www.hemnet.se/salda/lagenhet-3,5rum-frolunda-goteborgs-kommun-lilla-marconigatan-3,-van-5-2358372215287522055",94-95m²,bostadsratt,2026-09-13T13:02:55.528337
5662536157552276416,https://www.hemnet.se/salda/lagenhet-4rum-ostermalm-faltoversten-stockholms-kommun-valhallavagen-148b-5662536157552276416,94-95m²,bostadsratt,2026-09-13T13:02:55.528338
9015656149563860369,https://www.hemnet.se/salda/lagenhet-4rum-vasastan-orebro-kommun-hertig-karls-alle-7-9015656149563860369,94-95m²,bostadsratt,2026-09-13T13:02:55.528339
4095124657383818025,"https://www.hemnet.se/salda/lagenhet-3rum-vasastan-stockholms-kommun-varinggatan-27,-2tr-4095124657383818025",94-95m²,bostadsratt,2026-09-13T13:02:55.528340
6059573437612994490,https://www.hemnet.se/salda/lagenhet-4rum-lugnvik-ostersunds-kommun-pumpmakargrand-2-6059573437612994490,94-95m²,bostadsratt,2026-09-13T13:02:55.528342
7222281779123795715,https://www.hemnet.se/salda/lagenhet-4rum-centralt-falu-kommun-magasinsgatan-14-e-7222281779123795715,94-95m²,bostadsratt,2026-09-13T13:02:55.528345
3333596516302493789,https://www.hemnet.se/salda/lagenhet-4rum-vastertorp-stockholms-kommun-vastertorpsvagen-3-3333596516302493789,94-95m²,bostadsratt,2026-09-13T13:02:55.528347
7814350163600844702,https://www.hemnet.se/salda/lagenhet-4rum-trangsund-huddinge-kommun-tornslingan-51-7814350163600844702,94-95m²,bostadsratt,2026-09-13T13:02:55.528348
5081973695668394329,https://www.hemnet.se/salda/lagenhet-3rum-vasastan-stockholms-kommun-frejgatan-47-5081973695668394329,94-95m²,bostadsratt,2026-09-13T13:02:55.528349
2799253656356034040,https://www.hemnet.se/salda/lagenhet-4rum-jarlaberg-nacka-kommun-diligensvagen-35-2799253656356034040,94-95m²,bostadsratt,2026-09-13T13:02:55.528350
5845352471309000296,"https://www.hemnet.se/salda/lagenhet-4rum-tollare-nacka-kommun-tollareslingan-50,-3-4-tr-5845352471309000296",94-95m²,bostadsratt,2026-09-13T13:02:55.528351
7782011305149512718,"https://www.hemnet.se/salda/lagenhet-4rum-liljeholmskajen-stockholms-kommun-sturehillsvagen-17,-3tr-7782011305149512718",94-95m²,bostadsratt,2026-09-13T13:02:55.528353
4149010518752543783,https://www.hemnet.se/salda/lagenhet-5rum-are-sadeln-are-kommun-ovre-vikvagen-1a-4149010518752543783,94-95m²,bostadsratt,2026-09-13T13:02:55.528354
2333954319116902351,https://www.hemnet.se/salda/lagenhet-4rum-vasastan-stockholms-kommun-sigtunagatan-3-2333954319116902351,94-95m²,bostadsratt,2026-09-13T13:02:55.528355
970965904191944312,https://www.hemnet.se/salda/lagenhet-4rum-garnisonen-hassleholms-kommun-logementsvagen-15e-970965904191944312,94-95m²,bostadsratt,2026-09-13T13:02:55.528356
3062308845189965073,https://www.hemnet.se/salda/lagenhet-4rum-tullholmsviken-karlstads-kommun-packhusallen-4b-3062308845189965073,94-95m²,bostadsratt,2026-09-13T13:02:55.528357
8923437874375582618,https://www.hemnet.se/salda/lagenhet-4rum-trollbacken-tyreso-kommun-vendelsovagen-58a-8923437874375582618,94-95m²,bostadsratt,2026-09-13T13:02:55.528361
4915245197732081343,https://www.hemnet.se/salda/lagenhet-4rum-centrum-vaxjo-kommun-drottninggatan-1d-4915245197732081343,94-95m²,bostadsratt,2026-09-13T13:02:55.528362
4742366898154432262,https://www.hemnet.se/salda/lagenhet-4rum-odensala-ostersunds-kommun-odenskogsvagen-84-4742366898154432262,94-95m²,bostadsratt,2026-09-13T13:02:55.528363
3281663888404456012,https://www.hemnet.se/salda/lagenhet-3rum-vasastan-stockholms-kommun-hollandargatan-40-3281663888404456012,94-95m²,bostadsratt,2026-09-13T13:02:55.528364
5402056105319809043,https://www.hemnet.se/salda/lagenhet-4rum-ostra-kroppkarr-karlstads-kommun-glasbjorksvagen-43-5402056105319809043,94-95m²,bostadsratt,2026-09-13T13:02:55.528366
7045965700611450593,https://www.hemnet.se/salda/lagenhet-3rum-hammarby-sjostad-stockholms-kommun-lugnets-alle-55-7045965700611450593,94-95m²,bostadsratt,2026-09-13T13:02:55.528367
2147652481702557603,https://www.hemnet.se/salda/lagenhet-4rum-ekero-ekbacken-ekero-kommun-clas-horns-vag-3c-2147652481702557603,94-95m²,bostadsratt,2026-09-13T13:02:55.528368
8851196386931513891,https://www.hemnet.se/salda/lagenhet-4rum-majorna-kungsladugard-goteborgs-kommun-stubbeledsgatan-26-8851196386931513891,94-95m²,bostadsratt,2026-09-13T13:02:55.528369
5418482056581768692,https://www.hemnet.se/salda/lagenhet-4rum-lomma-strandstaden-lomma-kommun-esplanaden-16a-5418482056581768692,94-95m²,bostadsratt,2026-09-13T13:02:55.528371
6951524489340187905,https://www.hemnet.se/salda/lagenhet-4rum-tullinge-botkyrka-kommun-solskensvagen-15-6951524489340187905,94-95m²,bostadsratt,2026-09-13T13:02:55.528372
205283985084125629,https://www.hemnet.se/salda/lagenhet-3rum-avesta-avesta-kommun-telegatan-18-205283985084125629,94-95m²,bostadsratt,2026-09-13T13:02:55.528373
3417160533810728773,https://www.hemnet.se/salda/lagenhet-3rum-lund-centrum-lunds-kommun-agardhsgatan-4-3417160533810728773,94-95m²,bostadsratt,2026-09-13T13:02:55.528374
2334053124611049011,https://www.hemnet.se/salda/lagenhet-4rum-jarlaberg-nacka-kommun-fyrspannsvagen-39-2334053124611049011,94-95m²,bostadsratt,2026-09-13T13:02:55.528376
927020809101338977,"https://www.hemnet.se/salda/lagenhet-4rum-vastra-skogen-solna-kommun-wiboms-vag-8,-van-6-927020809101338977",94-95m²,bostadsratt,2026-09-13T13:02:55.528379
763042620538453856,https://www.hemnet.se/salda/lagenhet-3rum-dockan-malmo-kommun-lagatan-11a-763042620538453856,94-95m²,bostadsratt,2026-09-13T13:02:55.528382
7000937846203228969,https://www.hemnet.se/salda/lagenhet-3rum-norra-faladen-lunds-kommun-jordabalksvagen-21-7000937846203228969,94-95m²,bostadsratt,2026-09-13T13:02:55.528384
4977583509122241727,https://www.hemnet.se/salda/lagenhet-4rum-hoganas-uppsala-kommun-salagatan-22a-4977583509122241727,94-95m²,bostadsratt,2026-09-13T13:02:55.528385
5533589922201239687,https://www.hemnet.se/salda/lagenhet-4rum-krokslatt-molndals-kommun-landshovdingegatan-40-5533589922201239687,94-95m²,bostadsratt,2026-09-13T13:02:55.528386
1082504080838868673,https://www.hemnet.se/salda/lagenhet-3rum-vaster-park-orebro-kommun-karlsgatan-32-f-1082504080838868673,94-95m²,bostadsratt,2026-09-13T13:02:55.528387
6449552722161084761,https://www.hemnet.se/salda/lagenhet-5rum-ostberga-stockholms-kommun-stamgatan-13-6449552722161084761,94-95m²,bostadsratt,2026-09-13T13:02:55.528389
7932350496540007004,https://www.hemnet.se/salda/lagenhet-3rum-tillberga-vasteras-kommun-egnahemsvagen-4a-7932350496540007004,94-95m²,bostadsratt,2026-09-13T13:02:55.528390
9098271028604777530,https://www.hemnet.se/salda/lagenhet-4rum-taby-centrum-marknadsvagen-taby-kommun-marknadsvagen-191-9098271028604777530,94-95m²,bostadsratt,2026-09-13T13:02:55.528391
7476718921955221741,"https://www.hemnet.se/salda/lagenhet-4rum-sodermalm-mariaberget-stockholms-kommun-bastugatan-27,-4-tr-7476718921955221741",94-95m²,bostadsratt,2026-09-13T13:02:55.528392
3431823064910880796,"https://www.hemnet.se/salda/lagenhet-4rum-spanga-tensta-stockholms-kommun-mellingebacken-10,-6-tr-3431823064910880796",94-95m²,bostadsratt,2026-09-13T13:02:55.528393
1819101469977437520,https://www.hemnet.se/salda/lagenhet-4rum-fruangen-stockholms-kommun-anna-sandstroms-gata-12-1819101469977437520,94-95m²,bostadsratt,2026-09-13T13:02:55.528395
4077863076601047405,"https://www.hemnet.se/salda/lagenhet-3rum-norra-faladen,-lund-lunds-kommun-skarpskyttevagen-22c-4077863076601047405",94-95m²,bostadsratt,2026-09-13T13:02:55.528396
1823187765964998740,https://www.hemnet.se/salda/lagenhet-4rum-va-kristianstads-kommun-espekullsvagen-45-1823187765964998740,94-95m²,bostadsratt,2026-09-13T13:02:55.528397
6152027195643548650,https://www.hemnet.se/salda/lagenhet-3rum-centrum-slottshojden-helsingborgs-kommun-nedre-langvinkelsgatan-72-6152027195643548650,94-95m²,bostadsratt,2026-09-13T13:02:55.528398
3190342743354772768,https://www.hemnet.se/salda/lagenhet-4rum-sondrum-albinsro-halmstads-kommun-betesstigen-9-3190342743354772768,94-95m²,bostadsratt,2026-09-13T13:02:55.528400
7511347748000320195,https://www.hemnet.se/salda/lagenhet-3rum-odakra-helsingborgs-kommun-merkuriusgatan-187-7511347748000320195,94-95m²,bostadsratt,2026-09-13T13:02:55.528401
2122378973789992149,https://www.hemnet.se/salda/lagenhet-4rum-nedre-gardet-stockholms-kommun-strindbergsgatan-50-2122378973789992149,94-95m²,bostadsratt,2026-09-13T13:02:55.528402
9176701806608702725,https://www.hemnet.se/salda/lagenhet-5rum-farosund-gotlands-kommun-radarvagen-14a-9176701806608702725,94-95m²,bostadsratt,2026-09-13T13:02:55.528403
8325536321646204749,https://www.hemnet.se/salda/lagenhet-3rum-sannegarden-goteborgs-kommun-angaren-indias-gata-4-8325536321646204749,94-95m²,bostadsratt,2026-09-13T13:02:55.528407
6907985038624400549,https://www.hemnet.se/salda/lagenhet-4rum-sundsvall-haga-sundsvalls-kommun-institutsvagen-3-6907985038624400549,94-95m²,bostadsratt,2026-09-13T13:02:55.528408
8717767200002288226,https://www.hemnet.se/salda/lagenhet-4rum-luthagen-uppsala-kommun-gimogatan-11c-8717767200002288226,94-95m²,bostadsratt,2026-09-13T13:02:55.528409
2750619133770942744,https://www.hemnet.se/salda/lagenhet-4rum-lansmansgarden-goteborgs-kommun-norra-fjadermolnsgatan-40-2750619133770942744,94-95m²,bostadsratt,2026-09-13T13:02:55.528411
5558085475226056997,https://www.hemnet.se/salda/lagenhet-4rum-bromma-blackeberg-stockholms-kommun-blackebergsbacken-5-5558085475226056997,94-95m²,bostadsratt,2026-09-13T13:02:55.528412
7974903403350632045,https://www.hemnet.se/salda/lagenhet-4rum-ostbergahojden-stockholms-kommun-harplingegrand-110-van-3-3-7974903403350632045,94-95m²,bostadsratt,2026-09-13T13:02:55.528413
8215684860215456245,https://www.hemnet.se/salda/lagenhet-4rum-taby-centrum-taby-kommun-marknadsvagen-227-8215684860215456245,94-95m²,bostadsratt,2026-09-13T13:02:55.528414
4299912721745091647,https://www.hemnet.se/salda/lagenhet-4rum-ulleraker-uppsala-kommun-gustaf-kjellbergs-vag-4-4299912721745091647,94-95m²,bostadsratt,2026-09-13T13:02:55.528416
578133243869235140,https://www.hemnet.se/salda/lagenhet-4rum-hyllie-malmo-kommun-hyllie-vattenparksgata-35-578133243869235140,94-95m²,bostadsratt,2026-09-13T13:02:55.528419
8616664132643641749,"https://www.hemnet.se/salda/lagenhet-3,5rum-johanneberg-almedal-goteborgs-kommun-molndalsvagen-57a-8616664132643641749",94-95m²,bostadsratt,2026-09-13T13:02:55.528421
6239625015793386440,"https://www.hemnet.se/salda/lagenhet-5rum-ramsbyns-turistgard,-ludvika-kommun-turistgardsvagen-63-67-6239625015793386440",94-95m²,bostadsratt,2026-09-13T13:02:55.528422
6807592937170579154,https://www.hemnet.se/salda/lagenhet-4rum-rotebro-sollentuna-kommun-celsings-vag-9-6807592937170579154,94-95m²,bostadsratt,2026-09-13T13:02:55.528423
5543224978261093795,https://www.hemnet.se/salda/lagenhet-4rum-alvsjo-stockholms-kommun-kabelverksgatan-32-5543224978261093795,94-95m²,bostadsratt,2026-09-13T13:02:55.528424
7114707425505814075,https://www.hemnet.se/salda/lagenhet-4rum-hagaberg-linkopings-kommun-kompanigatan-38-7114707425505814075,94-95m²,bostadsratt,2026-09-13T13:02:55.528426
1874646063962406140,https://www.hemnet.se/salda/lagenhet-4rum-kvisthamra-gransater-norrtalje-kommun-bangardsgatan-2e-1874646063962406140,94-95m²,bostadsratt,2026-09-13T13:02:55.528427
6888542474486642148,"https://www.hemnet.se/salda/lagenhet-4rum-farsta-strand-stockholms-kommun-agesta-brovag-34,-5-tr-6888542474486642148",94-95m²,bostadsratt,2026-09-13T13:02:55.528428
546881456493776983,https://www.hemnet.se/salda/lagenhet-4rum-kallhall-jarfalla-kommun-kallhallsleden-14-546881456493776983,94-95m²,bostadsratt,2026-09-13T13:02:55.528429
3926377567337382143,https://www.hemnet.se/salda/lagenhet-4rum-sidsjo-sundsvalls-kommun-hakon-ahlbergs-vag-75-3926377567337382143,94-95m²,bostadsratt,2026-09-13T13:02:55.528431
5351576094860607508,https://www.hemnet.se/salda/lagenhet-4rum-hogsbo-goteborgs-kommun-hogsbogatan-31-5351576094860607508,94-95m²,bostadsratt,2026-09-13T13:02:55.528432
8972708381007028902,https://www.hemnet.se/salda/lagenhet-2rum-inom-vallgraven-goteborgs-kommun-postgatan-1-8972708381007028902,94-95m²,bostadsratt,2026-09-13T13:02:55.528433
998108158268993779,https://www.hemnet.se/salda/lagenhet-4rum-nacka-nacka-kommun-augustendalsvagen-33-998108158268993779,94-95m²,bostadsratt,2026-09-13T13:02:55.528434
394884560746447576,"https://www.hemnet.se/salda/lagenhet-4rum-bromma-annedal-stockholms-kommun-tummelisas-gata-4,-van-3-394884560746447576",94-95m²,bostadsratt,2026-09-13T13:02:55.528436
3090241942957784624,https://www.hemnet.se/salda/lagenhet-4rum-vendelsomalm-haninge-kommun-vendelsomalmsvagen-217-1-2-tr-3090241942957784624,94-95m²,bostadsratt,2026-09-13T13:02:55.528437
373812458773750162,https://www.hemnet.se/salda/lagenhet-3rum-centralt-kalmar-kommun-sodra-langgatan-65-373812458773750162,94-95m²,bostadsratt,2026-09-13T13:02:55.528438
5338882848845972972,https://www.hemnet.se/salda/lagenhet-4rum-ostermalm-vasteras-kommun-kakelgatan-6-5338882848845972972,94-95m²,bostadsratt,2026-09-13T13:02:55.528440
4871068562018510055,https://www.hemnet.se/salda/lagenhet-4rum-varnhem-skara-kommun-odegardsvagen-15-a-4871068562018510055,94-95m²,bostadsratt,2026-09-13T13:02:55.528441
6129672474986255357,https://www.hemnet.se/salda/lagenhet-4rum-bergshamra-solna-kommun-illerstigen-16-6129672474986255357,94-95m²,bostadsratt,2026-09-13T13:02:55.528442
6513449671198152,https://www.hemnet.se/salda/lagenhet-3rum-kneippen-ektorp-norrkopings-kommun-ektorpsgatan-162-6513449671198152,94-95m²,bostadsratt,2026-09-13T13:02:55.528444
1937707456267567035,https://www.hemnet.se/salda/lagenhet-3rum-johanneberg-goteborgs-kommun-utlandagatan-12-1937707456267567035,94-95m²,bostadsratt,2026-09-13T13:02:55.528445
2355606724331063202,https://www.hemnet.se/salda/lagenhet-3rum-linne-goteborgs-kommun-linnegatan-58-2355606724331063202,94-95m²,bostadsratt,2026-09-13T13:02:55.528446
5821121984302099118,https://www.hemnet.se/salda/lagenhet-3rum-lillhagen-gavle-kommun-vretvagen-10g-5821121984302099118,94-95m²,bostadsratt,2026-09-13T13:02:55.528447
1415757636219157148,https://www.hemnet.se/salda/lagenhet-5rum-huvudsta-solna-kommun-storgatan-72a-1415757636219157148,94-95m²,bostadsratt,2026-09-13T13:02:55.528451
4341694595574857457,https://www.hemnet.se/salda/lagenhet-4rum-kungsholmen-stockholms-kommun-ivan-oljelunds-grand-2-4341694595574857457,94-95m²,bostadsratt,2026-09-13T13:02:55.528452
486429063069438109,https://www.hemnet.se/salda/lagenhet-3rum-savedalen-partille-kommun-sotenasvagen-19-486429063069438109,94-95m²,bostadsratt,2026-09-13T13:02:55.528455
1878198730948329574,https://www.hemnet.se/salda/lagenhet-4rum-ekero-ekero-kommun-utkiksgrand-3-1878198730948329574,94-95m²,bostadsratt,2026-09-13T13:02:55.528457
8645668895365122551,https://www.hemnet.se/salda/lagenhet-4rum-sodra-savedalen-partille-kommun-langakern-23-8645668895365122551,94-95m²,bostadsratt,2026-09-13T13:02:55.528458
2513237481926366808,https://www.hemnet.se/salda/lagenhet-3rum-heden-goteborgs-kommun-tegnersgatan-9b-2513237481926366808,94-95m²,bostadsratt,2026-09-13T13:02:55.528459
4181368747850872722,https://www.hemnet.se/salda/lagenhet-3rum-rydeback-helsingborgs-kommun-rydebacks-stationsgata-32-4181368747850872722,94-95m²,bostadsratt,2026-09-13T13:02:55.528460
407710468989399952,https://www.hemnet.se/salda/lagenhet-4rum-smedby-upplands-vasby-kommun-ryttargatan-286-407710468989399952,94-95m²,bostadsratt,2026-09-13T13:02:55.528462
8564631090899192435,https://www.hemnet.se/salda/lagenhet-4rum-tullinge-botkyrka-kommun-norrskensbacken-7-8564631090899192435,94-95m²,bostadsratt,2026-09-13T13:02:55.528463
14329323502105307,"https://www.hemnet.se/salda/lagenhet-4rum-taby-centrum-taby-kommun-marknadsvagen-293,-2tr-14329323502105307",94-95m²,bostadsratt,2026-09-13T13:02:55.528464
7247339959187442005,https://www.hemnet.se/salda/lagenhet-4rum-gavle-gavle-kommun-norra-skeppargatan-3-b-7247339959187442005,94-95m²,bostadsratt,2026-09-13T13:02:55.528465
206579096081645407,https://www.hemnet.se/salda/lagenhet-4rum-dockan-malmo-kommun-hallenborgs-gata-18-a-206579096081645407,94-95m²,bostadsratt,2026-09-13T13:02:55.528466
233048024436833602,https://www.hemnet.se/salda/lagenhet-2rum-limhamn-elinegard-kalkstensparken-malmo-kommun-blasebergavagen-29-233048024436833602,94-95m²,bostadsratt,2026-09-13T13:02:55.528468
1085686012693587613,https://www.hemnet.se/salda/lagenhet-4rum-irsta-vasteras-kommun-irsta-angsvag-7d-1085686012693587613,94-95m²,bostadsratt,2026-09-13T13:02:55.528469
4328080599250419706,https://www.hemnet.se/salda/lagenhet-4rum-jakobsberg-jarfalla-kommun-engelbrektsvagen-26b-4328080599250419706,94-95m²,bostadsratt,2026-09-13T13:02:55.528470
6979241978532051801,https://www.hemnet.se/salda/lagenhet-4rum-hallerna-stenungsunds-kommun-modistvagen-40b-6979241978532051801,94-95m²,bostadsratt,2026-09-13T13:02:55.528474
8475522046584221679,https://www.hemnet.se/salda/lagenhet-4rum-centrala-vargarda-vargarda-kommun-allegatan-31c-8475522046584221679,94-95m²,bostadsratt,2026-09-13T13:02:55.528475
138784167228967267,https://www.hemnet.se/salda/lagenhet-4rum-grindtorp-taby-kommun-grindtorpsvagen-43-138784167228967267,94-95m²,bostadsratt,2026-09-13T13:02:55.528476
7473816158268630440,https://www.hemnet.se/salda/lagenhet-4rum-ostra-kanalstaden-osterakers-kommun-osterskarsvagen-16b-7473816158268630440,94-95m²,bostadsratt,2026-09-13T13:02:55.528477
5892759542682002820,https://www.hemnet.se/salda/lagenhet-4rum-jakobsberg-jarfalla-kommun-kvarnvagen-50-5892759542682002820,94-95m²,bostadsratt,2026-09-13T13:02:55.528478
2424568248748033480,https://www.hemnet.se/salda/lagenhet-3rum-sodermalm-katarina-stockholms-kommun-skanegatan-81-2424568248748033480,94-95m²,bostadsratt,2026-09-13T13:02:55.528480
8635877695364357438,https://www.hemnet.se/salda/lagenhet-4rum-eslov-sallerup-eslovs-kommun-greve-duckers-vag-7d-8635877695364357438,94-95m²,bostadsratt,2026-09-13T13:02:55.528481
7045164581102291663,https://www.hemnet.se/salda/lagenhet-4rum-froson-ostersunds-kommun-bergsgatan-19a-7045164581102291663,94-95m²,bostadsratt,2026-09-13T13:02:55.528482
5076564300049630926,https://www.hemnet.se/salda/lagenhet-4rum-centrum-vaxjo-kommun-norrtullsgatan-6-5076564300049630926,94-95m²,bostadsratt,2026-09-13T13:02:55.528483
7396556154579993242,https://www.hemnet.se/salda/lagenhet-4rum-skytteholm-solna-kommun-ankdammsgatan-40-7396556154579993242,94-95m²,bostadsratt,2026-09-13T13:02:55.528485
201557441565393343,https://www.hemnet.se/salda/lagenhet-4rum-bolinder-strand-jarfalla-kommun-maskinistvagen-7-201557441565393343,94-95m²,bostadsratt,2026-09-13T13:02:55.528486
2895442808270803464,https://www.hemnet.se/salda/lagenhet-4rum-falhagen-uppsala-kommun-eskilsgatan-5b-2895442808270803464,94-95m²,bostadsratt,2026-09-13T13:02:55.528487
444495787820398900,https://www.hemnet.se/salda/lagenhet-4rum-granby-sala-backe-uppsala-kommun-solskensgatan-21-444495787820398900,94-95m²,bostadsratt,2026-09-13T13:02:55.528488
3510163821174857097,"https://www.hemnet.se/salda/lagenhet-3rum-kungsholmen-stockholms-kommun-pipersgatan-32,-4-tr-3510163821174857097",94-95m²,bostadsratt,2026-09-13T13:02:55.528492
4598752103764752295,https://www.hemnet.se/salda/lagenhet-3rum-city-linkopings-kommun-torggatan-3-4598752103764752295,94-95m²,bostadsratt,2026-09-13T13:02:55.528493
421372331755078431,https://www.hemnet.se/salda/lagenhet-4rum-tullinge-botkyrka-kommun-solskensvagen-13-421372331755078431,94-95m²,bostadsratt,2026-09-13T13:02:55.528494
8764094070487534383,https://www.hemnet.se/salda/lagenhet-4rum-naset-lidingo-kommun-hognasvagen-8-8764094070487534383,94-95m²,bostadsratt,2026-09-13T13:02:55.528496
2147160771302676677,https://www.hemnet.se/salda/lagenhet-4rum-sankt-ilian-enkopings-kommun-varfrugatan-16-a-2147160771302676677,94-95m²,bostadsratt,2026-09-13T13:02:55.528499
4157465542864760640,https://www.hemnet.se/salda/lagenhet-4rum-centrum-enkopings-kommun-kungsgatan-12-4157465542864760640,94-95m²,bostadsratt,2026-09-13T13:02:55.528500
7342139811830710489,"https://www.hemnet.se/salda/lagenhet-4rum-vastra-skogen-solna-kommun-armegatan-36d,-van-6-6-7342139811830710489",94-95m²,bostadsratt,2026-09-13T13:02:55.528502
6288931834607817824,https://www.hemnet.se/salda/lagenhet-4rum-vastra-lindome-molndals-kommun-kornvagen-2c-6288931834607817824,94-95m²,bostadsratt,2026-09-13T13:02:55.528503
8523844424857728669,https://www.hemnet.se/salda/lagenhet-4rum-sollentuna-centrum-sollentuna-kommun-sollentunavagen-150-8523844424857728669,94-95m²,bostadsratt,2026-09-13T13:02:55.528504
6219062487293596254,https://www.hemnet.se/salda/lagenhet-4rum-centrala-tyreso-tyreso-kommun-njupkarrsvagen-60-6219062487293596254,94-95m²,bostadsratt,2026-09-13T13:02:55.528505
1840003525858036501,https://www.hemnet.se/salda/lagenhet-4rum-kungalv-kungalvs-kommun-kastellegardsgatan-52b-1840003525858036501,94-95m²,bostadsratt,2026-09-13T13:02:55.528507
773644540761893003,https://www.hemnet.se/salda/lagenhet-4rum-hammarby-sjostad-stockholms-kommun-hammarbyterrassen-7-773644540761893003,94-95m²,bostadsratt,2026-09-13T13:02:55.528508
5323817640933789456,https://www.hemnet.se/salda/lagenhet-4rum-gamla-enskede-stockholms-kommun-skolvagen-3-5323817640933789456,94-95m²,bostadsratt,2026-09-13T13:02:55.528509
2403212536241269385,https://www.hemnet.se/salda/lagenhet-3rum-vasastan-stockholms-kommun-halsingegatan-18-2403212536241269385,94-95m²,bostadsratt,2026-09-13T13:02:55.528510
7139633652499282905,https://www.hemnet.se/salda/lagenhet-3rum-hestra-boras-kommun-hestra-ringvag-3-7139633652499282905,94-95m²,bostadsratt,2026-09-13T13:02:55.528511
877448215402126390,"https://www.hemnet.se/salda/lagenhet-4rum-ostberga-alvsjo-stockholms-kommun-eldsbergagrand-39,-van-2-877448215402126390",94-95m²,bostadsratt,2026-09-13T13:02:55.528513
8349790286048637906,https://www.hemnet.se/salda/lagenhet-4rum-fullersta-huddinge-kommun-claras-grand-11a-8349790286048637906,94-95m²,bostadsratt,2026-09-13T13:02:55.528514
301607600843613008,"https://www.hemnet.se/salda/lagenhet-4rum-hagernas-taby-kommun-radarvagen-8,-5tr-301607600843613008",94-95m²,bostadsratt,2026-09-13T13:02:55.528515
3700686763654942665,https://www.hemnet.se/salda/lagenhet-3rum-vasastaden-vasteras-kommun-floragatan-15b-3700686763654942665,94-95m²,bostadsratt,2026-09-13T13:02:55.528516
930413936869058497,https://www.hemnet.se/salda/lagenhet-4rum-svedala-svedala-kommun-ronnstigen-28-930413936869058497,94-95m²,bostadsratt,2026-09-13T13:02:55.528518
8096489876691144205,https://www.hemnet.se/salda/lagenhet-4rum-lyckhem-huvudnas-vanersborgs-kommun-sjobodsvagen-5c-8096489876691144205,94-95m²,bostadsratt,2026-09-13T13:02:55.528519
86977309522701584,https://www.hemnet.se/salda/lagenhet-4rum-ostermalm-stockholms-kommun-kommendorsgatan-20b-86977309522701584,94-95m²,bostadsratt,2026-09-13T13:02:55.528520
3424659560566465304,"https://www.hemnet.se/salda/lagenhet-4rum-hammarby-sjostad-stockholms-kommun-skeppsmaklargatan-49,-4tr-3424659560566465304",94-95m²,bostadsratt,2026-09-13T13:02:55.528521
3562814995113179174,https://www.hemnet.se/salda/lagenhet-4rum-sunne-sunne-kommun-furirvagen-13-3562814995113179174,94-95m²,bostadsratt,2026-09-13T13:02:55.528522
946000743853251129,https://www.hemnet.se/salda/lagenhet-4rum-jarvastaden-solna-kommun-fridensborgsvagen-153-946000743853251129,94-95m²,bostadsratt,2026-09-13T13:02:55.528524
4040051493252040095,https://www.hemnet.se/salda/lagenhet-3rum-soder-ulricehamns-kommun-malmgrensgatan-6-e-4040051493252040095,94-95m²,bostadsratt,2026-09-13T13:02:55.528527
1428373035727920018,"https://www.hemnet.se/salda/lagenhet-4rum-vasastan-hagastaden-stockholms-kommun-gavlegatan-26,-van-5-1428373035727920018",94-95m²,bostadsratt,2026-09-13T13:02:55.528529
3853454226739953973,"https://www.hemnet.se/salda/lagenhet-4rum-vasastan-hagastaden-stockholms-kommun-hagaesplanaden-63,-6tr-3853454226739953973",94-95m²,bostadsratt,2026-09-13T13:02:55.528530
7860948468546273995,https://www.hemnet.se/salda/lagenhet-4rum-granbystaden-uppsala-kommun-marknadsgatan-48-7860948468546273995,94-95m²,bostadsratt,2026-09-13T13:02:55.528531
4758316125661879816,https://www.hemnet.se/salda/lagenhet-4rum-rosendal-uppsala-kommun-torgny-segerstedts-alle-20-4758316125661879816,94-95m²,bostadsratt,2026-09-13T13:02:55.528533
7025279129195870545,"https://www.hemnet.se/salda/lagenhet-3rum-liljeholmskajen-stockholms-kommun-blekegatan-3,-4tr-7025279129195870545",94-95m²,bostadsratt,2026-09-13T13:02:55.528534
7647107521278073685,https://www.hemnet.se/salda/lagenhet-4rum-trelleborg-trelleborgs-kommun-valldammsgatan-8-7647107521278073685,94-95m²,bostadsratt,2026-09-13T13:02:55.528535
5803763979205590750,https://www.hemnet.se/salda/lagenhet-4rum-bolinder-strand-jarfalla-kommun-maskinistvagen-16-5803763979205590750,94-95m²,bostadsratt,2026-09-13T13:02:55.528536
110082281463094121,https://www.hemnet.se/salda/lagenhet-4rum-vallentuna-vallentuna-kommun-sorgarden-151-110082281463094121,94-95m²,bostadsratt,2026-09-13T13:02:55.528538
7964304759441959053,https://www.hemnet.se/salda/lagenhet-3rum-ostermalm-stockholms-kommun-nybrogatan-65-7964304759441959053,94-95m²,bostadsratt,2026-09-13T13:02:55.528539
4464337788043455597,https://www.hemnet.se/salda/lagenhet-4rum-fjalkinge-kristianstads-kommun-megalitvagen-68-4464337788043455597,94-95m²,bostadsratt,2026-09-13T13:02:55.528540
1438156,https://www.hemnet.se/salda/lagenhet-3rum-centrala-sunne-sunne-kommun-mejerigatan-1-1438156,94-95m²,bostadsratt,2026-09-13T13:02:55.528543
4359878150654481722,https://www.hemnet.se/salda/lagenhet-4rum-eriksberg-goteborgs-kommun-nimbusgatan-4-4359878150654481722,94-95m²,bostadsratt,2026-09-13T13:02:55.528545
2035307313464809766,"https://www.hemnet.se/salda/lagenhet-4rum-liljeholmen-stockholms-kommun-onologgatan-3,-1tr-2035307313464809766",94-95m²,bostadsratt,2026-09-13T13:02:55.528546
6124477995863875084,https://www.hemnet.se/salda/lagenhet-3rum-sodertalje-centrum-sodertalje-kommun-malaregatan-10b-6124477995863875084,94-95m²,bostadsratt,2026-09-13T13:02:55.528548
8931103770596572234,https://www.hemnet.se/salda/lagenhet-4rum-ulriksdal-solna-kommun-drottning-kristinas-esplanad-59-8931103770596572234,94-95m²,bostadsratt,2026-09-13T13:02:55.528549
3182014309146556373,"https://www.hemnet.se/salda/lagenhet-3,5rum-enskede-enskede-gard-stockholms-kommun-odelbergsvagen-21-3182014309146556373",94-95m²,bostadsratt,2026-09-13T13:02:55.528550
1542136399147773601,"https://www.hemnet.se/salda/lagenhet-3rum-sodermalm-mariatorget-stockholms-kommun-maria-prastgardsgata-14,-2-tr-1542136399147773601",94-95m²,bostadsratt,2026-09-13T13:02:55.528551
4451954534209536327,https://www.hemnet.se/salda/lagenhet-4rum-bara-svedala-kommun-torggatan-6-4451954534209536327,94-95m²,bostadsratt,2026-09-13T13:02:55.528553
6317984649098066582,https://www.hemnet.se/salda/lagenhet-4rum-djupviken-pitea-kommun-abborrgatan-9i-6317984649098066582,94-95m²,bostadsratt,2026-09-13T13:02:55.528554
4824287054552296325,https://www.hemnet.se/salda/lagenhet-4rum-odal-vilan-kristianstads-kommun-odalgatan-28-4824287054552296325,94-95m²,bostadsratt,2026-09-13T13:02:55.528555
1887603315627943186,https://www.hemnet.se/salda/lagenhet-4rum-skultorp-skovde-kommun-byvagen-13c-1887603315627943186,94-95m²,bostadsratt,2026-09-13T13:02:55.528556
2452607951177789246,"https://www.hemnet.se/salda/lagenhet-4rum-hargernas-taby-kommun-radarvagen-10,-van-5-2452607951177789246",94-95m²,bostadsratt,2026-09-13T13:02:55.528558
7941070033520456238,"https://www.hemnet.se/salda/lagenhet-4rum-alvsjo-ostbergahojden-stockholms-kommun-harplingegrand-16,-1-tr-7941070033520456238",94-95m²,bostadsratt,2026-09-13T13:02:55.528561
3617812221064309409,"https://www.hemnet.se/salda/lagenhet-4rum-bromma-annedal-stockholms-kommun-emils-gata-11,-van-2-3617812221064309409",94-95m²,bostadsratt,2026-09-13T13:02:55.528563
7597477829619792688,https://www.hemnet.se/salda/lagenhet-3rum-centrala-sodertalje-sodertalje-kommun-vastra-kanalgatan-5-7597477829619792688,94-95m²,bostadsratt,2026-09-13T13:02:55.528564
201848548489976298,https://www.hemnet.se/salda/lagenhet-4rum-norra-sorgenfri-malmo-kommun-linjeettgatan-5c-201848548489976298,94-95m²,bostadsratt,2026-09-13T13:02:55.528565
3331933278055080159,https://www.hemnet.se/salda/lagenhet-4rum-tullinge-botkyrka-kommun-norrskensbacken-21-3331933278055080159,94-95m²,bostadsratt,2026-09-13T13:02:55.528569
1392986743788692890,https://www.hemnet.se/salda/lagenhet-3rum-gashaga-pirar-lidingo-kommun-hamnvagen-7-1392986743788692890,94-95m²,bostadsratt,2026-09-13T13:02:55.528570
3206885051793510760,"https://www.hemnet.se/salda/lagenhet-4rum-hagernas-taby-kommun-radarvagen-6,-van-4-3206885051793510760",94-95m²,bostadsratt,2026-09-13T13:02:55.528572
6207368598132402314,https://www.hemnet.se/salda/lagenhet-4rum-ostra-tullingeberg-botkyrka-kommun-solskensvagen-13-6207368598132402314,94-95m²,bostadsratt,2026-09-13T13:02:55.528573
2587322586850264371,"https://www.hemnet.se/salda/lagenhet-4rum-hammarby-sjostad-stockholms-kommun-sjofartsgatan-6,-1tr-2587322586850264371",94-95m²,bostadsratt,2026-09-13T13:02:55.528574
1865559895600019861,https://www.hemnet.se/salda/lagenhet-4rum-centralt-falu-kommun-magasinsgatan-14e-1865559895600019861,94-95m²,bostadsratt,2026-09-13T13:02:55.528575
8301078794190617200,https://www.hemnet.se/salda/lagenhet-4rum-centrum-nedre-hoganas-kommun-vegagatan-2d-8301078794190617200,94-95m²,bostadsratt,2026-09-13T13:02:55.528576
790985277896764280,https://www.hemnet.se/salda/lagenhet-4rum-paradiset-borlange-kommun-skogsvagen-49b-790985277896764280,94-95m²,bostadsratt,2026-09-13T13:02:55.528578
2029181317932208832,https://www.hemnet.se/salda/lagenhet-4rum-centrala-akersberga-osterakers-kommun-bergavagen-12n-2029181317932208832,94-95m²,bostadsratt,2026-09-13T13:02:55.528579
8282876392440013053,https://www.hemnet.se/salda/lagenhet-4rum-centrum-bodens-kommun-kvarngatan-1a-8282876392440013053,94-95m²,bostadsratt,2026-09-13T13:02:55.528580
4630628259221771909,https://www.hemnet.se/salda/lagenhet-3rum-sodermalm-katarina-stockholms-kommun-tegelviksgatan-47-4630628259221771909,94-95m²,bostadsratt,2026-09-13T13:02:55.528581
5236431584908651141,https://www.hemnet.se/salda/lagenhet-4rum-kristinehamn-kristinehamns-kommun-storangsgatan-4a-5236431584908651141,94-95m²,bostadsratt,2026-09-13T13:02:55.528582
2830165638255076723,"https://www.hemnet.se/salda/lagenhet-4rum-bromma-annedal-stockholms-kommun-tummelisas-gata-4,-van-3-2830165638255076723",94-95m²,bostadsratt,2026-09-13T13:02:55.528584
5827611232626318913,https://www.hemnet.se/salda/lagenhet-4rum-vastra-frolunda-goteborgs-kommun-tralasvagen-14c-5827611232626318913,94-95m²,bostadsratt,2026-09-13T13:02:55.528585
5499601236328746777,https://www.hemnet.se/salda/lagenhet-4rum-adolfsberg-orebro-kommun-brunnslyckevagen-4-5499601236328746777,94-95m²,bostadsratt,2026-09-13T13:02:55.528586
6108986043678326018,https://www.hemnet.se/salda/lagenhet-3rum-radmansvangen-mollevangen-malmo-kommun-sodra-forstadsgatan-91b-6108986043678326018,94-95m²,bostadsratt,2026-09-13T13:02:55.528587
7362710762752980341,https://www.hemnet.se/salda/lagenhet-4rum-lindeborg-malmo-kommun-statistgatan-14-7362710762752980341,94-95m²,bostadsratt,2026-09-13T13:02:55.528591
2971404822989028083,https://www.hemnet.se/salda/lagenhet-4rum-viksang-vasteras-kommun-regementsgatan-28-2971404822989028083,94-95m²,bostadsratt,2026-09-13T13:02:55.528592
8109463976303501153,https://www.hemnet.se/salda/lagenhet-4rum-vasterslatt-umea-kommun-vallmovagen-36-8109463976303501153,94-95m²,bostadsratt,2026-09-13T13:02:55.528594
5723433567239091611,https://www.hemnet.se/salda/lagenhet-4rum-gylle-borlange-kommun-vastanvagen-24-5723433567239091611,94-95m²,bostadsratt,2026-09-13T13:02:55.528595
7064103579129586716,https://www.hemnet.se/salda/lagenhet-4rum-noret-mora-kommun-norebergsvagen-12a-7064103579129586716,94-95m²,bostadsratt,2026-09-13T13:02:55.528596
8585279704299180546,https://www.hemnet.se/salda/lagenhet-3rum-svarta-hejan-solvesborgs-kommun-lovsalsvagen-26-8585279704299180546,94-95m²,bostadsratt,2026-09-13T13:02:55.528597
2752911195788924218,https://www.hemnet.se/salda/lagenhet-3rum-taljo-osterakers-kommun-taljovikstorget-2-2752911195788924218,94-95m²,bostadsratt,2026-09-13T13:02:55.528598
6420008954120150371,https://www.hemnet.se/salda/lagenhet-4rum-centrala-sundbyberg-sundbybergs-kommun-vintergatan-2a-6420008954120150371,94-95m²,bostadsratt,2026-09-13T13:02:55.528600
8574175157923116557,"https://www.hemnet.se/salda/lagenhet-3rum-kungsholmen-fridhemsplan-stockholms-kommun-sankt-eriksgatan-18,-3-tr-8574175157923116557",94-95m²,bostadsratt,2026-09-13T13:02:55.528601
2524930155261460103,"https://www.hemnet.se/salda/lagenhet-4rum-botkyrka-alby-botkyrka-kommun-lagmansbacken-9,-8-tr-2524930155261460103",94-95m²,bostadsratt,2026-09-13T13:02:55.528605
4713291322757425697,https://www.hemnet.se/salda/lagenhet-4rum-trosso-karlskrona-kommun-skepparegatan-9-4713291322757425697,94-95m²,bostadsratt,2026-09-13T13:02:55.528606
4369900342349202674,"https://www.hemnet.se/salda/lagenhet-2,5rum-norrmalm-city-stockholms-kommun-klara-ostra-kyrkogata-2d-4369900342349202674",94-95m²,bostadsratt,2026-09-13T13:02:55.528607
3889360448019870032,https://www.hemnet.se/salda/lagenhet-3rum-alvsjostaden-stockholms-kommun-kabelverksgatan-32-3889360448019870032,94-95m²,bostadsratt,2026-09-13T13:02:55.528608
7960151809421289213,https://www.hemnet.se/salda/lagenhet-3rum-ostermalm-kristianstads-kommun-sjocronas-gata-2b-7960151809421289213,94-95m²,bostadsratt,2026-09-13T13:02:55.528610
973082038498678201,https://www.hemnet.se/salda/lagenhet-4rum-duvkullen-linkopings-kommun-ekollongatan-16-973082038498678201,94-95m²,bostadsratt,2026-09-13T13:02:55.528611
2747194808929924173,https://www.hemnet.se/salda/lagenhet-4rum-norr-eskilstuna-kommun-kyrkogardsgatan-4a-2747194808929924173,94-95m²,bostadsratt,2026-09-13T13:02:55.528612
576405747738902078,https://www.hemnet.se/salda/lagenhet-4rum-skarholmen-stockholms-kommun-ekholmsvagen-208-576405747738902078,94-95m²,bostadsratt,2026-09-13T13:02:55.528613
3548983031162143406,https://www.hemnet.se/salda/lagenhet-4rum-skytteholm-solna-kommun-ankdammsgatan-33-3548983031162143406,94-95m²,bostadsratt,2026-09-13T13:02:55.528615
6611837415906045796,https://www.hemnet.se/salda/lagenhet-4rum-silverdal-sollentuna-kommun-silverdalsstraket-11-6611837415906045796,94-95m²,bostadsratt,2026-09-13T13:02:55.528616
4167032606078530294,https://www.hemnet.se/salda/lagenhet-4rum-oster-malarstrand-vasteras-kommun-ankargatan-5-4167032606078530294,94-95m²,bostadsratt,2026-09-13T13:02:55.528617
3446007834527203250,https://www.hemnet.se/salda/lagenhet-4rum-tyreso-centrum-tyreso-kommun-myggdalsvagen-52-3446007834527203250,94-95m²,bostadsratt,2026-09-13T13:02:55.528618
9215128744402052730,https://www.hemnet.se/salda/lagenhet-4rum-kulladal-malmo-kommun-kulladalsgatan-12c-9215128744402052730,94-95m²,bostadsratt,2026-09-13T13:02:55.528619
1335242032072072491,https://www.hemnet.se/salda/lagenhet-3rum-centrum-helsingborgs-kommun-nedre-langvinkelsgatan-72-1335242032072072491,94-95m²,bostadsratt,2026-09-13T13:02:55.528621
718950037097189561,https://www.hemnet.se/salda/lagenhet-3rum-norra-faladen-lunds-kommun-skarpskyttevagen-22e-718950037097189561,94-95m²,bostadsratt,2026-09-13T13:02:55.528622
3281267424395600493,https://www.hemnet.se/salda/lagenhet-4rum-svarte-ystads-kommun-sanggatan-1c-3281267424395600493,94-95m²,bostadsratt,2026-09-13T13:02:55.528623
2422358291665146594,https://www.hemnet.se/salda/lagenhet-5rum-tanndalen-funasdalen-harjedalens-kommun-hamrafjallsstigen-33a-2422358291665146594,94-95m²,bostadsratt,2026-09-13T13:02:55.528624
6806495248708651122,"https://www.hemnet.se/salda/lagenhet-3,5rum-katarina,-stockholm,-sodermalm-stockholms-kommun-assessorsgatan-6-6806495248708651122",94-95m²,bostadsratt,2026-09-13T13:02:55.528626
7721971930079287557,https://www.hemnet.se/salda/lagenhet-3rum-torpa-soder-jonkopings-kommun-klostergatan-42a-7721971930079287557,94-95m²,bostadsratt,2026-09-13T13:02:55.528627
8854347413680856468,"https://www.hemnet.se/salda/lagenhet-3rum-vasastan-ostermalm-stockholms-kommun-surbrunnsgatan-10,-4-tr-8854347413680856468",94-95m²,bostadsratt,2026-09-13T13:02:55.528628
5819416994586972584,https://www.hemnet.se/salda/lagenhet-4rum-odsmal-stenungsunds-kommun-askekarret-5b-5819416994586972584,94-95m²,bostadsratt,2026-09-13T13:02:55.528629
8874195334369559072,"https://www.hemnet.se/salda/lagenhet-4rum-kungsholmen-stockholms-kommun-mariebergsgatan-30,-7-tr-8874195334369559072",94-95m²,bostadsratt,2026-09-13T13:02:55.528631
4271079602123724703,https://www.hemnet.se/salda/lagenhet-4rum-hasselby-sodra-villastad-stockholms-kommun-mabarsstigen-29k-4271079602123724703,94-95m²,bostadsratt,2026-09-13T13:02:55.528634
5924412796589450470,https://www.hemnet.se/salda/lagenhet-4rum-ekero-ekero-kommun-bradgardsvagen-2-5924412796589450470,94-95m²,bostadsratt,2026-09-13T13:02:55.528635
7641241806059752192,https://www.hemnet.se/salda/lagenhet-4rum-oringe-tyreso-kommun-diamantgangen-19-7641241806059752192,94-95m²,bostadsratt,2026-09-13T13:02:55.528637
7553304805185837425,https://www.hemnet.se/salda/lagenhet-4rum-are-by-are-kommun-arevagen-110-7553304805185837425,94-95m²,bostadsratt,2026-09-13T13:02:55.528640
3611356198869798411,https://www.hemnet.se/salda/lagenhet-4rum-slottstaden-malmo-kommun-tarningholmsgatan-5a-3611356198869798411,94-95m²,bostadsratt,2026-09-13T13:02:55.528641
3732642828228156085,https://www.hemnet.se/salda/lagenhet-3rum-malmo-opera-malmo-kommun-helmfeltsgatan-12-3732642828228156085,94-95m²,bostadsratt,2026-09-13T13:02:55.528642
9190761554455972348,https://www.hemnet.se/salda/lagenhet-4rum-centralt-upplands-vasby-kommun-stallgatan-5b-9190761554455972348,94-95m²,bostadsratt,2026-09-13T13:02:55.528644
187082614372180355,https://www.hemnet.se/salda/lagenhet-5rum-gamla-ostberga-alvsjo-stockholms-kommun-stamgatan-49-1tr-187082614372180355,94-95m²,bostadsratt,2026-09-13T13:02:55.528645
5674241429217459381,https://www.hemnet.se/salda/lagenhet-4rum-heden-goteborgs-kommun-bohusgatan-24-5674241429217459381,94-95m²,bostadsratt,2026-09-13T13:02:55.528646
8333774349707513264,"https://www.hemnet.se/salda/lagenhet-4rum-spanga-tensta-stockholms-kommun-elinsborgsbacken-23,-2-tr-8333774349707513264",94-95m²,bostadsratt,2026-09-13T13:02:55.528647
99976107466189632,https://www.hemnet.se/salda/lagenhet-4rum-vellinge-vellinge-kommun-assarsgatan-2a-99976107466189632,94-95m²,bostadsratt,2026-09-13T13:02:55.528649
635953943330983390,"https://www.hemnet.se/salda/lagenhet-4rum-vendelsomalm-haninge-kommun-vendelsomalmsvagen-191,-3-tr-635953943330983390",94-95m²,bostadsratt,2026-09-13T13:02:55.528650
5154486210424448740,https://www.hemnet.se/salda/lagenhet-4rum-rasunda-solna-kommun-tvarvagen-1-5154486210424448740,94-95m²,bostadsratt,2026-09-13T13:02:55.528651
8160343342014716981,https://www.hemnet.se/salda/lagenhet-4rum-ekero-ekbacken-ekero-kommun-clas-horns-vag-3c-8160343342014716981,94-95m²,bostadsratt,2026-09-13T13:02:55.528655
3972718368437863746,https://www.hemnet.se/salda/lagenhet-3rum-nacka-nacka-kommun-alphyddevagen-55-3972718368437863746,94-95m²,bostadsratt,2026-09-13T13:02:55.528657
176257155408235249,https://www.hemnet.se/salda/lagenhet-4rum-baromradet-ystads-kommun-krusbarsstigen-4c-176257155408235249,94-95m²,bostadsratt,2026-09-13T13:02:55.528658
3395079108388772533,https://www.hemnet.se/salda/lagenhet-3rum-jarla-sjo-nacka-kommun-jarla-gardsvag-24-3395079108388772533,94-95m²,bostadsratt,2026-09-13T13:02:55.528659
4404481965956411388,"https://www.hemnet.se/salda/lagenhet-3rum-sickla-alle-nacka-kommun-sickla-alle-43,-4-tr-4404481965956411388",94-95m²,bostadsratt,2026-09-13T13:02:55.528661
4608472350110741785,https://www.hemnet.se/salda/lagenhet-4rum-kungsholmen-stora-essingen-stockholms-kommun-essingeringen-9-4608472350110741785,94-95m²,bostadsratt,2026-09-13T13:02:55.528662
4231949612422053135,https://www.hemnet.se/salda/lagenhet-5rum-ostberga-stockholms-kommun-stamgatan-15-4231949612422053135,94-95m²,bostadsratt,2026-09-13T13:02:55.528663
8778341392545128460,https://www.hemnet.se/salda/lagenhet-3rum-on-malmo-kommun-sundholmsgatan-13-8778341392545128460,94-95m²,bostadsratt,2026-09-13T13:02:55.528665
6234860042274447241,"https://www.hemnet.se/salda/lagenhet-4rum-bromma-annedal-stockholms-kommun-krakel-spektakels-gata-3,-van-5-av-5-6234860042274447241",94-95m²,bostadsratt,2026-09-13T13:02:55.528666
8112620305627156449,https://www.hemnet.se/salda/lagenhet-4rum-molndal-jungfruplatsen-molndals-kommun-bagskyttegatan-1-d-8112620305627156449,94-95m²,bostadsratt,2026-09-13T13:02:55.528668
1175130461269227290,https://www.hemnet.se/salda/lagenhet-5rum-ulriksdal-solna-kommun-cronhielms-alle-33-1175130461269227290,94-95m²,bostadsratt,2026-09-13T13:02:55.528669
4763044531498527348,https://www.hemnet.se/salda/lagenhet-3rum-vastra-hamnen-malmo-kommun-krankajen-18-4763044531498527348,94-95m²,bostadsratt,2026-09-13T13:02:55.528670
6314505676641767817,https://www.hemnet.se/salda/lagenhet-3rum-vasastaden-stockholms-kommun-karlbergsvagen-29b-6314505676641767817,94-95m²,bostadsratt,2026-09-13T13:02:55.528671
2708176010256021328,https://www.hemnet.se/salda/lagenhet-4rum-granby-sala-backe-uppsala-kommun-marknadsgatan-48-2708176010256021328,94-95m²,bostadsratt,2026-09-13T13:02:55.528673
400842453660350472,https://www.hemnet.se/salda/lagenhet-4rum-kungsangen-uppsala-kommun-kungsangsgatan-59e-400842453660350472,94-95m²,bostadsratt,2026-09-13T13:02:55.528674
7597466975521205286,https://www.hemnet.se/salda/lagenhet-4rum-jakobsberg-jarfalla-kommun-jarfallavagen-94a-7597466975521205286,94-95m²,bostadsratt,2026-09-13T13:02:55.528675
6639169961889452169,https://www.hemnet.se/salda/lagenhet-3rum-vasastan-stockholms-kommun-upplandsgatan-24b-6639169961889452169,94-95m²,bostadsratt,2026-09-13T13:02:55.528678
948695093830645260,https://www.hemnet.se/salda/lagenhet-4rum-lidaker-lidkopings-kommun-majorsallen-70a-948695093830645260,94-95m²,bostadsratt,2026-09-13T13:02:55.528680
4120404909173579568,https://www.hemnet.se/salda/lagenhet-3rum-smalandsstenar-gislaveds-kommun-vastra-jarnvagsgatan-59-4120404909173579568,94-95m²,bostadsratt,2026-09-13T13:02:55.528681
7746945790070862795,https://www.hemnet.se/salda/lagenhet-3rum-centrum-helsingborgs-kommun-bruksgatan-7c-7746945790070862795,94-95m²,bostadsratt,2026-09-13T13:02:55.528684
3155985963691116161,https://www.hemnet.se/salda/lagenhet-3rum-vasastan-stockholms-kommun-dobelnsgatan-85-3155985963691116161,94-95m²,bostadsratt,2026-09-13T13:02:55.528685
2384473860192386150,https://www.hemnet.se/salda/lagenhet-4rum-simrishamn-simrishamns-kommun-tumatorpsvagen-1d-2384473860192386150,94-95m²,bostadsratt,2026-09-13T13:02:55.528687
6417700076780231772,https://www.hemnet.se/salda/lagenhet-4rum-norra-luthagen-uppsala-kommun-gimogatan-6-a-6417700076780231772,94-95m²,bostadsratt,2026-09-13T13:02:55.528688
1493974562082155145,https://www.hemnet.se/salda/lagenhet-3rum-ribersborg-malmo-kommun-kilian-zollsgatan-4d-1493974562082155145,94-95m²,bostadsratt,2026-09-13T13:02:55.528689
7068773917629987611,https://www.hemnet.se/salda/lagenhet-4rum-centrum-lulea-kommun-skomakargatan-7-7068773917629987611,94-95m²,bostadsratt,2026-09-13T13:02:55.528690
1606657685222059003,https://www.hemnet.se/salda/lagenhet-4rum-hyllie-malmo-kommun-regissorgatan-5-1606657685222059003,94-95m²,bostadsratt,2026-09-13T13:02:55.528692
6053436640881747711,https://www.hemnet.se/salda/lagenhet-4rum-kulladal-malmo-kommun-kulladalsgatan-6c-6053436640881747711,94-95m²,bostadsratt,2026-09-13T13:02:55.528693
1681551084676258178,https://www.hemnet.se/salda/lagenhet-4rum-mossen-motala-kommun-norra-herrgardsgatan-57e-1681551084676258178,94-95m²,bostadsratt,2026-09-13T13:02:55.528694
87022725673758937,https://www.hemnet.se/salda/lagenhet-4rum-farsta-stockholms-kommun-hammarogatan-11-87022725673758937,94-95m²,bostadsratt,2026-09-13T13:02:55.528695
4698553430773539436,https://www.hemnet.se/salda/lagenhet-3rum-gashaga-pirar-lidingo-kommun-hamnvagen-11-4698553430773539436,94-95m²,bostadsratt,2026-09-13T13:02:55.528696
5529683602266832908,https://www.hemnet.se/salda/lagenhet-4rum-vasastan-stockholms-kommun-upplandsgatan-79a-5529683602266832908,94-95m²,bostadsratt,2026-09-13T13:02:55.528698
2074865918085042409,https://www.hemnet.se/salda/lagenhet-3rum-valjeviken-solvesborgs-kommun-lovsalsvagen-16-2074865918085042409,94-95m²,bostadsratt,2026-09-13T13:02:55.528699
8720284254707371256,https://www.hemnet.se/salda/lagenhet-4rum-tullinge-botkyrka-kommun-norrskensbacken-5-8720284254707371256,94-95m²,bostadsratt,2026-09-13T13:02:55.528700
7600196467536626168,https://www.hemnet.se/salda/lagenhet-4rum-raby-vasteras-kommun-ringduvegatan-109-7600196467536626168,94-95m²,bostadsratt,2026-09-13T13:02:55.528701
2239579565376268548,https://www.hemnet.se/salda/lagenhet-3rum-stromsbro-gavle-kommun-skolgatan-18-2239579565376268548,94-95m²,bostadsratt,2026-09-13T13:02:55.528702
4580942240626425633,https://www.hemnet.se/salda/lagenhet-4rum-vasastan-stockholms-kommun-dalagatan-40-4580942240626425633,94-95m²,bostadsratt,2026-09-13T13:02:55.528703
6522148844238713260,https://www.hemnet.se/salda/lagenhet-3rum-odakra-helsingborgs-kommun-saturnusgatan-174-6522148844238713260,94-95m²,bostadsratt,2026-09-13T13:02:55.528705
4954076582076504003,https://www.hemnet.se/salda/lagenhet-3rum-hemdal-vasteras-kommun-hemdalsvagen-3a-4954076582076504003,94-95m²,bostadsratt,2026-09-13T13:02:55.528706
5150563138209310643,https://www.hemnet.se/salda/lagenhet-4rum-industristaden-kungsangen-uppsala-kommun-skyttelgatan-16-5150563138209310643,94-95m²,bostadsratt,2026-09-13T13:02:55.528707
6486831384055962414,https://www.hemnet.se/salda/lagenhet-4rum-centrala-sundbyberg-sundbybergs-kommun-humblegatan-26b-6486831384055962414,94-95m²,bostadsratt,2026-09-13T13:02:55.528708
1490344589906272504,https://www.hemnet.se/salda/lagenhet-4rum-gardet-stockholms-kommun-osthammarsgatan-64-1490344589906272504,94-95m²,bostadsratt,2026-09-13T13:02:55.528709
101005664284489262,"https://www.hemnet.se/salda/lagenhet-3,5rum-centralt-vasastan-orebro-kommun-hertig-karls-alle-17-101005664284489262",94-95m²,bostadsratt,2026-09-13T13:02:55.528711
5274092097917885389,https://www.hemnet.se/salda/lagenhet-4rum-jakobsberg-jarfalla-kommun-aspnasvagen-32-5274092097917885389,94-95m²,bostadsratt,2026-09-13T13:02:55.528714
519073516304594188,https://www.hemnet.se/salda/lagenhet-4rum-nacka-strand-nacka-kommun-augustendalsvagen-35-519073516304594188,94-95m²,bostadsratt,2026-09-13T13:02:55.528716
532786768806092943,https://www.hemnet.se/salda/lagenhet-3rum-frosunda-solna-kommun-pomonagatan-5-532786768806092943,94-95m²,bostadsratt,2026-09-13T13:02:55.528717
4248532471109775583,https://www.hemnet.se/salda/lagenhet-3rum-kivik-simrishamns-kommun-littorinavagen-34-4248532471109775583,94-95m²,bostadsratt,2026-09-13T13:02:55.528718
4462932192680709334,https://www.hemnet.se/salda/lagenhet-4rum-porslinskvarteren-varmdo-kommun-maja-snis-gata-2-4462932192680709334,94-95m²,bostadsratt,2026-09-13T13:02:55.528720
6780994233361069062,https://www.hemnet.se/salda/lagenhet-4rum-mollevangen-malmo-kommun-claesgatan-1-6780994233361069062,94-95m²,bostadsratt,2026-09-13T13:02:55.528721
5970771247138479694,https://www.hemnet.se/salda/lagenhet-3rum-ostermalm-vasteras-kommun-ostermalmsgatan-15-5970771247138479694,94-95m²,bostadsratt,2026-09-13T13:02:55.528722
5859412810646261720,"https://www.hemnet.se/salda/lagenhet-5rum-gamla-ostberga-alvjso-stockholms-kommun-stamgatan-19,-van-3-5859412810646261720",94-95m²,bostadsratt,2026-09-13T13:02:55.528723
2733689558993820801,https://www.hemnet.se/salda/lagenhet-3rum-norra-faladen-lunds-kommun-skarpskyttevagen-2b-2733689558993820801,94-95m²,bostadsratt,2026-09-13T13:02:55.528725
4053103295391778887,https://www.hemnet.se/salda/lagenhet-3rum-centralt-kalmar-kommun-sodra-langgatan-65-4053103295391778887,94-95m²,bostadsratt,2026-09-13T13:02:55.528728
7034200967399823309,https://www.hemnet.se/salda/lagenhet-3rum-jonkoping-soder-jonkopings-kommun-klostergatan-42a-7034200967399823309,94-95m²,bostadsratt,2026-09-13T13:02:55.528729
4900597263287027220,https://www.hemnet.se/salda/lagenhet-3rum-kungsholmen-stockholms-kommun-pontonjargatan-5-4900597263287027220,94-95m²,bostadsratt,2026-09-13T13:02:55.528731
3707253790773197921,https://www.hemnet.se/salda/lagenhet-4rum-tullinge-botkyrka-kommun-solskensvagen-15-3707253790773197921,94-95m²,bostadsratt,2026-09-13T13:02:55.528732
7325422131482055232,https://www.hemnet.se/salda/lagenhet-4rum-bromma-annedal-stockholms-kommun-annedalsvagen-59-7325422131482055232,94-95m²,bostadsratt,2026-09-13T13:02:55.528733
551602776827822434,https://www.hemnet.se/salda/lagenhet-4rum-ostberga-stockholms-kommun-knaredsgrand-28-551602776827822434,94-95m²,bostadsratt,2026-09-13T13:02:55.528734
6319884079015473828,https://www.hemnet.se/salda/lagenhet-4rum-kvarnbyvallen-molndals-kommun-kvarnbyvallen-19-6319884079015473828,94-95m²,bostadsratt,2026-09-13T13:02:55.528735
3143184973290005707,https://www.hemnet.se/salda/lagenhet-4rum-vasastan-odenplan-stockholms-kommun-vastmannagatan-48-3143184973290005707,94-95m²,bostadsratt,2026-09-13T13:02:55.528737
3794835629592236250,https://www.hemnet.se/salda/lagenhet-3rum-ostermalm-stockholms-kommun-riddargatan-78-3794835629592236250,94-95m²,bostadsratt,2026-09-13T13:02:55.528738
2503981896946811412,https://www.hemnet.se/salda/lagenhet-4rum-norrbole-skelleftea-kommun-lakarvagen-8a-2503981896946811412,94-95m²,bostadsratt,2026-09-13T13:02:55.528739
3262805536761968161,https://www.hemnet.se/salda/lagenhet-4rum-lindeborg-malmo-kommun-dansorgatan-14-3262805536761968161,94-95m²,bostadsratt,2026-09-13T13:02:55.528740
422212240842615474,https://www.hemnet.se/salda/lagenhet-4rum-enskede-stockholms-kommun-tappgrand-105-422212240842615474,94-95m²,bostadsratt,2026-09-13T13:02:55.528741
2215126626388992098,https://www.hemnet.se/salda/lagenhet-4rum-hagernas-taby-kommun-radarvagen-10-2215126626388992098,94-95m²,bostadsratt,2026-09-13T13:02:55.528742
7833363617499319009,https://www.hemnet.se/salda/lagenhet-3rum-haga-sundsvalls-kommun-bragegatan-17-7833363617499319009,94-95m²,bostadsratt,2026-09-13T13:02:55.528744
3006740153407239096,https://www.hemnet.se/salda/lagenhet-4rum-hamra-harjedalens-kommun-vigelterassvagen-5c-3006740153407239096,94-95m²,bostadsratt,2026-09-13T13:02:55.528745
1640103698334874688,https://www.hemnet.se/salda/lagenhet-4rum-ekero-ekbacken-ekero-kommun-clas-horns-vag-7d-1640103698334874688,94-95m²,bostadsratt,2026-09-13T13:02:55.528748
3770631426428182981,https://www.hemnet.se/salda/lagenhet-3rum-ytterby-kungalvs-kommun-ytterby-torg-17-3770631426428182981,94-95m²,bostadsratt,2026-09-13T13:02:55.528752
4896831655394985882,https://www.hemnet.se/salda/lagenhet-4rum-vistaberg-huddinge-kommun-vistabergs-alle-40-4896831655394985882,94-95m²,bostadsratt,2026-09-13T13:02:55.528753
768677468067855776,"https://www.hemnet.se/salda/lagenhet-4rum-kungsholmen-stora-essingen-stockholms-kommun-essingeringen-22a,-1-tr-768677468067855776",94-95m²,bostadsratt,2026-09-13T13:02:55.528754
5566719920123867494,https://www.hemnet.se/salda/lagenhet-4rum-bifrost-molndals-kommun-pinnharvsgatan-5-c-5566719920123867494,94-95m²,bostadsratt,2026-09-13T13:02:55.528755
6659439202186010153,https://www.hemnet.se/salda/lagenhet-5rum-funasfjallen-harjedalens-kommun-vigelbyvagen-8a-6659439202186010153,94-95m²,bostadsratt,2026-09-13T13:02:55.528757
2085524648597009022,https://www.hemnet.se/salda/lagenhet-3rum-sannegardshamnen-goteborgs-kommun-sannegardsgatan-30-2085524648597009022,94-95m²,bostadsratt,2026-09-13T13:02:55.528758
8751160693523167734,https://www.hemnet.se/salda/lagenhet-3rum-brandholmen-nykopings-kommun-idrottsvagen-75-8751160693523167734,94-95m²,bostadsratt,2026-09-13T13:02:55.528759
8216009080724151433,https://www.hemnet.se/salda/lagenhet-4rum-kalleback-goteborgs-kommun-kallebacksvagen-17b-8216009080724151433,94-95m²,bostadsratt,2026-09-13T13:02:55.528760
8914141465476067230,"https://www.hemnet.se/salda/lagenhet-4,5rum-vasterhejde-gotlands-kommun-vasterhejde-hallbrosvagen-26c-8914141465476067230",94-95m²,bostadsratt,2026-09-13T13:02:55.528762
2422121741871266279,https://www.hemnet.se/salda/lagenhet-4rum-birkastan-vasastan-stockholms-kommun-norrbackagatan-4-2422121741871266279,94-95m²,bostadsratt,2026-09-13T13:02:55.528763
843003676646827845,https://www.hemnet.se/salda/lagenhet-5rum-vasastaden-stockholms-kommun-torbjorn-klockares-gata-7-843003676646827845,94-95m²,bostadsratt,2026-09-13T13:02:55.528764
4979199248019371134,https://www.hemnet.se/salda/lagenhet-6rum-tegefjall-are-kommun-tegefjall-krakbaret-2c-4979199248019371134,94-95m²,bostadsratt,2026-09-13T13:02:55.528765
1051330418833058084,https://www.hemnet.se/salda/lagenhet-5rum-bromma-appelviken-stockholms-kommun-vasterled-33-1051330418833058084,94-95m²,bostadsratt,2026-09-13T13:02:55.528766
6784986887258543625,https://www.hemnet.se/salda/lagenhet-4rum-oceanhamnen-helsingborgs-kommun-smugglargrand-4-6784986887258543625,94-95m²,bostadsratt,2026-09-13T13:02:55.528768
7920521067548453575,https://www.hemnet.se/salda/lagenhet-4rum-visby-signalen-gotlands-kommun-halsjarnsgatan-10-7920521067548453575,94-95m²,bostadsratt,2026-09-13T13:02:55.528769
5380272214552744597,https://www.hemnet.se/salda/lagenhet-4rum-ronninge-salems-kommun-soderbyvagen-18-5380272214552744597,94-95m²,bostadsratt,2026-09-13T13:02:55.528770
9153447530234434283,https://www.hemnet.se/salda/lagenhet-3rum-olskroken-goteborgs-kommun-norra-gubberogatan-21a-9153447530234434283,94-95m²,bostadsratt,2026-09-13T13:02:55.528773
4386480310749290047,https://www.hemnet.se/salda/lagenhet-4rum-norje-solvesborgs-kommun-vetevagen-13-4386480310749290047,94-95m²,bostadsratt,2026-09-13T13:02:55.528775
4719571637599790757,"https://www.hemnet.se/salda/lagenhet-3rum-smedby-upplands-vasby-kommun-stallgatan-4b,-6-tr-4719571637599790757",94-95m²,bostadsratt,2026-09-13T13:02:55.528776
5951509489215720378,https://www.hemnet.se/salda/lagenhet-4rum-tyreso-strand-tyreso-kommun-lovangsgrand-2-5951509489215720378,94-95m²,bostadsratt,2026-09-13T13:02:55.528777
5518844959992269619,https://www.hemnet.se/salda/lagenhet-4rum-bromma-blackeberg-stockholms-kommun-blackebergsbacken-5-5518844959992269619,94-95m²,bostadsratt,2026-09-13T13:02:55.528778
5165182554913547270,https://www.hemnet.se/salda/lagenhet-4rum-vilan-kristianstads-kommun-odalgatan-32-5165182554913547270,94-95m²,bostadsratt,2026-09-13T13:02:55.528780
810166458455747265,https://www.hemnet.se/salda/lagenhet-4rum-hitorp-nora-kommun-rattarvagen-12a-810166458455747265,94-95m²,bostadsratt,2026-09-13T13:02:55.528781
4685606143086411800,"https://www.hemnet.se/salda/lagenhet-3rum-ostermalm-stockholms-kommun-ostermalmstorg-5,-6-tr-4685606143086411800",94-95m²,bostadsratt,2026-09-13T13:02:55.528782
8726630500966397881,https://www.hemnet.se/salda/lagenhet-3rum-vaxholm-rindo-vaxholms-kommun-rindovagen-10-8726630500966397881,94-95m²,bostadsratt,2026-09-13T13:02:55.528783
6364320608393288909,https://www.hemnet.se/salda/lagenhet-4rum-vastra-skogen-solna-kommun-armegatan-29-6364320608393288909,94-95m²,bostadsratt,2026-09-13T13:02:55.528787
9172471292730908775,https://www.hemnet.se/salda/lagenhet-4rum-krokslatt-molndals-kommun-krokslatts-parkgata-54c-9172471292730908775,94-95m²,bostadsratt,2026-09-13T13:02:55.528788
219843019890345570,https://www.hemnet.se/salda/lagenhet-4rum-storgardet-tallasen-tostero-strangnas-kommun-nygatan-30a-219843019890345570,94-95m²,bostadsratt,2026-09-13T13:02:55.528789
1767663363332620889,https://www.hemnet.se/salda/lagenhet-4rum-gyllins-tradgard-malmo-kommun-lonnebergagatan-61-1767663363332620889,94-95m²,bostadsratt,2026-09-13T13:02:55.528791
1171441527493200290,https://www.hemnet.se/salda/lagenhet-3rum-smalandsstenar-gislaveds-kommun-vastra-jarnvagsgatan-61-1171441527493200290,94-95m²,bostadsratt,2026-09-13T13:02:55.528792
2086407980261552913,"https://www.hemnet.se/salda/lagenhet-4rum-vastra-skogen-solna-kommun-wiboms-vag-2,-van-6-2086407980261552913",94-95m²,bostadsratt,2026-09-13T13:02:55.528793
7766933361162896328,https://www.hemnet.se/salda/lagenhet-4rum-furulund-partille-kommun-hyggesvagen-10-7766933361162896328,94-95m²,bostadsratt,2026-09-13T13:02:55.528794
6332731579251974730,https://www.hemnet.se/salda/lagenhet-4rum-smedby-upplands-vasby-kommun-galoppgatan-78-a-6332731579251974730,94-95m²,bostadsratt,2026-09-13T13:02:55.528796
4984359023263162277,https://www.hemnet.se/salda/lagenhet-4rum-farsta-stockholms-kommun-hammarogatan-7-4984359023263162277,94-95m²,bostadsratt,2026-09-13T13:02:55.528797
437160706810866104,https://www.hemnet.se/salda/lagenhet-3rum-centralt-ostersunds-kommun-prastgatan-64a-437160706810866104,94-95m²,bostadsratt,2026-09-13T13:02:55.528798
1281950757706632092,https://www.hemnet.se/salda/lagenhet-4rum-ekero-ekero-kommun-clas-horns-vag-11c-1281950757706632092,94-95m²,bostadsratt,2026-09-13T13:02:55.528799
3299722403203030823,https://www.hemnet.se/salda/lagenhet-4rum-farsta-stockholms-kommun-agesta-brovag-42-3299722403203030823,94-95m²,bostadsratt,2026-09-13T13:02:55.528800
4006886036869046105,https://www.hemnet.se/salda/lagenhet-3rum-dockan-malmo-kommun-isbergs-gata-12-4006886036869046105,94-95m²,bostadsratt,2026-09-13T13:02:55.528801
893504536745368302,https://www.hemnet.se/salda/lagenhet-3rum-ostermalm-kristianstads-kommun-sjocronas-gata-2b-893504536745368302,94-95m²,bostadsratt,2026-09-13T13:02:55.528803
824095361759504037,https://www.hemnet.se/salda/lagenhet-5rum-stadsskogen-alingsas-kommun-grankullegatan-95c-824095361759504037,94-95m²,bostadsratt,2026-09-13T13:02:55.528804
8972628831732945329,https://www.hemnet.se/salda/lagenhet-4rum-frolunda-goteborgs-kommun-trombongatan-22b-8972628831732945329,94-95m²,bostadsratt,2026-09-13T13:02:55.528805
7474176054174848963,https://www.hemnet.se/salda/lagenhet-4rum-frosunda-solna-kommun-anders-lundstroms-gata-24-7474176054174848963,94-95m²,bostadsratt,2026-09-13T13:02:55.528806
5685940286056773065,https://www.hemnet.se/salda/lagenhet-4rum-alby-norsborg-botkyrka-kommun-lagmansbacken-2-6tr-5685940286056773065,94-95m²,bostadsratt,2026-09-13T13:02:55.528807
1780658448087873067,https://www.hemnet.se/salda/lagenhet-4rum-sundbyberg-ursvik-sundbybergs-kommun-forskargrand-20-1780658448087873067,94-95m²,bostadsratt,2026-09-13T13:02:55.528809
2665048651431056314,https://www.hemnet.se/salda/lagenhet-4rum-ostermalm-stockholms-kommun-valhallavagen-152a-2665048651431056314,94-95m²,bostadsratt,2026-09-13T13:02:55.528810
4637109361176473955,https://www.hemnet.se/salda/lagenhet-4rum-bara-svedala-kommun-torggatan-4-4637109361176473955,94-95m²,bostadsratt,2026-09-13T13:02:55.528811
3101813656872702272,https://www.hemnet.se/salda/lagenhet-4rum-jarlaberg-nacka-kommun-diligensvagen-65-3101813656872702272,94-95m²,bostadsratt,2026-09-13T13:02:55.528812
6806380994499210042,https://www.hemnet.se/salda/lagenhet-3rum-sodermalm-sundsvalls-kommun-sodra-allen-3c-6806380994499210042,94-95m²,bostadsratt,2026-09-13T13:02:55.528816
6520127872139682028,https://www.hemnet.se/salda/lagenhet-4rum-stampen-goteborgs-kommun-stampgatan-44-6520127872139682028,94-95m²,bostadsratt,2026-09-13T13:02:55.528817
7069175567117639270,https://www.hemnet.se/salda/lagenhet-3rum-gashaga-lidingo-kommun-trossvagen-3-7069175567117639270,94-95m²,bostadsratt,2026-09-13T13:02:55.528818
999958348399132675,https://www.hemnet.se/salda/lagenhet-4rum-gamla-lasarettet-norrkopings-kommun-gamla-lasarettsgatan-4-999958348399132675,94-95m²,bostadsratt,2026-09-13T13:02:55.528820
4141813520813091866,https://www.hemnet.se/salda/lagenhet-4rum-brunnshog-lunds-kommun-solvandan-11d-4141813520813091866,94-95m²,bostadsratt,2026-09-13T13:02:55.528823
7501489480955357882,https://www.hemnet.se/salda/lagenhet-4rum-vasastan-stockholms-kommun-dobelnsgatan-16b-7501489480955357882,94-95m²,bostadsratt,2026-09-13T13:02:55.528824
4493509294971847631,https://www.hemnet.se/salda/lagenhet-4rum-alvsjo-stockholms-kommun-kabelverksgatan-32-4493509294971847631,94-95m²,bostadsratt,2026-09-13T13:02:55.528826
3909011753392486133,https://www.hemnet.se/salda/lagenhet-4rum-kvillebacken-goteborgs-kommun-gustaf-dalensgatan-18-3909011753392486133,94-95m²,bostadsratt,2026-09-13T13:02:55.528827
1361122785604640074,"https://www.hemnet.se/salda/lagenhet-4rum-kungsholmen-marieberg-stockholms-kommun-wennerbergsgatan-6a,-6-tr-1361122785604640074",94-95m²,bostadsratt,2026-09-13T13:02:55.528828
1303883897939625032,https://www.hemnet.se/salda/lagenhet-4rum-habo-habo-kommun-vastergarden-4-b-1303883897939625032,94-95m²,bostadsratt,2026-09-13T13:02:55.528829
2445540922776548394,https://www.hemnet.se/salda/lagenhet-4rum-hoganas-hoganas-kommun-forskargatan-5e-2445540922776548394,94-95m²,bostadsratt,2026-09-13T13:02:55.528830
2483824704929278207,https://www.hemnet.se/salda/lagenhet-4rum-centrala-sundbyberg-sundbybergs-kommun-vintergatan-17-2483824704929278207,94-95m²,bostadsratt,2026-09-13T13:02:55.528832
5842940509910582515,https://www.hemnet.se/salda/lagenhet-4rum-vasterhaninge-ribby-haninge-kommun-huggarvagen-1-5842940509910582515,94-95m²,bostadsratt,2026-09-13T13:02:55.528833
3726751165136099232,"https://www.hemnet.se/salda/lagenhet-4rum-liljeholmskajen-stockholms-kommun-blekegatan-3,-2tr-3726751165136099232",94-95m²,bostadsratt,2026-09-13T13:02:55.528834
7058931333226021425,https://www.hemnet.se/salda/lagenhet-3rum-vaster-lunds-kommun-grisslevagen-11-7058931333226021425,94-95m²,bostadsratt,2026-09-13T13:02:55.528846
4461624906184231419,https://www.hemnet.se/salda/lagenhet-4rum-sodermalm-stockholms-kommun-asogatan-118-4461624906184231419,94-95m²,bostadsratt,2026-09-13T13:02:55.528853
4533947703159115665,https://www.hemnet.se/salda/lagenhet-3rum-vagmastaren-karlstads-kommun-strandvagen-13a-4533947703159115665,94-95m²,bostadsratt,2026-09-13T13:02:55.528854
7958684591317823036,https://www.hemnet.se/salda/lagenhet-4rum-jarvastaden-solna-kommun-jarva-skjutbanevag-45-7958684591317823036,94-95m²,bostadsratt,2026-09-13T13:02:55.528855
8373376068660767883,https://www.hemnet.se/salda/lagenhet-3rum-ljungsbro-linkopings-kommun-von-fersens-vag-2-8373376068660767883,94-95m²,bostadsratt,2026-09-13T13:02:55.528856
1013250932879309467,https://www.hemnet.se/salda/lagenhet-3rum-akersberga-centralt-osterakers-kommun-bergavagen-12b-1013250932879309467,94-95m²,bostadsratt,2026-09-13T13:02:55.528858
5235969402643666782,https://www.hemnet.se/salda/lagenhet-5rum-alvsjo-ostberga-stockholms-kommun-stamgatan-10-5235969402643666782,94-95m²,bostadsratt,2026-09-13T13:02:55.528859
2718089348771729013,"https://www.hemnet.se/salda/lagenhet-3rum-sodermalm-stockholms-kommun-hogalidsgatan-46a,-5tr-2718089348771729013",94-95m²,bostadsratt,2026-09-13T13:02:55.528860
4295940956646200442,https://www.hemnet.se/salda/lagenhet-4rum-vanerblick-lidkopings-kommun-furuhallsvagen-74-4295940956646200442,94-95m²,bostadsratt,2026-09-13T13:02:55.528861
874247620698963659,https://www.hemnet.se/salda/lagenhet-4rum-hamnen-norrtalje-kommun-angbatsgatan-2-874247620698963659,94-95m²,bostadsratt,2026-09-13T13:02:55.528863
9110679543832083510,https://www.hemnet.se/salda/lagenhet-4rum-sollentuna-centrum-sollentuna-kommun-sollentunavagen-148-9110679543832083510,94-95m²,bostadsratt,2026-09-13T13:02:55.528864
6624060194484418223,"https://www.hemnet.se/salda/lagenhet-4rum-frosunda-solna-kommun-gustav-iii-s-boulevard-21,-3-tr-6624060194484418223",94-95m²,bostadsratt,2026-09-13T13:02:55.528865
3661147194879371402,https://www.hemnet.se/salda/lagenhet-4rum-nora-nora-kommun-rattarvagen-6d-3661147194879371402,94-95m²,bostadsratt,2026-09-13T13:02:55.528867
1567277808307574545,https://www.hemnet.se/salda/lagenhet-4rum-alvsjo-alvsjostaden-stockholms-kommun-kabelverksgatan-32-3tr-1567277808307574545,94-95m²,bostadsratt,2026-09-13T13:02:55.528868
6958858906597508219,https://www.hemnet.se/salda/lagenhet-4rum-tyreso-tyreso-kommun-myggdalsvagen-54-6958858906597508219,94-95m²,bostadsratt,2026-09-13T13:02:55.528869
9144679112108905862,https://www.hemnet.se/salda/lagenhet-4rum-centralt-orebro-kommun-rudbecksgatan-43-9144679112108905862,94-95m²,bostadsratt,2026-09-13T13:02:55.528870
2285025236986707639,https://www.hemnet.se/salda/lagenhet-4rum-tullinge-botkyrka-kommun-norrskensbacken-15-2285025236986707639,94-95m²,bostadsratt,2026-09-13T13:02:55.528874
5594000239282202835,https://www.hemnet.se/salda/lagenhet-4rum-sodra-angby-stockholms-kommun-farjestadsvagen-4c-5594000239282202835,94-95m²,bostadsratt,2026-09-13T13:02:55.528875
4959343714721012030,https://www.hemnet.se/salda/lagenhet-4rum-hammarbyhojden-stockholms-kommun-resare-bengts-plan-3-4959343714721012030,94-95m²,bostadsratt,2026-09-13T13:02:55.528879
2229050492931521731,https://www.hemnet.se/salda/lagenhet-4rum-kevinge-danderyds-kommun-kevingeringen-55-2229050492931521731,94-95m²,bostadsratt,2026-09-13T13:02:55.528880
1499010843959227518,https://www.hemnet.se/salda/lagenhet-2rum-halmstad-centrum-halmstads-kommun-von-mollersgatan-1-1499010843959227518,94-95m²,bostadsratt,2026-09-13T13:02:55.528881
1067608528044236615,https://www.hemnet.se/salda/lagenhet-4rum-smedby-upplands-vasby-kommun-ryttargatan-283-1067608528044236615,94-95m²,bostadsratt,2026-09-13T13:02:55.528883
2481925732319600375,https://www.hemnet.se/salda/lagenhet-3rum-gamla-rasunda-solna-kommun-rasundavagen-117b-2481925732319600375,94-95m²,bostadsratt,2026-09-13T13:02:55.528884
2241244848970030526,"https://www.hemnet.se/salda/lagenhet-3,5rum-frosunda-solna-kommun-gustav-iii-s-boulevard-35-2241244848970030526",94-95m²,bostadsratt,2026-09-13T13:02:55.528885
1407312845887896446,"https://www.hemnet.se/salda/lagenhet-4rum-tullinge-botkyrka-kommun-solskensvagen-15,-van-6-6-1407312845887896446",94-95m²,bostadsratt,2026-09-13T13:02:55.528886
1738157687181449136,https://www.hemnet.se/salda/lagenhet-4rum-lidkoping-lidkopings-kommun-majorsallen-70d-1738157687181449136,94-95m²,bostadsratt,2026-09-13T13:02:55.528888
5562547028472430114,https://www.hemnet.se/salda/lagenhet-3rum-nacka-nacka-kommun-nackabacken-12-5562547028472430114,94-95m²,bostadsratt,2026-09-13T13:02:55.528889
7553556050837031591,https://www.hemnet.se/salda/lagenhet-4rum-ostermalm-vasteras-kommun-ostermalmsgatan-3-7553556050837031591,94-95m²,bostadsratt,2026-09-13T13:02:55.528890
4308446604680525714,"https://www.hemnet.se/salda/lagenhet-3rum-are-by-are-kommun-are-strand-14-2,-vecka-10-4308446604680525714",94-95m²,bostadsratt,2026-09-13T13:02:55.528891
6636228478526677907,https://www.hemnet.se/salda/lagenhet-3rum-gardby-socken-morbylanga-kommun-eksgarden-mangard-6636228478526677907,94-95m²,bostadsratt,2026-09-13T13:02:55.528893
6790743675854211211,https://www.hemnet.se/salda/lagenhet-4rum-granloholm-sundsvalls-kommun-malmovagen-114-6790743675854211211,94-95m²,bostadsratt,2026-09-13T13:02:55.528894
2704008193603944245,https://www.hemnet.se/salda/lagenhet-4rum-hitorp-nora-kommun-rattarvagen-34a-2704008193603944245,94-95m²,bostadsratt,2026-09-13T13:02:55.528895
908721885408159467,https://www.hemnet.se/salda/lagenhet-4rum-skarholmen-stockholms-kommun-aspholmsvagen-47-908721885408159467,94-95m²,bostadsratt,2026-09-13T13:02:55.528897
2318818892944903242,https://www.hemnet.se/salda/lagenhet-4rum-mariehem-umea-kommun-mariehemsvagen-152-2318818892944903242,94-95m²,bostadsratt,2026-09-13T13:02:55.528898
2228480303918334669,"https://www.hemnet.se/salda/lagenhet-5rum-stoten,-salen-malung-salens-kommun-nordklint-37-2228480303918334669",94-95m²,bostadsratt,2026-09-13T13:02:55.528899
3535043293825586467,https://www.hemnet.se/salda/lagenhet-4rum-kvarnskogen-sollentuna-kommun-kvarnskogsvagen-10-3535043293825586467,94-95m²,bostadsratt,2026-09-13T13:02:55.528900
7233691658767836389,https://www.hemnet.se/salda/lagenhet-4rum-vellinge-vellinge-kommun-astrakangatan-4c-7233691658767836389,94-95m²,bostadsratt,2026-09-13T13:02:55.528901
7804403099401877940,https://www.hemnet.se/salda/lagenhet-4rum-lilla-alby-sundbybergs-kommun-humblegatan-26b-7804403099401877940,94-95m²,bostadsratt,2026-09-13T13:02:55.528903
6979659343236668817,https://www.hemnet.se/salda/lagenhet-3rum-eriksberg-goteborgs-kommun-ostindiefararen-53-6979659343236668817,94-95m²,bostadsratt,2026-09-13T13:02:55.528904
7576666283414712627,https://www.hemnet.se/salda/lagenhet-4rum-taby-centrum-taby-kommun-tiundagrand-1-7576666283414712627,94-95m²,bostadsratt,2026-09-13T13:02:55.528905
4137737288444076249,https://www.hemnet.se/salda/lagenhet-3rum-centrum-vaxjo-kommun-norra-esplanaden-22b-4137737288444076249,94-95m²,bostadsratt,2026-09-13T13:02:55.528906
8250226720872574652,https://www.hemnet.se/salda/lagenhet-3rum-jakobsberg-karlstads-kommun-knud-dahls-gata-18-8250226720872574652,94-95m²,bostadsratt,2026-09-13T13:02:55.528910
7449689764646076656,https://www.hemnet.se/salda/lagenhet-4rum-skalby-kalmar-kommun-klockhusgatan-3b-7449689764646076656,94-95m²,bostadsratt,2026-09-13T13:02:55.528911
7499259906226410452,https://www.hemnet.se/salda/lagenhet-4rum-aby-molndals-kommun-ponnygatan-4-a-7499259906226410452,94-95m²,bostadsratt,2026-09-13T13:02:55.528912
1822803970195900770,https://www.hemnet.se/salda/lagenhet-4rum-tullingeberg-botkyrka-kommun-solskensvagen-19-1822803970195900770,94-95m²,bostadsratt,2026-09-13T13:02:55.528914
4855545717892062943,https://www.hemnet.se/salda/lagenhet-3rum-serresjo-trelleborgs-kommun-skogsnyckelvagen-3b-4855545717892062943,94-95m²,bostadsratt,2026-09-13T13:02:55.528915
4880951166678000752,https://www.hemnet.se/salda/lagenhet-3rum-strandnorum-stenungsunds-kommun-sorgardsvagen-3-4880951166678000752,94-95m²,bostadsratt,2026-09-13T13:02:55.528916
5757684476995456409,https://www.hemnet.se/salda/lagenhet-4rum-ulleraker-uppsala-kommun-gustaf-kjellbergs-vag-4-5757684476995456409,94-95m²,bostadsratt,2026-09-13T13:02:55.528917
7726855828631484682,https://www.hemnet.se/salda/lagenhet-4rum-centrum-falu-kommun-magasinsgatan-14e-7726855828631484682,94-95m²,bostadsratt,2026-09-13T13:02:55.528918
5599934881917767567,https://www.hemnet.se/salda/lagenhet-4rum-hagernas-taby-kommun-radarvagen-8-5599934881917767567,94-95m²,bostadsratt,2026-09-13T13:02:55.528920
5338446074492952315,https://www.hemnet.se/salda/lagenhet-4rum-centrala-tyreso-tyreso-kommun-myggdalsvagen-70-5338446074492952315,94-95m²,bostadsratt,2026-09-13T13:02:55.528923
7689616825502157369,https://www.hemnet.se/salda/lagenhet-3rum-hammarbyhojden-stockholms-kommun-sten-bergmans-vag-5-7689616825502157369,94-95m²,bostadsratt,2026-09-13T13:02:55.528924
6547193689863192870,https://www.hemnet.se/salda/lagenhet-3rum-eriksberg-goteborgs-kommun-bratterasbacken-33-6547193689863192870,94-95m²,bostadsratt,2026-09-13T13:02:55.528925
8821891356698866620,"https://www.hemnet.se/salda/lagenhet-5rum-bromma-abrahamsberg-stockholms-kommun-abrahamsbergsvagen-82,-3tr-8821891356698866620",94-95m²,bostadsratt,2026-09-13T13:02:55.528927
8262775913421225413,https://www.hemnet.se/salda/lagenhet-4rum-taby-centrum-taby-kommun-marknadsvagen-213-8262775913421225413,94-95m²,bostadsratt,2026-09-13T13:02:55.528928
4809194509480244360,https://www.hemnet.se/salda/lagenhet-4rum-sodra-ladugardsangen-orebro-kommun-kabingatan-4a-4809194509480244360,94-95m²,bostadsratt,2026-09-13T13:02:55.528929
6312886712745968380,https://www.hemnet.se/salda/lagenhet-3rum-limhamn-malmo-kommun-gronalundsgatan-14a-6312886712745968380,94-95m²,bostadsratt,2026-09-13T13:02:55.528931
8869449099709785740,https://www.hemnet.se/salda/lagenhet-4rum-hakanstorp-malmo-kommun-hakanstorpsvagen-1c-8869449099709785740,94-95m²,bostadsratt,2026-09-13T13:02:55.528932
3941450006277035580,https://www.hemnet.se/salda/lagenhet-4rum-sanna-kristinehamns-kommun-dan-brostromsgatan-3b-3941450006277035580,94-95m²,bostadsratt,2026-09-13T13:02:55.528933
3147026218770102978,https://www.hemnet.se/salda/lagenhet-4rum-satra-ang-danderyds-kommun-satraangsvagen-122-3147026218770102978,94-95m²,bostadsratt,2026-09-13T13:02:55.528934
6895459770709911737,https://www.hemnet.se/salda/lagenhet-4rum-vasterslatt-umea-kommun-nackrosvagen-13-6895459770709911737,94-95m²,bostadsratt,2026-09-13T13:02:55.528936
7820959825860064643,https://www.hemnet.se/salda/lagenhet-4rum-tyringe-hassleholms-kommun-mollerodsgatan-3c-7820959825860064643,94-95m²,bostadsratt,2026-09-13T13:02:55.528937
4527611919556562972,"https://www.hemnet.se/salda/lagenhet-4rum-hammarby-sjostad-stockholms-kommun-textilgatan-23,-3tr-4527611919556562972",94-95m²,bostadsratt,2026-09-13T13:02:55.528938
2063312499601108741,https://www.hemnet.se/salda/lagenhet-4rum-dalenum-lidingo-kommun-optikvagen-9-2063312499601108741,94-95m²,bostadsratt,2026-09-13T13:02:55.528939
8886460487449835878,"https://www.hemnet.se/salda/lagenhet-3rum-vasastan-stockholms-kommun-upplandsgatan-24b,-1tr-8886460487449835878",94-95m²,bostadsratt,2026-09-13T13:02:55.528943
1045553656879645881,https://www.hemnet.se/salda/lagenhet-4rum-lindholmen-goteborgs-kommun-gotaverksgatan-37-1045553656879645881,94-95m²,bostadsratt,2026-09-13T13:02:55.528944
6207453920387658987,https://www.hemnet.se/salda/lagenhet-4rum-centrala-stan-umea-kommun-ostra-brinkvagen-41-6207453920387658987,94-95m²,bostadsratt,2026-09-13T13:02:55.528948
1089465128523119113,https://www.hemnet.se/salda/lagenhet-4rum-brotorp-jarvastaden-sundbybergs-kommun-vinthundsgatan-3-1089465128523119113,94-95m²,bostadsratt,2026-09-13T13:02:55.528949
2365551993836833884,https://www.hemnet.se/salda/lagenhet-3rum-norra-faladen-lunds-kommun-jordabalksvagen-37-2365551993836833884,94-95m²,bostadsratt,2026-09-13T13:02:55.528950
7307038173388219306,https://www.hemnet.se/salda/lagenhet-3rum-vasastan-birkastan-stockholms-kommun-rorstrandsgatan-27-7307038173388219306,94-95m²,bostadsratt,2026-09-13T13:02:55.528951
4531853982534014112,https://www.hemnet.se/salda/lagenhet-4rum-vendelso-haninge-kommun-vendelsomalmsvagen-231-4531853982534014112,94-95m²,bostadsratt,2026-09-13T13:02:55.528953
3825520983391526788,https://www.hemnet.se/salda/lagenhet-4rum-skytteholm-solna-kommun-ankdammsgatan-33-3825520983391526788,94-95m²,bostadsratt,2026-09-13T13:02:55.528954
3852878329567765843,https://www.hemnet.se/salda/lagenhet-4rum-duvkullen-linkopings-kommun-ekollongatan-16-3852878329567765843,94-95m²,bostadsratt,2026-09-13T13:02:55.528955
6899408082006665807,https://www.hemnet.se/salda/lagenhet-4rum-centralt-vasastan-orebro-kommun-folkungagatan-12b-6899408082006665807,94-95m²,bostadsratt,2026-09-13T13:02:55.528956
194069043557352800,https://www.hemnet.se/salda/lagenhet-4rum-centrala-molndal-molndals-kommun-ponnygatan-2b-194069043557352800,94-95m²,bostadsratt,2026-09-13T13:02:55.528957
5904484682456012062,"https://www.hemnet.se/salda/lagenhet-4,5rum-majorna-goteborgs-kommun-arlegatan-40-5904484682456012062",94-95m²,bostadsratt,2026-09-13T13:02:55.528959
6881238054958159462,https://www.hemnet.se/salda/lagenhet-4rum-svedmyra-stockholms-kommun-oknebovagen-9-6881238054958159462,94-95m²,bostadsratt,2026-09-13T13:02:55.528960
6509429316985122239,https://www.hemnet.se/salda/lagenhet-4rum-kungsangen-uppsala-kommun-kungsangsesplanaden-4b-6509429316985122239,94-95m²,bostadsratt,2026-09-13T13:02:55.528961
2336680374800995712,https://www.hemnet.se/salda/lagenhet-4rum-grimmered-goteborgs-kommun-tralasvagen-14c-2336680374800995712,94-95m²,bostadsratt,2026-09-13T13:02:55.528962
75065332214027288,https://www.hemnet.se/salda/lagenhet-4rum-bifrost-molndals-kommun-blandsadesgatan-8-b-75065332214027288,94-95m²,bostadsratt,2026-09-13T13:02:55.528963
2119361667401235973,https://www.hemnet.se/salda/lagenhet-4rum-ronninge-salems-kommun-soderbyvagen-14-2119361667401235973,94-95m²,bostadsratt,2026-09-13T13:02:55.528965
8793437051035711299,https://www.hemnet.se/salda/lagenhet-3rum-skarhamn-tjorns-kommun-biskop-jens-vag-4-8793437051035711299,94-95m²,bostadsratt,2026-09-13T13:02:55.528966
4639174508105788421,https://www.hemnet.se/salda/lagenhet-4rum-liljeholmskajen-stockholms-kommun-blekegatan-3-4639174508105788421,94-95m²,bostadsratt,2026-09-13T13:02:55.528969
8806101191350097891,https://www.hemnet.se/salda/lagenhet-4rum-lindeborg-malmo-kommun-aktrisgatan-14-8806101191350097891,94-95m²,bostadsratt,2026-09-13T13:02:55.528971
9168165947447108428,https://www.hemnet.se/salda/lagenhet-3rum-norra-faladen-lunds-kommun-skarpskyttevagen-28b-9168165947447108428,94-95m²,bostadsratt,2026-09-13T13:02:55.528972
2277589996504723765,https://www.hemnet.se/salda/lagenhet-4rum-breared-varbergs-kommun-marmorgatan-50-2277589996504723765,94-95m²,bostadsratt,2026-09-13T13:02:55.528973
5312808628528196121,https://www.hemnet.se/salda/lagenhet-5rum-vendelsomalm-haninge-kommun-vendelsomalmsvagen-209-5312808628528196121,94-95m²,bostadsratt,2026-09-13T13:02:55.528974
737610814604749700,https://www.hemnet.se/salda/lagenhet-4rum-bara-svedala-kommun-torggatan-4-737610814604749700,94-95m²,bostadsratt,2026-09-13T13:02:55.528975
2566179163360661215,https://www.hemnet.se/salda/lagenhet-4rum-centrum-ostermalm-vasteras-kommun-ostermalmsgatan-3-2566179163360661215,94-95m²,bostadsratt,2026-09-13T13:02:55.528977
6011739510098897147,https://www.hemnet.se/salda/lagenhet-4rum-vastra-skogen-solna-kommun-wiboms-vag-12-6011739510098897147,94-95m²,bostadsratt,2026-09-13T13:02:55.528978
4519224850145337431,https://www.hemnet.se/salda/lagenhet-4rum-vastra-skogen-solna-kommun-wiboms-vag-6-4519224850145337431,94-95m²,bostadsratt,2026-09-13T13:02:55.528979
4843218777600837410,https://www.hemnet.se/salda/lagenhet-4rum-skalby-kalmar-kommun-arvid-vastgotes-gata-7-4843218777600837410,94-95m²,bostadsratt,2026-09-13T13:02:55.528980
936815494248857592,https://www.hemnet.se/salda/lagenhet-3rum-klattermusgarden-landskrona-kommun-klattermusgarden-9-936815494248857592,94-95m²,bostadsratt,2026-09-13T13:02:55.528984
2287876839682264946,https://www.hemnet.se/salda/lagenhet-4rum-frosang-oxelosunds-kommun-frosangsvagen-80-lgh-1102-2287876839682264946,94-95m²,bostadsratt,2026-09-13T13:02:55.528985
8734207077604487956,https://www.hemnet.se/salda/lagenhet-4rum-barkarbystaden-jarfalla-kommun-karlslundsvagen-18-8734207077604487956,94-95m²,bostadsratt,2026-09-13T13:02:55.528986
4530910642244222300,https://www.hemnet.se/salda/lagenhet-4rum-vastra-kungsholmen-kristineberg-stockholms-kommun-kristinebergs-slottsvag-7-4530910642244222300,94-95m²,bostadsratt,2026-09-13T13:02:55.528988
1799447882917545957,https://www.hemnet.se/salda/lagenhet-5rum-arsta-stockholms-kommun-svardlangsvagen-7-1799447882917545957,94-95m²,bostadsratt,2026-09-13T13:02:55.528989
7972187925752458090,https://www.hemnet.se/salda/lagenhet-3rum-rindo-vaxholms-kommun-rindovagen-10-7972187925752458090,94-95m²,bostadsratt,2026-09-13T13:02:55.528990
478882528219096629,https://www.hemnet.se/salda/lagenhet-4rum-myrstuguberget-huddinge-kommun-myrstuguvagen-359-478882528219096629,94-95m²,bostadsratt,2026-09-13T13:02:55.528991
4654078423141475854,https://www.hemnet.se/salda/lagenhet-5rum-centralt-nynashamns-kommun-apoteksgatan-4-4654078423141475854,94-95m²,bostadsratt,2026-09-13T13:02:55.528993
8233398117552559626,https://www.hemnet.se/salda/lagenhet-3rum-gashaga-lidingo-kommun-slipvagen-7-8233398117552559626,94-95m²,bostadsratt,2026-09-13T13:02:55.528994
5980413858461264557,"https://www.hemnet.se/salda/lagenhet-4,5rum-langbro-park-alvsjo-stockholms-kommun-johan-skyttes-vag-374-5980413858461264557",94-95m²,bostadsratt,2026-09-13T13:02:55.528995
163948776030385158,https://www.hemnet.se/salda/lagenhet-3rum-linero-lunds-kommun-kampagranden-9c-163948776030385158,94-95m²,bostadsratt,2026-09-13T13:02:55.528997
5641145143779333951,https://www.hemnet.se/salda/lagenhet-4rum-rosengard-malmo-kommun-von-lingens-vag-112-5641145143779333951,94-95m²,bostadsratt,2026-09-13T13:02:55.528998
8460520291072308421,"https://www.hemnet.se/salda/lagenhet-3rum-ostermalm-stockholms-kommun-valhallavagen-61,-5-tr-8460520291072308421",94-95m²,bostadsratt,2026-09-13T13:02:55.528999
7340512770322773721,https://www.hemnet.se/salda/lagenhet-4rum-ekholmen-linkopings-kommun-ekholmsvagen-81-7340512770322773721,94-95m²,bostadsratt,2026-09-13T13:02:55.529000
8315226444429728021,https://www.hemnet.se/salda/lagenhet-4rum-lugnvik-ostersunds-kommun-kopparslagargrand-1-8315226444429728021,94-95m²,bostadsratt,2026-09-13T13:02:55.529001
4335586140014696795,https://www.hemnet.se/salda/lagenhet-4rum-tullingeberg-ostra-botkyrka-kommun-solskensvagen-13-4335586140014696795,94-95m²,bostadsratt,2026-09-13T13:02:55.529003
2986665464981470320,https://www.hemnet.se/salda/lagenhet-3rum-sannegardshamnen-goteborgs-kommun-miraallen-31-2986665464981470320,94-95m²,bostadsratt,2026-09-13T13:02:55.529004
8459169068482535030,https://www.hemnet.se/salda/lagenhet-4rum-johanneberg-almedal-goteborgs-kommun-molndalsvagen-57a-8459169068482535030,94-95m²,bostadsratt,2026-09-13T13:02:55.529005
1978522269076412022,https://www.hemnet.se/salda/lagenhet-4rum-skytteholm-solna-kommun-ankdammsgatan-33-1978522269076412022,94-95m²,bostadsratt,2026-09-13T13:02:55.529006
145686292591214159,https://www.hemnet.se/salda/lagenhet-3rum-inom-vallgraven-goteborgs-kommun-smedjegatan-3-145686292591214159,94-95m²,bostadsratt,2026-09-13T13:02:55.529008
5109441632829171201,https://www.hemnet.se/salda/lagenhet-4rum-stenungsund-tatort-stenungsunds-kommun-modistvagen-31b-5109441632829171201,94-95m²,bostadsratt,2026-09-13T13:02:55.529009
637825436992057171,https://www.hemnet.se/salda/lagenhet-4rum-vastra-skogen-solna-kommun-wiboms-vag-2-637825436992057171,94-95m²,bostadsratt,2026-09-13T13:02:55.529012
6814032650150141923,https://www.hemnet.se/salda/lagenhet-4rum-lund-centrum-lunds-kommun-revingegatan-6c-6814032650150141923,94-95m²,bostadsratt,2026-09-13T13:02:55.529014
5723968364223537060,https://www.hemnet.se/salda/lagenhet-4rum-skarholmen-stockholms-kommun-aspholmsvagen-9-5723968364223537060,94-95m²,bostadsratt,2026-09-13T13:02:55.529015
2054136220289628805,https://www.hemnet.se/salda/lagenhet-4rum-grondal-stockholms-kommun-klyvarvagen-4-2054136220289628805,94-95m²,bostadsratt,2026-09-13T13:02:55.529016
6295782310783283766,https://www.hemnet.se/salda/lagenhet-4rum-adolfsberg-helsingborgs-kommun-sodra-hunnetorpsvagen-67c-6295782310783283766,94-95m²,bostadsratt,2026-09-13T13:02:55.529017
745110884485315199,https://www.hemnet.se/salda/lagenhet-3rum-ostermalm-stockholms-kommun-valhallavagen-146e-745110884485315199,94-95m²,bostadsratt,2026-09-13T13:02:55.529021
8423529435170530478,https://www.hemnet.se/salda/lagenhet-4rum-bromma-annedal-mariehall-stockholms-kommun-klas-klattermus-gata-7-8423529435170530478,94-95m²,bostadsratt,2026-09-13T13:02:55.529022
831576282329935264,https://www.hemnet.se/salda/lagenhet-3rum-ljungsbro-linkopings-kommun-von-fersens-vag-4-831576282329935264,94-95m²,bostadsratt,2026-09-13T13:02:55.529023
3485793253507155962,https://www.hemnet.se/salda/lagenhet-4rum-vasastan-stockholms-kommun-norra-stationsgatan-111-3485793253507155962,94-95m²,bostadsratt,2026-09-13T13:02:55.529025
269568028277395312,https://www.hemnet.se/salda/lagenhet-4rum-orgryte-goteborgs-kommun-lillatorpsgatan-1b-269568028277395312,94-95m²,bostadsratt,2026-09-13T13:02:55.529026
7570135100248049466,https://www.hemnet.se/salda/lagenhet-4rum-bromma-nockebyhov-stockholms-kommun-gubbkarrsvagen-29h-7570135100248049466,94-95m²,bostadsratt,2026-09-13T13:02:55.529027
2581981617410330683,"https://www.hemnet.se/salda/lagenhet-5rum-gamla-ostberga-alvsjo-stockholms-kommun-stamgatan-56,-van-3-2581981617410330683",94-95m²,bostadsratt,2026-09-13T13:02:55.529028
5844271623810952411,https://www.hemnet.se/salda/lagenhet-4rum-rosengard-malmo-kommun-von-lingens-vag-12-5844271623810952411,94-95m²,bostadsratt,2026-09-13T13:02:55.529030
8961222705965846267,https://www.hemnet.se/salda/lagenhet-3rum-centralt-strangnas-kommun-nygatan-30a-8961222705965846267,94-95m²,bostadsratt,2026-09-13T13:02:55.529031
4246984149550101824,https://www.hemnet.se/salda/lagenhet-4rum-mariestrand-umea-kommun-mariehemsvagen-150-4246984149550101824,94-95m²,bostadsratt,2026-09-13T13:02:55.529032
7214029409539839413,https://www.hemnet.se/salda/lagenhet-3rum-stampen-goteborgs-kommun-friggagatan-15-7214029409539839413,94-95m²,bostadsratt,2026-09-13T13:02:55.529034
4280092292013017630,https://www.hemnet.se/salda/lagenhet-4rum-vaster-lunds-kommun-tarnvagen-11-4280092292013017630,94-95m²,bostadsratt,2026-09-13T13:02:55.529037
2238181887575102477,https://www.hemnet.se/salda/lagenhet-4rum-ostberga-stockholms-kommun-forlandagrand-84-2238181887575102477,94-95m²,bostadsratt,2026-09-13T13:02:55.529038
4512786347048193933,https://www.hemnet.se/salda/lagenhet-3rum-vastra-kungsholmen-hornsbergs-strand-stockholms-kommun-kellgrensgatan-16-4512786347048193933,94-95m²,bostadsratt,2026-09-13T13:02:55.529040
8336584796732897511,"https://www.hemnet.se/salda/lagenhet-3,5rum-sjoberg-sollentuna-kommun-sidensvansvagen-38-8336584796732897511",94-95m²,bostadsratt,2026-09-13T13:02:55.529041
2428079845258070841,https://www.hemnet.se/salda/lagenhet-4rum-rasunda-solna-kommun-solnavagen-39-2428079845258070841,94-95m²,bostadsratt,2026-09-13T13:02:55.529042
4306860465085990435,https://www.hemnet.se/salda/lagenhet-4rum-broslatt-molndals-kommun-ponnygatan-4a-4306860465085990435,94-95m²,bostadsratt,2026-09-13T13:02:55.529044
4625958092128530270,https://www.hemnet.se/salda/lagenhet-4rum-hallstahammar-hallstahammars-kommun-snevringevagen-62-4625958092128530270,94-95m²,bostadsratt,2026-09-13T13:02:55.529045
440187227391628389,https://www.hemnet.se/salda/lagenhet-4rum-nasbypark-taby-kommun-eskadervagen-34-440187227391628389,94-95m²,bostadsratt,2026-09-13T13:02:55.529046
2803961681282259107,https://www.hemnet.se/salda/lagenhet-4rum-savja-uppsala-kommun-smalandsvagen-62-2803961681282259107,94-95m²,bostadsratt,2026-09-13T13:02:55.529047
6109796821155678394,https://www.hemnet.se/salda/lagenhet-4rum-breared-varbergs-kommun-brearedsvagen-98-6109796821155678394,94-95m²,bostadsratt,2026-09-13T13:02:55.529049
661264391940508705,https://www.hemnet.se/salda/lagenhet-4rum-hojersdal-gavle-kommun-vallgangsvagen-4l-661264391940508705,94-95m²,bostadsratt,2026-09-13T13:02:55.529050
6292942128904664419,https://www.hemnet.se/salda/lagenhet-4rum-granby-uppsala-kommun-solskensgatan-19-6292942128904664419,94-95m²,bostadsratt,2026-09-13T13:02:55.529051
7674682559052691953,https://www.hemnet.se/salda/lagenhet-4rum-enskede-stockholms-kommun-sockenvagen-369a-7674682559052691953,94-95m²,bostadsratt,2026-09-13T13:02:55.529052
8161022352700012624,https://www.hemnet.se/salda/lagenhet-3rum-oster-nykopings-kommun-ostra-kyrkogatan-48a-8161022352700012624,94-95m²,bostadsratt,2026-09-13T13:02:55.529053
4604613051177886533,https://www.hemnet.se/salda/lagenhet-4rum-galgberget-falu-kommun-guldstigen-11-4604613051177886533,94-95m²,bostadsratt,2026-09-13T13:02:55.529057
7083923372634789125,https://www.hemnet.se/salda/lagenhet-4rum-centralt-nassjo-kommun-mariagatan-21b-7083923372634789125,94-95m²,bostadsratt,2026-09-13T13:02:55.529058
705524109885456172,"https://www.hemnet.se/salda/lagenhet-4rum-tollare-nacka-kommun-tollareslingan-50,-4-4-tr-705524109885456172",94-95m²,bostadsratt,2026-09-13T13:02:55.529062
2903750939079409640,"https://www.hemnet.se/salda/lagenhet-4rum-bromma-annedal-stockholms-kommun-annedalsvagen-22,-2tr-2903750939079409640",94-95m²,bostadsratt,2026-09-13T13:02:55.529063
8712961917852306750,https://www.hemnet.se/salda/lagenhet-4rum-ostberga-stockholms-kommun-sibbarpsgrand-35-8712961917852306750,94-95m²,bostadsratt,2026-09-13T13:02:55.529064
577791232660812926,"https://www.hemnet.se/salda/lagenhet-3,5rum-nobeltorget-malmo-kommun-osbygatan-3-577791232660812926",94-95m²,bostadsratt,2026-09-13T13:02:55.529066
8220013105401030819,https://www.hemnet.se/salda/lagenhet-3rum-centrala-sollentuna-sollentuna-kommun-sollentunavagen-164-8220013105401030819,94-95m²,bostadsratt,2026-09-13T13:02:55.529067
8934623671572596461,https://www.hemnet.se/salda/lagenhet-4rum-olympia-helsingborgs-kommun-sodra-stenbocksgatan-85-8934623671572596461,94-95m²,bostadsratt,2026-09-13T13:02:55.529068
2340911413733631212,https://www.hemnet.se/salda/lagenhet-4rum-tumba-botkyrka-kommun-grodingevagen-69-2340911413733631212,94-95m²,bostadsratt,2026-09-13T13:02:55.529069
539277494965374750,https://www.hemnet.se/salda/lagenhet-3rum-ribersborg-malmo-kommun-henrik-wranersgatan-1b-539277494965374750,94-95m²,bostadsratt,2026-09-13T13:02:55.529071
7636428174976110814,https://www.hemnet.se/salda/lagenhet-4rum-bifrost-molndals-kommun-pinnharvsgatan-5c-7636428174976110814,94-95m²,bostadsratt,2026-09-13T13:02:55.529072
6115084509780587125,https://www.hemnet.se/salda/lagenhet-4rum-slottsstaden-malmo-kommun-lundbergsgatan-19-6115084509780587125,94-95m²,bostadsratt,2026-09-13T13:02:55.529073
3525761734126808170,https://www.hemnet.se/salda/lagenhet-3rum-sodermalm-stockholms-kommun-hogbergsgatan-76c-3525761734126808170,94-95m²,bostadsratt,2026-09-13T13:02:55.529074
1831824365910020107,https://www.hemnet.se/salda/lagenhet-3rum-sigtuna-sigtuna-stadsangar-sigtuna-kommun-malargrand-2-1831824365910020107,94-95m²,bostadsratt,2026-09-13T13:02:55.529075
3839297590022963266,https://www.hemnet.se/salda/lagenhet-4rum-bjarred-centralt-lomma-kommun-norra-vastkustvagen-33b-3839297590022963266,94-95m²,bostadsratt,2026-09-13T13:02:55.529077
2025667870557214647,https://www.hemnet.se/salda/lagenhet-4rum-ribersborg-malmo-kommun-ola-hanssonsgatan-3a-2025667870557214647,94-95m²,bostadsratt,2026-09-13T13:02:55.529078
5701926255767349972,https://www.hemnet.se/salda/lagenhet-4rum-haga-umea-kommun-solvandan-4a-5701926255767349972,94-95m²,bostadsratt,2026-09-13T13:02:55.529079
551199691084550980,https://www.hemnet.se/salda/lagenhet-4rum-kallhall-jarfalla-kommun-kopparvagen-21-551199691084550980,94-95m²,bostadsratt,2026-09-13T13:02:55.529080
8799596338585242604,https://www.hemnet.se/salda/lagenhet-4rum-norr-vaxjo-kommun-lillestadsvagen-79-8799596338585242604,94-95m²,bostadsratt,2026-09-13T13:02:55.529081
6557717853724978931,https://www.hemnet.se/salda/lagenhet-4rum-centralt-oster-orebro-kommun-floragatan-4-6557717853724978931,94-95m²,bostadsratt,2026-09-13T13:02:55.529083
519414846200604613,https://www.hemnet.se/salda/lagenhet-4rum-kungsangen-jonkopings-kommun-tellusgatan-4-a-519414846200604613,94-95m²,bostadsratt,2026-09-13T13:02:55.529084
4980343296916317501,"https://www.hemnet.se/salda/lagenhet-3,5rum-centrum-orebro-kommun-rudbecksgatan-43-4980343296916317501",94-95m²,bostadsratt,2026-09-13T13:02:55.529085
8478016725534350806,https://www.hemnet.se/salda/lagenhet-4rum-jarvastaden-solna-kommun-grongolingsgatan-4-8478016725534350806,94-95m²,bostadsratt,2026-09-13T13:02:55.529086
8640065238937827150,https://www.hemnet.se/salda/lagenhet-4rum-vastra-skogen-solna-kommun-armegatan-36b-8640065238937827150,94-95m²,bostadsratt,2026-09-13T13:02:55.529087
7651263641255212385,https://www.hemnet.se/salda/lagenhet-3rum-ostermalm-faltoversten-stockholms-kommun-valhallavagen-146a-7651263641255212385,94-95m²,bostadsratt,2026-09-13T13:02:55.529089
8784321604065329094,"https://www.hemnet.se/salda/lagenhet-4rum-arsta-gullmarsplan-stockholms-kommun-skagersvagen-26,-van-4-8784321604065329094",94-95m²,bostadsratt,2026-09-13T13:02:55.529092
3404229814522843516,https://www.hemnet.se/salda/lagenhet-3rum-sodermalm-mariatorget-stockholms-kommun-bjorngardsgatan-8-3404229814522843516,94-95m²,bostadsratt,2026-09-13T13:02:55.529093
8807899107711860754,https://www.hemnet.se/salda/lagenhet-4rum-torpa-soder-jonkopings-kommun-grona-gatan-10-8807899107711860754,94-95m²,bostadsratt,2026-09-13T13:02:55.529095
2513374434748129962,https://www.hemnet.se/salda/lagenhet-5rum-vasastan-hagastaden-stockholms-kommun-ninni-kronbergs-gata-28-2513374434748129962,94-95m²,bostadsratt,2026-09-13T13:02:55.529096
5145175633527839916,https://www.hemnet.se/salda/lagenhet-4rum-roback-umea-kommun-rosettvagen-72-5145175633527839916,94-95m²,bostadsratt,2026-09-13T13:02:55.529097
5505678891148238924,https://www.hemnet.se/salda/lagenhet-4rum-lindeborg-malmo-kommun-aktrisgatan-14-5505678891148238924,94-95m²,bostadsratt,2026-09-13T13:02:55.529098
1043738167728836833,https://www.hemnet.se/salda/lagenhet-4rum-tronninge-halmstads-kommun-vastra-vagen-41-f-1043738167728836833,94-95m²,bostadsratt,2026-09-13T13:02:55.529100
7914389376112137627,https://www.hemnet.se/salda/lagenhet-4rum-norra-faladen-lunds-kommun-skarpskyttevagen-6c-7914389376112137627,94-95m²,bostadsratt,2026-09-13T13:02:55.529101
8582597111081556164,"https://www.hemnet.se/salda/lagenhet-4rum-runby-upplands-vasby-kommun-vallstavagen-27,-1tr-a1-8582597111081556164",94-95m²,bostadsratt,2026-09-13T13:02:55.529102
7794915553053549086,https://www.hemnet.se/salda/lagenhet-4rum-centralt-ornskoldsviks-kommun-villagatan-67a-7794915553053549086,94-95m²,bostadsratt,2026-09-13T13:02:55.529106
3757869717693144948,https://www.hemnet.se/salda/lagenhet-3rum-eriksberg-goteborgs-kommun-ostindiefararen-65-3757869717693144948,94-95m²,bostadsratt,2026-09-13T13:02:55.529107
3232329746086455211,https://www.hemnet.se/salda/lagenhet-3rum-norr-vid-folkparken-norrkopings-kommun-enebygatan-18-a-3232329746086455211,94-95m²,bostadsratt,2026-09-13T13:02:55.529108
3055742343306567901,https://www.hemnet.se/salda/lagenhet-4rum-centralt-amals-kommun-malmgatan-7-3055742343306567901,94-95m²,bostadsratt,2026-09-13T13:02:55.529109
1423435861883823088,https://www.hemnet.se/salda/lagenhet-4rum-johannelund-vidingsjo-linkopings-kommun-aspnasvagen-68-1423435861883823088,94-95m²,bostadsratt,2026-09-13T13:02:55.529111
57901740203861114,https://www.hemnet.se/salda/lagenhet-4rum-centrala-tyreso-tyreso-kommun-myggdalsvagen-84-57901740203861114,94-95m²,bostadsratt,2026-09-13T13:02:55.529112
266333497376061072,https://www.hemnet.se/salda/lagenhet-3rum-ostermalm-stockholms-kommun-valhallavagen-73-266333497376061072,94-95m²,bostadsratt,2026-09-13T13:02:55.529113
8931094451281896950,https://www.hemnet.se/salda/lagenhet-4rum-ekero-ekero-kommun-bradgardsvagen-2-8931094451281896950,94-95m²,bostadsratt,2026-09-13T13:02:55.529115
5092295210446658316,https://www.hemnet.se/salda/lagenhet-3rum-kungsangen-uppsala-kommun-skyttelgatan-10a-5092295210446658316,94-95m²,bostadsratt,2026-09-13T13:02:55.529116
6634340733218273493,https://www.hemnet.se/salda/lagenhet-3rum-vannas-vannas-kommun-hovslagargatan-20-h-6634340733218273493,94-95m²,bostadsratt,2026-09-13T13:02:55.529117
1617438141322336681,https://www.hemnet.se/salda/lagenhet-4rum-blastad-ekholmen-linkopings-kommun-aspnasvagen-12-1617438141322336681,94-95m²,bostadsratt,2026-09-13T13:02:55.529118
4402061937329621098,https://www.hemnet.se/salda/lagenhet-4rum-tullingeberg-ostra-botkyrka-kommun-solskensvagen-15-4402061937329621098,94-95m²,bostadsratt,2026-09-13T13:02:55.529119
8686410958781786944,https://www.hemnet.se/salda/lagenhet-4rum-lindome-gastorp-molndals-kommun-holmakravagen-17-b-8686410958781786944,94-95m²,bostadsratt,2026-09-13T13:02:55.529121
3044167548637519951,"https://www.hemnet.se/salda/lagenhet-4,5rum-hagsatra-stockholms-kommun-vintrosagatan-13-3044167548637519951",94-95m²,bostadsratt,2026-09-13T13:02:55.529122
2844165134992667385,https://www.hemnet.se/salda/lagenhet-4rum-hollviken-vellinge-kommun-granviksgarden-3-2844165134992667385,94-95m²,bostadsratt,2026-09-13T13:02:55.529123
13849840731070962,https://www.hemnet.se/salda/lagenhet-4rum-knivsta-knivsta-kommun-fikonvagen-51-13849840731070962,94-95m²,bostadsratt,2026-09-13T13:02:55.529126
4473037474753548070,https://www.hemnet.se/salda/lagenhet-4rum-vasterhaninge-ribbylund-haninge-kommun-ringvagen-51-4473037474753548070,94-95m²,bostadsratt,2026-09-13T13:02:55.529128
3177306293697422127,https://www.hemnet.se/salda/lagenhet-4rum-lorensberg-goteborgs-kommun-engelbrektsgatan-61-3177306293697422127,94-95m²,bostadsratt,2026-09-13T13:02:55.529131
6456423896468400014,https://www.hemnet.se/salda/lagenhet-4rum-tullinge-botkyrka-kommun-hallmarksvagen-71a-6456423896468400014,94-95m²,bostadsratt,2026-09-13T13:02:55.529132
2797351180593650929,https://www.hemnet.se/salda/lagenhet-4rum-alby-norsborg-botkyrka-kommun-lagmansbacken-3-2797351180593650929,94-95m²,bostadsratt,2026-09-13T13:02:55.529134
247759711762663664,https://www.hemnet.se/salda/lagenhet-4rum-centralt-finspangs-kommun-kalkugnsvagen-15c-247759711762663664,94-95m²,bostadsratt,2026-09-13T13:02:55.529135
7778428311871297479,https://www.hemnet.se/salda/lagenhet-4rum-lerum-sodra-lerum-lerums-kommun-bygrindsvagen-19-7778428311871297479,94-95m²,bostadsratt,2026-09-13T13:02:55.529136
1906543972275607016,https://www.hemnet.se/salda/lagenhet-3rum-centralt-linkopings-kommun-s-t-larsgatan-31d-1906543972275607016,94-95m²,bostadsratt,2026-09-13T13:02:55.529137
1792028994765572864,https://www.hemnet.se/salda/lagenhet-3rum-vellinge-vellinge-kommun-slottagardsgatan-1a-1792028994765572864,94-95m²,bostadsratt,2026-09-13T13:02:55.529138
8577906348989043556,https://www.hemnet.se/salda/lagenhet-4rum-centrum-lulea-kommun-norra-strandgatan-14a-8577906348989043556,94-95m²,bostadsratt,2026-09-13T13:02:55.529140
6507374724047842421,https://www.hemnet.se/salda/lagenhet-4rum-torslanda-amhult-goteborgs-kommun-segelflyget-10-6507374724047842421,94-95m²,bostadsratt,2026-09-13T13:02:55.529141
5128256350016008340,https://www.hemnet.se/salda/lagenhet-4rum-limhamn-sjostad-malmo-kommun-limhamns-stationsvag-27-5128256350016008340,94-95m²,bostadsratt,2026-09-13T13:02:55.529142
267848146439132061,https://www.hemnet.se/salda/lagenhet-4rum-toltorp-molndals-kommun-nils-hasselskogs-gata-5-267848146439132061,94-95m²,bostadsratt,2026-09-13T13:02:55.529143
4394530080777887933,https://www.hemnet.se/salda/lagenhet-4rum-centrala-sundbyberg-sundbybergs-kommun-max-sievertsgatan-6b-4394530080777887933,94-95m²,bostadsratt,2026-09-13T13:02:55.529144
4042306684953704631,https://www.hemnet.se/salda/lagenhet-4rum-centrum-mariestads-kommun-strandvagen-19-4042306684953704631,94-95m²,bostadsratt,2026-09-13T13:02:55.529146
9205225870153864738,https://www.hemnet.se/salda/lagenhet-4rum-borstahusen-landskrona-kommun-kompassgatan-3-9205225870153864738,94-95m²,bostadsratt,2026-09-13T13:02:55.529147
7870155735877584912,https://www.hemnet.se/salda/lagenhet-4rum-centralt-sodermalm-sundsvalls-kommun-thulegatan-32-7870155735877584912,94-95m²,bostadsratt,2026-09-13T13:02:55.529148
7660811018709537227,"https://www.hemnet.se/salda/lagenhet-4rum-spanga-tensta-stockholms-kommun-skaftingebacken-36,-4-tr-7660811018709537227",94-95m²,bostadsratt,2026-09-13T13:02:55.529152
8366276986116653849,https://www.hemnet.se/salda/lagenhet-4rum-savja-uppsala-kommun-smalandsvagen-75-8366276986116653849,94-95m²,bostadsratt,2026-09-13T13:02:55.529153
3223475524927884484,https://www.hemnet.se/salda/lagenhet-4rum-ostberga-stockholms-kommun-forlandagrand-76-3223475524927884484,94-95m²,bostadsratt,2026-09-13T13:02:55.529154
65472217692511333,"https://www.hemnet.se/salda/lagenhet-5rum-vasastan-hagastaden-stockholms-kommun-ninni-kronbergs-gata-28,-5tr-65472217692511333",94-95m²,bostadsratt,2026-09-13T13:02:55.529156
5862923517455701272,https://www.hemnet.se/salda/lagenhet-4rum-nedre-kungsholmen-stockholms-kommun-pontonjargatan-5-5862923517455701272,94-95m²,bostadsratt,2026-09-13T13:02:55.529157
5702900476045020909,https://www.hemnet.se/salda/lagenhet-4rum-sodertalje-sodertalje-kommun-doktor-martingatan-1b-5702900476045020909,94-95m²,bostadsratt,2026-09-13T13:02:55.529158
6474022831414259198,https://www.hemnet.se/salda/lagenhet-2rum-taljo-osterakers-kommun-taljovikstorget-2-6474022831414259198,94-95m²,bostadsratt,2026-09-13T13:02:55.529159
1095892567429249612,https://www.hemnet.se/salda/lagenhet-4rum-centrum-lunds-kommun-tullgatan-6a-1095892567429249612,94-95m²,bostadsratt,2026-09-13T13:02:55.529161
6837862594330611228,https://www.hemnet.se/salda/lagenhet-4rum-hagernas-taby-kommun-radarvagen-8-6837862594330611228,94-95m²,bostadsratt,2026-09-13T13:02:55.529162
5408231063696900805,https://www.hemnet.se/salda/lagenhet-5rum-nybodahojden-liljeholmen-stockholms-kommun-nybodaringen-37-5408231063696900805,94-95m²,bostadsratt,2026-09-13T13:02:55.529163
3053554853937770056,https://www.hemnet.se/salda/lagenhet-4rum-salem-salems-kommun-mosshagestigen-32-3053554853937770056,94-95m²,bostadsratt,2026-09-13T13:02:55.529164
2355703455207464010,"https://www.hemnet.se/salda/lagenhet-4rum-aspudden-ornsberg-stockholms-kommun-instrumentvagen-30,-van-5-av-8-2355703455207464010",94-95m²,bostadsratt,2026-09-13T13:02:55.529168
8015633999099807689,"https://www.hemnet.se/salda/lagenhet-4rum-spanga-tensta-stockholms-kommun-skaftingebacken-9,-1-tr-8015633999099807689",94-95m²,bostadsratt,2026-09-13T13:02:55.529169
6393273895379867391,https://www.hemnet.se/salda/lagenhet-4rum-teleborg-vaxjo-kommun-emil-lindells-vag-28-6393273895379867391,94-95m²,bostadsratt,2026-09-13T13:02:55.529170
2715112281736407800,https://www.hemnet.se/salda/lagenhet-4rum-jonkoping-city-jonkopings-kommun-ankargatan-8-2715112281736407800,94-95m²,bostadsratt,2026-09-13T13:02:55.529172
2617942296588194474,https://www.hemnet.se/salda/lagenhet-4rum-centralt-nykvarns-kommun-centrumvagen-4a-2617942296588194474,94-95m²,bostadsratt,2026-09-13T13:02:55.529173
6675226134907079814,https://www.hemnet.se/salda/lagenhet-4rum-solbacka-strand-norrtalje-kommun-solparksvagen-13a-6675226134907079814,94-95m²,bostadsratt,2026-09-13T13:02:55.529174
3371034884618573461,https://www.hemnet.se/salda/lagenhet-3rum-tierp-tierps-kommun-ostronvagen-16b-3371034884618573461,94-95m²,bostadsratt,2026-09-13T13:02:55.529175
4763045930836187875,https://www.hemnet.se/salda/lagenhet-4rum-lansmansgarden-goteborgs-kommun-norra-fjadermolnsgatan-42-4763045930836187875,94-95m²,bostadsratt,2026-09-13T13:02:55.529176
7332535725009352811,https://www.hemnet.se/salda/lagenhet-3rum-kallby-angar-lunds-kommun-abrinksvagen-25-7332535725009352811,94-95m²,bostadsratt,2026-09-13T13:02:55.529178
3544304222857072727,https://www.hemnet.se/salda/lagenhet-4rum-centrala-hisingen-goteborgs-kommun-trollhasselgatan-6-3544304222857072727,94-95m²,bostadsratt,2026-09-13T13:02:55.529179
122625463682181629,https://www.hemnet.se/salda/lagenhet-4rum-hagerstenshamnen-stockholms-kommun-selmedalsringen-12-122625463682181629,94-95m²,bostadsratt,2026-09-13T13:02:55.529180
4024726309246551466,https://www.hemnet.se/salda/lagenhet-4rum-helsingborg-centrum-helsingborgs-kommun-nedre-langvinkelsgatan-41-4024726309246551466,94-95m²,bostadsratt,2026-09-13T13:02:55.529182
7819971076843260516,https://www.hemnet.se/salda/lagenhet-4rum-pedagogen-park-molndals-kommun-professorsgatan-2-7819971076843260516,94-95m²,bostadsratt,2026-09-13T13:02:55.529183
8173846720992337976,https://www.hemnet.se/salda/lagenhet-3rum-ljusdal-ljusdals-kommun-hotellgatan-26-8173846720992337976,94-95m²,bostadsratt,2026-09-13T13:02:55.529184
2490640935286143841,https://www.hemnet.se/salda/lagenhet-3rum-norra-faladen-lunds-kommun-skarpskyttevagen-12e-2490640935286143841,94-95m²,bostadsratt,2026-09-13T13:02:55.529185
8373842384684162118,https://www.hemnet.se/salda/lagenhet-4rum-kungsholmen-stockholms-kommun-fridhemsgatan-39-8373842384684162118,94-95m²,bostadsratt,2026-09-13T13:02:55.529186
5324400576304418684,https://www.hemnet.se/salda/lagenhet-4rum-rotebro-sollentuna-kommun-allevagen-6p-5324400576304418684,94-95m²,bostadsratt,2026-09-13T13:02:55.529188
3063003266510879144,https://www.hemnet.se/salda/lagenhet-4rum-annedal-stockholms-kommun-tummelisas-gata-4-3063003266510879144,94-95m²,bostadsratt,2026-09-13T13:02:55.529189
4303167876644293662,"https://www.hemnet.se/salda/lagenhet-4rum-ulricehamn-ulricehamns-kommun-prastgardsgatan-11,-lgh-332-4303167876644293662",94-95m²,bostadsratt,2026-09-13T13:02:55.529190
7654305197689745865,https://www.hemnet.se/salda/lagenhet-3rum-bromma-annedal-stockholms-kommun-pettsons-gata-2-7654305197689745865,94-95m²,bostadsratt,2026-09-13T13:02:55.529191
9094412228092978826,https://www.hemnet.se/salda/lagenhet-4rum-ektorp-norrkopings-kommun-stafettgatan-1-9094412228092978826,94-95m²,bostadsratt,2026-09-13T13:02:55.529195
4309599392728002161,https://www.hemnet.se/salda/lagenhet-3rum-runby-upplands-vasby-kommun-lovstavagen-78-4309599392728002161,94-95m²,bostadsratt,2026-09-13T13:02:55.529196
1544831097234275250,https://www.hemnet.se/salda/lagenhet-4rum-vallingby-racksta-stockholms-kommun-nickelgrand-12-1544831097234275250,94-95m²,bostadsratt,2026-09-13T13:02:55.529197
1364656503553805432,"https://www.hemnet.se/salda/lagenhet-4rum-enskede-tallkrogen-stockholms-kommun-hagervagen-25,-1-tr-1364656503553805432",94-95m²,bostadsratt,2026-09-13T13:02:55.529199
7116305759694786053,"https://www.hemnet.se/salda/lagenhet-3rum-are-by-are-kommun-are-strand-14-1-v,8-7116305759694786053",94-95m²,bostadsratt,2026-09-13T13:02:55.529200
5006987073353107000,https://www.hemnet.se/salda/lagenhet-4rum-norr-trelleborgs-kommun-klorupsvagen-129c-5006987073353107000,94-95m²,bostadsratt,2026-09-13T13:02:55.529203
3181287214002221026,https://www.hemnet.se/salda/lagenhet-4rum-trollbacken-tyreso-kommun-sorgardsgrand-16-3181287214002221026,94-95m²,bostadsratt,2026-09-13T13:02:55.529205
3309551247068144026,https://www.hemnet.se/salda/lagenhet-4rum-vellinge-vellinge-kommun-assarsgatan-2a-3309551247068144026,94-95m²,bostadsratt,2026-09-13T13:02:55.529206
3855705863977059579,"https://www.hemnet.se/salda/lagenhet-4rum-vastra-skogen-solna-kommun-wiboms-vag-8,-van-8-3855705863977059579",94-95m²,bostadsratt,2026-09-13T13:02:55.529207
1645039625132116185,"https://www.hemnet.se/salda/lagenhet-3,5rum-handen-slatmossen-haninge-kommun-vallagrand-14-1645039625132116185",94-95m²,bostadsratt,2026-09-13T13:02:55.529208
3893753859353623815,https://www.hemnet.se/salda/lagenhet-4rum-veka-hjo-kommun-vekagatan-25-d-3893753859353623815,94-95m²,bostadsratt,2026-09-13T13:02:55.529210
7291009880413162169,https://www.hemnet.se/salda/lagenhet-4rum-tullinge-botkyrka-kommun-norrskensbacken-5-7291009880413162169,94-95m²,bostadsratt,2026-09-13T13:02:55.529211
3034929218933222003,https://www.hemnet.se/salda/lagenhet-3rum-norra-faladen-lunds-kommun-skarpskyttevagen-12e-3034929218933222003,94-95m²,bostadsratt,2026-09-13T13:02:55.529212
4190833088026918981,https://www.hemnet.se/salda/lagenhet-3rum-centrum-umea-kommun-vastra-norrlandsgatan-15a-4190833088026918981,94-95m²,bostadsratt,2026-09-13T13:02:55.529213
6650236443657896512,"https://www.hemnet.se/salda/lagenhet-4rum-norra-djurgardsstaden-stockholms-kommun-storangsgatan-1,-4-tr-6650236443657896512",94-95m²,bostadsratt,2026-09-13T13:02:55.529217
2217419351742999717,https://www.hemnet.se/salda/lagenhet-4rum-djursholm-danderyds-kommun-lillkalmarvagen-27-2217419351742999717,94-95m²,bostadsratt,2026-09-13T13:02:55.529218
189545076033837573,"https://www.hemnet.se/salda/lagenhet-3,5rum-hisingen-goteborgs-kommun-odmansgatan-2-a-189545076033837573",94-95m²,bostadsratt,2026-09-13T13:02:55.529219
1818780183836124188,https://www.hemnet.se/salda/lagenhet-4rum-vasastan-hagastaden-stockholms-kommun-hagaesplanaden-75-1818780183836124188,94-95m²,bostadsratt,2026-09-13T13:02:55.529220
1989045154245555185,https://www.hemnet.se/salda/lagenhet-3rum-centrala-nacka-nacka-kommun-nya-gatan-9-1989045154245555185,94-95m²,bostadsratt,2026-09-13T13:02:55.529222
3627111978063276170,https://www.hemnet.se/salda/lagenhet-4rum-naset-lidingo-kommun-hognasvagen-8-3627111978063276170,94-95m²,bostadsratt,2026-09-13T13:02:55.529223
1511034625604771714,"https://www.hemnet.se/salda/lagenhet-4rum-tullinge-botkyrka-kommun-norrskensbacken-17,-3-tr-1511034625604771714",94-95m²,bostadsratt,2026-09-13T13:02:55.529224
8323884280635005051,https://www.hemnet.se/salda/lagenhet-4rum-kulladal-malmo-kommun-kulladalsgatan-22c-8323884280635005051,94-95m²,bostadsratt,2026-09-13T13:02:55.529225
8395514872235112000,https://www.hemnet.se/salda/lagenhet-4rum-jarvastaden-solna-kommun-lekparksgatan-7-8395514872235112000,94-95m²,bostadsratt,2026-09-13T13:02:55.529227
5716852961563937272,https://www.hemnet.se/salda/lagenhet-4rum-helgebroten-landskrona-kommun-enoch-thulins-vag-36c-5716852961563937272,94-95m²,bostadsratt,2026-09-13T13:02:55.529228
393758499009530297,https://www.hemnet.se/salda/lagenhet-4rum-lilla-alby-sundbybergs-kommun-agatan-20-393758499009530297,94-95m²,bostadsratt,2026-09-13T13:02:55.529229
9051638890496152476,https://www.hemnet.se/salda/lagenhet-4rum-kungsholmen-stockholms-kommun-drottningholmsvagen-17-9051638890496152476,94-95m²,bostadsratt,2026-09-13T13:02:55.529230
7380777284848093172,https://www.hemnet.se/salda/lagenhet-4rum-tyreso-centrum-tyreso-kommun-myggdalsvagen-74-7380777284848093172,94-95m²,bostadsratt,2026-09-13T13:02:55.529231
537919061726423049,https://www.hemnet.se/salda/lagenhet-3rum-centralt-linkopings-kommun-ostgotagatan-41b-537919061726423049,94-95m²,bostadsratt,2026-09-13T13:02:55.529233
5613410174683128037,https://www.hemnet.se/salda/lagenhet-4rum-haga-enkopings-kommun-tunnelugnsvagen-12-5613410174683128037,94-95m²,bostadsratt,2026-09-13T13:02:55.529234
6559997538070228120,https://www.hemnet.se/salda/lagenhet-3rum-sundsvall-sundsvalls-kommun-storgatan-56a-6559997538070228120,94-95m²,bostadsratt,2026-09-13T13:02:55.529235
4165647317479521934,"https://www.hemnet.se/salda/lagenhet-4rum-finntorp-nacka-kommun-tallidsvagen-9b,-2tr-4165647317479521934",94-95m²,bostadsratt,2026-09-13T13:02:55.529238
491244918128574687,https://www.hemnet.se/salda/lagenhet-4rum-jakobsberg-sommarro-karlstads-kommun-knud-dahls-gata-16-491244918128574687,94-95m²,bostadsratt,2026-09-13T13:02:55.529240
6927825710312270041,https://www.hemnet.se/salda/lagenhet-3rum-centralt-oster-orebro-kommun-hamngatan-3-6927825710312270041,94-95m²,bostadsratt,2026-09-13T13:02:55.529243
5780203797860600405,https://www.hemnet.se/salda/lagenhet-3rum-saltsjoqvarn-nacka-kommun-saltsjoqvarns-kaj-35-5780203797860600405,94-95m²,bostadsratt,2026-09-13T13:02:55.529244
8414384315754175955,https://www.hemnet.se/salda/lagenhet-3rum-vasastan-stockholms-kommun-tomtebogatan-13-8414384315754175955,94-95m²,bostadsratt,2026-09-13T13:02:55.529245
179894538386099925,https://www.hemnet.se/salda/lagenhet-4rum-teg-umea-kommun-verkstadsgatan-7e-179894538386099925,94-95m²,bostadsratt,2026-09-13T13:02:55.529247
2887661308053815745,https://www.hemnet.se/salda/lagenhet-5rum-bodal-lidingo-kommun-bodalsvagen-20-2887661308053815745,94-95m²,bostadsratt,2026-09-13T13:02:55.529248
2086097936552368243,https://www.hemnet.se/salda/lagenhet-4rum-planetstaden-lunds-kommun-vintergatan-7c-2086097936552368243,94-95m²,bostadsratt,2026-09-13T13:02:55.529249
835183946206190953,https://www.hemnet.se/salda/lagenhet-4rum-ollsjo-kristianstads-kommun-knut-den-stores-vag-31-835183946206190953,94-95m²,bostadsratt,2026-09-13T13:02:55.529250
5249089763058315217,https://www.hemnet.se/salda/lagenhet-4rum-tuve-goteborgs-kommun-arves-marias-vag-12-5249089763058315217,94-95m²,bostadsratt,2026-09-13T13:02:55.529251
4487491590079018753,https://www.hemnet.se/salda/lagenhet-3rum-centrum-norr-helsingborgs-kommun-palsgatan-13-4487491590079018753,94-95m²,bostadsratt,2026-09-13T13:02:55.529253
4500551713199265311,https://www.hemnet.se/salda/lagenhet-4rum-skondal-stockholms-kommun-kubbegatan-1-4500551713199265311,94-95m²,bostadsratt,2026-09-13T13:02:55.529254
6543686935693792971,https://www.hemnet.se/salda/lagenhet-3rum-oster-malarstrand-vasteras-kommun-klyvargatan-5-6543686935693792971,94-95m²,bostadsratt,2026-09-13T13:02:55.529255
4949635472351085518,https://www.hemnet.se/salda/lagenhet-4rum-alta-strandparken-nacka-kommun-stensovagen-14-4949635472351085518,94-95m²,bostadsratt,2026-09-13T13:02:55.529256
5086927517647353225,https://www.hemnet.se/salda/lagenhet-4rum-hasselby-strand-stockholms-kommun-piongrand-11-5086927517647353225,94-95m²,bostadsratt,2026-09-13T13:02:55.529258
3168116094351994087,https://www.hemnet.se/salda/lagenhet-4rum-habo-habo-kommun-angstigen-75-3168116094351994087,94-95m²,bostadsratt,2026-09-13T13:02:55.529259
1863330395783072610,"https://www.hemnet.se/salda/lagenhet-4rum-vasastan-stockholms-kommun-karlbergsvagen-42,-1,5tr-1863330395783072610",94-95m²,bostadsratt,2026-09-13T13:02:55.529260
6698413550325769342,https://www.hemnet.se/salda/lagenhet-4rum-motala-motala-kommun-norra-herrgardsgatan-57f-6698413550325769342,94-95m²,bostadsratt,2026-09-13T13:02:55.529261
7931373908244022864,https://www.hemnet.se/salda/lagenhet-4rum-triangeln-malmo-kommun-radmansgatan-14-7931373908244022864,94-95m²,bostadsratt,2026-09-13T13:02:55.529263
5916086732802291306,https://www.hemnet.se/salda/lagenhet-4rum-nedre-gardet-ostermalm-stockholms-kommun-kallskarsgatan-5-5916086732802291306,94-95m²,bostadsratt,2026-09-13T13:02:55.529264
2664990896607790845,https://www.hemnet.se/salda/lagenhet-4rum-karstorp-vasterviks-kommun-markorgatan-38d-2664990896607790845,94-95m²,bostadsratt,2026-09-13T13:02:55.529265
3716763766944305320,"https://www.hemnet.se/salda/lagenhet-5rum-alvsjo-stockholms-kommun-stamgatan-61,-3tr-3716763766944305320",94-95m²,bostadsratt,2026-09-13T13:02:55.529266
2358072985998205863,https://www.hemnet.se/salda/lagenhet-4rum-hammarby-sjostad-stockholms-kommun-skeppsmaklargatan-49-2358072985998205863,94-95m²,bostadsratt,2026-09-13T13:02:55.529267
7076754618250609974,https://www.hemnet.se/salda/lagenhet-4rum-savja-uppsala-kommun-blekingevagen-6-7076754618250609974,94-95m²,bostadsratt,2026-09-13T13:02:55.529269
166420202870700640,https://www.hemnet.se/salda/lagenhet-4rum-centrala-tyreso-tyreso-kommun-bjorkbacksvagen-11-166420202870700640,94-95m²,bostadsratt,2026-09-13T13:02:55.529270
6045787664701092695,https://www.hemnet.se/salda/lagenhet-4rum-husie-malmo-kommun-vastra-skravlingevagen-84-6045787664701092695,94-95m²,bostadsratt,2026-09-13T13:02:55.529271
3917400115308516191,https://www.hemnet.se/salda/lagenhet-4rum-ostberga-stockholms-kommun-slattakragrand-58-3917400115308516191,94-95m²,bostadsratt,2026-09-13T13:02:55.529274
6014162811629032709,https://www.hemnet.se/salda/lagenhet-3rum-holmangen-vanersborgs-kommun-bjorkholmsgatan-1a-6014162811629032709,94-95m²,bostadsratt,2026-09-13T13:02:55.529276
4531835981353140411,"https://www.hemnet.se/salda/lagenhet-4rum-norra-djurgardsstaden-stockholms-kommun-storangsgatan-1,-4-tr-4531835981353140411",94-95m²,bostadsratt,2026-09-13T13:02:55.529277
4508663504300580949,https://www.hemnet.se/salda/lagenhet-4rum-rosengard-apelgarden-malmo-kommun-von-lingens-vag-26-4508663504300580949,94-95m²,bostadsratt,2026-09-13T13:02:55.529278
882776195317024245,https://www.hemnet.se/salda/lagenhet-4rum-bergshamra-solna-kommun-jarvstigen-4-882776195317024245,94-95m²,bostadsratt,2026-09-13T13:02:55.529280
8002968006837225640,https://www.hemnet.se/salda/lagenhet-3rum-brunstorp-jonkopings-kommun-sikvagen-16-8002968006837225640,94-95m²,bostadsratt,2026-09-13T13:02:55.529281
5953939342742198428,https://www.hemnet.se/salda/lagenhet-3rum-soderhamn-soderhamns-kommun-kaptensgatan-3-a-5953939342742198428,94-95m²,bostadsratt,2026-09-13T13:02:55.529282
1416762871985386498,"https://www.hemnet.se/salda/lagenhet-3rum-tyreso-centrum-tyreso-kommun-axel-wennergrens-vag-20,-5-tr-1416762871985386498",94-95m²,bostadsratt,2026-09-13T13:02:55.529283
724895501777823465,https://www.hemnet.se/salda/lagenhet-4rum-odsmal-stenungsunds-kommun-askekarret-1a-724895501777823465,94-95m²,bostadsratt,2026-09-13T13:02:55.529287
6759206118026407006,https://www.hemnet.se/salda/lagenhet-3rum-vasastan-birkastan-stockholms-kommun-rorstrandsgatan-40-6759206118026407006,94-95m²,bostadsratt,2026-09-13T13:02:55.529288
5111833074871160430,https://www.hemnet.se/salda/lagenhet-4rum-kulladal-malmo-kommun-kulladalsgatan-6c-5111833074871160430,94-95m²,bostadsratt,2026-09-13T13:02:55.529289
2729627108077134157,"https://www.hemnet.se/salda/lagenhet-3,5rum-vasastan-stockholms-kommun-surbrunnsgatan-31b,-vindsvaning-2729627108077134157",94-95m²,bostadsratt,2026-09-13T13:02:55.529291
7672021112423168507,https://www.hemnet.se/salda/lagenhet-4rum-lorensberg-goteborgs-kommun-engelbrektsgatan-57-7672021112423168507,94-95m²,bostadsratt,2026-09-13T13:02:55.529292
6027314919267525500,"https://www.hemnet.se/salda/lagenhet-4rum-centrala-sundbyberg-sundbybergs-kommun-max-sievertsgatan-6b,-6-tr-6027314919267525500",94-95m²,bostadsratt,2026-09-13T13:02:55.529293
5690812230492879081,https://www.hemnet.se/salda/lagenhet-3rum-nibblesbacke-kopings-kommun-kihlmansgatan-6f-5690812230492879081,94-95m²,bostadsratt,2026-09-13T13:02:55.529294
70154796371437098,https://www.hemnet.se/salda/lagenhet-4rum-langedrag-nya-varvet-goteborgs-kommun-langedragsvagen-30-70154796371437098,94-95m²,bostadsratt,2026-09-13T13:02:55.529296
1895936043007872342,https://www.hemnet.se/salda/lagenhet-3rum-centralt-strommen-norrkopings-kommun-tradgardsgatan-42-vaning-5-6-1895936043007872342,94-95m²,bostadsratt,2026-09-13T13:02:55.529297
1539090329441836874,https://www.hemnet.se/salda/lagenhet-4rum-vast-pa-stan-umea-kommun-ostra-brinkvagen-53-1539090329441836874,94-95m²,bostadsratt,2026-09-13T13:02:55.529298
7305196208774484645,https://www.hemnet.se/salda/lagenhet-3rum-farsta-strand-stockholms-kommun-ullerudsbacken-51-7305196208774484645,94-95m²,bostadsratt,2026-09-13T13:02:55.529299
1718410727038604407,https://www.hemnet.se/salda/lagenhet-4rum-askim-goteborgs-kommun-uggleberget-26-1718410727038604407,94-95m²,bostadsratt,2026-09-13T13:02:55.529300
5368961151366833554,https://www.hemnet.se/salda/lagenhet-4rum-centrum-vasteras-kommun-stora-gatan-2f-5368961151366833554,94-95m²,bostadsratt,2026-09-13T13:02:55.529302
4034593845898651039,https://www.hemnet.se/salda/lagenhet-3rum-stocksund-soderskogen-danderyds-kommun-villavagen-14-4034593845898651039,94-95m²,bostadsratt,2026-09-13T13:02:55.529303
6424834183138276358,https://www.hemnet.se/salda/lagenhet-4rum-torpa-vanersborgs-kommun-bokgatan-14-6424834183138276358,94-95m²,bostadsratt,2026-09-13T13:02:55.529304
1509200860672342674,https://www.hemnet.se/salda/lagenhet-4rum-tullinge-botkyrka-kommun-solskensvagen-11-1509200860672342674,94-95m²,bostadsratt,2026-09-13T13:02:55.529305
6182594249865747340,https://www.hemnet.se/salda/lagenhet-3rum-jonkoping-vaster-jonkopings-kommun-lagermansgatan-9-6182594249865747340,94-95m²,bostadsratt,2026-09-13T13:02:55.529309
3676271821850837144,https://www.hemnet.se/salda/lagenhet-4rum-hammarby-sjostad-stockholms-kommun-sickla-kanalgata-87-3676271821850837144,94-95m²,bostadsratt,2026-09-13T13:02:55.529310
5412765433822767700,https://www.hemnet.se/salda/lagenhet-4rum-morbygarden-vallentuna-kommun-morbygarden-71-5412765433822767700,94-95m²,bostadsratt,2026-09-13T13:02:55.529313
6955207458074824118,https://www.hemnet.se/salda/lagenhet-4rum-kungsholmen-stockholms-kommun-wennerbergsgatan-6a-6955207458074824118,94-95m²,bostadsratt,2026-09-13T13:02:55.529315
8859186510597623188,https://www.hemnet.se/salda/lagenhet-3rum-vast-sjobo-kommun-rotgatan-6a-8859186510597623188,94-95m²,bostadsratt,2026-09-13T13:02:55.529316
3092132589970455475,https://www.hemnet.se/salda/lagenhet-4rum-kalleback-goteborgs-kommun-kallebacksvagen-17b-3092132589970455475,94-95m²,bostadsratt,2026-09-13T13:02:55.529317
5694840463997412158,"https://www.hemnet.se/salda/lagenhet-3,5rum-gustavsberg-holmvikskogen-varmdo-kommun-bergmossevagen-24-5694840463997412158",94-95m²,bostadsratt,2026-09-13T13:02:55.529318
9223013187337177269,https://www.hemnet.se/salda/lagenhet-3rum-centralt-gavle-kommun-norra-skeppargatan-3-c-9223013187337177269,94-95m²,bostadsratt,2026-09-13T13:02:55.529320
7431538246448006958,https://www.hemnet.se/salda/lagenhet-4rum-centrum-getteron-varbergs-kommun-klumbergsvagen-4a-7431538246448006958,94-95m²,bostadsratt,2026-09-13T13:02:55.529321
56330748993887437,https://www.hemnet.se/salda/lagenhet-4rum-rorsjostaden-malmo-kommun-foreningsgatan-39b-kommendorsgatan-11-56330748993887437,94-95m²,bostadsratt,2026-09-13T13:02:55.529322
8047791358062486398,https://www.hemnet.se/salda/lagenhet-4rum-kvisthamra-gransater-norrtalje-kommun-sjofartsgatan-1-8047791358062486398,94-95m²,bostadsratt,2026-09-13T13:02:55.529323
5531432056240990167,https://www.hemnet.se/salda/lagenhet-3rum-centrum-stenstaden-sundsvalls-kommun-storgatan-58a-5531432056240990167,94-95m²,bostadsratt,2026-09-13T13:02:55.529324
8770736463670867005,https://www.hemnet.se/salda/lagenhet-4rum-granby-sala-backe-uppsala-kommun-marknadsgatan-48-8770736463670867005,94-95m²,bostadsratt,2026-09-13T13:02:55.529326
321513080031911594,https://www.hemnet.se/salda/lagenhet-4rum-fruangen-stockholms-kommun-emilia-fogelklous-gata-7-321513080031911594,94-95m²,bostadsratt,2026-09-13T13:02:55.529327
5977973421292145801,https://www.hemnet.se/salda/lagenhet-4rum-centrum-varbergs-kommun-klumbergsvagen-4a-5977973421292145801,94-95m²,bostadsratt,2026-09-13T13:02:55.529328
4414031724242340556,https://www.hemnet.se/salda/lagenhet-3rum-nissastrand-halmstads-kommun-westerbergs-gata-2-4414031724242340556,94-95m²,bostadsratt,2026-09-13T13:02:55.529329
3570789714685747492,https://www.hemnet.se/salda/lagenhet-4rum-jakobsberg-jarfalla-kommun-birgittavagen-29-3570789714685747492,94-95m²,bostadsratt,2026-09-13T13:02:55.529333
1525521260841811810,https://www.hemnet.se/salda/lagenhet-4rum-nacka-forum-nacka-kommun-serenadvagen-40-1525521260841811810,94-95m²,bostadsratt,2026-09-13T13:02:55.529334
4001429857859174674,https://www.hemnet.se/salda/lagenhet-4rum-centralt-kungalvs-kommun-hansagatan-15-4001429857859174674,94-95m²,bostadsratt,2026-09-13T13:02:55.529335
8956148230588018276,"https://www.hemnet.se/salda/lagenhet-4,5rum-tullinge-botkyrka-kommun-norrskensbacken-13-8956148230588018276",94-95m²,bostadsratt,2026-09-13T13:02:55.529336
3366201565526512457,https://www.hemnet.se/salda/lagenhet-4rum-hagernas-taby-kommun-radarvagen-4-3366201565526512457,94-95m²,bostadsratt,2026-09-13T13:02:55.529338
1016603693783569852,https://www.hemnet.se/salda/lagenhet-4rum-centrum-lunds-kommun-fabriksgatan-10-1016603693783569852,94-95m²,bostadsratt,2026-09-13T13:02:55.529339
7610645774357053461,https://www.hemnet.se/salda/lagenhet-4rum-skillinge-simrishamns-kommun-bastemansgatan-12-b-7610645774357053461,94-95m²,bostadsratt,2026-09-13T13:02:55.529340
8189168118463915466,https://www.hemnet.se/salda/lagenhet-4rum-hallerna-stenungsunds-kommun-modistvagen-24a-8189168118463915466,94-95m²,bostadsratt,2026-09-13T13:02:55.529341
5648049731254935876,https://www.hemnet.se/salda/lagenhet-4rum-strandangarna-tyreso-kommun-bjorkangsgrand-6-5648049731254935876,94-95m²,bostadsratt,2026-09-13T13:02:55.529342
7113807436570228367,https://www.hemnet.se/salda/lagenhet-3rum-haggvik-sollentuna-kommun-tellusvagen-52a-7113807436570228367,94-95m²,bostadsratt,2026-09-13T13:02:55.529344
8550045452837646773,"https://www.hemnet.se/salda/lagenhet-4rum-spanga-tensta-stockholms-kommun-skaftingebacken-12,-2-tr-8550045452837646773",94-95m²,bostadsratt,2026-09-13T13:02:55.529345
6688197770785532344,https://www.hemnet.se/salda/lagenhet-4rum-jarvastaden-solna-kommun-torrangsgatan-5-6688197770785532344,94-95m²,bostadsratt,2026-09-13T13:02:55.529348
8810581543414175707,https://www.hemnet.se/salda/lagenhet-4rum-fruangen-stockholms-kommun-vantorsvagen-273-8810581543414175707,94-95m²,bostadsratt,2026-09-13T13:02:55.529349
7281796832948137855,https://www.hemnet.se/salda/lagenhet-4rum-bromma-annedal-stockholms-kommun-annedalsvagen-53-7281796832948137855,94-95m²,bostadsratt,2026-09-13T13:02:55.529350
4426002463023769062,https://www.hemnet.se/salda/lagenhet-4rum-kallhall-jarfalla-kommun-kopparvagen-19-4426002463023769062,94-95m²,bostadsratt,2026-09-13T13:02:55.529352
6346251048747887971,https://www.hemnet.se/salda/lagenhet-4rum-farsta-stockholms-kommun-hammarogatan-11-6346251048747887971,94-95m²,bostadsratt,2026-09-13T13:02:55.529353
7845305243621025095,https://www.hemnet.se/salda/lagenhet-3rum-saltsjoqvarn-nacka-kommun-saltsjoqvarns-kaj-35-7845305243621025095,94-95m²,bostadsratt,2026-09-13T13:02:55.529354
2372420201492029102,https://www.hemnet.se/salda/lagenhet-4rum-barkarbystaden-jarfalla-kommun-karlslundsvagen-1-2372420201492029102,94-95m²,bostadsratt,2026-09-13T13:02:55.529355
5532431946079414012,https://www.hemnet.se/salda/lagenhet-3rum-norrmalm-vasastan-stockholms-kommun-johannes-plan-3-5532431946079414012,94-95m²,bostadsratt,2026-09-13T13:02:55.529356
2946103501526855503,https://www.hemnet.se/salda/lagenhet-4rum-vasastan-hagastaden-stockholms-kommun-halsingegatan-51-2946103501526855503,94-95m²,bostadsratt,2026-09-13T13:02:55.529358
7298064187329429024,https://www.hemnet.se/salda/lagenhet-4rum-nora-hitorp-nora-kommun-rattarvagen-28-f-7298064187329429024,94-95m²,bostadsratt,2026-09-13T13:02:55.529359
739526322492386803,https://www.hemnet.se/salda/lagenhet-4rum-centrala-tyreso-tyreso-kommun-myggdalsvagen-84-739526322492386803,94-95m²,bostadsratt,2026-09-13T13:02:55.529360
8959226638744399508,"https://www.hemnet.se/salda/lagenhet-4rum-tollare-nacka-kommun-tollareslingan-8,-5tr-8959226638744399508",94-95m²,bostadsratt,2026-09-13T13:02:55.529361
389275439521778398,"https://www.hemnet.se/salda/lagenhet-4rum-vasastan-stockholms-kommun-idungatan-7c,-4-tr-389275439521778398",94-95m²,bostadsratt,2026-09-13T13:02:55.529362
3081415366766084145,https://www.hemnet.se/salda/lagenhet-4rum-nyslatt-klippans-kommun-bladgatan-4c-3081415366766084145,94-95m²,bostadsratt,2026-09-13T13:02:55.529364
3867685974285814674,https://www.hemnet.se/salda/lagenhet-4rum-hasselby-norra-villastad-stockholms-kommun-backtimjegrand-3-3867685974285814674,94-95m²,bostadsratt,2026-09-13T13:02:55.529365
5687668344704400445,https://www.hemnet.se/salda/lagenhet-4rum-sodermalm-hogalid-stockholms-kommun-hogalidsgatan-48a-5687668344704400445,94-95m²,bostadsratt,2026-09-13T13:02:55.529366
5490557612692525756,https://www.hemnet.se/salda/lagenhet-4rum-johanneshov-stockholms-kommun-resare-bengts-plan-3-5490557612692525756,94-95m²,bostadsratt,2026-09-13T13:02:55.529367
6643544243224332515,https://www.hemnet.se/salda/lagenhet-4rum-jakobsberg-jarfalla-kommun-aspnasvagen-32-6643544243224332515,94-95m²,bostadsratt,2026-09-13T13:02:55.529368
7363050154417548316,https://www.hemnet.se/salda/lagenhet-4rum-kungsladugard-goteborgs-kommun-lilla-fridhemsgatan-6-c-7363050154417548316,94-95m²,bostadsratt,2026-09-13T13:02:55.529370
1087975651265554643,https://www.hemnet.se/salda/lagenhet-4rum-alvsjostaden-stockholms-kommun-sandalettgatan-5-1087975651265554643,94-95m²,bostadsratt,2026-09-13T13:02:55.529371
4556599582778249550,https://www.hemnet.se/salda/lagenhet-3rum-centrala-molndal-molndals-kommun-torggatan-48-4556599582778249550,94-95m²,bostadsratt,2026-09-13T13:02:55.529378
6376520098012509234,https://www.hemnet.se/salda/lagenhet-4rum-solbacka-strand-norrtalje-kommun-solparksvagen-13a-6376520098012509234,94-95m²,bostadsratt,2026-09-13T13:02:55.529379
6634553016857713250,https://www.hemnet.se/salda/lagenhet-4rum-rissne-sundbybergs-kommun-mjolnerbacken-16-6634553016857713250,94-95m²,bostadsratt,2026-09-13T13:02:55.529380
7086341934702972763,https://www.hemnet.se/salda/lagenhet-3rum-ostermalm-stockholms-kommun-grevgatan-60-7086341934702972763,94-95m²,bostadsratt,2026-09-13T13:02:55.529381
2478627454203217819,https://www.hemnet.se/salda/lagenhet-3rum-vasastan-stockholms-kommun-eastmansvagen-8b-2478627454203217819,94-95m²,bostadsratt,2026-09-13T13:02:55.529383
6937826691340796569,https://www.hemnet.se/salda/lagenhet-4rum-on-malmo-kommun-lotshusgatan-2b-6937826691340796569,94-95m²,bostadsratt,2026-09-13T13:02:55.529386
1026162509487015435,https://www.hemnet.se/salda/lagenhet-4rum-guldheden-goteborgs-kommun-doktor-allards-gata-14-1026162509487015435,94-95m²,bostadsratt,2026-09-13T13:02:55.529387
4618972664968291618,https://www.hemnet.se/salda/lagenhet-4rum-skondal-stockholms-kommun-maria-rohls-vag-7-4618972664968291618,94-95m²,bostadsratt,2026-09-13T13:02:55.529389
7789290415686546283,https://www.hemnet.se/salda/lagenhet-4rum-jarlaberg-nacka-kommun-diligensvagen-136-7789290415686546283,94-95m²,bostadsratt,2026-09-13T13:02:55.529390
6457890279690970919,"https://www.hemnet.se/salda/lagenhet-4rum-vastra-kungsholmen-kristineberg-stockholms-kommun-kristinebergs-slottsvag-7,-van-2-6457890279690970919",94-95m²,bostadsratt,2026-09-13T13:02:55.529391
3449899999117226587,https://www.hemnet.se/salda/lagenhet-3rum-fridhem-malmo-kommun-ribersborgsvagen-15b-3449899999117226587,94-95m²,bostadsratt,2026-09-13T13:02:55.529393
2949187982633260773,https://www.hemnet.se/salda/lagenhet-3rum-stravalla-varbergs-kommun-askarrsvagen-15a-2949187982633260773,94-95m²,bostadsratt,2026-09-13T13:02:55.529394
561981739520686355,https://www.hemnet.se/salda/lagenhet-4rum-centrala-sundbyberg-sundbybergs-kommun-hamngatan-11a-561981739520686355,94-95m²,bostadsratt,2026-09-13T13:02:55.529395
8223576377133476209,https://www.hemnet.se/salda/lagenhet-4rum-alvsjo-ostbergahojden-stockholms-kommun-slattakragrand-26-8223576377133476209,94-95m²,bostadsratt,2026-09-13T13:02:55.529396
8048987230718151255,https://www.hemnet.se/salda/lagenhet-3rum-kopingebro-ystads-kommun-solviksvagen-6b-8048987230718151255,94-95m²,bostadsratt,2026-09-13T13:02:55.529398
2168702770792185517,https://www.hemnet.se/salda/lagenhet-4rum-kallhall-jarfalla-kommun-ulvsattragrand-7-2168702770792185517,94-95m²,bostadsratt,2026-09-13T13:02:55.529399
2052211543258579414,https://www.hemnet.se/salda/lagenhet-4rum-linero-lunds-kommun-linerovagen-26a-2052211543258579414,94-95m²,bostadsratt,2026-09-13T13:02:55.529400
2466303767310088363,https://www.hemnet.se/salda/lagenhet-4rum-tierp-tierps-kommun-gavlevagen-42a-2466303767310088363,94-95m²,bostadsratt,2026-09-13T13:02:55.529404
8967501913333715758,https://www.hemnet.se/salda/lagenhet-4rum-ulleraker-uppsala-kommun-gustaf-kjellbergs-vag-24-8967501913333715758,94-95m²,bostadsratt,2026-09-13T13:02:55.529405
4915846253734772404,https://www.hemnet.se/salda/lagenhet-3rum-gertrudsvik-sjostad-vasterviks-kommun-solvandan-12a-4915846253734772404,94-95m²,bostadsratt,2026-09-13T13:02:55.529406
2152185799370642392,https://www.hemnet.se/salda/lagenhet-4rum-karlshamn-karlshamns-kommun-regeringsgatan-118-2152185799370642392,94-95m²,bostadsratt,2026-09-13T13:02:55.529408
5225966950625473800,"https://www.hemnet.se/salda/lagenhet-4rum-farsta-stockholms-kommun-hammarogatan-7,-van-5-5-5225966950625473800",94-95m²,bostadsratt,2026-09-13T13:02:55.529409
6673307713808360672,https://www.hemnet.se/salda/lagenhet-3rum-citadellskajen-malmo-kommun-skeppsgatan-44-6673307713808360672,94-95m²,bostadsratt,2026-09-13T13:02:55.529410
9179313136104295048,https://www.hemnet.se/salda/lagenhet-3rum-aggerud-karlskoga-kommun-boangsvagen-33-9179313136104295048,94-95m²,bostadsratt,2026-09-13T13:02:55.529411
1614886398488326234,"https://www.hemnet.se/salda/lagenhet-4rum-alvsjostaden-stockholms-kommun-kabelverksgatan-32,-3-tr,-1614886398488326234",94-95m²,bostadsratt,2026-09-13T13:02:55.529412
1053413751864867608,https://www.hemnet.se/salda/lagenhet-3rum-centrum-lulea-kommun-smabatsgatan-10c-1053413751864867608,94-95m²,bostadsratt,2026-09-13T13:02:55.529414
1368324257147570742,https://www.hemnet.se/salda/lagenhet-4rum-hallerna-stenungsunds-kommun-modistvagen-21b-1368324257147570742,94-95m²,bostadsratt,2026-09-13T13:02:55.529415
3000472479862890963,https://www.hemnet.se/salda/lagenhet-4rum-lugnvik-ostersunds-kommun-pumpmakargrand-2-3000472479862890963,94-95m²,bostadsratt,2026-09-13T13:02:55.529416
5256220986318338781,https://www.hemnet.se/salda/lagenhet-4rum-lyckhem-huvudnas-vanersborgs-kommun-sjobodsvagen-3-c-5256220986318338781,94-95m²,bostadsratt,2026-09-13T13:02:55.529417
7605811579418782259,"https://www.hemnet.se/salda/lagenhet-4rum-hagernas-taby-kommun-radarvagen-6,-van-3-7605811579418782259",94-95m²,bostadsratt,2026-09-13T13:02:55.529419
6812999537724746594,https://www.hemnet.se/salda/lagenhet-4rum-centrum-gavle-kommun-sodra-kansligatan-31-6812999537724746594,94-95m²,bostadsratt,2026-09-13T13:02:55.529420
7327327965473948245,https://www.hemnet.se/salda/lagenhet-4rum-vasastan-hagastaden-stockholms-kommun-gavlegatan-26-7327327965473948245,94-95m²,bostadsratt,2026-09-13T13:02:55.529423
2663476576766011794,https://www.hemnet.se/salda/lagenhet-4rum-centrum-nynashamns-kommun-lovlundsvagen-10-2663476576766011794,94-95m²,bostadsratt,2026-09-13T13:02:55.529427
8784056004096644925,https://www.hemnet.se/salda/lagenhet-4rum-tyreso-strand-tyreso-kommun-lovangsgrand-3-8784056004096644925,94-95m²,bostadsratt,2026-09-13T13:02:55.529428
7492988667494319135,https://www.hemnet.se/salda/lagenhet-94m2-hoganas-centralt-hoganas-kommun-storgatan-55b-7492988667494319135,94-95m²,bostadsratt,2026-09-13T13:02:55.529429
5020903710258918402,https://www.hemnet.se/salda/lagenhet-4rum-centrum-oster-halmstads-kommun-hemmansvagen-11-5020903710258918402,94-95m²,bostadsratt,2026-09-13T13:02:55.529430
5816002284347824303,"https://www.hemnet.se/salda/lagenhet-5rum-gamla-ostberga-alvsjo-stockholms-kommun-stamgatan-14,-van-1-5816002284347824303",94-95m²,bostadsratt,2026-09-13T13:02:55.529432
2192886145627036532,https://www.hemnet.se/salda/lagenhet-4rum-vasastan-stockholms-kommun-hagaesplanaden-63-2192886145627036532,94-95m²,bostadsratt,2026-09-13T13:02:55.529433
8410862001223553586,https://www.hemnet.se/salda/lagenhet-4rum-centralt-vaster-orebro-kommun-hertig-karls-alle-7-8410862001223553586,94-95m²,bostadsratt,2026-09-13T13:02:55.529434
3969460346833758489,https://www.hemnet.se/salda/lagenhet-4rum-alvsjostaden-stockholms-kommun-kabelverksgatan-32-3969460346833758489,94-95m²,bostadsratt,2026-09-13T13:02:55.529435
3832813848055205050,https://www.hemnet.se/salda/lagenhet-4rum-kvarnbyvallen-molndals-kommun-kvarnbyvallen-23-3832813848055205050,94-95m²,bostadsratt,2026-09-13T13:02:55.529437
2827140700609457054,https://www.hemnet.se/salda/lagenhet-4rum-enskededalen-stockholms-kommun-finngrundsvagen-3-2827140700609457054,94-95m²,bostadsratt,2026-09-13T13:02:55.529438
4342082303772918152,https://www.hemnet.se/salda/lagenhet-3rum-kalltorp-goteborgs-kommun-kalltorpsgatan-8-4342082303772918152,94-95m²,bostadsratt,2026-09-13T13:02:55.529439
5258350948462982504,"https://www.hemnet.se/salda/lagenhet-3rum-fredhall-stockholms-kommun-ernst-ahlgrens-vag-7,-3-4-tr-5258350948462982504",94-95m²,bostadsratt,2026-09-13T13:02:55.529440
3293288085535165929,"https://www.hemnet.se/salda/lagenhet-4rum-bromma-annedal-stockholms-kommun-annedalsvagen-42,-80-kvm-uteplats-3293288085535165929",94-95m²,bostadsratt,2026-09-13T13:02:55.529442
5404861792977602024,https://www.hemnet.se/salda/lagenhet-3rum-nilstorp-lunds-kommun-mellanvangsvagen-7-5404861792977602024,94-95m²,bostadsratt,2026-09-13T13:02:55.529443
8151764977367013570,https://www.hemnet.se/salda/lagenhet-4rum-oceanhamnen-helsingborgs-kommun-oceankajen-4-8151764977367013570,94-95m²,bostadsratt,2026-09-13T13:02:55.529444
2544113002753932647,https://www.hemnet.se/salda/lagenhet-4rum-gottfridsberg-linkopings-kommun-opphemsgatan-10-2544113002753932647,94-95m²,bostadsratt,2026-09-13T13:02:55.529445
3487408931180907872,https://www.hemnet.se/salda/lagenhet-3rum-vastra-hamnen-malmo-kommun-vimpelgatan-17-3487408931180907872,94-95m²,bostadsratt,2026-09-13T13:02:55.529447
668670983936787381,"https://www.hemnet.se/salda/lagenhet-5rum-gamla-ostberga-alvjso-stockholms-kommun-stamgatan-19,-3-tr-668670983936787381",94-95m²,bostadsratt,2026-09-13T13:02:55.529448
1657451830349038568,https://www.hemnet.se/salda/lagenhet-4rum-ost-pa-stan-umea-kommun-ostermalmsgatan-20a-1657451830349038568,94-95m²,bostadsratt,2026-09-13T13:02:55.529449
7796895214660021730,"https://www.hemnet.se/salda/lagenhet-4rum-centrala-tyreso-tyreso-kommun-bjorkbacksvagen-43,-13540-tyreso-7796895214660021730",94-95m²,bostadsratt,2026-09-13T13:02:55.529451
2262116714634882640,https://www.hemnet.se/salda/lagenhet-4rum-tyreso-tyreso-kommun-njupkarrsvagen-48-2262116714634882640,94-95m²,bostadsratt,2026-09-13T13:02:55.529452
2114631621658407521,"https://www.hemnet.se/salda/lagenhet-3rum-vaggeryd-hjortsjon-sodra-vaggeryds-kommun-folkparksgatan-2,-lgh-1001-2114631621658407521",94-95m²,bostadsratt,2026-09-13T13:02:55.529453
8531816932088954006,https://www.hemnet.se/salda/lagenhet-4rum-hovshaga-vaxjo-kommun-byalagsvagen-35-8531816932088954006,94-95m²,bostadsratt,2026-09-13T13:02:55.529454
4343619307783070608,https://www.hemnet.se/salda/lagenhet-4rum-vasastan-stockholms-kommun-odengatan-30-4343619307783070608,94-95m²,bostadsratt,2026-09-13T13:02:55.529456
8664357670318499512,"https://www.hemnet.se/salda/lagenhet-4rum-vasastan-stockholms-kommun-upplandsgatan-79a,-2-tr-og-8664357670318499512",94-95m²,bostadsratt,2026-09-13T13:02:55.529457
8515292181862509908,https://www.hemnet.se/salda/lagenhet-4rum-centrala-gavle-gavle-kommun-ruddammsgatan-38-8515292181862509908,94-95m²,bostadsratt,2026-09-13T13:02:55.529460
1174111629251794918,https://www.hemnet.se/salda/lagenhet-4rum-centrum-vaxjo-kommun-norrtullsgatan-4-1174111629251794918,94-95m²,bostadsratt,2026-09-13T13:02:55.529461
7030201093052641611,https://www.hemnet.se/salda/lagenhet-4rum-sankt-jorgen-goteborgs-kommun-sankt-jorgens-alle-3-7030201093052641611,94-95m²,bostadsratt,2026-09-13T13:02:55.529463
6245557005748220574,https://www.hemnet.se/salda/lagenhet-3rum-oster-malarstrand-vasteras-kommun-rasegelgatan-6-6245557005748220574,94-95m²,bostadsratt,2026-09-13T13:02:55.529464
2618232506487521244,https://www.hemnet.se/salda/lagenhet-4rum-rosengard-apelgarden-malmo-kommun-von-lingens-vag-28-2618232506487521244,94-95m²,bostadsratt,2026-09-13T13:02:55.529465
8079134858817003253,https://www.hemnet.se/salda/lagenhet-4rum-sodermalm-hornstull-stockholms-kommun-hogalidsgatan-48-a-8079134858817003253,94-95m²,bostadsratt,2026-09-13T13:02:55.529467
1532652478781919749,"https://www.hemnet.se/salda/lagenhet-3,5rum-centrala-sundbyberg-sundbybergs-kommun-gjuteribacken-21a,-van-4-1532652478781919749",94-95m²,bostadsratt,2026-09-13T13:02:55.529468
8187915511654305752,"https://www.hemnet.se/salda/lagenhet-4rum-bromma-annedal-stockholms-kommun-tappvagen-37,-4-tr-8187915511654305752",94-95m²,bostadsratt,2026-09-13T13:02:55.529472
1627698088858232111,"https://www.hemnet.se/salda/lagenhet-4rum-vastra-skogen-solna-kommun-armegatan-36d,-van-3-1627698088858232111",94-95m²,bostadsratt,2026-09-13T13:02:55.529473
175407263233160601,https://www.hemnet.se/salda/lagenhet-3rum-centrum-lulea-kommun-stationsgatan-11-175407263233160601,94-95m²,bostadsratt,2026-09-13T13:02:55.529474
8597706068959970467,https://www.hemnet.se/salda/lagenhet-4rum-holmangen-vanersborgs-kommun-stadsgardsvagen-12-8597706068959970467,94-95m²,bostadsratt,2026-09-13T13:02:55.529475
3176701423100626480,"https://www.hemnet.se/salda/lagenhet-4rum-upplands-vasby-upplands-vasby-kommun-vallstavagen-27,-lgh-1004-3176701423100626480",94-95m²,bostadsratt,2026-09-13T13:02:55.529477
5172668218118391135,https://www.hemnet.se/salda/lagenhet-3rum-centralt-grossgardet-norrtalje-kommun-drottninggatan-8-5172668218118391135,94-95m²,bostadsratt,2026-09-13T13:02:55.529478
4175506308153176538,https://www.hemnet.se/salda/lagenhet-4rum-vaxjo-sandsbro-vaxjo-kommun-toftasjovagen-215-4175506308153176538,94-95m²,bostadsratt,2026-09-13T13:02:55.529479
501944544869650453,https://www.hemnet.se/salda/lagenhet-3rum-solna-solna-kommun-wiboms-vag-12-501944544869650453,94-95m²,bostadsratt,2026-09-13T13:02:55.529480
8043287859547882936,https://www.hemnet.se/salda/lagenhet-4rum-oringe-tyreso-kommun-diamantgangen-321-8043287859547882936,94-95m²,bostadsratt,2026-09-13T13:02:55.529481
6415413104935634403,https://www.hemnet.se/salda/lagenhet-4rum-nasby-kristianstads-kommun-nasbychaussen-51-6415413104935634403,94-95m²,bostadsratt,2026-09-13T13:02:55.529483
3031862858789765766,https://www.hemnet.se/salda/lagenhet-4rum-masthugget-goteborgs-kommun-klostergangen-7-3031862858789765766,94-95m²,bostadsratt,2026-09-13T13:02:55.529484
187539143184239034,https://www.hemnet.se/salda/lagenhet-4rum-norra-faladen-lunds-kommun-skarpskyttevagen-6b-187539143184239034,94-95m²,bostadsratt,2026-09-13T13:02:55.529485
4294077390340343706,https://www.hemnet.se/salda/lagenhet-4rum-rosengard-malmo-kommun-von-lingens-vag-46-4294077390340343706,94-95m²,bostadsratt,2026-09-13T13:02:55.529486
789025033144190751,https://www.hemnet.se/salda/lagenhet-3rum-centrum-ulricehamns-kommun-storgatan-53-789025033144190751,94-95m²,bostadsratt,2026-09-13T13:02:55.529487
2972302307990462791,https://www.hemnet.se/salda/lagenhet-4rum-odsmal-stenungsunds-kommun-askekarret-2a-2972302307990462791,94-95m²,bostadsratt,2026-09-13T13:02:55.529489
8816862882856065269,https://www.hemnet.se/salda/lagenhet-4rum-lugnvik-ostersunds-kommun-fargargrand-2-8816862882856065269,94-95m²,bostadsratt,2026-09-13T13:02:55.529490
6894719511521371775,https://www.hemnet.se/salda/lagenhet-4rum-taby-park-taby-kommun-parkallen-29-6894719511521371775,94-95m²,bostadsratt,2026-09-13T13:02:55.529493
5444256513524087504,"https://www.hemnet.se/salda/lagenhet-4rum-centrala-vasby-upplands-vasby-kommun-stallgatan-15b,-3-tr-5444256513524087504",94-95m²,bostadsratt,2026-09-13T13:02:55.529495
6797030006861865158,https://www.hemnet.se/salda/lagenhet-4rum-vid-vattern-vadstena-kommun-johan-iii-s-vag-1e-6797030006861865158,94-95m²,bostadsratt,2026-09-13T13:02:55.529498
2014189492382340771,https://www.hemnet.se/salda/lagenhet-4rum-odakra-helsingborgs-kommun-merkuriusgatan-38-2014189492382340771,94-95m²,bostadsratt,2026-09-13T13:02:55.529500
2849786880948858230,"https://www.hemnet.se/salda/lagenhet-4rum-bromma-annedal-stockholms-kommun-tummelisas-gata-4,-3tr,-2849786880948858230",94-95m²,bostadsratt,2026-09-13T13:02:55.529501
3074254615527911971,https://www.hemnet.se/salda/lagenhet-4rum-smedby-upplands-vasby-kommun-stallgatan-15b-3074254615527911971,94-95m²,bostadsratt,2026-09-13T13:02:55.529502
2676960111598561591,https://www.hemnet.se/salda/lagenhet-4rum-tullinge-botkyrka-kommun-solskensvagen-17-2676960111598561591,94-95m²,bostadsratt,2026-09-13T13:02:55.529503
2235857673953916905,https://www.hemnet.se/salda/lagenhet-5rum-hisings-backa-goteborgs-kommun-lillhagens-sandlycka-11a-2235857673953916905,94-95m²,bostadsratt,2026-09-13T13:02:55.529505
2480742952665662959,https://www.hemnet.se/salda/lagenhet-4rum-falkoping-falkopings-kommun-dotorpsgatan-66a-2480742952665662959,94-95m²,bostadsratt,2026-09-13T13:02:55.529506
8354398989532572683,https://www.hemnet.se/salda/lagenhet-4rum-liljeholmskajen-stockholms-kommun-onologgatan-2-8354398989532572683,94-95m²,bostadsratt,2026-09-13T13:02:55.529507
578562565266900231,https://www.hemnet.se/salda/lagenhet-4rum-barkarbystaden-jarfalla-kommun-karlslundsvagen-1-578562565266900231,94-95m²,bostadsratt,2026-09-13T13:02:55.529508
7868334555510114011,https://www.hemnet.se/salda/lagenhet-4rum-tollare-nacka-kommun-tollareslingan-8-7868334555510114011,94-95m²,bostadsratt,2026-09-13T13:02:55.529509
4189949924040864162,https://www.hemnet.se/salda/lagenhet-4rum-hagerstensasen-stockholms-kommun-boktryckarvagen-8-4189949924040864162,94-95m²,bostadsratt,2026-09-13T13:02:55.529510
6890211274095584359,https://www.hemnet.se/salda/lagenhet-3rum-vasastan-stockholms-kommun-luntmakargatan-81-6890211274095584359,94-95m²,bostadsratt,2026-09-13T13:02:55.529512
595918376290600254,"https://www.hemnet.se/salda/lagenhet-4rum-tullinge-botkyrka-kommun-norrskensbacken-7,-5tr-595918376290600254",94-95m²,bostadsratt,2026-09-13T13:02:55.529513
1772652606112105896,https://www.hemnet.se/salda/lagenhet-3rum-torpa-jonkopings-kommun-lagermansgatan-9-1772652606112105896,94-95m²,bostadsratt,2026-09-13T13:02:55.529514
4753284443339000714,https://www.hemnet.se/salda/lagenhet-4rum-eslov-eslovs-kommun-vallarevagen-17c-4753284443339000714,94-95m²,bostadsratt,2026-09-13T13:02:55.529518
6955031617961450824,https://www.hemnet.se/salda/lagenhet-4rum-sandsbro-vaxjo-kommun-toftasjovagen-58-6955031617961450824,94-95m²,bostadsratt,2026-09-13T13:02:55.529519
6810219017909067985,"https://www.hemnet.se/salda/lagenhet-4rum-sodermalm-stockholms-kommun-allhelgonagatan-8,-1,5-tr-6810219017909067985",94-95m²,bostadsratt,2026-09-13T13:02:55.529520
1219158315403791327,https://www.hemnet.se/salda/lagenhet-4rum-centralt-ornskoldsviks-kommun-baldersvagen-3b-1219158315403791327,94-95m²,bostadsratt,2026-09-13T13:02:55.529521
1833249117466547073,https://www.hemnet.se/salda/lagenhet-4rum-bolinder-strand-kallhall-jarfalla-kommun-maskinistvagen-16-1833249117466547073,94-95m²,bostadsratt,2026-09-13T13:02:55.529523
8940338529986113210,https://www.hemnet.se/salda/lagenhet-4rum-sundbybergs-strand-centrala-sundbyberg-sundbybergs-kommun-hamngatan-21b-8940338529986113210,94-95m²,bostadsratt,2026-09-13T13:02:55.529524
2347501153798541590,"https://www.hemnet.se/salda/lagenhet-4rum-bromma-annedal-stockholms-kommun-tummelisas-gata-4,-2-tr,-2347501153798541590",94-95m²,bostadsratt,2026-09-13T13:02:55.529525
7649346227021369205,https://www.hemnet.se/salda/lagenhet-4rum-biskopshagen-vaxjo-kommun-eklovsgatan-24-7649346227021369205,94-95m²,bostadsratt,2026-09-13T13:02:55.529526
6449298965423049422,https://www.hemnet.se/salda/lagenhet-4rum-vasterslatt-umea-kommun-nackrosvagen-13-6449298965423049422,94-95m²,bostadsratt,2026-09-13T13:02:55.529527
4528929984142455088,https://www.hemnet.se/salda/lagenhet-4rum-vallingby-grimsta-stockholms-kommun-gulddragargrand-50-4528929984142455088,94-95m²,bostadsratt,2026-09-13T13:02:55.529529
8833322423323535841,https://www.hemnet.se/salda/lagenhet-4rum-gyllins-tradgard-malmo-kommun-lonnebergagatan-65-8833322423323535841,94-95m²,bostadsratt,2026-09-13T13:02:55.529530
8012006282748550847,https://www.hemnet.se/salda/lagenhet-4rum-torslanda-amhult-goteborgs-kommun-segelflyget-14-8012006282748550847,94-95m²,bostadsratt,2026-09-13T13:02:55.529533
3867296551125878422,https://www.hemnet.se/salda/lagenhet-4rum-riksten-botkyrka-kommun-brf-utkiken-lgh-01-3867296551125878422,94-95m²,bostadsratt,2026-09-13T13:02:55.529535
8188028714822204458,https://www.hemnet.se/salda/lagenhet-4rum-kulladal-malmo-kommun-kulladalsgatan-6c-8188028714822204458,94-95m²,bostadsratt,2026-09-13T13:02:55.529536
8307237610892226388,https://www.hemnet.se/salda/lagenhet-4rum-enskede-gubbangen-stockholms-kommun-lingvagen-107-8307237610892226388,94-95m²,bostadsratt,2026-09-13T13:02:55.529537
7227735185631268903,https://www.hemnet.se/salda/lagenhet-3rum-norra-faladen-lunds-kommun-skarpskyttevagen-22f-7227735185631268903,94-95m²,bostadsratt,2026-09-13T13:02:55.529538
238902863349222878,https://www.hemnet.se/salda/lagenhet-4rum-eksjo-orrhaga-gamla-stan-eksjo-kommun-prastangsvagen-16a-238902863349222878,94-95m²,bostadsratt,2026-09-13T13:02:55.529540
5980025257594644023,"https://www.hemnet.se/salda/lagenhet-3,5rum-varnhem-malmo-kommun-varnhemsgatan-3-5980025257594644023",94-95m²,bostadsratt,2026-09-13T13:02:55.529541
4843036603219193189,https://www.hemnet.se/salda/lagenhet-4rum-kungsholmen-kristineberg-stockholms-kommun-kristinebergsvagen-38-4843036603219193189,94-95m²,bostadsratt,2026-09-13T13:02:55.529542
6497557743361378730,https://www.hemnet.se/salda/lagenhet-4rum-tullinge-botkyrka-kommun-solskensvagen-11-6497557743361378730,94-95m²,bostadsratt,2026-09-13T13:02:55.529543
3861488051794859546,https://www.hemnet.se/salda/lagenhet-4rum-nacka-strand-nacka-kommun-augustendalsvagen-33-3861488051794859546,94-95m²,bostadsratt,2026-09-13T13:02:55.529545
7748543624388107688,https://www.hemnet.se/salda/lagenhet-4rum-kaffebacken-norrkopings-kommun-ektorpsgatan-118-7748543624388107688,94-95m²,bostadsratt,2026-09-13T13:02:55.529546
7576933301412714275,https://www.hemnet.se/salda/lagenhet-4rum-vasastan-stockholms-kommun-halsingegatan-8-7576933301412714275,94-95m²,bostadsratt,2026-09-13T13:02:55.529547
3769888463436122960,"https://www.hemnet.se/salda/lagenhet-3rum-sodermalm-stockholms-kommun-fatburstrappan-18,-8tr-3769888463436122960",94-95m²,bostadsratt,2026-09-13T13:02:55.529548
2588202283279900975,https://www.hemnet.se/salda/lagenhet-3rum-brunstorp-jonkopings-kommun-sikvagen-14-2588202283279900975,94-95m²,bostadsratt,2026-09-13T13:02:55.529549
6579829019247788636,"https://www.hemnet.se/salda/lagenhet-3rum-bromma-annedal-stockholms-kommun-pellepennans-gata-3,-van-3-6579829019247788636",94-95m²,bostadsratt,2026-09-13T13:02:55.529551
2201760911464808005,https://www.hemnet.se/salda/lagenhet-4rum-tullinge-botkyrka-kommun-solskensvagen-11-2201760911464808005,94-95m²,bostadsratt,2026-09-13T13:02:55.529552
7256105646546739855,"https://www.hemnet.se/salda/lagenhet-4rum-liljeholmen-stockholms-kommun-nybohovsbacken-31,-1tr-7256105646546739855",94-95m²,bostadsratt,2026-09-13T13:02:55.529553
3183500056450703493,https://www.hemnet.se/salda/lagenhet-5rum-beckomberga-stockholms-kommun-beckombergavagen-212-3183500056450703493,94-95m²,bostadsratt,2026-09-13T13:02:55.529554
7579996693663234774,https://www.hemnet.se/salda/lagenhet-4rum-akersberga-centralt-osterakers-kommun-vastra-banvagen-6-b-7579996693663234774,94-95m²,bostadsratt,2026-09-13T13:02:55.529556
4461392840876743976,https://www.hemnet.se/salda/lagenhet-3rum-abbekas-skurups-kommun-svanvagen-27-4461392840876743976,94-95m²,bostadsratt,2026-09-13T13:02:55.529557
1172036259185086349,https://www.hemnet.se/salda/lagenhet-4rum-centrala-hisingen-goteborgs-kommun-gustaf-dalensgatan-18-1172036259185086349,94-95m²,bostadsratt,2026-09-13T13:02:55.529561
7257572491842803979,https://www.hemnet.se/salda/lagenhet-3rum-norra-faladen-lunds-kommun-skarpskyttevagen-4c-7257572491842803979,94-95m²,bostadsratt,2026-09-13T13:02:55.529562
3947735497508221796,https://www.hemnet.se/salda/lagenhet-3rum-oster-malarstrand-vasteras-kommun-rasegelgatan-6-3947735497508221796,94-95m²,bostadsratt,2026-09-13T13:02:55.529563
1770106276897566180,https://www.hemnet.se/salda/lagenhet-4rum-knivsta-knivsta-kommun-gredelbyvagen-5-1770106276897566180,94-95m²,bostadsratt,2026-09-13T13:02:55.529564
4502044375673308472,https://www.hemnet.se/salda/lagenhet-3rum-brunstorp-jonkopings-kommun-sikvagen-16-4502044375673308472,94-95m²,bostadsratt,2026-09-13T13:02:55.529565
8984326258068269527,https://www.hemnet.se/salda/lagenhet-3rum-ostermalm-stockholms-kommun-breitenfeldsgatan-5-8984326258068269527,94-95m²,bostadsratt,2026-09-13T13:02:55.529567
7037839854456053323,https://www.hemnet.se/salda/lagenhet-5rum-huvudsta-solna-kommun-storgatan-72a-7037839854456053323,94-95m²,bostadsratt,2026-09-13T13:02:55.529570
4313156106468655085,https://www.hemnet.se/salda/lagenhet-3rum-kungsholmen-fridhemsplan-stockholms-kommun-fleminggatan-34-4313156106468655085,94-95m²,bostadsratt,2026-09-13T13:02:55.529571
7836513721637935977,https://www.hemnet.se/salda/lagenhet-4rum-noltorp-alingsas-kommun-renfanegatan-14-7836513721637935977,94-95m²,bostadsratt,2026-09-13T13:02:55.529572
2093199131778823030,https://www.hemnet.se/salda/lagenhet-4rum-karls-aby-karlskoga-kommun-filipstadsvagen-19b-2093199131778823030,94-95m²,bostadsratt,2026-09-13T13:02:55.529574
5232194341945197564,https://www.hemnet.se/salda/lagenhet-3rum-ostermalm-stockholms-kommun-nybrogatan-44-5232194341945197564,94-95m²,bostadsratt,2026-09-13T13:02:55.529575
7207796912188204941,https://www.hemnet.se/salda/lagenhet-3rum-falkagard-falkenbergs-kommun-ormvraksvagen-3-7207796912188204941,94-95m²,bostadsratt,2026-09-13T13:02:55.529576
9194116792872658885,https://www.hemnet.se/salda/lagenhet-4rum-jakobsberg-jarfalla-kommun-aspnasvagen-30-9194116792872658885,94-95m²,bostadsratt,2026-09-13T13:02:55.529577
6708518776881704747,https://www.hemnet.se/salda/lagenhet-4rum-tumba-botkyrka-kommun-grodingevagen-69-6708518776881704747,94-95m²,bostadsratt,2026-09-13T13:02:55.529579
681524348642530925,https://www.hemnet.se/salda/lagenhet-4rum-teleborg-vaxjo-kommun-emil-lindells-vag-28-681524348642530925,94-95m²,bostadsratt,2026-09-13T13:02:55.529580
1448334178909033639,https://www.hemnet.se/salda/lagenhet-4rum-ulleraker-uppsala-kommun-gustaf-kjellbergs-vag-16-1448334178909033639,94-95m²,bostadsratt,2026-09-13T13:02:55.529584
5074980360970494508,https://www.hemnet.se/salda/lagenhet-4rum-sundsvall-sundsvalls-kommun-dalgatan-33b-5074980360970494508,94-95m²,bostadsratt,2026-09-13T13:02:55.529585
4769229359665781319,https://www.hemnet.se/salda/lagenhet-4rum-haninge-haninge-kommun-getporsvagen-3-4769229359665781319,94-95m²,bostadsratt,2026-09-13T13:02:55.529586
2059302757614117735,https://www.hemnet.se/salda/lagenhet-4rum-grimmered-goteborgs-kommun-tralasvagen-14c-2059302757614117735,94-95m²,bostadsratt,2026-09-13T13:02:55.529587
699730460718408513,https://www.hemnet.se/salda/lagenhet-5rum-gottsunda-uppsala-kommun-henry-wemans-vag-2-699730460718408513,94-95m²,bostadsratt,2026-09-13T13:02:55.529589
5239451181242450780,https://www.hemnet.se/salda/lagenhet-4rum-vindilen-falkenbergs-kommun-vastgotavagen-19e-5239451181242450780,94-95m²,bostadsratt,2026-09-13T13:02:55.529590
4462560463262193863,https://www.hemnet.se/salda/lagenhet-4rum-kallhall-jarfalla-kommun-kopparvagen-19-4462560463262193863,94-95m²,bostadsratt,2026-09-13T13:02:55.529591
8025587299556475645,https://www.hemnet.se/salda/lagenhet-4rum-centralt-falu-kommun-asgatan-52b-8025587299556475645,94-95m²,bostadsratt,2026-09-13T13:02:55.529592
8054833512813383921,https://www.hemnet.se/salda/lagenhet-5rum-ostberga-stockholms-kommun-stamgatan-55-8054833512813383921,94-95m²,bostadsratt,2026-09-13T13:02:55.529594
5544426364450257138,"https://www.hemnet.se/salda/lagenhet-4rum-frosunda-solna-kommun-signe-tillischgatan-5,-6-tr-5544426364450257138",94-95m²,bostadsratt,2026-09-13T13:02:55.529595
6262954003104828484,https://www.hemnet.se/salda/lagenhet-4rum-tierp-tierps-kommun-akervagen-40-6262954003104828484,94-95m²,bostadsratt,2026-09-13T13:02:55.529596
1666568939280487267,https://www.hemnet.se/salda/lagenhet-4rum-anderslov-trelleborgs-kommun-skolgatan-1a-1666568939280487267,94-95m²,bostadsratt,2026-09-13T13:02:55.529597
4030684674394020884,https://www.hemnet.se/salda/lagenhet-4rum-jonkoping-soder-jonkopings-kommun-kungsgatan-13-4030684674394020884,94-95m²,bostadsratt,2026-09-13T13:02:55.529598
3118490689370658346,https://www.hemnet.se/salda/lagenhet-3rum-lansmansgarden-goteborgs-kommun-solstralegatan-18-3118490689370658346,94-95m²,bostadsratt,2026-09-13T13:02:55.529600
5004512316502897971,https://www.hemnet.se/salda/lagenhet-4rum-aspudden-midsommarkransen-stockholms-kommun-fastlagsvagen-54-5004512316502897971,94-95m²,bostadsratt,2026-09-13T13:02:55.529601
1067145550526628258,https://www.hemnet.se/salda/lagenhet-3rum-saltsjobaden-nacka-kommun-ringvagen-5a-1067145550526628258,94-95m²,bostadsratt,2026-09-13T13:02:55.529602
5722252335527952988,https://www.hemnet.se/salda/lagenhet-3rum-rinmansparken-eskilstuna-kommun-stenmansgatan-13b-5722252335527952988,94-95m²,bostadsratt,2026-09-13T13:02:55.529603
5564078018512318532,https://www.hemnet.se/salda/lagenhet-3rum-varvsstaden-malmo-kommun-skeppsgatan-44-5564078018512318532,94-95m²,bostadsratt,2026-09-13T13:02:55.529608
7917627614327509979,https://www.hemnet.se/salda/lagenhet-4rum-ektorp-norrkopings-kommun-bandygrand-6-7917627614327509979,94-95m²,bostadsratt,2026-09-13T13:02:55.529610
4607553465795558530,https://www.hemnet.se/salda/lagenhet-4rum-lund-centrum-lunds-kommun-stora-sodergatan-30c-4607553465795558530,94-95m²,bostadsratt,2026-09-13T13:02:55.529611
8737621753190078687,https://www.hemnet.se/salda/lagenhet-3rum-centralt-strangnas-kommun-eskilstunavagen-10-8737621753190078687,94-95m²,bostadsratt,2026-09-13T13:02:55.529612
8777607862765252992,https://www.hemnet.se/salda/lagenhet-4rum-spanga-solhem-stockholms-kommun-bennebolsgatan-10-8777607862765252992,94-95m²,bostadsratt,2026-09-13T13:02:55.529614
1296641908828627518,https://www.hemnet.se/salda/lagenhet-4rum-elinelund-elinegard-malmo-kommun-vetefaltsgatan-11-1296641908828627518,94-95m²,bostadsratt,2026-09-13T13:02:55.529615
2176615078257418922,https://www.hemnet.se/salda/lagenhet-4rum-rosengard-malmo-kommun-von-lingens-vag-106-2176615078257418922,94-95m²,bostadsratt,2026-09-13T13:02:55.529616
489055735382944762,https://www.hemnet.se/salda/lagenhet-4rum-lund-centrum-lunds-kommun-stora-sodergatan-30c-489055735382944762,94-95m²,bostadsratt,2026-09-13T13:02:55.529617
7239422121400573116,https://www.hemnet.se/salda/lagenhet-4rum-ekero-ekero-kommun-bradgardsvagen-2-7239422121400573116,94-95m²,bostadsratt,2026-09-13T13:02:55.529618
6644920485916268836,https://www.hemnet.se/salda/lagenhet-4rum-lindeborg-malmo-kommun-regissorgatan-5-6644920485916268836,94-95m²,bostadsratt,2026-09-13T13:02:55.529620
4786085809719553543,https://www.hemnet.se/salda/lagenhet-4rum-sylte-trollhattans-kommun-bergkullevagen-255-4786085809719553543,94-95m²,bostadsratt,2026-09-13T13:02:55.529621
4004506168398035835,https://www.hemnet.se/salda/lagenhet-4rum-villa-giacomina-lidkopings-kommun-furuhallsvagen-74-4004506168398035835,94-95m²,bostadsratt,2026-09-13T13:02:55.529622
7244483563951113540,https://www.hemnet.se/salda/lagenhet-4rum-luthagen-uppsala-kommun-blandargatan-8-7244483563951113540,94-95m²,bostadsratt,2026-09-13T13:02:55.529623
2194673194524687288,https://www.hemnet.se/salda/lagenhet-4rum-bodal-lidingo-kommun-bodalsvagen-20-2194673194524687288,94-95m²,bostadsratt,2026-09-13T13:02:55.529624
3831157943371336820,https://www.hemnet.se/salda/lagenhet-4rum-ostermalm-faltoversten-stockholms-kommun-valhallavagen-152a-3831157943371336820,94-95m²,bostadsratt,2026-09-13T13:02:55.529626
3354385066705451929,https://www.hemnet.se/salda/lagenhet-4rum-skarholmen-stockholms-kommun-aspholmsvagen-31-3354385066705451929,94-95m²,bostadsratt,2026-09-13T13:02:55.529627
3071266986000030181,https://www.hemnet.se/salda/lagenhet-4rum-henriksdalsberget-nacka-kommun-henriksdalsringen-61-3071266986000030181,94-95m²,bostadsratt,2026-09-13T13:02:55.529628
3727075760356807446,https://www.hemnet.se/salda/lagenhet-4rum-ramlosa-helsingborgs-kommun-harlemans-alle-9-3727075760356807446,94-95m²,bostadsratt,2026-09-13T13:02:55.529629
3094549915950271790,https://www.hemnet.se/salda/lagenhet-4rum-traslov-varbergs-kommun-arboretumgatan-7-3094549915950271790,94-95m²,bostadsratt,2026-09-13T13:02:55.529631
1372866280554599606,https://www.hemnet.se/salda/lagenhet-4rum-centrala-hisingen-goteborgs-kommun-ovre-hallegatan-50-1372866280554599606,94-95m²,bostadsratt,2026-09-13T13:02:55.529632
3181439095054332358,https://www.hemnet.se/salda/lagenhet-3rum-hovas-goteborgs-kommun-berguven-14-3181439095054332358,94-95m²,bostadsratt,2026-09-13T13:02:55.529633
1120279378979052709,"https://www.hemnet.se/salda/lagenhet-3rum-sodermalm-mariatorget-stockholms-kommun-bjorngardsgatan-11,-4-tr-1120279378979052709",94-95m²,bostadsratt,2026-09-13T13:02:55.529634
2091932434911143850,https://www.hemnet.se/salda/lagenhet-5rum-gamla-enskede-stockholms-kommun-stockholmsvagen-59-2091932434911143850,94-95m²,bostadsratt,2026-09-13T13:02:55.529636
5981314170771715102,https://www.hemnet.se/salda/lagenhet-4rum-rissne-sundbybergs-kommun-mjolnerbacken-63-5981314170771715102,94-95m²,bostadsratt,2026-09-13T13:02:55.529637
2601115325907169975,https://www.hemnet.se/salda/lagenhet-3rum-ljungarum-jonkopings-kommun-slakthusgatan-9-2601115325907169975,94-95m²,bostadsratt,2026-09-13T13:02:55.529638
2363235354390081841,https://www.hemnet.se/salda/lagenhet-3rum-bastad-bastads-kommun-kattviksvagen-293-2363235354390081841,94-95m²,bostadsratt,2026-09-13T13:02:55.529642
1230014797259295753,https://www.hemnet.se/salda/lagenhet-4rum-gyllins-tradgard-malmo-kommun-lonnebergagatan-65-1230014797259295753,94-95m²,bostadsratt,2026-09-13T13:02:55.529643
5727211064844765448,https://www.hemnet.se/salda/lagenhet-3rum-hogsbo-goteborgs-kommun-hogsbogatan-31-5727211064844765448,94-95m²,bostadsratt,2026-09-13T13:02:55.529644
2316553820377571216,https://www.hemnet.se/salda/lagenhet-4rum-soder-jonkopings-kommun-grona-gatan-10-2316553820377571216,94-95m²,bostadsratt,2026-09-13T13:02:55.529645
6288460467907639076,https://www.hemnet.se/salda/lagenhet-4rum-centrala-sundbyberg-sundbybergs-kommun-agatan-20-6288460467907639076,94-95m²,bostadsratt,2026-09-13T13:02:55.529647
5714997934754029956,https://www.hemnet.se/salda/lagenhet-4rum-torpa-soder-jonkopings-kommun-grona-gatan-10-5714997934754029956,94-95m²,bostadsratt,2026-09-13T13:02:55.529648
5934316053240039891,https://www.hemnet.se/salda/lagenhet-4rum-nacka-forum-nacka-kommun-nackabacken-12-5934316053240039891,94-95m²,bostadsratt,2026-09-13T13:02:55.529649
3864144727212751832,https://www.hemnet.se/salda/lagenhet-5rum-are-sadeln-are-kommun-ovre-vikvagen-1h-3864144727212751832,94-95m²,bostadsratt,2026-09-13T13:02:55.529652
823203789227896044,"https://www.hemnet.se/salda/lagenhet-3rum-bredang,-stockholms-kommun-algrytevagen-122,-14-tr-823203789227896044",94-95m²,bostadsratt,2026-09-13T13:02:55.529654
339457276958315067,https://www.hemnet.se/salda/lagenhet-4rum-grossgardet-norrtalje-kommun-lundmansgatan-13-a-1303-339457276958315067,94-95m²,bostadsratt,2026-09-13T13:02:55.529655
395280838974826032,https://www.hemnet.se/salda/lagenhet-3rum-gustavslund-helsingborgs-kommun-gustavslundsvagen-2b-395280838974826032,94-95m²,bostadsratt,2026-09-13T13:02:55.529656
6210067182615243884,https://www.hemnet.se/salda/lagenhet-4rum-kungsangen-uppsala-kommun-sagargatan-11a-6210067182615243884,94-95m²,bostadsratt,2026-09-13T13:02:55.529658
8192165245101808498,https://www.hemnet.se/salda/lagenhet-4rum-nynashamn-nynashamns-kommun-lovlundsvagen-10-8192165245101808498,94-95m²,bostadsratt,2026-09-13T13:02:55.529659
2016695663882270599,https://www.hemnet.se/salda/lagenhet-3rum-limhamn-malmo-kommun-rosengrens-gata-27-2016695663882270599,94-95m²,bostadsratt,2026-09-13T13:02:55.529660
8953653392891393045,https://www.hemnet.se/salda/lagenhet-3rum-sannegarden-goteborgs-kommun-miraallen-15-8953653392891393045,94-95m²,bostadsratt,2026-09-13T13:02:55.529661
7282391288937562192,https://www.hemnet.se/salda/lagenhet-4rum-ostbergahojden-stockholms-kommun-vaxtorpsgrand-26-7282391288937562192,94-95m²,bostadsratt,2026-09-13T13:02:55.529662
4598871412837069312,https://www.hemnet.se/salda/lagenhet-4rum-lilla-alby-sundbybergs-kommun-agatan-20-4598871412837069312,94-95m²,bostadsratt,2026-09-13T13:02:55.529664
695146719876155857,"https://www.hemnet.se/salda/lagenhet-4rum-taby-centrum-taby-kommun-marknadsvagen-249,-2tr-695146719876155857",94-95m²,bostadsratt,2026-09-13T13:02:55.529665
6179997545161369483,https://www.hemnet.se/salda/lagenhet-5rum-enskede-gamla-enskede-stockholms-kommun-tallkrogsvagen-14b-6179997545161369483,94-95m²,bostadsratt,2026-09-13T13:02:55.529666
5950754597554129940,https://www.hemnet.se/salda/lagenhet-4rum-sondrum-albinsro-halmstads-kommun-betesstigen-11-5950754597554129940,94-95m²,bostadsratt,2026-09-13T13:02:55.529667
7758874333632183825,https://www.hemnet.se/salda/lagenhet-4rum-vastra-hamnen-malmo-kommun-lilla-varvsgatan-29a-7758874333632183825,94-95m²,bostadsratt,2026-09-13T13:02:55.529668
5204715888639570235,https://www.hemnet.se/salda/lagenhet-4rum-oxhagen-kalmar-kommun-oxhagsvagen-6a-5204715888639570235,94-95m²,bostadsratt,2026-09-13T13:02:55.529670
3127537128329604689,https://www.hemnet.se/salda/lagenhet-4rum-aselby-borlange-kommun-nordanvagen-11-3127537128329604689,94-95m²,bostadsratt,2026-09-13T13:02:55.529671
1541183195233097772,https://www.hemnet.se/salda/lagenhet-3rum-kronangen-vaxholms-kommun-kronangsvagen-20b-1541183195233097772,94-95m²,bostadsratt,2026-09-13T13:02:55.529672
3655462292646379062,https://www.hemnet.se/salda/lagenhet-3rum-helsingborg-centrum-helsingborgs-kommun-sodra-storgatan-19b-3655462292646379062,94-95m²,bostadsratt,2026-09-13T13:02:55.529675
2384399002287214019,https://www.hemnet.se/salda/lagenhet-4rum-torslanda-amhult-goteborgs-kommun-lysevagen-10-2384399002287214019,94-95m²,bostadsratt,2026-09-13T13:02:55.529679
6928162100617421820,https://www.hemnet.se/salda/lagenhet-4rum-tierp-tierps-kommun-akervagen-26-6928162100617421820,94-95m²,bostadsratt,2026-09-13T13:02:55.529680
1915470946839790178,https://www.hemnet.se/salda/lagenhet-4rum-sundbyberg-centrum-sundbybergs-kommun-max-sievertsgatan-6b-1915470946839790178,94-95m²,bostadsratt,2026-09-13T13:02:55.529681
6122046692972040029,https://www.hemnet.se/salda/lagenhet-4rum-loddekopinge-centralt-kavlinge-kommun-edvin-anderssons-vag-7c-6122046692972040029,94-95m²,bostadsratt,2026-09-13T13:02:55.529682
6375868831793642669,https://www.hemnet.se/salda/lagenhet-4rum-tullinge-botkyrka-kommun-norrskensbacken-17-6375868831793642669,94-95m²,bostadsratt,2026-09-13T13:02:55.529684
7572481675209417254,https://www.hemnet.se/salda/lagenhet-4rum-centrum-halmstads-kommun-vaderogatan-11a-7572481675209417254,94-95m²,bostadsratt,2026-09-13T13:02:55.529685
1441120118422324650,"https://www.hemnet.se/salda/lagenhet-4rum-centralt,-norr-norrkopings-kommun-norra-promenaden-124-1441120118422324650",94-95m²,bostadsratt,2026-09-13T13:02:55.529686
3627989215243168544,https://www.hemnet.se/salda/lagenhet-4rum-sodermalm-stockholms-kommun-fatburs-kvarngata-30-3627989215243168544,94-95m²,bostadsratt,2026-09-13T13:02:55.529687
3723060843983226676,https://www.hemnet.se/salda/lagenhet-4rum-bromma-annedal-stockholms-kommun-emils-gata-11a-3723060843983226676,94-95m²,bostadsratt,2026-09-13T13:02:55.529689
8002916123010035022,https://www.hemnet.se/salda/lagenhet-4rum-edvinshem-ystads-kommun-styrbordsgangen-4ga-8002916123010035022,94-95m²,bostadsratt,2026-09-13T13:02:55.529690
177383205146198340,https://www.hemnet.se/salda/lagenhet-5rum-akarp-burlovs-kommun-boelundsvagen-43-177383205146198340,94-95m²,bostadsratt,2026-09-13T13:02:55.529691
3680595255146292192,"https://www.hemnet.se/salda/lagenhet-3rum-vasastan-stockholms-kommun-upplandsgatan-24-b,-4-tr-3680595255146292192",94-95m²,bostadsratt,2026-09-13T13:02:55.529692
7584150890823698680,https://www.hemnet.se/salda/lagenhet-4rum-centrum-bodens-kommun-kyrkgatan-33-7584150890823698680,94-95m²,bostadsratt,2026-09-13T13:02:55.529693
378771591798868058,https://www.hemnet.se/salda/lagenhet-4rum-tagaborg-helsingborgs-kommun-erik-dahlbergs-gata-33-378771591798868058,94-95m²,bostadsratt,2026-09-13T13:02:55.529695
6326865831704843403,https://www.hemnet.se/salda/lagenhet-3rum-rydeback-helsingborgs-kommun-frosogatan-3b-6326865831704843403,94-95m²,bostadsratt,2026-09-13T13:02:55.529698
3704321624510695931,https://www.hemnet.se/salda/lagenhet-3rum-vastra-hamnen-malmo-kommun-vimpelgatan-17-3704321624510695931,94-95m²,bostadsratt,2026-09-13T13:02:55.529699
6851800882965995498,https://www.hemnet.se/salda/lagenhet-5rum-are-sadeln-are-kommun-sadelvagen-94d-6851800882965995498,94-95m²,bostadsratt,2026-09-13T13:02:55.529701
7705802611785762903,https://www.hemnet.se/salda/lagenhet-4rum-alvsjo-langsjo-stockholms-kommun-langsjovagen-59b-7705802611785762903,94-95m²,bostadsratt,2026-09-13T13:02:55.529702
6040912132596559557,"https://www.hemnet.se/salda/lagenhet-4rum-liljeholmskajen-stockholms-kommun-onologgatan-2,-5tr-6040912132596559557",94-95m²,bostadsratt,2026-09-13T13:02:55.529703
4458406559342307467,https://www.hemnet.se/salda/lagenhet-4rum-mjolkudden-lulea-kommun-mjolkuddsvagen-63-4458406559342307467,94-95m²,bostadsratt,2026-09-13T13:02:55.529704
1430614062985480407,https://www.hemnet.se/salda/lagenhet-4rum-kallhall-jarfalla-kommun-ulvsattragrand-7-1430614062985480407,94-95m²,bostadsratt,2026-09-13T13:02:55.529705
525894508713239298,"https://www.hemnet.se/salda/lagenhet-3rum-ostermalm-stockholms-kommun-valhallavagen-148-a,-4-tr-525894508713239298",94-95m²,bostadsratt,2026-09-13T13:02:55.529707
5074269983125752975,https://www.hemnet.se/salda/lagenhet-4rum-vid-vattern-vadstena-kommun-johan-iii-s-vag-1c-5074269983125752975,94-95m²,bostadsratt,2026-09-13T13:02:55.529708
3151036168560086087,https://www.hemnet.se/salda/lagenhet-4rum-centrala-hisingen-goteborgs-kommun-ovre-hallegatan-18-3151036168560086087,94-95m²,bostadsratt,2026-09-13T13:02:55.529709
1864679899471360670,https://www.hemnet.se/salda/lagenhet-4rum-centralt-amals-kommun-sofiagatan-9b-1864679899471360670,94-95m²,bostadsratt,2026-09-13T13:02:55.529710
7235589941802487410,https://www.hemnet.se/salda/lagenhet-4rum-jakobsberg-jarfalla-kommun-aspnasvagen-4-7235589941802487410,94-95m²,bostadsratt,2026-09-13T13:02:55.529712
7556195774148309340,https://www.hemnet.se/salda/lagenhet-4rum-triangeln-malmo-kommun-munkgatan-1-7556195774148309340,94-95m²,bostadsratt,2026-09-13T13:02:55.529715
2178767843917733613,https://www.hemnet.se/salda/lagenhet-4rum-centralt-osterakers-kommun-vastra-banvagen-2b-2178767843917733613,94-95m²,bostadsratt,2026-09-13T13:02:55.529716
8843900761964679103,https://www.hemnet.se/salda/lagenhet-4rum-centrala-tyreso-tyreso-kommun-myggdalsvagen-38-8843900761964679103,94-95m²,bostadsratt,2026-09-13T13:02:55.529718
8591421495959779467,https://www.hemnet.se/salda/lagenhet-4rum-luthagen-uppsala-kommun-gimogatan-6a-8591421495959779467,94-95m²,bostadsratt,2026-09-13T13:02:55.529719
8613902055568050294,https://www.hemnet.se/salda/lagenhet-4rum-satra-stockholms-kommun-gransatragrand-8-8613902055568050294,94-95m²,bostadsratt,2026-09-13T13:02:55.529720
8613175471038258121,https://www.hemnet.se/salda/lagenhet-4rum-tullinge-botkyrka-kommun-norrskensbacken-15-8613175471038258121,94-95m²,bostadsratt,2026-09-13T13:02:55.529721
1781294904795239898,https://www.hemnet.se/salda/lagenhet-4rum-centralt-varnamo-kommun-finngatan-8-a-1781294904795239898,94-95m²,bostadsratt,2026-09-13T13:02:55.529722
9165898236710622061,https://www.hemnet.se/salda/lagenhet-3rum-haggvik-sollentuna-kommun-tellusvagen-60b-9165898236710622061,94-95m²,bostadsratt,2026-09-13T13:02:55.529723
4478794486286098950,https://www.hemnet.se/salda/lagenhet-3rum-strandnorum-stenungsunds-kommun-sorgardsvagen-9-4478794486286098950,94-95m²,bostadsratt,2026-09-13T13:02:55.529725
1877448401140748576,https://www.hemnet.se/salda/lagenhet-4rum-jarlaberg-nacka-kommun-diligensvagen-38-1877448401140748576,94-95m²,bostadsratt,2026-09-13T13:02:55.529726
3124237303314536192,https://www.hemnet.se/salda/lagenhet-3rum-ovre-vasastaden-linkopings-kommun-krouthens-gata-8-3124237303314536192,94-95m²,bostadsratt,2026-09-13T13:02:55.529727
5367769155048912469,"https://www.hemnet.se/salda/lagenhet-3,5rum-vendelso-haninge-kommun-kulfangsgatan-10-5367769155048912469",94-95m²,bostadsratt,2026-09-13T13:02:55.529728
7906379432265087010,https://www.hemnet.se/salda/lagenhet-3rum-ystad-centrum-ystads-kommun-kyrkogardsgatan-27a-7906379432265087010,94-95m²,bostadsratt,2026-09-13T13:02:55.529729
2504718957296955324,https://www.hemnet.se/salda/lagenhet-3rum-visby-innerstad-gotlands-kommun-bredgatan-2a-1204-2504718957296955324,94-95m²,bostadsratt,2026-09-13T13:02:55.529730
4433311595439305943,https://www.hemnet.se/salda/lagenhet-4rum-grindtorp-taby-kommun-grindtorpsvagen-41-4433311595439305943,94-95m²,bostadsratt,2026-09-13T13:02:55.529732
2722568738773961049,https://www.hemnet.se/salda/lagenhet-4rum-jonkoping-jonkopings-kommun-randgatan-8-2722568738773961049,94-95m²,bostadsratt,2026-09-13T13:02:55.529733
1327922137789933100,https://www.hemnet.se/salda/lagenhet-3rum-hisingen-goteborgs-kommun-gotaverksgatan-37-1327922137789933100,94-95m²,bostadsratt,2026-09-13T13:02:55.529734
506188359160382799,"https://www.hemnet.se/salda/lagenhet-4rum-vasastan-birkastan-stockholms-kommun-norra-stationsgatan-111,-6tr-506188359160382799",94-95m²,bostadsratt,2026-09-13T13:02:55.529735
5561297535312787767,https://www.hemnet.se/salda/lagenhet-4rum-rosendal-uppsala-kommun-torgny-segerstedts-alle-22-5561297535312787767,94-95m²,bostadsratt,2026-09-13T13:02:55.529736
6732673989880353462,https://www.hemnet.se/salda/lagenhet-4rum-barkaro-vasteras-kommun-barkaro-bygata-20c-6732673989880353462,94-95m²,bostadsratt,2026-09-13T13:02:55.529740
7739360242732729874,"https://www.hemnet.se/salda/lagenhet-3,5rum-alvsjo-langbro-park-stockholms-kommun-stora-kvinns-vag-74-7739360242732729874",94-95m²,bostadsratt,2026-09-13T13:02:55.529741
3783708306419919649,https://www.hemnet.se/salda/lagenhet-4rum-fiskeback-habo-kommun-vastergarden-10b-3783708306419919649,94-95m²,bostadsratt,2026-09-13T13:02:55.529743
2667039528691463111,https://www.hemnet.se/salda/lagenhet-4rum-villagatan-ornskoldsviks-kommun-villagatan-69c-2667039528691463111,94-95m²,bostadsratt,2026-09-13T13:02:55.529744
8901219503288003005,https://www.hemnet.se/salda/lagenhet-5rum-tuve-goteborgs-kommun-arves-marias-vag-12-8901219503288003005,94-95m²,bostadsratt,2026-09-13T13:02:55.529745
7668017802047154524,https://www.hemnet.se/salda/lagenhet-3rum-linnestaden-goteborgs-kommun-kastellgatan-7-7668017802047154524,94-95m²,bostadsratt,2026-09-13T13:02:55.529746
4396505312439774285,"https://www.hemnet.se/salda/lagenhet-2,5rum-trosso-karlskrona-kommun-ronnebygatan-4-4396505312439774285",94-95m²,bostadsratt,2026-09-13T13:02:55.529747
526580144042501601,https://www.hemnet.se/salda/lagenhet-4rum-majorna-goteborgs-kommun-timmermansgatan-8-526580144042501601,94-95m²,bostadsratt,2026-09-13T13:02:55.529751
5249967787789683049,https://www.hemnet.se/salda/lagenhet-4rum-eriksberg-goteborgs-kommun-bratterasgatan-66-5249967787789683049,94-95m²,bostadsratt,2026-09-13T13:02:55.529752
6032411443913114103,https://www.hemnet.se/salda/lagenhet-4rum-centrum-vaxjo-kommun-norrtullsgatan-6-6032411443913114103,94-95m²,bostadsratt,2026-09-13T13:02:55.529753
365247768697923904,https://www.hemnet.se/salda/lagenhet-5rum-lidaker-lidkopings-kommun-majorsallen-70d-365247768697923904,94-95m²,bostadsratt,2026-09-13T13:02:55.529755
3515698225875865593,https://www.hemnet.se/salda/lagenhet-4rum-landskrona-saturnus-landskrona-kommun-foreningsgatan-66-3515698225875865593,94-95m²,bostadsratt,2026-09-13T13:02:55.529756
6648638503810038967,"https://www.hemnet.se/salda/lagenhet-5rum-gamla-ostberga-alvsjo-stockholms-kommun-stamgatan-19,-van-2-6648638503810038967",94-95m²,bostadsratt,2026-09-13T13:02:55.529757
5223062940350728334,https://www.hemnet.se/salda/lagenhet-4rum-villastaden-kristinehamns-kommun-lokplan-1c-5223062940350728334,94-95m²,bostadsratt,2026-09-13T13:02:55.529758
2581375283335225689,https://www.hemnet.se/salda/lagenhet-4rum-sundbyberg-sundbybergs-kommun-humblegatan-26b-2581375283335225689,94-95m²,bostadsratt,2026-09-13T13:02:55.529760
2268385371416678527,"https://www.hemnet.se/salda/lagenhet-4rum-vasastan-norrmalm-stockholms-kommun-hollandargatan-26b,-2-tr-2268385371416678527",94-95m²,bostadsratt,2026-09-13T13:02:55.529761
1669494514588194706,"https://www.hemnet.se/salda/lagenhet-4,5rum-centrala-sundbyberg-sundbybergs-kommun-vintergatan-2a-1669494514588194706",94-95m²,bostadsratt,2026-09-13T13:02:55.529762
3670653243053200837,https://www.hemnet.se/salda/lagenhet-4rum-ulriksdal-solna-kommun-drottning-kristinas-esplanad-63-3670653243053200837,94-95m²,bostadsratt,2026-09-13T13:02:55.529766
271119850627928604,https://www.hemnet.se/salda/lagenhet-4rum-hasselby-strand-stockholms-kommun-mabarsstigen-29m-271119850627928604,94-95m²,bostadsratt,2026-09-13T13:02:55.529767
4179965193378298371,https://www.hemnet.se/salda/lagenhet-4rum-klippan-klippans-kommun-bladgatan-10b-4179965193378298371,94-95m²,bostadsratt,2026-09-13T13:02:55.529768
5622290653528168155,https://www.hemnet.se/salda/lagenhet-4rum-skalby-kalmar-kommun-arvid-vastgotes-gata-7-5622290653528168155,94-95m²,bostadsratt,2026-09-13T13:02:55.529770
1549850314392862529,https://www.hemnet.se/salda/lagenhet-4rum-ragvaldsbo-sigtuna-kommun-ragvaldsbo-gardsvag-18a-1549850314392862529,94-95m²,bostadsratt,2026-09-13T13:02:55.529771
7387685420716503585,"https://www.hemnet.se/salda/lagenhet-3rum-vasastan-stockholms-kommun-hollandargatan-31,-4-tr,-7387685420716503585",94-95m²,bostadsratt,2026-09-13T13:02:55.529772
8479060569147130375,https://www.hemnet.se/salda/lagenhet-5rum-idre-fjall-alvdalens-kommun-dahliehojden-8-8479060569147130375,94-95m²,bostadsratt,2026-09-13T13:02:55.529774
1423819492956819553,https://www.hemnet.se/salda/lagenhet-4rum-aselby-borlange-kommun-vastanvagen-40-1423819492956819553,94-95m²,bostadsratt,2026-09-13T13:02:55.529775
3279545866920854107,https://www.hemnet.se/salda/lagenhet-3rum-ladugardsgardet-stockholms-kommun-melodislingan-18-3279545866920854107,94-95m²,bostadsratt,2026-09-13T13:02:55.529776
9156629774229365723,https://www.hemnet.se/salda/lagenhet-4rum-andersberg-gavle-kommun-ekvagen-1e-9156629774229365723,94-95m²,bostadsratt,2026-09-13T13:02:55.529777
7258814174525623517,https://www.hemnet.se/salda/lagenhet-4rum-tierp-centralt-tierps-kommun-palmgatan-3c-7258814174525623517,94-95m²,bostadsratt,2026-09-13T13:02:55.529779
739708191587375191,https://www.hemnet.se/salda/lagenhet-4rum-dalvik-jonkopings-kommun-dalviksringen-65-739708191587375191,94-95m²,bostadsratt,2026-09-13T13:02:55.529780
5862309715604930205,https://www.hemnet.se/salda/lagenhet-4rum-abbekas-skurups-kommun-sunnanvindsvagen-10-5862309715604930205,94-95m²,bostadsratt,2026-09-13T13:02:55.529781
4935466194511017488,"https://www.hemnet.se/salda/lagenhet-4rum-ostberga-alvsjo-stockholms-kommun-onsalagrand-15,-egen-ingang-4935466194511017488",94-95m²,bostadsratt,2026-09-13T13:02:55.529782
3123331396283471623,https://www.hemnet.se/salda/lagenhet-3rum-bromma-traneberg-stockholms-kommun-grindstuvagen-32-3123331396283471623,94-95m²,bostadsratt,2026-09-13T13:02:55.529783
5702019161529151298,https://www.hemnet.se/salda/lagenhet-5rum-ostberga-stockholms-kommun-stamgatan-15-5702019161529151298,94-95m²,bostadsratt,2026-09-13T13:02:55.529789
7181029096400086217,https://www.hemnet.se/salda/lagenhet-4rum-lidaker-lidkopings-kommun-majorsallen-70a-7181029096400086217,94-95m²,bostadsratt,2026-09-13T13:02:55.529790
8505285197432541910,"https://www.hemnet.se/salda/lagenhet-4rum-kungsholmen-stockholms-kommun-kristinebergsvagen-14,-2-tr-8505285197432541910",94-95m²,bostadsratt,2026-09-13T13:02:55.529791
6817305875628842957,https://www.hemnet.se/salda/lagenhet-3rum-teg-umea-kommun-malargrand-1a-6817305875628842957,94-95m²,bostadsratt,2026-09-13T13:02:55.529793
567836372619380407,https://www.hemnet.se/salda/lagenhet-4rum-mjolkudden-lulea-kommun-munkebergsgatan-32-567836372619380407,94-95m²,bostadsratt,2026-09-13T13:02:55.529794
604187617245020335,https://www.hemnet.se/salda/lagenhet-4rum-centralt-norrkopings-kommun-s-t-persgatan-39-604187617245020335,94-95m²,bostadsratt,2026-09-13T13:02:55.529795
6526354379207928279,"https://www.hemnet.se/salda/lagenhet-3,5rum-pildammarna-malmo-kommun-roskildevagen-41a-6526354379207928279",94-95m²,bostadsratt,2026-09-13T13:02:55.529796
4689723319652684765,https://www.hemnet.se/salda/lagenhet-4rum-taby-park-taby-kommun-parkallen-29-4689723319652684765,94-95m²,bostadsratt,2026-09-13T13:02:55.529797
6796753437943868261,https://www.hemnet.se/salda/lagenhet-3rum-centrum-halmstads-kommun-hvitfeldtsgatan-17a-6796753437943868261,94-95m²,bostadsratt,2026-09-13T13:02:55.529799
6562707237501296436,https://www.hemnet.se/salda/lagenhet-4rum-mariedal-umea-kommun-vargvagen-176f-6562707237501296436,94-95m²,bostadsratt,2026-09-13T13:02:55.529800
4237933938407929800,"https://www.hemnet.se/salda/lagenhet-4rum-nacka-kvarnholmen-nacka-kommun-mjolnarvagen-10a,-8tr-4237933938407929800",94-95m²,bostadsratt,2026-09-13T13:02:55.529801
1607649469334319344,https://www.hemnet.se/salda/lagenhet-4rum-grossgardet-norrtalje-kommun-tradgardsgatan-2-c-1607649469334319344,94-95m²,bostadsratt,2026-09-13T13:02:55.529802
9025608528998674733,https://www.hemnet.se/salda/lagenhet-4rum-bromma-sodra-angby-stockholms-kommun-farjestadsvagen-4c-9025608528998674733,94-95m²,bostadsratt,2026-09-13T13:02:55.529804
7699205664825936720,https://www.hemnet.se/salda/lagenhet-4rum-tradgardsstaden-hestra-boras-kommun-symfonigatan-33g-7699205664825936720,94-95m²,bostadsratt,2026-09-13T13:02:55.529805
7113005289980495485,https://www.hemnet.se/salda/lagenhet-4rum-tullinge-botkyrka-kommun-solskensvagen-13-7113005289980495485,94-95m²,bostadsratt,2026-09-13T13:02:55.529806
7660811667998428840,https://www.hemnet.se/salda/lagenhet-4rum-odenslund-ostersunds-kommun-brunflovagen-8b-7660811667998428840,94-95m²,bostadsratt,2026-09-13T13:02:55.529807
543731442802906844,"https://www.hemnet.se/salda/lagenhet-3rum-sundsvall,-kovland-sundsvalls-kommun-orienterarvagen-19a-543731442802906844",94-95m²,bostadsratt,2026-09-13T13:02:55.529808
4334231103724088222,https://www.hemnet.se/salda/lagenhet-4rum-rasunda-nackrosen-solna-kommun-tvarvagen-3-4334231103724088222,94-95m²,bostadsratt,2026-09-13T13:02:55.529810
3721277393380344290,https://www.hemnet.se/salda/lagenhet-4rum-biskopshagen-vaxjo-kommun-eklovsgatan-44-3721277393380344290,94-95m²,bostadsratt,2026-09-13T13:02:55.529811
3093758240383075975,https://www.hemnet.se/salda/lagenhet-4rum-flygfaltet-norrtalje-kommun-flygaregatan-3-h-3093758240383075975,94-95m²,bostadsratt,2026-09-13T13:02:55.529812
650930090489045943,https://www.hemnet.se/salda/lagenhet-3rum-triangeln-malmo-kommun-radmansgatan-14-650930090489045943,94-95m²,bostadsratt,2026-09-13T13:02:55.529813
9168228349736182114,https://www.hemnet.se/salda/lagenhet-4rum-soder-gavle-kommun-sorbygatan-72-a-9168228349736182114,94-95m²,bostadsratt,2026-09-13T13:02:55.529814
1143007965699748636,https://www.hemnet.se/salda/lagenhet-4rum-norje-solvesborgs-kommun-vetevagen-11-1143007965699748636,94-95m²,bostadsratt,2026-09-13T13:02:55.529816
3380382692090264623,"https://www.hemnet.se/salda/lagenhet-4rum-tullinge-botkyrka-kommun-solskensvagen-13,-4tr-3380382692090264623",94-95m²,bostadsratt,2026-09-13T13:02:55.529817
5027414684073832879,https://www.hemnet.se/salda/lagenhet-4rum-ostbergahojden-stockholms-kommun-forlandagrand-28-5027414684073832879,94-95m²,bostadsratt,2026-09-13T13:02:55.529818
7732151445234027419,https://www.hemnet.se/salda/lagenhet-4rum-riksten-botkyrka-kommun-hallmarksvagen-47a-7732151445234027419,94-95m²,bostadsratt,2026-09-13T13:02:55.529822
1235487508476903540,https://www.hemnet.se/salda/lagenhet-4rum-ostberga-stockholms-kommun-forlandagrand-28-1235487508476903540,94-95m²,bostadsratt,2026-09-13T13:02:55.529823
3764301004940126345,https://www.hemnet.se/salda/lagenhet-4rum-huddinge-centrum-huddinge-kommun-sjodalsvagen-24-3764301004940126345,94-95m²,bostadsratt,2026-09-13T13:02:55.529824
3909285998341939518,https://www.hemnet.se/salda/lagenhet-4rum-hisings-backa-s-t-jorgen-goteborgs-kommun-sankt-jorgens-alle-3-3909285998341939518,94-95m²,bostadsratt,2026-09-13T13:02:55.529826
7030636539299824421,https://www.hemnet.se/salda/lagenhet-4rum-centralt-eksjo-kommun-prastangsvagen-24-b-7030636539299824421,94-95m²,bostadsratt,2026-09-13T13:02:55.529827
8466169077213684251,https://www.hemnet.se/salda/lagenhet-3rum-centrum-skelleftea-kommun-tjarhovsgatan-3b-8466169077213684251,94-95m²,bostadsratt,2026-09-13T13:02:55.529828
3156404519333917595,https://www.hemnet.se/salda/lagenhet-5rum-alvsjo-ostberga-stockholms-kommun-stamgatan-61-3156404519333917595,94-95m²,bostadsratt,2026-09-13T13:02:55.529829
2243894144796165494,https://www.hemnet.se/salda/lagenhet-4rum-vasterhaninge-haninge-kommun-huggarvagen-15-2243894144796165494,94-95m²,bostadsratt,2026-09-13T13:02:55.529833
1918471618297824717,https://www.hemnet.se/salda/lagenhet-4rum-salabacke-uppsala-kommun-grona-gatan-25-a-1918471618297824717,94-95m²,bostadsratt,2026-09-13T13:02:55.529834
1836031155924502497,https://www.hemnet.se/salda/lagenhet-3rum-skogsbrynet-kopings-kommun-kihlmansgatan-30c-1836031155924502497,94-95m²,bostadsratt,2026-09-13T13:02:55.529845
7825256395681696419,https://www.hemnet.se/salda/lagenhet-4rum-hagernas-taby-kommun-radarvagen-6-7825256395681696419,94-95m²,bostadsratt,2026-09-13T13:02:55.529846
8651693750031774239,https://www.hemnet.se/salda/lagenhet-4rum-huvudsta-solna-kommun-goran-perssons-vag-37-8651693750031774239,94-95m²,bostadsratt,2026-09-13T13:02:55.529847
531356290278821585,https://www.hemnet.se/salda/lagenhet-4rum-midsommarkransen-stockholms-kommun-tellusborgsvagen-65-c-531356290278821585,94-95m²,bostadsratt,2026-09-13T13:02:55.529849
4392870316895890218,https://www.hemnet.se/salda/lagenhet-4rum-edsberg-sollentuna-kommun-viltstigen-4-4392870316895890218,94-95m²,bostadsratt,2026-09-13T13:02:55.529850
1304662270981012259,https://www.hemnet.se/salda/lagenhet-4rum-jarvastaden-solna-kommun-monstringsvagen-10-1304662270981012259,94-95m²,bostadsratt,2026-09-13T13:02:55.529851
1964013041673222022,https://www.hemnet.se/salda/lagenhet-4rum-linero-lunds-kommun-tre-hogars-vag-44a-1964013041673222022,94-95m²,bostadsratt,2026-09-13T13:02:55.529852
6543673004964051117,https://www.hemnet.se/salda/lagenhet-4rum-tronninge-halmstads-kommun-vastra-vagen-43-f-6543673004964051117,94-95m²,bostadsratt,2026-09-13T13:02:55.529854
1377269739107737383,https://www.hemnet.se/salda/lagenhet-4rum-centrala-mora-mora-kommun-hantverkaregatan-19-1377269739107737383,94-95m²,bostadsratt,2026-09-13T13:02:55.529855
2511085741980677202,https://www.hemnet.se/salda/lagenhet-3rum-rasunda-solna-kommun-rasundavagen-66-2511085741980677202,94-95m²,bostadsratt,2026-09-13T13:02:55.529856
3660066114350750942,https://www.hemnet.se/salda/lagenhet-4rum-biskopshagen-soder-vaxjo-kommun-eklovsgatan-6-3660066114350750942,94-95m²,bostadsratt,2026-09-13T13:02:55.529857
2657964294699007506,https://www.hemnet.se/salda/lagenhet-4rum-anderstorp-skelleftea-kommun-skiftesgatan-18-2657964294699007506,94-95m²,bostadsratt,2026-09-13T13:02:55.529858
6153066636311256764,https://www.hemnet.se/salda/lagenhet-3rum-jarla-sjo-nacka-kommun-winborgs-vag-18-6153066636311256764,94-95m²,bostadsratt,2026-09-13T13:02:55.529860
2472696113442716137,https://www.hemnet.se/salda/lagenhet-4rum-grubbe-umea-kommun-lagmansgatan-46b-2472696113442716137,94-95m²,bostadsratt,2026-09-13T13:02:55.529861
6001435637379044140,https://www.hemnet.se/salda/lagenhet-4rum-vasterhaninge-aby-haninge-kommun-kvartarvagen-65-6001435637379044140,94-95m²,bostadsratt,2026-09-13T13:02:55.529864
1668705889250431219,"https://www.hemnet.se/salda/lagenhet-4rum-tollare-nacka-kommun-tollareslingan-50,-4-4-tr-1668705889250431219",94-95m²,bostadsratt,2026-09-13T13:02:55.529866
8442396148517452490,https://www.hemnet.se/salda/lagenhet-4rum-hakanstorp-malmo-kommun-hakanstorpsvagen-1-c-8442396148517452490,94-95m²,bostadsratt,2026-09-13T13:02:55.529867
5701762324835021282,https://www.hemnet.se/salda/lagenhet-4rum-finnboda-hamn-nacka-kommun-finnboda-parkvag-22a-5701762324835021282,94-95m²,bostadsratt,2026-09-13T13:02:55.529870
5044173772509276051,https://www.hemnet.se/salda/lagenhet-4rum-kviberg-goteborgs-kommun-anna-branzells-gata-6-5044173772509276051,94-95m²,bostadsratt,2026-09-13T13:02:55.529872
6406514617110691982,https://www.hemnet.se/salda/lagenhet-3rum-tyreso-tyreso-kommun-strandvagen-94-6406514617110691982,94-95m²,bostadsratt,2026-09-13T13:02:55.529873
5131648404271264031,https://www.hemnet.se/salda/lagenhet-3rum-norra-faladen-lunds-kommun-skarpskyttevagen-30e-5131648404271264031,94-95m²,bostadsratt,2026-09-13T13:02:55.529874
2965165485546433928,https://www.hemnet.se/salda/lagenhet-3rum-anderslov-trelleborgs-kommun-hedgatan-16c-2965165485546433928,94-95m²,bostadsratt,2026-09-13T13:02:55.529875
7882278912125576780,https://www.hemnet.se/salda/lagenhet-4rum-soderkulla-malmo-kommun-tornfalksgatan-2-a-7882278912125576780,94-95m²,bostadsratt,2026-09-13T13:02:55.529877
7716965107596137829,https://www.hemnet.se/salda/lagenhet-4rum-hammarby-sjostad-stockholms-kommun-skeppsmaklargatan-49-7716965107596137829,94-95m²,bostadsratt,2026-09-13T13:02:55.529878
1462551332071410498,https://www.hemnet.se/salda/lagenhet-4rum-tyreso-tyreso-kommun-myggdalsvagen-40-1462551332071410498,94-95m²,bostadsratt,2026-09-13T13:02:55.529879
4895202329263240255,https://www.hemnet.se/salda/lagenhet-4rum-vasastan-orebro-kommun-hertig-karls-alle-7-4895202329263240255,94-95m²,bostadsratt,2026-09-13T13:02:55.529880
5647458409296120212,https://www.hemnet.se/salda/lagenhet-4rum-vasastan-hagastaden-stockholms-kommun-gavlegatan-26-5647458409296120212,94-95m²,bostadsratt,2026-09-13T13:02:55.529882
4587172317863637540,https://www.hemnet.se/salda/lagenhet-5rum-luthagen-uppsala-kommun-norrlandsgatan-34c-4587172317863637540,94-95m²,bostadsratt,2026-09-13T13:02:55.529883
3184470601369655871,https://www.hemnet.se/salda/lagenhet-4rum-spanga-tensta-stockholms-kommun-skaftingebacken-36-3184470601369655871,94-95m²,bostadsratt,2026-09-13T13:02:55.529884
5794683517409072524,https://www.hemnet.se/salda/lagenhet-4rum-vasastan-stockholms-kommun-tulegatan-3-5794683517409072524,94-95m²,bostadsratt,2026-09-13T13:02:55.529885
4602064108410616157,https://www.hemnet.se/salda/lagenhet-4rum-gyllins-tradgard-malmo-kommun-lonnebergagatan-65-4602064108410616157,94-95m²,bostadsratt,2026-09-13T13:02:55.529892
3380945569167144678,https://www.hemnet.se/salda/lagenhet-4rum-centrala-sundbyberg-sundbybergs-kommun-agatan-20-3380945569167144678,94-95m²,bostadsratt,2026-09-13T13:02:55.529893
5521912903319567262,https://www.hemnet.se/salda/lagenhet-4rum-silverdal-sollentuna-kommun-silverdalsstraket-13-5521912903319567262,94-95m²,bostadsratt,2026-09-13T13:02:55.529894
3874738182781934862,https://www.hemnet.se/salda/lagenhet-4rum-gamla-norr-vasterviks-kommun-sankta-gertruds-vag-3a-3874738182781934862,94-95m²,bostadsratt,2026-09-13T13:02:55.529896
4176197000250970924,https://www.hemnet.se/salda/lagenhet-4rum-ostermalm-faltoversten-stockholms-kommun-valhallavagen-148d-4176197000250970924,94-95m²,bostadsratt,2026-09-13T13:02:55.529901
6287963874229658,https://www.hemnet.se/salda/lagenhet-4rum-tyreso-centrum-tyreso-kommun-njupkarrsvagen-52-6287963874229658,94-95m²,bostadsratt,2026-09-13T13:02:55.529903
4325722009835304280,https://www.hemnet.se/salda/lagenhet-4rum-satra-stockholms-kommun-gransatragrand-11-4325722009835304280,94-95m²,bostadsratt,2026-09-13T13:02:55.529906
7969086818025510189,https://www.hemnet.se/salda/lagenhet-4rum-rissne-sundbybergs-kommun-mjolnerbacken-71-7969086818025510189,94-95m²,bostadsratt,2026-09-13T13:02:55.529908
6637129544226969816,https://www.hemnet.se/salda/lagenhet-3rum-vaster-orebro-kommun-hertig-karls-alle-17-6637129544226969816,94-95m²,bostadsratt,2026-09-13T13:02:55.529910
3907785048168041503,https://www.hemnet.se/salda/lagenhet-4rum-arsta-stockholms-kommun-skedviksvagen-44-3907785048168041503,94-95m²,bostadsratt,2026-09-13T13:02:55.529912
4243314551119308050,https://www.hemnet.se/salda/lagenhet-4rum-farsta-strand-stockholms-kommun-agesta-brovag-34-4243314551119308050,94-95m²,bostadsratt,2026-09-13T13:02:55.529915
1543214817216566449,https://www.hemnet.se/salda/lagenhet-4rum-centralt-umea-kommun-radhusesplanaden-17c-1543214817216566449,94-95m²,bostadsratt,2026-09-13T13:02:55.529917
8510748500663462857,https://www.hemnet.se/salda/lagenhet-4rum-centralt-norrkopings-kommun-s-t-persgatan-37-8510748500663462857,94-95m²,bostadsratt,2026-09-13T13:02:55.529919
8627039885993198488,https://www.hemnet.se/salda/lagenhet-4rum-trosso-karlskrona-kommun-skepparegatan-9-8627039885993198488,94-95m²,bostadsratt,2026-09-13T13:02:55.529924
6836355289185550199,https://www.hemnet.se/salda/lagenhet-4rum-taby-centrum-taby-kommun-marknadsvagen-247-6836355289185550199,94-95m²,bostadsratt,2026-09-13T13:02:55.529926
950462024004780595,"https://www.hemnet.se/salda/lagenhet-4rum-ektorp,-kaffebacken-norrkopings-kommun-stafettgatan-1-950462024004780595",94-95m²,bostadsratt,2026-09-13T13:02:55.529928
2424692380950639234,"https://www.hemnet.se/salda/lagenhet-3rum-katarina-stockholms-kommun-allhelgonagatan-8,-2-tr-2424692380950639234",94-95m²,bostadsratt,2026-09-13T13:02:55.529930
4866041617808085643,https://www.hemnet.se/salda/lagenhet-4rum-fridhem-gavle-kommun-ekvagen-7-a-4866041617808085643,94-95m²,bostadsratt,2026-09-13T13:02:55.529933
7078445176444860219,https://www.hemnet.se/salda/lagenhet-4rum-satra-stockholms-kommun-gransatragrand-51-7078445176444860219,94-95m²,bostadsratt,2026-09-13T13:02:55.529935
8995019610478937621,"https://www.hemnet.se/salda/lagenhet-4rum-hagernas-taby-kommun-radarvagen-6,-van-4-8995019610478937621",94-95m²,bostadsratt,2026-09-13T13:02:55.529938
4510611392799306915,https://www.hemnet.se/salda/lagenhet-4rum-lansmansgarden-goteborgs-kommun-norra-fjadermolnsgatan-34-4510611392799306915,94-95m²,bostadsratt,2026-09-13T13:02:55.529940
1363426,https://www.hemnet.se/salda/lagenhet-4rum-sundsta-karlstads-kommun-sundsta-torg-1363426,94-95m²,bostadsratt,2026-09-13T13:02:55.529942
2764713921298915263,https://www.hemnet.se/salda/lagenhet-4rum-centralt-vasteras-kommun-knutsgatan-12b-2764713921298915263,94-95m²,bostadsratt,2026-09-13T13:02:55.529944
6045716371886361887,https://www.hemnet.se/salda/lagenhet-3rum-rasunda-solna-kommun-parkvagen-8-6045716371886361887,94-95m²,bostadsratt,2026-09-13T13:02:55.529947
466374345981241770,https://www.hemnet.se/salda/lagenhet-4rum-gottfridsberg-linkopings-kommun-vastanagatan-14b-466374345981241770,94-95m²,bostadsratt,2026-09-13T13:02:55.529949
8315548281945826215,https://www.hemnet.se/salda/lagenhet-3rum-rasunda-solna-kommun-solparksvagen-1-8315548281945826215,94-95m²,bostadsratt,2026-09-13T13:02:55.529951
8034317436717188082,https://www.hemnet.se/salda/lagenhet-3rum-klagshamn-malmo-kommun-badvagen-22-8034317436717188082,94-95m²,bostadsratt,2026-09-13T13:02:55.529953
3046039262170487719,https://www.hemnet.se/salda/lagenhet-4rum-vast-pa-stan-umea-kommun-ostra-brinkvagen-47-3046039262170487719,94-95m²,bostadsratt,2026-09-13T13:02:55.529954
7459440590565748150,https://www.hemnet.se/salda/lagenhet-4rum-vasastan-hagastaden-stockholms-kommun-hagaesplanaden-75-7459440590565748150,94-95m²,bostadsratt,2026-09-13T13:02:55.529955
992340414367306232,https://www.hemnet.se/salda/lagenhet-3rum-kappsta-lidingo-kommun-tornrosvagen-3-992340414367306232,94-95m²,bostadsratt,2026-09-13T13:02:55.529956
7477307819042981597,https://www.hemnet.se/salda/lagenhet-4rum-barkarbystaden-jarfalla-kommun-barkarbyvagen-59-7477307819042981597,94-95m²,bostadsratt,2026-09-13T13:02:55.529958
1697122841998701564,https://www.hemnet.se/salda/lagenhet-4rum-satra-stockholms-kommun-gransatragrand-21-1697122841998701564,94-95m²,bostadsratt,2026-09-13T13:02:55.529961
8129469724001317778,https://www.hemnet.se/salda/lagenhet-3rum-ribersborg-malmo-kommun-henrik-wranersgatan-1c-8129469724001317778,94-95m²,bostadsratt,2026-09-13T13:02:55.529963
4402984750325422792,https://www.hemnet.se/salda/lagenhet-4rum-enskededalen-stockholms-kommun-hallovagen-13-4402984750325422792,94-95m²,bostadsratt,2026-09-13T13:02:55.529964
1525382981507674030,https://www.hemnet.se/salda/lagenhet-4rum-jakobsberg-jarfalla-kommun-kvarnvagen-42-1525382981507674030,94-95m²,bostadsratt,2026-09-13T13:02:55.529965
5008602750278148382,https://www.hemnet.se/salda/lagenhet-4rum-kallhall-jarfalla-kommun-ulvsattragrand-10-5008602750278148382,94-95m²,bostadsratt,2026-09-13T13:02:55.529966
7999989504724627489,"https://www.hemnet.se/salda/lagenhet-3,5rum-centralt-oster-norrkopings-kommun-ostra-promenaden-33-7999989504724627489",94-95m²,bostadsratt,2026-09-13T13:02:55.529967
1046406120653508462,"https://www.hemnet.se/salda/lagenhet-4rum-vasastan-stockholms-kommun-markvardsgatan-8,-1tr-1046406120653508462",94-95m²,bostadsratt,2026-09-13T13:02:55.529969
6312755603634522843,"https://www.hemnet.se/salda/lagenhet-4rum-liljeholmskajen-stockholms-kommun-hildebergsvagen-2,-2tr-6312755603634522843",94-95m²,bostadsratt,2026-09-13T13:02:55.529972
8264321515594788345,"https://www.hemnet.se/salda/lagenhet-3rum-vasastan-stockholms-kommun-wallingatan-9,-2tr-8264321515594788345",94-95m²,bostadsratt,2026-09-13T13:02:55.529973
3270688859172751193,https://www.hemnet.se/salda/lagenhet-4rum-elinelund-elinegard-malmo-kommun-vetefaltsgatan-11-3270688859172751193,94-95m²,bostadsratt,2026-09-13T13:02:55.529975
7862963548122612706,https://www.hemnet.se/salda/lagenhet-4rum-lindeborg-malmo-kommun-dansorgatan-14-7862963548122612706,94-95m²,bostadsratt,2026-09-13T13:02:55.529976
8656187642601462173,https://www.hemnet.se/salda/lagenhet-3rum-limhamns-sjostad-malmo-kommun-limhamns-stationsvag-27-8656187642601462173,94-95m²,bostadsratt,2026-09-13T13:02:55.529977
4846732421941118690,https://www.hemnet.se/salda/lagenhet-4rum-varvsstaden-malmo-kommun-skeppsgatan-24g-4846732421941118690,94-95m²,bostadsratt,2026-09-13T13:02:55.529978
7418137817025925592,https://www.hemnet.se/salda/lagenhet-4rum-eriksberg-goteborgs-kommun-monsungatan-34-7418137817025925592,94-95m²,bostadsratt,2026-09-13T13:02:55.529980
1097507473653671820,https://www.hemnet.se/salda/lagenhet-3rum-sundsvall-vastermalm-norrmalm-sundsvalls-kommun-storgatan-56a-1097507473653671820,94-95m²,bostadsratt,2026-09-13T13:02:55.529981
6763876576686666077,https://www.hemnet.se/salda/lagenhet-4rum-eriksberg-goteborgs-kommun-monsungatan-34-6763876576686666077,94-95m²,bostadsratt,2026-09-13T13:02:55.529982
3377233452668590321,https://www.hemnet.se/salda/lagenhet-3rum-vastermalm-vasteras-kommun-lidmansvagen-7-3377233452668590321,94-95m²,bostadsratt,2026-09-13T13:02:55.529984
8830479407800752209,https://www.hemnet.se/salda/lagenhet-3rum-skondal-stockholms-kommun-dalbobranten-32-8830479407800752209,94-95m²,bostadsratt,2026-09-13T13:02:55.529987
872239344634395447,https://www.hemnet.se/salda/lagenhet-4rum-norrtalje-hamn-norrtalje-kommun-angbatsgatan-2-872239344634395447,94-95m²,bostadsratt,2026-09-13T13:02:55.529988
4342687890895948223,https://www.hemnet.se/salda/lagenhet-4rum-kulladal-malmo-kommun-kulladalsgatan-26c-4342687890895948223,94-95m²,bostadsratt,2026-09-13T13:02:55.529990
92046370977864012,https://www.hemnet.se/salda/lagenhet-4rum-fruangen-stockholms-kommun-anna-sandstroms-gata-12-92046370977864012,94-95m²,bostadsratt,2026-09-13T13:02:55.529991
474141442576004880,https://www.hemnet.se/salda/lagenhet-4rum-nordantill-norrkopings-kommun-sandgatan-15-474141442576004880,94-95m²,bostadsratt,2026-09-13T13:02:55.529992
1055487267409817551,https://www.hemnet.se/salda/lagenhet-4rum-kungalv-kungalvs-kommun-kastalagatan-2-1055487267409817551,94-95m²,bostadsratt,2026-09-13T13:02:55.529993
5310122616175296605,https://www.hemnet.se/salda/lagenhet-4rum-barkarbystaden-jarfalla-kommun-karlslundsvagen-18-5310122616175296605,94-95m²,bostadsratt,2026-09-13T13:02:55.529995
8648156380408502195,https://www.hemnet.se/salda/lagenhet-3rum-lomma-lomma-kommun-sommargatan-29-8648156380408502195,94-95m²,bostadsratt,2026-09-13T13:02:55.529996
5397138539395945391,https://www.hemnet.se/salda/lagenhet-3rum-tagaborg-helsingborgs-kommun-tagagatan-34-5397138539395945391,94-95m²,bostadsratt,2026-09-13T13:02:55.529997
355078030676291045,https://www.hemnet.se/salda/lagenhet-4rum-ostermalm-borlange-kommun-haradsvagen-19-355078030676291045,94-95m²,bostadsratt,2026-09-13T13:02:55.529998
6057270458288382035,https://www.hemnet.se/salda/lagenhet-4rum-tyreso-tyreso-kommun-lm-ericssons-vag-12-6057270458288382035,94-95m²,bostadsratt,2026-09-13T13:02:55.529999
2920342719526097292,https://www.hemnet.se/salda/lagenhet-4rum-rosengard-apelgarden-malmo-kommun-von-lingens-vag-110-2920342719526097292,94-95m²,bostadsratt,2026-09-13T13:02:55.530001
6601984373221045046,https://www.hemnet.se/salda/lagenhet-4rum-grindtorp-taby-kommun-grindtorpsvagen-31-6601984373221045046,94-95m²,bostadsratt,2026-09-13T13:02:55.530002
8035638473101689915,https://www.hemnet.se/salda/lagenhet-4rum-ormesta-orebro-kommun-olofsgatan-13-8035638473101689915,94-95m²,bostadsratt,2026-09-13T13:02:55.530003
9189720734548285877,https://www.hemnet.se/salda/lagenhet-4rum-ostberga-alvsjo-stockholms-kommun-ullaredsgrand-8-9189720734548285877,94-95m²,bostadsratt,2026-09-13T13:02:55.530004
9103755510177976511,https://www.hemnet.se/salda/lagenhet-4rum-frosunda-solna-kommun-anders-lundstroms-gata-14-9103755510177976511,94-95m²,bostadsratt,2026-09-13T13:02:55.530007
3953860411226733557,"https://www.hemnet.se/salda/lagenhet-4rum-skytteholm-solna-kommun-ankdammsgatan-33,-3tr-3953860411226733557",94-95m²,bostadsratt,2026-09-13T13:02:55.530011
3660645639266012597,https://www.hemnet.se/salda/lagenhet-4rum-djupestrand-hudiksvalls-kommun-kastellvagen-6-a-3660645639266012597,94-95m²,bostadsratt,2026-09-13T13:02:55.530012
302742877030562662,"https://www.hemnet.se/salda/lagenhet-4rum-ostermalm-faltoversten-stockholms-kommun-valhallavagen-150b,-2-tr-302742877030562662",94-95m²,bostadsratt,2026-09-13T13:02:55.530014
8398746836826153936,https://www.hemnet.se/salda/lagenhet-4rum-hisingen-goteborgs-kommun-ovre-hallegatan-42-8398746836826153936,94-95m²,bostadsratt,2026-09-13T13:02:55.530015
6897217881201640644,https://www.hemnet.se/salda/lagenhet-4rum-kungsholmen-stockholms-kommun-grubbensringen-30a-6897217881201640644,94-95m²,bostadsratt,2026-09-13T13:02:55.530016
4559398862363242883,https://www.hemnet.se/salda/lagenhet-4rum-kungsangen-industristaden-uppsala-kommun-industrigatan-33-4559398862363242883,94-95m²,bostadsratt,2026-09-13T13:02:55.530017
7371163813535598624,https://www.hemnet.se/salda/lagenhet-4rum-centralt-norrkopings-kommun-s-t-persgatan-37-7371163813535598624,94-95m²,bostadsratt,2026-09-13T13:02:55.530019
1739044382892376549,https://www.hemnet.se/salda/lagenhet-4rum-skytteholm-solna-kommun-ankdammsgatan-33-1739044382892376549,94-95m²,bostadsratt,2026-09-13T13:02:55.530020
6672833286419468878,https://www.hemnet.se/salda/lagenhet-5rum-gamla-stockholms-kommun-stamgatan-58-van-1-3-6672833286419468878,94-95m²,bostadsratt,2026-09-13T13:02:55.530021
6419894621699191808,https://www.hemnet.se/salda/lagenhet-4rum-ektorp-norrkopings-kommun-stafettgatan-3-6419894621699191808,94-95m²,bostadsratt,2026-09-13T13:02:55.530022
4518776013108426296,https://www.hemnet.se/salda/lagenhet-5rum-ostberga-stockholms-kommun-stamgatan-61-4518776013108426296,94-95m²,bostadsratt,2026-09-13T13:02:55.530023
3574841268594976838,https://www.hemnet.se/salda/lagenhet-4rum-rotsunda-sollentuna-kommun-celsings-vag-11-3574841268594976838,94-95m²,bostadsratt,2026-09-13T13:02:55.530024
5558870476345853753,https://www.hemnet.se/salda/lagenhet-4rum-tullinge-botkyrka-kommun-norrskensbacken-15-5558870476345853753,94-95m²,bostadsratt,2026-09-13T13:02:55.530026
6790809399334485758,https://www.hemnet.se/salda/lagenhet-4rum-kviberg-goteborgs-kommun-ingeborg-hammarskjolds-gata-52-6790809399334485758,94-95m²,bostadsratt,2026-09-13T13:02:55.530027
6578009186893687859,https://www.hemnet.se/salda/lagenhet-4rum-gottfridsberg-linkopings-kommun-folkungagatan-4-6578009186893687859,94-95m²,bostadsratt,2026-09-13T13:02:55.530028
4693737724435728998,https://www.hemnet.se/salda/lagenhet-4rum-centralt-uddevalla-kommun-blomgatan-4d-4693737724435728998,94-95m²,bostadsratt,2026-09-13T13:02:55.530029
7948916074537883142,https://www.hemnet.se/salda/lagenhet-4rum-centralt-varnamo-kommun-vaxjovagen-9-7948916074537883142,94-95m²,bostadsratt,2026-09-13T13:02:55.530031
9181111202040706744,https://www.hemnet.se/salda/lagenhet-4rum-norra-faladen-lunds-kommun-skarpskyttevagen-20d-9181111202040706744,94-95m²,bostadsratt,2026-09-13T13:02:55.530032
779828094447153089,https://www.hemnet.se/salda/lagenhet-3rum-rorsjostaden-malmo-kommun-sankt-pauli-kyrkogata-15a-779828094447153089,94-95m²,bostadsratt,2026-09-13T13:02:55.530033
3706595892177846617,https://www.hemnet.se/salda/lagenhet-4rum-kallhall-jarfalla-kommun-kopparvagen-21-van-8-3706595892177846617,94-95m²,bostadsratt,2026-09-13T13:02:55.530034
934054110715748567,https://www.hemnet.se/salda/lagenhet-3rum-mariedal-sorsedammsomradet-varbergs-kommun-rullstensbacken-1-934054110715748567,94-95m²,bostadsratt,2026-09-13T13:02:55.530036
296632489921300114,https://www.hemnet.se/salda/lagenhet-4rum-alta-hedvigslund-nacka-kommun-hasselnotsvagen-61-296632489921300114,94-95m²,bostadsratt,2026-09-13T13:02:55.530037
7908680067048625224,https://www.hemnet.se/salda/lagenhet-4rum-skarpnack-stockholms-kommun-fallskarmsgatan-20-7908680067048625224,94-95m²,bostadsratt,2026-09-13T13:02:55.530038
6478235998379537681,"https://www.hemnet.se/salda/lagenhet-4rum-annedal-stockholms-kommun-tummelisas-gata-4,-van-3-4-6478235998379537681",94-95m²,bostadsratt,2026-09-13T13:02:55.530040
442111997271291536,https://www.hemnet.se/salda/lagenhet-4rum-tullinge-botkyrka-kommun-norrskensbacken-11-442111997271291536,94-95m²,bostadsratt,2026-09-13T13:02:55.530041
694769014958060705,"https://www.hemnet.se/salda/lagenhet-3rum-sodermalm-mariatorget-stockholms-kommun-hogbergsgatan-66c,-4-tr-694769014958060705",94-95m²,bostadsratt,2026-09-13T13:02:55.530044
1231584326428931993,https://www.hemnet.se/salda/lagenhet-4rum-vastra-skogen-solna-kommun-wiboms-vag-2-1231584326428931993,94-95m²,bostadsratt,2026-09-13T13:02:55.530046
2238268659340102870,https://www.hemnet.se/salda/lagenhet-4rum-centralt-varnamo-kommun-smedgatan-16-2238268659340102870,94-95m²,bostadsratt,2026-09-13T13:02:55.530047
2298381395600139015,https://www.hemnet.se/salda/lagenhet-4rum-hestra-boras-kommun-symfonigatan-33e-2298381395600139015,94-95m²,bostadsratt,2026-09-13T13:02:55.530048
787501522281847053,https://www.hemnet.se/salda/lagenhet-3rum-dockan-malmo-kommun-krankajen-18-787501522281847053,94-95m²,bostadsratt,2026-09-13T13:02:55.530049
3390826661518003374,https://www.hemnet.se/salda/lagenhet-4rum-oxhagen-kalmar-kommun-gustaf-adolfs-vag-10b-3390826661518003374,94-95m²,bostadsratt,2026-09-13T13:02:55.530051
3356108404530612566,https://www.hemnet.se/salda/lagenhet-3rum-adolfsberg-helsingborgs-kommun-sodra-hunnetorpsvagen-59c-3356108404530612566,94-95m²,bostadsratt,2026-09-13T13:02:55.530054
3026618477851265373,https://www.hemnet.se/salda/lagenhet-4rum-ostermalm-borlange-kommun-bygatan-20a-3026618477851265373,94-95m²,bostadsratt,2026-09-13T13:02:55.530055
4234228901837499380,"https://www.hemnet.se/salda/lagenhet-4rum-bromma-annedal-stockholms-kommun-klas-klattermus-gata-7,-van-4-4234228901837499380",94-95m²,bostadsratt,2026-09-13T13:02:55.530057
8349485626201178911,https://www.hemnet.se/salda/lagenhet-4rum-savja-uppsala-kommun-olandsresan-3b-8349485626201178911,94-95m²,bostadsratt,2026-09-13T13:02:55.530058
6453061215020245124,https://www.hemnet.se/salda/lagenhet-4rum-abbekas-skurups-kommun-svanvagen-23-6453061215020245124,94-95m²,bostadsratt,2026-09-13T13:02:55.530059
3500959709031156610,"https://www.hemnet.se/salda/lagenhet-4,5rum-hagernas-taby-kommun-radarvagen-10-3500959709031156610",94-95m²,bostadsratt,2026-09-13T13:02:55.530061
329049562747570719,https://www.hemnet.se/salda/lagenhet-3rum-gavle-strand-gavle-kommun-stuvaregatan-30a-329049562747570719,94-95m²,bostadsratt,2026-09-13T13:02:55.530062
2707281523130649657,https://www.hemnet.se/salda/lagenhet-4rum-centrala-norrtalje-norrtalje-kommun-odengatan-6-d-2707281523130649657,94-95m²,bostadsratt,2026-09-13T13:02:55.530063
2002059153511507668,https://www.hemnet.se/salda/lagenhet-4rum-rissne-sundbybergs-kommun-mjolnerbacken-25-van-5-5-2002059153511507668,94-95m²,bostadsratt,2026-09-13T13:02:55.530064
6568330076180206158,https://www.hemnet.se/salda/lagenhet-4rum-ostermalm-stockholms-kommun-valhallavagen-152-b-6568330076180206158,94-95m²,bostadsratt,2026-09-13T13:02:55.530065
2086047661368413905,https://www.hemnet.se/salda/lagenhet-4rum-bohusgarden-uddevalla-kommun-nordens-vag-4-a-2086047661368413905,94-95m²,bostadsratt,2026-09-13T13:02:55.530067
2551582441471401577,https://www.hemnet.se/salda/lagenhet-3rum-hasselby-villastad-stockholms-kommun-mabarsstigen-29o-2551582441471401577,94-95m²,bostadsratt,2026-09-13T13:02:55.530068
6617473761789770913,"https://www.hemnet.se/salda/lagenhet-4rum-frosunda-solna-kommun-anders-lundstroms-gata-14,-4-tr-6617473761789770913",94-95m²,bostadsratt,2026-09-13T13:02:55.530069
7325830654904646687,https://www.hemnet.se/salda/lagenhet-4rum-enskiftet-centralt-i-skurup-skurups-kommun-enskiftesgatan-58-7325830654904646687,94-95m²,bostadsratt,2026-09-13T13:02:55.530070
5728171586610859146,https://www.hemnet.se/salda/lagenhet-4rum-molndal-pedagogen-park-molndals-kommun-professorsgatan-16-5728171586610859146,94-95m²,bostadsratt,2026-09-13T13:02:55.530072
935129469081515492,https://www.hemnet.se/salda/lagenhet-4rum-alvsjostaden-stockholms-kommun-kabelverksgatan-3-935129469081515492,94-95m²,bostadsratt,2026-09-13T13:02:55.530073
26362790925489564,https://www.hemnet.se/salda/lagenhet-3rum-soder-kristianstads-kommun-fabriksgatan-4b-26362790925489564,94-95m²,bostadsratt,2026-09-13T13:02:55.530074
7657433339843397447,https://www.hemnet.se/salda/lagenhet-5rum-hogdalen-stockholms-kommun-stenkvistavagen-16-7657433339843397447,94-95m²,bostadsratt,2026-09-13T13:02:55.530077
2228078243921671217,https://www.hemnet.se/salda/lagenhet-4rum-nyslatt-klippans-kommun-bladgatan-14c-2228078243921671217,94-95m²,bostadsratt,2026-09-13T13:02:55.530079
3127430753066926250,"https://www.hemnet.se/salda/lagenhet-4rum-bromma-annedal-stockholms-kommun-tummelisas-gata-4,-van-5-5-3127430753066926250",94-95m²,bostadsratt,2026-09-13T13:02:55.530080
7913605006540881188,"https://www.hemnet.se/salda/lagenhet-4rum-botkyrka-brunna-botkyrka-kommun-tomtbergavagen-52,-markplan-7913605006540881188",94-95m²,bostadsratt,2026-09-13T13:02:55.530084
6800944661949987079,https://www.hemnet.se/salda/lagenhet-4rum-aspudden-stockholms-kommun-junkergatan-10-6800944661949987079,94-95m²,bostadsratt,2026-09-13T13:02:55.530085
2258559200982946893,https://www.hemnet.se/salda/lagenhet-4rum-centralt-kungalvs-kommun-vendergatan-18-2258559200982946893,94-95m²,bostadsratt,2026-09-13T13:02:55.530086
577612394573485831,https://www.hemnet.se/salda/lagenhet-5rum-liljeholmskajen-stockholms-kommun-hildebergsvagen-14-577612394573485831,94-95m²,bostadsratt,2026-09-13T13:02:55.530088
6240344074301940105,https://www.hemnet.se/salda/lagenhet-4rum-fruangen-stockholms-kommun-vantorsvagen-277-6240344074301940105,94-95m²,bostadsratt,2026-09-13T13:02:55.530089
7439432918098958562,https://www.hemnet.se/salda/lagenhet-4rum-hasselby-gard-stockholms-kommun-friherregatan-43-7439432918098958562,94-95m²,bostadsratt,2026-09-13T13:02:55.530090
3214553382506669210,"https://www.hemnet.se/salda/lagenhet-4rum-jarlaberg-nacka-kommun-diligensvagen-3,-3-tr-3214553382506669210",94-95m²,bostadsratt,2026-09-13T13:02:55.530091
6704509453683906015,https://www.hemnet.se/salda/lagenhet-3rum-sundsta-norrstrand-karlstads-kommun-hagaborgsgatan-7-6704509453683906015,94-95m²,bostadsratt,2026-09-13T13:02:55.530092
7439272284875834434,https://www.hemnet.se/salda/lagenhet-4rum-gamla-gefle-gavle-kommun-sodra-radmansgatan-13-7439272284875834434,94-95m²,bostadsratt,2026-09-13T13:02:55.530094
5753849528409102702,"https://www.hemnet.se/salda/lagenhet-3rum-ostermalm-karlaplan-stockholms-kommun-valhallavagen-148c,-1tr-5753849528409102702",94-95m²,bostadsratt,2026-09-13T13:02:55.530095
675844775863483386,https://www.hemnet.se/salda/lagenhet-5rum-avesta-avesta-kommun-corneliusgatan-30a-675844775863483386,94-95m²,bostadsratt,2026-09-13T13:02:55.530096
3537748909927095854,https://www.hemnet.se/salda/lagenhet-4rum-vasastan-stockholms-kommun-torsgatan-38a-3537748909927095854,94-95m²,bostadsratt,2026-09-13T13:02:55.530097
9045003819448740569,https://www.hemnet.se/salda/lagenhet-4rum-norrmalm-vasteras-kommun-gjutare-granstroms-gata-11-9045003819448740569,94-95m²,bostadsratt,2026-09-13T13:02:55.530101
689378898039173699,https://www.hemnet.se/salda/lagenhet-4rum-satra-stockholms-kommun-gransatragrand-10-689378898039173699,94-95m²,bostadsratt,2026-09-13T13:02:55.530102
4444770098621655084,https://www.hemnet.se/salda/lagenhet-4rum-norra-luthagen-uppsala-kommun-gimogatan-4b-4444770098621655084,94-95m²,bostadsratt,2026-09-13T13:02:55.530103
7869051194802087891,"https://www.hemnet.se/salda/lagenhet-4rum-frosunda-solna-kommun-gustav-iii-s-boulevard-129,-5-tr-7869051194802087891",94-95m²,bostadsratt,2026-09-13T13:02:55.530105
6600171352494973385,https://www.hemnet.se/salda/lagenhet-4rum-centralt-kungalvs-kommun-kastellegardsgatan-48b-6600171352494973385,94-95m²,bostadsratt,2026-09-13T13:02:55.530106
3702822259856781589,"https://www.hemnet.se/salda/lagenhet-3rum-kungsholmen-stockholms-kommun-polhemsgatan-16,-5tr-3702822259856781589",94-95m²,bostadsratt,2026-09-13T13:02:55.530107
4972454935078882231,https://www.hemnet.se/salda/lagenhet-3rum-falhagen-uppsala-kommun-botvidsgatan-17-4972454935078882231,94-95m²,bostadsratt,2026-09-13T13:02:55.530109
7976242778439345676,https://www.hemnet.se/salda/lagenhet-4rum-vasastan-hagastaden-stockholms-kommun-halsingegatan-51-7976242778439345676,94-95m²,bostadsratt,2026-09-13T13:02:55.530110
7431253864601841651,"https://www.hemnet.se/salda/lagenhet-4rum-tullinge-botkyrka-kommun-norrskensbacken-19,-4-tr-7431253864601841651",94-95m²,bostadsratt,2026-09-13T13:02:55.530111
3410060421502555031,https://www.hemnet.se/salda/lagenhet-4rum-landskrona-centrum-landskrona-kommun-skolallen-2-3410060421502555031,94-95m²,bostadsratt,2026-09-13T13:02:55.530112
1030530269841677868,https://www.hemnet.se/salda/lagenhet-4rum-abbekas-skurups-kommun-sunnanvindsvagen-22-1030530269841677868,94-95m²,bostadsratt,2026-09-13T13:02:55.530114
1973030974795773240,https://www.hemnet.se/salda/lagenhet-3rum-kalkbrottet-malmo-kommun-kalkstensvagen-11b-1973030974795773240,94-95m²,bostadsratt,2026-09-13T13:02:55.530115
5228276220656182258,https://www.hemnet.se/salda/lagenhet-4rum-jarvastaden-solna-kommun-meanderslingan-34-5228276220656182258,94-95m²,bostadsratt,2026-09-13T13:02:55.530116
50099693648821145,https://www.hemnet.se/salda/lagenhet-3rum-enskede-gard-stockholms-kommun-odelbergsvagen-34-50099693648821145,94-95m²,bostadsratt,2026-09-13T13:02:55.530119
3041125582613269853,https://www.hemnet.se/salda/lagenhet-3rum-gamla-stan-stockholms-kommun-lilla-nygatan-21-3041125582613269853,94-95m²,bostadsratt,2026-09-13T13:02:55.530121
4888829321918184275,https://www.hemnet.se/salda/lagenhet-4rum-kallhall-jarfalla-kommun-kopparvagen-23-4888829321918184275,94-95m²,bostadsratt,2026-09-13T13:02:55.530122
353205606975354271,https://www.hemnet.se/salda/lagenhet-4rum-skaraberg-skara-kommun-akerstigen-72-b-353205606975354271,94-95m²,bostadsratt,2026-09-13T13:02:55.530123
4054630411907143338,https://www.hemnet.se/salda/lagenhet-3rum-vasastaden-goteborgs-kommun-erik-dahlbergsgatan-29a-4054630411907143338,94-95m²,bostadsratt,2026-09-13T13:02:55.530124
3878125033652857301,https://www.hemnet.se/salda/lagenhet-4rum-nacka-nacka-kommun-sickla-alle-51-3878125033652857301,94-95m²,bostadsratt,2026-09-13T13:02:55.530126
8387144831322556464,https://www.hemnet.se/salda/lagenhet-4rum-ljungsbro-linkopings-kommun-von-fersens-vag-4-8387144831322556464,94-95m²,bostadsratt,2026-09-13T13:02:55.530127
6390927529955435751,"https://www.hemnet.se/salda/lagenhet-4rum-arsta-stockholms-kommun-glindragrand-3,-4-tr-6390927529955435751",94-95m²,bostadsratt,2026-09-13T13:02:55.530128
2157565372604790174,"https://www.hemnet.se/salda/lagenhet-4rum-hammarby-sjostad-stockholms-kommun-hammarbyterrassen-7,-1-tr-2157565372604790174",94-95m²,bostadsratt,2026-09-13T13:02:55.530129
8725345764529785355,https://www.hemnet.se/salda/lagenhet-4rum-davidshall-malmo-kommun-jorgen-ankersgatan-3a-8725345764529785355,94-95m²,bostadsratt,2026-09-13T13:02:55.530131
1678530906375211557,https://www.hemnet.se/salda/lagenhet-4rum-kungsangen-uppsala-kommun-sagargatan-11a-1678530906375211557,94-95m²,bostadsratt,2026-09-13T13:02:55.530132
1558247539801795816,https://www.hemnet.se/salda/lagenhet-4rum-lindeborg-malmo-kommun-dansorgatan-16-1558247539801795816,94-95m²,bostadsratt,2026-09-13T13:02:55.530133
6314158565683029686,https://www.hemnet.se/salda/lagenhet-3rum-haga-umea-kommun-solvandan-2a-6314158565683029686,94-95m²,bostadsratt,2026-09-13T13:02:55.530134
4505585561945565835,https://www.hemnet.se/salda/lagenhet-4rum-centrala-nynashamn-nynashamns-kommun-centralgatan-40a-4505585561945565835,94-95m²,bostadsratt,2026-09-13T13:02:55.530135
4874930982469839104,https://www.hemnet.se/salda/lagenhet-4rum-tullinge-botkyrka-kommun-solskensvagen-13-4874930982469839104,94-95m²,bostadsratt,2026-09-13T13:02:55.530137
711516027195622359,https://www.hemnet.se/salda/lagenhet-4rum-oringe-tyreso-kommun-diamantgangen-109-711516027195622359,94-95m²,bostadsratt,2026-09-13T13:02:55.530138
3761239803110897395,https://www.hemnet.se/salda/lagenhet-3rum-ulricehamn-ulricehamns-kommun-prastgardsgatan-11-3761239803110897395,94-95m²,bostadsratt,2026-09-13T13:02:55.530139
2271060527465880934,https://www.hemnet.se/salda/lagenhet-3rum-arsta-stockholms-kommun-slatbaksvagen-30-2271060527465880934,94-95m²,bostadsratt,2026-09-13T13:02:55.530140
1916053669356324950,https://www.hemnet.se/salda/lagenhet-4rum-knivsta-knivsta-kommun-fikonvagen-51-1916053669356324950,94-95m²,bostadsratt,2026-09-13T13:02:55.530144
5950628141742304029,https://www.hemnet.se/salda/lagenhet-4rum-vendelsomalm-haninge-kommun-vendelsomalmsvagen-223-5950628141742304029,94-95m²,bostadsratt,2026-09-13T13:02:55.530145
3678818325768492364,https://www.hemnet.se/salda/lagenhet-4rum-varnhem-skara-kommun-odegardsvagen-13-e-3678818325768492364,94-95m²,bostadsratt,2026-09-13T13:02:55.530146
8540439249380852701,https://www.hemnet.se/salda/lagenhet-4rum-hagsatra-stockholms-kommun-vintrosagatan-13-8540439249380852701,94-95m²,bostadsratt,2026-09-13T13:02:55.530147
4028548423143058880,https://www.hemnet.se/salda/lagenhet-4rum-vendelsomalm-haninge-kommun-vendelsomalmsvagen-225-4028548423143058880,94-95m²,bostadsratt,2026-09-13T13:02:55.530149
8286338582931731377,https://www.hemnet.se/salda/lagenhet-3rum-sodermalm-mariatorget-stockholms-kommun-maria-prastgardsgata-14-8286338582931731377,94-95m²,bostadsratt,2026-09-13T13:02:55.530150
438835043200400678,https://www.hemnet.se/salda/lagenhet-4rum-jarlaberg-nacka-kommun-landavagen-4-438835043200400678,94-95m²,bostadsratt,2026-09-13T13:02:55.530151
4660156003156007487,"https://www.hemnet.se/salda/lagenhet-4rum-are-by-are-kommun-sporthotellet,-arevagen-110-4660156003156007487",94-95m²,bostadsratt,2026-09-13T13:02:55.530152
1869986409436029022,https://www.hemnet.se/salda/lagenhet-3rum-kabo-uppsala-kommun-soldathemsvagen-1-1869986409436029022,94-95m²,bostadsratt,2026-09-13T13:02:55.530156
3354002906503515328,https://www.hemnet.se/salda/lagenhet-3rum-ostermalm-stockholms-kommun-ostermalmsgatan-31-3354002906503515328,94-95m²,bostadsratt,2026-09-13T13:02:55.530157
5937859102385193443,https://www.hemnet.se/salda/lagenhet-4rum-tyreso-centrum-tyreso-kommun-bollmoravagen-38-5937859102385193443,94-95m²,bostadsratt,2026-09-13T13:02:55.530158
535562953331371961,https://www.hemnet.se/salda/lagenhet-4rum-nynashamn-nynashamns-kommun-fredsgatan-15-535562953331371961,94-95m²,bostadsratt,2026-09-13T13:02:55.530159
5394004365088981530,https://www.hemnet.se/salda/lagenhet-4rum-hogsbo-goteborgs-kommun-hogsbogatan-27-5394004365088981530,94-95m²,bostadsratt,2026-09-13T13:02:55.530161
1926124873617714915,https://www.hemnet.se/salda/lagenhet-4rum-spanga-tensta-stockholms-kommun-elinsborgsbacken-40-1926124873617714915,94-95m²,bostadsratt,2026-09-13T13:02:55.530162
4152952549272349951,https://www.hemnet.se/salda/lagenhet-5rum-s-t-ilian-enkopings-kommun-sankt-johannesgatan-3b-4152952549272349951,94-95m²,bostadsratt,2026-09-13T13:02:55.530163
6130553246276389124,"https://www.hemnet.se/salda/lagenhet-4rum-hasselby-norra-villastad-stockholms-kommun-drivbanksvagen-11a,-van-0-d-1003-6130553246276389124",94-95m²,bostadsratt,2026-09-13T13:02:55.530167
6400570072514744321,https://www.hemnet.se/salda/lagenhet-4rum-soder-gavle-kommun-sodra-kansligatan-31-6400570072514744321,94-95m²,bostadsratt,2026-09-13T13:02:55.530168
3978647352954481622,https://www.hemnet.se/salda/lagenhet-4rum-vasastaden-stockholms-kommun-tomtebogatan-26-3978647352954481622,94-95m²,bostadsratt,2026-09-13T13:02:55.530170
962558211771498367,https://www.hemnet.se/salda/lagenhet-3rum-ribersborg-malmo-kommun-henrik-wranersgatan-1b-962558211771498367,94-95m²,bostadsratt,2026-09-13T13:02:55.530171
4317086166757856954,https://www.hemnet.se/salda/lagenhet-4rum-skytteholm-solna-kommun-ankdammsgatan-33-4317086166757856954,94-95m²,bostadsratt,2026-09-13T13:02:55.530172
5688626565690254573,https://www.hemnet.se/salda/lagenhet-4rum-skogsborg-karlshamns-kommun-solvagen-16-5688626565690254573,94-95m²,bostadsratt,2026-09-13T13:02:55.530174
5237545524988647196,https://www.hemnet.se/salda/lagenhet-4rum-helgo-kaggeholms-slottsby-ekero-kommun-kaggeholm-17b-5237545524988647196,94-95m²,bostadsratt,2026-09-13T13:02:55.530175
489288887979913967,https://www.hemnet.se/salda/lagenhet-4rum-skarpnack-stockholms-kommun-drakflygargatan-2-489288887979913967,94-95m²,bostadsratt,2026-09-13T13:02:55.530176
1914133760806171369,https://www.hemnet.se/salda/lagenhet-3rum-linnestaden-goteborgs-kommun-skanstorget-4b-1914133760806171369,94-95m²,bostadsratt,2026-09-13T13:02:55.530177
4619944652967418997,https://www.hemnet.se/salda/lagenhet-4rum-blasut-stockholms-kommun-fyrvaktarkroken-60-4619944652967418997,94-95m²,bostadsratt,2026-09-13T13:02:55.530179
5407553385794062475,https://www.hemnet.se/salda/lagenhet-4rum-ostberga-stockholms-kommun-sibbarpsgrand-15-5407553385794062475,94-95m²,bostadsratt,2026-09-13T13:02:55.530180
463929878712276701,https://www.hemnet.se/salda/lagenhet-4rum-vasastan-stockholms-kommun-birkagatan-28-463929878712276701,94-95m²,bostadsratt,2026-09-13T13:02:55.530181
8681189754252524658,"https://www.hemnet.se/salda/lagenhet-3,5rum-centralt-orebro-kommun-hamngatan-1-8681189754252524658",94-95m²,bostadsratt,2026-09-13T13:02:55.530183
3647665150419721043,https://www.hemnet.se/salda/lagenhet-4rum-vaster-amals-kommun-odengatan-57-3647665150419721043,94-95m²,bostadsratt,2026-09-13T13:02:55.530184
6059719510858580883,https://www.hemnet.se/salda/lagenhet-4rum-granloholm-sundsvalls-kommun-halmstadsvagen-31-6059719510858580883,94-95m²,bostadsratt,2026-09-13T13:02:55.530185
6409589356376960093,"https://www.hemnet.se/salda/lagenhet-3rum-hammarby-sjostad-stockholms-kommun-batbyggargatan-2,-pl-4-6409589356376960093",94-95m²,bostadsratt,2026-09-13T13:02:55.530186
6705455981170758918,https://www.hemnet.se/salda/lagenhet-3rum-bymarken-jonkopings-kommun-bjornebergsvagen-15a-6705455981170758918,94-95m²,bostadsratt,2026-09-13T13:02:55.530187
9020907489124132358,https://www.hemnet.se/salda/lagenhet-4rum-irsta-vasteras-kommun-ullvigatan-22b-9020907489124132358,94-95m²,bostadsratt,2026-09-13T13:02:55.530191
781603924383007484,https://www.hemnet.se/salda/lagenhet-4rum-trosso-karlskrona-kommun-hantverkaregatan-16-a-781603924383007484,94-95m²,bostadsratt,2026-09-13T13:02:55.530194
6897788960722139008,https://www.hemnet.se/salda/lagenhet-3rum-nasby-park-taby-kommun-fanrikens-gata-3-6897788960722139008,94-95m²,bostadsratt,2026-09-13T13:02:55.530196
9068099375321450234,https://www.hemnet.se/salda/lagenhet-4rum-bergviken-lulea-kommun-bjorkgatan-43-9068099375321450234,94-95m²,bostadsratt,2026-09-13T13:02:55.530197
1893768395591064498,https://www.hemnet.se/salda/lagenhet-4rum-sorbyangen-orebro-kommun-karlsdalsallen-47-c-1893768395591064498,94-95m²,bostadsratt,2026-09-13T13:02:55.530198
320412748142669628,https://www.hemnet.se/salda/lagenhet-4rum-hoganas-hoganas-kommun-sundstorget-34-320412748142669628,94-95m²,bostadsratt,2026-09-13T13:02:55.530199
2741342665870806670,https://www.hemnet.se/salda/lagenhet-4rum-luthagen-uppsala-kommun-stabby-alle-7a-2741342665870806670,94-95m²,bostadsratt,2026-09-13T13:02:55.530201
8679091224140889977,https://www.hemnet.se/salda/lagenhet-4rum-sodermalm-stockholms-kommun-barnangs-tvargrand-5-8679091224140889977,94-95m²,bostadsratt,2026-09-13T13:02:55.530202
8815300431502081062,https://www.hemnet.se/salda/lagenhet-4rum-enskede-gubbangen-stockholms-kommun-lingvagen-103-8815300431502081062,94-95m²,bostadsratt,2026-09-13T13:02:55.530203
5344485359974334872,https://www.hemnet.se/salda/lagenhet-4rum-lillhamra-vasteras-kommun-kasselgatan-17c-5344485359974334872,94-95m²,bostadsratt,2026-09-13T13:02:55.530204
385980379156114536,https://www.hemnet.se/salda/lagenhet-4rum-as-krokoms-kommun-lokes-vag-2-385980379156114536,94-95m²,bostadsratt,2026-09-13T13:02:55.530205
5658097070480670452,https://www.hemnet.se/salda/lagenhet-4rum-frosunda-solna-kommun-gustav-iii-s-boulevard-109-5658097070480670452,94-95m²,bostadsratt,2026-09-13T13:02:55.530207
8232392775706744098,https://www.hemnet.se/salda/lagenhet-3rum-liljeholmen-jonkopings-kommun-liljeholmsgatan-3d-8232392775706744098,94-95m²,bostadsratt,2026-09-13T13:02:55.530208
700266913439056372,https://www.hemnet.se/salda/lagenhet-4rum-hallerna-stenungsunds-kommun-modistvagen-26a-lgh-1001-700266913439056372,94-95m²,bostadsratt,2026-09-13T13:02:55.530209
2480268066253711003,https://www.hemnet.se/salda/lagenhet-3rum-vallbacken-gavle-kommun-stromsborgsvagen-4-2480268066253711003,94-95m²,bostadsratt,2026-09-13T13:02:55.530210
588736505019381788,https://www.hemnet.se/salda/lagenhet-4rum-gribbylund-taby-kommun-kabeluddsvagen-6-588736505019381788,94-95m²,bostadsratt,2026-09-13T13:02:55.530212
7755055435264301292,https://www.hemnet.se/salda/lagenhet-4rum-city-vasteras-kommun-gjutare-granstroms-gata-11-7755055435264301292,94-95m²,bostadsratt,2026-09-13T13:02:55.530213
3099144156349845690,"https://www.hemnet.se/salda/lagenhet-4rum-centrala-sundbyberg-sundbybergs-kommun-starrbacksgatan-20,-van-5-5-3099144156349845690",94-95m²,bostadsratt,2026-09-13T13:02:55.530214
2261258632924340775,https://www.hemnet.se/salda/lagenhet-4rum-frosunda-solna-kommun-anders-lundstroms-gata-18-2261258632924340775,94-95m²,bostadsratt,2026-09-13T13:02:55.530215
647264835411941738,https://www.hemnet.se/salda/lagenhet-3rum-centrum-helsingborgs-kommun-kullagatan-38a-647264835411941738,94-95m²,bostadsratt,2026-09-13T13:02:55.530217
809320461986693746,https://www.hemnet.se/salda/lagenhet-4rum-huvudsta-solna-kommun-armegatan-29-809320461986693746,94-95m²,bostadsratt,2026-09-13T13:02:55.530218
7635680573189145930,https://www.hemnet.se/salda/lagenhet-4rum-ostermalm-nedre-gardet-stockholms-kommun-hedinsgatan-11-7635680573189145930,94-95m²,bostadsratt,2026-09-13T13:02:55.530219
1606295960132179172,https://www.hemnet.se/salda/lagenhet-4rum-centralt-angelholms-kommun-bruksgatan-31a-1606295960132179172,94-95m²,bostadsratt,2026-09-13T13:02:55.530220
4674374237320535974,https://www.hemnet.se/salda/lagenhet-4rum-rosendal-uppsala-kommun-torgny-segerstedts-alle-17b-4674374237320535974,94-95m²,bostadsratt,2026-09-13T13:02:55.530222
6853834333123918943,https://www.hemnet.se/salda/lagenhet-4rum-ostermalm-stockholms-kommun-oxenstiernsgatan-31-6853834333123918943,94-95m²,bostadsratt,2026-09-13T13:02:55.530223
3807533401046911359,https://www.hemnet.se/salda/lagenhet-3rum-ektorp-norrkopings-kommun-stafettgatan-3-3807533401046911359,94-95m²,bostadsratt,2026-09-13T13:02:55.530224
1363425,https://www.hemnet.se/salda/lagenhet-4rum-sundsta-karlstads-kommun-sundsta-torg-1363425,94-95m²,bostadsratt,2026-09-13T13:02:55.530225
1773864867119130355,https://www.hemnet.se/salda/lagenhet-3rum-sannegarden-goteborgs-kommun-barken-storegrunds-gata-11-1773864867119130355,94-95m²,bostadsratt,2026-09-13T13:02:55.530226
8245414760742545025,https://www.hemnet.se/salda/lagenhet-4rum-arsta-stockholms-kommun-ralangsvagen-3-8245414760742545025,94-95m²,bostadsratt,2026-09-13T13:02:55.530230
7541185502581976186,https://www.hemnet.se/salda/lagenhet-3rum-lorensberg-goteborgs-kommun-lundgrensgatan-8-7541185502581976186,94-95m²,bostadsratt,2026-09-13T13:02:55.530231
2950218793458353279,https://www.hemnet.se/salda/lagenhet-4rum-orby-marks-kommun-muraregatan-16b-2950218793458353279,94-95m²,bostadsratt,2026-09-13T13:02:55.530232
7883912282618304658,https://www.hemnet.se/salda/lagenhet-4rum-centrum-knivsta-kommun-faktorns-gata-11b-7883912282618304658,94-95m²,bostadsratt,2026-09-13T13:02:55.530234
6566911085936153326,https://www.hemnet.se/salda/lagenhet-4rum-stenhagen-uppsala-kommun-herrhagsvagen-190-6566911085936153326,94-95m²,bostadsratt,2026-09-13T13:02:55.530237
5535340204275084351,https://www.hemnet.se/salda/lagenhet-4rum-centralt-knivsta-kommun-gredelbyvagen-5-5535340204275084351,94-95m²,bostadsratt,2026-09-13T13:02:55.530238
2476074446697810724,https://www.hemnet.se/salda/lagenhet-4rum-stenhagen-uppsala-kommun-stenrosvagen-9-2476074446697810724,94-95m²,bostadsratt,2026-09-13T13:02:55.530240
7843217827552982276,https://www.hemnet.se/salda/lagenhet-4rum-nasby-park-taby-kommun-eskadervagen-34-7843217827552982276,94-95m²,bostadsratt,2026-09-13T13:02:55.530241
5771339817561008528,https://www.hemnet.se/salda/lagenhet-4rum-centrala-hisingen-goteborgs-kommun-grona-annas-gata-1-5771339817561008528,94-95m²,bostadsratt,2026-09-13T13:02:55.530242
2634650170928214021,https://www.hemnet.se/salda/lagenhet-4rum-hagernas-taby-kommun-radarvagen-8-van-6-6-2634650170928214021,94-95m²,bostadsratt,2026-09-13T13:02:55.530243
8777556933728825027,https://www.hemnet.se/salda/lagenhet-3rum-valjeviken-solvesborgs-kommun-lovsalsvagen-8-8777556933728825027,94-95m²,bostadsratt,2026-09-13T13:02:55.530245
3153197221671369382,https://www.hemnet.se/salda/lagenhet-4rum-skarpnack-stockholms-kommun-vinggatan-34-3153197221671369382,94-95m²,bostadsratt,2026-09-13T13:02:55.530246
3247410738358256673,"https://www.hemnet.se/salda/lagenhet-4rum-grindtorp-taby-kommun-grindtorpsvagen-41,-8tr-3247410738358256673",94-95m²,bostadsratt,2026-09-13T13:02:55.530247
2338427782591233615,https://www.hemnet.se/salda/lagenhet-3rum-bromma-traneberg-stockholms-kommun-grindstuvagen-32-2338427782591233615,94-95m²,bostadsratt,2026-09-13T13:02:55.530248
8608912193555096073,"https://www.hemnet.se/salda/lagenhet-4rum-bromma-annedal-stockholms-kommun-klas-klattermus-gata-7,-van-6-8608912193555096073",94-95m²,bostadsratt,2026-09-13T13:02:55.530250
7139459158366737816,https://www.hemnet.se/salda/lagenhet-3rum-centrala-sundbyberg-sundbybergs-kommun-agatan-22-7139459158366737816,94-95m²,bostadsratt,2026-09-13T13:02:55.530251
1030662803381270483,https://www.hemnet.se/salda/lagenhet-4rum-nacka-saltsjobaden-fisksatra-nacka-kommun-fisksatravagen-28b-1030662803381270483,94-95m²,bostadsratt,2026-09-13T13:02:55.530252
8935072274761773370,https://www.hemnet.se/salda/lagenhet-4rum-centralt-upplands-vasby-kommun-optimusvagen-2c-8935072274761773370,94-95m²,bostadsratt,2026-09-13T13:02:55.530253
8841041277427407192,"https://www.hemnet.se/salda/lagenhet-2,5rum-nacka-nacka-kommun-augustendalsvagen-21-8841041277427407192",94-95m²,bostadsratt,2026-09-13T13:02:55.530255
941547239461341638,"https://www.hemnet.se/salda/lagenhet-4rum-sodermalm-stockholms-kommun-wollmar-yxkullsgatan-4b,-6-tr-941547239461341638",94-95m²,bostadsratt,2026-09-13T13:02:55.530258
1360025226094803752,"https://www.hemnet.se/salda/lagenhet-4rum-centrala-vasby-upplands-vasby-kommun-stallgatan-11b,-3-tr-1360025226094803752",94-95m²,bostadsratt,2026-09-13T13:02:55.530259
4064270353366873535,"https://www.hemnet.se/salda/lagenhet-3,5rum-sodermalm-hornstull-stockholms-kommun-verkstadsgatan-9-4064270353366873535",94-95m²,bostadsratt,2026-09-13T13:02:55.530261
2852442425348341634,"https://www.hemnet.se/salda/lagenhet-3rum-vasastan-stockholms-kommun-gavlegatan-4,-1,5-tr-2852442425348341634",94-95m²,bostadsratt,2026-09-13T13:02:55.530262
5492004151813198654,https://www.hemnet.se/salda/lagenhet-3rum-kungsholmen-stockholms-kommun-gjutargatan-6-5492004151813198654,94-95m²,bostadsratt,2026-09-13T13:02:55.530263
3304829986953979474,"https://www.hemnet.se/salda/lagenhet-3,5rum-rasunda-solna-kommun-sodra-langgatan-41-3304829986953979474",94-95m²,bostadsratt,2026-09-13T13:02:55.530264
8157383231015320906,"https://www.hemnet.se/salda/lagenhet-4rum-vastra-skogen-solna-kommun-armegatan-29,-6-tr-8157383231015320906",94-95m²,bostadsratt,2026-09-13T13:02:55.530268
6453217059882170491,https://www.hemnet.se/salda/lagenhet-3rum-rasunda-solna-kommun-parkvagen-8-6453217059882170491,94-95m²,bostadsratt,2026-09-13T13:02:55.530269
6876059970001522495,https://www.hemnet.se/salda/lagenhet-3rum-brevik-lidingo-kommun-slipvagen-4-6876059970001522495,94-95m²,bostadsratt,2026-09-13T13:02:55.530270
4819780940624862929,"https://www.hemnet.se/salda/lagenhet-4rum-nasby-slottspark-taby-kommun-nasbyviksgrand-12,-vindsvaning-4819780940624862929",94-95m²,bostadsratt,2026-09-13T13:02:55.530272
3896844936231888144,https://www.hemnet.se/salda/lagenhet-4rum-tullinge-botkyrka-kommun-norrskensbacken-21-3896844936231888144,94-95m²,bostadsratt,2026-09-13T13:02:55.530273
1496617933923623369,https://www.hemnet.se/salda/lagenhet-4rum-centrala-hisingen-goteborgs-kommun-trollhasselgatan-27-1496617933923623369,94-95m²,bostadsratt,2026-09-13T13:02:55.530274
1338069720328438101,https://www.hemnet.se/salda/lagenhet-3rum-ljungsbro-linkopings-kommun-von-fersens-vag-6-1338069720328438101,94-95m²,bostadsratt,2026-09-13T13:02:55.530275
4709658080525016437,https://www.hemnet.se/salda/lagenhet-4rum-centrum-ulricehamns-kommun-prastgardsgatan-11-4709658080525016437,94-95m²,bostadsratt,2026-09-13T13:02:55.530277
5619626197993119025,https://www.hemnet.se/salda/lagenhet-4rum-floda-lerums-kommun-rurik-holms-vag-11a-5619626197993119025,94-95m²,bostadsratt,2026-09-13T13:02:55.530278
3468914621450739774,https://www.hemnet.se/salda/lagenhet-4rum-centrala-hisingen-goteborgs-kommun-ovre-hallegatan-42-3468914621450739774,94-95m²,bostadsratt,2026-09-13T13:02:55.530279
67689053397576207,https://www.hemnet.se/salda/lagenhet-5rum-ostberga-stockholms-kommun-stamgatan-11-67689053397576207,94-95m²,bostadsratt,2026-09-13T13:02:55.530280
5653662708430258579,https://www.hemnet.se/salda/lagenhet-4rum-rosengard-malmo-kommun-von-lingens-vag-122-5653662708430258579,94-95m²,bostadsratt,2026-09-13T13:02:55.530284
2719789314993140162,https://www.hemnet.se/salda/lagenhet-3rum-ostermalmstorg-stockholms-kommun-nybrogatan-45a-2719789314993140162,94-95m²,bostadsratt,2026-09-13T13:02:55.530285
9071495550846055180,https://www.hemnet.se/salda/lagenhet-4rum-tyreso-tyreso-kommun-bollmoravagen-106-9071495550846055180,94-95m²,bostadsratt,2026-09-13T13:02:55.530287
3167213850212831758,https://www.hemnet.se/salda/lagenhet-4rum-jakobsberg-jarfalla-kommun-kvarnvagen-48-3167213850212831758,94-95m²,bostadsratt,2026-09-13T13:02:55.530288
5554940406323979198,https://www.hemnet.se/salda/lagenhet-4rum-kungsangen-uppsala-kommun-ostra-agatan-109-5554940406323979198,94-95m²,bostadsratt,2026-09-13T13:02:55.530289
3267682871225772558,https://www.hemnet.se/salda/lagenhet-3rum-centrum-uppsala-uppsala-kommun-smedsgrand-4-3267682871225772558,94-95m²,bostadsratt,2026-09-13T13:02:55.530290
6778726901437088559,https://www.hemnet.se/salda/lagenhet-3rum-vasastan-hagastaden-stockholms-kommun-nina-einhorns-gata-10-6778726901437088559,94-95m²,bostadsratt,2026-09-13T13:02:55.530291
2130906993163895367,https://www.hemnet.se/salda/lagenhet-4rum-rosendal-uppsala-kommun-torgny-segerstedts-alle-20-2130906993163895367,94-95m²,bostadsratt,2026-09-13T13:02:55.530293
5634863409734513569,https://www.hemnet.se/salda/lagenhet-4rum-rudviken-solna-c-solna-kommun-solgatan-7-5634863409734513569,94-95m²,bostadsratt,2026-09-13T13:02:55.530294
2476247491526748656,https://www.hemnet.se/salda/lagenhet-5rum-enskede-gamla-enskede-stockholms-kommun-tallkrogsvagen-14b-2476247491526748656,94-95m²,bostadsratt,2026-09-13T13:02:55.530295
2292297471805240994,https://www.hemnet.se/salda/lagenhet-3rum-vasastaden-stockholms-kommun-vastmannagatan-79-2tr-2292297471805240994,94-95m²,bostadsratt,2026-09-13T13:02:55.530296
1915321685842146511,"https://www.hemnet.se/salda/lagenhet-4rum-sodermalm-hornstull-hogalid-stockholms-kommun-hogalidsgatan-34c,-1-tr-1915321685842146511",94-95m²,bostadsratt,2026-09-13T13:02:55.530298
2686621942454537899,https://www.hemnet.se/salda/lagenhet-4rum-sundbyberg-rissne-sundbybergs-kommun-mjolnerbacken-63-2686621942454537899,94-95m²,bostadsratt,2026-09-13T13:02:55.530299
8355194721323805891,"https://www.hemnet.se/salda/lagenhet-4rum-nacka-forum-nacka-kommun-serenadvagen-40,-2-tr-8355194721323805891",94-95m²,bostadsratt,2026-09-13T13:02:55.530300
4872978301069845440,https://www.hemnet.se/salda/lagenhet-4rum-tygelsjo-malmo-kommun-tvarskeppsgatan-57-4872978301069845440,94-95m²,bostadsratt,2026-09-13T13:02:55.530303
5697596184964485761,https://www.hemnet.se/salda/lagenhet-4rum-dockan-malmo-kommun-hallenborgs-gata-18a-5697596184964485761,94-95m²,bostadsratt,2026-09-13T13:02:55.530305
3266977413512935921,https://www.hemnet.se/salda/lagenhet-4rum-bergshamra-solna-kommun-bjornstigen-133-3266977413512935921,94-95m²,bostadsratt,2026-09-13T13:02:55.530306
6515450863088704071,https://www.hemnet.se/salda/lagenhet-4rum-taby-park-taby-kommun-boulevarden-69-6515450863088704071,94-95m²,bostadsratt,2026-09-13T13:02:55.530307
9027073467143953153,https://www.hemnet.se/salda/lagenhet-3rum-vasastan-birkastan-stockholms-kommun-tomtebogatan-19-9027073467143953153,94-95m²,bostadsratt,2026-09-13T13:02:55.530308
8331930405935285863,"https://www.hemnet.se/salda/lagenhet-4,5rum-centrala-sundbyberg-sundbybergs-kommun-vintergatan-2a-8331930405935285863",94-95m²,bostadsratt,2026-09-13T13:02:55.530309
448106165878246009,https://www.hemnet.se/salda/lagenhet-3rum-hovas-goteborgs-kommun-berguven-12-448106165878246009,94-95m²,bostadsratt,2026-09-13T13:02:55.530311
690645219465001171,https://www.hemnet.se/salda/lagenhet-5rum-jarvastaden-sundbybergs-kommun-brukshundsvagen-28-690645219465001171,94-95m²,bostadsratt,2026-09-13T13:02:55.530312
2716188851199627536,"https://www.hemnet.se/salda/lagenhet-4rum-bromma-abrahamsberg-stockholms-kommun-rorlaggarvagen-22,-van-2-av-3-2716188851199627536",94-95m²,bostadsratt,2026-09-13T13:02:55.530313
5212923067935407369,https://www.hemnet.se/salda/lagenhet-4rum-karrtorp-stockholms-kommun-karrtorpsvagen-26f-5212923067935407369,94-95m²,bostadsratt,2026-09-13T13:02:55.530315
6812357986744639311,https://www.hemnet.se/salda/lagenhet-4rum-kullingsberg-alingsas-kommun-rosenvagen-6b-6812357986744639311,94-95m²,bostadsratt,2026-09-13T13:02:55.530316
4057633380382919389,"https://www.hemnet.se/salda/lagenhet-3,5rum-vasastan-odenplan-stockholms-kommun-heimdalsgatan-6,-3-tr-4057633380382919389",94-95m²,bostadsratt,2026-09-13T13:02:55.530317
5224033691257657113,"https://www.hemnet.se/salda/lagenhet-3rum-vasastan-stockholms-kommun-karlbergsvagen-29b,-4-tr-5224033691257657113",94-95m²,bostadsratt,2026-09-13T13:02:55.530318
6644472731378598501,https://www.hemnet.se/salda/lagenhet-4rum-city-vasteras-kommun-knutsgatan-12d-6644472731378598501,94-95m²,bostadsratt,2026-09-13T13:02:55.530319
1092913012920257767,https://www.hemnet.se/salda/lagenhet-4rum-ulricehamn-ulricehamns-kommun-prastgardsgatan-11-342-1092913012920257767,94-95m²,bostadsratt,2026-09-13T13:02:55.530321
195355645430889560,"https://www.hemnet.se/salda/lagenhet-4rum-liljeholmskajen-stockholms-kommun-hildebergsvagen-8,-4tr-195355645430889560",94-95m²,bostadsratt,2026-09-13T13:02:55.530322
8054474263180618738,"https://www.hemnet.se/salda/lagenhet-4rum-bromma-annedal-stockholms-kommun-tummelisas-gata-4,-2-tr,-8054474263180618738",94-95m²,bostadsratt,2026-09-13T13:02:55.530323
5384633839972076236,https://www.hemnet.se/salda/lagenhet-3rum-fridhem-malmo-kommun-henrik-wranersgatan-1b-5384633839972076236,94-95m²,bostadsratt,2026-09-13T13:02:55.530327
540450536900041303,https://www.hemnet.se/salda/lagenhet-4rum-kungsangen-uppsala-kommun-ostra-agatan-109-540450536900041303,94-95m²,bostadsratt,2026-09-13T13:02:55.530328
2315214046431750504,https://www.hemnet.se/salda/lagenhet-4rum-lugnvik-ostersunds-kommun-pumpmakargrand-3-2315214046431750504,94-95m²,bostadsratt,2026-09-13T13:02:55.530329
2201605178493886620,https://www.hemnet.se/salda/lagenhet-4rum-skondal-stockholms-kommun-dalbobranten-30-2201605178493886620,94-95m²,bostadsratt,2026-09-13T13:02:55.530330
3978763621806919465,https://www.hemnet.se/salda/lagenhet-4rum-masthugget-goteborgs-kommun-masthuggsliden-16-3978763621806919465,94-95m²,bostadsratt,2026-09-13T13:02:55.530331
7420917237711138738,https://www.hemnet.se/salda/lagenhet-3rum-hasselby-villastad-stockholms-kommun-mabarsstigen-29f-7420917237711138738,94-95m²,bostadsratt,2026-09-13T13:02:55.530333
8149833139884798639,https://www.hemnet.se/salda/lagenhet-4rum-folkparken-sodertalje-kommun-dansbanestigen-2-8149833139884798639,94-95m²,bostadsratt,2026-09-13T13:02:55.530334
6826500969826249860,https://www.hemnet.se/salda/lagenhet-3rum-vaster-lunds-kommun-grisslevagen-11-6826500969826249860,94-95m²,bostadsratt,2026-09-13T13:02:55.530335
3643039661882417968,https://www.hemnet.se/salda/lagenhet-4rum-hammarby-sjostad-stockholms-kommun-textilgatan-23-3643039661882417968,94-95m²,bostadsratt,2026-09-13T13:02:55.530336
8383309889368374366,https://www.hemnet.se/salda/lagenhet-4rum-abrahamsberg-stockholms-kommun-arkitektvagen-86-8383309889368374366,94-95m²,bostadsratt,2026-09-13T13:02:55.530340
8973391842777134752,https://www.hemnet.se/salda/lagenhet-3rum-centrum-nissastrand-halmstads-kommun-nissabogatan-8-8973391842777134752,94-95m²,bostadsratt,2026-09-13T13:02:55.530341
917368761735530606,"https://www.hemnet.se/salda/lagenhet-4rum-hasselby-strand-stockholms-kommun-piongrand-13,-1-tr-917368761735530606",94-95m²,bostadsratt,2026-09-13T13:02:55.530342
2825149878113612745,https://www.hemnet.se/salda/lagenhet-3rum-liljeholmskajen-stockholms-kommun-hildebergsvagen-24-2825149878113612745,94-95m²,bostadsratt,2026-09-13T13:02:55.530344
7374751687767293971,https://www.hemnet.se/salda/lagenhet-4rum-limhamns-sjostad-malmo-kommun-packhusgatan-23b-7374751687767293971,94-95m²,bostadsratt,2026-09-13T13:02:55.530345
2499784462586841940,https://www.hemnet.se/salda/lagenhet-4rum-strandstaden-lomma-kommun-sjogatan-12-2499784462586841940,94-95m²,bostadsratt,2026-09-13T13:02:55.530346
117896947628696040,https://www.hemnet.se/salda/lagenhet-3rum-linnestaden-goteborgs-kommun-nordhemsgatan-41-c-117896947628696040,94-95m²,bostadsratt,2026-09-13T13:02:55.530347
5915771807949835064,https://www.hemnet.se/salda/lagenhet-4rum-arlov-burlovs-kommun-jarnvagsgatan-5a-5915771807949835064,94-95m²,bostadsratt,2026-09-13T13:02:55.530348
4231280780063775004,https://www.hemnet.se/salda/lagenhet-4rum-breared-varbergs-kommun-marmorgatan-74-4231280780063775004,94-95m²,bostadsratt,2026-09-13T13:02:55.530352
8937396502922652990,https://www.hemnet.se/salda/lagenhet-4rum-tullinge-botkyrka-kommun-norrskensbacken-9-8937396502922652990,94-95m²,bostadsratt,2026-09-13T13:02:55.530353
3973463662431178372,https://www.hemnet.se/salda/lagenhet-4rum-norra-faladen-lunds-kommun-skarpskyttevagen-22-f-3973463662431178372,94-95m²,bostadsratt,2026-09-13T13:02:55.530355
2834432535812717217,https://www.hemnet.se/salda/lagenhet-4rum-bifrost-molndals-kommun-pinnharvsgatan-5b-2834432535812717217,94-95m²,bostadsratt,2026-09-13T13:02:55.530356
5468979668413959522,https://www.hemnet.se/salda/lagenhet-4rum-stallarholmen-sundby-strand-strangnas-kommun-ringugnsvagen-9a-5468979668413959522,94-95m²,bostadsratt,2026-09-13T13:02:55.530357
2459402777612685498,https://www.hemnet.se/salda/lagenhet-4rum-haga-umea-kommun-ostra-kyrkogatan-59a-2459402777612685498,94-95m²,bostadsratt,2026-09-13T13:02:55.530358
7453440312788907610,"https://www.hemnet.se/salda/lagenhet-3rum-vasastan-stockholms-kommun-luntmakargatan-81,-5-tr-7453440312788907610",94-95m²,bostadsratt,2026-09-13T13:02:55.530360
6308030081551615644,https://www.hemnet.se/salda/lagenhet-4rum-bodal-lidingo-kommun-bodalsvagen-20-6308030081551615644,94-95m²,bostadsratt,2026-09-13T13:02:55.530361
172940320024151070,https://www.hemnet.se/salda/lagenhet-4rum-ostbergahojden-stockholms-kommun-ullaredsgrand-24-172940320024151070,94-95m²,bostadsratt,2026-09-13T13:02:55.530362
7451973916064953741,https://www.hemnet.se/salda/lagenhet-5rum-ostberga-stockholms-kommun-stamgatan-10-7451973916064953741,94-95m²,bostadsratt,2026-09-13T13:02:55.530363
6480734479768361391,https://www.hemnet.se/salda/lagenhet-4rum-granby-sala-backe-uppsala-kommun-marknadsgatan-48-6480734479768361391,94-95m²,bostadsratt,2026-09-13T13:02:55.530364
1323196515179414880,https://www.hemnet.se/salda/lagenhet-4rum-vasterhaninge-haninge-kommun-huggarvagen-9-1323196515179414880,94-95m²,bostadsratt,2026-09-13T13:02:55.530365
6937609725789652184,"https://www.hemnet.se/salda/lagenhet-4rum-kungsholmen-stockholms-kommun-sankt-goransgatan-167,-7-tr-6937609725789652184",94-95m²,bostadsratt,2026-09-13T13:02:55.530367
1382650636736549634,https://www.hemnet.se/salda/lagenhet-4rum-centrala-sundbyberg-sundbybergs-kommun-eliegatan-1a-1382650636736549634,94-95m²,bostadsratt,2026-09-13T13:02:55.530368
8201424799009795511,https://www.hemnet.se/salda/lagenhet-4rum-tyreso-strand-strandangarna-tyreso-kommun-alangsgrand-8-8201424799009795511,94-95m²,bostadsratt,2026-09-13T13:02:55.530369
8738731063743334613,"https://www.hemnet.se/salda/lagenhet-4rum-rissne-sundbybergs-kommun-mjolnerbacken-23,-van-5-5-8738731063743334613",94-95m²,bostadsratt,2026-09-13T13:02:55.530373
3515385495496426867,https://www.hemnet.se/salda/lagenhet-4rum-vadstena-vadstena-kommun-johan-iii-s-vag-1a-3515385495496426867,94-95m²,bostadsratt,2026-09-13T13:02:55.530374
2316883606477897733,"https://www.hemnet.se/salda/lagenhet-4rum-grindtorp-taby-kommun-grindtorpsvagen-43,-7tr-2316883606477897733",94-95m²,bostadsratt,2026-09-13T13:02:55.530375
3188668212697422286,https://www.hemnet.se/salda/lagenhet-4rum-davidshall-malmo-kommun-jorgen-ankersgatan-3a-3188668212697422286,94-95m²,bostadsratt,2026-09-13T13:02:55.530379
110194786519662685,https://www.hemnet.se/salda/lagenhet-3rum-vastra-hamnen-malmo-kommun-vimpelgatan-31-110194786519662685,94-95m²,bostadsratt,2026-09-13T13:02:55.530380
2879989877716471470,https://www.hemnet.se/salda/lagenhet-4rum-hornsbergs-strand-stockholms-kommun-nordenflychtsvagen-65-2879989877716471470,94-95m²,bostadsratt,2026-09-13T13:02:55.530381
4071913885782794667,https://www.hemnet.se/salda/lagenhet-4rum-tullinge-botkyrka-kommun-norrskensbacken-13-4071913885782794667,94-95m²,bostadsratt,2026-09-13T13:02:55.530383
7048519421412296534,https://www.hemnet.se/salda/lagenhet-3rum-linnestaden-goteborgs-kommun-kastellgatan-8a-7048519421412296534,94-95m²,bostadsratt,2026-09-13T13:02:55.530384
2748751565374542209,https://www.hemnet.se/salda/lagenhet-4rum-fjalkinge-kristianstads-kommun-megalitvagen-32-2748751565374542209,94-95m²,bostadsratt,2026-09-13T13:02:55.530385
1737805655303140683,https://www.hemnet.se/salda/lagenhet-3rum-falsterbo-vellinge-kommun-stadsallen-17-1737805655303140683,94-95m²,bostadsratt,2026-09-13T13:02:55.530386
9128676178488808275,https://www.hemnet.se/salda/lagenhet-3rum-norra-faladen-lunds-kommun-skarpskyttevagen-26c-9128676178488808275,94-95m²,bostadsratt,2026-09-13T13:02:55.530387
6438593628144981194,https://www.hemnet.se/salda/lagenhet-4rum-limhamn-malmo-kommun-gronalundsgatan-26a-6438593628144981194,94-95m²,bostadsratt,2026-09-13T13:02:55.530389
4752459510696639061,https://www.hemnet.se/salda/lagenhet-4rum-kallhall-jarfalla-kommun-ulvsattragrand-7-van-5-5-4752459510696639061,94-95m²,bostadsratt,2026-09-13T13:02:55.530390
1514999042490016572,https://www.hemnet.se/salda/lagenhet-4rum-rabbalshede-tanums-kommun-solhojdsvagen-25-1514999042490016572,94-95m²,bostadsratt,2026-09-13T13:02:55.530391
1253098588030133076,"https://www.hemnet.se/salda/lagenhet-3,5rum-sodermalm-hornstull-hogalid-stockholms-kommun-heleneborgsgatan-48,-4-tr-1253098588030133076",94-95m²,bostadsratt,2026-09-13T13:02:55.530392
887400072157706056,https://www.hemnet.se/salda/lagenhet-4rum-pettersberg-vasteras-kommun-jakobsgatan-46a-887400072157706056,94-95m²,bostadsratt,2026-09-13T13:02:55.530394
5216849141208770801,https://www.hemnet.se/salda/lagenhet-4rum-kapellgardet-uppsala-kommun-orgelgatan-7-5216849141208770801,94-95m²,bostadsratt,2026-09-13T13:02:55.530395
2175927897533646205,https://www.hemnet.se/salda/lagenhet-4rum-centrala-boden-bodens-kommun-kvarngatan-1-a-2175927897533646205,94-95m²,bostadsratt,2026-09-13T13:02:55.530396
7986748381709229533,https://www.hemnet.se/salda/lagenhet-3rum-backa-ystads-kommun-ardennergatan-38g-7986748381709229533,94-95m²,bostadsratt,2026-09-13T13:02:55.530397
8344241585315414667,https://www.hemnet.se/salda/lagenhet-4rum-rosengard-malmo-kommun-von-lingens-vag-80-8344241585315414667,94-95m²,bostadsratt,2026-09-13T13:02:55.530398
3941432570689249901,"https://www.hemnet.se/salda/lagenhet-4rum-arsta-stockholms-kommun-skontorpsvagen-124,-3-tr-3941432570689249901",94-95m²,bostadsratt,2026-09-13T13:02:55.530400
6890634290590857512,https://www.hemnet.se/salda/lagenhet-4rum-kristianstad-odal-kristianstads-kommun-odalgatan-30-6890634290590857512,94-95m²,bostadsratt,2026-09-13T13:02:55.530401
3403900278513445447,https://www.hemnet.se/salda/lagenhet-4rum-habo-habo-kommun-vastergarden-14b-3403900278513445447,94-95m²,bostadsratt,2026-09-13T13:02:55.530402
1596236928419305093,https://www.hemnet.se/salda/lagenhet-3rum-norrmalm-stockholms-kommun-johannes-plan-3-1596236928419305093,94-95m²,bostadsratt,2026-09-13T13:02:55.530403
1609878418506396715,https://www.hemnet.se/salda/lagenhet-4rum-jarvastaden-solna-kommun-fridensborgsvagen-131-1609878418506396715,94-95m²,bostadsratt,2026-09-13T13:02:55.530404
2728883273775508907,https://www.hemnet.se/salda/lagenhet-4rum-ekero-ekero-kommun-bradgardsvagen-2-2728883273775508907,94-95m²,bostadsratt,2026-09-13T13:02:55.530406
4635336937219922480,https://www.hemnet.se/salda/lagenhet-4rum-farsta-centrum-stockholms-kommun-hammarogatan-11-4635336937219922480,94-95m²,bostadsratt,2026-09-13T13:02:55.530407
3832601540975209414,https://www.hemnet.se/salda/lagenhet-3rum-centrum-lulea-kommun-smabatsgatan-8a-3832601540975209414,94-95m²,bostadsratt,2026-09-13T13:02:55.530408
6212942339636394649,https://www.hemnet.se/salda/lagenhet-4rum-tullinge-botkyrka-kommun-norrskensbacken-11-6212942339636394649,94-95m²,bostadsratt,2026-09-13T13:02:55.530411
7344968912789781059,https://www.hemnet.se/salda/lagenhet-4rum-nyfors-eskilstuna-kommun-nyforsgatan-14a-7344968912789781059,94-95m²,bostadsratt,2026-09-13T13:02:55.530413
915006582903176035,https://www.hemnet.se/salda/lagenhet-3rum-hunnebostrand-sotenas-kommun-torggatan-3-915006582903176035,94-95m²,bostadsratt,2026-09-13T13:02:55.530414
5291978544309160421,"https://www.hemnet.se/salda/lagenhet-4,5rum-vasterhejde-gotlands-kommun-vasterhejde-hallbrosvagen-22a-5291978544309160421",94-95m²,bostadsratt,2026-09-13T13:02:55.530415
3589919698926597341,https://www.hemnet.se/salda/lagenhet-4rum-vaxon-vaxholms-kommun-kronangsvagen-27-3589919698926597341,94-95m²,bostadsratt,2026-09-13T13:02:55.530419
1396432487914715598,https://www.hemnet.se/salda/lagenhet-4rum-salem-salems-kommun-soderbyvagen-18-1396432487914715598,94-95m²,bostadsratt,2026-09-13T13:02:55.530420
6983170530820844181,https://www.hemnet.se/salda/lagenhet-4rum-brannan-harnosands-kommun-gronkullavagen-3-a-6983170530820844181,94-95m²,bostadsratt,2026-09-13T13:02:55.530421
1626704443721433878,https://www.hemnet.se/salda/lagenhet-3rum-dockan-malmo-kommun-lilla-varvsgatan-51a-1626704443721433878,94-95m²,bostadsratt,2026-09-13T13:02:55.530422
1228661231553427898,https://www.hemnet.se/salda/lagenhet-4rum-kungsangen-uppsala-kommun-skyttelgatan-16-1228661231553427898,94-95m²,bostadsratt,2026-09-13T13:02:55.530424
8000356192550102445,https://www.hemnet.se/salda/lagenhet-4rum-sundbyberg-centrum-sundbybergs-kommun-hamngatan-13b-8000356192550102445,94-95m²,bostadsratt,2026-09-13T13:02:55.530425
3094048905038280528,https://www.hemnet.se/salda/lagenhet-4rum-norrtalje-hamn-norrtalje-kommun-angbatsgatan-2-3094048905038280528,94-95m²,bostadsratt,2026-09-13T13:02:55.530426
245558437847193200,https://www.hemnet.se/salda/lagenhet-4rum-signalen-gotlands-kommun-halsjarnsgatan-18-245558437847193200,94-95m²,bostadsratt,2026-09-13T13:02:55.530427
5276124574819561639,"https://www.hemnet.se/salda/lagenhet-3rum-ostermalm-villastaden-stockholms-kommun-floragatan-18,-5-tr-5276124574819561639",94-95m²,bostadsratt,2026-09-13T13:02:55.530429
8155253328327805269,https://www.hemnet.se/salda/lagenhet-3rum-linnestaden-goteborgs-kommun-fjarde-langgatan-6a-8155253328327805269,94-95m²,bostadsratt,2026-09-13T13:02:55.530430
4353551979676743173,https://www.hemnet.se/salda/lagenhet-4rum-kapellgardet-uppsala-kommun-orgelgatan-14-4353551979676743173,94-95m²,bostadsratt,2026-09-13T13:02:55.530431
3017735095581952646,https://www.hemnet.se/salda/lagenhet-4rum-harlov-hedentorp-kristianstads-kommun-odalgatan-32-3017735095581952646,94-95m²,bostadsratt,2026-09-13T13:02:55.530432
7391394568255153417,https://www.hemnet.se/salda/lagenhet-4rum-hammarby-sjostad-stockholms-kommun-sjofartsgatan-8-7391394568255153417,94-95m²,bostadsratt,2026-09-13T13:02:55.530433
4335315867926364393,https://www.hemnet.se/salda/lagenhet-4rum-ekholmen-linkopings-kommun-ekholmsvagen-27-4335315867926364393,94-95m²,bostadsratt,2026-09-13T13:02:55.530435
2680640936062382068,https://www.hemnet.se/salda/lagenhet-4rum-norra-djurgardsstaden-stockholms-kommun-storangsgatan-1-2680640936062382068,94-95m²,bostadsratt,2026-09-13T13:02:55.530436
8749106239708420209,https://www.hemnet.se/salda/lagenhet-4rum-grindtorp-taby-kommun-grindtorpsvagen-33-8749106239708420209,94-95m²,bostadsratt,2026-09-13T13:02:55.530437
3489802866160838083,https://www.hemnet.se/salda/lagenhet-3rum-hudiksvall-hudiksvalls-kommun-kastellvagen-8c-3489802866160838083,94-95m²,bostadsratt,2026-09-13T13:02:55.530438
1347109676757538105,"https://www.hemnet.se/salda/lagenhet-4rum-enskede-tallkrogen-stockholms-kommun-hagervagen-25,-2-tr-1347109676757538105",94-95m²,bostadsratt,2026-09-13T13:02:55.530445
4114544713903169859,https://www.hemnet.se/salda/lagenhet-4rum-tronninge-halmstads-kommun-vastra-vagen-43f-4114544713903169859,94-95m²,bostadsratt,2026-09-13T13:02:55.530446
1389499328249345947,https://www.hemnet.se/salda/lagenhet-4rum-centrala-akersberga-osterakers-kommun-hojdvagen-15-1389499328249345947,94-95m²,bostadsratt,2026-09-13T13:02:55.530448
7033400199997813701,https://www.hemnet.se/salda/lagenhet-4rum-bromma-nockeby-stockholms-kommun-nockeby-torg-27-7033400199997813701,94-95m²,bostadsratt,2026-09-13T13:02:55.530449
7762874730908078652,https://www.hemnet.se/salda/lagenhet-4rum-solbacka-strand-norrtalje-kommun-maria-winkvists-vag-8a-7762874730908078652,94-95m²,bostadsratt,2026-09-13T13:02:55.530452
2528052332833202742,https://www.hemnet.se/salda/lagenhet-4rum-goteborg-goteborgs-kommun-vaktmastaregangen-7-2528052332833202742,94-95m²,bostadsratt,2026-09-13T13:02:55.530454
5545744476627083248,https://www.hemnet.se/salda/lagenhet-4rum-galgberget-falu-kommun-svavelstigen-24-5545744476627083248,94-95m²,bostadsratt,2026-09-13T13:02:55.530455
4975199582706706756,https://www.hemnet.se/salda/lagenhet-4rum-kristineberg-stockholms-kommun-kristinebergsvagen-4-4975199582706706756,94-95m²,bostadsratt,2026-09-13T13:02:55.530456
6958058539872046865,https://www.hemnet.se/salda/lagenhet-4rum-hindric-pers-fagersta-kommun-svedjevagen-6a-6958058539872046865,94-95m²,bostadsratt,2026-09-13T13:02:55.530457
956370993375022293,https://www.hemnet.se/salda/lagenhet-4rum-centrum-karlshamns-kommun-regeringsgatan-130-956370993375022293,94-95m²,bostadsratt,2026-09-13T13:02:55.530459
6337780290985171701,https://www.hemnet.se/salda/lagenhet-3rum-linnestaden-goteborgs-kommun-linnegatan-29-6337780290985171701,94-95m²,bostadsratt,2026-09-13T13:02:55.530460
1664401593083976474,"https://www.hemnet.se/salda/lagenhet-6rum-gamla-ostberga-alvsjo-stockholms-kommun-stamgatan-1,-van-1-1664401593083976474",94-95m²,bostadsratt,2026-09-13T13:02:55.530461
3313571286495508199,https://www.hemnet.se/salda/lagenhet-4rum-molndal-molndals-kommun-ponnygatan-4a-3313571286495508199,94-95m²,bostadsratt,2026-09-13T13:02:55.530462
4434935674208357357,https://www.hemnet.se/salda/lagenhet-4rum-hagsatra-stockholms-kommun-vintrosagatan-11-4434935674208357357,94-95m²,bostadsratt,2026-09-13T13:02:55.530464
8621140261310546496,https://www.hemnet.se/salda/lagenhet-3rum-runby-upplands-vasby-kommun-lovstavagen-78-8621140261310546496,94-95m²,bostadsratt,2026-09-13T13:02:55.530465
3814073702115063263,https://www.hemnet.se/salda/lagenhet-4rum-hisings-backa-goteborgs-kommun-lillhagens-sandlycka-12b-3814073702115063263,94-95m²,bostadsratt,2026-09-13T13:02:55.530468
4659659145141064298,https://www.hemnet.se/salda/lagenhet-4rum-rudviken-solna-c-solna-kommun-solgatan-10-4659659145141064298,94-95m²,bostadsratt,2026-09-13T13:02:55.530470
5480165307718878407,https://www.hemnet.se/salda/lagenhet-4rum-veka-hjo-kommun-vekagatan-25-c-5480165307718878407,94-95m²,bostadsratt,2026-09-13T13:02:55.530471
4902461450171640599,https://www.hemnet.se/salda/lagenhet-4rum-centrala-hisingen-goteborgs-kommun-vastra-stillestorpsgatan-9-4902461450171640599,94-95m²,bostadsratt,2026-09-13T13:02:55.530472
5793630229313351158,https://www.hemnet.se/salda/lagenhet-4rum-rorsjostaden-malmo-kommun-foreningsgatan-39b-5793630229313351158,94-95m²,bostadsratt,2026-09-13T13:02:55.530473
6527363540253362153,https://www.hemnet.se/salda/lagenhet-4rum-soder-torpa-jonkopings-kommun-grona-gatan-10-6527363540253362153,94-95m²,bostadsratt,2026-09-13T13:02:55.530475
8680689988137787333,https://www.hemnet.se/salda/lagenhet-4rum-trosso-karlskrona-kommun-hantverkaregatan-16a-8680689988137787333,94-95m²,bostadsratt,2026-09-13T13:02:55.530476
8970553931793614314,https://www.hemnet.se/salda/lagenhet-4rum-lidaker-lidkopings-kommun-majorsallen-78c-8970553931793614314,94-95m²,bostadsratt,2026-09-13T13:02:55.530477
7237584145503573902,"https://www.hemnet.se/salda/lagenhet-3rum-vasastaden-stockholms-kommun-rorstrandsgatan-40,-2tr-7237584145503573902",94-95m²,bostadsratt,2026-09-13T13:02:55.530478
975726100334123765,https://www.hemnet.se/salda/lagenhet-4rum-bromma-annedal-stockholms-kommun-tummelisas-gata-4-975726100334123765,94-95m²,bostadsratt,2026-09-13T13:02:55.530480
1147084658797602379,https://www.hemnet.se/salda/lagenhet-4rum-hentorp-skovde-kommun-sodra-vagen-2a-1147084658797602379,94-95m²,bostadsratt,2026-09-13T13:02:55.530481
4970931994786409457,"https://www.hemnet.se/salda/lagenhet-4rum-alvsjo-stockholms-kommun-kabelverksgatan-32,-4tr-4970931994786409457",94-95m²,bostadsratt,2026-09-13T13:02:55.530482
4227579237193106317,https://www.hemnet.se/salda/lagenhet-3rum-odenslund-odenskog-ostersunds-kommun-skolgatan-44e-4227579237193106317,94-95m²,bostadsratt,2026-09-13T13:02:55.530483
7021728503704688837,https://www.hemnet.se/salda/lagenhet-3rum-haga-goteborgs-kommun-ovre-husargatan-23a-7021728503704688837,94-95m²,bostadsratt,2026-09-13T13:02:55.530484
6866491695408441165,https://www.hemnet.se/salda/lagenhet-3rum-gashaga-pirar-lidingo-kommun-hamnvagen-9-6866491695408441165,94-95m²,bostadsratt,2026-09-13T13:02:55.530486
22749553237246449,"https://www.hemnet.se/salda/lagenhet-3rum-svenljunga-svenljunga-kommun-jarnvagsgatan-9,-lgh-1102-22749553237246449",94-95m²,bostadsratt,2026-09-13T13:02:55.530493
5211081049848948648,"https://www.hemnet.se/salda/lagenhet-4rum-tyreso-strand,-strandangarna-tyreso-kommun-lovangsgrand-3-5211081049848948648",94-95m²,bostadsratt,2026-09-13T13:02:55.530496
7731686242270450295,https://www.hemnet.se/salda/lagenhet-4rum-ollsjo-kristianstads-kommun-knut-den-stores-vag-39-7731686242270450295,94-95m²,bostadsratt,2026-09-13T13:02:55.530499
2625183773650060995,https://www.hemnet.se/salda/lagenhet-4rum-skalby-kalmar-kommun-arvid-vastgotes-gata-7-2625183773650060995,94-95m²,bostadsratt,2026-09-13T13:02:55.530501
2410495074135261309,https://www.hemnet.se/salda/lagenhet-3rum-edsviken-sollentuna-kommun-edsviksvagen-84c-2410495074135261309,94-95m²,bostadsratt,2026-09-13T13:02:55.530503
3839874938165345839,"https://www.hemnet.se/salda/lagenhet-4rum-kista-gard-stockholms-kommun-skagafjordsgatan-14,-1-tr-3839874938165345839",94-95m²,bostadsratt,2026-09-13T13:02:55.530506
5230357004725314551,https://www.hemnet.se/salda/lagenhet-3rum-norra-faladen-lunds-kommun-skarpskyttevagen-24c-5230357004725314551,94-95m²,bostadsratt,2026-09-13T13:02:55.530508
7514312553265503422,https://www.hemnet.se/salda/lagenhet-2rum-stromsbro-gavle-kommun-skolgatan-18-7514312553265503422,94-95m²,bostadsratt,2026-09-13T13:02:55.530510
7970826064669302111,https://www.hemnet.se/salda/lagenhet-4rum-ostbergahojden-stockholms-kommun-eldsbergagrand-3-7970826064669302111,94-95m²,bostadsratt,2026-09-13T13:02:55.530513
1386391690265781012,https://www.hemnet.se/salda/lagenhet-4rum-adolfsberg-helsingborgs-kommun-sodra-hunnetorpsvagen-63c-1386391690265781012,94-95m²,bostadsratt,2026-09-13T13:02:55.530515
748173771042860728,https://www.hemnet.se/salda/lagenhet-4rum-liljeholmen-stockholms-kommun-nybohovsbacken-46-748173771042860728,94-95m²,bostadsratt,2026-09-13T13:02:55.530517
2811680234877861048,https://www.hemnet.se/salda/lagenhet-4rum-midsommarkransen-stockholms-kommun-svandammsvagen-40-2811680234877861048,94-95m²,bostadsratt,2026-09-13T13:02:55.530518
4400098538375559412,https://www.hemnet.se/salda/lagenhet-4rum-jarvastaden-solna-kommun-monstringsvagen-10-4400098538375559412,94-95m²,bostadsratt,2026-09-13T13:02:55.530519
5996457967907667101,https://www.hemnet.se/salda/lagenhet-4rum-gustavsberg-varmdo-kommun-bergsgatan-3-5996457967907667101,94-95m²,bostadsratt,2026-09-13T13:02:55.530521
