property_id,url,area_range,housing_type,scraped_at
5418587238034761834,https://www.hemnet.se/salda/lagenhet-1rum-tomelilla-tomelilla-kommun-bjorkebogatan-8f-5418587238034761834,45-46m²,bostadsratt,2026-09-09T16:00:39.869525
8655911152342538355,https://www.hemnet.se/salda/lagenhet-2rum-johanneberg-goteborgs-kommun-eklandagatan-54b-8655911152342538355,45-46m²,bostadsratt,2026-09-09T16:00:39.869531
8973920985976840661,https://www.hemnet.se/salda/lagenhet-2rum-vasastan-stockholms-kommun-birger-jarlsgatan-81-8973920985976840661,45-46m²,bostadsratt,2026-09-09T16:00:39.869532
1867623211802437595,"https://www.hemnet.se/salda/lagenhet-2rum-telefonplan-stockholms-kommun-ture-wennerholms-torg-1,-3-tr-1867623211802437595",45-46m²,bostadsratt,2026-09-09T16:00:39.869534
6328102408048178091,https://www.hemnet.se/salda/lagenhet-1rum-centralt-ostersunds-kommun-allegatan-28g-6328102408048178091,45-46m²,bostadsratt,2026-09-09T16:00:39.869536
7768852390755553942,https://www.hemnet.se/salda/lagenhet-2rum-vasastan-hagastaden-stockholms-kommun-sonja-kovalevskys-gata-11-7768852390755553942,45-46m²,bostadsratt,2026-09-09T16:00:39.869537
8817195054063590288,"https://www.hemnet.se/salda/lagenhet-2rum-akalla-stockholms-kommun-sibeliusgangen-32,-9-tr-8817195054063590288",45-46m²,bostadsratt,2026-09-09T16:00:39.869539
7497273433179768162,https://www.hemnet.se/salda/lagenhet-2rum-vastra-sorgenfri-malmo-kommun-eslovsgatan-1c-7497273433179768162,45-46m²,bostadsratt,2026-09-09T16:00:39.869540
7473127856673055473,https://www.hemnet.se/salda/lagenhet-2rum-centrum-linkopings-kommun-bergdalsgatan-7-7473127856673055473,45-46m²,bostadsratt,2026-09-09T16:00:39.869542
2797736731220885979,https://www.hemnet.se/salda/lagenhet-2rum-hisings-backa-goteborgs-kommun-backadalen-24-2797736731220885979,45-46m²,bostadsratt,2026-09-09T16:00:39.869543
2088495543583129500,https://www.hemnet.se/salda/lagenhet-2rum-gamla-masthugget-goteborgs-kommun-paradisgatan-29d-2088495543583129500,45-46m²,bostadsratt,2026-09-09T16:00:39.869544
4402299153055781368,https://www.hemnet.se/salda/lagenhet-2rum-kungsholmen-stockholms-kommun-lustgardsgatan-14-4402299153055781368,45-46m²,bostadsratt,2026-09-09T16:00:39.869546
4490714142307684515,https://www.hemnet.se/salda/lagenhet-2rum-brommaplan-stockholms-kommun-kladesvagen-38-4490714142307684515,45-46m²,bostadsratt,2026-09-09T16:00:39.869547
9203724392406725486,"https://www.hemnet.se/salda/lagenhet-1,5rum-haga-norra-solna-kommun-sylvangatan-9-9203724392406725486",45-46m²,bostadsratt,2026-09-09T16:00:39.869548
616010503632915924,"https://www.hemnet.se/salda/lagenhet-1,5rum-centrum-uppsala-kommun-tradgardsgatan-8-616010503632915924",45-46m²,bostadsratt,2026-09-09T16:00:39.869549
8920706342643431694,"https://www.hemnet.se/salda/lagenhet-2rum-enskededalen-stockholms-kommun-hallovagen-13,-van-2-8920706342643431694",45-46m²,bostadsratt,2026-09-09T16:00:39.869551
2978609358289088852,https://www.hemnet.se/salda/lagenhet-2rum-centrala-strangnas-strangnas-kommun-sodertaljevagen-5a-2978609358289088852,45-46m²,bostadsratt,2026-09-09T16:00:39.869553
4686058276515943933,https://www.hemnet.se/salda/lagenhet-2rum-ursvik-sundbybergs-kommun-ursviks-alle-41-4686058276515943933,45-46m²,bostadsratt,2026-09-09T16:00:39.869560
8480025777987958055,https://www.hemnet.se/salda/lagenhet-2rum-johannesfred-stockholms-kommun-stangjarnsvagen-5-8480025777987958055,45-46m²,bostadsratt,2026-09-09T16:00:39.869563
311900231748384634,https://www.hemnet.se/salda/lagenhet-1rum-korfaltet-ostersunds-kommun-reveljgrand-5-311900231748384634,45-46m²,bostadsratt,2026-09-09T16:00:39.869566
1489934227629078059,https://www.hemnet.se/salda/lagenhet-2rum-telefonplan-stockholms-kommun-mejselvagen-42-1489934227629078059,45-46m²,bostadsratt,2026-09-09T16:00:39.869569
7092572514632713025,https://www.hemnet.se/salda/lagenhet-2rum-sodra-centrum-goteborgs-kommun-ebbe-lieberathsgatan-29b-7092572514632713025,45-46m²,bostadsratt,2026-09-09T16:00:39.869572
3200914755606987856,https://www.hemnet.se/salda/lagenhet-2rum-midsommarkransen-telefonplan-stockholms-kommun-responsgatan-18-3200914755606987856,45-46m²,bostadsratt,2026-09-09T16:00:39.869574
5171762953180180575,"https://www.hemnet.se/salda/lagenhet-1,5rum-hoganas-uppsala-kommun-vaksalagatan-38a-5171762953180180575",45-46m²,bostadsratt,2026-09-09T16:00:39.869577
6154707530075061164,https://www.hemnet.se/salda/lagenhet-2rum-vasastan-stockholms-kommun-dalagatan-41a-6154707530075061164,45-46m²,bostadsratt,2026-09-09T16:00:39.869579
3860412990842951923,https://www.hemnet.se/salda/lagenhet-2rum-johannesfred-stockholms-kommun-staltradsvagen-40-3860412990842951923,45-46m²,bostadsratt,2026-09-09T16:00:39.869582
3909614671916670897,https://www.hemnet.se/salda/lagenhet-2rum-sodra-ladugardsangen-orebro-kommun-termikgatan-23c-3909614671916670897,45-46m²,bostadsratt,2026-09-09T16:00:39.869584
7369658433615113085,https://www.hemnet.se/salda/lagenhet-2rum-johanneberg-goteborgs-kommun-lindstromsgatan-3b-7369658433615113085,45-46m²,bostadsratt,2026-09-09T16:00:39.869586
7454105358755537120,https://www.hemnet.se/salda/lagenhet-2rum-kavlinge-kavlinge-kommun-paradisgatan-4-7454105358755537120,45-46m²,bostadsratt,2026-09-09T16:00:39.869589
1183826836494744354,https://www.hemnet.se/salda/lagenhet-2rum-hammarbyhojden-stockholms-kommun-lodosevagen-5-1183826836494744354,45-46m²,bostadsratt,2026-09-09T16:00:39.869591
3630922995011456964,https://www.hemnet.se/salda/lagenhet-1rum-centrala-boden-bodens-kommun-strandplan-9-3630922995011456964,45-46m²,bostadsratt,2026-09-09T16:00:39.869594
8473886537618507676,https://www.hemnet.se/salda/lagenhet-1rum-nyatorp-gustavsfalt-halmstads-kommun-enslovsvagen-5-8473886537618507676,45-46m²,bostadsratt,2026-09-09T16:00:39.869597
3617281646181798078,"https://www.hemnet.se/salda/lagenhet-1,5rum-centrala-sundbyberg-sundbybergs-kommun-hamngatan-11b-3617281646181798078",45-46m²,bostadsratt,2026-09-09T16:00:39.869600
5993329087155313278,https://www.hemnet.se/salda/lagenhet-2rum-sodermalm-nytorget-stockholms-kommun-bondegatan-8-5993329087155313278,45-46m²,bostadsratt,2026-09-09T16:00:39.869604
545449194967245227,https://www.hemnet.se/salda/lagenhet-2rum-flatas-goteborgs-kommun-svangrumsgatan-87-545449194967245227,45-46m²,bostadsratt,2026-09-09T16:00:39.869606
2438948666800566320,"https://www.hemnet.se/salda/lagenhet-1,5rum-sannegardshamnen-goteborgs-kommun-barken-storegrunds-gata-14-2438948666800566320",45-46m²,bostadsratt,2026-09-09T16:00:39.869609
551864498498072934,https://www.hemnet.se/salda/lagenhet-1rum-farsta-stockholms-kommun-eksharadsgatan-81-551864498498072934,45-46m²,bostadsratt,2026-09-09T16:00:39.869611
1932100798675046057,https://www.hemnet.se/salda/lagenhet-1rum-morbylund-danderyds-kommun-morbylund-19-1932100798675046057,45-46m²,bostadsratt,2026-09-09T16:00:39.869618
8915529612403212039,https://www.hemnet.se/salda/lagenhet-1rum-dalaplan-malmo-kommun-sodra-forstadsgatan-119-8915529612403212039,45-46m²,bostadsratt,2026-09-09T16:00:39.869621
9015196693307477219,https://www.hemnet.se/salda/lagenhet-2rum-sjobo-boras-kommun-tomtegatan-17a-9015196693307477219,45-46m²,bostadsratt,2026-09-09T16:00:39.869623
5932118308149409659,https://www.hemnet.se/salda/lagenhet-2rum-hornstull-sodermalm-stockholms-kommun-borgargatan-6-5932118308149409659,45-46m²,bostadsratt,2026-09-09T16:00:39.869626
2003969367959668625,"https://www.hemnet.se/salda/lagenhet-2,5rum-kalltorp-vasteras-kommun-jordgubbsvagen-36a-2003969367959668625",45-46m²,bostadsratt,2026-09-09T16:00:39.869628
2736977131893396082,https://www.hemnet.se/salda/lagenhet-2rum-molndal-innerstaden-molndals-kommun-barnhemsgatan-28-2736977131893396082,45-46m²,bostadsratt,2026-09-09T16:00:39.869631
4579858967061641445,https://www.hemnet.se/salda/lagenhet-1rum-hisings-karra-goteborgs-kommun-ingebackslyckan-62-4579858967061641445,45-46m²,bostadsratt,2026-09-09T16:00:39.869633
2150256323226707518,https://www.hemnet.se/salda/lagenhet-2rum-centrum-svedala-kommun-malmovagen-1-a-2150256323226707518,45-46m²,bostadsratt,2026-09-09T16:00:39.869635
6088491462831556062,https://www.hemnet.se/salda/lagenhet-2rum-nya-hovas-goteborgs-kommun-hedtangsvagen-5a-6088491462831556062,45-46m²,bostadsratt,2026-09-09T16:00:39.869638
7905906015852576480,https://www.hemnet.se/salda/lagenhet-2rum-sodermalm-stockholms-kommun-nackagatan-15-7905906015852576480,45-46m²,bostadsratt,2026-09-09T16:00:39.869640
4610861821808521747,"https://www.hemnet.se/salda/lagenhet-1,5rum-garda-goteborgs-kommun-vestagatan-9-4610861821808521747",45-46m²,bostadsratt,2026-09-09T16:00:39.869643
8694282164070281056,https://www.hemnet.se/salda/lagenhet-2rum-vastra-berga-helsingborgs-kommun-volontarsgatan-10a-8694282164070281056,45-46m²,bostadsratt,2026-09-09T16:00:39.869645
561045040497995116,"https://www.hemnet.se/salda/lagenhet-1,5rum-solna-centrum-solna-kommun-klippgatan-16c-561045040497995116",45-46m²,bostadsratt,2026-09-09T16:00:39.869647
7335238844626773369,https://www.hemnet.se/salda/lagenhet-2rum-almvik-malmo-kommun-balladgatan-45-7335238844626773369,45-46m²,bostadsratt,2026-09-09T16:00:39.869650
7238800045203210789,https://www.hemnet.se/salda/lagenhet-2rum-centrum-lulea-kommun-kopmangatan-28-7238800045203210789,45-46m²,bostadsratt,2026-09-09T16:00:39.869652
4697913463122505299,"https://www.hemnet.se/salda/lagenhet-2rum-centrala-sundbyberg-sundbybergs-kommun-lofstroms-alle-2d,-6-7-tr-4697913463122505299",45-46m²,bostadsratt,2026-09-09T16:00:39.869655
5810568995489968181,"https://www.hemnet.se/salda/lagenhet-1,5rum-tingvallastaden-karlstads-kommun-norra-strandgatan-3-5810568995489968181",45-46m²,bostadsratt,2026-09-09T16:00:39.869658
1017939809466168091,"https://www.hemnet.se/salda/lagenhet-2,5rum-sodermalm-stockholms-kommun-ringvagen-114-1017939809466168091",45-46m²,bostadsratt,2026-09-09T16:00:39.869661
8187921324578188484,https://www.hemnet.se/salda/lagenhet-2rum-kungsholmen-stockholms-kommun-baltzar-von-platens-gata-5-8187921324578188484,45-46m²,bostadsratt,2026-09-09T16:00:39.869664
2819272750064499138,https://www.hemnet.se/salda/lagenhet-2rum-midsommarkransen-telefonplan-stockholms-kommun-backvagen-89-2819272750064499138,45-46m²,bostadsratt,2026-09-09T16:00:39.869667
8381943530899819464,https://www.hemnet.se/salda/lagenhet-1rum-rasunda-solna-kommun-algatan-14-8381943530899819464,45-46m²,bostadsratt,2026-09-09T16:00:39.869670
5913797393495412016,"https://www.hemnet.se/salda/lagenhet-2rum-hammarbyhojden,-johanneshov-stockholms-kommun-thunbergsgatan-6-5913797393495412016",45-46m²,bostadsratt,2026-09-09T16:00:39.869672
8156594370167554922,"https://www.hemnet.se/salda/lagenhet-2rum-kista-gard-stockholms-kommun-kista-gardsvag-20,-2-tr-8156594370167554922",45-46m²,bostadsratt,2026-09-09T16:00:39.869673
4564562817054420083,https://www.hemnet.se/salda/lagenhet-1rum-arvidstorp-falkenbergs-kommun-brattens-vag-4a-4564562817054420083,45-46m²,bostadsratt,2026-09-09T16:00:39.869675
7010003150630240647,https://www.hemnet.se/salda/lagenhet-2rum-telefonplan-midsommarkransen-stockholms-kommun-responsgatan-18-7010003150630240647,45-46m²,bostadsratt,2026-09-09T16:00:39.869676
31776231460804566,https://www.hemnet.se/salda/lagenhet-2rum-midsommarkransen-stockholms-kommun-backvagen-105-31776231460804566,45-46m²,bostadsratt,2026-09-09T16:00:39.869677
842088907557359034,https://www.hemnet.se/salda/lagenhet-2rum-norr-helsingborgs-kommun-farmgranden-5-842088907557359034,45-46m²,bostadsratt,2026-09-09T16:00:39.869681
5090268970132470078,"https://www.hemnet.se/salda/lagenhet-1,5rum-norrmalm-skovde-kommun-kapplundavagen-2b-5090268970132470078",45-46m²,bostadsratt,2026-09-09T16:00:39.869683
5508429985156921087,"https://www.hemnet.se/salda/lagenhet-1,5rum-enskede-stockholms-kommun-nynasvagen-345-5508429985156921087",45-46m²,bostadsratt,2026-09-09T16:00:39.869684
1675164150811376082,https://www.hemnet.se/salda/lagenhet-2rum-nedre-norrmalm-boras-kommun-stenbocksgatan-6-1675164150811376082,45-46m²,bostadsratt,2026-09-09T16:00:39.869686
8734908062919351966,https://www.hemnet.se/salda/lagenhet-2rum-taby-centrum-taby-kommun-goran-elgfelts-gata-5a-8734908062919351966,45-46m²,bostadsratt,2026-09-09T16:00:39.869687
4278263746838921163,https://www.hemnet.se/salda/lagenhet-2rum-tagaborg-helsingborgs-kommun-helmfeltsgatan-7-4278263746838921163,45-46m²,bostadsratt,2026-09-09T16:00:39.869688
1985916300346244092,https://www.hemnet.se/salda/lagenhet-2rum-hagerstensasen-telefonplan-stockholms-kommun-backvagen-67-1985916300346244092,45-46m²,bostadsratt,2026-09-09T16:00:39.869690
9054945747972656498,https://www.hemnet.se/salda/lagenhet-1rum-centrala-hisingen-goteborgs-kommun-frukttradsgatan-7-9054945747972656498,45-46m²,bostadsratt,2026-09-09T16:00:39.869691
4679686379253950516,https://www.hemnet.se/salda/lagenhet-2rum-ostermalm-sundsvalls-kommun-jakobsdalsgatan-4a-4679686379253950516,45-46m²,bostadsratt,2026-09-09T16:00:39.869692
6995827730726451898,https://www.hemnet.se/salda/lagenhet-2rum-racksta-stockholms-kommun-ostersundsgatan-6-6995827730726451898,45-46m²,bostadsratt,2026-09-09T16:00:39.869694
7417359154692386550,https://www.hemnet.se/salda/lagenhet-1rum-hersby-lidingo-kommun-bredablicksvagen-7-7417359154692386550,45-46m²,bostadsratt,2026-09-09T16:00:39.869695
1393701636065781165,https://www.hemnet.se/salda/lagenhet-2rum-globen-johanneshov-stockholms-kommun-skulptorvagen-17-1393701636065781165,45-46m²,bostadsratt,2026-09-09T16:00:39.869696
1877128379466309147,https://www.hemnet.se/salda/lagenhet-2rum-hasselby-villastad-stockholms-kommun-radisvagen-80b-1877128379466309147,45-46m²,bostadsratt,2026-09-09T16:00:39.869698
1211009530218821014,https://www.hemnet.se/salda/lagenhet-2rum-johanneshov-stockholms-kommun-grafikvagen-17-1211009530218821014,45-46m²,bostadsratt,2026-09-09T16:00:39.869699
5465394375720253904,https://www.hemnet.se/salda/lagenhet-1rum-centralt-arboga-kommun-osterled-8-b-5465394375720253904,45-46m²,bostadsratt,2026-09-09T16:00:39.869701
1057015438216869369,https://www.hemnet.se/salda/lagenhet-2rum-vasastan-stockholms-kommun-norrtullsgatan-61-1057015438216869369,45-46m²,bostadsratt,2026-09-09T16:00:39.869702
1547496665164313040,https://www.hemnet.se/salda/lagenhet-2rum-midsommarkransen-stockholms-kommun-tellusborgsvagen-62-1547496665164313040,45-46m²,bostadsratt,2026-09-09T16:00:39.869703
7839281078110806894,"https://www.hemnet.se/salda/lagenhet-2rum-sodermalm-stockholms-kommun-gotgatan-92b,-6-tr-7839281078110806894",45-46m²,bostadsratt,2026-09-09T16:00:39.869705
4867064156732191573,https://www.hemnet.se/salda/lagenhet-1rum-centralt-ornskoldsviks-kommun-strandgatan-12f-4867064156732191573,45-46m²,bostadsratt,2026-09-09T16:00:39.869706
8365832450334071888,https://www.hemnet.se/salda/lagenhet-2rum-centrala-tyreso-tyreso-kommun-axel-wennergrens-vag-8-8365832450334071888,45-46m²,bostadsratt,2026-09-09T16:00:39.869707
8409302393347830639,https://www.hemnet.se/salda/lagenhet-2rum-arsta-stockholms-kommun-ramensvagen-21-8409302393347830639,45-46m²,bostadsratt,2026-09-09T16:00:39.869708
2434058969426681635,"https://www.hemnet.se/salda/lagenhet-2rum-kungsholmen-stockholms-kommun-pontonjargatan-18,-3tr-2434058969426681635",45-46m²,bostadsratt,2026-09-09T16:00:39.869710
2579770018298457257,https://www.hemnet.se/salda/lagenhet-2rum-lunden-goteborgs-kommun-rantmastaregatan-25a-2579770018298457257,45-46m²,bostadsratt,2026-09-09T16:00:39.869711
8372932989285092151,https://www.hemnet.se/salda/lagenhet-2rum-molndal-pedagogen-park-molndals-kommun-kunskapsgatan-21-8372932989285092151,45-46m²,bostadsratt,2026-09-09T16:00:39.869713
3047198122680037731,"https://www.hemnet.se/salda/lagenhet-1,5rum-limhamn-malmo-kommun-kalkstensvagen-8-3047198122680037731",45-46m²,bostadsratt,2026-09-09T16:00:39.869714
1615285184778967356,https://www.hemnet.se/salda/lagenhet-2rum-norra-soderhamn-soderhamns-kommun-norrtullsgatan-42b-1615285184778967356,45-46m²,bostadsratt,2026-09-09T16:00:39.869717
6211222983551541050,https://www.hemnet.se/salda/lagenhet-2rum-gustavsbergs-hamn-varmdo-kommun-wilhelm-kages-gata-72a-6211222983551541050,45-46m²,bostadsratt,2026-09-09T16:00:39.869718
4012215754981981046,"https://www.hemnet.se/salda/lagenhet-1,5rum-hoganas-uppsala-kommun-hoganasgatan-2-c-4012215754981981046",45-46m²,bostadsratt,2026-09-09T16:00:39.869720
4467894971615218991,https://www.hemnet.se/salda/lagenhet-2rum-ribersborg-malmo-kommun-nicoloviusgatan-5b-4467894971615218991,45-46m²,bostadsratt,2026-09-09T16:00:39.869721
5094702839756359369,"https://www.hemnet.se/salda/lagenhet-1,5rum-tynnered-goteborgs-kommun-guldringen-22-5094702839756359369",45-46m²,bostadsratt,2026-09-09T16:00:39.869722
2821065112589595763,https://www.hemnet.se/salda/lagenhet-2rum-kvarnholmen-nacka-kommun-tre-kronors-vag-35-2821065112589595763,45-46m²,bostadsratt,2026-09-09T16:00:39.869724
3478569427514106881,https://www.hemnet.se/salda/lagenhet-2rum-hammarbyhojden-stockholms-kommun-hasselquistvagen-9-3478569427514106881,45-46m²,bostadsratt,2026-09-09T16:00:39.869725
389239718025552508,"https://www.hemnet.se/salda/lagenhet-2rum-tollare-nacka-kommun-tollarevagen-24,-2-tr-389239718025552508",45-46m²,bostadsratt,2026-09-09T16:00:39.869726
6418707322490283433,https://www.hemnet.se/salda/lagenhet-2rum-lilla-essingen-stockholms-kommun-essinge-brogata-22-6418707322490283433,45-46m²,bostadsratt,2026-09-09T16:00:39.869728
8257476523189621644,https://www.hemnet.se/salda/lagenhet-2rum-kungsholmen-lilla-essingen-stockholms-kommun-essinge-brogata-22-8257476523189621644,45-46m²,bostadsratt,2026-09-09T16:00:39.869729
6274015095413835071,https://www.hemnet.se/salda/lagenhet-2rum-traneberg-stockholms-kommun-vidangsvagen-39-a-6274015095413835071,45-46m²,bostadsratt,2026-09-09T16:00:39.869730
562889705866519981,"https://www.hemnet.se/salda/lagenhet-1,5rum-tullinge-botkyrka-kommun-elgentorpsvagen-20-562889705866519981",45-46m²,bostadsratt,2026-09-09T16:00:39.869732
4671729465147778677,https://www.hemnet.se/salda/lagenhet-2rum-kummelnas-nacka-kommun-landbacken-6f-4671729465147778677,45-46m²,bostadsratt,2026-09-09T16:00:39.869733
120658902664932210,https://www.hemnet.se/salda/lagenhet-1rum-hammarby-vasteras-kommun-narvavagen-31-120658902664932210,45-46m²,bostadsratt,2026-09-09T16:00:39.869734
6118619622980047967,"https://www.hemnet.se/salda/lagenhet-2rum-kungsholmen-stockholms-kommun-kronobergsgatan-25,-takvaning-6118619622980047967",45-46m²,bostadsratt,2026-09-09T16:00:39.869735
644693976505333572,https://www.hemnet.se/salda/lagenhet-1rum-erikslund-vasteras-kommun-hallsta-gardsgata-30-644693976505333572,45-46m²,bostadsratt,2026-09-09T16:00:39.869737
6852342451587332418,https://www.hemnet.se/salda/lagenhet-1rum-tyreso-tyreso-kommun-granitvagen-28b-6852342451587332418,45-46m²,bostadsratt,2026-09-09T16:00:39.869738
8440271354717527172,https://www.hemnet.se/salda/lagenhet-2rum-hagerstensasen-stockholms-kommun-sparbanksvagen-50-8440271354717527172,45-46m²,bostadsratt,2026-09-09T16:00:39.869739
7342557273545508072,https://www.hemnet.se/salda/lagenhet-2rum-ofre-slotts-uppsala-kommun-ovre-slottsgatan-32-b-7342557273545508072,45-46m²,bostadsratt,2026-09-09T16:00:39.869741
6925679340894555540,https://www.hemnet.se/salda/lagenhet-2rum-hasselby-norra-villastad-stockholms-kommun-blomsterkungsvagen-116d-6925679340894555540,45-46m²,bostadsratt,2026-09-09T16:00:39.869742
6060568727560815710,"https://www.hemnet.se/salda/lagenhet-2rum-johannesfred-stockholms-kommun-bjorkbacksvagen-46,-vaning-2-3-6060568727560815710",45-46m²,bostadsratt,2026-09-09T16:00:39.869743
7367369562969253520,https://www.hemnet.se/salda/lagenhet-2rum-osterhaninge-haninge-kommun-tvillingarnas-gata-308-7367369562969253520,45-46m²,bostadsratt,2026-09-09T16:00:39.869745
1319923233523686114,https://www.hemnet.se/salda/lagenhet-2rum-garsnas-simrishamns-kommun-malmovagen-21-b-1319923233523686114,45-46m²,bostadsratt,2026-09-09T16:00:39.869746
6981567358285869935,https://www.hemnet.se/salda/lagenhet-2rum-rimbo-norrtalje-kommun-ekdalsvagen-6-6981567358285869935,45-46m²,bostadsratt,2026-09-09T16:00:39.869747
1606519381921771700,https://www.hemnet.se/salda/lagenhet-2rum-ringstorp-helsingborgs-kommun-hammarbergsgatan-4-1606519381921771700,45-46m²,bostadsratt,2026-09-09T16:00:39.869749
9034397430592577394,https://www.hemnet.se/salda/lagenhet-2rum-majorna-goteborgs-kommun-karl-johansgatan-164d-9034397430592577394,45-46m²,bostadsratt,2026-09-09T16:00:39.869750
7923472025831224014,https://www.hemnet.se/salda/lagenhet-2rum-vastra-sorgenfri-malmo-kommun-ronnebygatan-18-7923472025831224014,45-46m²,bostadsratt,2026-09-09T16:00:39.869753
1514756105120740688,https://www.hemnet.se/salda/lagenhet-2rum-brommaplan-stockholms-kommun-spangavagen-13-1514756105120740688,45-46m²,bostadsratt,2026-09-09T16:00:39.869754
5929225258648030582,https://www.hemnet.se/salda/lagenhet-2rum-rosendal-uppsala-kommun-torgny-segerstedts-alle-24-5929225258648030582,45-46m²,bostadsratt,2026-09-09T16:00:39.869756
6818682024774855843,"https://www.hemnet.se/salda/lagenhet-1,5rum-ulriksdal-solna-kommun-drottning-kristinas-esplanad-55-6818682024774855843",45-46m²,bostadsratt,2026-09-09T16:00:39.869757
7499008554350022448,https://www.hemnet.se/salda/lagenhet-2rum-inverness-danderyds-kommun-klostervagen-3a-7499008554350022448,45-46m²,bostadsratt,2026-09-09T16:00:39.869758
1513098999868520045,"https://www.hemnet.se/salda/lagenhet-1,5rum-centrum-umea-kommun-jarnvagsallen-14b-1513098999868520045",45-46m²,bostadsratt,2026-09-09T16:00:39.869760
2854980527783028773,https://www.hemnet.se/salda/lagenhet-2rum-mariastaden-helsingborgs-kommun-ekerodsgatan-28-2854980527783028773,45-46m²,bostadsratt,2026-09-09T16:00:39.869761
4127278290300293959,https://www.hemnet.se/salda/lagenhet-1rum-city-malmo-kommun-sodra-forstadsgatan-36a-4127278290300293959,45-46m²,bostadsratt,2026-09-09T16:00:39.869762
7358102509888247610,"https://www.hemnet.se/salda/lagenhet-2rum-telefonplan-midsommarkransen-stockholms-kommun-responsgatan-12,-van-5-7358102509888247610",45-46m²,bostadsratt,2026-09-09T16:00:39.869763
6200207062195236507,https://www.hemnet.se/salda/lagenhet-3rum-grondal-stockholms-kommun-bryggvagen-16-6200207062195236507,45-46m²,bostadsratt,2026-09-09T16:00:39.869765
284849181703504642,https://www.hemnet.se/salda/lagenhet-1rum-kungsangen-upplands-bro-kommun-hjortronvagen-27-284849181703504642,45-46m²,bostadsratt,2026-09-09T16:00:39.869766
1409934044319166977,https://www.hemnet.se/salda/lagenhet-2rum-rosendal-uppsala-kommun-torgny-segerstedts-alle-32-1409934044319166977,45-46m²,bostadsratt,2026-09-09T16:00:39.869767
5314448735021634208,https://www.hemnet.se/salda/lagenhet-2rum-slottsstaden-malmo-kommun-ostra-stallmastaregatan-9a-5314448735021634208,45-46m²,bostadsratt,2026-09-09T16:00:39.869769
8377049786503281844,https://www.hemnet.se/salda/lagenhet-1rum-brynas-gavle-kommun-styrmansgatan-10-8377049786503281844,45-46m²,bostadsratt,2026-09-09T16:00:39.869770
7990563073821930283,"https://www.hemnet.se/salda/lagenhet-1,5rum-luthagen-rickomberga-uppsala-kommun-tiundagatan-47-7990563073821930283",45-46m²,bostadsratt,2026-09-09T16:00:39.869771
4640439447714841505,"https://www.hemnet.se/salda/lagenhet-2rum-sodermalm-mariatorget-stockholms-kommun-swedenborgsgatan-4a,-5tr-4640439447714841505",45-46m²,bostadsratt,2026-09-09T16:00:39.869772
7047426915377897,https://www.hemnet.se/salda/lagenhet-2rum-kungsholmen-stockholms-kommun-john-ericssonsgatan-18-7047426915377897,45-46m²,bostadsratt,2026-09-09T16:00:39.869774
1365206955473242361,https://www.hemnet.se/salda/lagenhet-2rum-karlskrona-karlskrona-kommun-alamedan-6a-1365206955473242361,45-46m²,bostadsratt,2026-09-09T16:00:39.869775
2625568954684503427,https://www.hemnet.se/salda/lagenhet-1rum-oxhagen-kalmar-kommun-oxhagsvagen-4a-2625568954684503427,45-46m²,bostadsratt,2026-09-09T16:00:39.869776
4623763945639263000,https://www.hemnet.se/salda/lagenhet-2rum-vasastan-hagastaden-stockholms-kommun-ninni-kronbergs-gata-10-4623763945639263000,45-46m²,bostadsratt,2026-09-09T16:00:39.869778
3233651453896889762,https://www.hemnet.se/salda/lagenhet-2rum-mariehall-sundbyberg-stockholms-kommun-mariehallsvagen-1-3233651453896889762,45-46m²,bostadsratt,2026-09-09T16:00:39.869779
813400463395854260,https://www.hemnet.se/salda/lagenhet-2rum-tegelhagen-sollentuna-kommun-skogstorpsvagen-230-813400463395854260,45-46m²,bostadsratt,2026-09-09T16:00:39.869780
6016174509768208583,https://www.hemnet.se/salda/lagenhet-1rum-honseberget-uddevalla-kommun-kampegatan-35-6016174509768208583,45-46m²,bostadsratt,2026-09-09T16:00:39.869781
8157931868094050184,https://www.hemnet.se/salda/lagenhet-2rum-hogalid-stockholms-kommun-krukmakargatan-64-8157931868094050184,45-46m²,bostadsratt,2026-09-09T16:00:39.869783
5267123498712841831,https://www.hemnet.se/salda/lagenhet-1rum-sundsvall-bosvedjan-sundsvalls-kommun-bagevagen-17c-5267123498712841831,45-46m²,bostadsratt,2026-09-09T16:00:39.869784
6368791105227202468,"https://www.hemnet.se/salda/lagenhet-2rum-akalla-stockholms-kommun-sibeliusgangen-46,-van-8-9-6368791105227202468",45-46m²,bostadsratt,2026-09-09T16:00:39.869787
6349176848452569722,https://www.hemnet.se/salda/lagenhet-1rum-solna-centrum-solna-kommun-klippgatan-24a-6349176848452569722,45-46m²,bostadsratt,2026-09-09T16:00:39.869789
8540970345978911296,https://www.hemnet.se/salda/lagenhet-2rum-vasastan-stockholms-kommun-tegnergatan-49-8540970345978911296,45-46m²,bostadsratt,2026-09-09T16:00:39.869790
3142815983416171975,https://www.hemnet.se/salda/lagenhet-1rum-majorna-goteborgs-kommun-vantgatan-3g-3142815983416171975,45-46m²,bostadsratt,2026-09-09T16:00:39.869791
8792106128927718118,https://www.hemnet.se/salda/lagenhet-1rum-salem-salems-kommun-emanuel-birkes-vag-4-8792106128927718118,45-46m²,bostadsratt,2026-09-09T16:00:39.869792
2850633443913620519,https://www.hemnet.se/salda/lagenhet-2rum-telefonplan-stockholms-kommun-backvagen-89-2850633443913620519,45-46m²,bostadsratt,2026-09-09T16:00:39.869794
3506077971994736538,https://www.hemnet.se/salda/lagenhet-1rum-sodermalm-stockholms-kommun-folkungagatan-103-3506077971994736538,45-46m²,bostadsratt,2026-09-09T16:00:39.869795
9005323228995749350,"https://www.hemnet.se/salda/lagenhet-1,5rum-sodermalm-stockholms-kommun-rosenlundsgatan-20-9005323228995749350",45-46m²,bostadsratt,2026-09-09T16:00:39.869796
2412462158134327733,https://www.hemnet.se/salda/lagenhet-2rum-vallingby-racksta-stockholms-kommun-funasgatan-8-2412462158134327733,45-46m²,bostadsratt,2026-09-09T16:00:39.869797
8967065783087968077,https://www.hemnet.se/salda/lagenhet-1rum-viggbyholm-taby-kommun-jarnvagsallen-1a-van-3-8967065783087968077,45-46m²,bostadsratt,2026-09-09T16:00:39.869799
170206126246900483,https://www.hemnet.se/salda/lagenhet-2rum-hunnebostrand-sotenas-kommun-kopmansgatan-31b-170206126246900483,45-46m²,bostadsratt,2026-09-09T16:00:39.869800
3066416064737016740,https://www.hemnet.se/salda/lagenhet-2rum-traneberg-stockholms-kommun-hoburgsstigen-12-3066416064737016740,45-46m²,bostadsratt,2026-09-09T16:00:39.869801
2362033155918810647,https://www.hemnet.se/salda/lagenhet-1rum-huvudsta-solna-kommun-jungfrudansen-30-2362033155918810647,45-46m²,bostadsratt,2026-09-09T16:00:39.869802
4561349737022750777,https://www.hemnet.se/salda/lagenhet-2rum-hogdalen-stockholms-kommun-rangstagatan-18-4561349737022750777,45-46m²,bostadsratt,2026-09-09T16:00:39.869804
4279941261019075188,https://www.hemnet.se/salda/lagenhet-2rum-skarmarbrink-hammarbyhojden-stockholms-kommun-thunbergsgatan-8-4279941261019075188,45-46m²,bostadsratt,2026-09-09T16:00:39.869805
3171452232450130611,"https://www.hemnet.se/salda/lagenhet-2rum-sodermalm-stockholms-kommun-ploggatan-16,-1,5tr-3171452232450130611",45-46m²,bostadsratt,2026-09-09T16:00:39.869806
3108847089167307764,https://www.hemnet.se/salda/lagenhet-2rum-centrala-huddinge-huddinge-kommun-sjodalsvagen-17-3108847089167307764,45-46m²,bostadsratt,2026-09-09T16:00:39.869807
5454215124066349509,https://www.hemnet.se/salda/lagenhet-2rum-sodermalm-katarina-stockholms-kommun-moregatan-10-5454215124066349509,45-46m²,bostadsratt,2026-09-09T16:00:39.869809
6049126773091457414,https://www.hemnet.se/salda/lagenhet-2rum-tullinge-botkyrka-kommun-fagerlidsvagen-7-6049126773091457414,45-46m²,bostadsratt,2026-09-09T16:00:39.869810
827847475579766959,https://www.hemnet.se/salda/lagenhet-2rum-ursvik-sundbybergs-kommun-stallgatan-13-827847475579766959,45-46m²,bostadsratt,2026-09-09T16:00:39.869811
8543450199385992303,https://www.hemnet.se/salda/lagenhet-2rum-sodermalm-katarina-stockholms-kommun-katarina-bangata-25-8543450199385992303,45-46m²,bostadsratt,2026-09-09T16:00:39.869812
265015121202351914,https://www.hemnet.se/salda/lagenhet-2rum-sjodalen-huddinge-kommun-klockarvagen-12-265015121202351914,45-46m²,bostadsratt,2026-09-09T16:00:39.869814
4656510968599356362,https://www.hemnet.se/salda/lagenhet-2rum-sodermalm-katarina-stockholms-kommun-folkungagatan-65-4656510968599356362,45-46m²,bostadsratt,2026-09-09T16:00:39.869815
7800793057509457349,"https://www.hemnet.se/salda/lagenhet-2rum-hammarbyhojden,-johanneshov-stockholms-kommun-per-lindestroms-vag-110-7800793057509457349",45-46m²,bostadsratt,2026-09-09T16:00:39.869816
4621100763678619726,https://www.hemnet.se/salda/lagenhet-2rum-centrala-huddinge-kvarnbergsplan-huddinge-kommun-radsvagen-5d-4621100763678619726,45-46m²,bostadsratt,2026-09-09T16:00:39.869818
4124017388212919331,https://www.hemnet.se/salda/lagenhet-46m2-framre-luthagen-uppsala-kommun-gotgatan-1-4124017388212919331,45-46m²,bostadsratt,2026-09-09T16:00:39.869819
6492095522527948480,https://www.hemnet.se/salda/lagenhet-2rum-pavelund-goteborgs-kommun-angkarrsgangen-4-6492095522527948480,45-46m²,bostadsratt,2026-09-09T16:00:39.869822
4867538412062772829,https://www.hemnet.se/salda/lagenhet-1rum-brynas-gavle-kommun-styrmansgatan-10-4867538412062772829,45-46m²,bostadsratt,2026-09-09T16:00:39.869823
1676489593266972552,https://www.hemnet.se/salda/lagenhet-2rum-vasastan-birkastan-stockholms-kommun-robert-almstromsgatan-9b-1676489593266972552,45-46m²,bostadsratt,2026-09-09T16:00:39.869825
924393860589456207,https://www.hemnet.se/salda/lagenhet-3rum-gillbo-sollentuna-kommun-allevagen-4l-924393860589456207,45-46m²,bostadsratt,2026-09-09T16:00:39.869826
6463171938574367312,https://www.hemnet.se/salda/lagenhet-2rum-visby-innerstad-gotlands-kommun-s-t-klemensgatan-4-6463171938574367312,45-46m²,bostadsratt,2026-09-09T16:00:39.869827
8577776486445876256,https://www.hemnet.se/salda/lagenhet-2rum-kallhall-jarfalla-kommun-pressarvagen-27-8577776486445876256,45-46m²,bostadsratt,2026-09-09T16:00:39.869829
2136376379545615366,https://www.hemnet.se/salda/lagenhet-2rum-nasbypark-taby-kommun-kalltorpsvagen-3-2136376379545615366,45-46m²,bostadsratt,2026-09-09T16:00:39.869830
5276980122265884276,https://www.hemnet.se/salda/lagenhet-2rum-teg-umea-kommun-verkstadsgatan-7e-5276980122265884276,45-46m²,bostadsratt,2026-09-09T16:00:39.869831
4774004004716026949,https://www.hemnet.se/salda/lagenhet-2rum-arsta-stockholms-kommun-ramensvagen-43-4774004004716026949,45-46m²,bostadsratt,2026-09-09T16:00:39.869833
4987098550854152750,"https://www.hemnet.se/salda/lagenhet-2rum-rasunda-solna-kommun-solnavagen-98b,-van-5-4987098550854152750",45-46m²,bostadsratt,2026-09-09T16:00:39.869834
1638903994209154871,https://www.hemnet.se/salda/lagenhet-1rum-bifrost-molndals-kommun-slapharvsgatan-5a-1638903994209154871,45-46m²,bostadsratt,2026-09-09T16:00:39.869835
8997914096260567119,https://www.hemnet.se/salda/lagenhet-1rum-sandviken-centrum-sandbacka-sandvikens-kommun-kopmangatan-22a-8997914096260567119,45-46m²,bostadsratt,2026-09-09T16:00:39.869837
3866444523601288971,https://www.hemnet.se/salda/lagenhet-2rum-haga-norrkopings-kommun-hagagatan-16b-3866444523601288971,45-46m²,bostadsratt,2026-09-09T16:00:39.869838
4569423554751868155,https://www.hemnet.se/salda/lagenhet-2rum-hagersten-stockholms-kommun-klubbacken-32-4569423554751868155,45-46m²,bostadsratt,2026-09-09T16:00:39.869839
5888141625964428404,https://www.hemnet.se/salda/lagenhet-1rum-bifrost-molndals-kommun-slapharvsgatan-5-a-5888141625964428404,45-46m²,bostadsratt,2026-09-09T16:00:39.869840
402556119031688028,"https://www.hemnet.se/salda/lagenhet-2,5rum-vasastan-norrmalm-stockholms-kommun-luntmakargatan-63-402556119031688028",45-46m²,bostadsratt,2026-09-09T16:00:39.869842
4864196436225731594,https://www.hemnet.se/salda/lagenhet-2rum-fruangen-stockholms-kommun-vantorsvagen-260-4864196436225731594,45-46m²,bostadsratt,2026-09-09T16:00:39.869843
8713416170303835934,https://www.hemnet.se/salda/lagenhet-2rum-kviberg-goteborgs-kommun-soldathemsgatan-28-8713416170303835934,45-46m²,bostadsratt,2026-09-09T16:00:39.869844
3470979139014779932,https://www.hemnet.se/salda/lagenhet-2rum-mollevangen-malmo-kommun-kristianstadsgatan-7a-3470979139014779932,45-46m²,bostadsratt,2026-09-09T16:00:39.869845
5978322524610294812,https://www.hemnet.se/salda/lagenhet-2rum-s-t-ilian-enkopings-kommun-torggatan-18a-5978322524610294812,45-46m²,bostadsratt,2026-09-09T16:00:39.869847
7931011934929244195,https://www.hemnet.se/salda/lagenhet-2rum-traneberg-stockholms-kommun-tranebergsvagen-41-7931011934929244195,45-46m²,bostadsratt,2026-09-09T16:00:39.869848
2960028339565897617,https://www.hemnet.se/salda/lagenhet-2rum-tumba-botkyrka-kommun-munkhattevagen-27b-2960028339565897617,45-46m²,bostadsratt,2026-09-09T16:00:39.869849
1350236327476276744,"https://www.hemnet.se/salda/lagenhet-2rum-arsta-stockholms-kommun-borensvagen-52,-3tr-1350236327476276744",45-46m²,bostadsratt,2026-09-09T16:00:39.869851
4817056556279934426,https://www.hemnet.se/salda/lagenhet-2rum-eskilstuna-soder-eskilstuna-kommun-sveavagen-10c-4817056556279934426,45-46m²,bostadsratt,2026-09-09T16:00:39.869852
1108698130274681045,https://www.hemnet.se/salda/lagenhet-2rum-brommaplan-stockholms-kommun-yllevagen-10-1108698130274681045,45-46m²,bostadsratt,2026-09-09T16:00:39.869853
5046375211062185761,https://www.hemnet.se/salda/lagenhet-2rum-vasastan-birkastan-stockholms-kommun-bravallagatan-9a-5046375211062185761,45-46m²,bostadsratt,2026-09-09T16:00:39.869856
4216761344064389484,https://www.hemnet.se/salda/lagenhet-2rum-backa-hisings-backa-goteborgs-kommun-sagogangen-33-4216761344064389484,45-46m²,bostadsratt,2026-09-09T16:00:39.869858
4014074554306921122,"https://www.hemnet.se/salda/lagenhet-3rum-salen-lindvallen-malung-salens-kommun-timmerbyn-148c,-v,-13-4014074554306921122",45-46m²,bostadsratt,2026-09-09T16:00:39.869859
3693626753616637339,"https://www.hemnet.se/salda/lagenhet-2rum-grindtorp-taby-kommun-kometvagen-21,-8tr-3693626753616637339",45-46m²,bostadsratt,2026-09-09T16:00:39.869860
6570079593186243695,https://www.hemnet.se/salda/lagenhet-1rum-limhamn-malmo-kommun-vastanvag-49b-6570079593186243695,45-46m²,bostadsratt,2026-09-09T16:00:39.869862
4915662657898914899,https://www.hemnet.se/salda/lagenhet-1rum-bromma-nockebyhov-stockholms-kommun-gubbkarrsvagen-29s-4915662657898914899,45-46m²,bostadsratt,2026-09-09T16:00:39.869863
8076006873389707201,https://www.hemnet.se/salda/lagenhet-2rum-hammarbyhojden-stockholms-kommun-johan-printz-vag-22-8076006873389707201,45-46m²,bostadsratt,2026-09-09T16:00:39.869864
5651008903549466570,https://www.hemnet.se/salda/lagenhet-2rum-edsangen-sollentuna-kommun-hovslagarevagen-17-5651008903549466570,45-46m²,bostadsratt,2026-09-09T16:00:39.869865
7801021797780238139,https://www.hemnet.se/salda/lagenhet-2rum-hagerstensasen-stockholms-kommun-inteckningsvagen-83-7801021797780238139,45-46m²,bostadsratt,2026-09-09T16:00:39.869867
8628415145483656256,https://www.hemnet.se/salda/lagenhet-1rum-bifrost-molndals-kommun-pinnharvsgatan-6-a-8628415145483656256,45-46m²,bostadsratt,2026-09-09T16:00:39.869868
7738943951970645711,https://www.hemnet.se/salda/lagenhet-2rum-kungsholmen-stockholms-kommun-alstromergatan-32n-7738943951970645711,45-46m²,bostadsratt,2026-09-09T16:00:39.869869
1274304252896488726,https://www.hemnet.se/salda/lagenhet-2rum-selater-stromstads-kommun-solberg-1-1274304252896488726,45-46m²,bostadsratt,2026-09-09T16:00:39.869871
7068365042146456367,"https://www.hemnet.se/salda/lagenhet-1,5rum-lindo-kalmar-kommun-lagmansgatan-8a-7068365042146456367",45-46m²,bostadsratt,2026-09-09T16:00:39.869872
4233346099969229851,https://www.hemnet.se/salda/lagenhet-2rum-midsommarkransen-telefonplan-stockholms-kommun-backvagen-89-4233346099969229851,45-46m²,bostadsratt,2026-09-09T16:00:39.869873
8776508646314581239,"https://www.hemnet.se/salda/lagenhet-2rum-vasastan-odenplan-stockholms-kommun-frejgatan-45,-3,5-tr-8776508646314581239",45-46m²,bostadsratt,2026-09-09T16:00:39.869875
8876882022753953433,https://www.hemnet.se/salda/lagenhet-2rum-sodermalm-stockholms-kommun-borgargatan-6-8876882022753953433,45-46m²,bostadsratt,2026-09-09T16:00:39.869876
6358270479994827570,https://www.hemnet.se/salda/lagenhet-2rum-radmansvangen-malmo-kommun-nikolaigatan-4d-6358270479994827570,45-46m²,bostadsratt,2026-09-09T16:00:39.869877
1399795999409993521,"https://www.hemnet.se/salda/lagenhet-2rum-vasastan-hagastaden-stockholms-kommun-ninni-kronbergs-gata-10,-3tr-1399795999409993521",45-46m²,bostadsratt,2026-09-09T16:00:39.869879
1519564288024602216,https://www.hemnet.se/salda/lagenhet-2rum-ostermalm-vasastan-stockholms-kommun-birger-jarlsgatan-104a-1519564288024602216,45-46m²,bostadsratt,2026-09-09T16:00:39.869880
6133652931021786339,https://www.hemnet.se/salda/lagenhet-2rum-brunnshog-lunds-kommun-brunnshogsgatan-2-6133652931021786339,45-46m²,bostadsratt,2026-09-09T16:00:39.869881
2236027726744525231,https://www.hemnet.se/salda/lagenhet-2rum-grondal-stockholms-kommun-sannadalsvagen-20-2236027726744525231,45-46m²,bostadsratt,2026-09-09T16:00:39.869882
9025471001311203466,https://www.hemnet.se/salda/lagenhet-2rum-s-t-knut-malmo-kommun-disponentgatan-27-9025471001311203466,45-46m²,bostadsratt,2026-09-09T16:00:39.869884
3932407108181323984,https://www.hemnet.se/salda/lagenhet-2rum-bergshamra-solna-kommun-pipers-vag-165-3932407108181323984,45-46m²,bostadsratt,2026-09-09T16:00:39.869885
2513278014760669407,https://www.hemnet.se/salda/lagenhet-1rum-rosenkalla-nykopings-kommun-erikslundsvagen-28-2513278014760669407,45-46m²,bostadsratt,2026-09-09T16:00:39.869886
6023946248084556734,"https://www.hemnet.se/salda/lagenhet-1,5rum-nedre-gardet-ostermalm-stockholms-kommun-sandelsgatan-40-6023946248084556734",45-46m²,bostadsratt,2026-09-09T16:00:39.869888
5435728668991581290,https://www.hemnet.se/salda/lagenhet-2rum-jakobsberg-jarfalla-kommun-hammarvagen-55-5435728668991581290,45-46m²,bostadsratt,2026-09-09T16:00:39.869889
1621207425336589832,https://www.hemnet.se/salda/lagenhet-2rum-kviberg-goteborgs-kommun-margit-halls-gata-31-1621207425336589832,45-46m²,bostadsratt,2026-09-09T16:00:39.869892
1103550879904634127,https://www.hemnet.se/salda/lagenhet-1rum-sodra-sofielund-malmo-kommun-sevedsplan-11e-1103550879904634127,45-46m²,bostadsratt,2026-09-09T16:00:39.869893
6713823192913351939,https://www.hemnet.se/salda/lagenhet-1rum-centralt-ljungby-kommun-harabergsgatan-11d-6713823192913351939,45-46m²,bostadsratt,2026-09-09T16:00:39.869894
8331921249582801757,https://www.hemnet.se/salda/lagenhet-2rum-bromma-abrahamsberg-stockholms-kommun-abrahamsbergsvagen-80-8331921249582801757,45-46m²,bostadsratt,2026-09-09T16:00:39.869896
6688593053059053488,"https://www.hemnet.se/salda/lagenhet-1,5rum-tullinge-centralt-botkyrka-kommun-elgentorpsvagen-19-6688593053059053488",45-46m²,bostadsratt,2026-09-09T16:00:39.869897
4314708091732785754,https://www.hemnet.se/salda/lagenhet-2rum-vallingby-centrum-stockholms-kommun-kirunagatan-15-4314708091732785754,45-46m²,bostadsratt,2026-09-09T16:00:39.869898
6849690293491421883,https://www.hemnet.se/salda/lagenhet-2rum-lund-centrum-lunds-kommun-bredgatan-4d-6849690293491421883,45-46m²,bostadsratt,2026-09-09T16:00:39.869900
3328757966167959027,https://www.hemnet.se/salda/lagenhet-2rum-farsta-stockholms-kommun-rottnerosbacken-3-3328757966167959027,45-46m²,bostadsratt,2026-09-09T16:00:39.869901
8854496783842636032,https://www.hemnet.se/salda/lagenhet-1rum-burstromska-gardan-lulea-kommun-burstromsvagen-38-8854496783842636032,45-46m²,bostadsratt,2026-09-09T16:00:39.869902
3760583221609076790,"https://www.hemnet.se/salda/lagenhet-1,5rum-sodertull-gavle-kommun-sorbygatan-71b-3760583221609076790",45-46m²,bostadsratt,2026-09-09T16:00:39.869903
5189173729442388915,"https://www.hemnet.se/salda/lagenhet-2rum-lilla-essingen-stockholms-kommun-essinge-brogata-3,-4-tr-5189173729442388915",45-46m²,bostadsratt,2026-09-09T16:00:39.869905
7557911075917163833,https://www.hemnet.se/salda/lagenhet-2rum-kungsholmen-stockholms-kommun-kaplansbacken-5-7557911075917163833,45-46m²,bostadsratt,2026-09-09T16:00:39.869906
3812240093534232414,https://www.hemnet.se/salda/lagenhet-1rum-kirseberg-midhem-malmo-kommun-segevangsgatan-17a-3812240093534232414,45-46m²,bostadsratt,2026-09-09T16:00:39.869907
3477671825769906740,https://www.hemnet.se/salda/lagenhet-2rum-sodermalm-hornstull-stockholms-kommun-hornstulls-strand-13-3477671825769906740,45-46m²,bostadsratt,2026-09-09T16:00:39.869908
132624352915775360,https://www.hemnet.se/salda/lagenhet-2rum-sodermalm-stockholms-kommun-katarina-bangata-59c-132624352915775360,45-46m²,bostadsratt,2026-09-09T16:00:39.869910
1519300451113617711,https://www.hemnet.se/salda/lagenhet-2rum-hisings-backa-goteborgs-kommun-backadalen-24-1519300451113617711,45-46m²,bostadsratt,2026-09-09T16:00:39.869911
8036994968069395266,https://www.hemnet.se/salda/lagenhet-2rum-ostermalm-stockholms-kommun-valhallavagen-67-8036994968069395266,45-46m²,bostadsratt,2026-09-09T16:00:39.869912
4546925021079939914,https://www.hemnet.se/salda/lagenhet-2rum-fredslyckan-lunds-kommun-parternas-grand-21-4546925021079939914,45-46m²,bostadsratt,2026-09-09T16:00:39.869914
5139254446329774885,https://www.hemnet.se/salda/lagenhet-2rum-sodermalm-sofia-stockholms-kommun-katarina-bangata-59c-5139254446329774885,45-46m²,bostadsratt,2026-09-09T16:00:39.869915
6052278651819545774,"https://www.hemnet.se/salda/lagenhet-1,5rum-molndal-innerstaden-molndals-kommun-baazgatan-5e-6052278651819545774",45-46m²,bostadsratt,2026-09-09T16:00:39.869916
1259886025470691478,https://www.hemnet.se/salda/lagenhet-2rum-soder-jonkopings-kommun-scheelegatan-13a-1259886025470691478,45-46m²,bostadsratt,2026-09-09T16:00:39.869918
9132629480595766337,https://www.hemnet.se/salda/lagenhet-2rum-kista-stockholms-kommun-sorogatan-15-9132629480595766337,45-46m²,bostadsratt,2026-09-09T16:00:39.869919
1329456504290863082,https://www.hemnet.se/salda/lagenhet-2rum-blackeberg-stockholms-kommun-johan-tillanders-vag-39-1329456504290863082,45-46m²,bostadsratt,2026-09-09T16:00:39.869920
7228776635601175097,https://www.hemnet.se/salda/lagenhet-2rum-centrala-sundbyberg-sundbybergs-kommun-rastensgatan-12-7228776635601175097,45-46m²,bostadsratt,2026-09-09T16:00:39.869922
3524413518731024130,https://www.hemnet.se/salda/lagenhet-2rum-ovre-slotts-uppsala-kommun-kyrkogardsgatan-23-3524413518731024130,45-46m²,bostadsratt,2026-09-09T16:00:39.869923
8474787119340796384,"https://www.hemnet.se/salda/lagenhet-1,5rum-spanga-solhem-stockholms-kommun-salagatan-19-8474787119340796384",45-46m²,bostadsratt,2026-09-09T16:00:39.869926
283719359737973378,https://www.hemnet.se/salda/lagenhet-2rum-storskogen-sundbybergs-kommun-fredsgatan-6b-283719359737973378,45-46m²,bostadsratt,2026-09-09T16:00:39.869927
4268726096737848766,"https://www.hemnet.se/salda/lagenhet-2rum-akalla-stockholms-kommun-sibeliusgangen-44,-van-4-9-4268726096737848766",45-46m²,bostadsratt,2026-09-09T16:00:39.869928
8830547606870809210,https://www.hemnet.se/salda/lagenhet-2rum-limhamns-sjostad-malmo-kommun-rosengrens-gata-23-8830547606870809210,45-46m²,bostadsratt,2026-09-09T16:00:39.869930
2799820860322555960,https://www.hemnet.se/salda/lagenhet-2rum-johanneberg-goteborgs-kommun-lindstromsgatan-3a-2799820860322555960,45-46m²,bostadsratt,2026-09-09T16:00:39.869931
8316306883236301519,https://www.hemnet.se/salda/lagenhet-2rum-kvarnbergsplan-huddinge-kommun-kansligrand-18-8316306883236301519,45-46m²,bostadsratt,2026-09-09T16:00:39.869932
2140600803979298458,https://www.hemnet.se/salda/lagenhet-2rum-grangardet-mariestads-kommun-backaskogsvagen-11-2140600803979298458,45-46m²,bostadsratt,2026-09-09T16:00:39.869934
4733000760775574912,https://www.hemnet.se/salda/lagenhet-2rum-marieberget-stockholms-kommun-tavastgatan-27-4733000760775574912,45-46m²,bostadsratt,2026-09-09T16:00:39.869935
8910586589093403776,https://www.hemnet.se/salda/lagenhet-2rum-sjobo-boras-kommun-tomtegatan-17b-8910586589093403776,45-46m²,bostadsratt,2026-09-09T16:00:39.869936
6456790553612818035,"https://www.hemnet.se/salda/lagenhet-1,5rum-linnestaden-annedal-goteborgs-kommun-seminariegatan-18-6456790553612818035",45-46m²,bostadsratt,2026-09-09T16:00:39.869937
3088451958052580423,https://www.hemnet.se/salda/lagenhet-2rum-mariehall-bromma-stockholms-kommun-kamomillagatan-13-3088451958052580423,45-46m²,bostadsratt,2026-09-09T16:00:39.869939
4368796394808484649,"https://www.hemnet.se/salda/lagenhet-2,5rum-rasunda-solna-kommun-ostervagen-9a-4368796394808484649",45-46m²,bostadsratt,2026-09-09T16:00:39.869940
4712289774432762926,https://www.hemnet.se/salda/lagenhet-2rum-sodermalm-stockholms-kommun-langholmsgatan-13-4712289774432762926,45-46m²,bostadsratt,2026-09-09T16:00:39.869941
5262225888562865893,https://www.hemnet.se/salda/lagenhet-1rum-bollstanas-upplands-vasby-kommun-jaktvagen-120-5262225888562865893,45-46m²,bostadsratt,2026-09-09T16:00:39.869943
1404121556730986687,https://www.hemnet.se/salda/lagenhet-2rum-stockholm-stockholms-kommun-virkesvagen-5c-1404121556730986687,45-46m²,bostadsratt,2026-09-09T16:00:39.869944
2472638954508826702,https://www.hemnet.se/salda/lagenhet-1rum-odenslund-ostersunds-kommun-allegatan-28-t-2472638954508826702,45-46m²,bostadsratt,2026-09-09T16:00:39.869945
3391736891394463256,https://www.hemnet.se/salda/lagenhet-2rum-solbacka-strand-norrtalje-kommun-maria-winkvists-vag-10-a-3391736891394463256,45-46m²,bostadsratt,2026-09-09T16:00:39.869946
7909054328735638466,https://www.hemnet.se/salda/lagenhet-2rum-kapellgardet-uppsala-kommun-djaknegatan-25a-7909054328735638466,45-46m²,bostadsratt,2026-09-09T16:00:39.869948
1586825917916922667,https://www.hemnet.se/salda/lagenhet-2rum-johanneberg-goteborgs-kommun-eklandagatan-54a-1586825917916922667,45-46m²,bostadsratt,2026-09-09T16:00:39.869949
4205775452237382083,https://www.hemnet.se/salda/lagenhet-2rum-soder-norrkopings-kommun-s-t-olofsgatan-40-4205775452237382083,45-46m²,bostadsratt,2026-09-09T16:00:39.869950
3737054997033247640,https://www.hemnet.se/salda/lagenhet-2rum-hejdegarden-linkopings-kommun-hejdegatan-52b-3737054997033247640,45-46m²,bostadsratt,2026-09-09T16:00:39.869952
4674446744816407833,https://www.hemnet.se/salda/lagenhet-2rum-vasastan-stockholms-kommun-gavlegatan-13-4674446744816407833,45-46m²,bostadsratt,2026-09-09T16:00:39.869953
1025602293314771266,"https://www.hemnet.se/salda/lagenhet-1,5rum-kungholmen-stockholms-kommun-gjutargatan-6-1025602293314771266",45-46m²,bostadsratt,2026-09-09T16:00:39.869954
6048554671870061474,https://www.hemnet.se/salda/lagenhet-2rum-kungsholmen-fredhall-stockholms-kommun-adlerbethsgatan-15-6048554671870061474,45-46m²,bostadsratt,2026-09-09T16:00:39.869955
5701763839113376317,https://www.hemnet.se/salda/lagenhet-2rum-telefonplan-stockholms-kommun-responsgatan-12-5701763839113376317,45-46m²,bostadsratt,2026-09-09T16:00:39.869956
7613822802381737459,https://www.hemnet.se/salda/lagenhet-1rum-esplanaden-kalmar-kommun-wallingatan-6b-7613822802381737459,45-46m²,bostadsratt,2026-09-09T16:00:39.869958
6489219357687410401,https://www.hemnet.se/salda/lagenhet-2rum-bjorkalund-norrkopings-kommun-holmtorpsvagen-51-6489219357687410401,45-46m²,bostadsratt,2026-09-09T16:00:39.869961
4854851675154630326,https://www.hemnet.se/salda/lagenhet-1rum-vasastan-stockholms-kommun-sveavagen-99-4854851675154630326,45-46m²,bostadsratt,2026-09-09T16:00:39.869962
1773836418485140270,https://www.hemnet.se/salda/lagenhet-2rum-roda-bergen-vasastan-stockholms-kommun-torbjorn-klockares-gata-4-1773836418485140270,45-46m²,bostadsratt,2026-09-09T16:00:39.869964
9094586156569950647,https://www.hemnet.se/salda/lagenhet-1rum-fruangen-stockholms-kommun-fredrika-bremers-gata-34-9094586156569950647,45-46m²,bostadsratt,2026-09-09T16:00:39.869965
4194528174525196550,https://www.hemnet.se/salda/lagenhet-2rum-ladugardsangen-orebro-kommun-lillbackavagen-9-4194528174525196550,45-46m²,bostadsratt,2026-09-09T16:00:39.869966
6692810683066062218,https://www.hemnet.se/salda/lagenhet-2rum-vasastaden-stockholms-kommun-birger-jarlsgatan-81-6692810683066062218,45-46m²,bostadsratt,2026-09-09T16:00:39.869967
5770094865680008573,https://www.hemnet.se/salda/lagenhet-2rum-hono-ockero-kommun-sandlyckevagen-12-5770094865680008573,45-46m²,bostadsratt,2026-09-09T16:00:39.869969
4039861937824119335,"https://www.hemnet.se/salda/lagenhet-2rum-hammarbyhojden-stockholms-kommun-tidaholmsvagen-28,-1tr-4039861937824119335",45-46m²,bostadsratt,2026-09-09T16:00:39.869970
2714723847355976311,https://www.hemnet.se/salda/lagenhet-2rum-telefonplan-midsommarkransen-stockholms-kommun-responsgatan-14-2714723847355976311,45-46m²,bostadsratt,2026-09-09T16:00:39.869971
5315099936017100490,https://www.hemnet.se/salda/lagenhet-2rum-granby-uppsala-kommun-rabyvagen-55h-5315099936017100490,45-46m²,bostadsratt,2026-09-09T16:00:39.869973
5396101336506829486,https://www.hemnet.se/salda/lagenhet-2rum-lilla-essingen-stockholms-kommun-patentgatan-1-5396101336506829486,45-46m²,bostadsratt,2026-09-09T16:00:39.869974
2832916598919719415,https://www.hemnet.se/salda/lagenhet-2rum-kviberg-goteborgs-kommun-soldathemsgatan-12-2832916598919719415,45-46m²,bostadsratt,2026-09-09T16:00:39.869975
3626279778112189659,"https://www.hemnet.se/salda/lagenhet-1,5rum-falhagen-uppsala-kommun-s-t-goransgatan-25-3626279778112189659",45-46m²,bostadsratt,2026-09-09T16:00:39.869976
9174385959676594405,"https://www.hemnet.se/salda/lagenhet-2,5rum-arsta-stockholms-kommun-skagersvagen-12-9174385959676594405",45-46m²,bostadsratt,2026-09-09T16:00:39.869978
8293097116404072898,https://www.hemnet.se/salda/lagenhet-2rum-arenastaden-solna-kommun-evenemangsgatan-24-8293097116404072898,45-46m²,bostadsratt,2026-09-09T16:00:39.869979
878350015474600674,https://www.hemnet.se/salda/lagenhet-2rum-vasastan-norrmalm-stockholms-kommun-torsgrand-4-878350015474600674,45-46m²,bostadsratt,2026-09-09T16:00:39.869980
5733959050204171971,"https://www.hemnet.se/salda/lagenhet-1,5rum-tingvallastaden-karlstads-kommun-vastra-kanalgatan-9-5733959050204171971",45-46m²,bostadsratt,2026-09-09T16:00:39.869981
1814321901250872361,https://www.hemnet.se/salda/lagenhet-2rum-kungsholmen-kristineberg-stockholms-kommun-levertinsgatan-3-1814321901250872361,45-46m²,bostadsratt,2026-09-09T16:00:39.869983
4117835513550752678,https://www.hemnet.se/salda/lagenhet-2rum-centrum-enkopings-kommun-kryddgardsgatan-21b-4117835513550752678,45-46m²,bostadsratt,2026-09-09T16:00:39.869984
1527163732263152411,https://www.hemnet.se/salda/lagenhet-2rum-vega-haninge-kommun-fribordsgrand-5-1527163732263152411,45-46m²,bostadsratt,2026-09-09T16:00:39.869985
7514135115938404239,https://www.hemnet.se/salda/lagenhet-1rum-centrum-varvet-lulea-kommun-residensgatan-4d-7514135115938404239,45-46m²,bostadsratt,2026-09-09T16:00:39.869986
7057037541579041056,https://www.hemnet.se/salda/lagenhet-2rum-brotorp-jarvastaden-sundbybergs-kommun-brogatan-18-7057037541579041056,45-46m²,bostadsratt,2026-09-09T16:00:39.869988
2452811193549266179,https://www.hemnet.se/salda/lagenhet-2rum-aspudden-stockholms-kommun-husabyvagen-19-2452811193549266179,45-46m²,bostadsratt,2026-09-09T16:00:39.869989
4604614090885481218,https://www.hemnet.se/salda/lagenhet-2rum-tegelbruket-svedala-kommun-mastaregrand-48-4604614090885481218,45-46m²,bostadsratt,2026-09-09T16:00:39.869990
5583917412262736465,https://www.hemnet.se/salda/lagenhet-2rum-midsommarkransen-stockholms-kommun-backvagen-57-5583917412262736465,45-46m²,bostadsratt,2026-09-09T16:00:39.869992
3166980949664885425,https://www.hemnet.se/salda/lagenhet-2rum-ellstorp-malmo-kommun-sallerupsvagen-28-b-3166980949664885425,45-46m²,bostadsratt,2026-09-09T16:00:39.869995
1026980884903027811,https://www.hemnet.se/salda/lagenhet-2rum-ovre-slotts-uppsala-kommun-gropgrand-2b-1026980884903027811,45-46m²,bostadsratt,2026-09-09T16:00:39.869996
2098926828297202244,https://www.hemnet.se/salda/lagenhet-2rum-midsommarkransen-stockholms-kommun-responsgatan-14-2098926828297202244,45-46m²,bostadsratt,2026-09-09T16:00:39.869997
5474273607157066533,https://www.hemnet.se/salda/lagenhet-2rum-hisings-backa-goteborgs-kommun-sagogangen-6-5474273607157066533,45-46m²,bostadsratt,2026-09-09T16:00:39.869999
1649617634559903312,https://www.hemnet.se/salda/lagenhet-1rum-fredriksberg-falkopings-kommun-dalagatan-4-b-1649617634559903312,45-46m²,bostadsratt,2026-09-09T16:00:39.870000
1696293290211044897,"https://www.hemnet.se/salda/lagenhet-1,5rum-vadstena-vadstena-kommun-nadendalsvagen-2h-1696293290211044897",45-46m²,bostadsratt,2026-09-09T16:00:39.870001
535143640242400900,https://www.hemnet.se/salda/lagenhet-2rum-tegelbruket-svedala-kommun-mastaregrand-50-535143640242400900,45-46m²,bostadsratt,2026-09-09T16:00:39.870002
7017705322011681253,https://www.hemnet.se/salda/lagenhet-1rum-unnerod-uddevalla-kommun-ostanvindsvagen-8-7017705322011681253,45-46m²,bostadsratt,2026-09-09T16:00:39.870004
3293497211837048539,https://www.hemnet.se/salda/lagenhet-2rum-centrala-vasby-upplands-vasby-kommun-drabantgatan-52-3293497211837048539,45-46m²,bostadsratt,2026-09-09T16:00:39.870005
4205145294828403605,https://www.hemnet.se/salda/lagenhet-2rum-rasunda-solna-kommun-ostervagen-28b-4205145294828403605,45-46m²,bostadsratt,2026-09-09T16:00:39.870006
6410507321304761780,https://www.hemnet.se/salda/lagenhet-2rum-centrala-hisingen-goteborgs-kommun-kvillegatan-13-6410507321304761780,45-46m²,bostadsratt,2026-09-09T16:00:39.870007
2708548740381308708,https://www.hemnet.se/salda/lagenhet-2rum-helsingborg-centrum-helsingborgs-kommun-sodra-storgatan-39a-2708548740381308708,45-46m²,bostadsratt,2026-09-09T16:00:39.870009
8390698586308488776,https://www.hemnet.se/salda/lagenhet-2rum-vastra-orminge-nacka-kommun-ormingeringen-13c-8390698586308488776,45-46m²,bostadsratt,2026-09-09T16:00:39.870010
1680741291368844607,"https://www.hemnet.se/salda/lagenhet-1,5rum-rasunda-solna-kommun-ostervagen-16b-1680741291368844607",45-46m²,bostadsratt,2026-09-09T16:00:39.870011
1571251070985015616,https://www.hemnet.se/salda/lagenhet-1rum-vasastan-atlas-stockholms-kommun-atlasgatan-13-1571251070985015616,45-46m²,bostadsratt,2026-09-09T16:00:39.870013
1722952248463952986,"https://www.hemnet.se/salda/lagenhet-2rum-sodermalm-stockholms-kommun-gotgatan-92a,-5tr-1722952248463952986",45-46m²,bostadsratt,2026-09-09T16:00:39.870014
719882416610827493,https://www.hemnet.se/salda/lagenhet-2rum-centralt-ostersunds-kommun-stuguvagen-24-719882416610827493,45-46m²,bostadsratt,2026-09-09T16:00:39.870015
8704356909935935746,https://www.hemnet.se/salda/lagenhet-4rum-varmdo-sandhamn-telegrafholmen-hus-26-varmdo-kommun-telegrafholmen-hus-26-8704356909935935746,45-46m²,bostadsratt,2026-09-09T16:00:39.870017
2630516034359251459,https://www.hemnet.se/salda/lagenhet-2rum-johanneberg-goteborgs-kommun-eklandagatan-56d-2630516034359251459,45-46m²,bostadsratt,2026-09-09T16:00:39.870018
1247490763988146568,"https://www.hemnet.se/salda/lagenhet-2rum-akalla-stockholms-kommun-sibeliusgangen-46,-6-tr-1247490763988146568",45-46m²,bostadsratt,2026-09-09T16:00:39.870019
1184418180091217281,https://www.hemnet.se/salda/lagenhet-2rum-arenastaden-solna-kommun-evenemangsgatan-18-1184418180091217281,45-46m²,bostadsratt,2026-09-09T16:00:39.870021
5523516068059024486,https://www.hemnet.se/salda/lagenhet-2rum-rasunda-solna-kommun-ostervagen-28b-5523516068059024486,45-46m²,bostadsratt,2026-09-09T16:00:39.870022
2325659706840257183,https://www.hemnet.se/salda/lagenhet-2rum-vasastaden-stockholms-kommun-gavlegatan-3-2325659706840257183,45-46m²,bostadsratt,2026-09-09T16:00:39.870023
5264143192478289098,https://www.hemnet.se/salda/lagenhet-2rum-sollentuna-tureberg-sollentuna-kommun-turebergs-alle-47-5264143192478289098,45-46m²,bostadsratt,2026-09-09T16:00:39.870024
4254371885135237118,https://www.hemnet.se/salda/lagenhet-2rum-bagaregarden-goteborgs-kommun-storkgatan-6n-4254371885135237118,45-46m²,bostadsratt,2026-09-09T16:00:39.870026
7450063888134547994,"https://www.hemnet.se/salda/lagenhet-1,5rum-sodermalm-stockholms-kommun-skaraborgsgatan-6a-7450063888134547994",45-46m²,bostadsratt,2026-09-09T16:00:39.870027
2997609639140457710,https://www.hemnet.se/salda/lagenhet-2rum-svedmyra-stockholms-kommun-brevvagen-7-2997609639140457710,45-46m²,bostadsratt,2026-09-09T16:00:39.870030
836947565571581351,https://www.hemnet.se/salda/lagenhet-2rum-aspudden-stockholms-kommun-husabyvagen-15-836947565571581351,45-46m²,bostadsratt,2026-09-09T16:00:39.870031
7764707986984781812,https://www.hemnet.se/salda/lagenhet-2rum-vastra-faladen-norra-borstahusen-landskrona-kommun-appelblomsgatan-7-7764707986984781812,45-46m²,bostadsratt,2026-09-09T16:00:39.870032
4897590823244459254,https://www.hemnet.se/salda/lagenhet-2rum-sodermalm-stockholms-kommun-katarina-bangata-59c-4897590823244459254,45-46m²,bostadsratt,2026-09-09T16:00:39.870034
1941339283436575622,https://www.hemnet.se/salda/lagenhet-2rum-henriksdalsberget-nacka-kommun-henriksdalsringen-21-1941339283436575622,45-46m²,bostadsratt,2026-09-09T16:00:39.870035
4300184955601302299,https://www.hemnet.se/salda/lagenhet-2rum-vastra-kungsholmen-hornsberg-strand-stockholms-kommun-lustgardsgatan-16-4300184955601302299,45-46m²,bostadsratt,2026-09-09T16:00:39.870036
2638889100493277344,https://www.hemnet.se/salda/lagenhet-2rum-roslags-nasby-taby-kommun-stationsvagen-52-2638889100493277344,45-46m²,bostadsratt,2026-09-09T16:00:39.870038
6407832693147345352,https://www.hemnet.se/salda/lagenhet-2rum-karlberg-karlskoga-kommun-frodingsvagen-7b-6407832693147345352,45-46m²,bostadsratt,2026-09-09T16:00:39.870039
8648944236481269903,"https://www.hemnet.se/salda/lagenhet-1,5rum-linne-goteborgs-kommun-seminariegatan-20-8648944236481269903",45-46m²,bostadsratt,2026-09-09T16:00:39.870040
70388906287595457,"https://www.hemnet.se/salda/lagenhet-1,5rum-falhagen-uppsala-kommun-ymergatan-26b-70388906287595457",45-46m²,bostadsratt,2026-09-09T16:00:39.870041
2784782241778176766,https://www.hemnet.se/salda/lagenhet-2rum-drottningtorget-malmo-kommun-norregatan-12-2784782241778176766,45-46m²,bostadsratt,2026-09-09T16:00:39.870043
1506215616703066665,https://www.hemnet.se/salda/lagenhet-2rum-hogansas-uppsala-kommun-kvarntorgsgatan-2b-1506215616703066665,45-46m²,bostadsratt,2026-09-09T16:00:39.870044
8680466351755147572,https://www.hemnet.se/salda/lagenhet-2rum-nasbypark-taby-kommun-kalltorpsvagen-13-8680466351755147572,45-46m²,bostadsratt,2026-09-09T16:00:39.870045
2870096967625371462,https://www.hemnet.se/salda/lagenhet-2rum-kista-stockholms-kommun-kopenhamnsgatan-22-2870096967625371462,45-46m²,bostadsratt,2026-09-09T16:00:39.870046
1684903009059667498,"https://www.hemnet.se/salda/lagenhet-2rum-arsta-stockholms-kommun-tamnarvagen-16,-3-3-tr-1684903009059667498",45-46m²,bostadsratt,2026-09-09T16:00:39.870048
266786791509822420,https://www.hemnet.se/salda/lagenhet-2rum-nya-staden-lidkopings-kommun-djurgardsgatan-29-c-266786791509822420,45-46m²,bostadsratt,2026-09-09T16:00:39.870049
7262890333420806246,https://www.hemnet.se/salda/lagenhet-2rum-vasastan-stockholms-kommun-vanadisvagen-25-7262890333420806246,45-46m²,bostadsratt,2026-09-09T16:00:39.870050
1621912423252406824,https://www.hemnet.se/salda/lagenhet-2rum-vaster-lunds-kommun-lokforaregatan-9c-1621912423252406824,45-46m²,bostadsratt,2026-09-09T16:00:39.870051
4703686889209042829,https://www.hemnet.se/salda/lagenhet-2rum-centrum-gavle-kommun-valbogatan-18a-4703686889209042829,45-46m²,bostadsratt,2026-09-09T16:00:39.870053
6931774911257453889,"https://www.hemnet.se/salda/lagenhet-1,5rum-alvik-stockholms-kommun-alviksvagen-7-6931774911257453889",45-46m²,bostadsratt,2026-09-09T16:00:39.870054
7558559791454095683,"https://www.hemnet.se/salda/lagenhet-1,5rum-olskroken-goteborgs-kommun-norra-gubberogatan-23b-7558559791454095683",45-46m²,bostadsratt,2026-09-09T16:00:39.870055
1275348440887533374,https://www.hemnet.se/salda/lagenhet-2rum-norrtalje-stad-solbacka-strand-norrtalje-kommun-maria-winkvists-vag-10-a-1275348440887533374,45-46m²,bostadsratt,2026-09-09T16:00:39.870057
3682293348937198282,"https://www.hemnet.se/salda/lagenhet-1,5rum-vasastan-stockholms-kommun-sankt-eriksgatan-81-3682293348937198282",45-46m²,bostadsratt,2026-09-09T16:00:39.870058
6404359604903262793,https://www.hemnet.se/salda/lagenhet-2rum-telefonplan-stockholms-kommun-responsgatan-14-6404359604903262793,45-46m²,bostadsratt,2026-09-09T16:00:39.870059
795398128165112392,https://www.hemnet.se/salda/lagenhet-2rum-haga-norra-solna-kommun-rasundavagen-26-795398128165112392,45-46m²,bostadsratt,2026-09-09T16:00:39.870061
6159750795451868018,https://www.hemnet.se/salda/lagenhet-2rum-kungsholmen-fredhall-stockholms-kommun-adlerbethsgatan-15-6159750795451868018,45-46m²,bostadsratt,2026-09-09T16:00:39.870064
2014772285566206232,https://www.hemnet.se/salda/lagenhet-2rum-johannesfred-stockholms-kommun-stangjarnsvagen-17-2014772285566206232,45-46m²,bostadsratt,2026-09-09T16:00:39.870065
771215287809445645,https://www.hemnet.se/salda/lagenhet-1rum-bandhagen-hogdalen-stockholms-kommun-harpsundsvagen-97-771215287809445645,45-46m²,bostadsratt,2026-09-09T16:00:39.870067
1632771227325397746,https://www.hemnet.se/salda/lagenhet-2rum-hagerstensasen-stockholms-kommun-backvagen-110-1632771227325397746,45-46m²,bostadsratt,2026-09-09T16:00:39.870068
1840828881825547758,"https://www.hemnet.se/salda/lagenhet-2rum-langbro-park-alvsjo-stockholms-kommun-stora-kvinns-vag-78,-van-3-1840828881825547758",45-46m²,bostadsratt,2026-09-09T16:00:39.870069
3898314803088191281,https://www.hemnet.se/salda/lagenhet-2rum-telefonplan-midsommarkransen-stockholms-kommun-responsgatan-18-3898314803088191281,45-46m²,bostadsratt,2026-09-09T16:00:39.870071
3890845551360693532,"https://www.hemnet.se/salda/lagenhet-2,5rum-stora-essingen-kungsholmen-stockholms-kommun-essingetorget-40-3890845551360693532",45-46m²,bostadsratt,2026-09-09T16:00:39.870072
1608973482190771275,https://www.hemnet.se/salda/lagenhet-2rum-norrby-boras-kommun-vastmannagatan-13-1608973482190771275,45-46m²,bostadsratt,2026-09-09T16:00:39.870073
1448303312218736359,https://www.hemnet.se/salda/lagenhet-2rum-kista-stockholms-kommun-kopenhamnsgatan-10-1448303312218736359,45-46m²,bostadsratt,2026-09-09T16:00:39.870074
6019039042450627178,"https://www.hemnet.se/salda/lagenhet-1rum-kungsangen-tibble-upplands-bro-kommun-hjortronvagen-5,-bv-6019039042450627178",45-46m²,bostadsratt,2026-09-09T16:00:39.870076
7858185787444473500,"https://www.hemnet.se/salda/lagenhet-2rum-ostermalm-stockholms-kommun-artillerigatan-63-1,5-tr-7858185787444473500",45-46m²,bostadsratt,2026-09-09T16:00:39.870077
2885599426064754340,https://www.hemnet.se/salda/lagenhet-2rum-centrum-oster-nykopings-kommun-tullportsgatan-35a-2885599426064754340,45-46m²,bostadsratt,2026-09-09T16:00:39.870079
2580392554807931502,https://www.hemnet.se/salda/lagenhet-2rum-centrala-tyreso-tyreso-kommun-myggdalsvagen-46-2580392554807931502,45-46m²,bostadsratt,2026-09-09T16:00:39.870080
114748217252826127,https://www.hemnet.se/salda/lagenhet-1rum-haga-umea-kommun-hagaplan-3-114748217252826127,45-46m²,bostadsratt,2026-09-09T16:00:39.870081
4498503830766023053,"https://www.hemnet.se/salda/lagenhet-1,5rum-karlstad-karlstads-kommun-vastra-kanalgatan-9-4498503830766023053",45-46m²,bostadsratt,2026-09-09T16:00:39.870082
3673804154207977034,https://www.hemnet.se/salda/lagenhet-2rum-s-t-knut-malmo-kommun-disponentgatan-27-3673804154207977034,45-46m²,bostadsratt,2026-09-09T16:00:39.870084
8628385480364178598,"https://www.hemnet.se/salda/lagenhet-2rum-mariehall-stockholms-kommun-mariehallsvagen-30c,-van-9-8628385480364178598",45-46m²,bostadsratt,2026-09-09T16:00:39.870085
7988205175661634073,https://www.hemnet.se/salda/lagenhet-2rum-solangen-molndals-kommun-utbildningsgatan-3-7988205175661634073,45-46m²,bostadsratt,2026-09-09T16:00:39.870086
28302386913199666,https://www.hemnet.se/salda/lagenhet-2rum-jamtbo-sagbo-avesta-kommun-frejgatan-8a-28302386913199666,45-46m²,bostadsratt,2026-09-09T16:00:39.870088
6282655820303465002,"https://www.hemnet.se/salda/lagenhet-1,5rum-husie-malmo-kommun-vannagardsgatan-58-6282655820303465002",45-46m²,bostadsratt,2026-09-09T16:00:39.870089
2324680524307168750,"https://www.hemnet.se/salda/lagenhet-1,5rum-luthagen-uppsala-kommun-tiundagatan-47-2324680524307168750",45-46m²,bostadsratt,2026-09-09T16:00:39.870090
3137491093423076220,https://www.hemnet.se/salda/lagenhet-2rum-ostermalm-stockholms-kommun-karlavagen-23-3137491093423076220,45-46m²,bostadsratt,2026-09-09T16:00:39.870091
8670593158506766512,https://www.hemnet.se/salda/lagenhet-2rum-telefonplan-stockholms-kommun-tangvagen-32-8670593158506766512,45-46m²,bostadsratt,2026-09-09T16:00:39.870093
6630696519165713960,https://www.hemnet.se/salda/lagenhet-2rum-sodermalm-sofia-stockholms-kommun-erstagatan-18-6630696519165713960,45-46m²,bostadsratt,2026-09-09T16:00:39.870094
5769001059885747356,https://www.hemnet.se/salda/lagenhet-2rum-hersby-lidingo-kommun-kyrkvagen-8-5769001059885747356,45-46m²,bostadsratt,2026-09-09T16:00:39.870095
1887062135070417744,https://www.hemnet.se/salda/lagenhet-2rum-prastgardsmarken-prasthagen-upplands-vasby-kommun-merkurigrand-32-1887062135070417744,45-46m²,bostadsratt,2026-09-09T16:00:39.870096
4555047927694504142,https://www.hemnet.se/salda/lagenhet-1rum-centrala-boden-bodens-kommun-kyrkgatan-18-4555047927694504142,45-46m²,bostadsratt,2026-09-09T16:00:39.870100
917172949409681439,"https://www.hemnet.se/salda/lagenhet-2rum-arsta-stockholms-kommun-siljansvagen-31,-2tr-917172949409681439",45-46m²,bostadsratt,2026-09-09T16:00:39.870101
5941749631159370435,https://www.hemnet.se/salda/lagenhet-3rum-are-are-kommun-fjallbyvagen-20-5941749631159370435,45-46m²,bostadsratt,2026-09-09T16:00:39.870102
1453086117978845347,https://www.hemnet.se/salda/lagenhet-2rum-norrmalm-stockholms-kommun-snickarbacken-5-1453086117978845347,45-46m²,bostadsratt,2026-09-09T16:00:39.870104
3665356584949976727,"https://www.hemnet.se/salda/lagenhet-2rum-ostermalm-stockholms-kommun-nybrogatan-24b,-1,5-tr-3665356584949976727",45-46m²,bostadsratt,2026-09-09T16:00:39.870105
1838768768477138332,https://www.hemnet.se/salda/lagenhet-2rum-telefonplan-midsommarkransen-stockholms-kommun-responsgatan-14-1838768768477138332,45-46m²,bostadsratt,2026-09-09T16:00:39.870106
7676136588455492374,https://www.hemnet.se/salda/lagenhet-2rum-norra-faladen-lunds-kommun-parternas-grand-1-7676136588455492374,45-46m²,bostadsratt,2026-09-09T16:00:39.870108
7521482771066182494,https://www.hemnet.se/salda/lagenhet-2rum-vastra-kungsholmen-hornsbergs-strand-stockholms-kommun-eyvind-johnsons-gata-7-7521482771066182494,45-46m²,bostadsratt,2026-09-09T16:00:39.870109
1705808936227171765,"https://www.hemnet.se/salda/lagenhet-1,5rum-rasunda-vasalund-solna-kommun-rasundavagen-71-1705808936227171765",45-46m²,bostadsratt,2026-09-09T16:00:39.870110
7125029455656243012,"https://www.hemnet.se/salda/lagenhet-2rum-vasastan-stockholms-kommun-dalagatan-26,-5tr-7125029455656243012",45-46m²,bostadsratt,2026-09-09T16:00:39.870112
4212511409658159322,https://www.hemnet.se/salda/lagenhet-2rum-galgamarken-trosso-karlskrona-kommun-jarnvagstorget-8b-4212511409658159322,45-46m²,bostadsratt,2026-09-09T16:00:39.870113
7503400652681856844,https://www.hemnet.se/salda/lagenhet-2rum-hejdegarden-linkopings-kommun-valhallagatan-39c-7503400652681856844,45-46m²,bostadsratt,2026-09-09T16:00:39.870114
5046569819822206564,https://www.hemnet.se/salda/lagenhet-2rum-sodermalm-katarina-sofia-stockholms-kommun-gotlandsgatan-67-5046569819822206564,45-46m²,bostadsratt,2026-09-09T16:00:39.870116
7595769656685125227,https://www.hemnet.se/salda/lagenhet-2rum-arsta-stockholms-kommun-tamnarvagen-14-7595769656685125227,45-46m²,bostadsratt,2026-09-09T16:00:39.870117
3142685079643180104,https://www.hemnet.se/salda/lagenhet-2rum-centrala-sundbyberg-sundbybergs-kommun-tritonvagen-4-3142685079643180104,45-46m²,bostadsratt,2026-09-09T16:00:39.870118
6799587456875372863,https://www.hemnet.se/salda/lagenhet-2rum-slottsstaden-malmo-kommun-regementsgatan-27e-6799587456875372863,45-46m²,bostadsratt,2026-09-09T16:00:39.870119
6912364098154065052,"https://www.hemnet.se/salda/lagenhet-1,5rum-klara-karlstads-kommun-malmtorgsgatan-11-6912364098154065052",45-46m²,bostadsratt,2026-09-09T16:00:39.870121
7128979047262973015,https://www.hemnet.se/salda/lagenhet-2rum-nasbypark-taby-kommun-kalltorpsvagen-7-7128979047262973015,45-46m²,bostadsratt,2026-09-09T16:00:39.870122
4932616548454112868,"https://www.hemnet.se/salda/lagenhet-1,5rum-centrum-halmstads-kommun-bissmarksgatan-10-4932616548454112868",45-46m²,bostadsratt,2026-09-09T16:00:39.870123
942230722816752275,"https://www.hemnet.se/salda/lagenhet-2rum-fredhall-stockholms-kommun-fredhallsgatan-7,-2tr-942230722816752275",45-46m²,bostadsratt,2026-09-09T16:00:39.870124
4094858067517652604,https://www.hemnet.se/salda/lagenhet-2rum-kungsladugard-goteborgs-kommun-majstangsgatan-5-4094858067517652604,45-46m²,bostadsratt,2026-09-09T16:00:39.870126
1630705361735591291,https://www.hemnet.se/salda/lagenhet-1rum-rosenlund-sodertalje-kommun-rosenhojdsvagen-23-1630705361735591291,45-46m²,bostadsratt,2026-09-09T16:00:39.870127
4078881328924424195,https://www.hemnet.se/salda/lagenhet-2rum-stigberget-goteborgs-kommun-nordhemsgatan-10-4078881328924424195,45-46m²,bostadsratt,2026-09-09T16:00:39.870128
137380554134600889,https://www.hemnet.se/salda/lagenhet-2rum-vastermalm-skovde-kommun-alstromersgatan-2-137380554134600889,45-46m²,bostadsratt,2026-09-09T16:00:39.870129
6730661517126413669,https://www.hemnet.se/salda/lagenhet-2rum-professorsstaden-lunds-kommun-linnegatan-13-6730661517126413669,45-46m²,bostadsratt,2026-09-09T16:00:39.870131
1140730645332263392,https://www.hemnet.se/salda/lagenhet-2rum-kvarnholmen-nacka-kommun-tre-kronors-vag-54-1140730645332263392,45-46m²,bostadsratt,2026-09-09T16:00:39.870134
2227249680525438142,https://www.hemnet.se/salda/lagenhet-1rum-lindesberg-lindesbergs-kommun-thulevagen-11b-2227249680525438142,45-46m²,bostadsratt,2026-09-09T16:00:39.870135
2676641729803359488,https://www.hemnet.se/salda/lagenhet-1rum-centrum-lunds-kommun-karl-xii-gatan-12-2676641729803359488,45-46m²,bostadsratt,2026-09-09T16:00:39.870136
3832326133874733177,"https://www.hemnet.se/salda/lagenhet-1,5rum-jakobsberg-jarfalla-kommun-hastskovagen-82-3832326133874733177",45-46m²,bostadsratt,2026-09-09T16:00:39.870138
7190287265434831409,https://www.hemnet.se/salda/lagenhet-2rum-dalaberg-uddevalla-kommun-carl-rosens-grand-8-7190287265434831409,45-46m²,bostadsratt,2026-09-09T16:00:39.870139
154581600723790216,https://www.hemnet.se/salda/lagenhet-1rum-centrala-boden-bodens-kommun-kyrkgatan-16-154581600723790216,45-46m²,bostadsratt,2026-09-09T16:00:39.870140
4697318041113655189,"https://www.hemnet.se/salda/lagenhet-2rum-nacka-kvarnholmen-nacka-kommun-mjolnarvagen-6a,-6-tr-4697318041113655189",45-46m²,bostadsratt,2026-09-09T16:00:39.870141
7030954432848810167,https://www.hemnet.se/salda/lagenhet-2rum-arsta-stockholms-kommun-siljansvagen-41a-7030954432848810167,45-46m²,bostadsratt,2026-09-09T16:00:39.870143
195378553901364987,https://www.hemnet.se/salda/lagenhet-2rum-lund-lunds-kommun-domherrevagen-6b-195378553901364987,45-46m²,bostadsratt,2026-09-09T16:00:39.870145
5795617519528037475,https://www.hemnet.se/salda/lagenhet-1rum-limhamn-malmo-kommun-kronolotsgatan-4-5795617519528037475,45-46m²,bostadsratt,2026-09-09T16:00:39.870146
8831232439393701502,https://www.hemnet.se/salda/lagenhet-2rum-blasut-stockholms-kommun-garagevagen-32-8831232439393701502,45-46m²,bostadsratt,2026-09-09T16:00:39.870147
1832407460368304794,https://www.hemnet.se/salda/lagenhet-2rum-torpa-jonkopings-kommun-grona-gatan-13a-1832407460368304794,45-46m²,bostadsratt,2026-09-09T16:00:39.870148
9067009261697064905,https://www.hemnet.se/salda/lagenhet-2rum-viggbyholm-taby-kommun-jarnvagsallen-1a-9067009261697064905,45-46m²,bostadsratt,2026-09-09T16:00:39.870149
631092944526368209,https://www.hemnet.se/salda/lagenhet-2rum-akeslund-stockholms-kommun-spannvagen-46-631092944526368209,45-46m²,bostadsratt,2026-09-09T16:00:39.870151
9198219284065068451,https://www.hemnet.se/salda/lagenhet-2rum-grindtorp-taby-kommun-kometvagen-19-9198219284065068451,45-46m²,bostadsratt,2026-09-09T16:00:39.870152
2835063776897327319,"https://www.hemnet.se/salda/lagenhet-2rum-liljeholmskajen-stockholms-kommun-sjoviksbacken-16,-1-tr-2835063776897327319",45-46m²,bostadsratt,2026-09-09T16:00:39.870153
4658669546339570985,https://www.hemnet.se/salda/lagenhet-2rum-sodermalm-sofia-stockholms-kommun-bondegatan-13-4658669546339570985,45-46m²,bostadsratt,2026-09-09T16:00:39.870154
8486590256476864666,https://www.hemnet.se/salda/lagenhet-2rum-valla-centralt-linkopings-kommun-sisalgrand-4-8486590256476864666,45-46m²,bostadsratt,2026-09-09T16:00:39.870156
6288358041012443557,https://www.hemnet.se/salda/lagenhet-2rum-liljeholmskajen-stockholms-kommun-sturehillsvagen-7-6288358041012443557,45-46m²,bostadsratt,2026-09-09T16:00:39.870157
1702199642149807581,https://www.hemnet.se/salda/lagenhet-2rum-jakobsberg-jarfalla-kommun-hammarvagen-53-1702199642149807581,45-46m²,bostadsratt,2026-09-09T16:00:39.870158
2551330842310262365,https://www.hemnet.se/salda/lagenhet-2rum-grondal-stockholms-kommun-fregattvagen-89-2551330842310262365,45-46m²,bostadsratt,2026-09-09T16:00:39.870160
550971067883292349,https://www.hemnet.se/salda/lagenhet-2rum-liljeholmskajen-stockholms-kommun-ekfatsgatan-3-550971067883292349,45-46m²,bostadsratt,2026-09-09T16:00:39.870161
4151234098052573245,https://www.hemnet.se/salda/lagenhet-2rum-prastgardsmarken-upplands-vasby-kommun-merkurigrand-24-4151234098052573245,45-46m²,bostadsratt,2026-09-09T16:00:39.870162
1172641573496211279,https://www.hemnet.se/salda/lagenhet-2rum-hammarbyhojden-stockholms-kommun-kalmgatan-19-1172641573496211279,45-46m²,bostadsratt,2026-09-09T16:00:39.870163
8978554185462715771,https://www.hemnet.se/salda/lagenhet-2rum-eriksberg-uppsala-kommun-faltspatsvagen-2-8978554185462715771,45-46m²,bostadsratt,2026-09-09T16:00:39.870164
2140013237728836084,https://www.hemnet.se/salda/lagenhet-2rum-uddevalla-uddevalla-kommun-ridhusgatan-7-2140013237728836084,45-46m²,bostadsratt,2026-09-09T16:00:39.870166
3190499109289451581,https://www.hemnet.se/salda/lagenhet-2rum-ulleraker-uppsala-kommun-gustaf-kjellbergs-vag-11-3190499109289451581,45-46m²,bostadsratt,2026-09-09T16:00:39.870169
2737581048706808997,https://www.hemnet.se/salda/lagenhet-2rum-norrmalm-skovde-kommun-tranggatan-5-c-2737581048706808997,45-46m²,bostadsratt,2026-09-09T16:00:39.870171
6543231987677548103,https://www.hemnet.se/salda/lagenhet-2rum-bromma-annedal-mariehall-stockholms-kommun-kamomillagatan-31-6543231987677548103,45-46m²,bostadsratt,2026-09-09T16:00:39.870172
5527454351514984566,https://www.hemnet.se/salda/lagenhet-2rum-haggvik-sollentuna-kommun-klasrovagen-28-5527454351514984566,45-46m²,bostadsratt,2026-09-09T16:00:39.870173
141159820672083184,https://www.hemnet.se/salda/lagenhet-2rum-gamla-masthugget-goteborgs-kommun-hjorthagsgatan-3d-141159820672083184,45-46m²,bostadsratt,2026-09-09T16:00:39.870174
1694451737161746136,https://www.hemnet.se/salda/lagenhet-2rum-saltsjoqvarn-nacka-kommun-mannagrynstorget-1-1694451737161746136,45-46m²,bostadsratt,2026-09-09T16:00:39.870176
1411731103276045635,https://www.hemnet.se/salda/lagenhet-2rum-varvsstaden-malmo-kommun-angfarjekajen-22-1411731103276045635,45-46m²,bostadsratt,2026-09-09T16:00:39.870177
7160385548787392455,https://www.hemnet.se/salda/lagenhet-2rum-hammarbyhojden-stockholms-kommun-johan-printz-vag-34-7160385548787392455,45-46m²,bostadsratt,2026-09-09T16:00:39.870178
1785331316163029887,https://www.hemnet.se/salda/lagenhet-1rum-lund-centrum-lunds-kommun-tullgatan-10-1785331316163029887,45-46m²,bostadsratt,2026-09-09T16:00:39.870180
2493381253508825319,https://www.hemnet.se/salda/lagenhet-2rum-nacka-jarla-sjo-nacka-kommun-turbinvagen-5b-2493381253508825319,45-46m²,bostadsratt,2026-09-09T16:00:39.870181
8725069361593551304,https://www.hemnet.se/salda/lagenhet-2rum-maria-stockholms-kommun-samaritgrand-6-8725069361593551304,45-46m²,bostadsratt,2026-09-09T16:00:39.870182
1972126135971651003,https://www.hemnet.se/salda/lagenhet-1rum-oxhagen-kalmar-kommun-oxhagsvagen-4c-1972126135971651003,45-46m²,bostadsratt,2026-09-09T16:00:39.870183
6256905866027026915,https://www.hemnet.se/salda/lagenhet-2rum-grondal-stockholms-kommun-grondalsvagen-111-6256905866027026915,45-46m²,bostadsratt,2026-09-09T16:00:39.870185
934236165326830291,"https://www.hemnet.se/salda/lagenhet-1,5rum-timra-timra-kommun-mellangatan-14-934236165326830291",45-46m²,bostadsratt,2026-09-09T16:00:39.870186
4442460245640231695,https://www.hemnet.se/salda/lagenhet-2rum-inverness-danderyds-kommun-klostervagen-7a-4442460245640231695,45-46m²,bostadsratt,2026-09-09T16:00:39.870187
673663463411597992,"https://www.hemnet.se/salda/lagenhet-2rum-akalla-stockholms-kommun-sibeliusgangen-46,-3-tr-673663463411597992",45-46m²,bostadsratt,2026-09-09T16:00:39.870188
6548646271081519077,https://www.hemnet.se/salda/lagenhet-2rum-alphyddan-nacka-kommun-alphyddevagen-41-6548646271081519077,45-46m²,bostadsratt,2026-09-09T16:00:39.870190
4083872808942476363,"https://www.hemnet.se/salda/lagenhet-1,5rum-tynnered-goteborgs-kommun-guldringen-24-4083872808942476363",45-46m²,bostadsratt,2026-09-09T16:00:39.870191
1898205586021757903,https://www.hemnet.se/salda/lagenhet-1rum-norrmalm-skovde-kommun-kapplundavagen-2a-1898205586021757903,45-46m²,bostadsratt,2026-09-09T16:00:39.870192
8471860904479566815,https://www.hemnet.se/salda/lagenhet-2rum-centrala-vasby-upplands-vasby-kommun-vallvagen-2a-8471860904479566815,45-46m²,bostadsratt,2026-09-09T16:00:39.870193
4264746637226375266,https://www.hemnet.se/salda/lagenhet-2rum-vasastan-stockholms-kommun-dalagatan-40a-4264746637226375266,45-46m²,bostadsratt,2026-09-09T16:00:39.870195
4301134103862321270,https://www.hemnet.se/salda/lagenhet-1rum-mjolkudden-lulea-kommun-mjolkuddsvagen-193-lgh-1001-4301134103862321270,45-46m²,bostadsratt,2026-09-09T16:00:39.870196
4895725731414369835,https://www.hemnet.se/salda/lagenhet-1rum-luthagen-uppsala-kommun-tiundagatan-47-4895725731414369835,45-46m²,bostadsratt,2026-09-09T16:00:39.870197
5878101984210953584,https://www.hemnet.se/salda/lagenhet-2rum-kalltorp-goteborgs-kommun-rastensgatan-35c-5878101984210953584,45-46m²,bostadsratt,2026-09-09T16:00:39.870199
6752641937502286246,https://www.hemnet.se/salda/lagenhet-2rum-molndal-pedagogen-park-molndals-kommun-pedagoggatan-16-6752641937502286246,45-46m²,bostadsratt,2026-09-09T16:00:39.870200
6792778047230432742,https://www.hemnet.se/salda/lagenhet-2rum-alphyddan-nacka-kommun-alphyddevagen-53-6792778047230432742,45-46m²,bostadsratt,2026-09-09T16:00:39.870203
3546594677591563834,https://www.hemnet.se/salda/lagenhet-2rum-centrum-enkopings-kommun-kryddgardsgatan-23-3546594677591563834,45-46m²,bostadsratt,2026-09-09T16:00:39.870204
6672619938689905264,https://www.hemnet.se/salda/lagenhet-2rum-gustavsberg-varmdo-kommun-ursula-printz-gata-3-6672619938689905264,45-46m²,bostadsratt,2026-09-09T16:00:39.870206
6224161378820272352,https://www.hemnet.se/salda/lagenhet-2rum-rasunda-solna-kommun-uppfartsvagen-11-6224161378820272352,45-46m²,bostadsratt,2026-09-09T16:00:39.870207
1753317891547212120,"https://www.hemnet.se/salda/lagenhet-2,5rum-kungsholmen-stockholms-kommun-alstromergatan-32s-van-3-4-1753317891547212120",45-46m²,bostadsratt,2026-09-09T16:00:39.870208
3100433311072166967,https://www.hemnet.se/salda/lagenhet-2rum-hammarbyhojden-stockholms-kommun-per-lindestroms-vag-110-3100433311072166967,45-46m²,bostadsratt,2026-09-09T16:00:39.870210
6435935371992285467,https://www.hemnet.se/salda/lagenhet-2rum-hammarbyhojden-stockholms-kommun-tidaholmsvagen-28-6435935371992285467,45-46m²,bostadsratt,2026-09-09T16:00:39.870211
4482146362182927135,https://www.hemnet.se/salda/lagenhet-2rum-bagaregarden-goteborgs-kommun-gustavsplatsen-1l-4482146362182927135,45-46m²,bostadsratt,2026-09-09T16:00:39.870212
1623537151564890825,https://www.hemnet.se/salda/lagenhet-2rum-lomma-tatort-lomma-kommun-slattangsgatan-27c-1623537151564890825,45-46m²,bostadsratt,2026-09-09T16:00:39.870213
1918259352989572806,https://www.hemnet.se/salda/lagenhet-1rum-akersberga-centralt-osterakers-kommun-skolvagen-12a-1918259352989572806,45-46m²,bostadsratt,2026-09-09T16:00:39.870215
593154431218575540,https://www.hemnet.se/salda/lagenhet-2rum-sodermalm-stockholms-kommun-ploggatan-20-593154431218575540,45-46m²,bostadsratt,2026-09-09T16:00:39.870216
488899185458069760,https://www.hemnet.se/salda/lagenhet-2rum-strangnas-strangnas-kommun-gullringsgatan-2a-488899185458069760,45-46m²,bostadsratt,2026-09-09T16:00:39.870217
5865626107884018881,https://www.hemnet.se/salda/lagenhet-2rum-liljeholmskajen-liljeholmen-stockholms-kommun-marieviksgatan-41-5865626107884018881,45-46m²,bostadsratt,2026-09-09T16:00:39.870219
8420019417639338028,"https://www.hemnet.se/salda/lagenhet-1,5rum-brynas-gavle-kommun-styrmansgatan-8-8420019417639338028",45-46m²,bostadsratt,2026-09-09T16:00:39.870220
8342318269792436657,https://www.hemnet.se/salda/lagenhet-2rum-tumba-botkyrka-kommun-myntvagen-4-8342318269792436657,45-46m²,bostadsratt,2026-09-09T16:00:39.870221
7448495295074002307,https://www.hemnet.se/salda/lagenhet-2rum-vaster-lunds-kommun-lokforaregatan-9c-7448495295074002307,45-46m²,bostadsratt,2026-09-09T16:00:39.870222
8038698181578868801,https://www.hemnet.se/salda/lagenhet-2rum-mariaberget-stockholms-kommun-tavastgatan-27-8038698181578868801,45-46m²,bostadsratt,2026-09-09T16:00:39.870224
4200693332144880561,https://www.hemnet.se/salda/lagenhet-1rum-vidablick-norrkopings-kommun-rosgangen-6-4200693332144880561,45-46m²,bostadsratt,2026-09-09T16:00:39.870225
4730652925854265830,"https://www.hemnet.se/salda/lagenhet-2rum-vasastan-sankt-eriksplan-stockholms-kommun-sankt-eriksgatan-66,-5tr-4730652925854265830",45-46m²,bostadsratt,2026-09-09T16:00:39.870226
215714637761395905,https://www.hemnet.se/salda/lagenhet-2rum-kungsholmen-stockholms-kommun-fredhallsgatan-5-215714637761395905,45-46m²,bostadsratt,2026-09-09T16:00:39.870228
4152095374206979781,https://www.hemnet.se/salda/lagenhet-2rum-johanneberg-goteborgs-kommun-lindstromsgatan-3c-4152095374206979781,45-46m²,bostadsratt,2026-09-09T16:00:39.870229
3466578402460909091,https://www.hemnet.se/salda/lagenhet-2rum-liljeholmen-stockholms-kommun-katrinebergsbacken-16-3466578402460909091,45-46m²,bostadsratt,2026-09-09T16:00:39.870230
5984719585336059163,https://www.hemnet.se/salda/lagenhet-2rum-sodermalm-stockholms-kommun-brannkyrkagatan-81-5984719585336059163,45-46m²,bostadsratt,2026-09-09T16:00:39.870231
3367271236648361164,https://www.hemnet.se/salda/lagenhet-3rum-branas-torsby-kommun-lassiebyn-14-3367271236648361164,45-46m²,bostadsratt,2026-09-09T16:00:39.870233
3198717679838313264,https://www.hemnet.se/salda/lagenhet-2rum-grondal-stockholms-kommun-sannadalsvagen-4-3198717679838313264,45-46m²,bostadsratt,2026-09-09T16:00:39.870234
4829847628190230853,https://www.hemnet.se/salda/lagenhet-2rum-ost-pa-stan-umea-kommun-storgatan-89-4829847628190230853,45-46m²,bostadsratt,2026-09-09T16:00:39.870235
2438160613433989336,"https://www.hemnet.se/salda/lagenhet-1,5rum-sandarna-goteborgs-kommun-orustgatan-13d-2438160613433989336",45-46m²,bostadsratt,2026-09-09T16:00:39.870238
1503515362096858283,https://www.hemnet.se/salda/lagenhet-2rum-nedre-gardet-ostermalm-stockholms-kommun-skeppargatan-98-1503515362096858283,45-46m²,bostadsratt,2026-09-09T16:00:39.870240
2862105262083419253,https://www.hemnet.se/salda/lagenhet-2rum-blasut-stockholms-kommun-hallovagen-16-2862105262083419253,45-46m²,bostadsratt,2026-09-09T16:00:39.870241
3952421729805069095,https://www.hemnet.se/salda/lagenhet-2rum-hammarby-sjostad-stockholms-kommun-redargatan-3-3952421729805069095,45-46m²,bostadsratt,2026-09-09T16:00:39.870243
7151136113198043513,https://www.hemnet.se/salda/lagenhet-2rum-taby-roslags-nasby-taby-kommun-stationsvagen-54-7151136113198043513,45-46m²,bostadsratt,2026-09-09T16:00:39.870244
3322557914243604243,https://www.hemnet.se/salda/lagenhet-2rum-gustavsberg-osby-sjopark-varmdo-kommun-grenvagen-4-3322557914243604243,45-46m²,bostadsratt,2026-09-09T16:00:39.870245
440071366243588258,https://www.hemnet.se/salda/lagenhet-2rum-hammarbyhojden-stockholms-kommun-johan-printz-vag-34-440071366243588258,45-46m²,bostadsratt,2026-09-09T16:00:39.870246
5804929907390293863,https://www.hemnet.se/salda/lagenhet-2rum-hammarbyhojden-gullmarsplan-stockholms-kommun-forsskalsgatan-12-5804929907390293863,45-46m²,bostadsratt,2026-09-09T16:00:39.870248
2526604151956564423,"https://www.hemnet.se/salda/lagenhet-2rum-sodermalm-stockholms-kommun-maria-skolgata-87,-3tr-2526604151956564423",45-46m²,bostadsratt,2026-09-09T16:00:39.870249
5549390631892911334,https://www.hemnet.se/salda/lagenhet-2rum-sodertorp-malmo-kommun-konsultgatan-30-5549390631892911334,45-46m²,bostadsratt,2026-09-09T16:00:39.870250
2059868281982088796,https://www.hemnet.se/salda/lagenhet-2rum-hammarbyhojden-stockholms-kommun-lodosevagen-6-2059868281982088796,45-46m²,bostadsratt,2026-09-09T16:00:39.870251
7304059545301996909,https://www.hemnet.se/salda/lagenhet-2rum-ulriksdal-solna-kommun-kolonnvagen-56-7304059545301996909,45-46m²,bostadsratt,2026-09-09T16:00:39.870253
8658022145272744362,"https://www.hemnet.se/salda/lagenhet-2rum-vasastan-norrmalm-stockholms-kommun-vanadisvagen-5,-tr-8658022145272744362",45-46m²,bostadsratt,2026-09-09T16:00:39.870254
6851154139141869555,https://www.hemnet.se/salda/lagenhet-1rum-hallsberg-hallsbergs-kommun-esplanaden-9c-6851154139141869555,45-46m²,bostadsratt,2026-09-09T16:00:39.870255
6342117433774536350,https://www.hemnet.se/salda/lagenhet-2rum-kungsholmen-stockholms-kommun-fleminggatan-60c-6342117433774536350,45-46m²,bostadsratt,2026-09-09T16:00:39.870256
1763365571833216189,https://www.hemnet.se/salda/lagenhet-2rum-morbylund-danderyds-kommun-morbylund-11c-1763365571833216189,45-46m²,bostadsratt,2026-09-09T16:00:39.870258
5809963952759610486,https://www.hemnet.se/salda/lagenhet-2rum-lunden-goteborgs-kommun-rantmastaregatan-25b-5809963952759610486,45-46m²,bostadsratt,2026-09-09T16:00:39.870259
3369559217539337564,https://www.hemnet.se/salda/lagenhet-2rum-lilla-essingen-stockholms-kommun-primusgatan-53-3369559217539337564,45-46m²,bostadsratt,2026-09-09T16:00:39.870260
2934419940638121135,https://www.hemnet.se/salda/lagenhet-1rum-froson-ostersunds-kommun-snorres-vag-153-2934419940638121135,45-46m²,bostadsratt,2026-09-09T16:00:39.870261
630517389533716703,"https://www.hemnet.se/salda/lagenhet-1,5rum-ingenting-vastra-skogen-solna-kommun-arvid-tydens-alle-20-630517389533716703",45-46m²,bostadsratt,2026-09-09T16:00:39.870263
3482701442735648398,https://www.hemnet.se/salda/lagenhet-2rum-landskrona-centrum-landskrona-kommun-hantverkargatan-40a-3482701442735648398,45-46m²,bostadsratt,2026-09-09T16:00:39.870264
17611598591273636,https://www.hemnet.se/salda/lagenhet-2rum-segevang-malmo-kommun-segevangsgatan-19a-17611598591273636,45-46m²,bostadsratt,2026-09-09T16:00:39.870265
650934610307150942,https://www.hemnet.se/salda/lagenhet-1rum-segeltorp-huddinge-kommun-orrvagen-2j-650934610307150942,45-46m²,bostadsratt,2026-09-09T16:00:39.870267
397114987128872821,"https://www.hemnet.se/salda/lagenhet-2rum-telefonplan-stockholms-kommun-ture-wennerholms-torg-1,-4-tr-397114987128872821",45-46m²,bostadsratt,2026-09-09T16:00:39.870268
357591570783571653,https://www.hemnet.se/salda/lagenhet-2rum-liljeholmskajen-arstaberg-stockholms-kommun-sturehillsvagen-9-357591570783571653,45-46m²,bostadsratt,2026-09-09T16:00:39.870269
1447962067989162794,https://www.hemnet.se/salda/lagenhet-2rum-kungsholmen-stockholms-kommun-alstromergatan-32l-1447962067989162794,45-46m²,bostadsratt,2026-09-09T16:00:39.870272
2770793450883391346,https://www.hemnet.se/salda/lagenhet-2rum-centralt-gavle-kommun-ruddammsgatan-38-2770793450883391346,45-46m²,bostadsratt,2026-09-09T16:00:39.870274
3465491745251919230,https://www.hemnet.se/salda/lagenhet-2rum-kapellgardet-uppsala-kommun-orgelgatan-9-3465491745251919230,45-46m²,bostadsratt,2026-09-09T16:00:39.870275
8979238875112354591,https://www.hemnet.se/salda/lagenhet-2rum-kungsholmen-stockholms-kommun-alstromergatan-32r-8979238875112354591,45-46m²,bostadsratt,2026-09-09T16:00:39.870276
5449324185411772541,https://www.hemnet.se/salda/lagenhet-2rum-lund-centrum-lunds-kommun-sodra-esplanaden-13c-5449324185411772541,45-46m²,bostadsratt,2026-09-09T16:00:39.870278
8996595237282621821,https://www.hemnet.se/salda/lagenhet-2rum-sodermalm-katarina-stockholms-kommun-moregatan-10-8996595237282621821,45-46m²,bostadsratt,2026-09-09T16:00:39.870279
3706542773323207669,https://www.hemnet.se/salda/lagenhet-2rum-kallhall-jarfalla-kommun-pressarvagen-27-3706542773323207669,45-46m²,bostadsratt,2026-09-09T16:00:39.870280
1047408352897162900,https://www.hemnet.se/salda/lagenhet-1rum-centrum-umea-kommun-jarnvagsallen-14b-1047408352897162900,45-46m²,bostadsratt,2026-09-09T16:00:39.870281
8825188794434863191,"https://www.hemnet.se/salda/lagenhet-2rum-telefonplan-stockholms-kommun-lm-ericssons-vag-10h,-3-tr-8825188794434863191",45-46m²,bostadsratt,2026-09-09T16:00:39.870282
2246260767240975130,"https://www.hemnet.se/salda/lagenhet-2rum-grondal-stockholms-kommun-grondalsvagen-115,-4tr-2246260767240975130",45-46m²,bostadsratt,2026-09-09T16:00:39.870284
7911186428762847771,"https://www.hemnet.se/salda/lagenhet-2rum-hasselby-norra-villastad-stockholms-kommun-snodroppsgrand-28,-4-1001-1001-7911186428762847771",45-46m²,bostadsratt,2026-09-09T16:00:39.870285
7198727423076482206,https://www.hemnet.se/salda/lagenhet-2rum-huddinge-centrum-huddinge-kommun-sjodalsvagen-17-7198727423076482206,45-46m²,bostadsratt,2026-09-09T16:00:39.870287
8227783942295776609,https://www.hemnet.se/salda/lagenhet-2rum-vast-pa-stan-umea-kommun-skolgatan-32-8227783942295776609,45-46m²,bostadsratt,2026-09-09T16:00:39.870288
1922196647380758881,https://www.hemnet.se/salda/lagenhet-1rum-bromma-traneberg-stockholms-kommun-sulitelmavagen-16-1922196647380758881,45-46m²,bostadsratt,2026-09-09T16:00:39.870289
4768785904573688800,"https://www.hemnet.se/salda/lagenhet-2rum-sodermalm-stockholms-kommun-bergsunds-strand-34,-4tr-4768785904573688800",45-46m²,bostadsratt,2026-09-09T16:00:39.870291
6134878790195386733,"https://www.hemnet.se/salda/lagenhet-1,5rum-sundbybergs-strand-centrala-sundbyberg-sundbybergs-kommun-hamngatan-11b-6134878790195386733",45-46m²,bostadsratt,2026-09-09T16:00:39.870292
1966845304161045818,https://www.hemnet.se/salda/lagenhet-2rum-rosendal-uppsala-kommun-prefektgatan-1-1966845304161045818,45-46m²,bostadsratt,2026-09-09T16:00:39.870293
5150872510753472651,"https://www.hemnet.se/salda/lagenhet-1,5rum-granlo-sundsvalls-kommun-vikingavagen-67c-5150872510753472651",45-46m²,bostadsratt,2026-09-09T16:00:39.870294
2697981356925730559,https://www.hemnet.se/salda/lagenhet-2rum-liljeholmskajen-stockholms-kommun-sturehillsvagen-15-2697981356925730559,45-46m²,bostadsratt,2026-09-09T16:00:39.870296
1346174317903457077,"https://www.hemnet.se/salda/lagenhet-1,5rum-nordantill-norrkopings-kommun-himmelstalundsvagen-52-1346174317903457077",45-46m²,bostadsratt,2026-09-09T16:00:39.870297
3466246587530715141,https://www.hemnet.se/salda/lagenhet-2rum-kista-stockholms-kommun-helsingorsgatan-5-3466246587530715141,45-46m²,bostadsratt,2026-09-09T16:00:39.870298
390699216304646548,https://www.hemnet.se/salda/lagenhet-2rum-rasunda-vasalund-solna-kommun-rasundavagen-75-390699216304646548,45-46m²,bostadsratt,2026-09-09T16:00:39.870299
7376901235860136750,https://www.hemnet.se/salda/lagenhet-1rum-centrum-vasteras-kommun-karlsgatan-11f-7376901235860136750,45-46m²,bostadsratt,2026-09-09T16:00:39.870301
2453677526766540660,"https://www.hemnet.se/salda/lagenhet-2rum-kungsholmen-stora-essingen-stockholms-kommun-badstrandsvagen-20,-van-2-2453677526766540660",45-46m²,bostadsratt,2026-09-09T16:00:39.870302
6477095742794780787,https://www.hemnet.se/salda/lagenhet-2rum-norra-sorgenfri-malmo-kommun-nobelvagen-68a-6477095742794780787,45-46m²,bostadsratt,2026-09-09T16:00:39.870303
1014136209487974905,https://www.hemnet.se/salda/lagenhet-2rum-vasastaden-stockholms-kommun-sveavagen-109-1014136209487974905,45-46m²,bostadsratt,2026-09-09T16:00:39.870305
6518290910049330444,https://www.hemnet.se/salda/lagenhet-2rum-enskede-stureby-stockholms-kommun-sagverksgatan-102-6518290910049330444,45-46m²,bostadsratt,2026-09-09T16:00:39.870308
4363066444611407085,https://www.hemnet.se/salda/lagenhet-1rum-brynas-gavle-kommun-hillmansgatan-15e-4363066444611407085,45-46m²,bostadsratt,2026-09-09T16:00:39.870309
3607201710771643264,https://www.hemnet.se/salda/lagenhet-2rum-kungsholmen-fredhall-stockholms-kommun-runiusgatan-7-3607201710771643264,45-46m²,bostadsratt,2026-09-09T16:00:39.870311
363283137665552612,https://www.hemnet.se/salda/lagenhet-2rum-arsta-stockholms-kommun-skontorpsvagen-116-363283137665552612,45-46m²,bostadsratt,2026-09-09T16:00:39.870312
890271446272809477,"https://www.hemnet.se/salda/lagenhet-1,5rum-soder-norrkopings-kommun-horngatan-16b-890271446272809477",45-46m²,bostadsratt,2026-09-09T16:00:39.870313
7479824234404447924,https://www.hemnet.se/salda/lagenhet-2rum-attekulla-helsingborgs-kommun-barnstensgatan-51a-7479824234404447924,45-46m²,bostadsratt,2026-09-09T16:00:39.870315
8220040881069785677,https://www.hemnet.se/salda/lagenhet-2rum-teg-umea-kommun-verkstadsgatan-7e-8220040881069785677,45-46m²,bostadsratt,2026-09-09T16:00:39.870316
6326368350102331841,https://www.hemnet.se/salda/lagenhet-2rum-kapellgardet-uppsala-kommun-orgelgatan-7-6326368350102331841,45-46m²,bostadsratt,2026-09-09T16:00:39.870317
1957324516549804636,https://www.hemnet.se/salda/lagenhet-2rum-centrum-lulea-kommun-kopmangatan-28-1957324516549804636,45-46m²,bostadsratt,2026-09-09T16:00:39.870318
8889410318288219882,https://www.hemnet.se/salda/lagenhet-2rum-skalby-jarfalla-kommun-idunslingan-3-8889410318288219882,45-46m²,bostadsratt,2026-09-09T16:00:39.870320
4155416583660805408,https://www.hemnet.se/salda/lagenhet-2rum-ulvsunda-stockholms-kommun-bjorkbacksvagen-30-4155416583660805408,45-46m²,bostadsratt,2026-09-09T16:00:39.870321
8052006577035272625,https://www.hemnet.se/salda/lagenhet-2rum-bohuslan-kungalvs-kommun-frakne-grand-7-8052006577035272625,45-46m²,bostadsratt,2026-09-09T16:00:39.870322
1086361623674758706,https://www.hemnet.se/salda/lagenhet-2rum-torpa-jonkopings-kommun-bellmansgatan-4-1086361623674758706,45-46m²,bostadsratt,2026-09-09T16:00:39.870323
8645027913963412700,https://www.hemnet.se/salda/lagenhet-2rum-sundbyberg-centrum-sundbybergs-kommun-vintergatan-2b-8645027913963412700,45-46m²,bostadsratt,2026-09-09T16:00:39.870325
6857232466655653259,https://www.hemnet.se/salda/lagenhet-2rum-luthagen-uppsala-kommun-hildur-ottelinsgatan-1c-6857232466655653259,45-46m²,bostadsratt,2026-09-09T16:00:39.870326
8376043882462468187,https://www.hemnet.se/salda/lagenhet-2rum-linnestaden-kalmar-kommun-perstorpsvagen-16-8376043882462468187,45-46m²,bostadsratt,2026-09-09T16:00:39.870327
3502825159873607799,https://www.hemnet.se/salda/lagenhet-2rum-varnhem-malmo-kommun-vargatan-17-3502825159873607799,45-46m²,bostadsratt,2026-09-09T16:00:39.870328
7374847815619458939,https://www.hemnet.se/salda/lagenhet-2rum-ringstorp-helsingborgs-kommun-hammarbergsgatan-4-7374847815619458939,45-46m²,bostadsratt,2026-09-09T16:00:39.870330
7448495866305437716,"https://www.hemnet.se/salda/lagenhet-2rum-hammarbyhojden,-johanneshov-stockholms-kommun-thunbergsgatan-10-7448495866305437716",45-46m²,bostadsratt,2026-09-09T16:00:39.870331
6398575780913528185,https://www.hemnet.se/salda/lagenhet-2rum-tannefors-linkopings-kommun-slattergatan-8b-6398575780913528185,45-46m²,bostadsratt,2026-09-09T16:00:39.870332
375333465773458312,https://www.hemnet.se/salda/lagenhet-1rum-jungfrudansen-solna-kommun-jungfrudansen-24-375333465773458312,45-46m²,bostadsratt,2026-09-09T16:00:39.870333
1606652553710592991,https://www.hemnet.se/salda/lagenhet-2rum-nobelberget-nacka-kommun-sicklastraket-23-1606652553710592991,45-46m²,bostadsratt,2026-09-09T16:00:39.870335
5783060788574059385,https://www.hemnet.se/salda/lagenhet-2rum-hammarbyhojden-stockholms-kommun-petrejusvagen-4-5783060788574059385,45-46m²,bostadsratt,2026-09-09T16:00:39.870336
7996820461262694671,"https://www.hemnet.se/salda/lagenhet-1,5rum-orby-stockholms-kommun-gamla-huddingevagen-436,-2-tr-7996820461262694671",45-46m²,bostadsratt,2026-09-09T16:00:39.870337
2455514195886081572,https://www.hemnet.se/salda/lagenhet-3rum-hagersten-aspudden-stockholms-kommun-fastlagsvagen-15-2455514195886081572,45-46m²,bostadsratt,2026-09-09T16:00:39.870338
1023158776915477888,https://www.hemnet.se/salda/lagenhet-2rum-ostermalm-stockholms-kommun-sibyllegatan-33-1023158776915477888,45-46m²,bostadsratt,2026-09-09T16:00:39.870341
3096720175691754386,https://www.hemnet.se/salda/lagenhet-2rum-rasunda-solna-kommun-nackrosvagen-17-3096720175691754386,45-46m²,bostadsratt,2026-09-09T16:00:39.870343
7012554996776752235,https://www.hemnet.se/salda/lagenhet-2rum-johannesfred-stockholms-kommun-stangjarnsvagen-6-7012554996776752235,45-46m²,bostadsratt,2026-09-09T16:00:39.870344
1386249721534283806,https://www.hemnet.se/salda/lagenhet-2rum-hagerstensasen-stockholms-kommun-sparbanksvagen-44-1386249721534283806,45-46m²,bostadsratt,2026-09-09T16:00:39.870345
6689200776624349200,"https://www.hemnet.se/salda/lagenhet-1,5rum-norsborg-botkyrka-kommun-skarpbrunnavagen-13-6689200776624349200",45-46m²,bostadsratt,2026-09-09T16:00:39.870346
7285932549335210448,https://www.hemnet.se/salda/lagenhet-2rum-fredhall-stockholms-kommun-ernst-ahlgrens-vag-5-7285932549335210448,45-46m²,bostadsratt,2026-09-09T16:00:39.870348
9214169432865601968,https://www.hemnet.se/salda/lagenhet-2rum-ostermalm-stockholms-kommun-gyllenstiernsgatan-3-9214169432865601968,45-46m²,bostadsratt,2026-09-09T16:00:39.870349
420704974785778014,https://www.hemnet.se/salda/lagenhet-2rum-oster-jonkopings-kommun-slottsgatan-44b-420704974785778014,45-46m²,bostadsratt,2026-09-09T16:00:39.870350
8562507260795813647,https://www.hemnet.se/salda/lagenhet-2rum-jakobsberg-jarfalla-kommun-hattkvarnsgatan-7-8562507260795813647,45-46m²,bostadsratt,2026-09-09T16:00:39.870351
8249084025726965527,https://www.hemnet.se/salda/lagenhet-2rum-haninge-haninge-kommun-tvillingarnas-gata-330-8249084025726965527,45-46m²,bostadsratt,2026-09-09T16:00:39.870353
6064262991677955501,"https://www.hemnet.se/salda/lagenhet-1,5rum-gamlestaden-goteborgs-kommun-gamlestadstorget-32-6064262991677955501",45-46m²,bostadsratt,2026-09-09T16:00:39.870354
4234589461082926813,"https://www.hemnet.se/salda/lagenhet-2rum-vasastan-sibirien-stockholms-kommun-frejgatan-45,-4,5-5-tr-4234589461082926813",45-46m²,bostadsratt,2026-09-09T16:00:39.870355
7083946780027226765,"https://www.hemnet.se/salda/lagenhet-2rum-hogdalen-stockholms-kommun-rangstagatan-18,-vaning-12-av-15-7083946780027226765",45-46m²,bostadsratt,2026-09-09T16:00:39.870357
2692155363261788849,"https://www.hemnet.se/salda/lagenhet-3rum-stromstad-stromstads-kommun-hus-38,-vecka-22-bonusvecka-2692155363261788849",45-46m²,bostadsratt,2026-09-09T16:00:39.870358
4544388853391339625,https://www.hemnet.se/salda/lagenhet-2rum-bagarmossen-stockholms-kommun-rusthallarvagen-167-4544388853391339625,45-46m²,bostadsratt,2026-09-09T16:00:39.870385
6414923079234483163,https://www.hemnet.se/salda/lagenhet-2rum-hokmossen-telefonplan-stockholms-kommun-hokmossevagen-18-bv-6414923079234483163,45-46m²,bostadsratt,2026-09-09T16:00:39.870387
8843719317772173575,https://www.hemnet.se/salda/lagenhet-2rum-vasastan-stockholms-kommun-torsgatan-49-8843719317772173575,45-46m²,bostadsratt,2026-09-09T16:00:39.870388
571773708473459746,https://www.hemnet.se/salda/lagenhet-1rum-centrum-enkopings-kommun-eriksgatan-10-571773708473459746,45-46m²,bostadsratt,2026-09-09T16:00:39.870389
2810863518677176872,https://www.hemnet.se/salda/lagenhet-2rum-s-t-knut-malmo-kommun-disponentgatan-27-2810863518677176872,45-46m²,bostadsratt,2026-09-09T16:00:39.870390
4035257398872530662,https://www.hemnet.se/salda/lagenhet-2rum-grondal-stockholms-kommun-bryggvagen-17-4035257398872530662,45-46m²,bostadsratt,2026-09-09T16:00:39.870392
2397483731296307499,https://www.hemnet.se/salda/lagenhet-2rum-storskogen-sundbybergs-kommun-tulegatan-6a-2397483731296307499,45-46m²,bostadsratt,2026-09-09T16:00:39.870393
1374044635888716237,"https://www.hemnet.se/salda/lagenhet-1,5rum-huddinge-huddinge-kommun-stationsvagen-45b-1374044635888716237",45-46m²,bostadsratt,2026-09-09T16:00:39.870394
4634549348002375946,"https://www.hemnet.se/salda/lagenhet-2,5rum-kungholmen-stockholms-kommun-blekholmsterrassen-3-4634549348002375946",45-46m²,bostadsratt,2026-09-09T16:00:39.870396
2386111145767593853,https://www.hemnet.se/salda/lagenhet-2rum-vasastan-stockholms-kommun-norrtullsgatan-61-2386111145767593853,45-46m²,bostadsratt,2026-09-09T16:00:39.870397
9055007235739636230,https://www.hemnet.se/salda/lagenhet-1rum-centrala-vargarda-vargarda-kommun-borasvagen-25-9055007235739636230,45-46m²,bostadsratt,2026-09-09T16:00:39.870398
937151478173944153,https://www.hemnet.se/salda/lagenhet-2rum-johanneberg-goteborgs-kommun-stenhuggaregatan-8-937151478173944153,45-46m²,bostadsratt,2026-09-09T16:00:39.870399
6189944082903790125,https://www.hemnet.se/salda/lagenhet-1rum-salem-salems-kommun-emanuel-birkes-vag-2-6189944082903790125,45-46m²,bostadsratt,2026-09-09T16:00:39.870403
4647526453172421739,https://www.hemnet.se/salda/lagenhet-2rum-centrala-sundbyberg-sundbybergs-kommun-sturegatan-47a-4647526453172421739,45-46m²,bostadsratt,2026-09-09T16:00:39.870405
1906115972085189597,https://www.hemnet.se/salda/lagenhet-1rum-molkom-karlstads-kommun-marknadsgatan-7-a-1906115972085189597,45-46m²,bostadsratt,2026-09-09T16:00:39.870406
7173954852052011664,https://www.hemnet.se/salda/lagenhet-2rum-centralt-osterakers-kommun-kanalvagen-28-7173954852052011664,45-46m²,bostadsratt,2026-09-09T16:00:39.870407
7844575250184547434,"https://www.hemnet.se/salda/lagenhet-1,5rum-centralt-arboga-kommun-osterled-12b-7844575250184547434",45-46m²,bostadsratt,2026-09-09T16:00:39.870409
6522333251214166371,https://www.hemnet.se/salda/lagenhet-2rum-norra-borstahusen-landskrona-kommun-appelblomsgatan-5-6522333251214166371,45-46m²,bostadsratt,2026-09-09T16:00:39.870410
5821707400498415682,https://www.hemnet.se/salda/lagenhet-2rum-rosengarden-helsingborgs-kommun-skaragatan-65-5821707400498415682,45-46m²,bostadsratt,2026-09-09T16:00:39.870411
5110371825396163851,https://www.hemnet.se/salda/lagenhet-2rum-ostermalm-stockholms-kommun-torstenssonsgatan-7a-5110371825396163851,45-46m²,bostadsratt,2026-09-09T16:00:39.870412
8975910666312460691,https://www.hemnet.se/salda/lagenhet-2rum-soder-eskilstuna-kommun-sodra-bangardsgatan-8b-8975910666312460691,45-46m²,bostadsratt,2026-09-09T16:00:39.870414
3917854053691122688,https://www.hemnet.se/salda/lagenhet-2rum-kapellgardet-uppsala-kommun-orgelgatan-9-3917854053691122688,45-46m²,bostadsratt,2026-09-09T16:00:39.870415
629274894748011559,https://www.hemnet.se/salda/lagenhet-2rum-telefonplan-midsommarkransen-stockholms-kommun-responsgatan-18-629274894748011559,45-46m²,bostadsratt,2026-09-09T16:00:39.870416
4130354627334388667,https://www.hemnet.se/salda/lagenhet-1rum-skurholmen-lulea-kommun-burstromsvagen-58-4130354627334388667,45-46m²,bostadsratt,2026-09-09T16:00:39.870417
963576679371461215,https://www.hemnet.se/salda/lagenhet-2rum-telefonplan-stockholms-kommun-backvagen-91-963576679371461215,45-46m²,bostadsratt,2026-09-09T16:00:39.870419
3406540833920731718,https://www.hemnet.se/salda/lagenhet-1rum-rinmansparken-eskilstuna-kommun-kungsgatan-53a-3406540833920731718,45-46m²,bostadsratt,2026-09-09T16:00:39.870420
3419891842007072339,"https://www.hemnet.se/salda/lagenhet-2rum-vallingby-stockholms-kommun-funasgatan-8,-van-3-3419891842007072339",45-46m²,bostadsratt,2026-09-09T16:00:39.870421
2416622818732127177,https://www.hemnet.se/salda/lagenhet-2rum-kista-stockholms-kommun-sorogatan-117-2416622818732127177,45-46m²,bostadsratt,2026-09-09T16:00:39.870422
1651749210693354129,https://www.hemnet.se/salda/lagenhet-2rum-kolla-kungsbacka-kommun-gnejsvagen-30-1651749210693354129,45-46m²,bostadsratt,2026-09-09T16:00:39.870424
3674815191286386586,https://www.hemnet.se/salda/lagenhet-2rum-sodermalm-stockholms-kommun-bjurholmsplan-23-3674815191286386586,45-46m²,bostadsratt,2026-09-09T16:00:39.870425
6098112727262962808,https://www.hemnet.se/salda/lagenhet-2rum-haga-norra-solna-kommun-slottsvagen-2-6098112727262962808,45-46m²,bostadsratt,2026-09-09T16:00:39.870426
85861670392070730,"https://www.hemnet.se/salda/lagenhet-1,5rum-ballsta-ballstaberg-kragstalund-vallentuna-kommun-svampskogsvagen-33-85861670392070730",45-46m²,bostadsratt,2026-09-09T16:00:39.870428
2396047120997512806,https://www.hemnet.se/salda/lagenhet-2rum-teg-umea-kommun-jagarvagen-5a-2396047120997512806,45-46m²,bostadsratt,2026-09-09T16:00:39.870430
9079449137343432959,https://www.hemnet.se/salda/lagenhet-2rum-kalltorp-goteborgs-kommun-virginsgatan-12-9079449137343432959,45-46m²,bostadsratt,2026-09-09T16:00:39.870431
2685128814352052409,"https://www.hemnet.se/salda/lagenhet-1,5rum-tullinge-botkyrka-kommun-elgentorpsvagen-21-2685128814352052409",45-46m²,bostadsratt,2026-09-09T16:00:39.870432
6729137922823770556,https://www.hemnet.se/salda/lagenhet-2rum-vasastan-stockholms-kommun-upplandsgatan-41-6729137922823770556,45-46m²,bostadsratt,2026-09-09T16:00:39.870434
5168942164460900447,https://www.hemnet.se/salda/lagenhet-1rum-akersberga-centralt-osterakers-kommun-osterskarsvagen-4-5168942164460900447,45-46m²,bostadsratt,2026-09-09T16:00:39.870435
469014405798172834,"https://www.hemnet.se/salda/lagenhet-1,5rum-katarina-stockholms-kommun-bjurholmsplan-27,-1-tr-469014405798172834",45-46m²,bostadsratt,2026-09-09T16:00:39.870438
3474232902258266309,"https://www.hemnet.se/salda/lagenhet-1,5rum-centrala-gavle-gavle-kommun-valbogatan-31c-3474232902258266309",45-46m²,bostadsratt,2026-09-09T16:00:39.870439
1953040508502321290,https://www.hemnet.se/salda/lagenhet-2rum-helsingborg-centrum-helsingborgs-kommun-halsovagen-7c-1953040508502321290,45-46m²,bostadsratt,2026-09-09T16:00:39.870441
8692171845104000092,"https://www.hemnet.se/salda/lagenhet-1,5rum-ofre-slotts-uppsala-kommun-skolgatan-17-8692171845104000092",45-46m²,bostadsratt,2026-09-09T16:00:39.870442
8455593449271017456,"https://www.hemnet.se/salda/lagenhet-2rum-kista-akalla-stockholms-kommun-sibeliusgangen-32,-7tr-8455593449271017456",45-46m²,bostadsratt,2026-09-09T16:00:39.870443
716612519629910108,https://www.hemnet.se/salda/lagenhet-2rum-tumba-botkyrka-kommun-myntvagen-6-716612519629910108,45-46m²,bostadsratt,2026-09-09T16:00:39.870444
4526075214367501870,https://www.hemnet.se/salda/lagenhet-2rum-jarvastaden-solna-kommun-dammtorps-alle-15-4526075214367501870,45-46m²,bostadsratt,2026-09-09T16:00:39.870446
8572720613416362439,https://www.hemnet.se/salda/lagenhet-2rum-tureberg-sollentuna-kommun-turebergs-alle-41-lgh-1202-8572720613416362439,45-46m²,bostadsratt,2026-09-09T16:00:39.870447
4417197958685398004,https://www.hemnet.se/salda/lagenhet-2rum-kungsangen-uppsala-kommun-kungsangsgatan-57g-4417197958685398004,45-46m²,bostadsratt,2026-09-09T16:00:39.870448
1802912065869358038,https://www.hemnet.se/salda/lagenhet-2rum-vasastan-stockholms-kommun-tomtebogatan-1a-1802912065869358038,45-46m²,bostadsratt,2026-09-09T16:00:39.870449
7751713004619140441,https://www.hemnet.se/salda/lagenhet-2rum-smedslatten-stockholms-kommun-stromkarlsvagen-82-7751713004619140441,45-46m²,bostadsratt,2026-09-09T16:00:39.870451
6374982636583570377,https://www.hemnet.se/salda/lagenhet-2rum-kvarnbyvallen-molndals-kommun-kvarnbyvallen-23-6374982636583570377,45-46m²,bostadsratt,2026-09-09T16:00:39.870452
5569338280562398240,https://www.hemnet.se/salda/lagenhet-1rum-mollevangen-malmo-kommun-falsterbogatan-20-5569338280562398240,45-46m²,bostadsratt,2026-09-09T16:00:39.870453
4949624661901758221,"https://www.hemnet.se/salda/lagenhet-2rum-traneberg-stockholms-kommun-margretelundsvagen-32,-van-3-3-4949624661901758221",45-46m²,bostadsratt,2026-09-09T16:00:39.870455
2286599973828188882,https://www.hemnet.se/salda/lagenhet-2rum-riksby-bromma-stockholms-kommun-spangavagen-7-2286599973828188882,45-46m²,bostadsratt,2026-09-09T16:00:39.870456
7122551706574016054,https://www.hemnet.se/salda/lagenhet-2rum-soder-sodertull-gavle-kommun-murengatan-42a-7122551706574016054,45-46m²,bostadsratt,2026-09-09T16:00:39.870457
1504116121875417453,https://www.hemnet.se/salda/lagenhet-2rum-centrum-katrineholms-kommun-fabriksgatan-2a-1504116121875417453,45-46m²,bostadsratt,2026-09-09T16:00:39.870458
2373114029855247137,https://www.hemnet.se/salda/lagenhet-2rum-rasunda-solna-kommun-ostervagen-28b-2373114029855247137,45-46m²,bostadsratt,2026-09-09T16:00:39.870460
3640103633982691265,https://www.hemnet.se/salda/lagenhet-2rum-kungsholmen-fridhemsplan-stockholms-kommun-kungsholms-strand-183-3640103633982691265,45-46m²,bostadsratt,2026-09-09T16:00:39.870461
1384135874043091328,https://www.hemnet.se/salda/lagenhet-2rum-kungsholmen-nedre-kungsholmen-stockholms-kommun-jaktvarvsplan-3-1384135874043091328,45-46m²,bostadsratt,2026-09-09T16:00:39.870462
8598977083286944090,https://www.hemnet.se/salda/lagenhet-2rum-centrum-enkopings-kommun-fjardhundragatan-25-8598977083286944090,45-46m²,bostadsratt,2026-09-09T16:00:39.870464
7349600600426710770,https://www.hemnet.se/salda/lagenhet-2rum-centralt-ostersunds-kommun-storgatan-9b-7349600600426710770,45-46m²,bostadsratt,2026-09-09T16:00:39.870465
5530562223858424246,https://www.hemnet.se/salda/lagenhet-2rum-farsta-stockholms-kommun-varmlandsvagen-7b-5530562223858424246,45-46m²,bostadsratt,2026-09-09T16:00:39.870466
7090214480782205946,https://www.hemnet.se/salda/lagenhet-2rum-centrala-vaxholm-vaxholms-kommun-parkgatan-5-7090214480782205946,45-46m²,bostadsratt,2026-09-09T16:00:39.870467
4153160589317352018,https://www.hemnet.se/salda/lagenhet-2rum-majorna-goteborgs-kommun-bangatan-32-4153160589317352018,45-46m²,bostadsratt,2026-09-09T16:00:39.870469
1398794376650240632,https://www.hemnet.se/salda/lagenhet-2rum-kalltorp-goteborgs-kommun-virginsgatan-12-1398794376650240632,45-46m²,bostadsratt,2026-09-09T16:00:39.870470
6811625999477266078,https://www.hemnet.se/salda/lagenhet-2rum-oster-katrineholms-kommun-fortunagatan-1b-6811625999477266078,45-46m²,bostadsratt,2026-09-09T16:00:39.870473
4715406915426452099,https://www.hemnet.se/salda/lagenhet-2rum-kvarnbergsplan-huddinge-kommun-radsvagen-5d-4715406915426452099,45-46m²,bostadsratt,2026-09-09T16:00:39.870474
3025856483080762418,"https://www.hemnet.se/salda/lagenhet-1,5rum-brannan-skelleftea-kommun-klockarbergsvagen-5b-3025856483080762418",45-46m²,bostadsratt,2026-09-09T16:00:39.870475
3984961265865573517,"https://www.hemnet.se/salda/lagenhet-2rum-liljeholmskajen-stockholms-kommun-fredsborgsgatan-36,-4-tr-3984961265865573517",45-46m²,bostadsratt,2026-09-09T16:00:39.870477
9139533755128885001,https://www.hemnet.se/salda/lagenhet-1rum-linnestaden-goteborgs-kommun-linnegatan-55-9139533755128885001,45-46m²,bostadsratt,2026-09-09T16:00:39.870478
1258320472332360130,https://www.hemnet.se/salda/lagenhet-1rum-bagarmossen-stockholms-kommun-emagatan-34-1258320472332360130,45-46m²,bostadsratt,2026-09-09T16:00:39.870479
7234265274221290614,https://www.hemnet.se/salda/lagenhet-2rum-jakobsberg-jarfalla-kommun-hattkvarnsgatan-7-7234265274221290614,45-46m²,bostadsratt,2026-09-09T16:00:39.870480
6281138445029468435,"https://www.hemnet.se/salda/lagenhet-1,5rum-skytteholm-solna-kommun-framnasbacken-8-6281138445029468435",45-46m²,bostadsratt,2026-09-09T16:00:39.870482
4713944271100053702,https://www.hemnet.se/salda/lagenhet-2rum-sodermalm-hogalid-stockholms-kommun-borgargatan-6-4713944271100053702,45-46m²,bostadsratt,2026-09-09T16:00:39.870483
4769656895692217762,https://www.hemnet.se/salda/lagenhet-2rum-vastergard-sodertalje-kommun-hertig-carls-vag-30-4769656895692217762,45-46m²,bostadsratt,2026-09-09T16:00:39.870484
1982533510917480176,https://www.hemnet.se/salda/lagenhet-2rum-bromma-johannesfred-stockholms-kommun-stangjarnsvagen-8-1982533510917480176,45-46m²,bostadsratt,2026-09-09T16:00:39.870485
5432476523294983042,https://www.hemnet.se/salda/lagenhet-2rum-kungsholmen-stockholms-kommun-wargentinsgatan-7-5432476523294983042,45-46m²,bostadsratt,2026-09-09T16:00:39.870487
4041764498121633105,"https://www.hemnet.se/salda/lagenhet-2rum-ostermalm-stockholms-kommun-linnegatan-16,-5tr-4041764498121633105",45-46m²,bostadsratt,2026-09-09T16:00:39.870488
4083064884760149178,https://www.hemnet.se/salda/lagenhet-1rum-centrum-harnosands-kommun-bergsgatan-7-4083064884760149178,45-46m²,bostadsratt,2026-09-09T16:00:39.870489
9131168661621514818,https://www.hemnet.se/salda/lagenhet-2rum-boras-centrum-boras-kommun-stenbocksgatan-6-9131168661621514818,45-46m²,bostadsratt,2026-09-09T16:00:39.870491
8890858928608884015,"https://www.hemnet.se/salda/lagenhet-2rum-centrala-sundbyberg-sundbybergs-kommun-tradgardsgatan-19,-van-9-av-9-8890858928608884015",45-46m²,bostadsratt,2026-09-09T16:00:39.870492
8869621908282501658,https://www.hemnet.se/salda/lagenhet-2rum-vasastaden-goteborgs-kommun-foreningsgatan-18b-8869621908282501658,45-46m²,bostadsratt,2026-09-09T16:00:39.870493
3071131256641245649,https://www.hemnet.se/salda/lagenhet-2rum-kvarnbergsplan-huddinge-kommun-kansligrand-16-3071131256641245649,45-46m²,bostadsratt,2026-09-09T16:00:39.870495
5113795999083197576,https://www.hemnet.se/salda/lagenhet-2rum-hogaholm-malmo-kommun-serenadgatan-56-5113795999083197576,45-46m²,bostadsratt,2026-09-09T16:00:39.870496
2893144568834468781,https://www.hemnet.se/salda/lagenhet-2rum-johanneberg-goteborgs-kommun-eklandagatan-56b-2893144568834468781,45-46m²,bostadsratt,2026-09-09T16:00:39.870497
2305542590117099339,https://www.hemnet.se/salda/lagenhet-1rum-timra-timra-kommun-skogsvagen-10b-2305542590117099339,45-46m²,bostadsratt,2026-09-09T16:00:39.870498
6421603033780947559,https://www.hemnet.se/salda/lagenhet-2rum-soder-norrkopings-kommun-albrektsvagen-96-6421603033780947559,45-46m²,bostadsratt,2026-09-09T16:00:39.870500
4579737510391988853,https://www.hemnet.se/salda/lagenhet-2rum-vaster-landskrona-kommun-appelblomsgatan-3-4579737510391988853,45-46m²,bostadsratt,2026-09-09T16:00:39.870501
3124571731937258222,"https://www.hemnet.se/salda/lagenhet-1,5rum-saltsjobaden-nacka-kommun-syrenparken-24-3124571731937258222",45-46m²,bostadsratt,2026-09-09T16:00:39.870502
3345071509530205174,"https://www.hemnet.se/salda/lagenhet-1,5rum-hammarby-sjostad-stockholms-kommun-virkesvagen-9b-3345071509530205174",45-46m²,bostadsratt,2026-09-09T16:00:39.870503
8765170275855138461,https://www.hemnet.se/salda/lagenhet-2rum-ektorp-nacka-kommun-ektorpsvagen-9a-8765170275855138461,45-46m²,bostadsratt,2026-09-09T16:00:39.870506
7432970006209430059,https://www.hemnet.se/salda/lagenhet-2rum-kabo-uppsala-kommun-prefektgatan-1-7432970006209430059,45-46m²,bostadsratt,2026-09-09T16:00:39.870508
6224346252439097650,https://www.hemnet.se/salda/lagenhet-1rum-lund-centrum-lunds-kommun-sodra-esplanaden-5b-6224346252439097650,45-46m²,bostadsratt,2026-09-09T16:00:39.870509
6813024147711539650,https://www.hemnet.se/salda/lagenhet-2rum-centrala-sundbyberg-sundbybergs-kommun-vattugatan-4-6813024147711539650,45-46m²,bostadsratt,2026-09-09T16:00:39.870510
8922337499267886753,https://www.hemnet.se/salda/lagenhet-2rum-s-t-knut-malmo-kommun-s-t-knuts-vag-6b-8922337499267886753,45-46m²,bostadsratt,2026-09-09T16:00:39.870512
6691916074201098224,https://www.hemnet.se/salda/lagenhet-2rum-fornhojden-sodertalje-kommun-fornhojdsvagen-54-6691916074201098224,45-46m²,bostadsratt,2026-09-09T16:00:39.870513
8562897848888865569,https://www.hemnet.se/salda/lagenhet-2rum-centralt-oskarshamns-kommun-nygrand-16b-8562897848888865569,45-46m²,bostadsratt,2026-09-09T16:00:39.870514
2792979110886969575,https://www.hemnet.se/salda/lagenhet-1rum-nasbypark-taby-kommun-kryssargrand-7-2792979110886969575,45-46m²,bostadsratt,2026-09-09T16:00:39.870515
5371710705801912794,https://www.hemnet.se/salda/lagenhet-2rum-sveaplan-eskilstuna-kommun-lundbladsvagen-13b-5371710705801912794,45-46m²,bostadsratt,2026-09-09T16:00:39.870516
1052300999971634591,https://www.hemnet.se/salda/lagenhet-2rum-taby-park-taby-kommun-parkallen-3-1052300999971634591,45-46m²,bostadsratt,2026-09-09T16:00:39.870518
5478393357792894719,"https://www.hemnet.se/salda/lagenhet-1,5rum-parkstaden-egna-hem-kristianstads-kommun-skogsvagen-1c-5478393357792894719",45-46m²,bostadsratt,2026-09-09T16:00:39.870519
3736184062405033938,https://www.hemnet.se/salda/lagenhet-2rum-limhamn-malmo-kommun-fernissagatan-6-3736184062405033938,45-46m²,bostadsratt,2026-09-09T16:00:39.870520
4653418350734497405,https://www.hemnet.se/salda/lagenhet-2rum-kungsholmen-stockholms-kommun-alstromergatan-32p-4653418350734497405,45-46m²,bostadsratt,2026-09-09T16:00:39.870521
5728715085294592369,https://www.hemnet.se/salda/lagenhet-2rum-bromma-abrahamsberg-stockholms-kommun-murarvagen-7-5728715085294592369,45-46m²,bostadsratt,2026-09-09T16:00:39.870523
3284444923638350154,https://www.hemnet.se/salda/lagenhet-2rum-centralt-linkopings-kommun-repslagaregatan-40-3284444923638350154,45-46m²,bostadsratt,2026-09-09T16:00:39.870524
3646829525521095430,"https://www.hemnet.se/salda/lagenhet-3rum-stromstad-stromstads-kommun-hus-43,-vecka-35-bonusvecka-3646829525521095430",45-46m²,bostadsratt,2026-09-09T16:00:39.870525
8197349130940105233,"https://www.hemnet.se/salda/lagenhet-1,5rum-brastad-lysekils-kommun-sagvagen-4-c-8197349130940105233",45-46m²,bostadsratt,2026-09-09T16:00:39.870526
4404738504238838064,https://www.hemnet.se/salda/lagenhet-2rum-vallastaden-linkopings-kommun-poesigrand-3d-4404738504238838064,45-46m²,bostadsratt,2026-09-09T16:00:39.870528
9156213694573562780,https://www.hemnet.se/salda/lagenhet-2rum-kungsholmen-stockholms-kommun-hantverkargatan-79a-9156213694573562780,45-46m²,bostadsratt,2026-09-09T16:00:39.870529
7377271230641931436,https://www.hemnet.se/salda/lagenhet-2rum-sodermalm-stockholms-kommun-rutger-fuchsgatan-4-7377271230641931436,45-46m²,bostadsratt,2026-09-09T16:00:39.870530
6062333173768100679,https://www.hemnet.se/salda/lagenhet-2rum-kvillebacken-goteborgs-kommun-parmmataregatan-6b-6062333173768100679,45-46m²,bostadsratt,2026-09-09T16:00:39.870531
2676405704941318163,https://www.hemnet.se/salda/lagenhet-2rum-centrala-ystad-ystads-kommun-regementsgatan-5b-2676405704941318163,45-46m²,bostadsratt,2026-09-09T16:00:39.870533
5342918040552373863,https://www.hemnet.se/salda/lagenhet-2rum-bergviken-lulea-kommun-kallgatan-5-5342918040552373863,45-46m²,bostadsratt,2026-09-09T16:00:39.870534
6416657256698601007,https://www.hemnet.se/salda/lagenhet-2rum-centrala-hisingen-goteborgs-kommun-sunnanvindsgatan-2d-6416657256698601007,45-46m²,bostadsratt,2026-09-09T16:00:39.870535
5074473463077262848,https://www.hemnet.se/salda/lagenhet-2rum-rosengarden-helsingborgs-kommun-skaragatan-27-5074473463077262848,45-46m²,bostadsratt,2026-09-09T16:00:39.870537
7086526632483337146,https://www.hemnet.se/salda/lagenhet-2rum-oster-malarstrand-vasteras-kommun-sjojungfrugatan-3a-7086526632483337146,45-46m²,bostadsratt,2026-09-09T16:00:39.870538
5286130750902250335,https://www.hemnet.se/salda/lagenhet-2rum-sandviken-sandvikens-kommun-kopmangatan-22b-5286130750902250335,45-46m²,bostadsratt,2026-09-09T16:00:39.870541
4745860631183401020,https://www.hemnet.se/salda/lagenhet-2rum-hasselby-norra-villastad-stockholms-kommun-blomsterkungsvagen-116-d-gavel-4745860631183401020,45-46m²,bostadsratt,2026-09-09T16:00:39.870543
2631513400542274621,"https://www.hemnet.se/salda/lagenhet-2rum-vasastan-stockholms-kommun-karlbergsvagen-43a,-1-tr-2631513400542274621",45-46m²,bostadsratt,2026-09-09T16:00:39.870544
8950828255833928780,https://www.hemnet.se/salda/lagenhet-2rum-kungsholmen-stockholms-kommun-celsiusgatan-4-8950828255833928780,45-46m²,bostadsratt,2026-09-09T16:00:39.870545
4012908268384111137,"https://www.hemnet.se/salda/lagenhet-2rum-sodermalm-stockholms-kommun-rosenlundsgatan-18,-3-tr-4012908268384111137",45-46m²,bostadsratt,2026-09-09T16:00:39.870547
2209460421552924695,https://www.hemnet.se/salda/lagenhet-45m2-kvarnberget-varmdo-kommun-stenkullen-3c-2209460421552924695,45-46m²,bostadsratt,2026-09-09T16:00:39.870548
7060663825538588285,https://www.hemnet.se/salda/lagenhet-1rum-havstena-skovde-kommun-havstenavagen-15a-7060663825538588285,45-46m²,bostadsratt,2026-09-09T16:00:39.870549
8852730070802300057,https://www.hemnet.se/salda/lagenhet-2rum-enskede-stureby-stockholms-kommun-sagverksgatan-102-8852730070802300057,45-46m²,bostadsratt,2026-09-09T16:00:39.870550
1689167059360971816,"https://www.hemnet.se/salda/lagenhet-1,5rum-kungsholmen-fredhall-stockholms-kommun-stagneliusvagen-32-1689167059360971816",45-46m²,bostadsratt,2026-09-09T16:00:39.870552
6339719613837540766,https://www.hemnet.se/salda/lagenhet-2rum-johanneberg-goteborgs-kommun-gibraltargatan-19a-6339719613837540766,45-46m²,bostadsratt,2026-09-09T16:00:39.870553
6941537593513035094,https://www.hemnet.se/salda/lagenhet-2rum-centrala-hisingen-goteborgs-kommun-jagaregatan-14a-6941537593513035094,45-46m²,bostadsratt,2026-09-09T16:00:39.870554
2927451849574569834,https://www.hemnet.se/salda/lagenhet-2rum-rasunda-solna-kommun-bollgatan-2a-2927451849574569834,45-46m²,bostadsratt,2026-09-09T16:00:39.870555
6448190690405995734,https://www.hemnet.se/salda/lagenhet-2rum-haga-norra-solna-kommun-sylvangatan-21-6448190690405995734,45-46m²,bostadsratt,2026-09-09T16:00:39.870556
7965671626044887614,https://www.hemnet.se/salda/lagenhet-2rum-vasastan-birkastan-stockholms-kommun-sankt-eriksplan-13-7965671626044887614,45-46m²,bostadsratt,2026-09-09T16:00:39.870558
2308878808758136555,https://www.hemnet.se/salda/lagenhet-2rum-linne-goteborgs-kommun-kastellgatan-21b-2308878808758136555,45-46m²,bostadsratt,2026-09-09T16:00:39.870559
7311843977793118340,"https://www.hemnet.se/salda/lagenhet-2rum-sodermalm-hogalid-stockholms-kommun-heleneborgsgatan-20,-5-av-5-tr-7311843977793118340",45-46m²,bostadsratt,2026-09-09T16:00:39.870560
9042585386581005684,https://www.hemnet.se/salda/lagenhet-1rum-norr-gavle-kommun-byggmastargatan-13a-9042585386581005684,45-46m²,bostadsratt,2026-09-09T16:00:39.870562
3235842431750437611,https://www.hemnet.se/salda/lagenhet-2rum-vasastan-sabbatsberg-stockholms-kommun-eastmansvagen-11-3235842431750437611,45-46m²,bostadsratt,2026-09-09T16:00:39.870563
5868396036405529533,https://www.hemnet.se/salda/lagenhet-2rum-nobeltorget-malmo-kommun-lantmannagatan-6c-5868396036405529533,45-46m²,bostadsratt,2026-09-09T16:00:39.870564
9109188359553015439,https://www.hemnet.se/salda/lagenhet-2rum-hammarbyhojden-stockholms-kommun-petrejusvagen-51-9109188359553015439,45-46m²,bostadsratt,2026-09-09T16:00:39.870565
8168988336251835091,https://www.hemnet.se/salda/lagenhet-2rum-hogdalen-stockholms-kommun-rangstagatan-18-8168988336251835091,45-46m²,bostadsratt,2026-09-09T16:00:39.870567
4321919566900138296,https://www.hemnet.se/salda/lagenhet-2rum-rasunda-solna-kommun-lovgatan-55-4321919566900138296,45-46m²,bostadsratt,2026-09-09T16:00:39.870568
1420588459951056510,https://www.hemnet.se/salda/lagenhet-2rum-sodermalm-maria-stockholms-kommun-rosenlundsgatan-24-1420588459951056510,45-46m²,bostadsratt,2026-09-09T16:00:39.870569
2822347766147379989,https://www.hemnet.se/salda/lagenhet-2rum-vallastaden-linkopings-kommun-musikgrand-3c-2822347766147379989,45-46m²,bostadsratt,2026-09-09T16:00:39.870570
8825095131726078989,https://www.hemnet.se/salda/lagenhet-2rum-spanga-solhem-stockholms-kommun-sorgardsvagen-32d-8825095131726078989,45-46m²,bostadsratt,2026-09-09T16:00:39.870572
259098981833486236,https://www.hemnet.se/salda/lagenhet-1rum-arsta-stockholms-kommun-arstavagen-115-259098981833486236,45-46m²,bostadsratt,2026-09-09T16:00:39.870574
5794353964321926720,https://www.hemnet.se/salda/lagenhet-2rum-karlssons-ang-kalmar-kommun-ostindievagen-8-5794353964321926720,45-46m²,bostadsratt,2026-09-09T16:00:39.870576
2193979824748004411,https://www.hemnet.se/salda/lagenhet-2rum-vasastaden-goteborgs-kommun-foreningsgatan-18a-2193979824748004411,45-46m²,bostadsratt,2026-09-09T16:00:39.870577
6989342100610568498,https://www.hemnet.se/salda/lagenhet-2rum-centrala-sundbyberg-sundbybergs-kommun-lofstroms-alle-2b-6989342100610568498,45-46m²,bostadsratt,2026-09-09T16:00:39.870578
1348426848314854917,https://www.hemnet.se/salda/lagenhet-2rum-centralt-solleftea-solleftea-kommun-gransgatan-5-1348426848314854917,45-46m²,bostadsratt,2026-09-09T16:00:39.870580
7247166890510024060,https://www.hemnet.se/salda/lagenhet-2rum-ringstorp-helsingborgs-kommun-hammarbergsgatan-4-7247166890510024060,45-46m²,bostadsratt,2026-09-09T16:00:39.870581
561873623296545046,https://www.hemnet.se/salda/lagenhet-2rum-appelviken-alvik-stockholms-kommun-alviksvagen-11-561873623296545046,45-46m²,bostadsratt,2026-09-09T16:00:39.870582
6422033909316246961,https://www.hemnet.se/salda/lagenhet-2rum-hjorthagen-stockholms-kommun-dianavagen-5-6422033909316246961,45-46m²,bostadsratt,2026-09-09T16:00:39.870583
4682533853914839262,https://www.hemnet.se/salda/lagenhet-2rum-tradgardsstaden-upplands-bro-kommun-unnas-vag-4-4682533853914839262,45-46m²,bostadsratt,2026-09-09T16:00:39.870585
7391750237332958764,https://www.hemnet.se/salda/lagenhet-2rum-ribersborg-malmo-kommun-kilian-zollsgatan-28a-7391750237332958764,45-46m²,bostadsratt,2026-09-09T16:00:39.870586
9085766701963933190,https://www.hemnet.se/salda/lagenhet-2rum-jarvastaden-solna-kommun-grongolingsgatan-5-9085766701963933190,45-46m²,bostadsratt,2026-09-09T16:00:39.870587
1585714505258360753,https://www.hemnet.se/salda/lagenhet-2rum-jarvastaden-solna-kommun-dammtorps-alle-17-1585714505258360753,45-46m²,bostadsratt,2026-09-09T16:00:39.870589
8041816764818233808,https://www.hemnet.se/salda/lagenhet-2rum-sodermalm-hogalid-stockholms-kommun-verkstadsgatan-5-8041816764818233808,45-46m²,bostadsratt,2026-09-09T16:00:39.870590
8971475474266587385,"https://www.hemnet.se/salda/lagenhet-1,5rum-skogas-huddinge-kommun-loftvagen-12-8971475474266587385",45-46m²,bostadsratt,2026-09-09T16:00:39.870591
9102207393762713081,https://www.hemnet.se/salda/lagenhet-2rum-kvarnbergsplan-huddinge-kommun-kansligrand-20-9102207393762713081,45-46m²,bostadsratt,2026-09-09T16:00:39.870592
1576243351133405019,https://www.hemnet.se/salda/lagenhet-2rum-bergshamra-solna-kommun-lostigen-10-1576243351133405019,45-46m²,bostadsratt,2026-09-09T16:00:39.870593
8798754663086355439,https://www.hemnet.se/salda/lagenhet-1rum-ribersborg-malmo-kommun-sergels-vag-2-8798754663086355439,45-46m²,bostadsratt,2026-09-09T16:00:39.870595
1654467096656069634,https://www.hemnet.se/salda/lagenhet-2rum-blasbo-vasteras-kommun-sankta-ursulas-vag-2ab-1654467096656069634,45-46m²,bostadsratt,2026-09-09T16:00:39.870596
2344560785376708741,https://www.hemnet.se/salda/lagenhet-2rum-abrahamsberg-stockholms-kommun-arkitektvagen-37-2344560785376708741,45-46m²,bostadsratt,2026-09-09T16:00:39.870597
2398431734898545365,https://www.hemnet.se/salda/lagenhet-2rum-sodermalm-stockholms-kommun-ringvagen-114-2398431734898545365,45-46m²,bostadsratt,2026-09-09T16:00:39.870598
8852025482616383173,https://www.hemnet.se/salda/lagenhet-2rum-sodermalm-hogalid-stockholms-kommun-langholmsgatan-18-8852025482616383173,45-46m²,bostadsratt,2026-09-09T16:00:39.870600
7007302617902173382,https://www.hemnet.se/salda/lagenhet-1rum-vastra-skogen-solna-kommun-arvid-tydens-alle-20-7007302617902173382,45-46m²,bostadsratt,2026-09-09T16:00:39.870601
4424668094430378162,https://www.hemnet.se/salda/lagenhet-2rum-bandhagen-hogdalen-stockholms-kommun-rangstagatan-18-4424668094430378162,45-46m²,bostadsratt,2026-09-09T16:00:39.870602
8094320025222726320,https://www.hemnet.se/salda/lagenhet-2rum-hasselby-norra-villastad-stockholms-kommun-snodroppsgrand-26-8094320025222726320,45-46m²,bostadsratt,2026-09-09T16:00:39.870604
4787017725827212827,"https://www.hemnet.se/salda/lagenhet-2rum-akalla-stockholms-kommun-sibeliusgangen-42,-5-tr-4787017725827212827",45-46m²,bostadsratt,2026-09-09T16:00:39.870605
3751814867146240213,"https://www.hemnet.se/salda/lagenhet-1,5rum-ladugardsgardet-stockholms-kommun-erik-dahlbergsgatan-28-3751814867146240213",45-46m²,bostadsratt,2026-09-09T16:00:39.870606
4385413757398198906,"https://www.hemnet.se/salda/lagenhet-2rum-skarpnack-stockholms-kommun-pilvingegatan-58,-2tr-4385413757398198906",45-46m²,bostadsratt,2026-09-09T16:00:39.870609
209400464771851248,https://www.hemnet.se/salda/lagenhet-1rum-rudviken-solna-kommun-solgatan-12-209400464771851248,45-46m²,bostadsratt,2026-09-09T16:00:39.870611
8013648954168730723,https://www.hemnet.se/salda/lagenhet-2rum-arenastaden-solna-kommun-evenemangsgatan-30-8013648954168730723,45-46m²,bostadsratt,2026-09-09T16:00:39.870612
4152549840612851574,https://www.hemnet.se/salda/lagenhet-2rum-rasunda-solna-kommun-uppfartsvagen-13-4152549840612851574,45-46m²,bostadsratt,2026-09-09T16:00:39.870613
6218914107920610373,https://www.hemnet.se/salda/lagenhet-1rum-kristianstad-soder-kristianstads-kommun-stallgatan-3b-6218914107920610373,45-46m²,bostadsratt,2026-09-09T16:00:39.870614
3469012560531702717,https://www.hemnet.se/salda/lagenhet-2rum-silverdal-sollentuna-kommun-silverdalsvagen-33-3469012560531702717,45-46m²,bostadsratt,2026-09-09T16:00:39.870616
2535167759313286129,https://www.hemnet.se/salda/lagenhet-2rum-hammarby-sjostad-stockholms-kommun-korphoppsgatan-20-2535167759313286129,45-46m²,bostadsratt,2026-09-09T16:00:39.870617
7074705683913107224,https://www.hemnet.se/salda/lagenhet-1rum-torpa-jonkopings-kommun-klostergatan-52b-7074705683913107224,45-46m²,bostadsratt,2026-09-09T16:00:39.870638
3276948050676320489,https://www.hemnet.se/salda/lagenhet-1rum-majorna-goteborgs-kommun-harasgatan-17-3276948050676320489,45-46m²,bostadsratt,2026-09-09T16:00:39.870640
8976417976747164526,https://www.hemnet.se/salda/lagenhet-2rum-rasunda-solna-kommun-ostervagen-9b-8976417976747164526,45-46m²,bostadsratt,2026-09-09T16:00:39.870641
8968370037528312356,https://www.hemnet.se/salda/lagenhet-2rum-hoganas-uppsala-kommun-hoganasgatan-8b-8968370037528312356,45-46m²,bostadsratt,2026-09-09T16:00:39.870642
2688266862897316042,https://www.hemnet.se/salda/lagenhet-2rum-centrum-lugnet-boras-kommun-torstensonsgatan-9-2688266862897316042,45-46m²,bostadsratt,2026-09-09T16:00:39.870644
1575432820036131362,"https://www.hemnet.se/salda/lagenhet-2rum-arsta-stockholms-kommun-borensvagen-13,-2tr-1575432820036131362",45-46m²,bostadsratt,2026-09-09T16:00:39.870645
3351017558584167186,"https://www.hemnet.se/salda/lagenhet-2rum-bromma-mariehall-stockholms-kommun-masugnsvagen-54,-van-3-3351017558584167186",45-46m²,bostadsratt,2026-09-09T16:00:39.870646
5590049317096094237,https://www.hemnet.se/salda/lagenhet-2rum-centrum-landskrona-kommun-jarnvagsgatan-63-5590049317096094237,45-46m²,bostadsratt,2026-09-09T16:00:39.870648
4712744339173629796,https://www.hemnet.se/salda/lagenhet-2rum-kungsholmen-fridhemsplan-stockholms-kommun-fridhemsgatan-29a-4712744339173629796,45-46m²,bostadsratt,2026-09-09T16:00:39.870649
4600892623884906631,https://www.hemnet.se/salda/lagenhet-2rum-vastra-skogen-solna-kommun-tecknarvagen-8-4600892623884906631,45-46m²,bostadsratt,2026-09-09T16:00:39.870650
2214587218852587729,https://www.hemnet.se/salda/lagenhet-2rum-johanneberg-goteborgs-kommun-eklandagatan-54a-2214587218852587729,45-46m²,bostadsratt,2026-09-09T16:00:39.870651
2648547763570502422,https://www.hemnet.se/salda/lagenhet-1rum-rasunda-solna-kommun-trappgrand-3-2648547763570502422,45-46m²,bostadsratt,2026-09-09T16:00:39.870653
5206194917876004078,"https://www.hemnet.se/salda/lagenhet-2rum-kista-stockholms-kommun-sorogatan-21,-4-tr-5206194917876004078",45-46m²,bostadsratt,2026-09-09T16:00:39.870654
7279263770931311368,https://www.hemnet.se/salda/lagenhet-2rum-solangen-molndals-kommun-tentamensgatan-10-7279263770931311368,45-46m²,bostadsratt,2026-09-09T16:00:39.870655
5602366172146002533,https://www.hemnet.se/salda/lagenhet-2rum-kvarngardet-uppsala-kommun-kvarntorget-1b-5602366172146002533,45-46m²,bostadsratt,2026-09-09T16:00:39.870656
6197281328891286768,https://www.hemnet.se/salda/lagenhet-2rum-inom-vallgraven-goteborgs-kommun-lilla-drottninggatan-4d-6197281328891286768,45-46m²,bostadsratt,2026-09-09T16:00:39.870657
611942896555150096,https://www.hemnet.se/salda/lagenhet-2rum-notudden-oster-malarstrand-vasteras-kommun-rangatan-4-611942896555150096,45-46m²,bostadsratt,2026-09-09T16:00:39.870659
7629296802262035421,https://www.hemnet.se/salda/lagenhet-1rum-norra-tynnered-goteborgs-kommun-guldringen-12-7629296802262035421,45-46m²,bostadsratt,2026-09-09T16:00:39.870660
1495288886803868664,"https://www.hemnet.se/salda/lagenhet-1,5rum-eriksberg-goteborgs-kommun-bratterasgatan-70-1495288886803868664",45-46m²,bostadsratt,2026-09-09T16:00:39.870667
7806517873952889465,https://www.hemnet.se/salda/lagenhet-2rum-skarmarbrink-stockholms-kommun-pelargatan-4-7806517873952889465,45-46m²,bostadsratt,2026-09-09T16:00:39.870669
8133587206018092927,"https://www.hemnet.se/salda/lagenhet-1,5rum-orminge-nacka-kommun-ormingeringen-13c-8133587206018092927",45-46m²,bostadsratt,2026-09-09T16:00:39.870670
6190275075023700304,https://www.hemnet.se/salda/lagenhet-2rum-vaster-lunds-kommun-lokforaregatan-17c-6190275075023700304,45-46m²,bostadsratt,2026-09-09T16:00:39.870671
6588539943894018050,https://www.hemnet.se/salda/lagenhet-1rum-centralt-eskilstuna-kommun-smedjegatan-22-6588539943894018050,45-46m²,bostadsratt,2026-09-09T16:00:39.870674
6011403036030523692,https://www.hemnet.se/salda/lagenhet-2rum-majorna-goteborgs-kommun-arlegatan-40-6011403036030523692,45-46m²,bostadsratt,2026-09-09T16:00:39.870676
2323309960745373984,https://www.hemnet.se/salda/lagenhet-2rum-hogaholm-malmo-kommun-balladgatan-45-2323309960745373984,45-46m²,bostadsratt,2026-09-09T16:00:39.870677
2486064500999919094,https://www.hemnet.se/salda/lagenhet-2rum-kapellgardet-uppsala-kommun-orgelgatan-7-2486064500999919094,45-46m²,bostadsratt,2026-09-09T16:00:39.870678
410811279527376067,https://www.hemnet.se/salda/lagenhet-2rum-centralt-knivsta-kommun-faktorns-gata-11a-410811279527376067,45-46m²,bostadsratt,2026-09-09T16:00:39.870680
18732273207646763,https://www.hemnet.se/salda/lagenhet-2rum-hagerstensasen-stockholms-kommun-sparbanksvagen-80-18732273207646763,45-46m²,bostadsratt,2026-09-09T16:00:39.870681
1595018354782626988,"https://www.hemnet.se/salda/lagenhet-1,5rum-bromma-appelviken-stockholms-kommun-alviksvagen-11-1595018354782626988",45-46m²,bostadsratt,2026-09-09T16:00:39.870682
4169244449613224752,"https://www.hemnet.se/salda/lagenhet-2rum-nacka-nacka-kommun-mjolnarvagen-22,-6tr-4169244449613224752",45-46m²,bostadsratt,2026-09-09T16:00:39.870684
8548756284433383971,https://www.hemnet.se/salda/lagenhet-2rum-hallstahammar-hallstahammars-kommun-snevringevagen-68-8548756284433383971,45-46m²,bostadsratt,2026-09-09T16:00:39.870685
7215213596431880753,https://www.hemnet.se/salda/lagenhet-2rum-stadshagen-kungsholmen-stockholms-kommun-warfvinges-vag-23-7215213596431880753,45-46m²,bostadsratt,2026-09-09T16:00:39.870686
9052592342014164128,https://www.hemnet.se/salda/lagenhet-2rum-kapellgardet-uppsala-kommun-orgelgatan-10-9052592342014164128,45-46m²,bostadsratt,2026-09-09T16:00:39.870688
3898768660640727143,https://www.hemnet.se/salda/lagenhet-2rum-solberga-stockholms-kommun-kabelverksgatan-20-3898768660640727143,45-46m²,bostadsratt,2026-09-09T16:00:39.870689
801147350059114558,"https://www.hemnet.se/salda/lagenhet-2rum-arsta-stockholms-kommun-hjalmarsvagen-3,-3tr-801147350059114558",45-46m²,bostadsratt,2026-09-09T16:00:39.870690
5585187931915127992,"https://www.hemnet.se/salda/lagenhet-2rum-kungsholmen-nedre-stockholms-kommun-jaktvarvsplan-3,-van-2-5585187931915127992",45-46m²,bostadsratt,2026-09-09T16:00:39.870691
2607196708664217196,https://www.hemnet.se/salda/lagenhet-2rum-tannefors-linkopings-kommun-slattergatan-8a-2607196708664217196,45-46m²,bostadsratt,2026-09-09T16:00:39.870693
1886159432189674692,https://www.hemnet.se/salda/lagenhet-2rum-brandbergen-haninge-kommun-stenbockens-gata-119-1886159432189674692,45-46m²,bostadsratt,2026-09-09T16:00:39.870694
4766461196198686188,https://www.hemnet.se/salda/lagenhet-2rum-tingvallastaden-karlstads-kommun-ostra-kanalgatan-2a-4766461196198686188,45-46m²,bostadsratt,2026-09-09T16:00:39.870695
7576200967847528587,https://www.hemnet.se/salda/lagenhet-2rum-bellman-uppsala-kommun-bellmansgatan-118-7576200967847528587,45-46m²,bostadsratt,2026-09-09T16:00:39.870696
1606454412359711038,https://www.hemnet.se/salda/lagenhet-2rum-johannesfred-stockholms-kommun-stangjarnsvagen-18-1606454412359711038,45-46m²,bostadsratt,2026-09-09T16:00:39.870698
2974640560694178902,https://www.hemnet.se/salda/lagenhet-2rum-kungsholmen-stockholms-kommun-fridhemsgatan-8-2974640560694178902,45-46m²,bostadsratt,2026-09-09T16:00:39.870699
1994900467842521878,https://www.hemnet.se/salda/lagenhet-2rum-kista-gard-stockholms-kommun-surtsogatan-4-1994900467842521878,45-46m²,bostadsratt,2026-09-09T16:00:39.870700
7848338282237393515,https://www.hemnet.se/salda/lagenhet-2rum-roslags-nasby-taby-kommun-stationsvagen-52-7848338282237393515,45-46m²,bostadsratt,2026-09-09T16:00:39.870701
1941287607574190413,https://www.hemnet.se/salda/lagenhet-1rum-forsen-tidaholms-kommun-hjalmgatan-8-1941287607574190413,45-46m²,bostadsratt,2026-09-09T16:00:39.870704
7906587293264595496,https://www.hemnet.se/salda/lagenhet-2rum-inom-vallgraven-goteborgs-kommun-stora-nygatan-3c-7906587293264595496,45-46m²,bostadsratt,2026-09-09T16:00:39.870706
6933591394223268430,https://www.hemnet.se/salda/lagenhet-2rum-kungsholmen-stockholms-kommun-alstromergatan-32-h-3tr-6933591394223268430,45-46m²,bostadsratt,2026-09-09T16:00:39.870707
1934923465125963350,https://www.hemnet.se/salda/lagenhet-2rum-bromma-ulvsunda-stockholms-kommun-faltmarskalksvagen-38-1934923465125963350,45-46m²,bostadsratt,2026-09-09T16:00:39.870708
985311627764972464,https://www.hemnet.se/salda/lagenhet-1rum-olskroken-goteborgs-kommun-norra-gubberogatan-23b-985311627764972464,45-46m²,bostadsratt,2026-09-09T16:00:39.870710
1750319211959400102,"https://www.hemnet.se/salda/lagenhet-2rum-kista-stockholms-kommun-kastrupgatan-9,-van-2-4-1750319211959400102",45-46m²,bostadsratt,2026-09-09T16:00:39.870711
3324924711708819218,"https://www.hemnet.se/salda/lagenhet-2rum-enskede-stockholms-kommun-brevvagen-9,-1tr-3324924711708819218",45-46m²,bostadsratt,2026-09-09T16:00:39.870712
2541290845563944332,https://www.hemnet.se/salda/lagenhet-2rum-skondal-stockholms-kommun-thorsten-levenstams-vag-2d-2541290845563944332,45-46m²,bostadsratt,2026-09-09T16:00:39.870714
7026381350830490282,https://www.hemnet.se/salda/lagenhet-2rum-hagerstensasen-stockholms-kommun-sparbanksvagen-78-7026381350830490282,45-46m²,bostadsratt,2026-09-09T16:00:39.870715
7466254782872329588,https://www.hemnet.se/salda/lagenhet-2rum-rudviken-solna-kommun-regnstigen-5-7466254782872329588,45-46m²,bostadsratt,2026-09-09T16:00:39.870718
8794228663476316675,https://www.hemnet.se/salda/lagenhet-2rum-hammarbyhojden-stockholms-kommun-kalmgatan-21-8794228663476316675,45-46m²,bostadsratt,2026-09-09T16:00:39.870719
5175512422872529666,https://www.hemnet.se/salda/lagenhet-2rum-johanneshov-stockholms-kommun-grafikvagen-22-5175512422872529666,45-46m²,bostadsratt,2026-09-09T16:00:39.870720
6335655212400038164,https://www.hemnet.se/salda/lagenhet-2rum-vasastan-stockholms-kommun-birkagatan-16c-6335655212400038164,45-46m²,bostadsratt,2026-09-09T16:00:39.870722
8278025740306371543,https://www.hemnet.se/salda/lagenhet-1rum-centrala-vellinge-vellinge-kommun-kompanigatan-3b-8278025740306371543,45-46m²,bostadsratt,2026-09-09T16:00:39.870723
2205099587397579230,"https://www.hemnet.se/salda/lagenhet-1,5rum-solna-centrum-solna-kommun-klippgatan-8c-2205099587397579230",45-46m²,bostadsratt,2026-09-09T16:00:39.870724
9078944229400087760,https://www.hemnet.se/salda/lagenhet-1rum-sundsvall-skonsmon-sundsvalls-kommun-harmonigatan-6a-9078944229400087760,45-46m²,bostadsratt,2026-09-09T16:00:39.870725
219425732905741504,"https://www.hemnet.se/salda/lagenhet-1,5rum-sannegardshamnen-goteborgs-kommun-barken-storegrunds-gata-12-219425732905741504",45-46m²,bostadsratt,2026-09-09T16:00:39.870727
7303867616738951679,https://www.hemnet.se/salda/lagenhet-2rum-bjorkhagen-stockholms-kommun-hjovagen-6-7303867616738951679,45-46m²,bostadsratt,2026-09-09T16:00:39.870728
540169320583212013,https://www.hemnet.se/salda/lagenhet-2rum-lund-centrum-lunds-kommun-bankgatan-28b-540169320583212013,45-46m²,bostadsratt,2026-09-09T16:00:39.870729
4677440667457394312,https://www.hemnet.se/salda/lagenhet-1rum-karlshamn-karlshamns-kommun-regeringsgatan-87-4677440667457394312,45-46m²,bostadsratt,2026-09-09T16:00:39.870731
7430465528801811602,https://www.hemnet.se/salda/lagenhet-2rum-grossgardet-norrtalje-kommun-stegelbacksgatan-4a-7430465528801811602,45-46m²,bostadsratt,2026-09-09T16:00:39.870732
6275093417008494891,https://www.hemnet.se/salda/lagenhet-2rum-vasastan-stockholms-kommun-torsgrand-4-6275093417008494891,45-46m²,bostadsratt,2026-09-09T16:00:39.870733
5451950670525255,https://www.hemnet.se/salda/lagenhet-2rum-liljeholmen-stockholms-kommun-nybodaringen-41-5451950670525255,45-46m²,bostadsratt,2026-09-09T16:00:39.870734
5606231508103930328,https://www.hemnet.se/salda/lagenhet-2rum-enskede-stockholms-kommun-brevvagen-9-5606231508103930328,45-46m²,bostadsratt,2026-09-09T16:00:39.870735
2197584496152707106,"https://www.hemnet.se/salda/lagenhet-2rum-kista-stockholms-kommun-vejlegatan-9,-4-tr-2197584496152707106",45-46m²,bostadsratt,2026-09-09T16:00:39.870737
2353957316640319862,https://www.hemnet.se/salda/lagenhet-2rum-varvstaden-malmo-kommun-angfarjekajen-16-2353957316640319862,45-46m²,bostadsratt,2026-09-09T16:00:39.870740
2209002942176791068,https://www.hemnet.se/salda/lagenhet-2rum-ostermalm-stockholms-kommun-valhallavagen-152c-2209002942176791068,45-46m²,bostadsratt,2026-09-09T16:00:39.870742
4505289953974547127,https://www.hemnet.se/salda/lagenhet-2rum-centrala-sundbyberg-sundbybergs-kommun-vintergatan-1-4505289953974547127,45-46m²,bostadsratt,2026-09-09T16:00:39.870743
33291931702292382,"https://www.hemnet.se/salda/lagenhet-2rum-grondal-stockholms-kommun-fregattvagen-67,-1tr-33291931702292382",45-46m²,bostadsratt,2026-09-09T16:00:39.870744
6420438776220122883,https://www.hemnet.se/salda/lagenhet-1rum-centrum-umea-kommun-jarnvagsallen-14a-6420438776220122883,45-46m²,bostadsratt,2026-09-09T16:00:39.870745
4918160070840998184,https://www.hemnet.se/salda/lagenhet-2rum-tannefors-linkopings-kommun-kungsbergsgatan-10b-4918160070840998184,45-46m²,bostadsratt,2026-09-09T16:00:39.870747
7570012625943389561,https://www.hemnet.se/salda/lagenhet-2rum-sodermalm-stockholms-kommun-folkungagatan-91-7570012625943389561,45-46m²,bostadsratt,2026-09-09T16:00:39.870748
4786070983357965450,https://www.hemnet.se/salda/lagenhet-2rum-taby-park-taby-kommun-vintergaloppsgatan-22-4786070983357965450,45-46m²,bostadsratt,2026-09-09T16:00:39.870749
1434852490072399156,https://www.hemnet.se/salda/lagenhet-2rum-sodermalm-katarina-stockholms-kommun-folkungagatan-53-1434852490072399156,45-46m²,bostadsratt,2026-09-09T16:00:39.870750
1197234587998481549,https://www.hemnet.se/salda/lagenhet-2rum-hjorthagen-stockholms-kommun-radjursstigen-4-1197234587998481549,45-46m²,bostadsratt,2026-09-09T16:00:39.870752
2062685768631636029,https://www.hemnet.se/salda/lagenhet-2rum-centrala-hisingen-goteborgs-kommun-hisingsgatan-2b-2062685768631636029,45-46m²,bostadsratt,2026-09-09T16:00:39.870753
5979367586635921345,https://www.hemnet.se/salda/lagenhet-2rum-radmansvangen-malmo-kommun-nikolaigatan-4b-5979367586635921345,45-46m²,bostadsratt,2026-09-09T16:00:39.870754
3726017925023893795,https://www.hemnet.se/salda/lagenhet-45m2-lilla-essingen-stockholms-kommun-stralgatan-8-3726017925023893795,45-46m²,bostadsratt,2026-09-09T16:00:39.870756
5827114250697076718,https://www.hemnet.se/salda/lagenhet-2rum-vaster-landskrona-kommun-appelblomsgatan-3-5827114250697076718,45-46m²,bostadsratt,2026-09-09T16:00:39.870757
8438107198874201433,https://www.hemnet.se/salda/lagenhet-2rum-aspudden-stockholms-kommun-hagerstensvagen-153-8438107198874201433,45-46m²,bostadsratt,2026-09-09T16:00:39.870758
530371827699028854,https://www.hemnet.se/salda/lagenhet-2rum-hisings-backa-goteborgs-kommun-sagogangen-48-530371827699028854,45-46m²,bostadsratt,2026-09-09T16:00:39.870759
3399862875136611370,"https://www.hemnet.se/salda/lagenhet-2rum-akalla-stockholms-kommun-sibeliusgangen-48,-2-tr-3399862875136611370",45-46m²,bostadsratt,2026-09-09T16:00:39.870762
1717014945455027944,https://www.hemnet.se/salda/lagenhet-2rum-fruangen-stockholms-kommun-fredrika-bremers-gata-34-1717014945455027944,45-46m²,bostadsratt,2026-09-09T16:00:39.870764
8310234500005522054,https://www.hemnet.se/salda/lagenhet-2rum-rasunda-solna-kommun-ostervagen-28b-8310234500005522054,45-46m²,bostadsratt,2026-09-09T16:00:39.870765
4758885444509266251,https://www.hemnet.se/salda/lagenhet-1rum-kapellgardet-uppsala-kommun-rabyvagen-80-4758885444509266251,45-46m²,bostadsratt,2026-09-09T16:00:39.870766
1843545905926918468,https://www.hemnet.se/salda/lagenhet-2rum-haggvik-sollentuna-kommun-flygarevagen-28-1843545905926918468,45-46m²,bostadsratt,2026-09-09T16:00:39.870767
5144437180467404036,"https://www.hemnet.se/salda/lagenhet-2rum-sodermalm-maria-hogalid-stockholms-kommun-liljeholmsbron-8,-1-tr-5144437180467404036",45-46m²,bostadsratt,2026-09-09T16:00:39.870769
5065381146815078781,"https://www.hemnet.se/salda/lagenhet-1rum-kungsangen-tibble-upplands-bro-kommun-hjortronvagen-115,-1tr-5065381146815078781",45-46m²,bostadsratt,2026-09-09T16:00:39.870770
6540430716447098444,https://www.hemnet.se/salda/lagenhet-2rum-tullinge-botkyrka-kommun-fagerlidsvagen-5-6540430716447098444,45-46m²,bostadsratt,2026-09-09T16:00:39.870771
4682572758379621602,https://www.hemnet.se/salda/lagenhet-2rum-jarvastaden-solna-kommun-fridensborgsvagen-116-4682572758379621602,45-46m²,bostadsratt,2026-09-09T16:00:39.870772
2413301458094773261,https://www.hemnet.se/salda/lagenhet-2rum-sodra-ladugardsangen-orebro-kommun-lillbackavagen-7-2413301458094773261,45-46m²,bostadsratt,2026-09-09T16:00:39.870774
3986542436650484784,"https://www.hemnet.se/salda/lagenhet-2rum-bromma-annedal-stockholms-kommun-tomtebobarnens-gata-7,-3-tr,-3986542436650484784",45-46m²,bostadsratt,2026-09-09T16:00:39.870777
2524023632946808764,https://www.hemnet.se/salda/lagenhet-2rum-vasastaden-goteborgs-kommun-karl-gustavsgatan-33-2524023632946808764,45-46m²,bostadsratt,2026-09-09T16:00:39.870778
2041395412215388948,https://www.hemnet.se/salda/lagenhet-2rum-vallingby-racksta-tradgardsstad-stockholms-kommun-ostersundsgatan-4-2041395412215388948,45-46m²,bostadsratt,2026-09-09T16:00:39.870779
3418185556979595129,"https://www.hemnet.se/salda/lagenhet-1rum-rudviken,-solna-centrum-solna-kommun-solgatan-12-3418185556979595129",45-46m²,bostadsratt,2026-09-09T16:00:39.870781
1656117598173101439,"https://www.hemnet.se/salda/lagenhet-2rum-midsommarkransen-stockholms-kommun-backvagen-63,-1-tr-1656117598173101439",45-46m²,bostadsratt,2026-09-09T16:00:39.870782
785653230514452575,https://www.hemnet.se/salda/lagenhet-2rum-johanneshov-stockholms-kommun-skulptorvagen-1-785653230514452575,45-46m²,bostadsratt,2026-09-09T16:00:39.870783
6131907199523165424,"https://www.hemnet.se/salda/lagenhet-2rum-nytorget-stockholms-kommun-bondegatan-64a,-4tr-gardshus-6131907199523165424",45-46m²,bostadsratt,2026-09-09T16:00:39.870785
5195746143667282958,https://www.hemnet.se/salda/lagenhet-1rum-bjorkebo-tomelilla-kommun-bjorkebogatan-8-f-5195746143667282958,45-46m²,bostadsratt,2026-09-09T16:00:39.870786
2783623331129318509,"https://www.hemnet.se/salda/lagenhet-2rum-centrala-huddinge-huddinge-kommun-forradsvagen-34,-8tr-2783623331129318509",45-46m²,bostadsratt,2026-09-09T16:00:39.870787
2663851630679374280,"https://www.hemnet.se/salda/lagenhet-1,5rum-gamla-enskede-stockholms-kommun-nynasvagen-318-2663851630679374280",45-46m²,bostadsratt,2026-09-09T16:00:39.870788
103017344759612961,"https://www.hemnet.se/salda/lagenhet-2rum-kista-stockholms-kommun-helsingorsgatan-46,-3-tr-103017344759612961",45-46m²,bostadsratt,2026-09-09T16:00:39.870790
6870031207441689173,"https://www.hemnet.se/salda/lagenhet-2rum-ostermalm-stockholms-kommun-kaptensgatan-15-a,-o,g-6870031207441689173",45-46m²,bostadsratt,2026-09-09T16:00:39.870791
7969912055351339377,https://www.hemnet.se/salda/lagenhet-1rum-soder-kristianstads-kommun-stallgatan-3b-7969912055351339377,45-46m²,bostadsratt,2026-09-09T16:00:39.870792
7499972662822942701,"https://www.hemnet.se/salda/lagenhet-1,5rum-vasastan-stockholms-kommun-vanadisplan-1-7499972662822942701",45-46m²,bostadsratt,2026-09-09T16:00:39.870794
1762944747810650756,https://www.hemnet.se/salda/lagenhet-2rum-vallingby-parkstad-racksta-stockholms-kommun-funasgatan-8-1762944747810650756,45-46m²,bostadsratt,2026-09-09T16:00:39.870795
6862534410109646014,https://www.hemnet.se/salda/lagenhet-2rum-ovanfor-viadukten-varnamo-kommun-gotavagen-22-b-6862534410109646014,45-46m²,bostadsratt,2026-09-09T16:00:39.870796
4935378224938951361,https://www.hemnet.se/salda/lagenhet-1rum-tibble-kungsangen-upplands-bro-kommun-mullbarsstigen-29-4935378224938951361,45-46m²,bostadsratt,2026-09-09T16:00:39.870798
1113353998703952470,https://www.hemnet.se/salda/lagenhet-2rum-hjorthagen-stockholms-kommun-artemisgatan-3b-1113353998703952470,45-46m²,bostadsratt,2026-09-09T16:00:39.870799
7416490146155331349,https://www.hemnet.se/salda/lagenhet-1rum-sodertull-gavle-kommun-sorbygatan-69b-7416490146155331349,45-46m²,bostadsratt,2026-09-09T16:00:39.870800
3439601688882979328,https://www.hemnet.se/salda/lagenhet-1rum-alidhem-umea-kommun-kemigrand-20-3439601688882979328,45-46m²,bostadsratt,2026-09-09T16:00:39.870801
4946335411968471555,https://www.hemnet.se/salda/lagenhet-2rum-centrala-sundbyberg-sundbybergs-kommun-rosengatan-3-a-4946335411968471555,45-46m²,bostadsratt,2026-09-09T16:00:39.870802
8216015656183579151,https://www.hemnet.se/salda/lagenhet-1rum-nordstan-vanersborgs-kommun-kronogatan-46a-8216015656183579151,45-46m²,bostadsratt,2026-09-09T16:00:39.870804
4612667612399935603,https://www.hemnet.se/salda/lagenhet-2rum-lund-centrum-lunds-kommun-nygatan-3b-4612667612399935603,45-46m²,bostadsratt,2026-09-09T16:00:39.870807
5695256033554242526,"https://www.hemnet.se/salda/lagenhet-1,5rum-linne-goteborgs-kommun-nordostpassagen-19-5695256033554242526",45-46m²,bostadsratt,2026-09-09T16:00:39.870808
2063275861372654131,https://www.hemnet.se/salda/lagenhet-2rum-johanneberg-goteborgs-kommun-gibraltargatan-21c-2063275861372654131,45-46m²,bostadsratt,2026-09-09T16:00:39.870809
6311506897828627129,https://www.hemnet.se/salda/lagenhet-1rum-jarna-sodertalje-kommun-molnbovagen-23m-6311506897828627129,45-46m²,bostadsratt,2026-09-09T16:00:39.870812
4528211335413781209,"https://www.hemnet.se/salda/lagenhet-2rum-telefonplan-hagersten-stockholms-kommun-backvagen-89,-van-3-3-4528211335413781209",45-46m²,bostadsratt,2026-09-09T16:00:39.870814
5538834702838633727,https://www.hemnet.se/salda/lagenhet-2rum-turinge-nykvarns-kommun-norra-stationsvagen-8a-5538834702838633727,45-46m²,bostadsratt,2026-09-09T16:00:39.870815
4429757015802678393,https://www.hemnet.se/salda/lagenhet-2rum-arsta-stockholms-kommun-siljansvagen-32-4429757015802678393,45-46m²,bostadsratt,2026-09-09T16:00:39.870816
4562158292824390653,https://www.hemnet.se/salda/lagenhet-1rum-valla-linkopings-kommun-bjalbogatan-3a-4562158292824390653,45-46m²,bostadsratt,2026-09-09T16:00:39.870817
6555957072779901895,https://www.hemnet.se/salda/lagenhet-2rum-vallastaden-linkopings-kommun-nanna-svartz-gata-11-6555957072779901895,45-46m²,bostadsratt,2026-09-09T16:00:39.870819
5169513336750974449,https://www.hemnet.se/salda/lagenhet-2rum-kyrkbyn-goteborgs-kommun-eketragatan-12a-5169513336750974449,45-46m²,bostadsratt,2026-09-09T16:00:39.870820
6227896146945216518,https://www.hemnet.se/salda/lagenhet-1rum-tynnered-goteborgs-kommun-beryllgatan-57-6227896146945216518,45-46m²,bostadsratt,2026-09-09T16:00:39.870821
6575280052531284921,https://www.hemnet.se/salda/lagenhet-2rum-oster-oxelbergen-norrkopings-kommun-tingstagatan-5b-6575280052531284921,45-46m²,bostadsratt,2026-09-09T16:00:39.870823
1610803436546514293,"https://www.hemnet.se/salda/lagenhet-2rum-herserud-lidingo-kommun-bjornvagen-12,-4-tr-1610803436546514293",45-46m²,bostadsratt,2026-09-09T16:00:39.870824
630691133857651088,https://www.hemnet.se/salda/lagenhet-1rum-sorgenfri-malmo-kommun-ronnebygatan-1c-630691133857651088,45-46m²,bostadsratt,2026-09-09T16:00:39.870825
2091693440079558442,"https://www.hemnet.se/salda/lagenhet-1,5rum-sannegardshamnen-goteborgs-kommun-barken-storegrunds-gata-16-2091693440079558442",45-46m²,bostadsratt,2026-09-09T16:00:39.870827
2433603966291571905,https://www.hemnet.se/salda/lagenhet-2rum-kapellgardet-uppsala-kommun-orgelgatan-9-2433603966291571905,45-46m²,bostadsratt,2026-09-09T16:00:39.870828
8021550949390391245,https://www.hemnet.se/salda/lagenhet-2rum-centrum-gavle-kommun-sodra-skeppsbron-4-8021550949390391245,45-46m²,bostadsratt,2026-09-09T16:00:39.870829
7707352491071833712,https://www.hemnet.se/salda/lagenhet-1rum-korfaltet-ostersunds-kommun-krutvaktargrand-8-7707352491071833712,45-46m²,bostadsratt,2026-09-09T16:00:39.870830
1403098169816157528,https://www.hemnet.se/salda/lagenhet-2rum-ostermalm-stockholms-kommun-grevgatan-47-1403098169816157528,45-46m²,bostadsratt,2026-09-09T16:00:39.870832
6947743627724191781,https://www.hemnet.se/salda/lagenhet-2rum-stureby-stockholms-kommun-sagverksgatan-100-6947743627724191781,45-46m²,bostadsratt,2026-09-09T16:00:39.870833
3783781000658956652,https://www.hemnet.se/salda/lagenhet-3rum-vistaberg-huddinge-kommun-postbacken-2a-3783781000658956652,45-46m²,bostadsratt,2026-09-09T16:00:39.870834
4149506381066382464,https://www.hemnet.se/salda/lagenhet-2rum-parkstaden-kristianstads-kommun-skogsvagen-1a-4149506381066382464,45-46m²,bostadsratt,2026-09-09T16:00:39.870835
8349230557031437003,https://www.hemnet.se/salda/lagenhet-2rum-sodermalm-stockholms-kommun-ringvagen-155a-8349230557031437003,45-46m²,bostadsratt,2026-09-09T16:00:39.870837
8136429526910875265,https://www.hemnet.se/salda/lagenhet-2rum-centrum-alingsas-kommun-kolavagen-7c-8136429526910875265,45-46m²,bostadsratt,2026-09-09T16:00:39.870838
1150652844699938365,https://www.hemnet.se/salda/lagenhet-2rum-ultuna-uppsala-kommun-ekoxvagen-8-1150652844699938365,45-46m²,bostadsratt,2026-09-09T16:00:39.870839
5277356658769333884,https://www.hemnet.se/salda/lagenhet-1rum-hammarby-krumeluren-vasteras-kommun-narvavagen-49-5277356658769333884,45-46m²,bostadsratt,2026-09-09T16:00:39.870840
9218901930074345446,"https://www.hemnet.se/salda/lagenhet-2rum-telegrafberget,-nacka-nacka-kommun-semaforvagen-51-9218901930074345446",45-46m²,bostadsratt,2026-09-09T16:00:39.870842
744538252338458481,https://www.hemnet.se/salda/lagenhet-1rum-brynas-gavle-kommun-hillmansgatan-15f-744538252338458481,45-46m²,bostadsratt,2026-09-09T16:00:39.870843
6476566888298893516,https://www.hemnet.se/salda/lagenhet-2rum-vastra-gatan-kungalvs-kommun-strandgatan-64-6476566888298893516,45-46m²,bostadsratt,2026-09-09T16:00:39.870844
2120735011907726328,https://www.hemnet.se/salda/lagenhet-2rum-brotorp-jarvastaden-sundbybergs-kommun-vinthundsgatan-113-2120735011907726328,45-46m²,bostadsratt,2026-09-09T16:00:39.870847
5270914622462691477,https://www.hemnet.se/salda/lagenhet-1rum-askim-goteborgs-kommun-hedtangsvagen-23-5270914622462691477,45-46m²,bostadsratt,2026-09-09T16:00:39.870849
3019647236560106898,https://www.hemnet.se/salda/lagenhet-2rum-framre-luthagen-uppsala-kommun-gotgatan-2-3019647236560106898,45-46m²,bostadsratt,2026-09-09T16:00:39.870850
9174053675795277035,https://www.hemnet.se/salda/lagenhet-1rum-hovslatt-jonkopings-kommun-vastra-hallstorpsvagen-41-9174053675795277035,45-46m²,bostadsratt,2026-09-09T16:00:39.870853
6741738992262577352,https://www.hemnet.se/salda/lagenhet-1rum-centrum-ljungby-kommun-storgatan-30-a-6741738992262577352,45-46m²,bostadsratt,2026-09-09T16:00:39.870854
7112069611250936467,https://www.hemnet.se/salda/lagenhet-2rum-midsommarkransen-stockholms-kommun-responsgatan-12-7112069611250936467,45-46m²,bostadsratt,2026-09-09T16:00:39.870856
3088075215816681186,"https://www.hemnet.se/salda/lagenhet-1,5rum-nasbypark-taby-kommun-kryssargrand-5-3088075215816681186",45-46m²,bostadsratt,2026-09-09T16:00:39.870857
6023668078268298782,https://www.hemnet.se/salda/lagenhet-2rum-johanneberg-goteborgs-kommun-gibraltargatan-21d-6023668078268298782,45-46m²,bostadsratt,2026-09-09T16:00:39.870858
7704133026775363560,https://www.hemnet.se/salda/lagenhet-2rum-kvarnholmen-nacka-kommun-mjolnarvagen-22-7704133026775363560,45-46m²,bostadsratt,2026-09-09T16:00:39.870859
4201454966135292249,https://www.hemnet.se/salda/lagenhet-2rum-bremerlyckan-kalmar-kommun-vegagatan-4a-4201454966135292249,45-46m²,bostadsratt,2026-09-09T16:00:39.870861
7235963908136239603,https://www.hemnet.se/salda/lagenhet-2rum-johannesfred-stockholms-kommun-stangjarnsvagen-21-7235963908136239603,45-46m²,bostadsratt,2026-09-09T16:00:39.870862
5626926466990165376,https://www.hemnet.se/salda/lagenhet-2rum-lund-centrum-lunds-kommun-agardhsgatan-7-5626926466990165376,45-46m²,bostadsratt,2026-09-09T16:00:39.870863
5539536412071063405,https://www.hemnet.se/salda/lagenhet-2rum-norra-faladen-lunds-kommun-parternas-grand-1-5539536412071063405,45-46m²,bostadsratt,2026-09-09T16:00:39.870864
4778892693554666273,"https://www.hemnet.se/salda/lagenhet-2rum-hammarbyhojden,-johanneshov-stockholms-kommun-kalmgatan-21-4778892693554666273",45-46m²,bostadsratt,2026-09-09T16:00:39.870866
1799038434150520737,https://www.hemnet.se/salda/lagenhet-2rum-hagerstensasen-stockholms-kommun-sparbanksvagen-76-1799038434150520737,45-46m²,bostadsratt,2026-09-09T16:00:39.870867
4284483816964313077,https://www.hemnet.se/salda/lagenhet-2rum-sodermalm-sofia-stockholms-kommun-ringvagen-153b-4284483816964313077,45-46m²,bostadsratt,2026-09-09T16:00:39.870868
1952962990498671039,https://www.hemnet.se/salda/lagenhet-1rum-hammarby-sjostad-stockholms-kommun-vavar-johans-gata-15-1952962990498671039,45-46m²,bostadsratt,2026-09-09T16:00:39.870869
502061884439806561,https://www.hemnet.se/salda/lagenhet-2rum-sodermalm-stockholms-kommun-olandsgatan-46-502061884439806561,45-46m²,bostadsratt,2026-09-09T16:00:39.870871
8999476343330617387,https://www.hemnet.se/salda/lagenhet-2rum-handen-haninge-kommun-nynasvagen-98-8999476343330617387,45-46m²,bostadsratt,2026-09-09T16:00:39.870872
2408198833139472053,https://www.hemnet.se/salda/lagenhet-2rum-centrala-stan-umea-kommun-storgatan-96-2408198833139472053,45-46m²,bostadsratt,2026-09-09T16:00:39.870873
7215921896150836771,https://www.hemnet.se/salda/lagenhet-2rum-kungsholmen-stockholms-kommun-pipersgatan-3a-7215921896150836771,45-46m²,bostadsratt,2026-09-09T16:00:39.870874
7445966833351131591,https://www.hemnet.se/salda/lagenhet-2rum-soder-eskilstuna-kommun-sodra-bangardsgatan-8b-7445966833351131591,45-46m²,bostadsratt,2026-09-09T16:00:39.870876
2766487261549550088,https://www.hemnet.se/salda/lagenhet-1rum-gavle-brynas-gavle-kommun-styrmansgatan-10-2766487261549550088,45-46m²,bostadsratt,2026-09-09T16:00:39.870877
7965338398458547500,"https://www.hemnet.se/salda/lagenhet-1,5rum-kungsholmen-stockholms-kommun-sankt-eriksgatan-15-7965338398458547500",45-46m²,bostadsratt,2026-09-09T16:00:39.870878
2784973835997825199,https://www.hemnet.se/salda/lagenhet-2rum-sodermalm-mariaberget-stockholms-kommun-tavastgatan-15-2784973835997825199,45-46m²,bostadsratt,2026-09-09T16:00:39.870879
3046128168788841280,https://www.hemnet.se/salda/lagenhet-2rum-hyllie-malmo-kommun-mellersta-tennisgrand-9-3046128168788841280,45-46m²,bostadsratt,2026-09-09T16:00:39.870882
8673226240978611587,https://www.hemnet.se/salda/lagenhet-2rum-lambohov-valla-linkopings-kommun-sisalgrand-4-8673226240978611587,45-46m²,bostadsratt,2026-09-09T16:00:39.870884
7056069331495454530,https://www.hemnet.se/salda/lagenhet-2rum-huddinge-centralt-huddinge-kommun-forradsvagen-34-7056069331495454530,45-46m²,bostadsratt,2026-09-09T16:00:39.870885
6105095917590344401,https://www.hemnet.se/salda/lagenhet-2rum-jamtbo-sagbo-avesta-kommun-frejgatan-10c-6105095917590344401,45-46m²,bostadsratt,2026-09-09T16:00:39.870886
7648709969572579394,https://www.hemnet.se/salda/lagenhet-2rum-skiljebo-vasteras-kommun-fridlundsvagen-3b-7648709969572579394,45-46m²,bostadsratt,2026-09-09T16:00:39.870887
8565011210922869328,https://www.hemnet.se/salda/lagenhet-3rum-fredhall-stockholms-kommun-messeniusgatan-6-8565011210922869328,45-46m²,bostadsratt,2026-09-09T16:00:39.870889
2850742241094653882,https://www.hemnet.se/salda/lagenhet-2rum-gustavsberg-varmdo-kommun-ursula-printz-gata-3-2850742241094653882,45-46m²,bostadsratt,2026-09-09T16:00:39.870890
6011854893757583438,https://www.hemnet.se/salda/lagenhet-2rum-norrmalm-skovde-kommun-gransikagatan-9c-6011854893757583438,45-46m²,bostadsratt,2026-09-09T16:00:39.870891
136469277473942382,https://www.hemnet.se/salda/lagenhet-2rum-varnhem-malmo-kommun-sallerupsvagen-26b-136469277473942382,45-46m²,bostadsratt,2026-09-09T16:00:39.870892
6114669713501497848,https://www.hemnet.se/salda/lagenhet-2rum-skarmarbrink-stockholms-kommun-pelargatan-4-6114669713501497848,45-46m²,bostadsratt,2026-09-09T16:00:39.870895
2964185256076515761,"https://www.hemnet.se/salda/lagenhet-2rum-arsta-stockholms-kommun-bolmensvagen-15,-2-tr-2964185256076515761",45-46m²,bostadsratt,2026-09-09T16:00:39.870897
3878256765929623312,https://www.hemnet.se/salda/lagenhet-2rum-sodermalm-stockholms-kommun-folkungagatan-112-3878256765929623312,45-46m²,bostadsratt,2026-09-09T16:00:39.870898
579852969294983385,https://www.hemnet.se/salda/lagenhet-2rum-molndal-innerstaden-molndals-kommun-irisgatan-1a-579852969294983385,45-46m²,bostadsratt,2026-09-09T16:00:39.870899
1770570086011779249,https://www.hemnet.se/salda/lagenhet-2rum-bromma-traneberg-stockholms-kommun-svartviksvagen-4-1770570086011779249,45-46m²,bostadsratt,2026-09-09T16:00:39.870901
3261145356415597924,https://www.hemnet.se/salda/lagenhet-2rum-bolinder-strand-jarfalla-kommun-maskinistvagen-9-3261145356415597924,45-46m²,bostadsratt,2026-09-09T16:00:39.870902
3117037767336335778,https://www.hemnet.se/salda/lagenhet-2rum-arenastaden-solna-kommun-evenemangsgatan-24-3117037767336335778,45-46m²,bostadsratt,2026-09-09T16:00:39.870903
565423191815117986,https://www.hemnet.se/salda/lagenhet-2rum-norra-sorgenfri-malmo-kommun-ostra-farmvagen-19ba-565423191815117986,45-46m²,bostadsratt,2026-09-09T16:00:39.870905
5603228980418705859,https://www.hemnet.se/salda/lagenhet-2rum-prippska-tomten-goteborgs-kommun-barnhusgatan-11-5603228980418705859,45-46m²,bostadsratt,2026-09-09T16:00:39.870906
1133383717856461875,https://www.hemnet.se/salda/lagenhet-2rum-hasthagen-malmo-kommun-carl-herslowsgatan-11b-1133383717856461875,45-46m²,bostadsratt,2026-09-09T16:00:39.870907
351736547354097732,https://www.hemnet.se/salda/lagenhet-2rum-norra-faladen-lunds-kommun-parternas-grand-1-351736547354097732,45-46m²,bostadsratt,2026-09-09T16:00:39.870908
4906001130892250195,https://www.hemnet.se/salda/lagenhet-1rum-centrum-tidaholms-kommun-sodra-ringvagen-46-4906001130892250195,45-46m²,bostadsratt,2026-09-09T16:00:39.870910
1694776404123746937,https://www.hemnet.se/salda/lagenhet-2rum-hedvigslund-nacka-kommun-lovisedalsvagen-172-1694776404123746937,45-46m²,bostadsratt,2026-09-09T16:00:39.870911
2399980066742567685,"https://www.hemnet.se/salda/lagenhet-1,5rum-nedre-gardet-stockholms-kommun-erik-dahlbergsgatan-41-2399980066742567685",45-46m²,bostadsratt,2026-09-09T16:00:39.870912
5166483503009247562,"https://www.hemnet.se/salda/lagenhet-2rum-hammarby-sjostad-stockholms-kommun-redargatan-5,-5tr-5166483503009247562",45-46m²,bostadsratt,2026-09-09T16:00:39.870914
1591620777840992853,https://www.hemnet.se/salda/lagenhet-2rum-centrum-varvet-lulea-kommun-oscarsgatan-3-1591620777840992853,45-46m²,bostadsratt,2026-09-09T16:00:39.870915
4590891288876337061,"https://www.hemnet.se/salda/lagenhet-2rum-ostermalm-stockholms-kommun-brahegatan-48,-4tr-4590891288876337061",45-46m²,bostadsratt,2026-09-09T16:00:39.870916
3009995974638061536,https://www.hemnet.se/salda/lagenhet-1rum-tynnered-goteborgs-kommun-guldringen-34-3009995974638061536,45-46m²,bostadsratt,2026-09-09T16:00:39.870919
1614064687627927557,https://www.hemnet.se/salda/lagenhet-2rum-rasunda-solna-kommun-erik-sandbergs-gata-8-1614064687627927557,45-46m²,bostadsratt,2026-09-09T16:00:39.870921
4011439130179598013,"https://www.hemnet.se/salda/lagenhet-2rum-arsta-stockholms-kommun-tamnarvagen-22,-2tr-4011439130179598013",45-46m²,bostadsratt,2026-09-09T16:00:39.870922
8811813341418509913,https://www.hemnet.se/salda/lagenhet-2rum-molndal-pedagogen-park-molndals-kommun-pedagoggatan-14-8811813341418509913,45-46m²,bostadsratt,2026-09-09T16:00:39.870923
2620828950389356787,https://www.hemnet.se/salda/lagenhet-2rum-ostermalm-stockholms-kommun-sibyllegatan-33-2620828950389356787,45-46m²,bostadsratt,2026-09-09T16:00:39.870924
6803578973649595010,"https://www.hemnet.se/salda/lagenhet-1,5rum-nya-garda-goteborgs-kommun-sixten-camps-gata-4-6803578973649595010",45-46m²,bostadsratt,2026-09-09T16:00:39.870926
8254452092401486662,https://www.hemnet.se/salda/lagenhet-2rum-nydala-sodertalje-kommun-lingonstigen-3-8254452092401486662,45-46m²,bostadsratt,2026-09-09T16:00:39.870927
45224759824741380,https://www.hemnet.se/salda/lagenhet-2rum-solna-solna-kommun-vasavagen-18-45224759824741380,45-46m²,bostadsratt,2026-09-09T16:00:39.870928
8250247654474909182,https://www.hemnet.se/salda/lagenhet-1rum-telefonplan-midsommarkransen-stockholms-kommun-responsgatan-14-8250247654474909182,45-46m²,bostadsratt,2026-09-09T16:00:39.870929
7780047337316383899,https://www.hemnet.se/salda/lagenhet-2rum-arsta-uppsala-kommun-fyrislundsgatan-28-7780047337316383899,45-46m²,bostadsratt,2026-09-09T16:00:39.870931
3030159094057022936,https://www.hemnet.se/salda/lagenhet-2rum-centrum-ludvika-kommun-storgatan-34c-3030159094057022936,45-46m²,bostadsratt,2026-09-09T16:00:39.870932
688722130367587647,https://www.hemnet.se/salda/lagenhet-2rum-arsta-stockholms-kommun-siljansvagen-35-688722130367587647,45-46m²,bostadsratt,2026-09-09T16:00:39.870933
8349961839894704413,"https://www.hemnet.se/salda/lagenhet-1,5rum-centrala-hisingen-goteborgs-kommun-jagaregatan-6a-8349961839894704413",45-46m²,bostadsratt,2026-09-09T16:00:39.870934
8347644951376445082,"https://www.hemnet.se/salda/lagenhet-2rum-vasastan-odenplan-stockholms-kommun-vegagatan-5,-2tr-8347644951376445082",45-46m²,bostadsratt,2026-09-09T16:00:39.870936
2639924917989017136,"https://www.hemnet.se/salda/lagenhet-1,5rum-kviberg-goteborgs-kommun-generalsgatan-6-2639924917989017136",45-46m²,bostadsratt,2026-09-09T16:00:39.870937
5325575107492859229,https://www.hemnet.se/salda/lagenhet-2rum-parkstaden-kristianstads-kommun-lasarettsboulevarden-18f-5325575107492859229,45-46m²,bostadsratt,2026-09-09T16:00:39.870940
8868916240867701958,https://www.hemnet.se/salda/lagenhet-1rum-kapellgardet-uppsala-kommun-rabyvagen-84-8868916240867701958,45-46m²,bostadsratt,2026-09-09T16:00:39.870941
527571198920311481,https://www.hemnet.se/salda/lagenhet-2rum-rosendal-uppsala-kommun-prefektgatan-6-527571198920311481,45-46m²,bostadsratt,2026-09-09T16:00:39.870943
7351882535477666174,https://www.hemnet.se/salda/lagenhet-1rum-halmstad-centralt-halmstads-kommun-bissmarksgatan-10-7351882535477666174,45-46m²,bostadsratt,2026-09-09T16:00:39.870944
5023391536878112165,https://www.hemnet.se/salda/lagenhet-2rum-tureberg-sollentuna-kommun-turebergs-alle-41-5023391536878112165,45-46m²,bostadsratt,2026-09-09T16:00:39.870945
5774196158098415383,https://www.hemnet.se/salda/lagenhet-2rum-rasunda-solna-kommun-rasundavagen-167-5774196158098415383,45-46m²,bostadsratt,2026-09-09T16:00:39.870946
161303054350438321,https://www.hemnet.se/salda/lagenhet-2rum-sodermalm-stockholms-kommun-bondegatan-64b-161303054350438321,45-46m²,bostadsratt,2026-09-09T16:00:39.870948
1509470219510717888,"https://www.hemnet.se/salda/lagenhet-1,5rum-farsta-stockholms-kommun-eksharadsgatan-81,-1-tr-1509470219510717888",45-46m²,bostadsratt,2026-09-09T16:00:39.870949
4850556343146891442,https://www.hemnet.se/salda/lagenhet-2rum-hogalid-stockholms-kommun-krukmakargatan-33b-4850556343146891442,45-46m²,bostadsratt,2026-09-09T16:00:39.870950
8277897576269405175,https://www.hemnet.se/salda/lagenhet-2rum-sundbyberg-lilla-alby-sundbybergs-kommun-tradgardsgatan-4-8277897576269405175,45-46m²,bostadsratt,2026-09-09T16:00:39.870951
4294416871914973401,https://www.hemnet.se/salda/lagenhet-2rum-sodermalm-stockholms-kommun-olandsgatan-46-4294416871914973401,45-46m²,bostadsratt,2026-09-09T16:00:39.870954
8736526598499345781,https://www.hemnet.se/salda/lagenhet-1rum-sodermalm-stockholms-kommun-bjurholmsplan-28-8736526598499345781,45-46m²,bostadsratt,2026-09-09T16:00:39.870956
7266485040753881004,https://www.hemnet.se/salda/lagenhet-2rum-mollevangen-malmo-kommun-falsterbogatan-22a-7266485040753881004,45-46m²,bostadsratt,2026-09-09T16:00:39.870957
2462514066221220543,https://www.hemnet.se/salda/lagenhet-2rum-arenastaden-solna-kommun-evenemangsgatan-30-2462514066221220543,45-46m²,bostadsratt,2026-09-09T16:00:39.870958
1041294185078757903,https://www.hemnet.se/salda/lagenhet-2rum-linnestaden-goteborgs-kommun-nordhemsgatan-10-1041294185078757903,45-46m²,bostadsratt,2026-09-09T16:00:39.870959
3326115289068509356,https://www.hemnet.se/salda/lagenhet-2rum-edsangen-sollentuna-kommun-hovslagarevagen-17-3326115289068509356,45-46m²,bostadsratt,2026-09-09T16:00:39.870961
1062412969498010596,https://www.hemnet.se/salda/lagenhet-2rum-sodermalm-stockholms-kommun-nytorgsgatan-15-1062412969498010596,45-46m²,bostadsratt,2026-09-09T16:00:39.870962
410012048250824001,https://www.hemnet.se/salda/lagenhet-2rum-midhem-malmo-kommun-saarisvagen-12a-410012048250824001,45-46m²,bostadsratt,2026-09-09T16:00:39.870963
6105431958133988342,https://www.hemnet.se/salda/lagenhet-2rum-ostra-vi-gotlands-kommun-greta-arwidssons-gata-19e-6105431958133988342,45-46m²,bostadsratt,2026-09-09T16:00:39.870965
1655062048890722514,"https://www.hemnet.se/salda/lagenhet-1,5rum-visattra-huddinge-kommun-sagstuvagen-29-1655062048890722514",45-46m²,bostadsratt,2026-09-09T16:00:39.870966
9032827181120872006,"https://www.hemnet.se/salda/lagenhet-1,5rum-centrum-vasteras-kommun-sturegatan-17b-9032827181120872006",45-46m²,bostadsratt,2026-09-09T16:00:39.870967
8910491011689913147,https://www.hemnet.se/salda/lagenhet-2rum-centrala-vargarda-vargarda-kommun-fasangatan-19-8910491011689913147,45-46m²,bostadsratt,2026-09-09T16:00:39.870968
4089348128311183289,https://www.hemnet.se/salda/lagenhet-1rum-grossgardet-norrtalje-kommun-gotgatan-15-a-4089348128311183289,45-46m²,bostadsratt,2026-09-09T16:00:39.870970
6253471155784431571,https://www.hemnet.se/salda/lagenhet-2rum-solhem-stockholms-kommun-dagsverksvagen-227-6253471155784431571,45-46m²,bostadsratt,2026-09-09T16:00:39.870971
4128389032764444099,"https://www.hemnet.se/salda/lagenhet-2rum-kungsholmen-stockholms-kommun-kungsklippan-11,-1-tr-van-2-4128389032764444099",45-46m²,bostadsratt,2026-09-09T16:00:39.870972
456367935819574688,https://www.hemnet.se/salda/lagenhet-2rum-knivsta-knivsta-kommun-faktorns-gata-5a-456367935819574688,45-46m²,bostadsratt,2026-09-09T16:00:39.870974
7487909719681530140,https://www.hemnet.se/salda/lagenhet-2rum-rasunda-solna-kommun-ostervagen-28b-7487909719681530140,45-46m²,bostadsratt,2026-09-09T16:00:39.870975
9085519908482938979,https://www.hemnet.se/salda/lagenhet-2rum-centrala-sundbyberg-sundbybergs-kommun-vintergatan-2d-9085519908482938979,45-46m²,bostadsratt,2026-09-09T16:00:39.870976
997246578522327662,https://www.hemnet.se/salda/lagenhet-2rum-kista-stockholms-kommun-kopenhamnsgatan-20-997246578522327662,45-46m²,bostadsratt,2026-09-09T16:00:39.870978
238132241977999868,"https://www.hemnet.se/salda/lagenhet-1,5rum-lindo-kalmar-kommun-lagmansgatan-6a-238132241977999868",45-46m²,bostadsratt,2026-09-09T16:00:39.870979
8758235854810264038,"https://www.hemnet.se/salda/lagenhet-2rum-kungsholmen-stockholms-kommun-wargentinsgatan-7,-3tr-8758235854810264038",45-46m²,bostadsratt,2026-09-09T16:00:39.870980
3023888975495281819,https://www.hemnet.se/salda/lagenhet-2rum-riksby-stockholms-kommun-spangavagen-9-3023888975495281819,45-46m²,bostadsratt,2026-09-09T16:00:39.870981
3377909502766145060,"https://www.hemnet.se/salda/lagenhet-1,5rum-varnhem-malmo-kommun-vargatan-15-3377909502766145060",45-46m²,bostadsratt,2026-09-09T16:00:39.870984
2004540924579686257,https://www.hemnet.se/salda/lagenhet-2rum-centrum-linkopings-kommun-agatan-26a-2004540924579686257,45-46m²,bostadsratt,2026-09-09T16:00:39.870986
6812700977874431963,https://www.hemnet.se/salda/lagenhet-2rum-trelleborg-centralt-trelleborgs-kommun-hansagatan-5-6812700977874431963,45-46m²,bostadsratt,2026-09-09T16:00:39.870987
4552209544231232992,https://www.hemnet.se/salda/lagenhet-2rum-gudoviken-tyreso-kommun-gudoterrassen-142-4552209544231232992,45-46m²,bostadsratt,2026-09-09T16:00:39.870988
2733003116269068872,https://www.hemnet.se/salda/lagenhet-2rum-gustavsbergs-porslinskvarteren-varmdo-kommun-wilhelm-kages-gata-32a-2733003116269068872,45-46m²,bostadsratt,2026-09-09T16:00:39.870992
2015077366621342359,"https://www.hemnet.se/salda/lagenhet-1,5rum-sodermalm-stockholms-kommun-erstagatan-21-2015077366621342359",45-46m²,bostadsratt,2026-09-09T16:00:39.870993
5714472947484192719,https://www.hemnet.se/salda/lagenhet-2rum-arsta-stockholms-kommun-ramensvagen-45-5714472947484192719,45-46m²,bostadsratt,2026-09-09T16:00:39.870994
8260518321892019876,https://www.hemnet.se/salda/lagenhet-2rum-majorna-sandarna-goteborgs-kommun-karl-johansgatan-164a-8260518321892019876,45-46m²,bostadsratt,2026-09-09T16:00:39.870996
3611861110399411649,https://www.hemnet.se/salda/lagenhet-2rum-centrum-lunds-kommun-sodra-esplanaden-16-3611861110399411649,45-46m²,bostadsratt,2026-09-09T16:00:39.870997
574381744738535370,https://www.hemnet.se/salda/lagenhet-2rum-teg-umea-kommun-tankvagen-20a-574381744738535370,45-46m²,bostadsratt,2026-09-09T16:00:39.870998
1890447648166519989,https://www.hemnet.se/salda/lagenhet-1rum-trosso-karlskrona-kommun-alamedan-6a-1890447648166519989,45-46m²,bostadsratt,2026-09-09T16:00:39.870999
1626984457003801579,https://www.hemnet.se/salda/lagenhet-2rum-centrum-kungalvs-kommun-frakne-grand-11-1626984457003801579,45-46m²,bostadsratt,2026-09-09T16:00:39.871001
668965042631933039,"https://www.hemnet.se/salda/lagenhet-2rum-sodermalm-sofia-stockholms-kommun-emelies-gata-27,-5-tr-668965042631933039",45-46m²,bostadsratt,2026-09-09T16:00:39.871002
3455117299003890557,https://www.hemnet.se/salda/lagenhet-2rum-klockelund-stockholms-kommun-klockelundsvagen-14-3455117299003890557,45-46m²,bostadsratt,2026-09-09T16:00:39.871003
6432879026066385642,https://www.hemnet.se/salda/lagenhet-2rum-johanneberg-goteborgs-kommun-eklandagatan-67a-6432879026066385642,45-46m²,bostadsratt,2026-09-09T16:00:39.871004
8006292424402178390,https://www.hemnet.se/salda/lagenhet-2rum-gamlestaden-goteborgs-kommun-fanjunkaregatan-2b-8006292424402178390,45-46m²,bostadsratt,2026-09-09T16:00:39.871006
3347345181080757099,https://www.hemnet.se/salda/lagenhet-2rum-ostermalm-stockholms-kommun-artillerigatan-56-3347345181080757099,45-46m²,bostadsratt,2026-09-09T16:00:39.871007
5113232673924129149,https://www.hemnet.se/salda/lagenhet-2rum-hjorthagen-stockholms-kommun-radjursstigen-4-5113232673924129149,45-46m²,bostadsratt,2026-09-09T16:00:39.871008
7131435068051681708,https://www.hemnet.se/salda/lagenhet-2rum-kungsholmen-stockholms-kommun-kungsholms-strand-137-7131435068051681708,45-46m²,bostadsratt,2026-09-09T16:00:39.871009
4248085625951509539,https://www.hemnet.se/salda/lagenhet-2rum-ostermalm-stockholms-kommun-banergatan-44-4248085625951509539,45-46m²,bostadsratt,2026-09-09T16:00:39.871011
7587674761236343522,https://www.hemnet.se/salda/lagenhet-2rum-fruangen-stockholms-kommun-agnes-lagerstedts-gata-25-7587674761236343522,45-46m²,bostadsratt,2026-09-09T16:00:39.871012
2982030499274767075,https://www.hemnet.se/salda/lagenhet-2rum-midsommarkransen-stockholms-kommun-responsgatan-12-2982030499274767075,45-46m²,bostadsratt,2026-09-09T16:00:39.871013
5417186963883187492,https://www.hemnet.se/salda/lagenhet-2rum-sodra-kalltorp-vasteras-kommun-jordgubbsvagen-20d-5417186963883187492,45-46m²,bostadsratt,2026-09-09T16:00:39.871014
5605641104981351080,https://www.hemnet.se/salda/lagenhet-2rum-marieberg-stockholms-kommun-wennerbergsgatan-6-a-5605641104981351080,45-46m²,bostadsratt,2026-09-09T16:00:39.871016
1191061949681446365,https://www.hemnet.se/salda/lagenhet-2rum-fornhojden-sodertalje-kommun-fornhojdsvagen-52-1191061949681446365,45-46m²,bostadsratt,2026-09-09T16:00:39.871017
8191799492297167456,https://www.hemnet.se/salda/lagenhet-2rum-telefonplan-midsommarkransen-stockholms-kommun-responsgatan-14-8191799492297167456,45-46m²,bostadsratt,2026-09-09T16:00:39.871018
4858040617045510416,https://www.hemnet.se/salda/lagenhet-2rum-hasthagen-malmo-kommun-erik-dahlbergsgatan-17-4858040617045510416,45-46m²,bostadsratt,2026-09-09T16:00:39.871019
1886016999311987986,https://www.hemnet.se/salda/lagenhet-2rum-kallhall-jarfalla-kommun-kalltorpsvagen-11-1886016999311987986,45-46m²,bostadsratt,2026-09-09T16:00:39.871021
7501062988304016194,https://www.hemnet.se/salda/lagenhet-2rum-bromma-johannesfred-stockholms-kommun-stangjarnsvagen-7-7501062988304016194,45-46m²,bostadsratt,2026-09-09T16:00:39.871022
2349388057434264349,https://www.hemnet.se/salda/lagenhet-2rum-hisingen-goteborgs-kommun-kunskapsgatan-23-2349388057434264349,45-46m²,bostadsratt,2026-09-09T16:00:39.871025
5536489838873061352,https://www.hemnet.se/salda/lagenhet-2rum-nacka-tollare-nacka-kommun-tollare-kaj-12-5536489838873061352,45-46m²,bostadsratt,2026-09-09T16:00:39.871026
683037934906619334,https://www.hemnet.se/salda/lagenhet-2rum-osterhaninge-haninge-kommun-oxens-gata-264-683037934906619334,45-46m²,bostadsratt,2026-09-09T16:00:39.871028
134053110720072240,https://www.hemnet.se/salda/lagenhet-2rum-gimonas-umea-kommun-kolvaktargrand-3-134053110720072240,45-46m²,bostadsratt,2026-09-09T16:00:39.871031
569597911749831415,https://www.hemnet.se/salda/lagenhet-2rum-nykvarn-nykvarns-kommun-bruksgatan-1c-569597911749831415,45-46m²,bostadsratt,2026-09-09T16:00:39.871032
2463042758177878866,https://www.hemnet.se/salda/lagenhet-1rum-forfattarbyn-staffanstorps-kommun-strindbergs-vag-3-a-2463042758177878866,45-46m²,bostadsratt,2026-09-09T16:00:39.871034
7777692816551737345,"https://www.hemnet.se/salda/lagenhet-2rum-lilla-alby-sundbybergs-kommun-lofstroms-alle-2a,-van-7-7-7777692816551737345",45-46m²,bostadsratt,2026-09-09T16:00:39.871035
3398738320394087156,https://www.hemnet.se/salda/lagenhet-2rum-taljoviken-osterakers-kommun-myntbacken-17-3398738320394087156,45-46m²,bostadsratt,2026-09-09T16:00:39.871037
2938168759995121425,https://www.hemnet.se/salda/lagenhet-2rum-bromma-akeslund-stockholms-kommun-stopvagen-92-2938168759995121425,45-46m²,bostadsratt,2026-09-09T16:00:39.871038
264160899860731615,https://www.hemnet.se/salda/lagenhet-2rum-centrala-sundbyberg-sundbybergs-kommun-vintergatan-2b-264160899860731615,45-46m²,bostadsratt,2026-09-09T16:00:39.871039
8093463559608814140,https://www.hemnet.se/salda/lagenhet-1rum-nya-hovas-goteborgs-kommun-hovas-alle-29-8093463559608814140,45-46m²,bostadsratt,2026-09-09T16:00:39.871040
7901938402764287321,https://www.hemnet.se/salda/lagenhet-2rum-beckershov-norrkopings-kommun-himmelstalundsvagen-34-7901938402764287321,45-46m²,bostadsratt,2026-09-09T16:00:39.871042
1138741576596192985,https://www.hemnet.se/salda/lagenhet-2rum-lilla-essingen-stockholms-kommun-primusgatan-51-1138741576596192985,45-46m²,bostadsratt,2026-09-09T16:00:39.871045
1964346253780159727,https://www.hemnet.se/salda/lagenhet-2rum-sodermalm-stockholms-kommun-bohusgatan-57-van-4-5-1964346253780159727,45-46m²,bostadsratt,2026-09-09T16:00:39.871046
6926753169322524149,https://www.hemnet.se/salda/lagenhet-2rum-hallsberg-centralt-hallsbergs-kommun-esplanaden-9b-6926753169322524149,45-46m²,bostadsratt,2026-09-09T16:00:39.871047
7071714904791265137,"https://www.hemnet.se/salda/lagenhet-1,5rum-soderhamn-soderhamns-kommun-kaptensgatan-13-a-7071714904791265137",45-46m²,bostadsratt,2026-09-09T16:00:39.871049
7176497870373816546,https://www.hemnet.se/salda/lagenhet-2rum-jarla-sjo-nacka-kommun-gustaf-de-lavals-torg-8-7176497870373816546,45-46m²,bostadsratt,2026-09-09T16:00:39.871050
6039156814217088514,https://www.hemnet.se/salda/lagenhet-2rum-lidingo-lidingo-kommun-solstigen-4-e-6039156814217088514,45-46m²,bostadsratt,2026-09-09T16:00:39.871051
6406950810343749345,"https://www.hemnet.se/salda/lagenhet-2rum-hagerstensasen-stockholms-kommun-sparbanksvagen-50,-3-tr,-6406950810343749345",45-46m²,bostadsratt,2026-09-09T16:00:39.871053
8043022537681808904,https://www.hemnet.se/salda/lagenhet-2rum-vasastaden-linkopings-kommun-krouthens-gata-2-8043022537681808904,45-46m²,bostadsratt,2026-09-09T16:00:39.871054
588641644688571178,https://www.hemnet.se/salda/lagenhet-2rum-centrala-huddinge-huddinge-kommun-sjodalsvagen-17-588641644688571178,45-46m²,bostadsratt,2026-09-09T16:00:39.871055
8727097870152307132,https://www.hemnet.se/salda/lagenhet-2rum-kvarnholmen-nacka-kommun-tre-kronors-vag-35-8727097870152307132,45-46m²,bostadsratt,2026-09-09T16:00:39.871056
8857363510179095533,https://www.hemnet.se/salda/lagenhet-2rum-rorsjostaden-varnhem-malmo-kommun-sparvagen-16a-8857363510179095533,45-46m²,bostadsratt,2026-09-09T16:00:39.871058
3276075029809812992,"https://www.hemnet.se/salda/lagenhet-2,5rum-grondal-stockholms-kommun-klyvarvagen-5-3276075029809812992",45-46m²,bostadsratt,2026-09-09T16:00:39.871059
4046205892862054151,https://www.hemnet.se/salda/lagenhet-2rum-centrum-enkopings-kommun-kryddgardsgatan-23-4046205892862054151,45-46m²,bostadsratt,2026-09-09T16:00:39.871060
6947889267377069612,https://www.hemnet.se/salda/lagenhet-2rum-hyllie-malmo-kommun-mellersta-tennisgrand-11-6947889267377069612,45-46m²,bostadsratt,2026-09-09T16:00:39.871061
8656121433385409332,"https://www.hemnet.se/salda/lagenhet-2rum-kungsholmen-stockholms-kommun-kungsklippan-5,-2tr-8656121433385409332",45-46m²,bostadsratt,2026-09-09T16:00:39.871064
94667727662261271,https://www.hemnet.se/salda/lagenhet-2rum-dalaberg-uddevalla-kommun-carl-rosens-grand-4-94667727662261271,45-46m²,bostadsratt,2026-09-09T16:00:39.871066
1964102893981714003,"https://www.hemnet.se/salda/lagenhet-2rum-arsta-stockholms-kommun-ramensvagen-45,-van-3-3-1964102893981714003",45-46m²,bostadsratt,2026-09-09T16:00:39.871067
8757768712241119932,"https://www.hemnet.se/salda/lagenhet-2rum-nytorget-stockholms-kommun-asogatan-166,-6tr-8757768712241119932",45-46m²,bostadsratt,2026-09-09T16:00:39.871068
7587624888630595390,"https://www.hemnet.se/salda/lagenhet-1rum-vasastan-birkastan-stockholms-kommun-bravallagatan-9a,-3tr-7587624888630595390",45-46m²,bostadsratt,2026-09-09T16:00:39.871070
5156805199692103780,https://www.hemnet.se/salda/lagenhet-2rum-vasastan-norrmalm-stockholms-kommun-klara-norra-kyrkogata-32-5156805199692103780,45-46m²,bostadsratt,2026-09-09T16:00:39.871071
1929773959005706145,https://www.hemnet.se/salda/lagenhet-2rum-centrala-ystad-ystads-kommun-borgmastaregatan-4-1929773959005706145,45-46m²,bostadsratt,2026-09-09T16:00:39.871072
7002515894186923718,https://www.hemnet.se/salda/lagenhet-2rum-soderby-park-salems-kommun-verandastigen-3-7002515894186923718,45-46m²,bostadsratt,2026-09-09T16:00:39.871074
4048741809796085267,https://www.hemnet.se/salda/lagenhet-2rum-gustavsberg-porslinskvarteren-varmdo-kommun-maja-snis-gata-1-4048741809796085267,45-46m²,bostadsratt,2026-09-09T16:00:39.871077
5248518193232720830,https://www.hemnet.se/salda/lagenhet-1rum-smedjebacken-smedjebackens-kommun-kyrkogatan-45-d-5248518193232720830,45-46m²,bostadsratt,2026-09-09T16:00:39.871078
9051400416411174836,https://www.hemnet.se/salda/lagenhet-2rum-hyllie-malmo-kommun-sivs-grand-9a-9051400416411174836,45-46m²,bostadsratt,2026-09-09T16:00:39.871079
1555051626108130186,https://www.hemnet.se/salda/lagenhet-2rum-ostermalm-stockholms-kommun-erik-dahlbergsgatan-35a-1555051626108130186,45-46m²,bostadsratt,2026-09-09T16:00:39.871081
2332203600752578489,"https://www.hemnet.se/salda/lagenhet-1,5rum-luthagen-uppsala-kommun-tiundagatan-47-2332203600752578489",45-46m²,bostadsratt,2026-09-09T16:00:39.871082
6915792688602554708,https://www.hemnet.se/salda/lagenhet-2rum-nya-staden-lidkopings-kommun-djurgardsgatan-29a-6915792688602554708,45-46m²,bostadsratt,2026-09-09T16:00:39.871083
8603284948712536698,https://www.hemnet.se/salda/lagenhet-2rum-johanneberg-goteborgs-kommun-eklandagatan-56c-8603284948712536698,45-46m²,bostadsratt,2026-09-09T16:00:39.871084
290548946767811452,https://www.hemnet.se/salda/lagenhet-2rum-fredslyckan-lunds-kommun-parternas-grand-21-290548946767811452,45-46m²,bostadsratt,2026-09-09T16:00:39.871086
7520747105233127843,https://www.hemnet.se/salda/lagenhet-2rum-sandarna-goteborgs-kommun-orustgatan-13d-7520747105233127843,45-46m²,bostadsratt,2026-09-09T16:00:39.871087
5568346963725021477,https://www.hemnet.se/salda/lagenhet-1rum-froson-ostersunds-kommun-snorres-vag-143-5568346963725021477,45-46m²,bostadsratt,2026-09-09T16:00:39.871088
8450731817267892511,https://www.hemnet.se/salda/lagenhet-2rum-centrala-sundbyberg-sundbybergs-kommun-tallgatan-15-8450731817267892511,45-46m²,bostadsratt,2026-09-09T16:00:39.871090
8986304904337307175,https://www.hemnet.se/salda/lagenhet-2rum-centrala-sundbyberg-sundbybergs-kommun-gransgatan-1-8986304904337307175,45-46m²,bostadsratt,2026-09-09T16:00:39.871091
8547718001047537415,https://www.hemnet.se/salda/lagenhet-2rum-attekulla-helsingborgs-kommun-barnstensgatan-1b-8547718001047537415,45-46m²,bostadsratt,2026-09-09T16:00:39.871092
1765642282717617263,https://www.hemnet.se/salda/lagenhet-2rum-hammarkullen-goteborgs-kommun-hammarkullegatan-6-1765642282717617263,45-46m²,bostadsratt,2026-09-09T16:00:39.871093
8462981048412036083,https://www.hemnet.se/salda/lagenhet-2rum-kungsholmen-stockholms-kommun-karlsviksgatan-7-8462981048412036083,45-46m²,bostadsratt,2026-09-09T16:00:39.871094
5368867905611036953,https://www.hemnet.se/salda/lagenhet-2rum-uttran-botkyrka-kommun-segersjovagen-39-5368867905611036953,45-46m²,bostadsratt,2026-09-09T16:00:39.871096
6099074557205802376,https://www.hemnet.se/salda/lagenhet-2rum-arsta-stockholms-kommun-ramensvagen-21-van-3-3-6099074557205802376,45-46m²,bostadsratt,2026-09-09T16:00:39.871097
5812045238751537465,https://www.hemnet.se/salda/lagenhet-1rum-tumba-botkyrka-kommun-grodingevagen-16b-5812045238751537465,45-46m²,bostadsratt,2026-09-09T16:00:39.871100
2530359546120954844,https://www.hemnet.se/salda/lagenhet-2rum-sodermalm-stockholms-kommun-maria-skolgata-87-2530359546120954844,45-46m²,bostadsratt,2026-09-09T16:00:39.871101
7764386173998897619,https://www.hemnet.se/salda/lagenhet-2rum-centralt-tannefors-linkopings-kommun-nya-tanneforsvagen-22g-7764386173998897619,45-46m²,bostadsratt,2026-09-09T16:00:39.871103
4011871325176994964,https://www.hemnet.se/salda/lagenhet-1rum-upplands-vasby-upplands-vasby-kommun-jaktvagen-43-4011871325176994964,45-46m²,bostadsratt,2026-09-09T16:00:39.871104
7366723504009821367,https://www.hemnet.se/salda/lagenhet-2rum-spanga-solhem-stockholms-kommun-avestagatan-16-7366723504009821367,45-46m²,bostadsratt,2026-09-09T16:00:39.871105
5968250801032472098,https://www.hemnet.se/salda/lagenhet-2rum-grondal-stockholms-kommun-fregattvagen-87-5968250801032472098,45-46m²,bostadsratt,2026-09-09T16:00:39.871107
8957360923469459067,"https://www.hemnet.se/salda/lagenhet-1,5rum-dalaplan-malmo-kommun-uppsalagatan-11b-8957360923469459067",45-46m²,bostadsratt,2026-09-09T16:00:39.871108
7318907485039266189,"https://www.hemnet.se/salda/lagenhet-2rum-bromma-annedal-stockholms-kommun-suddagummans-gata-10,-3-tr,-7318907485039266189",45-46m²,bostadsratt,2026-09-09T16:00:39.871109
6905823405026240609,https://www.hemnet.se/salda/lagenhet-2rum-framre-luthagen-uppsala-kommun-luthagsesplanaden-18a-6905823405026240609,45-46m²,bostadsratt,2026-09-09T16:00:39.871110
2501549353904367004,https://www.hemnet.se/salda/lagenhet-2rum-vasastan-atlas-stockholms-kommun-atlasgatan-13-2501549353904367004,45-46m²,bostadsratt,2026-09-09T16:00:39.871112
6910650057968659092,https://www.hemnet.se/salda/lagenhet-2rum-sodertorp-malmo-kommun-konsultgatan-21-6910650057968659092,45-46m²,bostadsratt,2026-09-09T16:00:39.871113
7566978143851161650,https://www.hemnet.se/salda/lagenhet-1rum-norra-tynnered-goteborgs-kommun-guldringen-22-7566978143851161650,45-46m²,bostadsratt,2026-09-09T16:00:39.871114
3893030738130531488,https://www.hemnet.se/salda/lagenhet-2rum-ultuna-uppsala-kommun-ekoxvagen-20-3893030738130531488,45-46m²,bostadsratt,2026-09-09T16:00:39.871115
249373834971663659,https://www.hemnet.se/salda/lagenhet-2rum-oringe-tyreso-kommun-diamantgangen-9-249373834971663659,45-46m²,bostadsratt,2026-09-09T16:00:39.871117
8552877450230185989,https://www.hemnet.se/salda/lagenhet-2rum-sodermalm-katarina-sofia-stockholms-kommun-ploggatan-14-8552877450230185989,45-46m²,bostadsratt,2026-09-09T16:00:39.871118
8566375909038684181,https://www.hemnet.se/salda/lagenhet-2rum-rosendal-uppsala-kommun-amanuensgatan-5-8566375909038684181,45-46m²,bostadsratt,2026-09-09T16:00:39.871121
8488505869933416397,"https://www.hemnet.se/salda/lagenhet-2rum-racksta-stockholms-kommun-funasgatan-8,-van-12-8488505869933416397",45-46m²,bostadsratt,2026-09-09T16:00:39.871122
8339543764097627938,https://www.hemnet.se/salda/lagenhet-1rum-sodermalm-sundsvalls-kommun-stengrand-5-8339543764097627938,45-46m²,bostadsratt,2026-09-09T16:00:39.871124
2149500353723316193,https://www.hemnet.se/salda/lagenhet-1rum-sodertorn-oskarshamns-kommun-stengatan-46-2149500353723316193,45-46m²,bostadsratt,2026-09-09T16:00:39.871125
599345491647073171,https://www.hemnet.se/salda/lagenhet-1rum-brandkarr-nykopings-kommun-brandkarrsvagen-130-599345491647073171,45-46m²,bostadsratt,2026-09-09T16:00:39.871126
2547343066997310290,https://www.hemnet.se/salda/lagenhet-2rum-bandhagen-hogdalen-stockholms-kommun-rangstagatan-18-2547343066997310290,45-46m²,bostadsratt,2026-09-09T16:00:39.871127
9168470440087536122,https://www.hemnet.se/salda/lagenhet-2rum-jakobsberg-jarfalla-kommun-jarfallavagen-94b-9168470440087536122,45-46m²,bostadsratt,2026-09-09T16:00:39.871129
3669399725547745933,https://www.hemnet.se/salda/lagenhet-2rum-centrum-saters-kommun-vasagatan-4-3669399725547745933,45-46m²,bostadsratt,2026-09-09T16:00:39.871130
8042532417230139130,https://www.hemnet.se/salda/lagenhet-2rum-vasastan-norrmalm-stockholms-kommun-olofsgatan-18-8042532417230139130,45-46m²,bostadsratt,2026-09-09T16:00:39.871131
1026746765131000956,"https://www.hemnet.se/salda/lagenhet-2rum-vallingby-centrum-stockholms-kommun-kirunagatan-19,-van-7-1026746765131000956",45-46m²,bostadsratt,2026-09-09T16:00:39.871134
4675646630326076273,https://www.hemnet.se/salda/lagenhet-2rum-kista-stockholms-kommun-kopenhamnsgatan-22-4675646630326076273,45-46m²,bostadsratt,2026-09-09T16:00:39.871135
1668112074887574719,"https://www.hemnet.se/salda/lagenhet-1,5rum-hunnemara-karlshamns-kommun-hunnemaravagen-22-1668112074887574719",45-46m²,bostadsratt,2026-09-09T16:00:39.871139
6868052520689838656,https://www.hemnet.se/salda/lagenhet-2rum-vasastan-stockholms-kommun-idungatan-5-6868052520689838656,45-46m²,bostadsratt,2026-09-09T16:00:39.871140
2633788569231635065,https://www.hemnet.se/salda/lagenhet-2rum-skarpnack-stockholms-kommun-segelflygsgatan-10-2633788569231635065,45-46m²,bostadsratt,2026-09-09T16:00:39.871141
5579443788274642818,https://www.hemnet.se/salda/lagenhet-2rum-solangen-molndals-kommun-utbildningsgatan-3-5579443788274642818,45-46m²,bostadsratt,2026-09-09T16:00:39.871142
8475573672405771253,https://www.hemnet.se/salda/lagenhet-2rum-centrum-lulea-kommun-kungsgatan-6a-8475573672405771253,45-46m²,bostadsratt,2026-09-09T16:00:39.871144
2626851056942669207,"https://www.hemnet.se/salda/lagenhet-2rum-kungsholmen-stockholms-kommun-inedalsgatan-15,-van-7-2626851056942669207",45-46m²,bostadsratt,2026-09-09T16:00:39.871145
8273950426425922955,https://www.hemnet.se/salda/lagenhet-2rum-kungalv-centrum-kungalvs-kommun-frakne-grand-10-8273950426425922955,45-46m²,bostadsratt,2026-09-09T16:00:39.871146
4560589589457520512,https://www.hemnet.se/salda/lagenhet-2rum-spanga-solhem-stockholms-kommun-varstagardsvagen-6-4560589589457520512,45-46m²,bostadsratt,2026-09-09T16:00:39.871147
5638102991087684409,https://www.hemnet.se/salda/lagenhet-2rum-morbylund-danderyds-kommun-morbylund-23-5638102991087684409,45-46m²,bostadsratt,2026-09-09T16:00:39.871149
4774911752687859944,"https://www.hemnet.se/salda/lagenhet-2rum-bromma-traneberg-stockholms-kommun-hoburgsstigen-10,-2tr-4774911752687859944",45-46m²,bostadsratt,2026-09-09T16:00:39.871150
6213550355552708533,https://www.hemnet.se/salda/lagenhet-1rum-edsbacka-sollentuna-kommun-djupdalsvagen-4c-6213550355552708533,45-46m²,bostadsratt,2026-09-09T16:00:39.871151
9177622456608378125,https://www.hemnet.se/salda/lagenhet-1rum-centrum-bodens-kommun-strandplan-9-9177622456608378125,45-46m²,bostadsratt,2026-09-09T16:00:39.871152
7847443698928945659,https://www.hemnet.se/salda/lagenhet-1rum-centralt-ljungby-kommun-harabergsgatan-11a-7847443698928945659,45-46m²,bostadsratt,2026-09-09T16:00:39.871154
7612248748656583670,https://www.hemnet.se/salda/lagenhet-1rum-rud-karlstads-kommun-horsensgatan-68-7612248748656583670,45-46m²,bostadsratt,2026-09-09T16:00:39.871155
1711396266656651164,"https://www.hemnet.se/salda/lagenhet-1,5rum-tullen-boras-kommun-fjallgatan-55b-1711396266656651164",45-46m²,bostadsratt,2026-09-09T16:00:39.871156
2449949531065222530,https://www.hemnet.se/salda/lagenhet-2rum-kungsholmen-stockholms-kommun-polhemsgatan-18-2449949531065222530,45-46m²,bostadsratt,2026-09-09T16:00:39.871157
907569869981882119,https://www.hemnet.se/salda/lagenhet-2rum-gustavsbergs-hamn-porslinskvarter-varmdo-kommun-wilhelm-kages-gata-62a-907569869981882119,45-46m²,bostadsratt,2026-09-09T16:00:39.871159
5279447485104485618,"https://www.hemnet.se/salda/lagenhet-1,5rum-sodermalm-stockholms-kommun-hornsgatan-70a-gardshus-5279447485104485618",45-46m²,bostadsratt,2026-09-09T16:00:39.871160
7723067300348938924,https://www.hemnet.se/salda/lagenhet-2rum-sodermalm-stockholms-kommun-maria-skolgata-87-7723067300348938924,45-46m²,bostadsratt,2026-09-09T16:00:39.871162
2219582238932723221,https://www.hemnet.se/salda/lagenhet-2rum-dragonfaltet-umea-kommun-olof-palmes-gata-27-2219582238932723221,45-46m²,bostadsratt,2026-09-09T16:00:39.871163
136529636200318894,https://www.hemnet.se/salda/lagenhet-2rum-centrum-slottsjord-halmstads-kommun-flygaregatan-17-136529636200318894,45-46m²,bostadsratt,2026-09-09T16:00:39.871164
5890597828875749060,https://www.hemnet.se/salda/lagenhet-2rum-sundbyberg-ursvik-sundbybergs-kommun-gamla-enkopingsvagen-182-5890597828875749060,45-46m²,bostadsratt,2026-09-09T16:00:39.871167
8618892246191333566,https://www.hemnet.se/salda/lagenhet-2rum-vastra-kungsholmen-hornsberg-strand-stockholms-kommun-lustgardsgatan-14-8618892246191333566,45-46m²,bostadsratt,2026-09-09T16:00:39.871169
5757690972918734262,"https://www.hemnet.se/salda/lagenhet-1,5rum-sodermalm-stockholms-kommun-rosenlundsgatan-20-5757690972918734262",45-46m²,bostadsratt,2026-09-09T16:00:39.871170
1352899252235025276,https://www.hemnet.se/salda/lagenhet-2rum-bromma-abrahamsberg-stockholms-kommun-abrahamsbergsvagen-82-1352899252235025276,45-46m²,bostadsratt,2026-09-09T16:00:39.871171
3583205420327652758,"https://www.hemnet.se/salda/lagenhet-1,5rum-rasunda-solna-kommun-uppfartsvagen-14-3583205420327652758",45-46m²,bostadsratt,2026-09-09T16:00:39.871174
5082267862914816834,"https://www.hemnet.se/salda/lagenhet-1,5rum-gamla-rasunda-solna-kommun-uppfartsvagen-12-5082267862914816834",45-46m²,bostadsratt,2026-09-09T16:00:39.871176
8960060870933311705,https://www.hemnet.se/salda/lagenhet-1rum-skrantahojden-karlskoga-kommun-sintrams-vag-1-8960060870933311705,45-46m²,bostadsratt,2026-09-09T16:00:39.871177
6787877998623561832,https://www.hemnet.se/salda/lagenhet-1rum-storgardet-tallasen-tostero-strangnas-kommun-kallgatan-3b-6787877998623561832,45-46m²,bostadsratt,2026-09-09T16:00:39.871178
5114490097601138402,https://www.hemnet.se/salda/lagenhet-2rum-liljeholmskajen-stockholms-kommun-sturehillsvagen-13-5114490097601138402,45-46m²,bostadsratt,2026-09-09T16:00:39.871179
4457609085869478310,https://www.hemnet.se/salda/lagenhet-2rum-kvarnbyvallen-molndals-kommun-kvarnbyvallen-27-4457609085869478310,45-46m²,bostadsratt,2026-09-09T16:00:39.871181
7186621567657166295,https://www.hemnet.se/salda/lagenhet-2rum-kapellgardet-uppsala-kommun-orgelgatan-7-7186621567657166295,45-46m²,bostadsratt,2026-09-09T16:00:39.871182
7609274702093942854,https://www.hemnet.se/salda/lagenhet-2rum-norra-faladen-lunds-kommun-parternas-grand-11-7609274702093942854,45-46m²,bostadsratt,2026-09-09T16:00:39.871183
802445411984080669,https://www.hemnet.se/salda/lagenhet-1rum-lasarettsomradet-nykopings-kommun-rosenbloms-vag-129-802445411984080669,45-46m²,bostadsratt,2026-09-09T16:00:39.871184
5756320548868692581,https://www.hemnet.se/salda/lagenhet-2rum-soder-norrkopings-kommun-trozelligatan-1b-5756320548868692581,45-46m²,bostadsratt,2026-09-09T16:00:39.871186
4178593476122951880,"https://www.hemnet.se/salda/lagenhet-1,5rum-falhagen-uppsala-kommun-vaderkvarnsgatan-45a-4178593476122951880",45-46m²,bostadsratt,2026-09-09T16:00:39.871187
658947683330302518,https://www.hemnet.se/salda/lagenhet-1rum-granlo-sundsvalls-kommun-vikingavagen-65a-658947683330302518,45-46m²,bostadsratt,2026-09-09T16:00:39.871188
6912527227081328446,https://www.hemnet.se/salda/lagenhet-2rum-telegrafberget-nacka-kommun-semaforvagen-51-6912527227081328446,45-46m²,bostadsratt,2026-09-09T16:00:39.871189
5793597748966050005,https://www.hemnet.se/salda/lagenhet-2rum-saltsjoqvarn-nacka-kommun-sjokvarnsbacken-4-5793597748966050005,45-46m²,bostadsratt,2026-09-09T16:00:39.871191
6040680935450676992,"https://www.hemnet.se/salda/lagenhet-2rum-kista-stockholms-kommun-helsingorsgatan-38,-2-tr-6040680935450676992",45-46m²,bostadsratt,2026-09-09T16:00:39.871192
2315302042607283230,https://www.hemnet.se/salda/lagenhet-2rum-framre-luthagen-uppsala-kommun-gotgatan-2-2315302042607283230,45-46m²,bostadsratt,2026-09-09T16:00:39.871193
3121100981804529536,https://www.hemnet.se/salda/lagenhet-2rum-aspudden-stockholms-kommun-hagerstensvagen-138-3121100981804529536,45-46m²,bostadsratt,2026-09-09T16:00:39.871194
429375472844345147,https://www.hemnet.se/salda/lagenhet-1rum-tenhult-jonkopings-kommun-vastra-vagen-5-429375472844345147,45-46m²,bostadsratt,2026-09-09T16:00:39.871196
624488998027627217,https://www.hemnet.se/salda/lagenhet-2rum-majorna-goteborgs-kommun-fredbergsgatan-3c-624488998027627217,45-46m²,bostadsratt,2026-09-09T16:00:39.871197
3590063842219686901,https://www.hemnet.se/salda/lagenhet-2rum-nya-hovas-goteborgs-kommun-bjorklundavagen-4-3590063842219686901,45-46m²,bostadsratt,2026-09-09T16:00:39.871198
5987554519991078166,https://www.hemnet.se/salda/lagenhet-2rum-centrala-norrtalje-norrtalje-kommun-gotgatan-15-a-5987554519991078166,45-46m²,bostadsratt,2026-09-09T16:00:39.871199
5670771832788658189,"https://www.hemnet.se/salda/lagenhet-1,5rum-norra-tynnered-goteborgs-kommun-guldringen-36-5670771832788658189",45-46m²,bostadsratt,2026-09-09T16:00:39.871201
6391501240191064418,https://www.hemnet.se/salda/lagenhet-2rum-goingegarden-varbergs-kommun-ribstonvagen-4a-6391501240191064418,45-46m²,bostadsratt,2026-09-09T16:00:39.871202
3468600531629346369,https://www.hemnet.se/salda/lagenhet-2rum-norrmalm-skovde-kommun-lars-olofs-gata-3c-3468600531629346369,45-46m²,bostadsratt,2026-09-09T16:00:39.871203
4562404292755072642,https://www.hemnet.se/salda/lagenhet-2rum-sala-backe-uppsala-kommun-svardsliljegatan-2-4562404292755072642,45-46m²,bostadsratt,2026-09-09T16:00:39.871205
3099910985155635104,https://www.hemnet.se/salda/lagenhet-2rum-hammarby-sjostad-stockholms-kommun-vavar-johans-gata-13-3099910985155635104,45-46m²,bostadsratt,2026-09-09T16:00:39.871206
3475707218931189927,https://www.hemnet.se/salda/lagenhet-2rum-kungsholmen-stockholms-kommun-eyvind-johnsons-gata-7-3475707218931189927,45-46m²,bostadsratt,2026-09-09T16:00:39.871209
7440204927458421142,https://www.hemnet.se/salda/lagenhet-2rum-stora-essingen-stockholms-kommun-essingestraket-32-7440204927458421142,45-46m²,bostadsratt,2026-09-09T16:00:39.871210
997194667198176027,https://www.hemnet.se/salda/lagenhet-1rum-salem-salems-kommun-emanuel-birkes-vag-4-997194667198176027,45-46m²,bostadsratt,2026-09-09T16:00:39.871213
7780543478310444360,https://www.hemnet.se/salda/lagenhet-1rum-centrum-uppsala-kommun-kungsgatan-52a-7780543478310444360,45-46m²,bostadsratt,2026-09-09T16:00:39.871215
5987121369733920811,https://www.hemnet.se/salda/lagenhet-2rum-sodermalm-stockholms-kommun-bastugatan-57-5987121369733920811,45-46m²,bostadsratt,2026-09-09T16:00:39.871216
6178916004223020594,https://www.hemnet.se/salda/lagenhet-2rum-sodermalm-stockholms-kommun-timotejgatan-5-6178916004223020594,45-46m²,bostadsratt,2026-09-09T16:00:39.871217
8321578414030632241,"https://www.hemnet.se/salda/lagenhet-2rum-radhuset-kungsholmen-stockholms-kommun-kaplansbacken-5,-2-tr-8321578414030632241",45-46m²,bostadsratt,2026-09-09T16:00:39.871219
6266365730062295024,https://www.hemnet.se/salda/lagenhet-1rum-stigberget-goteborgs-kommun-tredje-langgatan-25-6266365730062295024,45-46m²,bostadsratt,2026-09-09T16:00:39.871220
2229726601530394091,https://www.hemnet.se/salda/lagenhet-2rum-enskededalen-stockholms-kommun-fladervagen-6b-2229726601530394091,45-46m²,bostadsratt,2026-09-09T16:00:39.871221
4433603048748646672,"https://www.hemnet.se/salda/lagenhet-1,5rum-edsberg-sollentuna-kommun-kruthornsvagen-56a-4433603048748646672",45-46m²,bostadsratt,2026-09-09T16:00:39.871222
3181770194306532001,https://www.hemnet.se/salda/lagenhet-3rum-tegefjall-are-kommun-tegefjall-ovre-backen-4d-3181770194306532001,45-46m²,bostadsratt,2026-09-09T16:00:39.871224
2232351202871819737,https://www.hemnet.se/salda/lagenhet-2rum-bromma-johannesfred-stockholms-kommun-bjorkbacksvagen-32-2232351202871819737,45-46m²,bostadsratt,2026-09-09T16:00:39.871225
5909211329110253113,https://www.hemnet.se/salda/lagenhet-1rum-oxhagen-kalmar-kommun-oxhagsvagen-4a-5909211329110253113,45-46m²,bostadsratt,2026-09-09T16:00:39.871226
1450265896920774462,https://www.hemnet.se/salda/lagenhet-1rum-nasbypark-taby-kommun-kryssargrand-9-1450265896920774462,45-46m²,bostadsratt,2026-09-09T16:00:39.871227
8929347011662967300,https://www.hemnet.se/salda/lagenhet-1rum-centralt-solvesborgs-kommun-munkvagen-2a-8929347011662967300,45-46m²,bostadsratt,2026-09-09T16:00:39.871233
473417329039493367,"https://www.hemnet.se/salda/lagenhet-2rum-arsta-stockholms-kommun-siljansvagen-31,-2tr-473417329039493367",45-46m²,bostadsratt,2026-09-09T16:00:39.871235
2943541864301492822,https://www.hemnet.se/salda/lagenhet-2rum-kalgarden-jonkopings-kommun-ostra-holmgatan-4-2943541864301492822,45-46m²,bostadsratt,2026-09-09T16:00:39.871236
619445894318545536,"https://www.hemnet.se/salda/lagenhet-1rum-fruangen-stockholms-kommun-fredrika-bremers-gata-34,-2tr-619445894318545536",45-46m²,bostadsratt,2026-09-09T16:00:39.871237
4205859110137937161,https://www.hemnet.se/salda/lagenhet-2rum-rickomberga-uppsala-kommun-gosta-wahlstroms-vag-2f-4205859110137937161,45-46m²,bostadsratt,2026-09-09T16:00:39.871239
485320512872978634,https://www.hemnet.se/salda/lagenhet-2rum-midsommarkransen-stockholms-kommun-svandammsvagen-8-485320512872978634,45-46m²,bostadsratt,2026-09-09T16:00:39.871240
3295337581290632180,https://www.hemnet.se/salda/lagenhet-2rum-vasastan-stockholms-kommun-roslagsgatan-47-3295337581290632180,45-46m²,bostadsratt,2026-09-09T16:00:39.871241
2049798674609826647,https://www.hemnet.se/salda/lagenhet-2rum-hammarby-sjostad-stockholms-kommun-styrbordsgatan-7-2049798674609826647,45-46m²,bostadsratt,2026-09-09T16:00:39.871242
3479021560437488185,https://www.hemnet.se/salda/lagenhet-2rum-liljeholmskajen-stockholms-kommun-sjoviksbacken-20-3479021560437488185,45-46m²,bostadsratt,2026-09-09T16:00:39.871244
1443703890982091425,https://www.hemnet.se/salda/lagenhet-2rum-bromma-minneberg-stockholms-kommun-svartviksslingan-73-1443703890982091425,45-46m²,bostadsratt,2026-09-09T16:00:39.871245
3536906156572974665,"https://www.hemnet.se/salda/lagenhet-2rum-tradgardsstaden-upplands-bro-kommun-unnas-vag-4,-lgh-nr-17-3536906156572974665",45-46m²,bostadsratt,2026-09-09T16:00:39.871246
5730590525733568492,"https://www.hemnet.se/salda/lagenhet-1,5rum-bollstanas-upplands-vasby-kommun-jaktvagen-6-5730590525733568492",45-46m²,bostadsratt,2026-09-09T16:00:39.871249
3124966512997647454,https://www.hemnet.se/salda/lagenhet-2rum-jakobsberg-jarfalla-kommun-frihetsvagen-2a-3124966512997647454,45-46m²,bostadsratt,2026-09-09T16:00:39.871251
3419643958803862911,https://www.hemnet.se/salda/lagenhet-2rum-hasselby-villastad-stockholms-kommun-radisvagen-80b-3419643958803862911,45-46m²,bostadsratt,2026-09-09T16:00:39.871252
1845979001346997686,https://www.hemnet.se/salda/lagenhet-1rum-tynnered-goteborgs-kommun-guldringen-13-1845979001346997686,45-46m²,bostadsratt,2026-09-09T16:00:39.871253
1016160579942959717,https://www.hemnet.se/salda/lagenhet-2rum-fristaden-solna-centrum-solna-kommun-huvudstagatan-3e-1016160579942959717,45-46m²,bostadsratt,2026-09-09T16:00:39.871254
305329174335435855,https://www.hemnet.se/salda/lagenhet-2rum-midsommarkransen-stockholms-kommun-backvagen-91-305329174335435855,45-46m²,bostadsratt,2026-09-09T16:00:39.871256
116168485276128355,https://www.hemnet.se/salda/lagenhet-2rum-centralt-landskrona-kommun-jarnvagsgatan-63-116168485276128355,45-46m²,bostadsratt,2026-09-09T16:00:39.871257
8340910596661005613,https://www.hemnet.se/salda/lagenhet-1rum-nynashamn-centralt-nynashamns-kommun-sturevagen-2a-8340910596661005613,45-46m²,bostadsratt,2026-09-09T16:00:39.871258
3742519506544477436,https://www.hemnet.se/salda/lagenhet-2rum-helsingborg-helsingborgs-kommun-ekerodsgatan-32-3742519506544477436,45-46m²,bostadsratt,2026-09-09T16:00:39.871261
6057741656228405160,https://www.hemnet.se/salda/lagenhet-2rum-vastra-hamnen-malmo-kommun-lilla-varvsgatan-29a-6057741656228405160,45-46m²,bostadsratt,2026-09-09T16:00:39.871262
1496548776040616464,https://www.hemnet.se/salda/lagenhet-2rum-strommensberg-goteborgs-kommun-blahammarsgatan-5-1496548776040616464,45-46m²,bostadsratt,2026-09-09T16:00:39.871264
466622923513416032,https://www.hemnet.se/salda/lagenhet-1rum-bohuslan-munkedals-kommun-falkens-vag-1a-466622923513416032,45-46m²,bostadsratt,2026-09-09T16:00:39.871265
8434785024960495185,https://www.hemnet.se/salda/lagenhet-2rum-hokarangen-stockholms-kommun-kumminvagen-16-8434785024960495185,45-46m²,bostadsratt,2026-09-09T16:00:39.871266
4677519180156889525,"https://www.hemnet.se/salda/lagenhet-1,5rum-centrum-uppsala-uppsala-kommun-kungsgatan-32-4677519180156889525",45-46m²,bostadsratt,2026-09-09T16:00:39.871267
6444466271379736482,"https://www.hemnet.se/salda/lagenhet-1,5rum-fruangen-stockholms-kommun-fredrika-bremers-gata-34-6444466271379736482",45-46m²,bostadsratt,2026-09-09T16:00:39.871269
8723468382200297412,"https://www.hemnet.se/salda/lagenhet-2rum-kista-stockholms-kommun-kopenhamnsgatan-20-van,-5-av-5-8723468382200297412",45-46m²,bostadsratt,2026-09-09T16:00:39.871270
132747556808730154,https://www.hemnet.se/salda/lagenhet-2rum-vasastan-stockholms-kommun-roslagsgatan-47-132747556808730154,45-46m²,bostadsratt,2026-09-09T16:00:39.871271
6659827020297652021,https://www.hemnet.se/salda/lagenhet-2rum-telefonplan-stockholms-kommun-responsgatan-12-6659827020297652021,45-46m²,bostadsratt,2026-09-09T16:00:39.871272
7255422974548227754,https://www.hemnet.se/salda/lagenhet-2rum-midsommarkransen-stockholms-kommun-responsgatan-14-7255422974548227754,45-46m²,bostadsratt,2026-09-09T16:00:39.871274
8737710786636675149,https://www.hemnet.se/salda/lagenhet-2rum-centrum-skelleftea-kommun-repslagargrand-6-8737710786636675149,45-46m²,bostadsratt,2026-09-09T16:00:39.871275
7032594581668463203,https://www.hemnet.se/salda/lagenhet-2rum-stallbacken-molndals-kommun-aby-alle-5-7032594581668463203,45-46m²,bostadsratt,2026-09-09T16:00:39.871276
1110800385174861013,https://www.hemnet.se/salda/lagenhet-2rum-mariehall-stockholms-kommun-klintbacken-90-1110800385174861013,45-46m²,bostadsratt,2026-09-09T16:00:39.871277
42842255926401568,https://www.hemnet.se/salda/lagenhet-2rum-kallhall-jarfalla-kommun-pressarvagen-25-42842255926401568,45-46m²,bostadsratt,2026-09-09T16:00:39.871279
1037141925917697470,https://www.hemnet.se/salda/lagenhet-2rum-naset-lidingo-kommun-hognasvagen-11-1037141925917697470,45-46m²,bostadsratt,2026-09-09T16:00:39.871280
5146483403101125934,https://www.hemnet.se/salda/lagenhet-2rum-jarvastaden-solna-kommun-jarva-skjutbanevag-48-5146483403101125934,45-46m²,bostadsratt,2026-09-09T16:00:39.871281
5195675237153740495,https://www.hemnet.se/salda/lagenhet-2rum-arenastaden-solna-kommun-evenemangsgatan-24-5195675237153740495,45-46m²,bostadsratt,2026-09-09T16:00:39.871282
680664499101196235,https://www.hemnet.se/salda/lagenhet-2rum-sodra-omradet-kalmar-kommun-stensbergsvagen-54a-680664499101196235,45-46m²,bostadsratt,2026-09-09T16:00:39.871286
6515623463614871361,https://www.hemnet.se/salda/lagenhet-2rum-majorna-goteborgs-kommun-guldkallegatan-46-6515623463614871361,45-46m²,bostadsratt,2026-09-09T16:00:39.871287
9056623758521864256,https://www.hemnet.se/salda/lagenhet-2rum-ulvsunda-stockholms-kommun-bjorkbacksvagen-34-9056623758521864256,45-46m²,bostadsratt,2026-09-09T16:00:39.871288
3513395753168380776,https://www.hemnet.se/salda/lagenhet-2rum-ostra-hamnen-vasteras-kommun-magasinsgatan-2a-3513395753168380776,45-46m²,bostadsratt,2026-09-09T16:00:39.871289
3814854951528098068,https://www.hemnet.se/salda/lagenhet-2rum-bromma-riksby-stockholms-kommun-spangavagen-11-3814854951528098068,45-46m²,bostadsratt,2026-09-09T16:00:39.871291
9156794514735497804,https://www.hemnet.se/salda/lagenhet-1rum-norrstaden-norra-brannan-stenhammar-harnosands-kommun-bergsgatan-5-9156794514735497804,45-46m²,bostadsratt,2026-09-09T16:00:39.871292
2002627264081295733,"https://www.hemnet.se/salda/lagenhet-2rum-vega-haninge-kommun-bidevindsgrand-5,-lgh-3-1503-juno-2002627264081295733",45-46m²,bostadsratt,2026-09-09T16:00:39.871293
1780201175391839723,https://www.hemnet.se/salda/lagenhet-2rum-norrtalje-hamn-norrtalje-kommun-ostra-rogardsgatan-20-1780201175391839723,45-46m²,bostadsratt,2026-09-09T16:00:39.871295
1297834540888800308,https://www.hemnet.se/salda/lagenhet-2rum-johanneberg-goteborgs-kommun-eklandagatan-56c-1297834540888800308,45-46m²,bostadsratt,2026-09-09T16:00:39.871296
5366457131492038259,"https://www.hemnet.se/salda/lagenhet-2rum-grondal-stockholms-kommun-fregattvagen-61,-2tr-5366457131492038259",45-46m²,bostadsratt,2026-09-09T16:00:39.871297
4429440065833050861,https://www.hemnet.se/salda/lagenhet-2rum-sodermalm-stockholms-kommun-folkungagatan-53-4429440065833050861,45-46m²,bostadsratt,2026-09-09T16:00:39.871298
7710610624917414739,https://www.hemnet.se/salda/lagenhet-2rum-bromma-abrahamsberg-stockholms-kommun-arkitektvagen-3-7710610624917414739,45-46m²,bostadsratt,2026-09-09T16:00:39.871300
4400118680029828719,https://www.hemnet.se/salda/lagenhet-2rum-riksby-stockholms-kommun-yllevagen-8-4400118680029828719,45-46m²,bostadsratt,2026-09-09T16:00:39.871301
5019512152621787549,"https://www.hemnet.se/salda/lagenhet-1,5rum-torpa-soder-jonkopings-kommun-larlingsgatan-4b-5019512152621787549",45-46m²,bostadsratt,2026-09-09T16:00:39.871302
1344706426227399493,https://www.hemnet.se/salda/lagenhet-2rum-aspudden-stockholms-kommun-husabyvagen-19-1344706426227399493,45-46m²,bostadsratt,2026-09-09T16:00:39.871305
5172235791123692939,https://www.hemnet.se/salda/lagenhet-1rum-vasastan-stockholms-kommun-roslagsgatan-59-5172235791123692939,45-46m²,bostadsratt,2026-09-09T16:00:39.871307
1477586546234393896,https://www.hemnet.se/salda/lagenhet-2rum-hagerstensasen-telefonplan-stockholms-kommun-backvagen-89-1477586546234393896,45-46m²,bostadsratt,2026-09-09T16:00:39.871308
3978596212728541253,https://www.hemnet.se/salda/lagenhet-2rum-bymarken-jonkopings-kommun-lovingsgatan-18-3978596212728541253,45-46m²,bostadsratt,2026-09-09T16:00:39.871309
376279348870411173,https://www.hemnet.se/salda/lagenhet-1rum-haga-karlstads-kommun-nygatan-14-376279348870411173,45-46m²,bostadsratt,2026-09-09T16:00:39.871310
4132798132202115553,https://www.hemnet.se/salda/lagenhet-2rum-onnered-goteborgs-kommun-onneredsvagen-110-4132798132202115553,45-46m²,bostadsratt,2026-09-09T16:00:39.871312
9059260586854611330,https://www.hemnet.se/salda/lagenhet-2rum-soder-norrkopings-kommun-nelinsgatan-24-9059260586854611330,45-46m²,bostadsratt,2026-09-09T16:00:39.871313
318150112566027405,"https://www.hemnet.se/salda/lagenhet-2rum-sickla-nobelberget-nacka-kommun-nobelbergsgatan-14,-4tr-318150112566027405",45-46m²,bostadsratt,2026-09-09T16:00:39.871314
1455852750900113251,https://www.hemnet.se/salda/lagenhet-2rum-bremerlyckan-kalmar-kommun-vegagatan-4a-1455852750900113251,45-46m²,bostadsratt,2026-09-09T16:00:39.871315
7277443119203695973,https://www.hemnet.se/salda/lagenhet-2rum-centrum-halmstads-kommun-skanegatan-60-7277443119203695973,45-46m²,bostadsratt,2026-09-09T16:00:39.871317
464775262868809061,"https://www.hemnet.se/salda/lagenhet-2rum-sodermalm-katarina-stockholms-kommun-timotejgatan-5,-hogst-upp-464775262868809061",45-46m²,bostadsratt,2026-09-09T16:00:39.871320
6215501001124000941,https://www.hemnet.se/salda/lagenhet-2rum-rasunda-solna-kommun-solnavagen-100a-6215501001124000941,45-46m²,bostadsratt,2026-09-09T16:00:39.871323
4403351694171190250,https://www.hemnet.se/salda/lagenhet-2rum-grindtorp-taby-kommun-kometvagen-23-4403351694171190250,45-46m²,bostadsratt,2026-09-09T16:00:39.871324
2813843153252483312,https://www.hemnet.se/salda/lagenhet-2rum-soder-vaxjo-kommun-frejagatan-5b-2813843153252483312,45-46m²,bostadsratt,2026-09-09T16:00:39.871326
2893527192204335585,https://www.hemnet.se/salda/lagenhet-2rum-alphyddan-nacka-kommun-alphyddevagen-29-2893527192204335585,45-46m²,bostadsratt,2026-09-09T16:00:39.871327
2755029100739874654,https://www.hemnet.se/salda/lagenhet-2rum-bromma-mariehall-stockholms-kommun-mariehallsvagen-30c-2755029100739874654,45-46m²,bostadsratt,2026-09-09T16:00:39.871328
2175369175437870579,https://www.hemnet.se/salda/lagenhet-2rum-hogdalen-stockholms-kommun-rangstagatan-18-2175369175437870579,45-46m²,bostadsratt,2026-09-09T16:00:39.871330
2892032393957151465,https://www.hemnet.se/salda/lagenhet-2rum-attekulla-helsingborgs-kommun-barnstensgatan-21a-2892032393957151465,45-46m²,bostadsratt,2026-09-09T16:00:39.871331
8914389620745912584,"https://www.hemnet.se/salda/lagenhet-1,5rum-centrum-ovre-slotts-uppsala-kommun-gropgrand-2b-8914389620745912584",45-46m²,bostadsratt,2026-09-09T16:00:39.871332
7524826053564247658,https://www.hemnet.se/salda/lagenhet-1rum-hisings-backa-goteborgs-kommun-sagogangen-21-7524826053564247658,45-46m²,bostadsratt,2026-09-09T16:00:39.871334
8890067380853345987,https://www.hemnet.se/salda/lagenhet-1rum-solna-centrum-solna-kommun-klippgatan-8a-8890067380853345987,45-46m²,bostadsratt,2026-09-09T16:00:39.871335
5195139448691680327,https://www.hemnet.se/salda/lagenhet-2rum-skarpnack-stockholms-kommun-pilvingegatan-58-5195139448691680327,45-46m²,bostadsratt,2026-09-09T16:00:39.871336
5726074238872136107,https://www.hemnet.se/salda/lagenhet-1rum-vasastaden-linkopings-kommun-thorells-gata-8-5726074238872136107,45-46m²,bostadsratt,2026-09-09T16:00:39.871337
2487687973470820015,https://www.hemnet.se/salda/lagenhet-2rum-kallhall-jarfalla-kommun-pressarvagen-27-2487687973470820015,45-46m²,bostadsratt,2026-09-09T16:00:39.871339
5683189699382085381,"https://www.hemnet.se/salda/lagenhet-2rum-sodermalm-katarina-stockholms-kommun-moregatan-10,-6tr-5683189699382085381",45-46m²,bostadsratt,2026-09-09T16:00:39.871340
94452733480695765,https://www.hemnet.se/salda/lagenhet-1rum-skurholmen-lulea-kommun-burstromsvagen-68-94452733480695765,45-46m²,bostadsratt,2026-09-09T16:00:39.871341
8606794203977011127,"https://www.hemnet.se/salda/lagenhet-2rum-kungsholmen-stockholms-kommun-pontonjargatan-20,-3tr-8606794203977011127",45-46m²,bostadsratt,2026-09-09T16:00:39.871343
4673067871281503111,"https://www.hemnet.se/salda/lagenhet-2rum-alta-sodra-hedvigslund-nacka-kommun-lobeliavagen-3,-bv-4673067871281503111",45-46m²,bostadsratt,2026-09-09T16:00:39.871344
7139848820594181010,https://www.hemnet.se/salda/lagenhet-2rum-vastra-skogen-solna-kommun-arvid-tydens-alle-2-7139848820594181010,45-46m²,bostadsratt,2026-09-09T16:00:39.871345
4268342945115287302,https://www.hemnet.se/salda/lagenhet-1rum-borgholm-borgholms-kommun-tullgatan-1b-4268342945115287302,45-46m²,bostadsratt,2026-09-09T16:00:39.871346
6018210751563303523,"https://www.hemnet.se/salda/lagenhet-2rum-gideonsberg-vasteras-kommun-patentgatan-3,-van-3-av-4-6018210751563303523",45-46m²,bostadsratt,2026-09-09T16:00:39.871348
3641004621355241965,https://www.hemnet.se/salda/lagenhet-2rum-triangeln-radmansvangen-malmo-kommun-sodra-forstadsgatan-79c-3641004621355241965,45-46m²,bostadsratt,2026-09-09T16:00:39.871349
5507065658325622247,https://www.hemnet.se/salda/lagenhet-2rum-visby-gotlands-kommun-haqvin-spegelgatan-11a-5507065658325622247,45-46m²,bostadsratt,2026-09-09T16:00:39.871352
3294596341301750881,https://www.hemnet.se/salda/lagenhet-2rum-ladugardsgardet-stockholms-kommun-melodislingan-46-3294596341301750881,45-46m²,bostadsratt,2026-09-09T16:00:39.871353
1534456598991115868,https://www.hemnet.se/salda/lagenhet-1rum-centrum-lunds-kommun-tullgatan-8a-1534456598991115868,45-46m²,bostadsratt,2026-09-09T16:00:39.871355
6391016300146782570,"https://www.hemnet.se/salda/lagenhet-2rum-sodermalm-stockholms-kommun-lundagatan-44d,-2tr-6391016300146782570",45-46m²,bostadsratt,2026-09-09T16:00:39.871356
6783576540708398847,"https://www.hemnet.se/salda/lagenhet-2rum-liljeholmskajen-stockholms-kommun-buteljgatan-24,-6-tr-6783576540708398847",45-46m²,bostadsratt,2026-09-09T16:00:39.871357
3293826702093240232,https://www.hemnet.se/salda/lagenhet-2rum-hammarbyhojden-skarmarbrink-stockholms-kommun-thunbergsgatan-8-3293826702093240232,45-46m²,bostadsratt,2026-09-09T16:00:39.871373
1519477278256423150,https://www.hemnet.se/salda/lagenhet-2rum-torsvik-lidingo-kommun-torsvikssvangen-37-1519477278256423150,45-46m²,bostadsratt,2026-09-09T16:00:39.871375
1097377726270552393,https://www.hemnet.se/salda/lagenhet-2rum-kungsholmen-stockholms-kommun-alstromergatan-32r-1097377726270552393,45-46m²,bostadsratt,2026-09-09T16:00:39.871376
8994895408990660261,https://www.hemnet.se/salda/lagenhet-1rum-tyreso-tyreso-kommun-granitvagen-33a-8994895408990660261,45-46m²,bostadsratt,2026-09-09T16:00:39.871377
854088445208586206,https://www.hemnet.se/salda/lagenhet-2rum-kungsholmen-stockholms-kommun-sysslomansgatan-24-854088445208586206,45-46m²,bostadsratt,2026-09-09T16:00:39.871378
4087160091784552401,https://www.hemnet.se/salda/lagenhet-1rum-burstromska-gardan-lulea-kommun-burstromsvagen-58-4087160091784552401,45-46m²,bostadsratt,2026-09-09T16:00:39.871380
8511527399590818493,https://www.hemnet.se/salda/lagenhet-2rum-ostermalm-stockholms-kommun-lill-jans-plan-5-8511527399590818493,45-46m²,bostadsratt,2026-09-09T16:00:39.871381
5827867737539935522,https://www.hemnet.se/salda/lagenhet-2rum-akersberga-centralt-osterakers-kommun-bergavagen-74-5827867737539935522,45-46m²,bostadsratt,2026-09-09T16:00:39.871382
925284063515569261,https://www.hemnet.se/salda/lagenhet-2rum-sorgarden-vallentuna-kommun-sorgarden-112-925284063515569261,45-46m²,bostadsratt,2026-09-09T16:00:39.871383
5035051965833347954,https://www.hemnet.se/salda/lagenhet-1rum-handen-haninge-kommun-dalarovagen-12-5035051965833347954,45-46m²,bostadsratt,2026-09-09T16:00:39.871385
2317182202931356694,"https://www.hemnet.se/salda/lagenhet-2rum-nacka-jarla-sjo-nacka-kommun-gustaf-de-lavals-vag-6,-3-tr-2317182202931356694",45-46m²,bostadsratt,2026-09-09T16:00:39.871386
3249384567391026644,"https://www.hemnet.se/salda/lagenhet-1,5rum-mellringe-orebro-kommun-irisgatan-74-3249384567391026644",45-46m²,bostadsratt,2026-09-09T16:00:39.871388
75862833141290553,https://www.hemnet.se/salda/lagenhet-2rum-kungsholmen-stockholms-kommun-alstromergatan-32h-75862833141290553,45-46m²,bostadsratt,2026-09-09T16:00:39.871389
462539165253009873,https://www.hemnet.se/salda/lagenhet-2rum-midsommarkransen-stockholms-kommun-tellusborgsvagen-68-462539165253009873,45-46m²,bostadsratt,2026-09-09T16:00:39.871390
9168844899585167224,"https://www.hemnet.se/salda/lagenhet-2rum-hagerstensasen-stockholms-kommun-sparbanksvagen-48,-van-3-9168844899585167224",45-46m²,bostadsratt,2026-09-09T16:00:39.871391
6222118717100069245,https://www.hemnet.se/salda/lagenhet-2rum-ostermalm-stockholms-kommun-sibyllegatan-20-6222118717100069245,45-46m²,bostadsratt,2026-09-09T16:00:39.871393
292708918217171648,https://www.hemnet.se/salda/lagenhet-2rum-ulvsunda-stockholms-kommun-drottningholmsvagen-282-292708918217171648,45-46m²,bostadsratt,2026-09-09T16:00:39.871394
8061020370283929488,https://www.hemnet.se/salda/lagenhet-2rum-luthagen-uppsala-kommun-sturegatan-1-8061020370283929488,45-46m²,bostadsratt,2026-09-09T16:00:39.871395
4505904296567675227,https://www.hemnet.se/salda/lagenhet-2rum-hogaholm-malmo-kommun-balladgatan-37-4505904296567675227,45-46m²,bostadsratt,2026-09-09T16:00:39.871396
1864550140745797538,"https://www.hemnet.se/salda/lagenhet-1,5rum-folkets-park-malmo-kommun-karlshamnsgatan-5b-1864550140745797538",45-46m²,bostadsratt,2026-09-09T16:00:39.871398
5212327515280683621,"https://www.hemnet.se/salda/lagenhet-2rum-sodermalm-katarina-sofia-stockholms-kommun-ostgotagatan-53,-5tr-5212327515280683621",45-46m²,bostadsratt,2026-09-09T16:00:39.871399
5402232306559105085,https://www.hemnet.se/salda/lagenhet-2rum-strommensberg-goteborgs-kommun-kobergsgatan-24-5402232306559105085,45-46m²,bostadsratt,2026-09-09T16:00:39.871400
538390359337652326,https://www.hemnet.se/salda/lagenhet-2rum-tuve-goteborgs-kommun-brunnehagen-37-538390359337652326,45-46m²,bostadsratt,2026-09-09T16:00:39.871402
8173500366683489875,https://www.hemnet.se/salda/lagenhet-2rum-enskededalen-stockholms-kommun-hallovagen-18-8173500366683489875,45-46m²,bostadsratt,2026-09-09T16:00:39.871403
7207523591177627623,https://www.hemnet.se/salda/lagenhet-2rum-kungsholmen-stockholms-kommun-alstromergatan-32l-7207523591177627623,45-46m²,bostadsratt,2026-09-09T16:00:39.871404
4560727683724067466,https://www.hemnet.se/salda/lagenhet-2rum-rasunda-solna-kommun-uppfartsvagen-5-4560727683724067466,45-46m²,bostadsratt,2026-09-09T16:00:39.871407
380440866508826151,https://www.hemnet.se/salda/lagenhet-2rum-traneberg-stockholms-kommun-svartviksvagen-4-380440866508826151,45-46m²,bostadsratt,2026-09-09T16:00:39.871409
7209480072194762912,https://www.hemnet.se/salda/lagenhet-2rum-nobeltorget-malmo-kommun-lantmannagatan-6b-7209480072194762912,45-46m²,bostadsratt,2026-09-09T16:00:39.871412
7190497138970064755,https://www.hemnet.se/salda/lagenhet-2rum-liljeholmskajen-stockholms-kommun-marieviksgatan-40-7190497138970064755,45-46m²,bostadsratt,2026-09-09T16:00:39.871413
4576265350590807552,"https://www.hemnet.se/salda/lagenhet-2rum-sodermalm-katarina-sofia-stockholms-kommun-hallandsgatan-48,-2tr-4576265350590807552",45-46m²,bostadsratt,2026-09-09T16:00:39.871414
6042639888700821016,https://www.hemnet.se/salda/lagenhet-2rum-porslinskvarteren-varmdo-kommun-wilhelm-kages-gata-42a-6042639888700821016,45-46m²,bostadsratt,2026-09-09T16:00:39.871416
334812315954187855,https://www.hemnet.se/salda/lagenhet-1rum-norrtalje-centralt-norrtalje-kommun-bangardsgatan-11-334812315954187855,45-46m²,bostadsratt,2026-09-09T16:00:39.871417
819188927177324195,https://www.hemnet.se/salda/lagenhet-2rum-midsommarkransen-telefonplan-stockholms-kommun-responsgatan-12-819188927177324195,45-46m²,bostadsratt,2026-09-09T16:00:39.871418
3354345747402306615,https://www.hemnet.se/salda/lagenhet-2rum-kirseberg-malmo-kommun-segevangsgatan-15a-3354345747402306615,45-46m²,bostadsratt,2026-09-09T16:00:39.871420
9216267204690689421,https://www.hemnet.se/salda/lagenhet-1rum-centralt-kramfors-kramfors-kommun-bjorstagatan-18-9216267204690689421,45-46m²,bostadsratt,2026-09-09T16:00:39.871421
8896214477492584387,"https://www.hemnet.se/salda/lagenhet-1,5rum-huddinge-visattra-huddinge-kommun-sagstuvagen-31-8896214477492584387",45-46m²,bostadsratt,2026-09-09T16:00:39.871422
9195180888309521724,https://www.hemnet.se/salda/lagenhet-2rum-fredslyckan-lunds-kommun-parternas-grand-5-9195180888309521724,45-46m²,bostadsratt,2026-09-09T16:00:39.871423
7099028318296534122,"https://www.hemnet.se/salda/lagenhet-1,5rum-haga-norra-solna-kommun-sylvangatan-9-7099028318296534122",45-46m²,bostadsratt,2026-09-09T16:00:39.871425
5378183859846772730,"https://www.hemnet.se/salda/lagenhet-1,5rum-hassleholm-bokeberg-hassleholms-kommun-drottninggatan-113-5378183859846772730",45-46m²,bostadsratt,2026-09-09T16:00:39.871428
514008576664021346,https://www.hemnet.se/salda/lagenhet-2rum-hammarbyhojden-stockholms-kommun-johan-printz-vag-34-514008576664021346,45-46m²,bostadsratt,2026-09-09T16:00:39.871429
6382479079419548519,https://www.hemnet.se/salda/lagenhet-2rum-tyreso-tyreso-kommun-myggdalsvagen-96-6382479079419548519,45-46m²,bostadsratt,2026-09-09T16:00:39.871430
2315790927220540106,https://www.hemnet.se/salda/lagenhet-1rum-gottsunda-uppsala-kommun-valthornsvagen-22-2315790927220540106,45-46m²,bostadsratt,2026-09-09T16:00:39.871431
9068711468333476209,https://www.hemnet.se/salda/lagenhet-2rum-nya-hovas-goteborgs-kommun-hedtangsvagen-5a-9068711468333476209,45-46m²,bostadsratt,2026-09-09T16:00:39.871433
5551648508950101036,"https://www.hemnet.se/salda/lagenhet-2rum-kungsholmen-stockholms-kommun-karlsviksgatan-7,-5551648508950101036",45-46m²,bostadsratt,2026-09-09T16:00:39.871434
4733634558739723435,https://www.hemnet.se/salda/lagenhet-2rum-ribersborg-malmo-kommun-kilian-zollsgatan-28a-4733634558739723435,45-46m²,bostadsratt,2026-09-09T16:00:39.871435
7931592819991384656,"https://www.hemnet.se/salda/lagenhet-2rum-gullmarsplan,-johanneshov-stockholms-kommun-bildhuggarvagen-25-7931592819991384656",45-46m²,bostadsratt,2026-09-09T16:00:39.871436
547960771832904928,https://www.hemnet.se/salda/lagenhet-2rum-majorna-goteborgs-kommun-karl-johansgatan-164d-547960771832904928,45-46m²,bostadsratt,2026-09-09T16:00:39.871438
8000595889662873912,https://www.hemnet.se/salda/lagenhet-2rum-alphyddan-nacka-kommun-alphyddevagen-53-8000595889662873912,45-46m²,bostadsratt,2026-09-09T16:00:39.871439
1446345695532330882,https://www.hemnet.se/salda/lagenhet-2rum-ostermalm-stockholms-kommun-kaptensgatan-7-1446345695532330882,45-46m²,bostadsratt,2026-09-09T16:00:39.871440
5284832140084785789,"https://www.hemnet.se/salda/lagenhet-1,5rum-forssa-borlange-kommun-ringen-6-f-5284832140084785789",45-46m²,bostadsratt,2026-09-09T16:00:39.871441
4445414842163978021,https://www.hemnet.se/salda/lagenhet-2rum-sodermalm-skanstull-stockholms-kommun-gotgatan-101-4445414842163978021,45-46m²,bostadsratt,2026-09-09T16:00:39.871443
5558008600609263659,https://www.hemnet.se/salda/lagenhet-2rum-strommensberg-goteborgs-kommun-blahammarsgatan-3-5558008600609263659,45-46m²,bostadsratt,2026-09-09T16:00:39.871446
1659388073056089909,https://www.hemnet.se/salda/lagenhet-2rum-centrum-helsingborgs-kommun-sodra-storgatan-39b-1659388073056089909,45-46m²,bostadsratt,2026-09-09T16:00:39.871447
3507842762674587357,https://www.hemnet.se/salda/lagenhet-2rum-aspudden-stockholms-kommun-blommensbergsvagen-103-3507842762674587357,45-46m²,bostadsratt,2026-09-09T16:00:39.871448
8374455527978269012,https://www.hemnet.se/salda/lagenhet-2rum-kvissleby-sundsvalls-kommun-bryggaregrand-7a-8374455527978269012,45-46m²,bostadsratt,2026-09-09T16:00:39.871450
7201673610751781463,https://www.hemnet.se/salda/lagenhet-1rum-sundsvall-bosvedjan-sundsvalls-kommun-bagevagen-73b-7201673610751781463,45-46m²,bostadsratt,2026-09-09T16:00:39.871451
8854436017402018987,https://www.hemnet.se/salda/lagenhet-2rum-stora-essingen-stockholms-kommun-essingetorget-37-8854436017402018987,45-46m²,bostadsratt,2026-09-09T16:00:39.871452
3216947042863781656,https://www.hemnet.se/salda/lagenhet-2rum-rickomberga-luthagen-uppsala-kommun-gosta-wahlstroms-vag-2f-3216947042863781656,45-46m²,bostadsratt,2026-09-09T16:00:39.871454
2920920881084832579,https://www.hemnet.se/salda/lagenhet-2rum-sodra-ladugardsangen-orebro-kommun-termikgatan-49e-2920920881084832579,45-46m²,bostadsratt,2026-09-09T16:00:39.871457
5829880240343961792,https://www.hemnet.se/salda/lagenhet-2rum-kungsholmen-stockholms-kommun-celsiusgatan-4-5829880240343961792,45-46m²,bostadsratt,2026-09-09T16:00:39.871458
8190842977953849834,https://www.hemnet.se/salda/lagenhet-2rum-centralt-knivsta-kommun-margaretavagen-49a-8190842977953849834,45-46m²,bostadsratt,2026-09-09T16:00:39.871459
3777932473664119036,https://www.hemnet.se/salda/lagenhet-2rum-lund-centrum-lunds-kommun-sodra-esplanaden-15b-3777932473664119036,45-46m²,bostadsratt,2026-09-09T16:00:39.871460
187796084384877946,https://www.hemnet.se/salda/lagenhet-2rum-brandbergen-haninge-kommun-lejonets-gata-386-187796084384877946,45-46m²,bostadsratt,2026-09-09T16:00:39.871462
7452790254690634415,"https://www.hemnet.se/salda/lagenhet-2rum-fredhall-stockholms-kommun-adlerbethsgatan-15,-1tr-7452790254690634415",45-46m²,bostadsratt,2026-09-09T16:00:39.871463
10338668741099815,"https://www.hemnet.se/salda/lagenhet-2rum-gamla-rasunda-solna-kommun-erik-sandbergs-gata-6,-4-4-tr-10338668741099815",45-46m²,bostadsratt,2026-09-09T16:00:39.871464
5334688537852242531,https://www.hemnet.se/salda/lagenhet-2rum-vastra-kattarp-malmo-kommun-jagersrovagen-16a-5334688537852242531,45-46m²,bostadsratt,2026-09-09T16:00:39.871466
2240027809411273929,https://www.hemnet.se/salda/lagenhet-2rum-riksten-botkyrka-kommun-hanvedens-alle-33-2240027809411273929,45-46m²,bostadsratt,2026-09-09T16:00:39.871467
9083813198090999249,https://www.hemnet.se/salda/lagenhet-2rum-alvsjo-langsjo-stockholms-kommun-langsjovagen-58-9083813198090999249,45-46m²,bostadsratt,2026-09-09T16:00:39.871468
6987600923122348850,https://www.hemnet.se/salda/lagenhet-2rum-pavelund-goteborgs-kommun-angkarrsgangen-4-6987600923122348850,45-46m²,bostadsratt,2026-09-09T16:00:39.871470
530724170174385805,https://www.hemnet.se/salda/lagenhet-2rum-vasastan-stockholms-kommun-norrbackagatan-49a-530724170174385805,45-46m²,bostadsratt,2026-09-09T16:00:39.871471
6149028681514811701,https://www.hemnet.se/salda/lagenhet-2rum-ekhagen-stockholms-kommun-torphagsvagen-14-6149028681514811701,45-46m²,bostadsratt,2026-09-09T16:00:39.871472
5372906674815398256,"https://www.hemnet.se/salda/lagenhet-2,5rum-kungsholmen-stockholms-kommun-kungsholms-strand-183-5372906674815398256",45-46m²,bostadsratt,2026-09-09T16:00:39.871473
8960954490816918515,https://www.hemnet.se/salda/lagenhet-2rum-kista-stockholms-kommun-kastrupgatan-14-8960954490816918515,45-46m²,bostadsratt,2026-09-09T16:00:39.871475
4679846756018349031,https://www.hemnet.se/salda/lagenhet-2rum-kungsholmen-stockholms-kommun-alstromergatan-32-h-4679846756018349031,45-46m²,bostadsratt,2026-09-09T16:00:39.871476
6862161740709870610,https://www.hemnet.se/salda/lagenhet-2rum-paradiset-partille-kommun-besebacksstigen-1-6862161740709870610,45-46m²,bostadsratt,2026-09-09T16:00:39.871477
8286619322183865609,https://www.hemnet.se/salda/lagenhet-2rum-hisings-backa-goteborgs-kommun-sagogangen-55-8286619322183865609,45-46m²,bostadsratt,2026-09-09T16:00:39.871478
5011042398849283258,https://www.hemnet.se/salda/lagenhet-2rum-sodermalm-stockholms-kommun-borgargatan-6-5011042398849283258,45-46m²,bostadsratt,2026-09-09T16:00:39.871481
7718974434342901887,https://www.hemnet.se/salda/lagenhet-2rum-attekulla-helsingborgs-kommun-barnstensgatan-47a-7718974434342901887,45-46m²,bostadsratt,2026-09-09T16:00:39.871483
7677206061842272535,https://www.hemnet.se/salda/lagenhet-2rum-oster-hogskolan-halmstads-kommun-enslovsvagen-5-7677206061842272535,45-46m²,bostadsratt,2026-09-09T16:00:39.871484
7839796407521958369,"https://www.hemnet.se/salda/lagenhet-2rum-tollare-nacka-kommun-tollare-torg-4,-2tr-7839796407521958369",45-46m²,bostadsratt,2026-09-09T16:00:39.871485
5454169083283040536,https://www.hemnet.se/salda/lagenhet-2rum-brandbergen-haninge-kommun-lejonets-gata-380-5454169083283040536,45-46m²,bostadsratt,2026-09-09T16:00:39.871487
8135991605668643756,https://www.hemnet.se/salda/lagenhet-2rum-rosendal-uppsala-kommun-prefektgatan-6-8135991605668643756,45-46m²,bostadsratt,2026-09-09T16:00:39.871488
4619131413013995278,https://www.hemnet.se/salda/lagenhet-2rum-kvisthamra-gransater-norrtalje-kommun-ostra-rogardsgatan-20-4619131413013995278,45-46m²,bostadsratt,2026-09-09T16:00:39.871489
748981490862133156,https://www.hemnet.se/salda/lagenhet-2rum-ursvik-sundbybergs-kommun-milstensvagen-29-748981490862133156,45-46m²,bostadsratt,2026-09-09T16:00:39.871490
1353831488338617132,https://www.hemnet.se/salda/lagenhet-2rum-sodermalm-sofia-stockholms-kommun-beckbrannarbacken-1-1353831488338617132,45-46m²,bostadsratt,2026-09-09T16:00:39.871492
6556944685147405593,https://www.hemnet.se/salda/lagenhet-1rum-sodra-skogen-karlsborgs-kommun-skogvaktaregatan-14-6556944685147405593,45-46m²,bostadsratt,2026-09-09T16:00:39.871493
2011252385164660505,"https://www.hemnet.se/salda/lagenhet-2rum-liljeholmskajen-stockholms-kommun-sturehillsvagen-9,-3tr-2011252385164660505",45-46m²,bostadsratt,2026-09-09T16:00:39.871494
1718830925340592486,https://www.hemnet.se/salda/lagenhet-2rum-kungsholmen-stockholms-kommun-wargentinsgatan-3-1718830925340592486,45-46m²,bostadsratt,2026-09-09T16:00:39.871495
7624389304823015856,https://www.hemnet.se/salda/lagenhet-2rum-torpa-jonkopings-kommun-larlingsgatan-4-a-7624389304823015856,45-46m²,bostadsratt,2026-09-09T16:00:39.871497
6887880904176961161,https://www.hemnet.se/salda/lagenhet-2rum-gardet-ostermalm-stockholms-kommun-furusundsgatan-8-6887880904176961161,45-46m²,bostadsratt,2026-09-09T16:00:39.871498
1538897565197394109,https://www.hemnet.se/salda/lagenhet-2rum-gamla-rasunda-solna-kommun-forradsgatan-2-1538897565197394109,45-46m²,bostadsratt,2026-09-09T16:00:39.871501
434657754190068044,https://www.hemnet.se/salda/lagenhet-2rum-jakobsberg-jarfalla-kommun-birgittavagen-27-434657754190068044,45-46m²,bostadsratt,2026-09-09T16:00:39.871502
694613882711603188,https://www.hemnet.se/salda/lagenhet-2rum-sodermalm-stockholms-kommun-rutger-fuchsgatan-4-694613882711603188,45-46m²,bostadsratt,2026-09-09T16:00:39.871504
1771301478164261149,https://www.hemnet.se/salda/lagenhet-2rum-linnestaden-goteborgs-kommun-majorsgatan-5b-1771301478164261149,45-46m²,bostadsratt,2026-09-09T16:00:39.871505
189618998772515942,"https://www.hemnet.se/salda/lagenhet-1,5rum-farsta-stockholms-kommun-varmlandsvagen-7c-189618998772515942",45-46m²,bostadsratt,2026-09-09T16:00:39.871506
6430814133715309256,https://www.hemnet.se/salda/lagenhet-2rum-valla-linkopings-kommun-ombergsgatan-2-b-6430814133715309256,45-46m²,bostadsratt,2026-09-09T16:00:39.871507
8839385954172019417,https://www.hemnet.se/salda/lagenhet-2rum-gullmarsplan-stockholms-kommun-grafikvagen-32-8839385954172019417,45-46m²,bostadsratt,2026-09-09T16:00:39.871508
6360266670900963697,https://www.hemnet.se/salda/lagenhet-2rum-rorsjostaden-malmo-kommun-kommendorsgatan-3-6360266670900963697,45-46m²,bostadsratt,2026-09-09T16:00:39.871510
7526269458008289818,"https://www.hemnet.se/salda/lagenhet-1,5rum-gamla-masthugget-goteborgs-kommun-sjomansgatan-6-a-7526269458008289818",45-46m²,bostadsratt,2026-09-09T16:00:39.871511
6739693167048646909,https://www.hemnet.se/salda/lagenhet-2rum-hammarbyhojden-stockholms-kommun-forsskalsgatan-10-6739693167048646909,45-46m²,bostadsratt,2026-09-09T16:00:39.871512
1137979763188433110,"https://www.hemnet.se/salda/lagenhet-2rum-grondal-stockholms-kommun-fregattvagen-91,-2tr-1137979763188433110",45-46m²,bostadsratt,2026-09-09T16:00:39.871513
2372075732008463574,"https://www.hemnet.se/salda/lagenhet-2rum-abrahamsberg-stockholms-kommun-murarvagen-13,-3-3tr-2372075732008463574",45-46m²,bostadsratt,2026-09-09T16:00:39.871517
7827299737171759595,https://www.hemnet.se/salda/lagenhet-2rum-kungsholmen-stockholms-kommun-svarvargatan-3-7827299737171759595,45-46m²,bostadsratt,2026-09-09T16:00:39.871520
3228384385933860464,https://www.hemnet.se/salda/lagenhet-1rum-viggbyholm-taby-kommun-jarnvagsallen-3b-1tr-3228384385933860464,45-46m²,bostadsratt,2026-09-09T16:00:39.871521
539010433494922883,"https://www.hemnet.se/salda/lagenhet-1,5rum-storvik-sandvikens-kommun-thore-petregatan-5b-539010433494922883",45-46m²,bostadsratt,2026-09-09T16:00:39.871522
5047950813942209484,https://www.hemnet.se/salda/lagenhet-2rum-arsta-stockholms-kommun-skagersvagen-18-5047950813942209484,45-46m²,bostadsratt,2026-09-09T16:00:39.871523
7542549822568697715,https://www.hemnet.se/salda/lagenhet-2rum-lindholmen-goteborgs-kommun-arbetaregatan-2-7542549822568697715,45-46m²,bostadsratt,2026-09-09T16:00:39.871525
2794278446503631206,"https://www.hemnet.se/salda/lagenhet-2rum-sodermalm-sofia-stockholms-kommun-bondegatan-13,-4-tr-2794278446503631206",45-46m²,bostadsratt,2026-09-09T16:00:39.871526
5034152034435132504,https://www.hemnet.se/salda/lagenhet-2rum-bromma-brommaplan-stockholms-kommun-kladesvagen-34-5034152034435132504,45-46m²,bostadsratt,2026-09-09T16:00:39.871527
4968188339206392108,https://www.hemnet.se/salda/lagenhet-2rum-vasastan-odenplan-stockholms-kommun-dalagatan-41a-4968188339206392108,45-46m²,bostadsratt,2026-09-09T16:00:39.871529
8121815317869530095,https://www.hemnet.se/salda/lagenhet-2rum-inverness-danderyds-kommun-gardes-backe-3b-8121815317869530095,45-46m²,bostadsratt,2026-09-09T16:00:39.871530
3209341490916759926,https://www.hemnet.se/salda/lagenhet-1rum-rotebro-sollentuna-kommun-timotejvagen-15-3209341490916759926,45-46m²,bostadsratt,2026-09-09T16:00:39.871531
6352412733141476674,https://www.hemnet.se/salda/lagenhet-2rum-johannesfred-ulvsunda-stockholms-kommun-bjorkbacksvagen-34-6352412733141476674,45-46m²,bostadsratt,2026-09-09T16:00:39.871532
1577899378139108083,https://www.hemnet.se/salda/lagenhet-2rum-roslags-nasby-taby-kommun-stationsvagen-52-1577899378139108083,45-46m²,bostadsratt,2026-09-09T16:00:39.871534
7219781069995882936,https://www.hemnet.se/salda/lagenhet-2rum-tureberg-sollentuna-kommun-sofielundsvagen-3b-7219781069995882936,45-46m²,bostadsratt,2026-09-09T16:00:39.871535
5828765459560110130,https://www.hemnet.se/salda/lagenhet-2rum-regementstaden-boras-kommun-lagercrantz-plats-10b-5828765459560110130,45-46m²,bostadsratt,2026-09-09T16:00:39.871536
3497235022410772950,"https://www.hemnet.se/salda/lagenhet-2rum-akalla-stockholms-kommun-sibeliusgangen-44,-5-tr-3497235022410772950",45-46m²,bostadsratt,2026-09-09T16:00:39.871537
4352458817024436856,https://www.hemnet.se/salda/lagenhet-2rum-bromma-mariehall-stockholms-kommun-kratsbodavagen-32-4352458817024436856,45-46m²,bostadsratt,2026-09-09T16:00:39.871539
3384674178469528695,https://www.hemnet.se/salda/lagenhet-2rum-brandbergen-haninge-kommun-stenbockens-gata-118-3384674178469528695,45-46m²,bostadsratt,2026-09-09T16:00:39.871540
4483836479678324740,https://www.hemnet.se/salda/lagenhet-2rum-silverdal-sollentuna-kommun-silverdalsvagen-33-4483836479678324740,45-46m²,bostadsratt,2026-09-09T16:00:39.871541
1100920564347189384,https://www.hemnet.se/salda/lagenhet-2rum-grondal-stockholms-kommun-sannadalsvagen-18-1100920564347189384,45-46m²,bostadsratt,2026-09-09T16:00:39.871542
2364472696841075493,https://www.hemnet.se/salda/lagenhet-2rum-grossgardet-norrtalje-kommun-lundmansgatan-3a-2364472696841075493,45-46m²,bostadsratt,2026-09-09T16:00:39.871544
2596334100811987094,https://www.hemnet.se/salda/lagenhet-1rum-segevang-malmo-kommun-segevangsgatan-17-b-2596334100811987094,45-46m²,bostadsratt,2026-09-09T16:00:39.871547
5139115863584935226,https://www.hemnet.se/salda/lagenhet-2rum-ostra-vi-gotlands-kommun-greta-arwidssons-gata-17g-5139115863584935226,45-46m²,bostadsratt,2026-09-09T16:00:39.871548
580070200269540619,"https://www.hemnet.se/salda/lagenhet-1rum-tibble-upplands-bro-kommun-hjortronvagen-41,-bv-580070200269540619",45-46m²,bostadsratt,2026-09-09T16:00:39.871549
7373485356640488838,https://www.hemnet.se/salda/lagenhet-2rum-centralt-oster-nykopings-kommun-tullportsgatan-31c-7373485356640488838,45-46m²,bostadsratt,2026-09-09T16:00:39.871551
4438941871565360021,https://www.hemnet.se/salda/lagenhet-2rum-bromma-johannesfred-stockholms-kommun-bjorkbacksvagen-46-4438941871565360021,45-46m²,bostadsratt,2026-09-09T16:00:39.871552
5950406433270478407,https://www.hemnet.se/salda/lagenhet-1rum-vastra-frolunda-goteborgs-kommun-orkestergatan-1-5950406433270478407,45-46m²,bostadsratt,2026-09-09T16:00:39.871555
5670153821567799608,https://www.hemnet.se/salda/lagenhet-2rum-solangen-molndals-kommun-kunskapsgatan-25-5670153821567799608,45-46m²,bostadsratt,2026-09-09T16:00:39.871556
5502760272514854703,"https://www.hemnet.se/salda/lagenhet-2rum-vasastan-stockholms-kommun-vastmannagatan-81b,-1-tr,-5502760272514854703",45-46m²,bostadsratt,2026-09-09T16:00:39.871557
5271935925570239643,https://www.hemnet.se/salda/lagenhet-2rum-molndal-kvarnbyn-molndals-kommun-kvarnbyvallen-21-5271935925570239643,45-46m²,bostadsratt,2026-09-09T16:00:39.871559
5070729699041871133,"https://www.hemnet.se/salda/lagenhet-2rum-johannesfred-stockholms-kommun-stangjarnsvagen-17,-van-3-3-5070729699041871133",45-46m²,bostadsratt,2026-09-09T16:00:39.871560
8389081370434095738,"https://www.hemnet.se/salda/lagenhet-1rum-hogdalen-stockholms-kommun-skebokvarnsvagen-366,-11-tr-8389081370434095738",45-46m²,bostadsratt,2026-09-09T16:00:39.871561
1684020467494494354,https://www.hemnet.se/salda/lagenhet-2rum-gamlestaden-goteborgs-kommun-gamlestadstorget-30-1684020467494494354,45-46m²,bostadsratt,2026-09-09T16:00:39.871563
6128410845424969707,https://www.hemnet.se/salda/lagenhet-2rum-kalltorp-goteborgs-kommun-virginsgatan-8-6128410845424969707,45-46m²,bostadsratt,2026-09-09T16:00:39.871564
8243434173412725394,https://www.hemnet.se/salda/lagenhet-1rum-majorna-goteborgs-kommun-jaegerdorffsplatsen-1a-8243434173412725394,45-46m²,bostadsratt,2026-09-09T16:00:39.871565
4027273041380125097,https://www.hemnet.se/salda/lagenhet-2rum-nedre-kungsholmen-stockholms-kommun-karlsviksgatan-7-4027273041380125097,45-46m²,bostadsratt,2026-09-09T16:00:39.871566
1740096105160917361,https://www.hemnet.se/salda/lagenhet-2rum-vega-haninge-kommun-gaffelseglet-lgh-3-1403-juno-1740096105160917361,45-46m²,bostadsratt,2026-09-09T16:00:39.871568
6250650347486493138,https://www.hemnet.se/salda/lagenhet-2rum-majorna-goteborgs-kommun-fredbergsgatan-3c-6250650347486493138,45-46m²,bostadsratt,2026-09-09T16:00:39.871569
1533196515504615644,https://www.hemnet.se/salda/lagenhet-2rum-kristineberg-stockholms-kommun-love-almqvists-vag-4b-1533196515504615644,45-46m²,bostadsratt,2026-09-09T16:00:39.871570
580175303153543010,https://www.hemnet.se/salda/lagenhet-2rum-grondal-stockholms-kommun-fregattvagen-59-580175303153543010,45-46m²,bostadsratt,2026-09-09T16:00:39.871572
2527527659772868302,https://www.hemnet.se/salda/lagenhet-2rum-majorna-sandarna-goteborgs-kommun-karl-johansgatan-164-a-2527527659772868302,45-46m²,bostadsratt,2026-09-09T16:00:39.871573
3078898407022573571,https://www.hemnet.se/salda/lagenhet-2rum-attekulla-helsingborgs-kommun-barnstensgatan-35b-3078898407022573571,45-46m²,bostadsratt,2026-09-09T16:00:39.871574
2458558104404330436,"https://www.hemnet.se/salda/lagenhet-1,5rum-vasastan-stockholms-kommun-rodabergsgatan-9a-2458558104404330436",45-46m²,bostadsratt,2026-09-09T16:00:39.871575
2077616637998663556,https://www.hemnet.se/salda/lagenhet-2rum-fredslyckan-lunds-kommun-parternas-grand-5-2077616637998663556,45-46m²,bostadsratt,2026-09-09T16:00:39.871577
7199513126288431618,"https://www.hemnet.se/salda/lagenhet-2rum-kista-stockholms-kommun-helsingorsgatan-23,-1tr-7199513126288431618",45-46m²,bostadsratt,2026-09-09T16:00:39.871578
5468726535452500546,"https://www.hemnet.se/salda/lagenhet-1,5rum-bergshamra-solna-kommun-lostigen-1-5468726535452500546",45-46m²,bostadsratt,2026-09-09T16:00:39.871579
6602991528257789468,https://www.hemnet.se/salda/lagenhet-2rum-kvarnbergsplan-huddinge-kommun-kansligrand-20-6602991528257789468,45-46m²,bostadsratt,2026-09-09T16:00:39.871580
2962877412273659677,"https://www.hemnet.se/salda/lagenhet-1,5rum-vastra-skogen-solna-kommun-arvid-tydens-alle-22-2962877412273659677",45-46m²,bostadsratt,2026-09-09T16:00:39.871582
4738553657342958073,https://www.hemnet.se/salda/lagenhet-2rum-kungsholmen-fridhemsplan-stockholms-kommun-alstromergatan-32r-4738553657342958073,45-46m²,bostadsratt,2026-09-09T16:00:39.871583
4107621584304631864,https://www.hemnet.se/salda/lagenhet-2rum-oceanhamnen-helsingborgs-kommun-redaregatan-47-4107621584304631864,45-46m²,bostadsratt,2026-09-09T16:00:39.871584
8981304072170943128,https://www.hemnet.se/salda/lagenhet-2rum-centrala-stuvsta-huddinge-kommun-kungsklippevagen-17-8981304072170943128,45-46m²,bostadsratt,2026-09-09T16:00:39.871585
6317566223429106178,https://www.hemnet.se/salda/lagenhet-2rum-kungsholmen-stockholms-kommun-wargentinsgatan-5c-6317566223429106178,45-46m²,bostadsratt,2026-09-09T16:00:39.871587
262519592000205322,"https://www.hemnet.se/salda/lagenhet-1,5rum-norra-tynnered-goteborgs-kommun-guldringen-7-262519592000205322",45-46m²,bostadsratt,2026-09-09T16:00:39.871590
6917409439008350428,https://www.hemnet.se/salda/lagenhet-2rum-centrum-fjardingen-uppsala-kommun-slottsgrand-2e-6917409439008350428,45-46m²,bostadsratt,2026-09-09T16:00:39.871593
305373042164013676,https://www.hemnet.se/salda/lagenhet-2rum-lunden-goteborgs-kommun-wrangelsgatan-4a-305373042164013676,45-46m²,bostadsratt,2026-09-09T16:00:39.871594
3303981892369529031,https://www.hemnet.se/salda/lagenhet-2rum-centrala-hisingen-goteborgs-kommun-scholandersgatan-2-3303981892369529031,45-46m²,bostadsratt,2026-09-09T16:00:39.871596
6374097427821296201,"https://www.hemnet.se/salda/lagenhet-2rum-enskede-stockholms-kommun-postiljonsvagen-4,-1tr-6374097427821296201",45-46m²,bostadsratt,2026-09-09T16:00:39.871597
9126805157209104442,https://www.hemnet.se/salda/lagenhet-2rum-oringe-tyreso-kommun-diamantgangen-127-9126805157209104442,45-46m²,bostadsratt,2026-09-09T16:00:39.871598
6312961315747220708,https://www.hemnet.se/salda/lagenhet-2rum-rasunda-solna-kommun-rasundavagen-69a-6312961315747220708,45-46m²,bostadsratt,2026-09-09T16:00:39.871599
578576888364552758,https://www.hemnet.se/salda/lagenhet-2rum-rickomberga-uppsala-kommun-otto-myrbergs-vag-2c-578576888364552758,45-46m²,bostadsratt,2026-09-09T16:00:39.871601
7031404845170407981,https://www.hemnet.se/salda/lagenhet-2rum-johanneberg-goteborgs-kommun-engdahlsgatan-4c-7031404845170407981,45-46m²,bostadsratt,2026-09-09T16:00:39.871602
7807550503366603536,https://www.hemnet.se/salda/lagenhet-2rum-rackarberget-uppsala-kommun-klangs-grand-1b-7807550503366603536,45-46m²,bostadsratt,2026-09-09T16:00:39.871603
7960343994251956142,https://www.hemnet.se/salda/lagenhet-1rum-falhagen-uppsala-kommun-frodegatan-5b-7960343994251956142,45-46m²,bostadsratt,2026-09-09T16:00:39.871604
6078506036800539656,https://www.hemnet.se/salda/lagenhet-2rum-reimersholme-stockholms-kommun-reimersholmsgatan-32-6078506036800539656,45-46m²,bostadsratt,2026-09-09T16:00:39.871606
543280986661697885,https://www.hemnet.se/salda/lagenhet-1rum-sandviken-karlskoga-kommun-laxgarden-2a-543280986661697885,45-46m²,bostadsratt,2026-09-09T16:00:39.871607
552552693621167818,https://www.hemnet.se/salda/lagenhet-1rum-huskvarna-city-jonkopings-kommun-gillesgatan-1a-552552693621167818,45-46m²,bostadsratt,2026-09-09T16:00:39.871610
5699992008064233498,https://www.hemnet.se/salda/lagenhet-2rum-hersby-lidingo-kommun-kyrkvagen-10-5699992008064233498,45-46m²,bostadsratt,2026-09-09T16:00:39.871611
2021437146669917096,https://www.hemnet.se/salda/lagenhet-2rum-jarvastaden-solna-kommun-jarva-skjutbanevag-33-2021437146669917096,45-46m²,bostadsratt,2026-09-09T16:00:39.871613
1862050245721346672,"https://www.hemnet.se/salda/lagenhet-1,5rum-rosengarden-helsingborgs-kommun-malmogatan-5b-1862050245721346672",45-46m²,bostadsratt,2026-09-09T16:00:39.871614
648122187085953505,"https://www.hemnet.se/salda/lagenhet-2rum-kungsholmen-fridhemsplan-stockholms-kommun-fleminggatan-81,-3tr-648122187085953505",45-46m²,bostadsratt,2026-09-09T16:00:39.871615
2696630074969914805,https://www.hemnet.se/salda/lagenhet-2rum-bromma-johannesfred-stockholms-kommun-stangjarnsvagen-10-2696630074969914805,45-46m²,bostadsratt,2026-09-09T16:00:39.871616
3670846040915714896,https://www.hemnet.se/salda/lagenhet-2rum-skarmarbrink-stockholms-kommun-arkadvagen-16-3670846040915714896,45-46m²,bostadsratt,2026-09-09T16:00:39.871618
6378670142881191673,https://www.hemnet.se/salda/lagenhet-1rum-kristianstad-soder-kristianstads-kommun-sadelmakaregatan-1b-6378670142881191673,45-46m²,bostadsratt,2026-09-09T16:00:39.871619
3666087867853013886,"https://www.hemnet.se/salda/lagenhet-1,5rum-silverdal-sollentuna-kommun-vetenskapsvagen-3-3666087867853013886",45-46m²,bostadsratt,2026-09-09T16:00:39.871620
7115576982519012278,https://www.hemnet.se/salda/lagenhet-2rum-centrala-sundbyberg-sundbybergs-kommun-rosengatan-8-7115576982519012278,45-46m²,bostadsratt,2026-09-09T16:00:39.871621
8929837961541565505,"https://www.hemnet.se/salda/lagenhet-1,5rum-city-malmo-kommun-sodra-forstadsgatan-38b-8929837961541565505",45-46m²,bostadsratt,2026-09-09T16:00:39.871623
1211225394980250546,https://www.hemnet.se/salda/lagenhet-1rum-brynas-gavle-kommun-hillmanskroken-5-a-1211225394980250546,45-46m²,bostadsratt,2026-09-09T16:00:39.871624
2534728839721954350,https://www.hemnet.se/salda/lagenhet-2rum-storskogen-sundbybergs-kommun-tulegatan-6b-2534728839721954350,45-46m²,bostadsratt,2026-09-09T16:00:39.871627
3575010841756799866,https://www.hemnet.se/salda/lagenhet-2rum-sundbybergs-strand-sundbybergs-kommun-hamngatan-18e-3575010841756799866,45-46m²,bostadsratt,2026-09-09T16:00:39.871628
8877498126505473067,"https://www.hemnet.se/salda/lagenhet-2rum-grondal-stockholms-kommun-fregattvagen-91,-van-3-3-8877498126505473067",45-46m²,bostadsratt,2026-09-09T16:00:39.871630
2230114784161168391,https://www.hemnet.se/salda/lagenhet-2rum-solangen-molndals-kommun-tentamensgatan-10-2230114784161168391,45-46m²,bostadsratt,2026-09-09T16:00:39.871631
7503329177696789538,https://www.hemnet.se/salda/lagenhet-2rum-ostra-sorgenfri-malmo-kommun-torekovsgatan-20b-7503329177696789538,45-46m²,bostadsratt,2026-09-09T16:00:39.871632
4826723317762599718,"https://www.hemnet.se/salda/lagenhet-2rum-kungsholmen-nedre-kungsholmen-stockholms-kommun-hjarnegatan-2,-2-tr-4826723317762599718",45-46m²,bostadsratt,2026-09-09T16:00:39.871633
2477580002933767574,https://www.hemnet.se/salda/lagenhet-2rum-arsta-stockholms-kommun-skontorpsvagen-102-2477580002933767574,45-46m²,bostadsratt,2026-09-09T16:00:39.871635
8236535485114784519,https://www.hemnet.se/salda/lagenhet-2rum-midsommarkransen-stockholms-kommun-vattenledningsvagen-81-8236535485114784519,45-46m²,bostadsratt,2026-09-09T16:00:39.871638
4956625474333052866,https://www.hemnet.se/salda/lagenhet-2rum-sodra-omradet-kalmar-kommun-stensbergsvagen-54a-4956625474333052866,45-46m²,bostadsratt,2026-09-09T16:00:39.871639
6580241150291269312,https://www.hemnet.se/salda/lagenhet-2rum-fruangen-stockholms-kommun-fruangstorget-3-6580241150291269312,45-46m²,bostadsratt,2026-09-09T16:00:39.871640
4803111162897098391,https://www.hemnet.se/salda/lagenhet-1rum-granlo-sundsvalls-kommun-vikingavagen-65b-4803111162897098391,45-46m²,bostadsratt,2026-09-09T16:00:39.871642
7509384717600763627,https://www.hemnet.se/salda/lagenhet-2rum-kviberg-goteborgs-kommun-aspirantgatan-5-7509384717600763627,45-46m²,bostadsratt,2026-09-09T16:00:39.871643
2101592976778535918,https://www.hemnet.se/salda/lagenhet-2rum-gustavsberg-porslinskvarteren-varmdo-kommun-maja-snis-gata-1-2101592976778535918,45-46m²,bostadsratt,2026-09-09T16:00:39.871644
5873816549047959690,https://www.hemnet.se/salda/lagenhet-2rum-solangen-molndals-kommun-kunskapsgatan-25-5873816549047959690,45-46m²,bostadsratt,2026-09-09T16:00:39.871645
2339142804493162678,https://www.hemnet.se/salda/lagenhet-2rum-centralt-norrtalje-kommun-gokvagen-1-2339142804493162678,45-46m²,bostadsratt,2026-09-09T16:00:39.871647
9211368166613813366,https://www.hemnet.se/salda/lagenhet-2rum-bromma-johannesfred-stockholms-kommun-bjorkbacksvagen-12-9211368166613813366,45-46m²,bostadsratt,2026-09-09T16:00:39.871648
6709498473706205388,"https://www.hemnet.se/salda/lagenhet-1,5rum-rasunda-solna-kommun-plogvagen-7-6709498473706205388",45-46m²,bostadsratt,2026-09-09T16:00:39.871649
5243735240396279412,"https://www.hemnet.se/salda/lagenhet-2rum-ostermalm-vasastan-stockholms-kommun-valhallavagen-65,-5-tr-5243735240396279412",45-46m²,bostadsratt,2026-09-09T16:00:39.871651
5395005770116234648,https://www.hemnet.se/salda/lagenhet-2rum-sollentuna-centrum-sollentuna-kommun-sollentunavagen-166-5395005770116234648,45-46m²,bostadsratt,2026-09-09T16:00:39.871652
6577618617123523752,https://www.hemnet.se/salda/lagenhet-2rum-gardet-ostermalm-stockholms-kommun-skeppargatan-100-6577618617123523752,45-46m²,bostadsratt,2026-09-09T16:00:39.871653
8954121113337352986,https://www.hemnet.se/salda/lagenhet-2rum-norra-djurgardsstaden-stockholms-kommun-hamlingsgatan-4-8954121113337352986,45-46m²,bostadsratt,2026-09-09T16:00:39.871655
4166053040923715528,"https://www.hemnet.se/salda/lagenhet-2rum-hammarbyhojden,-johanneshov-stockholms-kommun-lidkopingsvagen-50-4166053040923715528",45-46m²,bostadsratt,2026-09-09T16:00:39.871656
7200975353780126862,https://www.hemnet.se/salda/lagenhet-2rum-kungsholmen-stora-essingen-stockholms-kommun-essingestraket-34-7200975353780126862,45-46m²,bostadsratt,2026-09-09T16:00:39.871657
6494851833654446792,https://www.hemnet.se/salda/lagenhet-2rum-centralt-vaster-gavle-kommun-brandstromsgatan-16a-6494851833654446792,45-46m²,bostadsratt,2026-09-09T16:00:39.871659
8836873115447813999,https://www.hemnet.se/salda/lagenhet-2rum-kungsholmen-stockholms-kommun-alstromergatan-32n-8836873115447813999,45-46m²,bostadsratt,2026-09-09T16:00:39.871660
5482874328818228732,https://www.hemnet.se/salda/lagenhet-2rum-munkeback-goteborgs-kommun-gyllenstensgatan-27-5482874328818228732,45-46m²,bostadsratt,2026-09-09T16:00:39.871661
6213907031346365719,https://www.hemnet.se/salda/lagenhet-2rum-klintbacken-lulea-kommun-klintvagen-313b-6213907031346365719,45-46m²,bostadsratt,2026-09-09T16:00:39.871664
4070930228011720453,"https://www.hemnet.se/salda/lagenhet-2rum-norra-djurgardsstaden-stockholms-kommun-settergatan-14,-7tr-4070930228011720453",45-46m²,bostadsratt,2026-09-09T16:00:39.871665
6431679348561672374,https://www.hemnet.se/salda/lagenhet-1rum-brynas-gavle-kommun-hillmanskroken-7-6431679348561672374,45-46m²,bostadsratt,2026-09-09T16:00:39.871667
5591156861238065572,https://www.hemnet.se/salda/lagenhet-2rum-blasut-stockholms-kommun-vingavagen-8-5591156861238065572,45-46m²,bostadsratt,2026-09-09T16:00:39.871668
5112494847406201297,https://www.hemnet.se/salda/lagenhet-2rum-vasastan-stockholms-kommun-rorstrandsgatan-25-5112494847406201297,45-46m²,bostadsratt,2026-09-09T16:00:39.871669
6108121350485646321,https://www.hemnet.se/salda/lagenhet-2rum-sodermalm-sofia-stockholms-kommun-ploggatan-16-6108121350485646321,45-46m²,bostadsratt,2026-09-09T16:00:39.871670
8572094587981330900,https://www.hemnet.se/salda/lagenhet-2rum-johanneberg-goteborgs-kommun-eklandagatan-52d-8572094587981330900,45-46m²,bostadsratt,2026-09-09T16:00:39.871672
704366717947682579,https://www.hemnet.se/salda/lagenhet-2rum-gamla-vaster-malmo-kommun-hjulhamnsgatan-8-704366717947682579,45-46m²,bostadsratt,2026-09-09T16:00:39.871673
6498145189961695311,https://www.hemnet.se/salda/lagenhet-2rum-ribersborg-malmo-kommun-kilian-zollsgatan-28b-6498145189961695311,45-46m²,bostadsratt,2026-09-09T16:00:39.871674
8177008120807508390,https://www.hemnet.se/salda/lagenhet-2rum-husie-malmo-kommun-vannagardsgatan-58-8177008120807508390,45-46m²,bostadsratt,2026-09-09T16:00:39.871675
7223034751297101479,https://www.hemnet.se/salda/lagenhet-2rum-hornsbergs-strand-stockholms-kommun-harry-martinsons-gata-13-7223034751297101479,45-46m²,bostadsratt,2026-09-09T16:00:39.871677
8188005455959808776,https://www.hemnet.se/salda/lagenhet-2rum-traneberg-stockholms-kommun-minnebergsvagen-18-8188005455959808776,45-46m²,bostadsratt,2026-09-09T16:00:39.871678
270702590678890530,https://www.hemnet.se/salda/lagenhet-1rum-salem-salems-kommun-emanuel-birkes-vag-5-270702590678890530,45-46m²,bostadsratt,2026-09-09T16:00:39.871679
1837126812187808399,https://www.hemnet.se/salda/lagenhet-2rum-luthagen-uppsala-kommun-norrlandsgatan-20-1837126812187808399,45-46m²,bostadsratt,2026-09-09T16:00:39.871682
7426314647758804318,https://www.hemnet.se/salda/lagenhet-2rum-telefonplan-midsommarkransen-stockholms-kommun-responsgatan-14-7426314647758804318,45-46m²,bostadsratt,2026-09-09T16:00:39.871684
6145792651924419791,https://www.hemnet.se/salda/lagenhet-2rum-vega-kolatorp-haninge-kommun-timmervagen-22g-6145792651924419791,45-46m²,bostadsratt,2026-09-09T16:00:39.871685
9104422564965320533,https://www.hemnet.se/salda/lagenhet-2rum-skarmarbrink-hammarbyhojden-stockholms-kommun-nathorstvagen-52-9104422564965320533,45-46m²,bostadsratt,2026-09-09T16:00:39.871686
1835988716127475946,"https://www.hemnet.se/salda/lagenhet-1,5rum-centrala-huddinge-huddinge-kommun-sjodalsvagen-15-1835988716127475946",45-46m²,bostadsratt,2026-09-09T16:00:39.871687
1690950286000964654,"https://www.hemnet.se/salda/lagenhet-2rum-kungsholmen-stockholms-kommun-john-ericssonsgatan-15,-2-tr-1690950286000964654",45-46m²,bostadsratt,2026-09-09T16:00:39.871689
3078694949062379698,https://www.hemnet.se/salda/lagenhet-2rum-kapellgardet-uppsala-kommun-djaknegatan-27-d-3078694949062379698,45-46m²,bostadsratt,2026-09-09T16:00:39.871690
7260417707101005920,https://www.hemnet.se/salda/lagenhet-2rum-bergsunds-strand-stockholms-kommun-bergsunds-strand-31-7260417707101005920,45-46m²,bostadsratt,2026-09-09T16:00:39.871691
4232004665481551038,"https://www.hemnet.se/salda/lagenhet-2rum-farsta-stockholms-kommun-varmlandsvagen-7a,-1tr-4232004665481551038",45-46m²,bostadsratt,2026-09-09T16:00:39.871692
4899121531910100719,https://www.hemnet.se/salda/lagenhet-2rum-segevang-malmo-kommun-segevangsgatan-17-b-4899121531910100719,45-46m²,bostadsratt,2026-09-09T16:00:39.871694
5763931877731589474,https://www.hemnet.se/salda/lagenhet-2rum-ostra-mjolby-kommun-ringvagen-26-b-5763931877731589474,45-46m²,bostadsratt,2026-09-09T16:00:39.871695
874728997428892967,https://www.hemnet.se/salda/lagenhet-2rum-liljeholmskajen-stockholms-kommun-sjoviksbacken-20-874728997428892967,45-46m²,bostadsratt,2026-09-09T16:00:39.871696
3145642554457963147,https://www.hemnet.se/salda/lagenhet-2rum-alvsjo-liseberg-stockholms-kommun-annandagsvagen-8-3145642554457963147,45-46m²,bostadsratt,2026-09-09T16:00:39.871699
1096227709126461820,https://www.hemnet.se/salda/lagenhet-2rum-edsviken-sollentuna-kommun-dalbovagen-2b-1096227709126461820,45-46m²,bostadsratt,2026-09-09T16:00:39.871703
6084423131552582502,"https://www.hemnet.se/salda/lagenhet-1,5rum-storskogen-sundbybergs-kommun-ursviksvagen-2b-6084423131552582502",45-46m²,bostadsratt,2026-09-09T16:00:39.871704
7630703947233508170,https://www.hemnet.se/salda/lagenhet-2rum-vaster-lunds-kommun-domherrevagen-6b-7630703947233508170,45-46m²,bostadsratt,2026-09-09T16:00:39.871705
6750966685226710874,https://www.hemnet.se/salda/lagenhet-2rum-kviberg-goteborgs-kommun-anna-branzells-gata-22-6750966685226710874,45-46m²,bostadsratt,2026-09-09T16:00:39.871707
1118201748858042839,https://www.hemnet.se/salda/lagenhet-2rum-rickomberga-uppsala-kommun-otto-myrbergs-vag-2c-1118201748858042839,45-46m²,bostadsratt,2026-09-09T16:00:39.871708
1078191141271805132,https://www.hemnet.se/salda/lagenhet-1rum-stigberget-goteborgs-kommun-tredje-langgatan-27-1078191141271805132,45-46m²,bostadsratt,2026-09-09T16:00:39.871709
7244207926352565659,https://www.hemnet.se/salda/lagenhet-2rum-vasastaden-linkopings-kommun-konsistoriegatan-21a-7244207926352565659,45-46m²,bostadsratt,2026-09-09T16:00:39.871710
8191658762065314939,"https://www.hemnet.se/salda/lagenhet-1rum-frosunda-solna-kommun-anders-lundstroms-gata-18,-van-2-8191658762065314939",45-46m²,bostadsratt,2026-09-09T16:00:39.871712
3702309919672400286,https://www.hemnet.se/salda/lagenhet-2rum-vasastan-odenplan-stockholms-kommun-frejgatan-50-3702309919672400286,45-46m²,bostadsratt,2026-09-09T16:00:39.871713
5476990297512084837,https://www.hemnet.se/salda/lagenhet-2rum-johannesfred-stockholms-kommun-staltradsvagen-32-5476990297512084837,45-46m²,bostadsratt,2026-09-09T16:00:39.871714
8625927056564409868,"https://www.hemnet.se/salda/lagenhet-1,5rum-hagalund-borlange-kommun-engelbrektsgatan-23a-8625927056564409868",45-46m²,bostadsratt,2026-09-09T16:00:39.871716
4647375794691904730,"https://www.hemnet.se/salda/lagenhet-2rum-liljeholmskajen-stockholms-kommun-sjoviksbacken-20,-6tr-4647375794691904730",45-46m²,bostadsratt,2026-09-09T16:00:39.871717
3606486610276570651,https://www.hemnet.se/salda/lagenhet-2rum-vasastan-city-norrmalm-stockholms-kommun-olofsgatan-18-3606486610276570651,45-46m²,bostadsratt,2026-09-09T16:00:39.871718
6865918735031269142,"https://www.hemnet.se/salda/lagenhet-2rum-skondal-skondals-centrum-stockholms-kommun-thorsten-levenstams-vag-2b,-3tr-6865918735031269142",45-46m²,bostadsratt,2026-09-09T16:00:39.871720
5234972672444448748,https://www.hemnet.se/salda/lagenhet-2rum-centrum-uppsala-kommun-dragarbrunnsgatan-11b-5234972672444448748,45-46m²,bostadsratt,2026-09-09T16:00:39.871721
1728478243645314425,https://www.hemnet.se/salda/lagenhet-2rum-kungsbacka-kungsbacka-kommun-lavavagen-23-1728478243645314425,45-46m²,bostadsratt,2026-09-09T16:00:39.871722
3045376538887927189,https://www.hemnet.se/salda/lagenhet-2rum-linnestaden-goteborgs-kommun-nordhemsgatan-10-3045376538887927189,45-46m²,bostadsratt,2026-09-09T16:00:39.871723
2037014698504077717,https://www.hemnet.se/salda/lagenhet-2rum-kvarnbergsplan-huddinge-kommun-kansligrand-2-2037014698504077717,45-46m²,bostadsratt,2026-09-09T16:00:39.871725
7010203085957439413,https://www.hemnet.se/salda/lagenhet-2rum-ultuna-uppsala-kommun-ekoxvagen-20-7010203085957439413,45-46m²,bostadsratt,2026-09-09T16:00:39.871726
6880868312919353013,https://www.hemnet.se/salda/lagenhet-2rum-sjodalen-huddinge-kommun-kansligrand-18-6880868312919353013,45-46m²,bostadsratt,2026-09-09T16:00:39.871729
8923188768038887426,https://www.hemnet.se/salda/lagenhet-2rum-enskede-stureby-stockholms-kommun-tussmotevagen-120d-8923188768038887426,45-46m²,bostadsratt,2026-09-09T16:00:39.871730
213249670537150278,https://www.hemnet.se/salda/lagenhet-2rum-aspudden-stockholms-kommun-hagerstensvagen-99b-213249670537150278,45-46m²,bostadsratt,2026-09-09T16:00:39.871731
6240893660409130794,https://www.hemnet.se/salda/lagenhet-2rum-arsta-stockholms-kommun-hjalmarsvagen-3-6240893660409130794,45-46m²,bostadsratt,2026-09-09T16:00:39.871733
2434063951508096273,https://www.hemnet.se/salda/lagenhet-2rum-tegelbruket-svedala-kommun-mastaregrand-48-2434063951508096273,45-46m²,bostadsratt,2026-09-09T16:00:39.871734
4710701255634303927,https://www.hemnet.se/salda/lagenhet-1rum-enskede-stockholms-kommun-nynasvagen-335-4710701255634303927,45-46m²,bostadsratt,2026-09-09T16:00:39.871735
4648950512410008308,https://www.hemnet.se/salda/lagenhet-2rum-ostra-kanalstaden-osterakers-kommun-storovagen-5-4648950512410008308,45-46m²,bostadsratt,2026-09-09T16:00:39.871738
5143084877247397624,"https://www.hemnet.se/salda/lagenhet-1,5rum-kungsholmen-stockholms-kommun-pontonjargatan-15-5143084877247397624",45-46m²,bostadsratt,2026-09-09T16:00:39.871740
2155744497795522610,"https://www.hemnet.se/salda/lagenhet-2rum-ostermalm-stockholms-kommun-valhallavagen-80a,-og-2155744497795522610",45-46m²,bostadsratt,2026-09-09T16:00:39.871741
5200828992682362626,https://www.hemnet.se/salda/lagenhet-2rum-majorna-goteborgs-kommun-lotsgatan-9-5200828992682362626,45-46m²,bostadsratt,2026-09-09T16:00:39.871742
4437294702188402633,"https://www.hemnet.se/salda/lagenhet-1,5rum-kungsangen-uppsala-kommun-kungsangsgatan-57d-4437294702188402633",45-46m²,bostadsratt,2026-09-09T16:00:39.871743
4980241879373020309,https://www.hemnet.se/salda/lagenhet-2rum-vastra-kungsholmen-hornsberg-strand-stockholms-kommun-warfvinges-vag-23-4980241879373020309,45-46m²,bostadsratt,2026-09-09T16:00:39.871745
8428049924634905746,https://www.hemnet.se/salda/lagenhet-2rum-kapellgardet-uppsala-kommun-orgelgatan-10-8428049924634905746,45-46m²,bostadsratt,2026-09-09T16:00:39.871746
38058146846814880,"https://www.hemnet.se/salda/lagenhet-2rum-sodermalm-reimersholme-stockholms-kommun-vindragarvagen-2,-2-tr-38058146846814880",45-46m²,bostadsratt,2026-09-09T16:00:39.871747
201214487684389674,https://www.hemnet.se/salda/lagenhet-2rum-hylie-malmo-kommun-alletorget-2-201214487684389674,45-46m²,bostadsratt,2026-09-09T16:00:39.871749
3343043697602849609,https://www.hemnet.se/salda/lagenhet-2rum-ostermalm-gardet-stockholms-kommun-skeppargatan-100-3343043697602849609,45-46m²,bostadsratt,2026-09-09T16:00:39.871750
7735835589059600268,"https://www.hemnet.se/salda/lagenhet-1,5rum-centralt-vara-kommun-allegatan-16-7735835589059600268",45-46m²,bostadsratt,2026-09-09T16:00:39.871751
4576440966343923604,https://www.hemnet.se/salda/lagenhet-2rum-hovas-goteborgs-kommun-bjorklundavagen-4-4576440966343923604,45-46m²,bostadsratt,2026-09-09T16:00:39.871752
730800107243838288,https://www.hemnet.se/salda/lagenhet-2rum-lund-innerstaden-helgonagarden-lunds-kommun-scheelevagen-2b-730800107243838288,45-46m²,bostadsratt,2026-09-09T16:00:39.871754
4082420905605675792,https://www.hemnet.se/salda/lagenhet-2rum-oster-nykopings-kommun-tullportsgatan-31c-4082420905605675792,45-46m²,bostadsratt,2026-09-09T16:00:39.871755
5988010304260882124,https://www.hemnet.se/salda/lagenhet-2rum-sodermalm-skinnarviksberget-hogalid-stockholms-kommun-lundagatan-38a-5988010304260882124,45-46m²,bostadsratt,2026-09-09T16:00:39.871756
109208149042400006,https://www.hemnet.se/salda/lagenhet-2rum-akersberga-centralt-osterakers-kommun-kanalvagen-22-109208149042400006,45-46m²,bostadsratt,2026-09-09T16:00:39.871757
7597421561626569447,https://www.hemnet.se/salda/lagenhet-1rum-torsvik-herserud-lidingo-kommun-islinge-hamnvag-11-7597421561626569447,45-46m²,bostadsratt,2026-09-09T16:00:39.871759
4196960269606051100,https://www.hemnet.se/salda/lagenhet-2rum-hogdalen-stockholms-kommun-rangstagatan-18-4196960269606051100,45-46m²,bostadsratt,2026-09-09T16:00:39.871760
2658473248343705412,https://www.hemnet.se/salda/lagenhet-2rum-johanneberg-goteborgs-kommun-eklandagatan-54a-2658473248343705412,45-46m²,bostadsratt,2026-09-09T16:00:39.871761
3813934047622670660,https://www.hemnet.se/salda/lagenhet-1rum-centrala-hudiksvall-hudiksvalls-kommun-vastra-tullgatan-17-3813934047622670660,45-46m²,bostadsratt,2026-09-09T16:00:39.871763
2746347536763945522,https://www.hemnet.se/salda/lagenhet-2rum-rosendal-uppsala-kommun-biodlargatan-10-2746347536763945522,45-46m²,bostadsratt,2026-09-09T16:00:39.871764
1954209724338627443,https://www.hemnet.se/salda/lagenhet-1rum-bohuslan-uddevalla-kommun-ostanvindsvagen-4-1954209724338627443,45-46m²,bostadsratt,2026-09-09T16:00:39.871765
7468073765011057029,https://www.hemnet.se/salda/lagenhet-2rum-vasastan-stockholms-kommun-torsgatan-78-7468073765011057029,45-46m²,bostadsratt,2026-09-09T16:00:39.871766
6514790010766560747,https://www.hemnet.se/salda/lagenhet-2rum-ostersund-centrum-ostersunds-kommun-storgatan-47-6514790010766560747,45-46m²,bostadsratt,2026-09-09T16:00:39.871768
5918054598273020410,https://www.hemnet.se/salda/lagenhet-2rum-lund-centrum-lunds-kommun-bankgatan-9b-5918054598273020410,45-46m²,bostadsratt,2026-09-09T16:00:39.871769
5587440993867276541,https://www.hemnet.se/salda/lagenhet-1rum-honseberget-uddevalla-kommun-kampegatan-35-5587440993867276541,45-46m²,bostadsratt,2026-09-09T16:00:39.871775
5817422338774851935,"https://www.hemnet.se/salda/lagenhet-2rum-sodermalm-maria-hogalid-stockholms-kommun-hornstulls-strand-13,-4-tr-5817422338774851935",45-46m²,bostadsratt,2026-09-09T16:00:39.871778
2537636011090773963,https://www.hemnet.se/salda/lagenhet-2rum-kviberg-goteborgs-kommun-soldathemsgatan-13-2537636011090773963,45-46m²,bostadsratt,2026-09-09T16:00:39.871780
9040677681652136035,https://www.hemnet.se/salda/lagenhet-2rum-telefonplan-midsommarkransen-stockholms-kommun-responsgatan-18-9040677681652136035,45-46m²,bostadsratt,2026-09-09T16:00:39.871781
1688668897234359993,https://www.hemnet.se/salda/lagenhet-2rum-kviberg-goteborgs-kommun-soldathemsgatan-4-1688668897234359993,45-46m²,bostadsratt,2026-09-09T16:00:39.871782
604868046828955055,https://www.hemnet.se/salda/lagenhet-2rum-arenastaden-solna-kommun-evenemangsgatan-18-604868046828955055,45-46m²,bostadsratt,2026-09-09T16:00:39.871783
5991940857022548949,"https://www.hemnet.se/salda/lagenhet-1,5rum-visattra-huddinge-kommun-sagstuvagen-29-5991940857022548949",45-46m²,bostadsratt,2026-09-09T16:00:39.871785
2294672449432802861,"https://www.hemnet.se/salda/lagenhet-2rum-vallingby-centrum-stockholms-kommun-kirunagatan-17,-5-tr-2294672449432802861",45-46m²,bostadsratt,2026-09-09T16:00:39.871786
6801190399315940017,https://www.hemnet.se/salda/lagenhet-2rum-ostermalm-sundsvalls-kommun-jakobsdalsgatan-8a-6801190399315940017,45-46m²,bostadsratt,2026-09-09T16:00:39.871787
5215393068696066380,https://www.hemnet.se/salda/lagenhet-2rum-johannesfred-stockholms-kommun-stangjarnsvagen-9-5215393068696066380,45-46m²,bostadsratt,2026-09-09T16:00:39.871788
5412067837083953637,https://www.hemnet.se/salda/lagenhet-1rum-edsviken-sollentuna-kommun-strandvagen-4a-5412067837083953637,45-46m²,bostadsratt,2026-09-09T16:00:39.871790
8093933255769658875,https://www.hemnet.se/salda/lagenhet-1rum-slottsstaden-malmo-kommun-ostra-stallmastaregatan-5a-8093933255769658875,45-46m²,bostadsratt,2026-09-09T16:00:39.871791
4266561223802077768,https://www.hemnet.se/salda/lagenhet-1rum-sodermalm-stockholms-kommun-bjurholmsplan-28-4266561223802077768,45-46m²,bostadsratt,2026-09-09T16:00:39.871792
4442117727679054394,https://www.hemnet.se/salda/lagenhet-1rum-rosenlund-sodertalje-kommun-rosenhojdsvagen-28-4442117727679054394,45-46m²,bostadsratt,2026-09-09T16:00:39.871795
424854195176161322,https://www.hemnet.se/salda/lagenhet-2rum-norra-faladen-lunds-kommun-parternas-grand-55-424854195176161322,45-46m²,bostadsratt,2026-09-09T16:00:39.871796
7755561811963966053,"https://www.hemnet.se/salda/lagenhet-2rum-liljeholmen-arstaberg-stockholms-kommun-arstaskogs-vag-9b,-van-6-7755561811963966053",45-46m²,bostadsratt,2026-09-09T16:00:39.871798
5583741590627969572,"https://www.hemnet.se/salda/lagenhet-2rum-telefonplan-midsommarkransen-stockholms-kommun-responsgatan-14,-van-5-5583741590627969572",45-46m²,bostadsratt,2026-09-09T16:00:39.871799
660482297536557804,https://www.hemnet.se/salda/lagenhet-1rum-sodermalm-stockholms-kommun-gotgatan-92a-660482297536557804,45-46m²,bostadsratt,2026-09-09T16:00:39.871800
4776836291976098116,https://www.hemnet.se/salda/lagenhet-2rum-centralt-falu-kommun-sturegatan-67e-4776836291976098116,45-46m²,bostadsratt,2026-09-09T16:00:39.871802
2836915162181707722,"https://www.hemnet.se/salda/lagenhet-2rum-sodermalm-katarina-stockholms-kommun-grindsgatan-52,-6tr-2836915162181707722",45-46m²,bostadsratt,2026-09-09T16:00:39.871803
1279414476102656358,https://www.hemnet.se/salda/lagenhet-2rum-vaster-jonkopings-kommun-klostergatan-13b-1279414476102656358,45-46m²,bostadsratt,2026-09-09T16:00:39.871804
249293190310217241,https://www.hemnet.se/salda/lagenhet-2rum-centralt-linkopings-kommun-hospitalstorget-3-249293190310217241,45-46m²,bostadsratt,2026-09-09T16:00:39.871805
7543080521750909668,https://www.hemnet.se/salda/lagenhet-1rum-bifrost-molndals-kommun-pinnharvsgatan-4c-7543080521750909668,45-46m²,bostadsratt,2026-09-09T16:00:39.871807
847216302366524008,https://www.hemnet.se/salda/lagenhet-2rum-brandbergen-haninge-kommun-stenbockens-gata-120-847216302366524008,45-46m²,bostadsratt,2026-09-09T16:00:39.871808
3989243392740555763,https://www.hemnet.se/salda/lagenhet-2rum-hammarbyhojden-stockholms-kommun-garagevagen-32-3989243392740555763,45-46m²,bostadsratt,2026-09-09T16:00:39.871809
1376947152071157432,https://www.hemnet.se/salda/lagenhet-2rum-centrum-halmstads-kommun-bissmarksgatan-10-1376947152071157432,45-46m²,bostadsratt,2026-09-09T16:00:39.871810
3518720557815585023,"https://www.hemnet.se/salda/lagenhet-1,5rum-nacka-forum-nacka-kommun-serenadvagen-13b-3518720557815585023",45-46m²,bostadsratt,2026-09-09T16:00:39.871813
8642013188099246311,https://www.hemnet.se/salda/lagenhet-2rum-vasastan-stockholms-kommun-vastmannagatan-13-8642013188099246311,45-46m²,bostadsratt,2026-09-09T16:00:39.871815
8669927839409262761,https://www.hemnet.se/salda/lagenhet-2rum-norra-kajen-sundsvalls-kommun-fregattgatan-16-8669927839409262761,45-46m²,bostadsratt,2026-09-09T16:00:39.871816
4482471255918949014,https://www.hemnet.se/salda/lagenhet-2rum-hammarbyhojden-stockholms-kommun-kalmgatan-21-4482471255918949014,45-46m²,bostadsratt,2026-09-09T16:00:39.871817
4774743819871641832,"https://www.hemnet.se/salda/lagenhet-1,5rum-centrala-huddinge-huddinge-kommun-sjodalsvagen-15-4774743819871641832",45-46m²,bostadsratt,2026-09-09T16:00:39.871818
4594390963701434558,https://www.hemnet.se/salda/lagenhet-2rum-gustavsberg-osby-sjopark-varmdo-kommun-skogsbovagen-18-4594390963701434558,45-46m²,bostadsratt,2026-09-09T16:00:39.871820
3906804278718821491,https://www.hemnet.se/salda/lagenhet-2rum-centralt-kungalvs-kommun-frakne-grand-5-3906804278718821491,45-46m²,bostadsratt,2026-09-09T16:00:39.871823
3441244288680345057,"https://www.hemnet.se/salda/lagenhet-1rum-sodermalm-maria-hogalid-stockholms-kommun-lindvallsplan-10,-1-tr-3441244288680345057",45-46m²,bostadsratt,2026-09-09T16:00:39.871824
5438859941487347313,https://www.hemnet.se/salda/lagenhet-2rum-centrala-huddinge-huddinge-kommun-sjodalsvagen-17-5438859941487347313,45-46m²,bostadsratt,2026-09-09T16:00:39.871825
1651977691979394077,"https://www.hemnet.se/salda/lagenhet-1,5rum-ostermalm-umea-kommun-ostermalmsgatan-65a-1651977691979394077",45-46m²,bostadsratt,2026-09-09T16:00:39.871827
3660439323878429705,https://www.hemnet.se/salda/lagenhet-2rum-ostermalm-stockholms-kommun-wittstocksgatan-21-3660439323878429705,45-46m²,bostadsratt,2026-09-09T16:00:39.871828
7157581146931762064,https://www.hemnet.se/salda/lagenhet-2rum-molndal-stallbacken-molndals-kommun-aby-alle-7-7157581146931762064,45-46m²,bostadsratt,2026-09-09T16:00:39.871829
7229379053199883172,https://www.hemnet.se/salda/lagenhet-2rum-brandbergen-haninge-kommun-oxens-gata-265-7229379053199883172,45-46m²,bostadsratt,2026-09-09T16:00:39.871830
5061433993722566209,https://www.hemnet.se/salda/lagenhet-2rum-dockan-malmo-kommun-lovartsgatan-11a-5061433993722566209,45-46m²,bostadsratt,2026-09-09T16:00:39.871832
848186372348814157,https://www.hemnet.se/salda/lagenhet-2rum-centrum-varbergs-kommun-morkullegatan-10-848186372348814157,45-46m²,bostadsratt,2026-09-09T16:00:39.871833
362076023081233639,https://www.hemnet.se/salda/lagenhet-2rum-hogdalen-stockholms-kommun-stenkvistavagen-10-362076023081233639,45-46m²,bostadsratt,2026-09-09T16:00:39.871834
9129401553991301192,https://www.hemnet.se/salda/lagenhet-2rum-vasastan-stockholms-kommun-birger-jarlsgatan-81-9129401553991301192,45-46m²,bostadsratt,2026-09-09T16:00:39.871835
8195506485114684917,"https://www.hemnet.se/salda/lagenhet-1,5rum-sannegarden-goteborgs-kommun-barken-storegrunds-gata-16-8195506485114684917",45-46m²,bostadsratt,2026-09-09T16:00:39.871837
8513166000753399561,https://www.hemnet.se/salda/lagenhet-2rum-stockholm-stockholms-kommun-tideliusgatan-65-8513166000753399561,45-46m²,bostadsratt,2026-09-09T16:00:39.871838
7679149862356613753,https://www.hemnet.se/salda/lagenhet-1rum-falhagen-uppsala-kommun-ymergatan-26c-7679149862356613753,45-46m²,bostadsratt,2026-09-09T16:00:39.871839
3501770326125593765,https://www.hemnet.se/salda/lagenhet-2rum-hyllie-malmo-kommun-sivs-grand-9b-3501770326125593765,45-46m²,bostadsratt,2026-09-09T16:00:39.871840
2308507718507568005,https://www.hemnet.se/salda/lagenhet-2rum-ursvik-sundbybergs-kommun-ursviks-alle-21-2308507718507568005,45-46m²,bostadsratt,2026-09-09T16:00:39.871842
4283416113035055259,"https://www.hemnet.se/salda/lagenhet-2rum-fredhall-stockholms-kommun-adlerbethsgatan-15,-4tr,-4283416113035055259",45-46m²,bostadsratt,2026-09-09T16:00:39.871843
5826808390411650280,https://www.hemnet.se/salda/lagenhet-1rum-centrala-boden-bodens-kommun-akargrand-2-5826808390411650280,45-46m²,bostadsratt,2026-09-09T16:00:39.871844
3165687210101937151,https://www.hemnet.se/salda/lagenhet-2rum-vasastaden-stockholms-kommun-vanadisvagen-22b-3165687210101937151,45-46m²,bostadsratt,2026-09-09T16:00:39.871845
6016290913437423237,https://www.hemnet.se/salda/lagenhet-1rum-molndal-bifrost-molndals-kommun-rullharvsgatan-5a-6016290913437423237,45-46m²,bostadsratt,2026-09-09T16:00:39.871848
2853659775241575826,"https://www.hemnet.se/salda/lagenhet-1,5rum-fruangen-stockholms-kommun-hanna-paulis-gata-37-2853659775241575826",45-46m²,bostadsratt,2026-09-09T16:00:39.871850
2447083623212912610,https://www.hemnet.se/salda/lagenhet-2rum-vipeholm-lunds-kommun-vipeholms-alle-42-2447083623212912610,45-46m²,bostadsratt,2026-09-09T16:00:39.871851
2136054234651228803,https://www.hemnet.se/salda/lagenhet-2rum-hisingen-goteborgs-kommun-miraallen-37-2136054234651228803,45-46m²,bostadsratt,2026-09-09T16:00:39.871852
1090903585782900503,"https://www.hemnet.se/salda/lagenhet-1,5rum-luthagen-uppsala-kommun-geijersgatan-25d-1090903585782900503",45-46m²,bostadsratt,2026-09-09T16:00:39.871854
6048236814851412785,https://www.hemnet.se/salda/lagenhet-1rum-tingvallastaden-karlstads-kommun-vastra-kanalgatan-9-6048236814851412785,45-46m²,bostadsratt,2026-09-09T16:00:39.871855
5889579794252464794,https://www.hemnet.se/salda/lagenhet-2rum-ostermalm-stockholms-kommun-valhallavagen-67-5889579794252464794,45-46m²,bostadsratt,2026-09-09T16:00:39.871856
5155124336706532751,"https://www.hemnet.se/salda/lagenhet-2rum-centralt,-soder-norrkopings-kommun-albrektsvagen-96-5155124336706532751",45-46m²,bostadsratt,2026-09-09T16:00:39.871857
2289511910957203270,https://www.hemnet.se/salda/lagenhet-2rum-kungsangen-uppsala-kommun-siktargatan-2289511910957203270,45-46m²,bostadsratt,2026-09-09T16:00:39.871858
6351675961479223791,https://www.hemnet.se/salda/lagenhet-2rum-vallingby-parkstad-racksta-stockholms-kommun-harnosandsgatan-2-6351675961479223791,45-46m²,bostadsratt,2026-09-09T16:00:39.871860
9125677161951008398,https://www.hemnet.se/salda/lagenhet-2rum-flatas-goteborgs-kommun-svangrumsgatan-75-9125677161951008398,45-46m²,bostadsratt,2026-09-09T16:00:39.871861
3879400486901428104,https://www.hemnet.se/salda/lagenhet-1rum-grind-norrtalje-kommun-grindvagen-7b-3879400486901428104,45-46m²,bostadsratt,2026-09-09T16:00:39.871862
2319603537873574102,https://www.hemnet.se/salda/lagenhet-2rum-taby-park-taby-kommun-blinkersgatan-21-2319603537873574102,45-46m²,bostadsratt,2026-09-09T16:00:39.871863
7770724671374743868,"https://www.hemnet.se/salda/lagenhet-2rum-liljeholmskajen-sjovikshojden-stockholms-kommun-sturehillsvagen-15,-4tr-hogst-upp-7770724671374743868",45-46m²,bostadsratt,2026-09-09T16:00:39.871867
6352080831958995752,https://www.hemnet.se/salda/lagenhet-2rum-centrala-huddinge-huddinge-kommun-forradsvagen-34-6352080831958995752,45-46m²,bostadsratt,2026-09-09T16:00:39.871869
9086001813432093672,"https://www.hemnet.se/salda/lagenhet-1,5rum-kungsholmen-stockholms-kommun-kungsholms-strand-137,-4-tr-9086001813432093672",45-46m²,bostadsratt,2026-09-09T16:00:39.871870
8677655194343621599,https://www.hemnet.se/salda/lagenhet-2rum-hagalund-dagny-borlange-kommun-vasagatan-10-a-8677655194343621599,45-46m²,bostadsratt,2026-09-09T16:00:39.871871
3638067156132234843,https://www.hemnet.se/salda/lagenhet-2rum-jarfalla-jarfalla-kommun-kalltorpsvagen-11-3638067156132234843,45-46m²,bostadsratt,2026-09-09T16:00:39.871873
2398650618247551613,https://www.hemnet.se/salda/lagenhet-2rum-majorna-goteborgs-kommun-grona-gatan-35-2398650618247551613,45-46m²,bostadsratt,2026-09-09T16:00:39.871874
7599737375368742924,https://www.hemnet.se/salda/lagenhet-2rum-norra-sorgenfri-malmo-kommun-nobelvagen-68-a-7599737375368742924,45-46m²,bostadsratt,2026-09-09T16:00:39.871875
5430042466336869919,https://www.hemnet.se/salda/lagenhet-2rum-centralt-norr-norrkopings-kommun-smedjegatan-21-5430042466336869919,45-46m²,bostadsratt,2026-09-09T16:00:39.871876
1674654654002847164,https://www.hemnet.se/salda/lagenhet-2rum-edsbacka-sollentuna-kommun-djupdalsvagen-4f-1674654654002847164,45-46m²,bostadsratt,2026-09-09T16:00:39.871878
2536566755485771277,"https://www.hemnet.se/salda/lagenhet-2rum-hagastaden-vasastan-stockholms-kommun-sonja-kovalevskys-gata-11,-3-tr-2536566755485771277",45-46m²,bostadsratt,2026-09-09T16:00:39.871881
8816413172184528653,https://www.hemnet.se/salda/lagenhet-2rum-kungsholmen-norr-malarstrand-stockholms-kommun-sysslomansgatan-24-8816413172184528653,45-46m²,bostadsratt,2026-09-09T16:00:39.871882
3698954356185067029,https://www.hemnet.se/salda/lagenhet-2rum-fredslyckan-lunds-kommun-parternas-grand-39-3698954356185067029,45-46m²,bostadsratt,2026-09-09T16:00:39.871884
3265520078905623316,https://www.hemnet.se/salda/lagenhet-1rum-tegnerlundsparken-orebro-kommun-lovstagatan-38-3265520078905623316,45-46m²,bostadsratt,2026-09-09T16:00:39.871885
5793320687840343769,https://www.hemnet.se/salda/lagenhet-1rum-korfaltet-ostersunds-kommun-reveljgrand-3-5793320687840343769,45-46m²,bostadsratt,2026-09-09T16:00:39.871888
2079431366359426010,https://www.hemnet.se/salda/lagenhet-2rum-midsommarkransen-telefonplan-stockholms-kommun-midsommargrand-2-2079431366359426010,45-46m²,bostadsratt,2026-09-09T16:00:39.871889
1017160651851506038,"https://www.hemnet.se/salda/lagenhet-2rum-stureby-enskede-stockholms-kommun-sagverksgatan-108,-2-tr-1017160651851506038",45-46m²,bostadsratt,2026-09-09T16:00:39.871890
4600153051652355538,"https://www.hemnet.se/salda/lagenhet-2rum-arsta-stockholms-kommun-tamnarvagen-18,-2-tr-4600153051652355538",45-46m²,bostadsratt,2026-09-09T16:00:39.871892
7261317256770671356,https://www.hemnet.se/salda/lagenhet-2rum-sorgenfri-malmo-kommun-eslovsgatan-9c-7261317256770671356,45-46m²,bostadsratt,2026-09-09T16:00:39.871893
50583782308462823,https://www.hemnet.se/salda/lagenhet-2rum-sodra-sodertalje-kommun-hertig-carls-vag-30-50583782308462823,45-46m²,bostadsratt,2026-09-09T16:00:39.871894
6308169658258649662,"https://www.hemnet.se/salda/lagenhet-1,5rum-lindo-kalmar-kommun-lagmansgatan-10b-6308169658258649662",45-46m²,bostadsratt,2026-09-09T16:00:39.871896
1311204536945537966,https://www.hemnet.se/salda/lagenhet-3rum-are-are-kommun-tottvagen-111-lgh-109-1311204536945537966,45-46m²,bostadsratt,2026-09-09T16:00:39.871897
5189868955593230556,https://www.hemnet.se/salda/lagenhet-2rum-johanneshov-stockholms-kommun-soderarmsvagen-29-5189868955593230556,45-46m²,bostadsratt,2026-09-09T16:00:39.871898
8226976802689435446,https://www.hemnet.se/salda/lagenhet-2rum-brunnshog-lunds-kommun-brunnshogsgatan-56-8226976802689435446,45-46m²,bostadsratt,2026-09-09T16:00:39.871899
1771767988330922928,https://www.hemnet.se/salda/lagenhet-2rum-sundbyberg-centrum-sundbybergs-kommun-rosengatan-8-1771767988330922928,45-46m²,bostadsratt,2026-09-09T16:00:39.871901
8581941730375768883,"https://www.hemnet.se/salda/lagenhet-2rum-kungsholmen-norr-malarstrand-stockholms-kommun-skillinggrand-5,-3tr-8581941730375768883",45-46m²,bostadsratt,2026-09-09T16:00:39.871902
1063660164278348285,"https://www.hemnet.se/salda/lagenhet-2rum-farsta-stockholms-kommun-hammarogatan-18,-1-tr-1063660164278348285",45-46m²,bostadsratt,2026-09-09T16:00:39.871903
2523983197908984477,"https://www.hemnet.se/salda/lagenhet-2rum-rasunda-solna-kommun-forradsgatan-2,-van-4-2523983197908984477",45-46m²,bostadsratt,2026-09-09T16:00:39.871905
2413259014707938368,https://www.hemnet.se/salda/lagenhet-1rum-tuve-goteborgs-kommun-brunnehagen-59-2413259014707938368,45-46m²,bostadsratt,2026-09-09T16:00:39.871906
2246375789452336496,https://www.hemnet.se/salda/lagenhet-2rum-gustavsbergs-hamn-varmdo-kommun-gustavsbergs-alle-28-2246375789452336496,45-46m²,bostadsratt,2026-09-09T16:00:39.871907
8424533475863443262,https://www.hemnet.se/salda/lagenhet-1rum-centrala-hisingen-goteborgs-kommun-lantmataregatan-15c-8424533475863443262,45-46m²,bostadsratt,2026-09-09T16:00:39.871908
4868745357475950823,https://www.hemnet.se/salda/lagenhet-2rum-midsommarkransen-stockholms-kommun-responsgatan-18-4868745357475950823,45-46m²,bostadsratt,2026-09-09T16:00:39.871910
497080093905229696,https://www.hemnet.se/salda/lagenhet-1rum-ludvika-centrum-ludvika-kommun-storgatan-34a-497080093905229696,45-46m²,bostadsratt,2026-09-09T16:00:39.871911
3687828707818659443,https://www.hemnet.se/salda/lagenhet-2rum-centrala-huddinge-huddinge-kommun-sjodalsvagen-17-3687828707818659443,45-46m²,bostadsratt,2026-09-09T16:00:39.871914
8051144012300332854,https://www.hemnet.se/salda/lagenhet-2rum-majorna-goteborgs-kommun-arlegatan-40-8051144012300332854,45-46m²,bostadsratt,2026-09-09T16:00:39.871915
1546474132029139845,"https://www.hemnet.se/salda/lagenhet-2,5rum-gardet-ostermalm-stockholms-kommun-brantingsgatan-17-1546474132029139845",45-46m²,bostadsratt,2026-09-09T16:00:39.871917
9207047471188900046,https://www.hemnet.se/salda/lagenhet-2rum-salabacke-uppsala-kommun-johannesbacksgatan-97-9207047471188900046,45-46m²,bostadsratt,2026-09-09T16:00:39.871918
7588210821129831773,https://www.hemnet.se/salda/lagenhet-2rum-hammarby-sjostad-stockholms-kommun-korphoppsgatan-22-7588210821129831773,45-46m²,bostadsratt,2026-09-09T16:00:39.871919
6163717834661602171,https://www.hemnet.se/salda/lagenhet-1rum-enskede-enskede-gard-stockholms-kommun-palmfeltsvagen-47-6163717834661602171,45-46m²,bostadsratt,2026-09-09T16:00:39.871920
4184758904489874706,https://www.hemnet.se/salda/lagenhet-2rum-hejdegarden-linkopings-kommun-ymergatan-4c-4184758904489874706,45-46m²,bostadsratt,2026-09-09T16:00:39.871923
1940952173162611164,https://www.hemnet.se/salda/lagenhet-1rum-hisings-karra-goteborgs-kommun-solhagagatan-100-1940952173162611164,45-46m²,bostadsratt,2026-09-09T16:00:39.871925
4248604408223196255,https://www.hemnet.se/salda/lagenhet-2rum-rosendal-uppsala-kommun-biodlargatan-12-4248604408223196255,45-46m²,bostadsratt,2026-09-09T16:00:39.871926
1161064652785944851,https://www.hemnet.se/salda/lagenhet-2rum-norrmalm-skovde-kommun-gransikagatan-9a-1161064652785944851,45-46m²,bostadsratt,2026-09-09T16:00:39.871927
5999449569468727686,https://www.hemnet.se/salda/lagenhet-2rum-centrala-vargarda-vargarda-kommun-vetevagen-3-lgh-1302-5999449569468727686,45-46m²,bostadsratt,2026-09-09T16:00:39.871928
1520467282034757139,https://www.hemnet.se/salda/lagenhet-2rum-kvarnbergsplan-huddinge-kommun-kansligrand-16-1520467282034757139,45-46m²,bostadsratt,2026-09-09T16:00:39.871930
399451812571027955,https://www.hemnet.se/salda/lagenhet-2rum-soder-norrkopings-kommun-s-t-olofsgatan-13-399451812571027955,45-46m²,bostadsratt,2026-09-09T16:00:39.871931
8214584971362699364,https://www.hemnet.se/salda/lagenhet-2rum-alvsjo-stockholms-kommun-sjattenovembervagen-209-8214584971362699364,45-46m²,bostadsratt,2026-09-09T16:00:39.871932
8748248102295347737,https://www.hemnet.se/salda/lagenhet-2rum-molndal-kvarnbyn-molndals-kommun-kvarnbyvallen-13-8748248102295347737,45-46m²,bostadsratt,2026-09-09T16:00:39.871933
7815291136586527157,https://www.hemnet.se/salda/lagenhet-2rum-arsta-stockholms-kommun-tamnarvagen-10-7815291136586527157,45-46m²,bostadsratt,2026-09-09T16:00:39.871935
3170299380030184377,https://www.hemnet.se/salda/lagenhet-2rum-sodermalm-hornstull-stockholms-kommun-verkstadsgatan-5-3170299380030184377,45-46m²,bostadsratt,2026-09-09T16:00:39.871936
8654908621269860292,https://www.hemnet.se/salda/lagenhet-2rum-slottshojden-helsingborgs-kommun-lilla-mollevangsgatan-3b-8654908621269860292,45-46m²,bostadsratt,2026-09-09T16:00:39.871937
5415863308174105591,https://www.hemnet.se/salda/lagenhet-1rum-centrum-lulea-kommun-tradgardsgatan-26a-5415863308174105591,45-46m²,bostadsratt,2026-09-09T16:00:39.871938
4335147956794672374,https://www.hemnet.se/salda/lagenhet-2rum-vasastan-roda-bergen-stockholms-kommun-rodabergsgatan-9a-4335147956794672374,45-46m²,bostadsratt,2026-09-09T16:00:39.871940
7752220834622495077,https://www.hemnet.se/salda/lagenhet-2rum-enskede-gamla-enskede-stockholms-kommun-nynasvagen-351-7752220834622495077,45-46m²,bostadsratt,2026-09-09T16:00:39.871941
4772071170204039159,"https://www.hemnet.se/salda/lagenhet-2rum-norra-djurgardsstaden-stockholms-kommun-hardvallsgatan-13,-3tr-4772071170204039159",45-46m²,bostadsratt,2026-09-09T16:00:39.871942
5205939932556730052,https://www.hemnet.se/salda/lagenhet-2rum-jarla-sjo-nacka-kommun-turbinvagen-8a-5205939932556730052,45-46m²,bostadsratt,2026-09-09T16:00:39.871944
115099524275644772,https://www.hemnet.se/salda/lagenhet-2rum-kvarnbergsplan-huddinge-kommun-kansligrand-20-115099524275644772,45-46m²,bostadsratt,2026-09-09T16:00:39.871945
2249085459920565250,https://www.hemnet.se/salda/lagenhet-2rum-hagerstensasen-stockholms-kommun-sparbanksvagen-46-van-3-3-2249085459920565250,45-46m²,bostadsratt,2026-09-09T16:00:39.871946
508667731433558171,https://www.hemnet.se/salda/lagenhet-2rum-johannesfred-ulvsunda-stockholms-kommun-bjorkbacksvagen-44-508667731433558171,45-46m²,bostadsratt,2026-09-09T16:00:39.871947
8459234848770156591,https://www.hemnet.se/salda/lagenhet-2rum-hammarbyhojden-stockholms-kommun-borasvagen-18-8459234848770156591,45-46m²,bostadsratt,2026-09-09T16:00:39.871949
8485626140072793143,https://www.hemnet.se/salda/lagenhet-2rum-norrmalm-skovde-kommun-lars-olofs-gata-3b-8485626140072793143,45-46m²,bostadsratt,2026-09-09T16:00:39.871950
4217156492131363877,"https://www.hemnet.se/salda/lagenhet-2rum-henriksdalsberget-nacka-kommun-henriksdalsringen-19,-2tr-4217156492131363877",45-46m²,bostadsratt,2026-09-09T16:00:39.871951
9178220178887979166,"https://www.hemnet.se/salda/lagenhet-2rum-torsvik-lidingo-kommun-torsvikssvangen-52,-3-tr-9178220178887979166",45-46m²,bostadsratt,2026-09-09T16:00:39.871952
444674385712445924,https://www.hemnet.se/salda/lagenhet-2rum-kungsholmen-radhuset-stockholms-kommun-bergsgatan-5c-444674385712445924,45-46m²,bostadsratt,2026-09-09T16:00:39.871954
213166591189983337,https://www.hemnet.se/salda/lagenhet-1rum-tomtebo-umea-kommun-sagovagen-5-213166591189983337,45-46m²,bostadsratt,2026-09-09T16:00:39.871955
1381938865948494609,https://www.hemnet.se/salda/lagenhet-2rum-rasunda-solna-kommun-uppfartsvagen-5-1381938865948494609,45-46m²,bostadsratt,2026-09-09T16:00:39.871960
5019113367035682325,"https://www.hemnet.se/salda/lagenhet-2rum-kista-stockholms-kommun-helsingorsgatan-37,-bv-5019113367035682325",45-46m²,bostadsratt,2026-09-09T16:00:39.871961
5359060184346735347,https://www.hemnet.se/salda/lagenhet-1rum-rosenlund-sodertalje-kommun-rosenhojdsvagen-30-5359060184346735347,45-46m²,bostadsratt,2026-09-09T16:00:39.871963
7199759404909278033,https://www.hemnet.se/salda/lagenhet-2rum-sodermalm-stockholms-kommun-lottens-gata-6-7199759404909278033,45-46m²,bostadsratt,2026-09-09T16:00:39.871964
5996039045133115852,https://www.hemnet.se/salda/lagenhet-2rum-hokmossen-telefonplan-stockholms-kommun-hokmossevagen-18-5996039045133115852,45-46m²,bostadsratt,2026-09-09T16:00:39.871965
7655008398898560625,https://www.hemnet.se/salda/lagenhet-2rum-telefonplan-stockholms-kommun-responsgatan-18-7655008398898560625,45-46m²,bostadsratt,2026-09-09T16:00:39.871966
4585583372803598856,https://www.hemnet.se/salda/lagenhet-1rum-aselby-borlange-kommun-vastanvagen-28-4585583372803598856,45-46m²,bostadsratt,2026-09-09T16:00:39.871968
3785159960216163132,https://www.hemnet.se/salda/lagenhet-2rum-johannesfred-stockholms-kommun-stangjarnsvagen-11-3785159960216163132,45-46m²,bostadsratt,2026-09-09T16:00:39.871969
1417831654960315121,"https://www.hemnet.se/salda/lagenhet-2rum-tollare-nacka-kommun-hedenstroms-vag-13,-2tr-1417831654960315121",45-46m²,bostadsratt,2026-09-09T16:00:39.871970
5493896847346782158,https://www.hemnet.se/salda/lagenhet-1rum-rosenlund-sodertalje-kommun-rosenhojdsvagen-22-5493896847346782158,45-46m²,bostadsratt,2026-09-09T16:00:39.871971
2688162193138257644,https://www.hemnet.se/salda/lagenhet-2rum-sodermalm-stockholms-kommun-olandsgatan-46-2688162193138257644,45-46m²,bostadsratt,2026-09-09T16:00:39.871973
8795114149407334480,"https://www.hemnet.se/salda/lagenhet-2rum-sodermalm-stockholms-kommun-hogalidsgatan-25,-4tr-8795114149407334480",45-46m²,bostadsratt,2026-09-09T16:00:39.871974
6256865027889488089,https://www.hemnet.se/salda/lagenhet-2rum-lilla-essingen-stockholms-kommun-primusgatan-71-6256865027889488089,45-46m²,bostadsratt,2026-09-09T16:00:39.871977
7685173616166218841,https://www.hemnet.se/salda/lagenhet-1rum-centrala-vara-vara-kommun-allegatan-18-7685173616166218841,45-46m²,bostadsratt,2026-09-09T16:00:39.871978
1313618548526849420,"https://www.hemnet.se/salda/lagenhet-1,5rum-framre-luthagen-centrum-uppsala-kommun-skolgatan-12b-1313618548526849420",45-46m²,bostadsratt,2026-09-09T16:00:39.871979
3261503292167413260,https://www.hemnet.se/salda/lagenhet-1rum-rasunda-solna-kommun-uppfartsvagen-12-3261503292167413260,45-46m²,bostadsratt,2026-09-09T16:00:39.871981
6362808795443471163,https://www.hemnet.se/salda/lagenhet-1rum-telefonplan-midsommarkransen-stockholms-kommun-responsgatan-12-6362808795443471163,45-46m²,bostadsratt,2026-09-09T16:00:39.871982
7702742051581311946,https://www.hemnet.se/salda/lagenhet-2rum-centrala-hudiksvall-hudiksvalls-kommun-breda-gatan-40-7702742051581311946,45-46m²,bostadsratt,2026-09-09T16:00:39.871983
2863717487552125543,https://www.hemnet.se/salda/lagenhet-2rum-birkastan-vasastan-stockholms-kommun-rorstrandsgatan-60-2863717487552125543,45-46m²,bostadsratt,2026-09-09T16:00:39.871984
816593929032758366,https://www.hemnet.se/salda/lagenhet-2rum-hagerstensasen-stockholms-kommun-sparbanksvagen-24-816593929032758366,45-46m²,bostadsratt,2026-09-09T16:00:39.871986
2726846859530828665,"https://www.hemnet.se/salda/lagenhet-1,5rum-grondal-stockholms-kommun-lustigkullavagen-1,-2tr-2726846859530828665",45-46m²,bostadsratt,2026-09-09T16:00:39.871987
766806511398480645,https://www.hemnet.se/salda/lagenhet-2rum-rasunda-solna-kommun-ostervagen-10-766806511398480645,45-46m²,bostadsratt,2026-09-09T16:00:39.871988
697074165610700397,https://www.hemnet.se/salda/lagenhet-2rum-alvsjo-stockholms-kommun-langsjovagen-58-697074165610700397,45-46m²,bostadsratt,2026-09-09T16:00:39.871989
1808147263278751731,"https://www.hemnet.se/salda/lagenhet-1,5rum-slottsstaden-malmo-kommun-ostra-ryttmastaregatan-10b-1808147263278751731",45-46m²,bostadsratt,2026-09-09T16:00:39.871991
1027943451844963605,https://www.hemnet.se/salda/lagenhet-3rum-johanneberg-goteborgs-kommun-gibraltargatan-21d-1027943451844963605,45-46m²,bostadsratt,2026-09-09T16:00:39.871992
4776715664954863300,"https://www.hemnet.se/salda/lagenhet-2rum-liljeholmskajen-stockholms-kommun-hildebergsvagen-26,-hogst-upp-4776715664954863300",45-46m²,bostadsratt,2026-09-09T16:00:39.871995
593431849436957933,https://www.hemnet.se/salda/lagenhet-2rum-bromma-mariehall-stockholms-kommun-alpvagen-20-593431849436957933,45-46m²,bostadsratt,2026-09-09T16:00:39.871996
5667080862700507901,https://www.hemnet.se/salda/lagenhet-2rum-bohuslan-kungalvs-kommun-strandgatan-64-5667080862700507901,45-46m²,bostadsratt,2026-09-09T16:00:39.871998
6033285160394205743,https://www.hemnet.se/salda/lagenhet-1rum-gylle-borlange-kommun-nordanvagen-7-6033285160394205743,45-46m²,bostadsratt,2026-09-09T16:00:39.871999
7947957896021531541,https://www.hemnet.se/salda/lagenhet-2rum-telefonplan-stockholms-kommun-responsgatan-18-7947957896021531541,45-46m²,bostadsratt,2026-09-09T16:00:39.872000
909887818607411787,"https://www.hemnet.se/salda/lagenhet-1,5rum-solbacken-ystads-kommun-hyllegatan-6-c-909887818607411787",45-46m²,bostadsratt,2026-09-09T16:00:39.872001
9186921211454894578,https://www.hemnet.se/salda/lagenhet-2rum-centrum-lunds-kommun-sodra-esplanaden-15b-9186921211454894578,45-46m²,bostadsratt,2026-09-09T16:00:39.872004
3186170706704543319,https://www.hemnet.se/salda/lagenhet-1rum-granloholm-sundsvalls-kommun-stromstadsvagen-86-3186170706704543319,45-46m²,bostadsratt,2026-09-09T16:00:39.872006
8851714596549370571,https://www.hemnet.se/salda/lagenhet-2rum-grondal-stockholms-kommun-bryggvagen-10-8851714596549370571,45-46m²,bostadsratt,2026-09-09T16:00:39.872007
8637674561512608911,https://www.hemnet.se/salda/lagenhet-2rum-kapellgardet-uppsala-kommun-portalgatan-31-8637674561512608911,45-46m²,bostadsratt,2026-09-09T16:00:39.872008
5495201955075307344,https://www.hemnet.se/salda/lagenhet-2rum-mariestad-mariestads-kommun-backaskogsvagen-23-5495201955075307344,45-46m²,bostadsratt,2026-09-09T16:00:39.872009
5344579098795206729,https://www.hemnet.se/salda/lagenhet-2rum-inom-vallgraven-goteborgs-kommun-kopmansgatan-2-5344579098795206729,45-46m²,bostadsratt,2026-09-09T16:00:39.872011
7756629963342655145,https://www.hemnet.se/salda/lagenhet-2rum-vasastan-stockholms-kommun-vastmannagatan-53-a-7756629963342655145,45-46m²,bostadsratt,2026-09-09T16:00:39.872012
4813422577901638224,https://www.hemnet.se/salda/lagenhet-1rum-kungsangen-tibble-upplands-bro-kommun-hjortronvagen-5-4813422577901638224,45-46m²,bostadsratt,2026-09-09T16:00:39.872013
8944241024501158873,https://www.hemnet.se/salda/lagenhet-2rum-abrahamsberg-stockholms-kommun-registervagen-18-8944241024501158873,45-46m²,bostadsratt,2026-09-09T16:00:39.872014
9010178264983726605,https://www.hemnet.se/salda/lagenhet-2rum-grondal-stockholms-kommun-storsegelvagen-12-9010178264983726605,45-46m²,bostadsratt,2026-09-09T16:00:39.872016
7235718047028606844,"https://www.hemnet.se/salda/lagenhet-2rum-kista-gard-stockholms-kommun-kista-gardsvag-20,-2-tr-7235718047028606844",45-46m²,bostadsratt,2026-09-09T16:00:39.872017
9048479390565294027,https://www.hemnet.se/salda/lagenhet-1rum-korfaltet-ostersunds-kommun-konstapelgrand-28-9048479390565294027,45-46m²,bostadsratt,2026-09-09T16:00:39.872018
1148808409486654657,https://www.hemnet.se/salda/lagenhet-1rum-kallo-knippla-ockero-kommun-kallovagen-3-1148808409486654657,45-46m²,bostadsratt,2026-09-09T16:00:39.872020
4442512133059500880,https://www.hemnet.se/salda/lagenhet-1rum-sodermalm-mariatorget-stockholms-kommun-samaritgrand-6-4442512133059500880,45-46m²,bostadsratt,2026-09-09T16:00:39.872021
5825893783040096343,https://www.hemnet.se/salda/lagenhet-2rum-sodermalm-sofo-stockholms-kommun-renstiernas-gata-20a-5825893783040096343,45-46m²,bostadsratt,2026-09-09T16:00:39.872022
7092350690423952706,"https://www.hemnet.se/salda/lagenhet-1,5rum-centrala-huddinge-huddinge-kommun-sjodalsvagen-17-7092350690423952706",45-46m²,bostadsratt,2026-09-09T16:00:39.872023
9032223481077275871,https://www.hemnet.se/salda/lagenhet-1rum-borlange-borlange-kommun-vastanvagen-28-9032223481077275871,45-46m²,bostadsratt,2026-09-09T16:00:39.872025
8739033469786323093,https://www.hemnet.se/salda/lagenhet-1rum-tynnered-goteborgs-kommun-turkosgatan-2-8739033469786323093,45-46m²,bostadsratt,2026-09-09T16:00:39.872026
6729680196821932146,"https://www.hemnet.se/salda/lagenhet-1,5rum-vast-pa-stan-umea-kommun-hedlundavagen-1a-6729680196821932146",45-46m²,bostadsratt,2026-09-09T16:00:39.872027
8085478307350171091,"https://www.hemnet.se/salda/lagenhet-1,5rum-sofiaparken-lunds-kommun-filippavagen-6b-8085478307350171091",45-46m²,bostadsratt,2026-09-09T16:00:39.872028
8776764049108333065,https://www.hemnet.se/salda/lagenhet-2rum-brommaplan-stockholms-kommun-kladesvagen-36-8776764049108333065,45-46m²,bostadsratt,2026-09-09T16:00:39.872031
8015462304837061894,https://www.hemnet.se/salda/lagenhet-2rum-vasastan-odenplan-stockholms-kommun-vastmannagatan-30-8015462304837061894,45-46m²,bostadsratt,2026-09-09T16:00:39.872033
6725855170129179235,https://www.hemnet.se/salda/lagenhet-2rum-enskede-gamla-enskede-stockholms-kommun-nynasvagen-313-6725855170129179235,45-46m²,bostadsratt,2026-09-09T16:00:39.872034
4095203331094421339,https://www.hemnet.se/salda/lagenhet-2rum-grondal-stockholms-kommun-grondalsvagen-115-4095203331094421339,45-46m²,bostadsratt,2026-09-09T16:00:39.872035
6001531426519525233,https://www.hemnet.se/salda/lagenhet-2rum-gardet-stockholms-kommun-brantingsgatan-17-6001531426519525233,45-46m²,bostadsratt,2026-09-09T16:00:39.872036
1686494607160777826,"https://www.hemnet.se/salda/lagenhet-2rum-vasastan-roda-bergen-stockholms-kommun-rodabergsgatan-9a,-3-tr-1686494607160777826",45-46m²,bostadsratt,2026-09-09T16:00:39.872038
5165293665106136740,https://www.hemnet.se/salda/lagenhet-2rum-traneberg-stockholms-kommun-faltspatvagen-5b-5165293665106136740,45-46m²,bostadsratt,2026-09-09T16:00:39.872039
257023964831704029,https://www.hemnet.se/salda/lagenhet-2rum-telefonplan-midsommarkransen-stockholms-kommun-responsgatan-14-257023964831704029,45-46m²,bostadsratt,2026-09-09T16:00:39.872040
3110379777142626962,https://www.hemnet.se/salda/lagenhet-2rum-ostermalm-stockholms-kommun-grevgatan-23a-3110379777142626962,45-46m²,bostadsratt,2026-09-09T16:00:39.872041
7573669980203546010,"https://www.hemnet.se/salda/lagenhet-1,5rum-sodermalm-katarina-stockholms-kommun-skanegatan-80,-5tr-7573669980203546010",45-46m²,bostadsratt,2026-09-09T16:00:39.872043
6845581427576180380,"https://www.hemnet.se/salda/lagenhet-2rum-telefoplan-stockholms-kommun-responsgatan-14,-2tr-6845581427576180380",45-46m²,bostadsratt,2026-09-09T16:00:39.872044
6662126712638118939,https://www.hemnet.se/salda/lagenhet-2rum-sodermalm-katarina-stockholms-kommun-borgmastargatan-9-6662126712638118939,45-46m²,bostadsratt,2026-09-09T16:00:39.872045
9069187463720085233,https://www.hemnet.se/salda/lagenhet-2rum-hagerstensasen-telefonplan-stockholms-kommun-backvagen-103-9069187463720085233,45-46m²,bostadsratt,2026-09-09T16:00:39.872048
904493368786767936,https://www.hemnet.se/salda/lagenhet-2rum-lilla-essingen-stockholms-kommun-disponentgatan-2-904493368786767936,45-46m²,bostadsratt,2026-09-09T16:00:39.872050
5963461486237710333,https://www.hemnet.se/salda/lagenhet-2rum-funkabo-kalmar-kommun-runvagen-13a-5963461486237710333,45-46m²,bostadsratt,2026-09-09T16:00:39.872051
7361924802945134763,https://www.hemnet.se/salda/lagenhet-2rum-sodermalm-maria-stockholms-kommun-repslagargatan-18-7361924802945134763,45-46m²,bostadsratt,2026-09-09T16:00:39.872052
5457460244435827885,https://www.hemnet.se/salda/lagenhet-1rum-bjorkebo-tomelilla-kommun-bjorkebogatan-8-f-5457460244435827885,45-46m²,bostadsratt,2026-09-09T16:00:39.872053
3957576165980055378,https://www.hemnet.se/salda/lagenhet-2rum-stigberget-goteborgs-kommun-linnegatan-37b-3957576165980055378,45-46m²,bostadsratt,2026-09-09T16:00:39.872055
7202114380117801599,https://www.hemnet.se/salda/lagenhet-2rum-helsingborg-helsingborgs-kommun-lilla-bergaliden-5-7202114380117801599,45-46m²,bostadsratt,2026-09-09T16:00:39.872056
7301265787385855104,https://www.hemnet.se/salda/lagenhet-2rum-munkeback-goteborgs-kommun-lilla-munkebacksgatan-5a-7301265787385855104,45-46m²,bostadsratt,2026-09-09T16:00:39.872057
6008230676482543574,https://www.hemnet.se/salda/lagenhet-2rum-centralt-skelleftea-kommun-lasarettsvagen-18-6008230676482543574,45-46m²,bostadsratt,2026-09-09T16:00:39.872058
7529422062816160754,https://www.hemnet.se/salda/lagenhet-1rum-visby-centralt-lanna-gotlands-kommun-lannaplan-1e-7529422062816160754,45-46m²,bostadsratt,2026-09-09T16:00:39.872060
8177812298154886855,https://www.hemnet.se/salda/lagenhet-2rum-centrala-hisingen-goteborgs-kommun-sunnanvindsgatan-6d-8177812298154886855,45-46m²,bostadsratt,2026-09-09T16:00:39.872061
2583530819264897504,https://www.hemnet.se/salda/lagenhet-2rum-bromma-johannesfred-stockholms-kommun-stangjarnsvagen-5-2583530819264897504,45-46m²,bostadsratt,2026-09-09T16:00:39.872062
1901427529315594807,"https://www.hemnet.se/salda/lagenhet-2rum-kungsholmen-stockholms-kommun-lustgardsgatan-20,-5-tr-1901427529315594807",45-46m²,bostadsratt,2026-09-09T16:00:39.872064
3623278145164346422,https://www.hemnet.se/salda/lagenhet-1rum-ostra-sorgenfri-malmo-kommun-ostra-farmvagen-40a-3623278145164346422,45-46m²,bostadsratt,2026-09-09T16:00:39.872068
6974326303040591212,"https://www.hemnet.se/salda/lagenhet-2rum-sodermalm-katarina-stockholms-kommun-ringvagen-86,-2-tr-6974326303040591212",45-46m²,bostadsratt,2026-09-09T16:00:39.872070
6240995243864247772,https://www.hemnet.se/salda/lagenhet-2rum-ellstorp-malmo-kommun-ellstorpsgatan-2b-6240995243864247772,45-46m²,bostadsratt,2026-09-09T16:00:39.872071
3164093166989102941,https://www.hemnet.se/salda/lagenhet-2rum-arsta-stockholms-kommun-skagersvagen-15-3164093166989102941,45-46m²,bostadsratt,2026-09-09T16:00:39.872072
2246434523235600199,https://www.hemnet.se/salda/lagenhet-2rum-kungsholmen-stockholms-kommun-svarvargatan-17-2246434523235600199,45-46m²,bostadsratt,2026-09-09T16:00:39.872074
3134729005694452314,"https://www.hemnet.se/salda/lagenhet-2rum-tradgardsstaden-upplands-bro-kommun-unnas-vag-4,-lgh-nr-5-3134729005694452314",45-46m²,bostadsratt,2026-09-09T16:00:39.872075
8623799035582659617,"https://www.hemnet.se/salda/lagenhet-1,5rum-torpa-soder-jonkopings-kommun-larlingsgatan-4a-8623799035582659617",45-46m²,bostadsratt,2026-09-09T16:00:39.872077
3953142706989103850,https://www.hemnet.se/salda/lagenhet-3rum-nacka-jarla-sjo-nacka-kommun-turbinvagen-5d-3953142706989103850,45-46m²,bostadsratt,2026-09-09T16:00:39.872078
4807936136291535368,https://www.hemnet.se/salda/lagenhet-2rum-haga-norra-solna-kommun-slottsvagen-8-4807936136291535368,45-46m²,bostadsratt,2026-09-09T16:00:39.872079
990571701065329908,https://www.hemnet.se/salda/lagenhet-2rum-sodermalm-stockholms-kommun-gotgatan-81b-990571701065329908,45-46m²,bostadsratt,2026-09-09T16:00:39.872080
6725615587379893690,https://www.hemnet.se/salda/lagenhet-2rum-munkeback-goteborgs-kommun-lilla-munkebacksgatan-5e-6725615587379893690,45-46m²,bostadsratt,2026-09-09T16:00:39.872082
8555401556199247376,https://www.hemnet.se/salda/lagenhet-2rum-sodra-ladugardsangen-orebro-kommun-termikgatan-45c-8555401556199247376,45-46m²,bostadsratt,2026-09-09T16:00:39.872083
1891040884211604049,https://www.hemnet.se/salda/lagenhet-2rum-hammarby-sjostad-stockholms-kommun-korphoppsgatan-21-1891040884211604049,45-46m²,bostadsratt,2026-09-09T16:00:39.872084
7150994096182825044,https://www.hemnet.se/salda/lagenhet-2rum-storskogen-sundbybergs-kommun-rastensgatan-12-7150994096182825044,45-46m²,bostadsratt,2026-09-09T16:00:39.872085
5421124469130692268,https://www.hemnet.se/salda/lagenhet-2rum-hagerstensasen-stockholms-kommun-backvagen-103-5421124469130692268,45-46m²,bostadsratt,2026-09-09T16:00:39.872087
8779694472035824293,"https://www.hemnet.se/salda/lagenhet-1,5rum-sodermalm-stockholms-kommun-ljusterogatan-3,-van-1,5-8779694472035824293",45-46m²,bostadsratt,2026-09-09T16:00:39.872088
5461204725739150636,https://www.hemnet.se/salda/lagenhet-2rum-handen-haninge-kommun-runstenstorget-4-5461204725739150636,45-46m²,bostadsratt,2026-09-09T16:00:39.872089
6133750108131614465,https://www.hemnet.se/salda/lagenhet-2rum-rudviken-solna-kommun-regnstigen-3-6133750108131614465,45-46m²,bostadsratt,2026-09-09T16:00:39.872090
4799688888641763513,"https://www.hemnet.se/salda/lagenhet-1rum-vasastan-stockholms-kommun-idungatan-5,-5tr-4799688888641763513",45-46m²,bostadsratt,2026-09-09T16:00:39.872092
3171954541247630743,https://www.hemnet.se/salda/lagenhet-2rum-gamla-enskede-stockholms-kommun-nynasvagen-311-3171954541247630743,45-46m²,bostadsratt,2026-09-09T16:00:39.872095
4720695509526702847,https://www.hemnet.se/salda/lagenhet-1rum-huskvarna-jonkopings-kommun-drottninggatan-31c-4720695509526702847,45-46m²,bostadsratt,2026-09-09T16:00:39.872096
1248959391582697670,https://www.hemnet.se/salda/lagenhet-2rum-sveaplan-eskilstuna-kommun-carlavagen-1b-1248959391582697670,45-46m²,bostadsratt,2026-09-09T16:00:39.872097
9119720744147570235,https://www.hemnet.se/salda/lagenhet-2rum-silverdal-sollentuna-kommun-margreteborgsvagen-23-9119720744147570235,45-46m²,bostadsratt,2026-09-09T16:00:39.872098
5928370084022976239,https://www.hemnet.se/salda/lagenhet-2rum-norra-djurgarden-stockholms-kommun-stickelbarsvagen-6-5928370084022976239,45-46m²,bostadsratt,2026-09-09T16:00:39.872100
8572870347825204368,https://www.hemnet.se/salda/lagenhet-2rum-hammarbyhojden-stockholms-kommun-per-lindestroms-vag-108-8572870347825204368,45-46m²,bostadsratt,2026-09-09T16:00:39.872101
6356049688916106205,"https://www.hemnet.se/salda/lagenhet-2rum-hammarbyhojden,-johanneshov-stockholms-kommun-paternostervagen-98-6356049688916106205",45-46m²,bostadsratt,2026-09-09T16:00:39.872102
4064442852372668782,https://www.hemnet.se/salda/lagenhet-2rum-arsta-stockholms-kommun-borensvagen-11-4064442852372668782,45-46m²,bostadsratt,2026-09-09T16:00:39.872105
4201023297888466345,"https://www.hemnet.se/salda/lagenhet-2rum-maria-stockholms-kommun-brannkyrkagatan-81,-3tr-4201023297888466345",45-46m²,bostadsratt,2026-09-09T16:00:39.872107
7950272902747736378,"https://www.hemnet.se/salda/lagenhet-2rum-kallhall-jarfalla-kommun-gjutmastare-rosbergs-vag-11a,-5-tr-7950272902747736378",45-46m²,bostadsratt,2026-09-09T16:00:39.872108
948277731254673483,https://www.hemnet.se/salda/lagenhet-2rum-centrala-huddinge-huddinge-kommun-kansligrand-2-948277731254673483,45-46m²,bostadsratt,2026-09-09T16:00:39.872109
2280863340490143593,https://www.hemnet.se/salda/lagenhet-2rum-rasunda-solna-kommun-ostervagen-28b-2280863340490143593,45-46m²,bostadsratt,2026-09-09T16:00:39.872110
3750650972539154252,https://www.hemnet.se/salda/lagenhet-2rum-klintbacken-lulea-kommun-klintvagen-231-b-3750650972539154252,45-46m²,bostadsratt,2026-09-09T16:00:39.872112
1196424845167817388,https://www.hemnet.se/salda/lagenhet-2rum-sodermalm-stockholms-kommun-gotgatan-101-1196424845167817388,45-46m²,bostadsratt,2026-09-09T16:00:39.872113
6541611748083320236,"https://www.hemnet.se/salda/lagenhet-2rum-lilla-essingen-stockholms-kommun-primusgatan-82,-5tr-6541611748083320236",45-46m²,bostadsratt,2026-09-09T16:00:39.872114
2431216846683183233,https://www.hemnet.se/salda/lagenhet-1rum-bollstanas-upplands-vasby-kommun-jaktvagen-55-2431216846683183233,45-46m²,bostadsratt,2026-09-09T16:00:39.872116
7461262134389799476,https://www.hemnet.se/salda/lagenhet-2rum-ranagard-halmstads-kommun-ranagardsvagen-18-7461262134389799476,45-46m²,bostadsratt,2026-09-09T16:00:39.872117
988529575057741793,https://www.hemnet.se/salda/lagenhet-1rum-pantarholmen-karlskrona-kommun-langgatan-3a-988529575057741793,45-46m²,bostadsratt,2026-09-09T16:00:39.872119
4713175881040197962,https://www.hemnet.se/salda/lagenhet-1rum-centralt-eklunda-sorby-orebro-kommun-sidvallsgatan-29-4713175881040197962,45-46m²,bostadsratt,2026-09-09T16:00:39.872120
2515292349863882135,https://www.hemnet.se/salda/lagenhet-2rum-aspudden-ornsberg-stockholms-kommun-hagerstensvagen-189-2515292349863882135,45-46m²,bostadsratt,2026-09-09T16:00:39.872122
3900554124037880162,https://www.hemnet.se/salda/lagenhet-1rum-vaster-orebro-kommun-ekersgatan-4b-3900554124037880162,45-46m²,bostadsratt,2026-09-09T16:00:39.872123
3383207045250977099,https://www.hemnet.se/salda/lagenhet-2rum-johannesfred-stockholms-kommun-stangjarnsvagen-10-3383207045250977099,45-46m²,bostadsratt,2026-09-09T16:00:39.872125
5936118418439186038,https://www.hemnet.se/salda/lagenhet-2rum-ribersborg-malmo-kommun-kilian-zollsgatan-28a-5936118418439186038,45-46m²,bostadsratt,2026-09-09T16:00:39.872126
5102583415261135690,https://www.hemnet.se/salda/lagenhet-1rum-tagaborg-helsingborgs-kommun-flemminggatan-10-5102583415261135690,45-46m²,bostadsratt,2026-09-09T16:00:39.872128
617996126409329558,"https://www.hemnet.se/salda/lagenhet-1,5rum-centralt-oster-orebro-kommun-formansgatan-8-617996126409329558",45-46m²,bostadsratt,2026-09-09T16:00:39.872130
5779446190155111106,"https://www.hemnet.se/salda/lagenhet-2rum-spanga-bromstensstaden-stockholms-kommun-borghojdsvagen-3,-2-tr-5779446190155111106",45-46m²,bostadsratt,2026-09-09T16:00:39.872131
1272617757807729670,https://www.hemnet.se/salda/lagenhet-2rum-kungsholmen-fredhall-stockholms-kommun-runiusgatan-7-1272617757807729670,45-46m²,bostadsratt,2026-09-09T16:00:39.872132
5171457748206132511,"https://www.hemnet.se/salda/lagenhet-1,5rum-jarvastaden-solna-kommun-fridensborgsvagen-137-5171457748206132511",45-46m²,bostadsratt,2026-09-09T16:00:39.872134
1022491186668600915,https://www.hemnet.se/salda/lagenhet-1rum-burstromska-lulea-kommun-burstromsvagen-58-1022491186668600915,45-46m²,bostadsratt,2026-09-09T16:00:39.872135
7142485063387339630,"https://www.hemnet.se/salda/lagenhet-1,5rum-centrala-huddinge-huddinge-kommun-sjodalsvagen-17-7142485063387339630",45-46m²,bostadsratt,2026-09-09T16:00:39.872136
5427318775971402957,"https://www.hemnet.se/salda/lagenhet-2rum-ostra-salabacke-uppsala-kommun-johannesbacksgatan-97,-1tr-5427318775971402957",45-46m²,bostadsratt,2026-09-09T16:00:39.872138
1968242732536998326,https://www.hemnet.se/salda/lagenhet-2rum-stockholm-sodermalm-stockholms-kommun-bergsunds-strand-34-1968242732536998326,45-46m²,bostadsratt,2026-09-09T16:00:39.872139
5124870532033684108,https://www.hemnet.se/salda/lagenhet-2rum-vasastan-stockholms-kommun-sonja-kovalevskys-gata-11-5124870532033684108,45-46m²,bostadsratt,2026-09-09T16:00:39.872144
4260767864952844805,https://www.hemnet.se/salda/lagenhet-2rum-jarvastaden-sundbybergs-kommun-brotorps-alle-2-4260767864952844805,45-46m²,bostadsratt,2026-09-09T16:00:39.872145
4906301392808695025,"https://www.hemnet.se/salda/lagenhet-1,5rum-folkets-park-malmo-kommun-solvesborgsgatan-2-4906301392808695025",45-46m²,bostadsratt,2026-09-09T16:00:39.872146
5024848078902089134,"https://www.hemnet.se/salda/lagenhet-2rum-kungsholmen-stockholms-kommun-celsiusgatan-4,-4-tr-5024848078902089134",45-46m²,bostadsratt,2026-09-09T16:00:39.872148
5173808645934234540,https://www.hemnet.se/salda/lagenhet-1rum-jarvastaden-solna-kommun-fridensborgsvagen-127-5173808645934234540,45-46m²,bostadsratt,2026-09-09T16:00:39.872149
7740667262851797659,https://www.hemnet.se/salda/lagenhet-2rum-hejdegarden-linkopings-kommun-valhallagatan-39b-7740667262851797659,45-46m²,bostadsratt,2026-09-09T16:00:39.872150
6729649934016607505,https://www.hemnet.se/salda/lagenhet-2rum-soder-vasaparken-norrkopings-kommun-lagergrensgatan-23-6729649934016607505,45-46m²,bostadsratt,2026-09-09T16:00:39.872151
644623564577903647,"https://www.hemnet.se/salda/lagenhet-2rum-liljeholmskajen-stockholms-kommun-sjoviksbacken-20,-4-tr-644623564577903647",45-46m²,bostadsratt,2026-09-09T16:00:39.872153
6288551024439020895,https://www.hemnet.se/salda/lagenhet-2rum-nol-ale-kommun-brandsbovagen-2b-6288551024439020895,45-46m²,bostadsratt,2026-09-09T16:00:39.872154
4571214840137323150,https://www.hemnet.se/salda/lagenhet-2rum-nol-ale-kommun-storegardsvagen-3e-4571214840137323150,45-46m²,bostadsratt,2026-09-09T16:00:39.872155
6921891853220839422,https://www.hemnet.se/salda/lagenhet-2rum-hammarkullen-goteborgs-kommun-hammarkullegatan-6-6921891853220839422,45-46m²,bostadsratt,2026-09-09T16:00:39.872156
2409048527019533739,"https://www.hemnet.se/salda/lagenhet-1,5rum-sodra-skargarden,-branno-goteborgs-kommun-faggeliden-4b-2409048527019533739",45-46m²,bostadsratt,2026-09-09T16:00:39.872159
500038038752788999,"https://www.hemnet.se/salda/lagenhet-1,5rum-tegelplan-ostersunds-kommun-krondikesvagen-52b-500038038752788999",45-46m²,bostadsratt,2026-09-09T16:00:39.872161
3304054395308761421,https://www.hemnet.se/salda/lagenhet-2rum-kvarnbyn-molndals-kommun-kvarnbyvallen-19-3304054395308761421,45-46m²,bostadsratt,2026-09-09T16:00:39.872162
8345659762429223116,https://www.hemnet.se/salda/lagenhet-2rum-lund-innerstaden-helgonagarden-lunds-kommun-sodra-esplanaden-16-8345659762429223116,45-46m²,bostadsratt,2026-09-09T16:00:39.872163
4847853407552787484,https://www.hemnet.se/salda/lagenhet-2rum-ostermalm-gardet-stockholms-kommun-tegeluddsvagen-30-4847853407552787484,45-46m²,bostadsratt,2026-09-09T16:00:39.872165
6862870236180494903,https://www.hemnet.se/salda/lagenhet-2rum-munkeback-goteborgs-kommun-ernst-torulfsgatan-4b-6862870236180494903,45-46m²,bostadsratt,2026-09-09T16:00:39.872166
8725312632880990296,"https://www.hemnet.se/salda/lagenhet-2rum-nacka-strand-nacka-kommun-lokomobilvagen-2g,-6tr-8725312632880990296",45-46m²,bostadsratt,2026-09-09T16:00:39.872167
4590021164328808079,https://www.hemnet.se/salda/lagenhet-2rum-jakobsberg-jarfalla-kommun-frihetsvagen-2a-4590021164328808079,45-46m²,bostadsratt,2026-09-09T16:00:39.872168
4746575005754091537,https://www.hemnet.se/salda/lagenhet-2rum-hovas-goteborgs-kommun-bjorklundavagen-4-4746575005754091537,45-46m²,bostadsratt,2026-09-09T16:00:39.872170
3771323354177828582,https://www.hemnet.se/salda/lagenhet-1rum-lulea-innerstaden-ostermalm-lulea-kommun-burstromsvagen-38-3771323354177828582,45-46m²,bostadsratt,2026-09-09T16:00:39.872171
2136570155010655343,https://www.hemnet.se/salda/lagenhet-1rum-centrala-boden-bodens-kommun-akargrand-2-2136570155010655343,45-46m²,bostadsratt,2026-09-09T16:00:39.872172
8959112275241366708,https://www.hemnet.se/salda/lagenhet-1rum-centrala-hisingen-goteborgs-kommun-jagaregatan-6a-8959112275241366708,45-46m²,bostadsratt,2026-09-09T16:00:39.872174
7422912275154426104,https://www.hemnet.se/salda/lagenhet-2rum-liljeholmskajen-arstaberg-stockholms-kommun-arsta-skolgrand-6-7422912275154426104,45-46m²,bostadsratt,2026-09-09T16:00:39.872175
8313515529920752201,https://www.hemnet.se/salda/lagenhet-1rum-avesta-avesta-kommun-asgatan-16-8313515529920752201,45-46m²,bostadsratt,2026-09-09T16:00:39.872176
1612338902845398480,https://www.hemnet.se/salda/lagenhet-2rum-hjorthagen-stockholms-kommun-radjursstigen-2-1612338902845398480,45-46m²,bostadsratt,2026-09-09T16:00:39.872177
4399130678415485905,https://www.hemnet.se/salda/lagenhet-1rum-unnerod-uddevalla-kommun-ostanvindsvagen-8-4399130678415485905,45-46m²,bostadsratt,2026-09-09T16:00:39.872180
5973201131404932574,"https://www.hemnet.se/salda/lagenhet-2rum-vasastan-odenplan-stockholms-kommun-dalagatan-23a,-4tr-o,g,-5973201131404932574",45-46m²,bostadsratt,2026-09-09T16:00:39.872182
1728527909365247231,https://www.hemnet.se/salda/lagenhet-2rum-sodermalm-stockholms-kommun-hornsgatan-151-1728527909365247231,45-46m²,bostadsratt,2026-09-09T16:00:39.872183
6754651592161993633,"https://www.hemnet.se/salda/lagenhet-2,5rum-alvsjo-orby-stockholms-kommun-ardalavagen-89a-6754651592161993633",45-46m²,bostadsratt,2026-09-09T16:00:39.872184
6064326668413608196,https://www.hemnet.se/salda/lagenhet-2rum-centrum-lulea-kommun-sandviksgatan-78a-6064326668413608196,45-46m²,bostadsratt,2026-09-09T16:00:39.872186
4219191525866659467,https://www.hemnet.se/salda/lagenhet-2rum-ostermalm-stockholms-kommun-ostermalmsgatan-68-b-4219191525866659467,45-46m²,bostadsratt,2026-09-09T16:00:39.872189
5248919324919555663,https://www.hemnet.se/salda/lagenhet-2rum-torpa-soder-jonkopings-kommun-sjogatan-8a-5248919324919555663,45-46m²,bostadsratt,2026-09-09T16:00:39.872190
1520643908607257358,"https://www.hemnet.se/salda/lagenhet-2rum-ulriksdal-solna-kommun-kolonnvagen-56,-vaning-5-1520643908607257358",45-46m²,bostadsratt,2026-09-09T16:00:39.872191
5834348819938082312,https://www.hemnet.se/salda/lagenhet-2rum-gustavsberg-varmdo-kommun-ursula-printz-gata-3-5834348819938082312,45-46m²,bostadsratt,2026-09-09T16:00:39.872192
9184492804653977421,https://www.hemnet.se/salda/lagenhet-2rum-sodra-innerstaden-malmo-kommun-sodra-forstadsgatan-121g-9184492804653977421,45-46m²,bostadsratt,2026-09-09T16:00:39.872194
7286842969352442220,https://www.hemnet.se/salda/lagenhet-2rum-jakobsberg-jarfalla-kommun-vaderkvarnsgatan-6-7286842969352442220,45-46m²,bostadsratt,2026-09-09T16:00:39.872195
6778644662450563194,https://www.hemnet.se/salda/lagenhet-2rum-krokslatt-goteborgs-kommun-ebbe-lieberathsgatan-27d-6778644662450563194,45-46m²,bostadsratt,2026-09-09T16:00:39.872196
6758033517481814798,"https://www.hemnet.se/salda/lagenhet-2rum-centralt-vadstena-kommun-engelbrektsgatan-24c,-1-van-6758033517481814798",45-46m²,bostadsratt,2026-09-09T16:00:39.872198
6481064231014432668,https://www.hemnet.se/salda/lagenhet-1rum-aspudden-stockholms-kommun-hagerstensvagen-124c-6481064231014432668,45-46m²,bostadsratt,2026-09-09T16:00:39.872199
7966010731637199333,https://www.hemnet.se/salda/lagenhet-2rum-inom-vallgraven-goteborgs-kommun-stora-nygatan-3-7966010731637199333,45-46m²,bostadsratt,2026-09-09T16:00:39.872200
3736217797400339131,"https://www.hemnet.se/salda/lagenhet-3rum-sodermalm-stockholms-kommun-fatburs-brunnsgata-33-a,-2-tr-3736217797400339131",45-46m²,bostadsratt,2026-09-09T16:00:39.872201
2249942320958349061,https://www.hemnet.se/salda/lagenhet-2rum-hisings-backa-goteborgs-kommun-sagogangen-48-2249942320958349061,45-46m²,bostadsratt,2026-09-09T16:00:39.872203
3584486844317879628,https://www.hemnet.se/salda/lagenhet-2rum-bolinder-strand-jarfalla-kommun-birger-dahlerus-vag-5-3584486844317879628,45-46m²,bostadsratt,2026-09-09T16:00:39.872204
4499225008312791424,https://www.hemnet.se/salda/lagenhet-2rum-ostermalm-stockholms-kommun-karlavagen-70-4499225008312791424,45-46m²,bostadsratt,2026-09-09T16:00:39.872205
1319847967896925214,https://www.hemnet.se/salda/lagenhet-2rum-brommaplan-stockholms-kommun-kladesvagen-38-1319847967896925214,45-46m²,bostadsratt,2026-09-09T16:00:39.872206
5686446981815997230,"https://www.hemnet.se/salda/lagenhet-2rum-kungsholmen-stora-essingen-stockholms-kommun-eknasvagen-13,-2-tr-5686446981815997230",45-46m²,bostadsratt,2026-09-09T16:00:39.872208
1650477893702980134,https://www.hemnet.se/salda/lagenhet-2rum-tureberg-sollentuna-kommun-turebergs-alle-47-1650477893702980134,45-46m²,bostadsratt,2026-09-09T16:00:39.872209
2757568128237628688,https://www.hemnet.se/salda/lagenhet-2rum-gamla-staden-malmo-kommun-stora-nygatan-15-2757568128237628688,45-46m²,bostadsratt,2026-09-09T16:00:39.872210
4316718826248817666,https://www.hemnet.se/salda/lagenhet-1rum-ovre-eriksberg-goteborgs-kommun-inagogatan-4-4316718826248817666,45-46m²,bostadsratt,2026-09-09T16:00:39.872211
7395622508146752409,"https://www.hemnet.se/salda/lagenhet-1,5rum-gamla-rasunda-solna-kommun-vintervagen-26-7395622508146752409",45-46m²,bostadsratt,2026-09-09T16:00:39.872213
7777702343859647389,"https://www.hemnet.se/salda/lagenhet-2rum-vasastaden-stockholms-kommun-roslagsgatan-51,-1,5tr-7777702343859647389",45-46m²,bostadsratt,2026-09-09T16:00:39.872216
7595044269596723009,"https://www.hemnet.se/salda/lagenhet-2rum-gardet-ostermalm-stockholms-kommun-rindogatan-17,-9-av-9tr-7595044269596723009",45-46m²,bostadsratt,2026-09-09T16:00:39.872217
8922664337816760283,https://www.hemnet.se/salda/lagenhet-2rum-traneberg-stockholms-kommun-margretelundsvagen-32-8922664337816760283,45-46m²,bostadsratt,2026-09-09T16:00:39.872218
5959911118767160059,https://www.hemnet.se/salda/lagenhet-2rum-arstaberg-liljeholmskajen-stockholms-kommun-arstaskogs-vag-9c-5959911118767160059,45-46m²,bostadsratt,2026-09-09T16:00:39.872220
6759493011664990689,"https://www.hemnet.se/salda/lagenhet-1,5rum-sodermalm-sofo-stockholms-kommun-bondegatan-24-6759493011664990689",45-46m²,bostadsratt,2026-09-09T16:00:39.872221
4411135152828686156,"https://www.hemnet.se/salda/lagenhet-2rum-kungsholmen-hornsbergs-strand-stockholms-kommun-lustgardsgatan-16,-van-2-4411135152828686156",45-46m²,bostadsratt,2026-09-09T16:00:39.872222
3168903515872499521,"https://www.hemnet.se/salda/lagenhet-2rum-kungsholmen-fridhemsplan-stockholms-kommun-alstromergatan-32m,-3tr-3168903515872499521",45-46m²,bostadsratt,2026-09-09T16:00:39.872224
4926300568852046156,https://www.hemnet.se/salda/lagenhet-2rum-linnestaden-goteborgs-kommun-nordhemsgatan-70a-4926300568852046156,45-46m²,bostadsratt,2026-09-09T16:00:39.872225
8679501922174926539,https://www.hemnet.se/salda/lagenhet-2rum-ostberga-stockholms-kommun-stamgatan-88-8679501922174926539,45-46m²,bostadsratt,2026-09-09T16:00:39.872226
626505625704891205,https://www.hemnet.se/salda/lagenhet-2rum-ostermalm-stockholms-kommun-karlavagen-70-626505625704891205,45-46m²,bostadsratt,2026-09-09T16:00:39.872227
6947665029194096241,https://www.hemnet.se/salda/lagenhet-2rum-hogdalen-stockholms-kommun-rangstagatan-18-6947665029194096241,45-46m²,bostadsratt,2026-09-09T16:00:39.872229
1695193096226242642,https://www.hemnet.se/salda/lagenhet-2rum-brandbergen-haninge-kommun-lejonets-gata-383-1695193096226242642,45-46m²,bostadsratt,2026-09-09T16:00:39.872230
8773772860505681033,https://www.hemnet.se/salda/lagenhet-2rum-bohuslan-orust-kommun-oviken-169-8773772860505681033,45-46m²,bostadsratt,2026-09-09T16:00:39.872233
5216823058122823162,"https://www.hemnet.se/salda/lagenhet-2rum-ostermalm-stockholms-kommun-karlavagen-52,-3-tr-5216823058122823162",45-46m²,bostadsratt,2026-09-09T16:00:39.872234
2861159960927687875,https://www.hemnet.se/salda/lagenhet-2rum-munkeback-goteborgs-kommun-gyllenstensgatan-25-2861159960927687875,45-46m²,bostadsratt,2026-09-09T16:00:39.872235
2283760848087583920,https://www.hemnet.se/salda/lagenhet-2rum-brotorp-jarvastaden-sundbybergs-kommun-brogatan-18-2283760848087583920,45-46m²,bostadsratt,2026-09-09T16:00:39.872237
2103430691530405324,https://www.hemnet.se/salda/lagenhet-2rum-loten-ovre-bellman-uppsala-kommun-bellmansgatan-164-2103430691530405324,45-46m²,bostadsratt,2026-09-09T16:00:39.872238
2551992735375238265,https://www.hemnet.se/salda/lagenhet-3rum-kungsberget-sandvikens-kommun-ski-apartments-25c-nedre-angsvagen-25c-2551992735375238265,45-46m²,bostadsratt,2026-09-09T16:00:39.872239
8610250373152080642,"https://www.hemnet.se/salda/lagenhet-1,5rum-orminge-nacka-kommun-ormingeringen-30b-8610250373152080642",45-46m²,bostadsratt,2026-09-09T16:00:39.872241
2331991773540949716,https://www.hemnet.se/salda/lagenhet-2rum-vasastaden-stockholms-kommun-torbjorn-klockares-gata-3-2331991773540949716,45-46m²,bostadsratt,2026-09-09T16:00:39.872242
78557264479416358,https://www.hemnet.se/salda/lagenhet-1rum-centrum-bodens-kommun-akargrand-2-78557264479416358,45-46m²,bostadsratt,2026-09-09T16:00:39.872243
7600919774722040511,https://www.hemnet.se/salda/lagenhet-2rum-bromma-traneberg-stockholms-kommun-odmardsvagen-7-7600919774722040511,45-46m²,bostadsratt,2026-09-09T16:00:39.872244
5466453166565967110,https://www.hemnet.se/salda/lagenhet-1rum-tullen-boras-kommun-fjallgatan-55c-5466453166565967110,45-46m²,bostadsratt,2026-09-09T16:00:39.872246
7416180557969046343,https://www.hemnet.se/salda/lagenhet-2rum-soder-norrkopings-kommun-horngatan-18g-7416180557969046343,45-46m²,bostadsratt,2026-09-09T16:00:39.872247
1994383300317633039,https://www.hemnet.se/salda/lagenhet-2rum-teg-umea-kommun-tankvagen-20-b-1994383300317633039,45-46m²,bostadsratt,2026-09-09T16:00:39.872248
9075133100140397136,https://www.hemnet.se/salda/lagenhet-2rum-maria-park-helsingborgs-kommun-ekerodsgatan-26-9075133100140397136,45-46m²,bostadsratt,2026-09-09T16:00:39.872251
3436534338420593744,https://www.hemnet.se/salda/lagenhet-2rum-kungsholmen-stockholms-kommun-alstromergatan-32-f-3436534338420593744,45-46m²,bostadsratt,2026-09-09T16:00:39.872254
2841680009131428952,"https://www.hemnet.se/salda/lagenhet-1,5rum-bromma-ulvsunda-stockholms-kommun-drottningholmsvagen-282-2841680009131428952",45-46m²,bostadsratt,2026-09-09T16:00:39.872255
5929060600711635110,https://www.hemnet.se/salda/lagenhet-1rum-lund-centrum-lunds-kommun-anggatan-5-5929060600711635110,45-46m²,bostadsratt,2026-09-09T16:00:39.872257
2286702774996274040,https://www.hemnet.se/salda/lagenhet-1rum-sodra-sofielund-malmo-kommun-sevedsplan-11c-2286702774996274040,45-46m²,bostadsratt,2026-09-09T16:00:39.872258
6266745325630426182,"https://www.hemnet.se/salda/lagenhet-2rum-skondal-skondals-centrum-stockholms-kommun-thorsten-levenstams-vag-2d,-2tr-6266745325630426182",45-46m²,bostadsratt,2026-09-09T16:00:39.872259
4815330399352013400,https://www.hemnet.se/salda/lagenhet-2rum-vaster-lunds-kommun-slojdgatan-10-4815330399352013400,45-46m²,bostadsratt,2026-09-09T16:00:39.872261
3516059472996876216,https://www.hemnet.se/salda/lagenhet-2rum-kapellgardet-uppsala-kommun-djaknegatan-27a-3516059472996876216,45-46m²,bostadsratt,2026-09-09T16:00:39.872262
4608177833412780127,https://www.hemnet.se/salda/lagenhet-1rum-vasastan-atlas-stockholms-kommun-atlasgatan-13-4608177833412780127,45-46m²,bostadsratt,2026-09-09T16:00:39.872263
4513036795331687768,"https://www.hemnet.se/salda/lagenhet-2rum-midsommarkransen-telefonplan-stockholms-kommun-midsommargrand-2,-2-tr-4513036795331687768",45-46m²,bostadsratt,2026-09-09T16:00:39.872265
1972298741136652575,https://www.hemnet.se/salda/lagenhet-2rum-centrala-sundbyberg-sundbybergs-kommun-rastensgatan-1b-1972298741136652575,45-46m²,bostadsratt,2026-09-09T16:00:39.872266
5419699816281339405,https://www.hemnet.se/salda/lagenhet-1rum-norra-guldheden-goteborgs-kommun-raketgatan-8-5419699816281339405,45-46m²,bostadsratt,2026-09-09T16:00:39.872267
7747229808742472152,"https://www.hemnet.se/salda/lagenhet-1,5rum-vallingby-parkstad-racksta-stockholms-kommun-ostersundsgatan-7-7747229808742472152",45-46m²,bostadsratt,2026-09-09T16:00:39.872268
6851366188468577920,https://www.hemnet.se/salda/lagenhet-1rum-luthagen-uppsala-kommun-ringgatan-2b-6851366188468577920,45-46m²,bostadsratt,2026-09-09T16:00:39.872270
6577024553853437383,https://www.hemnet.se/salda/lagenhet-2rum-nacka-strand-nacka-kommun-tandkulevagen-33-6577024553853437383,45-46m²,bostadsratt,2026-09-09T16:00:39.872271
4924620687331006998,https://www.hemnet.se/salda/lagenhet-2rum-skarmarbrink-stockholms-kommun-pelargatan-4-4924620687331006998,45-46m²,bostadsratt,2026-09-09T16:00:39.872272
8106958061068201706,https://www.hemnet.se/salda/lagenhet-2rum-bjorkris-kungsbacka-kommun-mor-albertinas-vag-6-8106958061068201706,45-46m²,bostadsratt,2026-09-09T16:00:39.872273
2733257516825119088,https://www.hemnet.se/salda/lagenhet-2rum-soder-norrkopings-kommun-trozelligatan-1e-2733257516825119088,45-46m²,bostadsratt,2026-09-09T16:00:39.872275
5264572552693450551,https://www.hemnet.se/salda/lagenhet-2rum-frosunda-solna-kommun-signe-tillischgatan-7-5264572552693450551,45-46m²,bostadsratt,2026-09-09T16:00:39.872276
6249507704405932399,https://www.hemnet.se/salda/lagenhet-2rum-kungsholmen-stockholms-kommun-grubbens-gata-7-6249507704405932399,45-46m²,bostadsratt,2026-09-09T16:00:39.872282
3103698811134958514,https://www.hemnet.se/salda/lagenhet-2rum-enskede-svedmyra-stockholms-kommun-postiljonsvagen-6-3103698811134958514,45-46m²,bostadsratt,2026-09-09T16:00:39.872283
8167750347829639597,https://www.hemnet.se/salda/lagenhet-1rum-staffanstorp-staffanstorps-kommun-kastanjevagen-17-a-8167750347829639597,45-46m²,bostadsratt,2026-09-09T16:00:39.872285
119987873550060915,"https://www.hemnet.se/salda/lagenhet-1,5rum-stuvsta-centrum-huddinge-kommun-stationsvagen-36a-119987873550060915",45-46m²,bostadsratt,2026-09-09T16:00:39.872286
4880525092122135541,"https://www.hemnet.se/salda/lagenhet-1,5rum-orminge-nacka-kommun-ormingeringen-29b-4880525092122135541",45-46m²,bostadsratt,2026-09-09T16:00:39.872287
969380507099189671,https://www.hemnet.se/salda/lagenhet-2rum-landsnora-sollentuna-kommun-rudbecks-vag-147-969380507099189671,45-46m²,bostadsratt,2026-09-09T16:00:39.872288
6174062894888015441,https://www.hemnet.se/salda/lagenhet-2rum-lysekil-lysekils-kommun-stora-kyrkogatan-7-b-6174062894888015441,45-46m²,bostadsratt,2026-09-09T16:00:39.872290
5287294702042412422,https://www.hemnet.se/salda/lagenhet-2rum-norrmalm-skovde-kommun-lars-olofs-gata-3c-5287294702042412422,45-46m²,bostadsratt,2026-09-09T16:00:39.872293
6652788986572677271,https://www.hemnet.se/salda/lagenhet-2rum-raby-vasteras-kommun-grasparvsvagen-20-6652788986572677271,45-46m²,bostadsratt,2026-09-09T16:00:39.872295
4898339306606164067,https://www.hemnet.se/salda/lagenhet-1rum-simrishamn-simrishamns-kommun-wranersgatan-13-b-4898339306606164067,45-46m²,bostadsratt,2026-09-09T16:00:39.872296
7222677422368330035,https://www.hemnet.se/salda/lagenhet-2rum-rasunda-solna-kommun-solnavagen-96b-7222677422368330035,45-46m²,bostadsratt,2026-09-09T16:00:39.872297
1444557533040460794,https://www.hemnet.se/salda/lagenhet-2rum-sodermalm-stockholms-kommun-folkungagatan-65-1444557533040460794,45-46m²,bostadsratt,2026-09-09T16:00:39.872298
2496735221069914052,https://www.hemnet.se/salda/lagenhet-2rum-centrum-lulea-kommun-stationsgatan-31-d-2496735221069914052,45-46m²,bostadsratt,2026-09-09T16:00:39.872300
317005699221023276,https://www.hemnet.se/salda/lagenhet-3rum-tegefjall-are-kommun-tegefjall-ovre-backen-2a-317005699221023276,45-46m²,bostadsratt,2026-09-09T16:00:39.872301
1520310111441252645,https://www.hemnet.se/salda/lagenhet-1rum-forshaga-centralt-forshaga-kommun-grossbolsgatan-2a-1520310111441252645,45-46m²,bostadsratt,2026-09-09T16:00:39.872302
7819653329170014244,https://www.hemnet.se/salda/lagenhet-1rum-frosunda-solna-kommun-frogatan-4-7819653329170014244,45-46m²,bostadsratt,2026-09-09T16:00:39.872303
4226899788337354765,https://www.hemnet.se/salda/lagenhet-1rum-rasunda-solna-kommun-rasundavagen-169a-4226899788337354765,45-46m²,bostadsratt,2026-09-09T16:00:39.872305
1781465259348070148,https://www.hemnet.se/salda/lagenhet-1rum-rasunda-solna-kommun-uppfartsvagen-12-1781465259348070148,45-46m²,bostadsratt,2026-09-09T16:00:39.872306
2305739266201725746,https://www.hemnet.se/salda/lagenhet-2rum-mariastaden-helsingborgs-kommun-ekerodsgatan-32-2305739266201725746,45-46m²,bostadsratt,2026-09-09T16:00:39.872307
1367529685796267852,"https://www.hemnet.se/salda/lagenhet-2rum-roslags-nasby-taby-kommun-stationsvagen-52,-2-tr-1367529685796267852",45-46m²,bostadsratt,2026-09-09T16:00:39.872308
7514577188462551001,https://www.hemnet.se/salda/lagenhet-2rum-kungsholmen-stockholms-kommun-fridhemsgatan-41-7514577188462551001,45-46m²,bostadsratt,2026-09-09T16:00:39.872310
7825247925399543224,https://www.hemnet.se/salda/lagenhet-1rum-tidaholm-tidaholms-kommun-hjalmgatan-6-7825247925399543224,45-46m²,bostadsratt,2026-09-09T16:00:39.872311
757410911192201591,"https://www.hemnet.se/salda/lagenhet-2rum-grondal-stockholms-kommun-sjobjornsvagen-13,-0,5tr-757410911192201591",45-46m²,bostadsratt,2026-09-09T16:00:39.872312
2417156082759031296,https://www.hemnet.se/salda/lagenhet-2rum-alvsjo-liseberg-stockholms-kommun-tureholmsvagen-10b-2417156082759031296,45-46m²,bostadsratt,2026-09-09T16:00:39.872313
2285163596978298106,https://www.hemnet.se/salda/lagenhet-2rum-kista-stockholms-kommun-sorogatan-1-2285163596978298106,45-46m²,bostadsratt,2026-09-09T16:00:39.872315
4678991175011234205,"https://www.hemnet.se/salda/lagenhet-2rum-kungsholmen-stockholms-kommun-parkgatan-14,-3tr-4678991175011234205",45-46m²,bostadsratt,2026-09-09T16:00:39.872316
8166099751204749409,https://www.hemnet.se/salda/lagenhet-2rum-kungsholmen-stockholms-kommun-fridhemsgatan-41-8166099751204749409,45-46m²,bostadsratt,2026-09-09T16:00:39.872317
2111322005794005392,https://www.hemnet.se/salda/lagenhet-2rum-solbacka-strand-norrtalje-kommun-maria-winkvists-vag-10a-2111322005794005392,45-46m²,bostadsratt,2026-09-09T16:00:39.872319
8617585020439804745,https://www.hemnet.se/salda/lagenhet-1rum-lasarettsomradet-nykopings-kommun-rosenbloms-vag-29-8617585020439804745,45-46m²,bostadsratt,2026-09-09T16:00:39.872320
545412855068873065,https://www.hemnet.se/salda/lagenhet-1rum-tynnered-goteborgs-kommun-guldringen-29-545412855068873065,45-46m²,bostadsratt,2026-09-09T16:00:39.872321
7565486964608101950,https://www.hemnet.se/salda/lagenhet-2rum-tegelbruket-svedala-kommun-mastaregrand-48-7565486964608101950,45-46m²,bostadsratt,2026-09-09T16:00:39.872322
7185557584050151608,https://www.hemnet.se/salda/lagenhet-1rum-beckershov-norrkopings-kommun-himmelstalundsvagen-50-7185557584050151608,45-46m²,bostadsratt,2026-09-09T16:00:39.872324
5538944725469943331,https://www.hemnet.se/salda/lagenhet-1rum-haga-vasteras-kommun-hagagrand-11-5538944725469943331,45-46m²,bostadsratt,2026-09-09T16:00:39.872327
1316790662210260815,https://www.hemnet.se/salda/lagenhet-1rum-norrstaden-norra-brannan-stenhammar-harnosands-kommun-norra-kyrkogatan-39-1316790662210260815,45-46m²,bostadsratt,2026-09-09T16:00:39.872330
3667423539678862971,https://www.hemnet.se/salda/lagenhet-2rum-s-t-knut-malmo-kommun-disponentgatan-27-3667423539678862971,45-46m²,bostadsratt,2026-09-09T16:00:39.872331
7561903546049800515,https://www.hemnet.se/salda/lagenhet-2rum-liljeholmskajen-stockholms-kommun-sturehillsvagen-7-7561903546049800515,45-46m²,bostadsratt,2026-09-09T16:00:39.872333
3039702216907155857,https://www.hemnet.se/salda/lagenhet-2rum-bredang-stockholms-kommun-jarnbararvagen-10-3039702216907155857,45-46m²,bostadsratt,2026-09-09T16:00:39.872334
4020172607961956335,https://www.hemnet.se/salda/lagenhet-2rum-sandarna-goteborgs-kommun-orustgatan-13a-4020172607961956335,45-46m²,bostadsratt,2026-09-09T16:00:39.872335
6978814809060313189,https://www.hemnet.se/salda/lagenhet-2rum-bromma-brommaplan-stockholms-kommun-spangavagen-7-6978814809060313189,45-46m²,bostadsratt,2026-09-09T16:00:39.872336
1647964904690819438,https://www.hemnet.se/salda/lagenhet-2rum-landvetter-harryda-kommun-landevigatan-7-1647964904690819438,45-46m²,bostadsratt,2026-09-09T16:00:39.872338
4148831961090380748,https://www.hemnet.se/salda/lagenhet-2rum-johannesback-uppsala-kommun-johannesbacksgatan-95a-4148831961090380748,45-46m²,bostadsratt,2026-09-09T16:00:39.872339
6897818433259950684,https://www.hemnet.se/salda/lagenhet-1rum-rosenkalla-nykopings-kommun-erikslundsvagen-13-6897818433259950684,45-46m²,bostadsratt,2026-09-09T16:00:39.872340
6071661378094543463,https://www.hemnet.se/salda/lagenhet-2rum-brunnshog-lunds-kommun-brunnshogsgatan-52-6071661378094543463,45-46m²,bostadsratt,2026-09-09T16:00:39.872341
3855446088097617298,https://www.hemnet.se/salda/lagenhet-2rum-sodra-hammarbyhamnen-stockholms-kommun-midskeppsgatan-21-3855446088097617298,45-46m²,bostadsratt,2026-09-09T16:00:39.872343
6991026190592341261,https://www.hemnet.se/salda/lagenhet-2rum-turinge-nykvarns-kommun-bruksgatan-6e-6991026190592341261,45-46m²,bostadsratt,2026-09-09T16:00:39.872344
7376133714279325373,https://www.hemnet.se/salda/lagenhet-2rum-grossgardet-norrtalje-kommun-gotgatan-15-b-7376133714279325373,45-46m²,bostadsratt,2026-09-09T16:00:39.872345
3601045949148290061,https://www.hemnet.se/salda/lagenhet-2rum-stensnas-osterakers-kommun-stensnasvagen-40-3601045949148290061,45-46m²,bostadsratt,2026-09-09T16:00:39.872348
2928589581914492702,https://www.hemnet.se/salda/lagenhet-2rum-ostermalm-stockholms-kommun-cardellgatan-5-2928589581914492702,45-46m²,bostadsratt,2026-09-09T16:00:39.872349
163692926559019923,https://www.hemnet.se/salda/lagenhet-2rum-bromma-brommaplan-stockholms-kommun-kladesvagen-30-163692926559019923,45-46m²,bostadsratt,2026-09-09T16:00:39.872351
3327613062502217886,"https://www.hemnet.se/salda/lagenhet-1,5rum-vasastan-stockholms-kommun-idungatan-5,-5-tr-3327613062502217886",45-46m²,bostadsratt,2026-09-09T16:00:39.872352
3505673902477889422,https://www.hemnet.se/salda/lagenhet-2rum-hoor-hoors-kommun-munkarpsvagen-10-3505673902477889422,45-46m²,bostadsratt,2026-09-09T16:00:39.872353
8736401049565500966,https://www.hemnet.se/salda/lagenhet-2rum-telefonplan-midsommarkransen-stockholms-kommun-responsgatan-14-8736401049565500966,45-46m²,bostadsratt,2026-09-09T16:00:39.872354
7457187226084783124,https://www.hemnet.se/salda/lagenhet-2rum-sveakvarteren-stockholms-kommun-melodislingan-50-7457187226084783124,45-46m²,bostadsratt,2026-09-09T16:00:39.872356
5670662978437017404,https://www.hemnet.se/salda/lagenhet-2rum-bromma-stockholms-kommun-masugnsvagen-54-5670662978437017404,45-46m²,bostadsratt,2026-09-09T16:00:39.872357
1690646846099266149,https://www.hemnet.se/salda/lagenhet-2rum-hogaholm-malmo-kommun-balladgatan-37-1690646846099266149,45-46m²,bostadsratt,2026-09-09T16:00:39.872369
1742104935658891819,"https://www.hemnet.se/salda/lagenhet-1,5rum-tollare-nacka-kommun-tollareslingan-5-1742104935658891819",45-46m²,bostadsratt,2026-09-09T16:00:39.872371
2171234233116159530,https://www.hemnet.se/salda/lagenhet-2rum-fredhall-stockholms-kommun-ernst-ahlgrens-vag-5-2171234233116159530,45-46m²,bostadsratt,2026-09-09T16:00:39.872372
1307223382128123354,"https://www.hemnet.se/salda/lagenhet-1,5rum-city-vasteras-kommun-linnegatan-12-1307223382128123354",45-46m²,bostadsratt,2026-09-09T16:00:39.872373
1201277221751147610,https://www.hemnet.se/salda/lagenhet-2rum-silverdal-sollentuna-kommun-margreteborgsvagen-13-1201277221751147610,45-46m²,bostadsratt,2026-09-09T16:00:39.872376
2673629309690740055,https://www.hemnet.se/salda/lagenhet-2rum-enskede-stureby-stockholms-kommun-sagverksgatan-100-2673629309690740055,45-46m²,bostadsratt,2026-09-09T16:00:39.872378
8941870245571273495,https://www.hemnet.se/salda/lagenhet-2rum-sorgenfri-malmo-kommun-nobelvagen-64-8941870245571273495,45-46m²,bostadsratt,2026-09-09T16:00:39.872379
7751195279734637658,https://www.hemnet.se/salda/lagenhet-2rum-brandbergen-haninge-kommun-oxens-gata-259-7751195279734637658,45-46m²,bostadsratt,2026-09-09T16:00:39.872380
2836535287832373782,https://www.hemnet.se/salda/lagenhet-2rum-rorsjostaden-malmo-kommun-lojtnantsgatan-12-2836535287832373782,45-46m²,bostadsratt,2026-09-09T16:00:39.872381
3744675447357932547,https://www.hemnet.se/salda/lagenhet-2rum-ladugardsgardet-stockholms-kommun-artillerigatan-85-3744675447357932547,45-46m²,bostadsratt,2026-09-09T16:00:39.872384
5031358914596405360,https://www.hemnet.se/salda/lagenhet-2rum-johanneshov-stockholms-kommun-skarmarbrinksvagen-14-5031358914596405360,45-46m²,bostadsratt,2026-09-09T16:00:39.872386
3278260642228872681,"https://www.hemnet.se/salda/lagenhet-1,5rum-centrala-trelleborg-trelleborgs-kommun-radmansgatan-6a-3278260642228872681",45-46m²,bostadsratt,2026-09-09T16:00:39.872387
5046344002979792169,"https://www.hemnet.se/salda/lagenhet-2,5rum-kungsholmen-stockholms-kommun-svarvargatan-10,-5tr-5046344002979792169",45-46m²,bostadsratt,2026-09-09T16:00:39.872388
7825888736827966553,https://www.hemnet.se/salda/lagenhet-2rum-grossgardet-norrtalje-kommun-lundmansgatan-3-b-7825888736827966553,45-46m²,bostadsratt,2026-09-09T16:00:39.872389
8492610241768757819,https://www.hemnet.se/salda/lagenhet-2rum-tingvallastaden-karlstads-kommun-herrgardsgatan-4c-8492610241768757819,45-46m²,bostadsratt,2026-09-09T16:00:39.872391
4671339612626510969,https://www.hemnet.se/salda/lagenhet-1rum-hisings-backa-goteborgs-kommun-sagogangen-25-4671339612626510969,45-46m²,bostadsratt,2026-09-09T16:00:39.872392
1464313214177677063,https://www.hemnet.se/salda/lagenhet-2rum-soder-vaxjo-kommun-frejagatan-5b-1464313214177677063,45-46m²,bostadsratt,2026-09-09T16:00:39.872393
745263411526197414,"https://www.hemnet.se/salda/lagenhet-1,5rum-nobeltorget-malmo-kommun-ystadsgatan-38b-745263411526197414",45-46m²,bostadsratt,2026-09-09T16:00:39.872394
2577342313353226105,https://www.hemnet.se/salda/lagenhet-2rum-jakobsberg-jarfalla-kommun-frihetsvagen-2b-2577342313353226105,45-46m²,bostadsratt,2026-09-09T16:00:39.872396
4683348909597828834,https://www.hemnet.se/salda/lagenhet-2rum-johanneberg-goteborgs-kommun-gibraltargatan-21c-4683348909597828834,45-46m²,bostadsratt,2026-09-09T16:00:39.872397
6331142426002558244,https://www.hemnet.se/salda/lagenhet-1rum-skytteholm-solna-kommun-klippgatan-8c-6331142426002558244,45-46m²,bostadsratt,2026-09-09T16:00:39.872398
7029159848016678689,https://www.hemnet.se/salda/lagenhet-2rum-kviberg-goteborgs-kommun-generalsgatan-6-7029159848016678689,45-46m²,bostadsratt,2026-09-09T16:00:39.872399
6944515738470827506,https://www.hemnet.se/salda/lagenhet-2rum-hejdegarden-linkopings-kommun-atlasgatan-3a-6944515738470827506,45-46m²,bostadsratt,2026-09-09T16:00:39.872401
6466479194778222788,https://www.hemnet.se/salda/lagenhet-2rum-enskede-stockholms-kommun-nynasvagen-339-6466479194778222788,45-46m²,bostadsratt,2026-09-09T16:00:39.872402
6383097873981030533,https://www.hemnet.se/salda/lagenhet-2rum-bremerlyckan-kalmar-kommun-vegagatan-4a-6383097873981030533,45-46m²,bostadsratt,2026-09-09T16:00:39.872403
8786079179455829497,https://www.hemnet.se/salda/lagenhet-2rum-grindtorp-taby-kommun-kometvagen-21-8786079179455829497,45-46m²,bostadsratt,2026-09-09T16:00:39.872404
7807634235552302535,https://www.hemnet.se/salda/lagenhet-1rum-jonkoping-soder-jonkopings-kommun-kungsgatan-29-7807634235552302535,45-46m²,bostadsratt,2026-09-09T16:00:39.872406
2587995278511555529,https://www.hemnet.se/salda/lagenhet-2rum-lilla-alby-sundbybergs-kommun-lofstroms-alle-2d-2587995278511555529,45-46m²,bostadsratt,2026-09-09T16:00:39.872407
2926055438849631653,https://www.hemnet.se/salda/lagenhet-1rum-luthagen-uppsala-kommun-ringgatan-39a-2926055438849631653,45-46m²,bostadsratt,2026-09-09T16:00:39.872408
2822723350388339756,"https://www.hemnet.se/salda/lagenhet-2rum-tollare-nacka-kommun-hedenstroms-vag-13,-5-5tr-2822723350388339756",45-46m²,bostadsratt,2026-09-09T16:00:39.872409
4944657814118875288,https://www.hemnet.se/salda/lagenhet-2rum-centrum-vasteras-kommun-engelbrektsgatan-16a-4944657814118875288,45-46m²,bostadsratt,2026-09-09T16:00:39.872412
3239162169238009922,https://www.hemnet.se/salda/lagenhet-2rum-kallhall-jarfalla-kommun-pressarvagen-25-3239162169238009922,45-46m²,bostadsratt,2026-09-09T16:00:39.872414
1510864956867405097,"https://www.hemnet.se/salda/lagenhet-2rum-kvarnbergsplan-huddinge-kommun-kansligrand-20,-8-tr-1510864956867405097",45-46m²,bostadsratt,2026-09-09T16:00:39.872415
488643305138594303,https://www.hemnet.se/salda/lagenhet-2rum-strommensberg-goteborgs-kommun-blahammarsgatan-1-488643305138594303,45-46m²,bostadsratt,2026-09-09T16:00:39.872416
4468239557425124939,https://www.hemnet.se/salda/lagenhet-2rum-charlottenberg-danderyds-kommun-skogsslingan-11-4468239557425124939,45-46m²,bostadsratt,2026-09-09T16:00:39.872418
4324822646160446869,https://www.hemnet.se/salda/lagenhet-2rum-kallhall-jarfalla-kommun-pressarvagen-25-4324822646160446869,45-46m²,bostadsratt,2026-09-09T16:00:39.872419
8456554173896500846,https://www.hemnet.se/salda/lagenhet-2rum-sodermalm-maria-stockholms-kommun-rosenlundsgatan-24-8456554173896500846,45-46m²,bostadsratt,2026-09-09T16:00:39.872420
8400055370199912480,https://www.hemnet.se/salda/lagenhet-2rum-norrmalm-skovde-kommun-kansligatan-9a-8400055370199912480,45-46m²,bostadsratt,2026-09-09T16:00:39.872421
6657908122565826225,https://www.hemnet.se/salda/lagenhet-2rum-salabacke-uppsala-kommun-johannesbacksgatan-93-6657908122565826225,45-46m²,bostadsratt,2026-09-09T16:00:39.872423
5404031213593199912,https://www.hemnet.se/salda/lagenhet-2rum-tegelbruket-svedala-kommun-mastaregrand-46-5404031213593199912,45-46m²,bostadsratt,2026-09-09T16:00:39.872424
7964546851070105833,"https://www.hemnet.se/salda/lagenhet-2rum-liljeholmskajen-stockholms-kommun-buteljgatan-24,-2-tr-7964546851070105833",45-46m²,bostadsratt,2026-09-09T16:00:39.872425
5383243627175385774,"https://www.hemnet.se/salda/lagenhet-2rum-bromma-abrahamsberg-stockholms-kommun-abrahamsbergsvagen-80,-2tr,-5383243627175385774",45-46m²,bostadsratt,2026-09-09T16:00:39.872428
8813268892021146035,https://www.hemnet.se/salda/lagenhet-1rum-tullinge-botkyrka-kommun-tullingebergsvagen-14-8813268892021146035,45-46m²,bostadsratt,2026-09-09T16:00:39.872429
3940877882880907816,https://www.hemnet.se/salda/lagenhet-2rum-norr-helsingborgs-kommun-drottninggatan-180b-3940877882880907816,45-46m²,bostadsratt,2026-09-09T16:00:39.872431
3477725388422474619,https://www.hemnet.se/salda/lagenhet-2rum-kapellgardet-uppsala-kommun-orgelgatan-10-3477725388422474619,45-46m²,bostadsratt,2026-09-09T16:00:39.872432
996464728877975190,https://www.hemnet.se/salda/lagenhet-2rum-vega-haninge-kommun-fribordsgrand-5-996464728877975190,45-46m²,bostadsratt,2026-09-09T16:00:39.872433
6442314771697714851,https://www.hemnet.se/salda/lagenhet-2rum-kungsholmen-fridhemsplan-stockholms-kommun-svarvargatan-10-6442314771697714851,45-46m²,bostadsratt,2026-09-09T16:00:39.872434
8218927797217776555,https://www.hemnet.se/salda/lagenhet-2rum-ojersjo-partille-kommun-langekarrsvagen-10-8218927797217776555,45-46m²,bostadsratt,2026-09-09T16:00:39.872436
5124941529872495119,https://www.hemnet.se/salda/lagenhet-2rum-aspudden-stockholms-kommun-husabyvagen-15-5124941529872495119,45-46m²,bostadsratt,2026-09-09T16:00:39.872437
203766861279780676,"https://www.hemnet.se/salda/lagenhet-1,5rum-s-t-knut-malmo-kommun-ronnebygatan-1c-203766861279780676",45-46m²,bostadsratt,2026-09-09T16:00:39.872438
7919645382371318987,"https://www.hemnet.se/salda/lagenhet-2rum-lilla-essingen-stockholms-kommun-patentgatan-1,-5tr-7919645382371318987",45-46m²,bostadsratt,2026-09-09T16:00:39.872439
6813383008183648995,https://www.hemnet.se/salda/lagenhet-2rum-kungsholmen-stockholms-kommun-alstromergatan-32f-6813383008183648995,45-46m²,bostadsratt,2026-09-09T16:00:39.872441
4374162743129382747,https://www.hemnet.se/salda/lagenhet-2rum-city-vasteras-kommun-tessingatan-5b-4374162743129382747,45-46m²,bostadsratt,2026-09-09T16:00:39.872442
6680303651182349960,"https://www.hemnet.se/salda/lagenhet-2rum-kista-stockholms-kommun-kastrupgatan-6,-3-tr-6680303651182349960",45-46m²,bostadsratt,2026-09-09T16:00:39.872443
2470630344282757263,https://www.hemnet.se/salda/lagenhet-2rum-oringe-tyreso-kommun-diamantgangen-249-2470630344282757263,45-46m²,bostadsratt,2026-09-09T16:00:39.872445
2112488583610628667,"https://www.hemnet.se/salda/lagenhet-1,5rum-city-malmo-kommun-carlsgatan-7f-2112488583610628667",45-46m²,bostadsratt,2026-09-09T16:00:39.872447
6844427034418345954,https://www.hemnet.se/salda/lagenhet-2rum-majorna-sandarna-goteborgs-kommun-orustgatan-13d-6844427034418345954,45-46m²,bostadsratt,2026-09-09T16:00:39.872451
8210058588383370839,"https://www.hemnet.se/salda/lagenhet-2rum-taby-centrum-taby-kommun-grindtorps-skolgrand-32,-2tr-8210058588383370839",45-46m²,bostadsratt,2026-09-09T16:00:39.872452
3749258863402092940,https://www.hemnet.se/salda/lagenhet-2rum-kungsholmen-fredhall-stockholms-kommun-vitalisvagen-4-3749258863402092940,45-46m²,bostadsratt,2026-09-09T16:00:39.872453
3990905985587364998,"https://www.hemnet.se/salda/lagenhet-1,5rum-linnestaden-goteborgs-kommun-olivedalsgatan-16-3990905985587364998",45-46m²,bostadsratt,2026-09-09T16:00:39.872455
1080926136924841359,"https://www.hemnet.se/salda/lagenhet-1,5rum-nordantill-norrkopings-kommun-himmelstalundsvagen-52-1080926136924841359",45-46m²,bostadsratt,2026-09-09T16:00:39.872456
4027241874080088958,"https://www.hemnet.se/salda/lagenhet-2rum-are-by-are-kommun-vik-880,-lgh-1002-4027241874080088958",45-46m²,bostadsratt,2026-09-09T16:00:39.872457
5653035886575931820,https://www.hemnet.se/salda/lagenhet-2rum-kapellgardet-uppsala-kommun-orgelgatan-7-5653035886575931820,45-46m²,bostadsratt,2026-09-09T16:00:39.872459
2479590431477589165,https://www.hemnet.se/salda/lagenhet-2rum-silverdal-sollentuna-kommun-vetenskapsvagen-3-2479590431477589165,45-46m²,bostadsratt,2026-09-09T16:00:39.872460
525151939656337314,"https://www.hemnet.se/salda/lagenhet-2rum-kungsholmen-nedre-stockholms-kommun-jaktvarvsplan-3,-4-tr-525151939656337314",45-46m²,bostadsratt,2026-09-09T16:00:39.872461
7970107329145975819,"https://www.hemnet.se/salda/lagenhet-2rum-grondal-stockholms-kommun-sannadalsvagen-30,-van-3-3-7970107329145975819",45-46m²,bostadsratt,2026-09-09T16:00:39.872463
1834501452079772896,https://www.hemnet.se/salda/lagenhet-2rum-ostermalm-vasastan-stockholms-kommun-ruddammsbacken-28-1834501452079772896,45-46m²,bostadsratt,2026-09-09T16:00:39.872464
7458045081719299027,https://www.hemnet.se/salda/lagenhet-2rum-nya-hovas-goteborgs-kommun-hedtangsvagen-5a-7458045081719299027,45-46m²,bostadsratt,2026-09-09T16:00:39.872465
8108874104107455103,https://www.hemnet.se/salda/lagenhet-2rum-bromma-nockebyhov-stockholms-kommun-gubbkarrsvagen-19a-8108874104107455103,45-46m²,bostadsratt,2026-09-09T16:00:39.872466
1739271734920647088,https://www.hemnet.se/salda/lagenhet-2rum-haga-norra-solna-kommun-sylvangatan-9-1739271734920647088,45-46m²,bostadsratt,2026-09-09T16:00:39.872468
2761162633273983092,https://www.hemnet.se/salda/lagenhet-2rum-vasastaden-stockholms-kommun-luntmakargatan-63-2761162633273983092,45-46m²,bostadsratt,2026-09-09T16:00:39.872469
2840674412269564279,https://www.hemnet.se/salda/lagenhet-2rum-taby-park-taby-kommun-transgatan-2-2840674412269564279,45-46m²,bostadsratt,2026-09-09T16:00:39.872470
6377371180496775260,https://www.hemnet.se/salda/lagenhet-2rum-jarvastaden-solna-kommun-jarva-skjutbanevag-48-6377371180496775260,45-46m²,bostadsratt,2026-09-09T16:00:39.872471
2263102335370461762,"https://www.hemnet.se/salda/lagenhet-2rum-rasunda-solna-kommun-solnavagen-98b,-1-tr-2263102335370461762",45-46m²,bostadsratt,2026-09-09T16:00:39.872474
1766811289716842354,https://www.hemnet.se/salda/lagenhet-2rum-vasastan-ostermalm-stockholms-kommun-ruddammsbacken-28-1766811289716842354,45-46m²,bostadsratt,2026-09-09T16:00:39.872476
3510919214125661806,https://www.hemnet.se/salda/lagenhet-1rum-bifrost-molndals-kommun-pinnharvsgatan-2e-3510919214125661806,45-46m²,bostadsratt,2026-09-09T16:00:39.872477
2605854263371527007,"https://www.hemnet.se/salda/lagenhet-2rum-vasastaden-stockholms-kommun-sonja-kovalevskys-gata-11,-van-8-2605854263371527007",45-46m²,bostadsratt,2026-09-09T16:00:39.872478
4892733553681644258,https://www.hemnet.se/salda/lagenhet-2rum-segeltorp-huddinge-kommun-stigmansvagen-10-c-4892733553681644258,45-46m²,bostadsratt,2026-09-09T16:00:39.872479
2870625305231846792,https://www.hemnet.se/salda/lagenhet-2rum-city-vasteras-kommun-tessingatan-5b-2870625305231846792,45-46m²,bostadsratt,2026-09-09T16:00:39.872481
474689263180255597,https://www.hemnet.se/salda/lagenhet-1rum-vastra-orminge-nacka-kommun-ormingeringen-49a-474689263180255597,45-46m²,bostadsratt,2026-09-09T16:00:39.872482
6732280912499300529,"https://www.hemnet.se/salda/lagenhet-1,5rum-bosgarden-molndals-kommun-hagakersgatan-10a-6732280912499300529",45-46m²,bostadsratt,2026-09-09T16:00:39.872483
2190780306704055371,https://www.hemnet.se/salda/lagenhet-2rum-sveaplan-eskilstuna-kommun-sveavagen-10b-2190780306704055371,45-46m²,bostadsratt,2026-09-09T16:00:39.872486
4012538622767961317,https://www.hemnet.se/salda/lagenhet-2rum-telefonplan-stockholms-kommun-tellusgatan-4c-4012538622767961317,45-46m²,bostadsratt,2026-09-09T16:00:39.872488
4952873532742096963,https://www.hemnet.se/salda/lagenhet-2rum-vasastan-stockholms-kommun-birger-jarlsgatan-104l-4952873532742096963,45-46m²,bostadsratt,2026-09-09T16:00:39.872489
4846531177156193507,https://www.hemnet.se/salda/lagenhet-2rum-rosendal-uppsala-kommun-torgny-segerstedts-alle-24-4846531177156193507,45-46m²,bostadsratt,2026-09-09T16:00:39.872490
1194117660437317059,https://www.hemnet.se/salda/lagenhet-1rum-luthagen-uppsala-kommun-ringgatan-2b-1194117660437317059,45-46m²,bostadsratt,2026-09-09T16:00:39.872491
1831707142989461828,https://www.hemnet.se/salda/lagenhet-1rum-centrala-boden-bodens-kommun-strandplan-11-1831707142989461828,45-46m²,bostadsratt,2026-09-09T16:00:39.872493
1543118450158940193,https://www.hemnet.se/salda/lagenhet-2rum-liljeholmskajen-stockholms-kommun-marieviksgatan-44-1543118450158940193,45-46m²,bostadsratt,2026-09-09T16:00:39.872494
6261813514197062974,https://www.hemnet.se/salda/lagenhet-2rum-herrhagen-uppsala-kommun-herrhagsvagen-207-6261813514197062974,45-46m²,bostadsratt,2026-09-09T16:00:39.872495
8887669631546881517,https://www.hemnet.se/salda/lagenhet-2rum-lund-centrum-lunds-kommun-bantorget-11c-8887669631546881517,45-46m²,bostadsratt,2026-09-09T16:00:39.872496
3287518187859923231,https://www.hemnet.se/salda/lagenhet-2rum-centrala-sundbyberg-sundbybergs-kommun-rastensgatan-10-3287518187859923231,45-46m²,bostadsratt,2026-09-09T16:00:39.872498
2285959867394929923,"https://www.hemnet.se/salda/lagenhet-2rum-grondal-stockholms-kommun-sannadalsvagen-8,-van-3-av-3-2285959867394929923",45-46m²,bostadsratt,2026-09-09T16:00:39.872499
5230534241465778683,"https://www.hemnet.se/salda/lagenhet-2rum-vasastan-hagastaden-stockholms-kommun-anna-stecksens-gata-15,-8-tr-5230534241465778683",45-46m²,bostadsratt,2026-09-09T16:00:39.872500
2136202589546179345,https://www.hemnet.se/salda/lagenhet-2rum-midsommarkransen-telefonplan-stockholms-kommun-valborgsmassovagen-20a-2136202589546179345,45-46m²,bostadsratt,2026-09-09T16:00:39.872502
7838188517707579234,https://www.hemnet.se/salda/lagenhet-2rum-hjorthagen-stockholms-kommun-radjurstigen-6-7838188517707579234,45-46m²,bostadsratt,2026-09-09T16:00:39.872503
1305617897796359298,https://www.hemnet.se/salda/lagenhet-2rum-kista-stockholms-kommun-kopenhamnsgatan-10-1305617897796359298,45-46m²,bostadsratt,2026-09-09T16:00:39.872504
3305666361912456573,"https://www.hemnet.se/salda/lagenhet-1,5rum-helsingborg-helsingborgs-kommun-malmogatan-7a-3305666361912456573",45-46m²,bostadsratt,2026-09-09T16:00:39.872505
5808785744066934855,https://www.hemnet.se/salda/lagenhet-2rum-kapellgardet-uppsala-kommun-orgelgatan-7-5808785744066934855,45-46m²,bostadsratt,2026-09-09T16:00:39.872507
236590232307950746,https://www.hemnet.se/salda/lagenhet-2rum-s-t-knut-malmo-kommun-disponentgatan-27-236590232307950746,45-46m²,bostadsratt,2026-09-09T16:00:39.872508
8675696373702151882,https://www.hemnet.se/salda/lagenhet-2rum-ostermalm-faltoversten-stockholms-kommun-valhallavagen-152d-8675696373702151882,45-46m²,bostadsratt,2026-09-09T16:00:39.872509
5687710304655852088,https://www.hemnet.se/salda/lagenhet-2rum-hagerstensasen-stockholms-kommun-sparbanksvagen-80-5687710304655852088,45-46m²,bostadsratt,2026-09-09T16:00:39.872511
1852045988253654714,https://www.hemnet.se/salda/lagenhet-1rum-seved-malmo-kommun-sevedsplan-11f-1852045988253654714,45-46m²,bostadsratt,2026-09-09T16:00:39.872512
3414034032679767659,https://www.hemnet.se/salda/lagenhet-2rum-luthagen-uppsala-kommun-geijersgatan-40a-3414034032679767659,45-46m²,bostadsratt,2026-09-09T16:00:39.872513
5230926333884971342,"https://www.hemnet.se/salda/lagenhet-2rum-barkarbystaden-jarfalla-kommun-karlslundsvagen-18,-5tr-5230926333884971342",45-46m²,bostadsratt,2026-09-09T16:00:39.872514
1228721329650106011,https://www.hemnet.se/salda/lagenhet-1rum-osby-osby-kommun-goingegatan-7b-1228721329650106011,45-46m²,bostadsratt,2026-09-09T16:00:39.872516
2064589554785160126,https://www.hemnet.se/salda/lagenhet-2rum-hjorthagen-stockholms-kommun-radjursstigen-2-2064589554785160126,45-46m²,bostadsratt,2026-09-09T16:00:39.872519
4264578120793471696,https://www.hemnet.se/salda/lagenhet-2rum-luthagen-uppsala-kommun-tegnergatan-8-4264578120793471696,45-46m²,bostadsratt,2026-09-09T16:00:39.872522
34637815845973619,https://www.hemnet.se/salda/lagenhet-2rum-centrala-sodertalje-sodertalje-kommun-kopmangatan-5-34637815845973619,45-46m²,bostadsratt,2026-09-09T16:00:39.872523
942181761153012567,"https://www.hemnet.se/salda/lagenhet-2rum-vasastaden-stockholms-kommun-idungatan-5,-van-3-942181761153012567",45-46m²,bostadsratt,2026-09-09T16:00:39.872524
5632248199583124264,https://www.hemnet.se/salda/lagenhet-2rum-vasastan-roda-bergen-stockholms-kommun-gavlegatan-3-5632248199583124264,45-46m²,bostadsratt,2026-09-09T16:00:39.872526
5759665684262945366,"https://www.hemnet.se/salda/lagenhet-1,5rum-eriksberg-goteborgs-kommun-ostra-eriksbergsgatan-87-5759665684262945366",45-46m²,bostadsratt,2026-09-09T16:00:39.872527
6659298171419814325,"https://www.hemnet.se/salda/lagenhet-2rum-vasastan-stockholms-kommun-odengatan-37a,-3-3tr-6659298171419814325",45-46m²,bostadsratt,2026-09-09T16:00:39.872528
8627970539239600274,https://www.hemnet.se/salda/lagenhet-2rum-midsommarkransen-stockholms-kommun-tellusborgsvagen-66-8627970539239600274,45-46m²,bostadsratt,2026-09-09T16:00:39.872530
46114831911870883,https://www.hemnet.se/salda/lagenhet-2rum-gideonsberg-vasteras-kommun-patentgatan-1-46114831911870883,45-46m²,bostadsratt,2026-09-09T16:00:39.872531
2033408623538623829,https://www.hemnet.se/salda/lagenhet-2rum-sorgenfri-malmo-kommun-nobelvagen-68a-2033408623538623829,45-46m²,bostadsratt,2026-09-09T16:00:39.872532
4492448345993891538,https://www.hemnet.se/salda/lagenhet-1rum-botkyrka-hallunda-botkyrka-kommun-skarpbrunnavagen-15-4492448345993891538,45-46m²,bostadsratt,2026-09-09T16:00:39.872533
6410882099503109207,https://www.hemnet.se/salda/lagenhet-2rum-tegnerlunden-vasteras-kommun-patentgatan-1-6410882099503109207,45-46m²,bostadsratt,2026-09-09T16:00:39.872535
2288335732769805866,https://www.hemnet.se/salda/lagenhet-2rum-vasastan-stockholms-kommun-karlbergsvagen-54-2288335732769805866,45-46m²,bostadsratt,2026-09-09T16:00:39.872536
6786528894500692860,https://www.hemnet.se/salda/lagenhet-1rum-brynas-gavle-kommun-hillmansgatan-15-c-6786528894500692860,45-46m²,bostadsratt,2026-09-09T16:00:39.872537
1131608672009809900,https://www.hemnet.se/salda/lagenhet-1rum-centrum-timra-kommun-mellangatan-22-1131608672009809900,45-46m²,bostadsratt,2026-09-09T16:00:39.872540
7746766599600974791,https://www.hemnet.se/salda/lagenhet-2rum-lahall-nasby-park-taby-kommun-kryssargrand-7-7746766599600974791,45-46m²,bostadsratt,2026-09-09T16:00:39.872541
7263571094593406514,https://www.hemnet.se/salda/lagenhet-2rum-telefonplan-stockholms-kommun-responsgatan-14-7263571094593406514,45-46m²,bostadsratt,2026-09-09T16:00:39.872543
7507954495960474208,https://www.hemnet.se/salda/lagenhet-2rum-sveaplan-eskilstuna-kommun-lundbladsvagen-13b-7507954495960474208,45-46m²,bostadsratt,2026-09-09T16:00:39.872544
6074125499557739719,https://www.hemnet.se/salda/lagenhet-2rum-jakobsberg-soderdalen-jarfalla-kommun-jarfallavagen-96b-6074125499557739719,45-46m²,bostadsratt,2026-09-09T16:00:39.872545
757087550783482607,https://www.hemnet.se/salda/lagenhet-1rum-segevang-malmo-kommun-segevangsgatan-13a-757087550783482607,45-46m²,bostadsratt,2026-09-09T16:00:39.872547
7054323111428325650,https://www.hemnet.se/salda/lagenhet-2rum-gardet-ostermalm-stockholms-kommun-sandhamnsgatan-75e-7054323111428325650,45-46m²,bostadsratt,2026-09-09T16:00:39.872548
3567690867478037705,https://www.hemnet.se/salda/lagenhet-2rum-johanneberg-goteborgs-kommun-eklandagatan-52b-3567690867478037705,45-46m²,bostadsratt,2026-09-09T16:00:39.872549
5451351439112966722,https://www.hemnet.se/salda/lagenhet-2rum-nedre-gardet-stockholms-kommun-erik-dahlbergsgatan-28-5451351439112966722,45-46m²,bostadsratt,2026-09-09T16:00:39.872550
4984541492085771546,https://www.hemnet.se/salda/lagenhet-2rum-sodermalm-stockholms-kommun-bergsunds-strand-34-4984541492085771546,45-46m²,bostadsratt,2026-09-09T16:00:39.872552
7679052711183641099,https://www.hemnet.se/salda/lagenhet-2rum-vilbergen-norrkopings-kommun-vilbergsgatan-253-7679052711183641099,45-46m²,bostadsratt,2026-09-09T16:00:39.872553
2059789509645859972,https://www.hemnet.se/salda/lagenhet-2rum-raby-vasteras-kommun-kungsfagelgatan-11-2059789509645859972,45-46m²,bostadsratt,2026-09-09T16:00:39.872554
2629258520988527007,https://www.hemnet.se/salda/lagenhet-2rum-kungsholmen-fredhall-stockholms-kommun-vitalisvagen-6-2629258520988527007,45-46m²,bostadsratt,2026-09-09T16:00:39.872555
3418993064354029671,https://www.hemnet.se/salda/lagenhet-1rum-kungsbacka-kungsbacka-kommun-turkosvagen-6-3418993064354029671,45-46m²,bostadsratt,2026-09-09T16:00:39.872559
813295514137060613,https://www.hemnet.se/salda/lagenhet-1rum-marielund-ostersunds-kommun-allegatan-28a-813295514137060613,45-46m²,bostadsratt,2026-09-09T16:00:39.872560
479203676446012296,https://www.hemnet.se/salda/lagenhet-2rum-kungsholmen-stockholms-kommun-kungsholmsgatan-20a-479203676446012296,45-46m²,bostadsratt,2026-09-09T16:00:39.872561
9205991328685494978,https://www.hemnet.se/salda/lagenhet-1rum-soder-helsingborgs-kommun-sodra-tvargatan-4-9205991328685494978,45-46m²,bostadsratt,2026-09-09T16:00:39.872562
373751237390139469,https://www.hemnet.se/salda/lagenhet-2rum-karlssons-ang-kalmar-kommun-ostindievagen-8-373751237390139469,45-46m²,bostadsratt,2026-09-09T16:00:39.872566
148594788520161071,https://www.hemnet.se/salda/lagenhet-1rum-aselby-borlange-kommun-nordanvagen-11-148594788520161071,45-46m²,bostadsratt,2026-09-09T16:00:39.872567
173145010196687879,https://www.hemnet.se/salda/lagenhet-2rum-lilla-essingen-stockholms-kommun-essinge-brogata-22-173145010196687879,45-46m²,bostadsratt,2026-09-09T16:00:39.872568
2715123491843956260,https://www.hemnet.se/salda/lagenhet-1rum-bokeberg-hassleholms-kommun-drottninggatan-115-2715123491843956260,45-46m²,bostadsratt,2026-09-09T16:00:39.872570
5524689683281579098,"https://www.hemnet.se/salda/lagenhet-2rum-bromma-annedal-stockholms-kommun-kamomillagatan-13,-3-tr,-5524689683281579098",45-46m²,bostadsratt,2026-09-09T16:00:39.872571
8738296557289112315,https://www.hemnet.se/salda/lagenhet-2rum-jarla-sjo-nacka-kommun-turbinvagen-5d-8738296557289112315,45-46m²,bostadsratt,2026-09-09T16:00:39.872572
1665846354505197374,"https://www.hemnet.se/salda/lagenhet-1,5rum-hogdalen-stockholms-kommun-harpsundsvagen-135-1665846354505197374",45-46m²,bostadsratt,2026-09-09T16:00:39.872573
4422007923551903093,https://www.hemnet.se/salda/lagenhet-2rum-hammarby-sjostad-stockholms-kommun-redargatan-7-4422007923551903093,45-46m²,bostadsratt,2026-09-09T16:00:39.872575
7998012177517070676,"https://www.hemnet.se/salda/lagenhet-2rum-lomma-hamn,-lomma-lomma-kommun-hamnallen-1-7998012177517070676",45-46m²,bostadsratt,2026-09-09T16:00:39.872576
2943693064222702535,https://www.hemnet.se/salda/lagenhet-2rum-salabacke-uppsala-kommun-svardsliljegatan-4-2943693064222702535,45-46m²,bostadsratt,2026-09-09T16:00:39.872577
2922238498774509928,"https://www.hemnet.se/salda/lagenhet-2rum-nacka-strand-nacka-kommun-fabrikorvagen-10d,-7tr-2922238498774509928",45-46m²,bostadsratt,2026-09-09T16:00:39.872578
4396914815052211298,https://www.hemnet.se/salda/lagenhet-2rum-havsbaden-angelholms-kommun-andra-tvargatan-2-4396914815052211298,45-46m²,bostadsratt,2026-09-09T16:00:39.872580
745849032976767403,https://www.hemnet.se/salda/lagenhet-2rum-midsommarkransen-stockholms-kommun-valsbergs-grand-9-745849032976767403,45-46m²,bostadsratt,2026-09-09T16:00:39.872581
2042788695269122945,https://www.hemnet.se/salda/lagenhet-1rum-huvudsta-solna-kommun-jonstorpsvagen-32-2042788695269122945,45-46m²,bostadsratt,2026-09-09T16:00:39.872582
6870632674802259461,https://www.hemnet.se/salda/lagenhet-2rum-bandhagen-stockholms-kommun-salbyvagen-1-6870632674802259461,45-46m²,bostadsratt,2026-09-09T16:00:39.872583
5129243293458567854,https://www.hemnet.se/salda/lagenhet-2rum-gamla-masthugget-goteborgs-kommun-alghagsgatan-4-a-5129243293458567854,45-46m²,bostadsratt,2026-09-09T16:00:39.872585
7493605413484888829,"https://www.hemnet.se/salda/lagenhet-1,5rum-vasastan-stockholms-kommun-tulegatan-23b-7493605413484888829",45-46m²,bostadsratt,2026-09-09T16:00:39.872586
8562480459826805923,https://www.hemnet.se/salda/lagenhet-2rum-nantuna-vilan-uppsala-kommun-nantunavagen-3-8562480459826805923,45-46m²,bostadsratt,2026-09-09T16:00:39.872587
2652317659804994577,https://www.hemnet.se/salda/lagenhet-2rum-huddinge-centrum-huddinge-kommun-patron-pehrs-vag-31-2652317659804994577,45-46m²,bostadsratt,2026-09-09T16:00:39.872589
6314724622152731977,https://www.hemnet.se/salda/lagenhet-2rum-sandarna-goteborgs-kommun-orustgatan-13d-6314724622152731977,45-46m²,bostadsratt,2026-09-09T16:00:39.872590
4783991518258184460,https://www.hemnet.se/salda/lagenhet-2rum-kapellgardet-uppsala-kommun-orgelgatan-7-4783991518258184460,45-46m²,bostadsratt,2026-09-09T16:00:39.872591
5069743636139685664,https://www.hemnet.se/salda/lagenhet-2rum-grondal-stockholms-kommun-fregattvagen-85-5069743636139685664,45-46m²,bostadsratt,2026-09-09T16:00:39.872594
3912210662385337462,https://www.hemnet.se/salda/lagenhet-2rum-gustavsbergs-porslinskvarteren-varmdo-kommun-wilhelm-kages-gata-90a-3912210662385337462,45-46m²,bostadsratt,2026-09-09T16:00:39.872596
7131274472298953752,https://www.hemnet.se/salda/lagenhet-1rum-orgryte-goteborgs-kommun-lundehagsgatan-10-7131274472298953752,45-46m²,bostadsratt,2026-09-09T16:00:39.872597
3294467725639383214,https://www.hemnet.se/salda/lagenhet-2rum-oxelbergen-norrkopings-kommun-tingstagatan-5b-3294467725639383214,45-46m²,bostadsratt,2026-09-09T16:00:39.872598
3527824428239771601,"https://www.hemnet.se/salda/lagenhet-2rum-grondal-stockholms-kommun-fregattvagen-91,-2tr-3527824428239771601",45-46m²,bostadsratt,2026-09-09T16:00:39.872599
4651061932878750873,https://www.hemnet.se/salda/lagenhet-2rum-dalaplan-malmo-kommun-varmlandsgatan-3-4651061932878750873,45-46m²,bostadsratt,2026-09-09T16:00:39.872601
4971418645495740019,https://www.hemnet.se/salda/lagenhet-2rum-sodermalm-maria-stockholms-kommun-bastugatan-21-4971418645495740019,45-46m²,bostadsratt,2026-09-09T16:00:39.872602
4992681427744302426,https://www.hemnet.se/salda/lagenhet-1rum-eneborg-helsingborgs-kommun-malmogatan-5b-4992681427744302426,45-46m²,bostadsratt,2026-09-09T16:00:39.872603
5233405826667066301,https://www.hemnet.se/salda/lagenhet-2rum-gotene-gotene-kommun-linnegatan-3c-5233405826667066301,45-46m²,bostadsratt,2026-09-09T16:00:39.872604
8454742606703075211,https://www.hemnet.se/salda/lagenhet-2rum-stocksund-inverness-danderyds-kommun-invernessvagen-13g-8454742606703075211,45-46m²,bostadsratt,2026-09-09T16:00:39.872606
5836448059431566812,"https://www.hemnet.se/salda/lagenhet-2rum-vasastan-birkastan-stockholms-kommun-rorstrandsgatan-60,-van-6-6-5836448059431566812",45-46m²,bostadsratt,2026-09-09T16:00:39.872607
3396991772748552531,https://www.hemnet.se/salda/lagenhet-1rum-gavle-centrum-gavle-kommun-kaplansgatan-15-3396991772748552531,45-46m²,bostadsratt,2026-09-09T16:00:39.872610
7708524773458307043,https://www.hemnet.se/salda/lagenhet-1rum-lerum-centralt-lerums-kommun-haradsvagen-10-e-7708524773458307043,45-46m²,bostadsratt,2026-09-09T16:00:39.872611
6526205655096325615,https://www.hemnet.se/salda/lagenhet-2rum-centrum-vasteras-kommun-tessingatan-5b-6526205655096325615,45-46m²,bostadsratt,2026-09-09T16:00:39.872612
5411623037602644744,https://www.hemnet.se/salda/lagenhet-2rum-sjobo-boras-kommun-lindormsgatan-57-5411623037602644744,45-46m²,bostadsratt,2026-09-09T16:00:39.872614
778389580876602787,https://www.hemnet.se/salda/lagenhet-2rum-kyrkviken-lidingo-kommun-kyrkvagen-42-778389580876602787,45-46m²,bostadsratt,2026-09-09T16:00:39.872615
8629293331939465926,https://www.hemnet.se/salda/lagenhet-2rum-huvudsta-solna-kommun-slaggbacken-3-8629293331939465926,45-46m²,bostadsratt,2026-09-09T16:00:39.872616
7372762601711716264,https://www.hemnet.se/salda/lagenhet-2rum-norra-faladen-lunds-kommun-parternas-grand-21-7372762601711716264,45-46m²,bostadsratt,2026-09-09T16:00:39.872617
3050804542208783693,https://www.hemnet.se/salda/lagenhet-2rum-kungsholmen-stockholms-kommun-kungsklippan-22-3050804542208783693,45-46m²,bostadsratt,2026-09-09T16:00:39.872619
2620716087528664641,https://www.hemnet.se/salda/lagenhet-1rum-nasby-kristianstads-kommun-nasbychaussen-15a-2620716087528664641,45-46m²,bostadsratt,2026-09-09T16:00:39.872620
8555755802056880804,https://www.hemnet.se/salda/lagenhet-2rum-vastermalm-eskilstuna-kommun-marielundsgatan-18-8555755802056880804,45-46m²,bostadsratt,2026-09-09T16:00:39.872621
6111998814516845194,https://www.hemnet.se/salda/lagenhet-2rum-centrum-lunds-kommun-klostergatan-8a-6111998814516845194,45-46m²,bostadsratt,2026-09-09T16:00:39.872622
2654149547415761302,https://www.hemnet.se/salda/lagenhet-46m2-hammarbyhojden-stockholms-kommun-hasselquistvagen-11-2654149547415761302,45-46m²,bostadsratt,2026-09-09T16:00:39.872624
6155471361975636837,"https://www.hemnet.se/salda/lagenhet-2rum-sodermalm-stockholms-kommun-brannkyrkagatan-81,-1tr-6155471361975636837",45-46m²,bostadsratt,2026-09-09T16:00:39.872625
6768377641594432690,https://www.hemnet.se/salda/lagenhet-1rum-jarnbrott-goteborgs-kommun-transistorgatan-31-6768377641594432690,45-46m²,bostadsratt,2026-09-09T16:00:39.872626
8751741309365913124,https://www.hemnet.se/salda/lagenhet-2rum-rasunda-solna-kommun-uppfartsvagen-13-8751741309365913124,45-46m²,bostadsratt,2026-09-09T16:00:39.872627
6259914043844548414,https://www.hemnet.se/salda/lagenhet-2rum-mariestad-mariestads-kommun-backaskogsvagen-19-6259914043844548414,45-46m²,bostadsratt,2026-09-09T16:00:39.872632
9134396697809799172,https://www.hemnet.se/salda/lagenhet-2rum-ulvsunda-industriomrade-stockholms-kommun-staltradsvagen-20-9134396697809799172,45-46m²,bostadsratt,2026-09-09T16:00:39.872633
5112784751139292168,"https://www.hemnet.se/salda/lagenhet-2rum-tollare-nacka-kommun-godtemplarvagen-5,-1-tr-5112784751139292168",45-46m²,bostadsratt,2026-09-09T16:00:39.872635
7331407366329110862,"https://www.hemnet.se/salda/lagenhet-2rum-arsta-stockholms-kommun-borensvagen-13,-2-3tr-7331407366329110862",45-46m²,bostadsratt,2026-09-09T16:00:39.872636
3226210865931200144,"https://www.hemnet.se/salda/lagenhet-2rum-kista-stockholms-kommun-helsingorsgatan-6,-5-tr-3226210865931200144",45-46m²,bostadsratt,2026-09-09T16:00:39.872637
8540636736554286257,https://www.hemnet.se/salda/lagenhet-2rum-jakobsberg-jarfalla-kommun-hammarvagen-55-8540636736554286257,45-46m²,bostadsratt,2026-09-09T16:00:39.872639
9025276175070453116,https://www.hemnet.se/salda/lagenhet-2rum-hokmossen-telefonplan-stockholms-kommun-hokmossevagen-20-9025276175070453116,45-46m²,bostadsratt,2026-09-09T16:00:39.872640
6492724681183331925,"https://www.hemnet.se/salda/lagenhet-1,5rum-sodermalm-mariaberget-stockholms-kommun-bastugatan-31,-4-tr-6492724681183331925",45-46m²,bostadsratt,2026-09-09T16:00:39.872641
7823219924991048667,"https://www.hemnet.se/salda/lagenhet-2rum-katarina-sofia-stockholms-kommun-ploggatan-16,-3-tr-7823219924991048667",45-46m²,bostadsratt,2026-09-09T16:00:39.872642
7042910609399233495,https://www.hemnet.se/salda/lagenhet-2rum-attekulla-helsingborgs-kommun-barnstensgatan-9a-7042910609399233495,45-46m²,bostadsratt,2026-09-09T16:00:39.872644
1069387255140500362,"https://www.hemnet.se/salda/lagenhet-2rum-aspudden-stockholms-kommun-hagerstensvagen-117a,-van-4-1069387255140500362",45-46m²,bostadsratt,2026-09-09T16:00:39.872645
6207276497957802807,https://www.hemnet.se/salda/lagenhet-1rum-vallingby-parkstad-racksta-stockholms-kommun-multragatan-114-6207276497957802807,45-46m²,bostadsratt,2026-09-09T16:00:39.872646
7811370599298229408,https://www.hemnet.se/salda/lagenhet-2rum-kungsholmen-stockholms-kommun-celsiusgatan-7-7811370599298229408,45-46m²,bostadsratt,2026-09-09T16:00:39.872647
6603951120990321580,https://www.hemnet.se/salda/lagenhet-2rum-traneberg-stockholms-kommun-margretelundsvagen-32-6603951120990321580,45-46m²,bostadsratt,2026-09-09T16:00:39.872649
8675147712738256461,https://www.hemnet.se/salda/lagenhet-2rum-hammarby-sjostad-stockholms-kommun-korphoppsgatan-21-8675147712738256461,45-46m²,bostadsratt,2026-09-09T16:00:39.872650
2896362004894660217,"https://www.hemnet.se/salda/lagenhet-1,5rum-enskede-enskede-gard-stockholms-kommun-odelbergsvagen-30-2896362004894660217",45-46m²,bostadsratt,2026-09-09T16:00:39.872651
4724251099015035338,https://www.hemnet.se/salda/lagenhet-2rum-arsta-stockholms-kommun-borensvagen-11-4724251099015035338,45-46m²,bostadsratt,2026-09-09T16:00:39.872652
2564627860388003531,"https://www.hemnet.se/salda/lagenhet-2rum-midsommarkransen-telefonplan-stockholms-kommun-tellusborgsvagen-90,-van-5-6-2564627860388003531",45-46m²,bostadsratt,2026-09-09T16:00:39.872656
5255357505445511195,"https://www.hemnet.se/salda/lagenhet-2rum-sodermalm-stockholms-kommun-gotgatan-73b,-4-tr-5255357505445511195",45-46m²,bostadsratt,2026-09-09T16:00:39.872657
5736866109809931103,https://www.hemnet.se/salda/lagenhet-2rum-viggbyholm-taby-kommun-skordevagen-49-5736866109809931103,45-46m²,bostadsratt,2026-09-09T16:00:39.872658
7155019712626854615,"https://www.hemnet.se/salda/lagenhet-2rum-kista-stockholms-kommun-sorogatan-29,-vaning-5-7155019712626854615",45-46m²,bostadsratt,2026-09-09T16:00:39.872660
4861445397535737267,https://www.hemnet.se/salda/lagenhet-2rum-centrum-trollhattans-kommun-osterlanggatan-27-4861445397535737267,45-46m²,bostadsratt,2026-09-09T16:00:39.872661
573342822373735785,https://www.hemnet.se/salda/lagenhet-2rum-ribersborg-malmo-kommun-regementsgatan-21-573342822373735785,45-46m²,bostadsratt,2026-09-09T16:00:39.872662
8702119512532394183,https://www.hemnet.se/salda/lagenhet-2rum-johanneberg-almedal-goteborgs-kommun-ebbe-lieberathsgatan-16b-8702119512532394183,45-46m²,bostadsratt,2026-09-09T16:00:39.872664
1212683036691542127,"https://www.hemnet.se/salda/lagenhet-1,5rum-centrala-halmstad-vaster-halmstads-kommun-broddesonsgatan-3-1212683036691542127",45-46m²,bostadsratt,2026-09-09T16:00:39.872665
506596478463629678,https://www.hemnet.se/salda/lagenhet-2rum-hyllie-malmo-kommun-sivs-grand-9b-506596478463629678,45-46m²,bostadsratt,2026-09-09T16:00:39.872668
7920757685060715600,https://www.hemnet.se/salda/lagenhet-2rum-skarmarbrink-stockholms-kommun-nathorstvagen-1-7920757685060715600,45-46m²,bostadsratt,2026-09-09T16:00:39.872669
8527436330155976860,https://www.hemnet.se/salda/lagenhet-2rum-centralt-norr-gavle-kommun-brandstromsgatan-16a-8527436330155976860,45-46m²,bostadsratt,2026-09-09T16:00:39.872671
7776613798348193060,"https://www.hemnet.se/salda/lagenhet-1,5rum-kapellgardet-uppsala-kommun-rabyvagen-84-7776613798348193060",45-46m²,bostadsratt,2026-09-09T16:00:39.872672
5975276264610512069,https://www.hemnet.se/salda/lagenhet-2rum-sodermalm-katarina-sofia-stockholms-kommun-bondegatan-13-5975276264610512069,45-46m²,bostadsratt,2026-09-09T16:00:39.872673
4740945614165304415,https://www.hemnet.se/salda/lagenhet-2rum-nedre-johanneberg-goteborgs-kommun-kristinehojdsgatan-7-4740945614165304415,45-46m²,bostadsratt,2026-09-09T16:00:39.872675
8003240800719852210,https://www.hemnet.se/salda/lagenhet-2rum-kvarngardet-uppsala-kommun-torkelsgatan-27-d-8003240800719852210,45-46m²,bostadsratt,2026-09-09T16:00:39.872676
2330863910512992515,https://www.hemnet.se/salda/lagenhet-2rum-fredhall-stockholms-kommun-adlerbethsgatan-15-2330863910512992515,45-46m²,bostadsratt,2026-09-09T16:00:39.872677
3688437311232028170,https://www.hemnet.se/salda/lagenhet-1rum-jakobsberg-jarfalla-kommun-veckovagen-47-3688437311232028170,45-46m²,bostadsratt,2026-09-09T16:00:39.872678
7090675635741188922,https://www.hemnet.se/salda/lagenhet-2rum-vasastan-birkastan-stockholms-kommun-varinggatan-27-7090675635741188922,45-46m²,bostadsratt,2026-09-09T16:00:39.872680
9069509221453684423,https://www.hemnet.se/salda/lagenhet-1rum-grisbacka-umea-kommun-sandhallavagen-5c-9069509221453684423,45-46m²,bostadsratt,2026-09-09T16:00:39.872681
8086235477134202404,"https://www.hemnet.se/salda/lagenhet-1,5rum-centrum-t1-linkopings-kommun-fridtunagatan-19-8086235477134202404",45-46m²,bostadsratt,2026-09-09T16:00:39.872682
5021059256811359531,"https://www.hemnet.se/salda/lagenhet-1,5rum-tyreso-centrum-tyreso-kommun-granitvagen-10a-5021059256811359531",45-46m²,bostadsratt,2026-09-09T16:00:39.872683
1656475265386239078,https://www.hemnet.se/salda/lagenhet-2rum-solangen-molndals-kommun-kunskapsgatan-25-1656475265386239078,45-46m²,bostadsratt,2026-09-09T16:00:39.872685
3628121693699428721,https://www.hemnet.se/salda/lagenhet-2rum-skarpnacks-gard-stockholms-kommun-pilvingegatan-58-3628121693699428721,45-46m²,bostadsratt,2026-09-09T16:00:39.872686
1978405806860622945,https://www.hemnet.se/salda/lagenhet-2rum-hagalund-solna-kommun-kyrkbacken-27-1978405806860622945,45-46m²,bostadsratt,2026-09-09T16:00:39.872687
7356129208256456834,https://www.hemnet.se/salda/lagenhet-1rum-visby-sodercentrum-gotlands-kommun-byrumsgatan-16-7356129208256456834,45-46m²,bostadsratt,2026-09-09T16:00:39.872688
3130364061766246773,"https://www.hemnet.se/salda/lagenhet-1,5rum-vendelso-haninge-kommun-vendelsomalmsvagen-106-3130364061766246773",45-46m²,bostadsratt,2026-09-09T16:00:39.872690
2981322411059360380,https://www.hemnet.se/salda/lagenhet-2rum-vega-haninge-kommun-vega-alle-79-2981322411059360380,45-46m²,bostadsratt,2026-09-09T16:00:39.872691
2474848086148033026,https://www.hemnet.se/salda/lagenhet-2rum-vasastan-roda-bergen-stockholms-kommun-rodabergsgatan-9b-2474848086148033026,45-46m²,bostadsratt,2026-09-09T16:00:39.872692
8785498273881993291,https://www.hemnet.se/salda/lagenhet-2rum-ostermalm-stockholms-kommun-frejgatan-4a-8785498273881993291,45-46m²,bostadsratt,2026-09-09T16:00:39.872694
7608115691082714862,"https://www.hemnet.se/salda/lagenhet-2rum-kungsholmen-stockholms-kommun-warfvinges-vag-23,-5-tr-7608115691082714862",45-46m²,bostadsratt,2026-09-09T16:00:39.872695
7777155932134451250,https://www.hemnet.se/salda/lagenhet-2rum-vallastaden-linkopings-kommun-nanna-svartz-gata-11-7777155932134451250,45-46m²,bostadsratt,2026-09-09T16:00:39.872696
8302241059577196260,https://www.hemnet.se/salda/lagenhet-1rum-sofiaparken-lunds-kommun-sofiavagen-3f-8302241059577196260,45-46m²,bostadsratt,2026-09-09T16:00:39.872698
3805658390320691626,https://www.hemnet.se/salda/lagenhet-2rum-kungsangen-industristaden-uppsala-kommun-kungsangsgatan-57g-3805658390320691626,45-46m²,bostadsratt,2026-09-09T16:00:39.872701
6915143587178792609,"https://www.hemnet.se/salda/lagenhet-2rum-bromma-traneberg-stockholms-kommun-hoburgsstigen-12,-3-3tr-6915143587178792609",45-46m²,bostadsratt,2026-09-09T16:00:39.872702
2671930535166104522,https://www.hemnet.se/salda/lagenhet-2rum-sodermalm-stockholms-kommun-kattgrand-6-2671930535166104522,45-46m²,bostadsratt,2026-09-09T16:00:39.872705
1344160359060753006,https://www.hemnet.se/salda/lagenhet-2rum-nacka-saltsjo-boo-tollare-nacka-kommun-tollarevagen-24-1344160359060753006,45-46m²,bostadsratt,2026-09-09T16:00:39.872707
8044637093217156461,https://www.hemnet.se/salda/lagenhet-1rum-alidhem-umea-kommun-kemigrand-30-8044637093217156461,45-46m²,bostadsratt,2026-09-09T16:00:39.872708
2613667739859141543,"https://www.hemnet.se/salda/lagenhet-2rum-midsommarkransen-stockholms-kommun-tellusborgsvagen-64,-van-2-2613667739859141543",45-46m²,bostadsratt,2026-09-09T16:00:39.872709
5697793753972076750,https://www.hemnet.se/salda/lagenhet-2rum-johannesfred-ulvsunda-stockholms-kommun-bjorkbacksvagen-40-5697793753972076750,45-46m²,bostadsratt,2026-09-09T16:00:39.872710
568543349112495815,https://www.hemnet.se/salda/lagenhet-2rum-rasunda-solna-kommun-charlottenburgsvagen-15-568543349112495815,45-46m²,bostadsratt,2026-09-09T16:00:39.872712
5849201667674746833,https://www.hemnet.se/salda/lagenhet-1rum-eriksberg-goteborgs-kommun-ostra-eriksbergsgatan-87-5849201667674746833,45-46m²,bostadsratt,2026-09-09T16:00:39.872713
1957491234885577370,https://www.hemnet.se/salda/lagenhet-2rum-bergviken-lulea-kommun-sjogatan-7b-1957491234885577370,45-46m²,bostadsratt,2026-09-09T16:00:39.872714
1539278524880084422,https://www.hemnet.se/salda/lagenhet-2rum-centrala-tyreso-tyreso-kommun-lm-ericssons-vag-14-1539278524880084422,45-46m²,bostadsratt,2026-09-09T16:00:39.872715
394069584858419776,"https://www.hemnet.se/salda/lagenhet-2rum-vasastan-stockholms-kommun-tomtebogatan-46,-2tr-394069584858419776",45-46m²,bostadsratt,2026-09-09T16:00:39.872717
7728243151607187105,https://www.hemnet.se/salda/lagenhet-2rum-vastra-kungsholmen-hornsbergs-strand-stockholms-kommun-warfvinges-vag-23-7728243151607187105,45-46m²,bostadsratt,2026-09-09T16:00:39.872720
6313327831186826422,https://www.hemnet.se/salda/lagenhet-2rum-sodertorp-malmo-kommun-konsultgatan-2-6313327831186826422,45-46m²,bostadsratt,2026-09-09T16:00:39.872721
6950715584827857444,"https://www.hemnet.se/salda/lagenhet-2rum-city-norrmalm-vasastan-stockholms-kommun-drottninggatan-102b,-1-tr,-gardshus-6950715584827857444",45-46m²,bostadsratt,2026-09-09T16:00:39.872723
3951219795840040926,https://www.hemnet.se/salda/lagenhet-2rum-majorna-goteborgs-kommun-blasutgatan-5-3951219795840040926,45-46m²,bostadsratt,2026-09-09T16:00:39.872724
8179838253686001803,"https://www.hemnet.se/salda/lagenhet-1,5rum-vasastaden-stockholms-kommun-karlbergsvagen-27c-8179838253686001803",45-46m²,bostadsratt,2026-09-09T16:00:39.872725
3645796153342040511,https://www.hemnet.se/salda/lagenhet-2rum-kalltorp-vasteras-kommun-jordgubbsvagen-32d-3645796153342040511,45-46m²,bostadsratt,2026-09-09T16:00:39.872726
7591130503692340259,https://www.hemnet.se/salda/lagenhet-2rum-sodermalm-stockholms-kommun-renstiernas-gata-14-mot-gard-7591130503692340259,45-46m²,bostadsratt,2026-09-09T16:00:39.872728
4724437120050125705,https://www.hemnet.se/salda/lagenhet-1rum-centrala-boden-bodens-kommun-kyrkgatan-16-4724437120050125705,45-46m²,bostadsratt,2026-09-09T16:00:39.872729
5895063404826793622,https://www.hemnet.se/salda/lagenhet-2rum-sorbyangen-orebro-kommun-peppargatan-36-5895063404826793622,45-46m²,bostadsratt,2026-09-09T16:00:39.872730
5139854758065034124,https://www.hemnet.se/salda/lagenhet-2rum-lerum-lerums-kommun-stamhusvagen-1-5139854758065034124,45-46m²,bostadsratt,2026-09-09T16:00:39.872731
4817275958852937317,"https://www.hemnet.se/salda/lagenhet-1,5rum-trosa-trosa-kommun-smackbrogatan-32-4817275958852937317",45-46m²,bostadsratt,2026-09-09T16:00:39.872733
917719363313171319,https://www.hemnet.se/salda/lagenhet-2rum-ostermalm-stockholms-kommun-valhallavagen-104-917719363313171319,45-46m²,bostadsratt,2026-09-09T16:00:39.872734
4505288271650967415,https://www.hemnet.se/salda/lagenhet-2rum-luthagen-rickomberga-uppsala-kommun-gimogatan-2-b-4505288271650967415,45-46m²,bostadsratt,2026-09-09T16:00:39.872735
8992954947770931211,https://www.hemnet.se/salda/lagenhet-2rum-centralt-falu-kommun-nybrogatan-17b-8992954947770931211,45-46m²,bostadsratt,2026-09-09T16:00:39.872736
5886833353858657902,https://www.hemnet.se/salda/lagenhet-2rum-vastertorp-stockholms-kommun-stottingsgrand-8-5886833353858657902,45-46m²,bostadsratt,2026-09-09T16:00:39.872738
2465397861619311918,https://www.hemnet.se/salda/lagenhet-2rum-limhamns-sjostad-malmo-kommun-geijersgatan-1-b-2465397861619311918,45-46m²,bostadsratt,2026-09-09T16:00:39.872741
6856435606781954726,https://www.hemnet.se/salda/lagenhet-2rum-kalltorp-goteborgs-kommun-ernst-torulfsgatan-4b-6856435606781954726,45-46m²,bostadsratt,2026-09-09T16:00:39.872742
3973849424366811802,https://www.hemnet.se/salda/lagenhet-2rum-vastra-kungsholmen-hornsbergs-strand-stockholms-kommun-warfvinges-vag-15-3973849424366811802,45-46m²,bostadsratt,2026-09-09T16:00:39.872743
8588385661633748464,https://www.hemnet.se/salda/lagenhet-2rum-sodermalm-stockholms-kommun-blekingegatan-36-8588385661633748464,45-46m²,bostadsratt,2026-09-09T16:00:39.872744
8310901113428782477,https://www.hemnet.se/salda/lagenhet-2rum-johanneshov-stockholms-kommun-bildhuggarvagen-27-8310901113428782477,45-46m²,bostadsratt,2026-09-09T16:00:39.872748
4119985871413501169,https://www.hemnet.se/salda/lagenhet-2rum-haggvik-sollentuna-kommun-klasrovagen-31-4119985871413501169,45-46m²,bostadsratt,2026-09-09T16:00:39.872749
6845880524492972566,https://www.hemnet.se/salda/lagenhet-1rum-brytstugan-helsingborgs-kommun-linbastagatan-9-6845880524492972566,45-46m²,bostadsratt,2026-09-09T16:00:39.872750
1327180609006522424,https://www.hemnet.se/salda/lagenhet-1rum-bollstanas-upplands-vasby-kommun-jaktvagen-36-1327180609006522424,45-46m²,bostadsratt,2026-09-09T16:00:39.872751
9035804283996893911,https://www.hemnet.se/salda/lagenhet-2rum-johannesfred-stockholms-kommun-stangjarnsvagen-19-9035804283996893911,45-46m²,bostadsratt,2026-09-09T16:00:39.872753
4393352598100169726,https://www.hemnet.se/salda/lagenhet-1rum-bosvedjan-sundsvalls-kommun-bagevagen-17d-4393352598100169726,45-46m²,bostadsratt,2026-09-09T16:00:39.872754
5970584041710986345,https://www.hemnet.se/salda/lagenhet-2rum-industristaden-kungsangen-uppsala-kommun-tullgarnsgatan-3-5970584041710986345,45-46m²,bostadsratt,2026-09-09T16:00:39.872755
9130122039979309063,https://www.hemnet.se/salda/lagenhet-2rum-centrala-sundbyberg-sundbybergs-kommun-vintergatan-1-9130122039979309063,45-46m²,bostadsratt,2026-09-09T16:00:39.872757
6461093255591786136,"https://www.hemnet.se/salda/lagenhet-2rum-grondal-stockholms-kommun-grondalsvagen-111,-6-tr-6461093255591786136",45-46m²,bostadsratt,2026-09-09T16:00:39.872758
7727334027140141894,https://www.hemnet.se/salda/lagenhet-2rum-ursvik-sundbybergs-kommun-gamla-enkopingsvagen-174-7727334027140141894,45-46m²,bostadsratt,2026-09-09T16:00:39.872759
5056780238572581673,"https://www.hemnet.se/salda/lagenhet-2rum-vasastan-stockholms-kommun-tomtebogatan-1a,-4-tr,-5056780238572581673",45-46m²,bostadsratt,2026-09-09T16:00:39.872760
4347013080151637949,https://www.hemnet.se/salda/lagenhet-2rum-nasbypark-taby-kommun-eskadervagen-16-4347013080151637949,45-46m²,bostadsratt,2026-09-09T16:00:39.872762
3991491716969151055,https://www.hemnet.se/salda/lagenhet-2rum-bagarmossen-stockholms-kommun-lagavagen-28-3991491716969151055,45-46m²,bostadsratt,2026-09-09T16:00:39.872763
7948589932264286718,"https://www.hemnet.se/salda/lagenhet-1,5rum-rasunda-solna-kommun-ostervagen-8-7948589932264286718",45-46m²,bostadsratt,2026-09-09T16:00:39.872764
1606967463915245540,https://www.hemnet.se/salda/lagenhet-2rum-granby-uppsala-kommun-rabyvagen-57f-1606967463915245540,45-46m²,bostadsratt,2026-09-09T16:00:39.872765
2855659374189910773,"https://www.hemnet.se/salda/lagenhet-2rum-kista-stockholms-kommun-sorogatan-117,-3tr-2855659374189910773",45-46m²,bostadsratt,2026-09-09T16:00:39.872767
4957003372835754647,https://www.hemnet.se/salda/lagenhet-2rum-vastra-kungsholmen-hornsbergs-strand-stockholms-kommun-warfvinges-vag-23-4957003372835754647,45-46m²,bostadsratt,2026-09-09T16:00:39.872768
5197199037276387641,"https://www.hemnet.se/salda/lagenhet-1rum-tibble-upplands-bro-kommun-hallonvagen-20,-bv-5197199037276387641",45-46m²,bostadsratt,2026-09-09T16:00:39.872769
4735523348441051184,https://www.hemnet.se/salda/lagenhet-2rum-rorsjostaden-malmo-kommun-foreningsgatan-69c-4735523348441051184,45-46m²,bostadsratt,2026-09-09T16:00:39.872770
5632680043991845570,https://www.hemnet.se/salda/lagenhet-2rum-hogdalen-stockholms-kommun-rangstagatan-18-5632680043991845570,45-46m²,bostadsratt,2026-09-09T16:00:39.872772
2592878607227428375,"https://www.hemnet.se/salda/lagenhet-2rum-grondal-stockholms-kommun-sjobjornsvagen-13,-van-3-av-3-2592878607227428375",45-46m²,bostadsratt,2026-09-09T16:00:39.872773
6974793177652101656,https://www.hemnet.se/salda/lagenhet-2rum-bandhagen-hogdalen-stockholms-kommun-rangstagatan-18-6974793177652101656,45-46m²,bostadsratt,2026-09-09T16:00:39.872774
7593689551467297159,"https://www.hemnet.se/salda/lagenhet-2,5rum-alvsjo-langsjo-stockholms-kommun-lingonbacken-21e-7593689551467297159",45-46m²,bostadsratt,2026-09-09T16:00:39.872777
5546570352983379490,"https://www.hemnet.se/salda/lagenhet-1,5rum-vasastan-roda-bergen-stockholms-kommun-rodabergsgatan-9b-5546570352983379490",45-46m²,bostadsratt,2026-09-09T16:00:39.872779
334813763343883505,https://www.hemnet.se/salda/lagenhet-2rum-rosengarden-helsingborgs-kommun-skaragatan-25-334813763343883505,45-46m²,bostadsratt,2026-09-09T16:00:39.872780
2509107842541347053,https://www.hemnet.se/salda/lagenhet-1rum-lasarettsomradet-nykopings-kommun-rosenbloms-vag-147-2509107842541347053,45-46m²,bostadsratt,2026-09-09T16:00:39.872781
1278209951691120336,https://www.hemnet.se/salda/lagenhet-2rum-centrala-vaxholm-vaxholms-kommun-parkgatan-5-1278209951691120336,45-46m²,bostadsratt,2026-09-09T16:00:39.872783
5843826597387106088,https://www.hemnet.se/salda/lagenhet-2rum-kista-stockholms-kommun-kopenhamnsgatan-10-5843826597387106088,45-46m²,bostadsratt,2026-09-09T16:00:39.872784
3895889212395069776,https://www.hemnet.se/salda/lagenhet-2rum-grondal-stockholms-kommun-fregattvagen-85-3895889212395069776,45-46m²,bostadsratt,2026-09-09T16:00:39.872785
8173625935757761887,https://www.hemnet.se/salda/lagenhet-2rum-turinge-nykvarns-kommun-bruksgatan-1c-8173625935757761887,45-46m²,bostadsratt,2026-09-09T16:00:39.872786
8586487372054523033,https://www.hemnet.se/salda/lagenhet-1rum-lulea-innerstaden-ostermalm-lulea-kommun-burstromsvagen-58-8586487372054523033,45-46m²,bostadsratt,2026-09-09T16:00:39.872787
722916927584593599,"https://www.hemnet.se/salda/lagenhet-1,5rum-luthagen-uppsala-kommun-bredmansgatan-4a-722916927584593599",45-46m²,bostadsratt,2026-09-09T16:00:39.872789
2389463897449797700,https://www.hemnet.se/salda/lagenhet-2rum-kungsholmen-stockholms-kommun-john-ericssonsgatan-18-2389463897449797700,45-46m²,bostadsratt,2026-09-09T16:00:39.872792
3112358950678901584,https://www.hemnet.se/salda/lagenhet-2rum-uppsala-uppsala-kommun-orgelgatan-10-3112358950678901584,45-46m²,bostadsratt,2026-09-09T16:00:39.872793
8047394025344963686,https://www.hemnet.se/salda/lagenhet-2rum-centralt-galgberget-halmstads-kommun-norra-vagen-22-b-8047394025344963686,45-46m²,bostadsratt,2026-09-09T16:00:39.872794
5957529241663358663,https://www.hemnet.se/salda/lagenhet-2rum-oringe-tyreso-kommun-diamantgangen-187-5957529241663358663,45-46m²,bostadsratt,2026-09-09T16:00:39.872796
3439749252724694994,https://www.hemnet.se/salda/lagenhet-2rum-mollevangen-malmo-kommun-typografgatan-4b-3439749252724694994,45-46m²,bostadsratt,2026-09-09T16:00:39.872797
5183555394513963925,https://www.hemnet.se/salda/lagenhet-2rum-jarla-sjo-nacka-kommun-fingerortsvagen-8-5183555394513963925,45-46m²,bostadsratt,2026-09-09T16:00:39.872798
4073929554276844753,https://www.hemnet.se/salda/lagenhet-2rum-sodermalm-stockholms-kommun-lundagatan-36a-4073929554276844753,45-46m²,bostadsratt,2026-09-09T16:00:39.872799
3151573554884017268,https://www.hemnet.se/salda/lagenhet-2rum-limhamns-sjostad-malmo-kommun-barlastgatan-28-3151573554884017268,45-46m²,bostadsratt,2026-09-09T16:00:39.872801
324981756379579438,https://www.hemnet.se/salda/lagenhet-2rum-kungsholmen-stockholms-kommun-wargentinsgatan-5c-324981756379579438,45-46m²,bostadsratt,2026-09-09T16:00:39.872802
4240276215537737035,https://www.hemnet.se/salda/lagenhet-2rum-skalby-kalmar-kommun-kungsgardsvagen-14a-4240276215537737035,45-46m²,bostadsratt,2026-09-09T16:00:39.872803
1058437919043332286,https://www.hemnet.se/salda/lagenhet-2rum-sodra-centrum-goteborgs-kommun-ebbe-lieberathsgatan-29b-1058437919043332286,45-46m²,bostadsratt,2026-09-09T16:00:39.872804
8383519709689269196,https://www.hemnet.se/salda/lagenhet-2rum-hornstull-stockholms-kommun-slipgatan-12-8383519709689269196,45-46m²,bostadsratt,2026-09-09T16:00:39.872806
451969163748785952,https://www.hemnet.se/salda/lagenhet-2rum-centrala-huddinge-huddinge-kommun-sjodalsvagen-17-451969163748785952,45-46m²,bostadsratt,2026-09-09T16:00:39.872807
1479351965022847853,https://www.hemnet.se/salda/lagenhet-2rum-centrala-sundbyberg-sundbybergs-kommun-fredsgatan-6a-1479351965022847853,45-46m²,bostadsratt,2026-09-09T16:00:39.872808
5633045863439145292,https://www.hemnet.se/salda/lagenhet-2rum-fruangen-stockholms-kommun-vantorsvagen-260-5633045863439145292,45-46m²,bostadsratt,2026-09-09T16:00:39.872809
5198817283163219058,https://www.hemnet.se/salda/lagenhet-2rum-traneberg-stockholms-kommun-sulitelmavagen-13-5198817283163219058,45-46m²,bostadsratt,2026-09-09T16:00:39.872816
5584920308819369026,https://www.hemnet.se/salda/lagenhet-2rum-liljeholmskajen-stockholms-kommun-sjoviksbacken-18-5584920308819369026,45-46m²,bostadsratt,2026-09-09T16:00:39.872819
6585995289887149428,https://www.hemnet.se/salda/lagenhet-1rum-tynnered-goteborgs-kommun-guldringen-29-6585995289887149428,45-46m²,bostadsratt,2026-09-09T16:00:39.872820
4204856075955058725,https://www.hemnet.se/salda/lagenhet-2rum-koster-stromstads-kommun-vastra-bovagen-39-4204856075955058725,45-46m²,bostadsratt,2026-09-09T16:00:39.872821
8641256175546766060,https://www.hemnet.se/salda/lagenhet-2rum-norra-sorgenfri-malmo-kommun-sparvagen-16-a-8641256175546766060,45-46m²,bostadsratt,2026-09-09T16:00:39.872823
1659179375605041506,"https://www.hemnet.se/salda/lagenhet-1,5rum-gamla-staden-malmo-kommun-baltzarsgatan-41b-1659179375605041506",45-46m²,bostadsratt,2026-09-09T16:00:39.872824
6080565248570768182,https://www.hemnet.se/salda/lagenhet-2rum-johanneberg-goteborgs-kommun-eklandagatan-56d-6080565248570768182,45-46m²,bostadsratt,2026-09-09T16:00:39.872825
8740199460164629801,https://www.hemnet.se/salda/lagenhet-2rum-centrala-sundbyberg-sundbybergs-kommun-vintergatan-2b-8740199460164629801,45-46m²,bostadsratt,2026-09-09T16:00:39.872827
8398039151355845391,https://www.hemnet.se/salda/lagenhet-1rum-norra-tynnered-goteborgs-kommun-beryllgatan-69-8398039151355845391,45-46m²,bostadsratt,2026-09-09T16:00:39.872828
6045081312625029815,"https://www.hemnet.se/salda/lagenhet-1,5rum-katarina-stockholms-kommun-gotgatan-92a,-hogst-upp-6045081312625029815",45-46m²,bostadsratt,2026-09-09T16:00:39.872829
6326834175563043673,https://www.hemnet.se/salda/lagenhet-2rum-edsberg-sollentuna-kommun-ribbings-vag-16b-6326834175563043673,45-46m²,bostadsratt,2026-09-09T16:00:39.872831
3828229523730466140,https://www.hemnet.se/salda/lagenhet-2rum-marieberg-stockholms-kommun-wennerbergsgatan-6-a-3828229523730466140,45-46m²,bostadsratt,2026-09-09T16:00:39.872832
1541791620986029638,https://www.hemnet.se/salda/lagenhet-2rum-centrala-huddinge-huddinge-kommun-forradsvagen-34-1541791620986029638,45-46m²,bostadsratt,2026-09-09T16:00:39.872833
7010611545182608909,https://www.hemnet.se/salda/lagenhet-2rum-rudviken-solna-kommun-regnstigen-5-7010611545182608909,45-46m²,bostadsratt,2026-09-09T16:00:39.872834
6130676988071004013,"https://www.hemnet.se/salda/lagenhet-1,5rum-munkeback-goteborgs-kommun-lydinghielmsgatan-4b-6130676988071004013",45-46m²,bostadsratt,2026-09-09T16:00:39.872836
5397280468967296218,https://www.hemnet.se/salda/lagenhet-2rum-kista-stockholms-kommun-helsingorsgatan-31-5397280468967296218,45-46m²,bostadsratt,2026-09-09T16:00:39.872837
7602687388910888772,"https://www.hemnet.se/salda/lagenhet-2rum-sodermalm-katarina-sofia-stockholms-kommun-beckbrannarbacken-7,-2-tr-7602687388910888772",45-46m²,bostadsratt,2026-09-09T16:00:39.872838
8150551568070588744,"https://www.hemnet.se/salda/lagenhet-1,5rum-tingvallastaden-karlstads-kommun-vastra-kanalgatan-9-8150551568070588744",45-46m²,bostadsratt,2026-09-09T16:00:39.872841
5211662435352492011,https://www.hemnet.se/salda/lagenhet-2rum-jarvastaden-solna-kommun-jarva-skjutbanevag-27-5211662435352492011,45-46m²,bostadsratt,2026-09-09T16:00:39.872843
4884666120143422171,https://www.hemnet.se/salda/lagenhet-1rum-frosunda-solna-kommun-frogatan-4-4884666120143422171,45-46m²,bostadsratt,2026-09-09T16:00:39.872844
6653987116954718056,https://www.hemnet.se/salda/lagenhet-3rum-kungsberget-sandvikens-kommun-ski-apartments-25d-nedre-angsvagen-25d-6653987116954718056,45-46m²,bostadsratt,2026-09-09T16:00:39.872845
3097649661390430676,https://www.hemnet.se/salda/lagenhet-2rum-midsommarkransen-telefonplan-stockholms-kommun-tellusborgsvagen-62-3097649661390430676,45-46m²,bostadsratt,2026-09-09T16:00:39.872847
4386672103547228942,https://www.hemnet.se/salda/lagenhet-1rum-lerum-centralt-lerums-kommun-haradsvagen-10-e-4386672103547228942,45-46m²,bostadsratt,2026-09-09T16:00:39.872848
8749528195514988044,https://www.hemnet.se/salda/lagenhet-2rum-vasastan-hagastaden-stockholms-kommun-anna-stecksens-gata-15-8749528195514988044,45-46m²,bostadsratt,2026-09-09T16:00:39.872849
6503019834004259728,https://www.hemnet.se/salda/lagenhet-2rum-igelstavik-sodertalje-kommun-angbatsvagen-4-6503019834004259728,45-46m²,bostadsratt,2026-09-09T16:00:39.872850
4063206048207957157,https://www.hemnet.se/salda/lagenhet-1rum-centralt-sandvikens-kommun-kopmangatan-22a-4063206048207957157,45-46m²,bostadsratt,2026-09-09T16:00:39.872852
3094935642401964262,"https://www.hemnet.se/salda/lagenhet-1,5rum-ostermalm-stockholms-kommun-eriksbergsgatan-42-3094935642401964262",45-46m²,bostadsratt,2026-09-09T16:00:39.872854
6190870694924041698,https://www.hemnet.se/salda/lagenhet-1rum-korfaltet-ostersunds-kommun-reveljgrand-1-6190870694924041698,45-46m²,bostadsratt,2026-09-09T16:00:39.872856
5758082690155492046,https://www.hemnet.se/salda/lagenhet-2rum-ostermalm-stockholms-kommun-torstenssonsgatan-7a-5758082690155492046,45-46m²,bostadsratt,2026-09-09T16:00:39.872857
8302655408498044246,https://www.hemnet.se/salda/lagenhet-2rum-ovre-slotts-uppsala-kommun-kyrkogardsgatan-23-8302655408498044246,45-46m²,bostadsratt,2026-09-09T16:00:39.872858
6792121033950572127,"https://www.hemnet.se/salda/lagenhet-1,5rum-sodermalm-stockholms-kommun-erstagatan-16-6792121033950572127",45-46m²,bostadsratt,2026-09-09T16:00:39.872860
7009739172265578792,https://www.hemnet.se/salda/lagenhet-2rum-brunnshog-lunds-kommun-solvandan-11d-7009739172265578792,45-46m²,bostadsratt,2026-09-09T16:00:39.872861
2621299020652138502,https://www.hemnet.se/salda/lagenhet-1rum-vasastan-stockholms-kommun-dalagatan-25a-2621299020652138502,45-46m²,bostadsratt,2026-09-09T16:00:39.872862
3112461922612119112,https://www.hemnet.se/salda/lagenhet-2rum-haga-norra-solna-solna-kommun-sylvangatan-5-3112461922612119112,45-46m²,bostadsratt,2026-09-09T16:00:39.872863
8827093158525038290,https://www.hemnet.se/salda/lagenhet-2rum-vasastan-stockholms-kommun-torsgrand-4-8827093158525038290,45-46m²,bostadsratt,2026-09-09T16:00:39.872864
2538930871824779560,https://www.hemnet.se/salda/lagenhet-2rum-taljoviken-osterakers-kommun-myntbacken-15-2538930871824779560,45-46m²,bostadsratt,2026-09-09T16:00:39.872866
8569446854000916810,https://www.hemnet.se/salda/lagenhet-1rum-lilla-alby-sundbybergs-kommun-franstorpsvagen-6-8569446854000916810,45-46m²,bostadsratt,2026-09-09T16:00:39.872867
5913430931833324468,"https://www.hemnet.se/salda/lagenhet-2rum-liljeholmskajen-stockholms-kommun-ekfatsgatan-3,-4-tr-5913430931833324468",45-46m²,bostadsratt,2026-09-09T16:00:39.872868
3185202922600978030,"https://www.hemnet.se/salda/lagenhet-2rum-nacka-kvarnholmen-nacka-kommun-mjolnarvagen-6a,-10-tr-3185202922600978030",45-46m²,bostadsratt,2026-09-09T16:00:39.872870
2755754111966308804,https://www.hemnet.se/salda/lagenhet-2rum-hogdalen-stockholms-kommun-rangstagatan-18-2755754111966308804,45-46m²,bostadsratt,2026-09-09T16:00:39.872871
8922259706024107693,https://www.hemnet.se/salda/lagenhet-2rum-telefonplan-stockholms-kommun-tellusgatan-4c-8922259706024107693,45-46m²,bostadsratt,2026-09-09T16:00:39.872872
5343688808557452408,https://www.hemnet.se/salda/lagenhet-2rum-ostermalm-stockholms-kommun-kaptensgatan-7a-5343688808557452408,45-46m²,bostadsratt,2026-09-09T16:00:39.872873
4133684523888759702,https://www.hemnet.se/salda/lagenhet-2rum-botkyrka-tullinge-riksten-botkyrka-kommun-hanvedens-alle-37-4133684523888759702,45-46m²,bostadsratt,2026-09-09T16:00:39.872875
4409858018457318907,https://www.hemnet.se/salda/lagenhet-2rum-sodermalm-katarina-sofia-stockholms-kommun-tegelviksgatan-85-4409858018457318907,45-46m²,bostadsratt,2026-09-09T16:00:39.872876
3047985367405451611,https://www.hemnet.se/salda/lagenhet-2rum-eskilstuna-soder-eskilstuna-kommun-lundbladsvagen-13a-3047985367405451611,45-46m²,bostadsratt,2026-09-09T16:00:39.872877
5101583964048721172,"https://www.hemnet.se/salda/lagenhet-1rum-centrala-solna-solna-kommun-klippgatan-24-c,-6tr-5101583964048721172",45-46m²,bostadsratt,2026-09-09T16:00:39.872879
741134257118003633,https://www.hemnet.se/salda/lagenhet-2rum-landskrona-landskrona-kommun-appelblomsgatan-3-741134257118003633,45-46m²,bostadsratt,2026-09-09T16:00:39.872880
5636088411243423772,https://www.hemnet.se/salda/lagenhet-2rum-hammarbyhojden-stockholms-kommun-thunbergsgatan-8-5636088411243423772,45-46m²,bostadsratt,2026-09-09T16:00:39.872881
6248421182161257395,https://www.hemnet.se/salda/lagenhet-1rum-varby-gard-huddinge-kommun-duvbergsvagen-40-6248421182161257395,45-46m²,bostadsratt,2026-09-09T16:00:39.872882
3924098832542194616,https://www.hemnet.se/salda/lagenhet-2rum-kapellgardet-uppsala-kommun-orgelgatan-7-3924098832542194616,45-46m²,bostadsratt,2026-09-09T16:00:39.872885
1351726003114024426,https://www.hemnet.se/salda/lagenhet-2rum-centrala-hisingen-goteborgs-kommun-ogontrostgatan-2a-1351726003114024426,45-46m²,bostadsratt,2026-09-09T16:00:39.872887
1868513969385219124,https://www.hemnet.se/salda/lagenhet-2rum-stallhagen-vasteras-kommun-pila-brittas-gata-2-1868513969385219124,45-46m²,bostadsratt,2026-09-09T16:00:39.872890
7248789982126154896,"https://www.hemnet.se/salda/lagenhet-1,5rum-rasunda-solna-kommun-ostervagen-10-7248789982126154896",45-46m²,bostadsratt,2026-09-09T16:00:39.872891
3339953041941057296,https://www.hemnet.se/salda/lagenhet-2rum-ultuna-uppsala-kommun-ekoxvagen-8-3339953041941057296,45-46m²,bostadsratt,2026-09-09T16:00:39.872893
8440782554268780989,https://www.hemnet.se/salda/lagenhet-2rum-sodermalm-stockholms-kommun-katarina-vastra-kyrkogata-6c-8440782554268780989,45-46m²,bostadsratt,2026-09-09T16:00:39.872894
4261300497055305728,https://www.hemnet.se/salda/lagenhet-1rum-kapellgardet-uppsala-kommun-portalgatan-78-4261300497055305728,45-46m²,bostadsratt,2026-09-09T16:00:39.872895
2214174353505032558,"https://www.hemnet.se/salda/lagenhet-2rum-rasunda-solna-kommun-rasundavagen-168,-van-7-7-2214174353505032558",45-46m²,bostadsratt,2026-09-09T16:00:39.872896
1527846679823283259,https://www.hemnet.se/salda/lagenhet-2rum-strommensberg-goteborgs-kommun-kobergsgatan-30-1527846679823283259,45-46m²,bostadsratt,2026-09-09T16:00:39.872898
126164388588064095,https://www.hemnet.se/salda/lagenhet-2rum-sandarna-goteborgs-kommun-guldkallegatan-46-126164388588064095,45-46m²,bostadsratt,2026-09-09T16:00:39.872899
4759500563332887080,https://www.hemnet.se/salda/lagenhet-2rum-bromma-abrahamsberg-stockholms-kommun-abrahamsbergsvagen-82-4759500563332887080,45-46m²,bostadsratt,2026-09-09T16:00:39.872900
7146025152819487267,"https://www.hemnet.se/salda/lagenhet-1,5rum-sodermalm-stockholms-kommun-hornsgatan-141d,-3-tr-7146025152819487267",45-46m²,bostadsratt,2026-09-09T16:00:39.872902
8365387187762310111,https://www.hemnet.se/salda/lagenhet-2rum-kalvsund-ockero-kommun-gamla-vagen-51j-8365387187762310111,45-46m²,bostadsratt,2026-09-09T16:00:39.872903
3879355805212279154,"https://www.hemnet.se/salda/lagenhet-1,5rum-almedal-goteborgs-kommun-molndalsvagen-69b-3879355805212279154",45-46m²,bostadsratt,2026-09-09T16:00:39.872904
5813905420870263115,"https://www.hemnet.se/salda/lagenhet-2rum-akalla-stockholms-kommun-sibeliusgangen-44,-6-tr-5813905420870263115",45-46m²,bostadsratt,2026-09-09T16:00:39.872908
3844808685051195329,https://www.hemnet.se/salda/lagenhet-2rum-kungsholmen-stockholms-kommun-kungsholms-strand-141-3844808685051195329,45-46m²,bostadsratt,2026-09-09T16:00:39.872909
7103544143551220987,https://www.hemnet.se/salda/lagenhet-2rum-hammarbyhojden-stockholms-kommun-falkopingsvagen-2-7103544143551220987,45-46m²,bostadsratt,2026-09-09T16:00:39.872910
6996786176726640997,https://www.hemnet.se/salda/lagenhet-2rum-sodermalm-nytorget-stockholms-kommun-ringvagen-153-6996786176726640997,45-46m²,bostadsratt,2026-09-09T16:00:39.872911
956433312189181580,https://www.hemnet.se/salda/lagenhet-2rum-hogaholm-malmo-kommun-serenadgatan-72-956433312189181580,45-46m²,bostadsratt,2026-09-09T16:00:39.872913
2673861475704222756,https://www.hemnet.se/salda/lagenhet-1rum-rasunda-solna-kommun-bokvagen-3-2673861475704222756,45-46m²,bostadsratt,2026-09-09T16:00:39.872914
3871985512712112679,"https://www.hemnet.se/salda/lagenhet-2rum-johannesfred-stockholms-kommun-stangjarnsvagen-9,-3-tr-3871985512712112679",45-46m²,bostadsratt,2026-09-09T16:00:39.872915
7046424380603848718,https://www.hemnet.se/salda/lagenhet-2rum-rasunda-solna-kommun-forradsgatan-2-7046424380603848718,45-46m²,bostadsratt,2026-09-09T16:00:39.872916
5392032427148706118,https://www.hemnet.se/salda/lagenhet-1rum-vaster-landskrona-kommun-svarvaregatan-5b-5392032427148706118,45-46m²,bostadsratt,2026-09-09T16:00:39.872917
6725941545265197610,https://www.hemnet.se/salda/lagenhet-2rum-kungsholmen-fridhemsplan-stockholms-kommun-alstromergatan-32h-6725941545265197610,45-46m²,bostadsratt,2026-09-09T16:00:39.872919
590704652187325645,https://www.hemnet.se/salda/lagenhet-2rum-bromma-akeslund-stockholms-kommun-stopvagen-121-590704652187325645,45-46m²,bostadsratt,2026-09-09T16:00:39.872920
6850489176427478083,"https://www.hemnet.se/salda/lagenhet-2rum-oster,-oxelbergen-norrkopings-kommun-vikbolandsgatan-1-6850489176427478083",45-46m²,bostadsratt,2026-09-09T16:00:39.872921
5528976697659007579,https://www.hemnet.se/salda/lagenhet-2rum-centrala-stuvsta-huddinge-kommun-kungsklippevagen-17-5528976697659007579,45-46m²,bostadsratt,2026-09-09T16:00:39.872923
3903683792878653068,https://www.hemnet.se/salda/lagenhet-1rum-brynas-gavle-kommun-hillmansgatan-20-3903683792878653068,45-46m²,bostadsratt,2026-09-09T16:00:39.872924
6186289176579587137,https://www.hemnet.se/salda/lagenhet-3rum-martiatorget-stockholms-kommun-maria-bangata-2b-6186289176579587137,45-46m²,bostadsratt,2026-09-09T16:00:39.872927
1822341305727798611,"https://www.hemnet.se/salda/lagenhet-1rum-kungsangen-tibble-upplands-bro-kommun-hjortronvagen-27,-1tr-1822341305727798611",45-46m²,bostadsratt,2026-09-09T16:00:39.872928
7821938484370930829,https://www.hemnet.se/salda/lagenhet-2rum-savja-uppsala-kommun-olandsresan-3d-7821938484370930829,45-46m²,bostadsratt,2026-09-09T16:00:39.872930
5664488337369808153,"https://www.hemnet.se/salda/lagenhet-2rum-arsta-stockholms-kommun-arstavagen-23,-van-1-5664488337369808153",45-46m²,bostadsratt,2026-09-09T16:00:39.872933
8666664506377769249,https://www.hemnet.se/salda/lagenhet-2rum-centrum-enkopings-kommun-kryddgardsgatan-21-8666664506377769249,45-46m²,bostadsratt,2026-09-09T16:00:39.872934
6241331248852530801,https://www.hemnet.se/salda/lagenhet-2rum-hogaholm-malmo-kommun-balladgatan-37-6241331248852530801,45-46m²,bostadsratt,2026-09-09T16:00:39.872935
1575060607210390681,https://www.hemnet.se/salda/lagenhet-2rum-kungsholmen-stockholms-kommun-lustgardsgatan-20-1575060607210390681,45-46m²,bostadsratt,2026-09-09T16:00:39.872937
7865150125466191458,https://www.hemnet.se/salda/lagenhet-2rum-katarina-stockholms-kommun-vickergatan-15-7865150125466191458,45-46m²,bostadsratt,2026-09-09T16:00:39.872938
3860595513993044192,https://www.hemnet.se/salda/lagenhet-2rum-kungsholmen-stockholms-kommun-alstromergatan-32l-3860595513993044192,45-46m²,bostadsratt,2026-09-09T16:00:39.872939
9217302741172692514,https://www.hemnet.se/salda/lagenhet-2rum-norra-borstahusen-landskrona-kommun-appelblomsgatan-7-9217302741172692514,45-46m²,bostadsratt,2026-09-09T16:00:39.872940
1208127901554121972,https://www.hemnet.se/salda/lagenhet-2rum-vega-haninge-kommun-fribordsgrand-5-1208127901554121972,45-46m²,bostadsratt,2026-09-09T16:00:39.872942
4912722239899788486,https://www.hemnet.se/salda/lagenhet-2rum-rosendal-uppsala-kommun-amanuensgatan-5-4912722239899788486,45-46m²,bostadsratt,2026-09-09T16:00:39.872943
559011794733447701,https://www.hemnet.se/salda/lagenhet-2rum-fredslyckan-lunds-kommun-parternas-grand-43-559011794733447701,45-46m²,bostadsratt,2026-09-09T16:00:39.872944
6469642729172439133,https://www.hemnet.se/salda/lagenhet-2rum-stureby-stockholms-kommun-sagverksgatan-108-6469642729172439133,45-46m²,bostadsratt,2026-09-09T16:00:39.872945
1285502603562807907,https://www.hemnet.se/salda/lagenhet-2rum-almvik-malmo-kommun-serenadgatan-72-1285502603562807907,45-46m²,bostadsratt,2026-09-09T16:00:39.872947
5615487802017755691,https://www.hemnet.se/salda/lagenhet-2rum-ringstorp-helsingborgs-kommun-hammarbergsgatan-4-5615487802017755691,45-46m²,bostadsratt,2026-09-09T16:00:39.872948
3194302874984599008,"https://www.hemnet.se/salda/lagenhet-4rum-are-by-are-kommun-fjallbyvagen-26,-lgh-143-3194302874984599008",45-46m²,bostadsratt,2026-09-09T16:00:39.872949
1050455444929362022,https://www.hemnet.se/salda/lagenhet-2rum-kvarngardet-uppsala-kommun-djaknegatan-25b-1050455444929362022,45-46m²,bostadsratt,2026-09-09T16:00:39.872951
5403917697671345855,"https://www.hemnet.se/salda/lagenhet-1,5rum-taby-centrum-taby-kommun-grindtorps-skolgrand-28-5403917697671345855",45-46m²,bostadsratt,2026-09-09T16:00:39.872952
2586162937572824334,https://www.hemnet.se/salda/lagenhet-2rum-akalla-stockholms-kommun-sibeliusgangen-50-2586162937572824334,45-46m²,bostadsratt,2026-09-09T16:00:39.872953
8257118615813790491,https://www.hemnet.se/salda/lagenhet-2rum-enskede-stockholms-kommun-bastuhagsvagen-50-8257118615813790491,45-46m²,bostadsratt,2026-09-09T16:00:39.872954
7635311143568924830,https://www.hemnet.se/salda/lagenhet-2rum-norra-faladen-lunds-kommun-parternas-grand-25-7635311143568924830,45-46m²,bostadsratt,2026-09-09T16:00:39.872956
670139152751536187,https://www.hemnet.se/salda/lagenhet-2rum-pedagogen-park-molndals-kommun-kunskapsgatan-21-670139152751536187,45-46m²,bostadsratt,2026-09-09T16:00:39.872957
8543490716675406570,https://www.hemnet.se/salda/lagenhet-2rum-grondal-stockholms-kommun-sannadalsvagen-4-8543490716675406570,45-46m²,bostadsratt,2026-09-09T16:00:39.872958
3329982156145886592,https://www.hemnet.se/salda/lagenhet-2rum-centralt-vaster-nykopings-kommun-bagaregatan-60a-3329982156145886592,45-46m²,bostadsratt,2026-09-09T16:00:39.872959
1236321655619784692,https://www.hemnet.se/salda/lagenhet-2rum-roslags-nasby-taby-kommun-stationsvagen-54-van-4-1236321655619784692,45-46m²,bostadsratt,2026-09-09T16:00:39.872962
8603456740446620172,"https://www.hemnet.se/salda/lagenhet-2rum-vasastan-stockholms-kommun-frejgatan-99,-2-tr-8603456740446620172",45-46m²,bostadsratt,2026-09-09T16:00:39.872964
5851212243621578961,https://www.hemnet.se/salda/lagenhet-2rum-vasastan-stockholms-kommun-roslagsgatan-51-5851212243621578961,45-46m²,bostadsratt,2026-09-09T16:00:39.872965
8394017706090538165,https://www.hemnet.se/salda/lagenhet-2rum-centralt-uddevalla-kommun-skolgatan-23-8394017706090538165,45-46m²,bostadsratt,2026-09-09T16:00:39.872966
554309184748297162,https://www.hemnet.se/salda/lagenhet-1rum-varby-gard-huddinge-kommun-duvbergsvagen-46-554309184748297162,45-46m²,bostadsratt,2026-09-09T16:00:39.872967
2064858663442808992,https://www.hemnet.se/salda/lagenhet-2rum-rasunda-solna-kommun-uppfartsvagen-5-2064858663442808992,45-46m²,bostadsratt,2026-09-09T16:00:39.872969
1192464410875370797,https://www.hemnet.se/salda/lagenhet-2rum-savedalen-partille-kommun-brattaskarrsvagen-7-1192464410875370797,45-46m²,bostadsratt,2026-09-09T16:00:39.872970
6102325735822893490,https://www.hemnet.se/salda/lagenhet-2rum-ekgarden-sodertalje-kommun-lingonstigen-1-6102325735822893490,45-46m²,bostadsratt,2026-09-09T16:00:39.872971
3288988195410126682,https://www.hemnet.se/salda/lagenhet-1rum-lund-lunds-kommun-trastvagen-12b-3288988195410126682,45-46m²,bostadsratt,2026-09-09T16:00:39.872972
2741197139535419635,https://www.hemnet.se/salda/lagenhet-2rum-vastermalm-skovde-kommun-alstromersgatan-2-2741197139535419635,45-46m²,bostadsratt,2026-09-09T16:00:39.872973
2122096907444878342,https://www.hemnet.se/salda/lagenhet-1rum-sodermalm-stockholms-kommun-bjurholmsplan-28-2122096907444878342,45-46m²,bostadsratt,2026-09-09T16:00:39.872977
4827618075948440276,https://www.hemnet.se/salda/lagenhet-2rum-centrala-sundbyberg-sundbybergs-kommun-vintergatan-2b-4827618075948440276,45-46m²,bostadsratt,2026-09-09T16:00:39.872978
8461002799964229758,https://www.hemnet.se/salda/lagenhet-2rum-centrum-lunds-kommun-sodra-esplanaden-16a-8461002799964229758,45-46m²,bostadsratt,2026-09-09T16:00:39.872979
4969291982189298839,https://www.hemnet.se/salda/lagenhet-2rum-tegelbruket-svedala-kommun-mastaregrand-28-4969291982189298839,45-46m²,bostadsratt,2026-09-09T16:00:39.872980
6249640717154895631,https://www.hemnet.se/salda/lagenhet-2rum-kvarnbergsplan-huddinge-kommun-kansligrand-2-6249640717154895631,45-46m²,bostadsratt,2026-09-09T16:00:39.872982
7686519757744021144,https://www.hemnet.se/salda/lagenhet-2rum-blasbo-vasteras-kommun-apalbyvagen-6-7686519757744021144,45-46m²,bostadsratt,2026-09-09T16:00:39.872983
8154588286080911696,https://www.hemnet.se/salda/lagenhet-2rum-storskogen-sundbybergs-kommun-fredsgatan-6a-8154588286080911696,45-46m²,bostadsratt,2026-09-09T16:00:39.872984
3690551126641349594,"https://www.hemnet.se/salda/lagenhet-1,5rum-klara-karlstads-kommun-malmtorgsgatan-11-3690551126641349594",45-46m²,bostadsratt,2026-09-09T16:00:39.872985
477127731855394333,"https://www.hemnet.se/salda/lagenhet-1rum-sodermalm-stockholms-kommun-katarina-bangata-25,-3tr-477127731855394333",45-46m²,bostadsratt,2026-09-09T16:00:39.872987
8727690148399354065,https://www.hemnet.se/salda/lagenhet-2rum-arenastaden-solna-kommun-evenemangsgatan-24-8727690148399354065,45-46m²,bostadsratt,2026-09-09T16:00:39.872988
1143350092305888767,https://www.hemnet.se/salda/lagenhet-2rum-norrtalje-stad-solbacka-strand-norrtalje-kommun-maria-winkvists-vag-10a-1143350092305888767,45-46m²,bostadsratt,2026-09-09T16:00:39.872989
8073975746648410279,"https://www.hemnet.se/salda/lagenhet-2rum-kista-stockholms-kommun-sorogatan-1,-1-tr-8073975746648410279",45-46m²,bostadsratt,2026-09-09T16:00:39.872991
2049133306876210077,https://www.hemnet.se/salda/lagenhet-2rum-ostermalm-vasastan-stockholms-kommun-stickelbarsvagen-8-2049133306876210077,45-46m²,bostadsratt,2026-09-09T16:00:39.872992
344759394204992583,https://www.hemnet.se/salda/lagenhet-2rum-falsterbo-vellinge-kommun-sjogatan-9-344759394204992583,45-46m²,bostadsratt,2026-09-09T16:00:39.872993
8397270310268101480,https://www.hemnet.se/salda/lagenhet-2rum-annedal-stockholms-kommun-kamomillagatan-13-8397270310268101480,45-46m²,bostadsratt,2026-09-09T16:00:39.872995
5744314164775862365,https://www.hemnet.se/salda/lagenhet-2rum-runby-upplands-vasby-kommun-lovstavagen-44a-5744314164775862365,45-46m²,bostadsratt,2026-09-09T16:00:39.872998
8741034942668034564,https://www.hemnet.se/salda/lagenhet-2rum-sodermalm-stockholms-kommun-erstagatan-3-8741034942668034564,45-46m²,bostadsratt,2026-09-09T16:00:39.873001
470112674372404391,"https://www.hemnet.se/salda/lagenhet-1,5rum-tagaborg-helsingborgs-kommun-brommagatan-15-470112674372404391",45-46m²,bostadsratt,2026-09-09T16:00:39.873002
4960646487500794111,"https://www.hemnet.se/salda/lagenhet-2rum-ostermalm-stockholms-kommun-karlavagen-70,-5-tr-4960646487500794111",45-46m²,bostadsratt,2026-09-09T16:00:39.873003
716171950833679491,"https://www.hemnet.se/salda/lagenhet-1,5rum-oster-orebro-kommun-formansgatan-8-716171950833679491",45-46m²,bostadsratt,2026-09-09T16:00:39.873005
8029028727524254614,"https://www.hemnet.se/salda/lagenhet-1,5rum-ostermalm-stockholms-kommun-valhallavagen-67-8029028727524254614",45-46m²,bostadsratt,2026-09-09T16:00:39.873006
3194410578905100003,"https://www.hemnet.se/salda/lagenhet-2rum-nacka-nacka-strand-nacka-kommun-fabrikorvagen-10d,-7-tr-3194410578905100003",45-46m²,bostadsratt,2026-09-09T16:00:39.873007
6937518414953525482,https://www.hemnet.se/salda/lagenhet-2rum-norra-borstahusen-landskrona-kommun-appelblomsgatan-5-6937518414953525482,45-46m²,bostadsratt,2026-09-09T16:00:39.873008
8187169014196396052,https://www.hemnet.se/salda/lagenhet-2rum-fiskebackskil-lysekils-kommun-strandvagen-11b-8187169014196396052,45-46m²,bostadsratt,2026-09-09T16:00:39.873010
7113842500221122552,https://www.hemnet.se/salda/lagenhet-2rum-norrmalm-skovde-kommun-lars-olofs-gata-3c-7113842500221122552,45-46m²,bostadsratt,2026-09-09T16:00:39.873011
3028920381348566480,"https://www.hemnet.se/salda/lagenhet-1,5rum-falhagen-uppsala-kommun-torkelsgatan-8-a-3028920381348566480",45-46m²,bostadsratt,2026-09-09T16:00:39.873012
2826633854929974377,https://www.hemnet.se/salda/lagenhet-2rum-simrishamn-simrishamns-kommun-landstingsgatan-1b-2826633854929974377,45-46m²,bostadsratt,2026-09-09T16:00:39.873013
8915237363924930206,https://www.hemnet.se/salda/lagenhet-1rum-edsberg-sollentuna-kommun-viltstigen-16-8915237363924930206,45-46m²,bostadsratt,2026-09-09T16:00:39.873015
2353610679684733577,"https://www.hemnet.se/salda/lagenhet-1,5rum-centrala-solna-solna-kommun-klippgatan-12c-2353610679684733577",45-46m²,bostadsratt,2026-09-09T16:00:39.873016
4580168607969266873,https://www.hemnet.se/salda/lagenhet-2rum-sodermalm-stockholms-kommun-katarina-bangata-59c-4580168607969266873,45-46m²,bostadsratt,2026-09-09T16:00:39.873017
575918490878053776,https://www.hemnet.se/salda/lagenhet-2rum-jarvastaden-solna-kommun-fridensborgsvagen-116-575918490878053776,45-46m²,bostadsratt,2026-09-09T16:00:39.873018
5238144841538526857,https://www.hemnet.se/salda/lagenhet-3rum-osterhaninge-haninge-kommun-oxens-gata-266-5238144841538526857,45-46m²,bostadsratt,2026-09-09T16:00:39.873020
4781524672473569802,https://www.hemnet.se/salda/lagenhet-2rum-centrum-uppsala-kommun-kungsgatan-32-4781524672473569802,45-46m²,bostadsratt,2026-09-09T16:00:39.873023
5764399649261298936,https://www.hemnet.se/salda/lagenhet-2rum-hovas-goteborgs-kommun-hovas-alle-32-5764399649261298936,45-46m²,bostadsratt,2026-09-09T16:00:39.873024
1435381520940284520,https://www.hemnet.se/salda/lagenhet-2rum-oster-malarstrand-vasteras-kommun-sjojungfrugatan-3b-1435381520940284520,45-46m²,bostadsratt,2026-09-09T16:00:39.873025
1493667654038208426,https://www.hemnet.se/salda/lagenhet-2rum-ballsta-strand-sundbybergs-kommun-hamngatan-18e-1493667654038208426,45-46m²,bostadsratt,2026-09-09T16:00:39.873027
4378869438106493656,https://www.hemnet.se/salda/lagenhet-2rum-inverness-danderyds-kommun-klostervagen-7a-4378869438106493656,45-46m²,bostadsratt,2026-09-09T16:00:39.873028
1938969886358003243,https://www.hemnet.se/salda/lagenhet-2rum-kista-stockholms-kommun-sibeliusgangen-34-1938969886358003243,45-46m²,bostadsratt,2026-09-09T16:00:39.873029
6584001577230247265,"https://www.hemnet.se/salda/lagenhet-1,5rum-globen-johanneshov-stockholms-kommun-pastellvagen-13-6584001577230247265",45-46m²,bostadsratt,2026-09-09T16:00:39.873030
4021813376741436303,https://www.hemnet.se/salda/lagenhet-1rum-centralt-linkopings-kommun-djurgardsgatan-30b-4021813376741436303,45-46m²,bostadsratt,2026-09-09T16:00:39.873032
1397032423539400028,https://www.hemnet.se/salda/lagenhet-2rum-solna-centrum-solna-kommun-sagagatan-12-1397032423539400028,45-46m²,bostadsratt,2026-09-09T16:00:39.873033
1140968072809165160,"https://www.hemnet.se/salda/lagenhet-1,5rum-centrala-sundbyberg-sundbybergs-kommun-bergsgatan-6-1140968072809165160",45-46m²,bostadsratt,2026-09-09T16:00:39.873036
164624261863828643,https://www.hemnet.se/salda/lagenhet-2rum-tullinge-botkyrka-kommun-nyangsvagen-4-164624261863828643,45-46m²,bostadsratt,2026-09-09T16:00:39.873037
2815251157794928475,https://www.hemnet.se/salda/lagenhet-2rum-centralt-linkopings-kommun-bielkegatan-2b-2815251157794928475,45-46m²,bostadsratt,2026-09-09T16:00:39.873038
1326038244111043807,https://www.hemnet.se/salda/lagenhet-2rum-sodermalm-katarina-sofia-stockholms-kommun-erstagatan-26-1326038244111043807,45-46m²,bostadsratt,2026-09-09T16:00:39.873040
5160613844571672373,https://www.hemnet.se/salda/lagenhet-2rum-hammarbyhojden-stockholms-kommun-hasselquistvagen-11-5160613844571672373,45-46m²,bostadsratt,2026-09-09T16:00:39.873041
6081884086442537379,https://www.hemnet.se/salda/lagenhet-2rum-hagerstensasen-stockholms-kommun-sparbanksvagen-50-6081884086442537379,45-46m²,bostadsratt,2026-09-09T16:00:39.873042
8049997488315548129,"https://www.hemnet.se/salda/lagenhet-2rum-vasastaden-stockholms-kommun-drejargatan-2,-1tr-8049997488315548129",45-46m²,bostadsratt,2026-09-09T16:00:39.873043
2436797041828918428,"https://www.hemnet.se/salda/lagenhet-2rum-tradgardsstaden-upplands-bro-kommun-unnas-vag-4,-lgh-nr-13-2436797041828918428",45-46m²,bostadsratt,2026-09-09T16:00:39.873045
8731837818602613032,https://www.hemnet.se/salda/lagenhet-2rum-karlberg-karlskoga-kommun-floravagen-5-8731837818602613032,45-46m²,bostadsratt,2026-09-09T16:00:39.873046
6567708030324131578,https://www.hemnet.se/salda/lagenhet-2rum-stigberget-goteborgs-kommun-fjallgatan-9n-6567708030324131578,45-46m²,bostadsratt,2026-09-09T16:00:39.873047
6317774635814008622,https://www.hemnet.se/salda/lagenhet-2rum-centrala-huddinge-huddinge-kommun-forradsvagen-34-6317774635814008622,45-46m²,bostadsratt,2026-09-09T16:00:39.873049
3238929325513970590,https://www.hemnet.se/salda/lagenhet-1rum-centrum-halmstads-kommun-torsgatan-5c-3238929325513970590,45-46m²,bostadsratt,2026-09-09T16:00:39.873050
2895842463789411189,https://www.hemnet.se/salda/lagenhet-2rum-sodermalm-stockholms-kommun-helgagatan-36n-2895842463789411189,45-46m²,bostadsratt,2026-09-09T16:00:39.873051
1717092807493406989,https://www.hemnet.se/salda/lagenhet-2rum-centralt-kungalvs-kommun-inlandsgatan-13-1717092807493406989,45-46m²,bostadsratt,2026-09-09T16:00:39.873052
6203414602004171686,https://www.hemnet.se/salda/lagenhet-2rum-sodermalm-katarina-stockholms-kommun-moregatan-10-6203414602004171686,45-46m²,bostadsratt,2026-09-09T16:00:39.873054
4763929538564198546,https://www.hemnet.se/salda/lagenhet-2rum-centrum-enkopings-kommun-kryddgardsgatan-21b-4763929538564198546,45-46m²,bostadsratt,2026-09-09T16:00:39.873055
4420101310349181514,https://www.hemnet.se/salda/lagenhet-1rum-ulriksdal-solna-kommun-drottning-kristinas-esplanad-55-4420101310349181514,45-46m²,bostadsratt,2026-09-09T16:00:39.873056
973789397663506905,https://www.hemnet.se/salda/lagenhet-1rum-centralt-solvesborgs-kommun-munkvagen-2b-973789397663506905,45-46m²,bostadsratt,2026-09-09T16:00:39.873057
5820879627676006251,https://www.hemnet.se/salda/lagenhet-2rum-hagersten-stockholms-kommun-sparbanksvagen-46-5820879627676006251,45-46m²,bostadsratt,2026-09-09T16:00:39.873059
2123856477526397516,https://www.hemnet.se/salda/lagenhet-2rum-hagersten-stockholms-kommun-selmedalsringen-22-2123856477526397516,45-46m²,bostadsratt,2026-09-09T16:00:39.873060
2966913923924581571,https://www.hemnet.se/salda/lagenhet-2rum-karrtorp-stockholms-kommun-soderarmsvagen-18b-2966913923924581571,45-46m²,bostadsratt,2026-09-09T16:00:39.873061
6494650971525023383,"https://www.hemnet.se/salda/lagenhet-45,5m2-soder-norrkopings-kommun-lagergrensgatan-31-6494650971525023383",45-46m²,bostadsratt,2026-09-09T16:00:39.873062
1013612986314647781,"https://www.hemnet.se/salda/lagenhet-1,5rum-ostermalm-kristianstads-kommun-osterlanggatan-3a-1013612986314647781",45-46m²,bostadsratt,2026-09-09T16:00:39.873064
426324602888815621,https://www.hemnet.se/salda/lagenhet-1rum-centrala-vara-vara-kommun-allegatan-18-426324602888815621,45-46m²,bostadsratt,2026-09-09T16:00:39.873067
844818749349701323,https://www.hemnet.se/salda/lagenhet-2rum-ursvik-sundbybergs-kommun-gamla-enkopingsvagen-174-844818749349701323,45-46m²,bostadsratt,2026-09-09T16:00:39.873068
6179845163755104667,"https://www.hemnet.se/salda/lagenhet-1,5rum-ljungnas-monsteras-kommun-asgardsgatan-66-6179845163755104667",45-46m²,bostadsratt,2026-09-09T16:00:39.873069
7832503499144122287,https://www.hemnet.se/salda/lagenhet-2rum-savja-uppsala-kommun-olandsresan-3d-7832503499144122287,45-46m²,bostadsratt,2026-09-09T16:00:39.873072
2768886649683638000,"https://www.hemnet.se/salda/lagenhet-2rum-vasastaden-stockholms-kommun-norrbackagatan-60,-4-tr-2768886649683638000",45-46m²,bostadsratt,2026-09-09T16:00:39.873074
5344723210445312565,https://www.hemnet.se/salda/lagenhet-2rum-rydbo-osterakers-kommun-bjorkvagen-26-5344723210445312565,45-46m²,bostadsratt,2026-09-09T16:00:39.873075
2698129184651625769,https://www.hemnet.se/salda/lagenhet-2rum-vasastan-stockholms-kommun-gavlegatan-13-2698129184651625769,45-46m²,bostadsratt,2026-09-09T16:00:39.873076
7134798126884680730,https://www.hemnet.se/salda/lagenhet-2rum-flatas-goteborgs-kommun-distansgatan-23d-7134798126884680730,45-46m²,bostadsratt,2026-09-09T16:00:39.873078
9085867539008057360,https://www.hemnet.se/salda/lagenhet-2rum-oringe-tyreso-kommun-diamantgangen-261-9085867539008057360,45-46m²,bostadsratt,2026-09-09T16:00:39.873079
1292714735895108897,"https://www.hemnet.se/salda/lagenhet-1,5rum-vasteras-vasteras-kommun-hagagrand-15-1292714735895108897",45-46m²,bostadsratt,2026-09-09T16:00:39.873080
1289175702497864390,https://www.hemnet.se/salda/lagenhet-2rum-jarvastaden-solna-kommun-jarva-skjutbanevag-48-1289175702497864390,45-46m²,bostadsratt,2026-09-09T16:00:39.873081
1476540537701087673,https://www.hemnet.se/salda/lagenhet-2rum-grondal-stockholms-kommun-bryggvagen-17-1476540537701087673,45-46m²,bostadsratt,2026-09-09T16:00:39.873082
8283461061862789003,https://www.hemnet.se/salda/lagenhet-1rum-skarpnack-stockholms-kommun-horisontvagen-87b-8283461061862789003,45-46m²,bostadsratt,2026-09-09T16:00:39.873084
4562527072314013865,https://www.hemnet.se/salda/lagenhet-2rum-ostermalm-stockholms-kommun-linnegatan-20-4562527072314013865,45-46m²,bostadsratt,2026-09-09T16:00:39.873085
7839648439547803673,https://www.hemnet.se/salda/lagenhet-2rum-hasthagen-davidshall-malmo-kommun-erik-dahlbergsgatan-17-7839648439547803673,45-46m²,bostadsratt,2026-09-09T16:00:39.873088
6100303007515240894,https://www.hemnet.se/salda/lagenhet-2rum-ulvsunda-industriomrade-stockholms-kommun-stangjarnsvagen-6-6100303007515240894,45-46m²,bostadsratt,2026-09-09T16:00:39.873089
7888958777219324877,https://www.hemnet.se/salda/lagenhet-2rum-mollevangen-malmo-kommun-amiralsgatan-47-7888958777219324877,45-46m²,bostadsratt,2026-09-09T16:00:39.873090
365330499394146941,https://www.hemnet.se/salda/lagenhet-2rum-sigtuna-sigtuna-stadsangar-sigtuna-kommun-silvertorget-10-365330499394146941,45-46m²,bostadsratt,2026-09-09T16:00:39.873092
8275485718022084690,"https://www.hemnet.se/salda/lagenhet-1,5rum-sjodalen-huddinge-kommun-sjodalsvagen-17-8275485718022084690",45-46m²,bostadsratt,2026-09-09T16:00:39.873093
6711644273221701358,https://www.hemnet.se/salda/lagenhet-3rum-bohuslan-kungalvs-kommun-hamngatan-35-villa-maritime-lgh-311-helagd-6711644273221701358,45-46m²,bostadsratt,2026-09-09T16:00:39.873094
8025742010058881311,https://www.hemnet.se/salda/lagenhet-2rum-vasastaden-goteborgs-kommun-vastergatan-6a-8025742010058881311,45-46m²,bostadsratt,2026-09-09T16:00:39.873096
5534411261863975616,"https://www.hemnet.se/salda/lagenhet-1,5rum-sodermalm-stockholms-kommun-fatburs-kvarngata-16-5534411261863975616",45-46m²,bostadsratt,2026-09-09T16:00:39.873097
5085681219656720738,https://www.hemnet.se/salda/lagenhet-2rum-oringe-tyreso-kommun-diamantgangen-205-5085681219656720738,45-46m²,bostadsratt,2026-09-09T16:00:39.873098
2180620490063809585,"https://www.hemnet.se/salda/lagenhet-2,5rum-norsborg-botkyrka-kommun-skarpbrunnavagen-17-2180620490063809585",45-46m²,bostadsratt,2026-09-09T16:00:39.873099
3096726236214554746,https://www.hemnet.se/salda/lagenhet-2rum-grindtorp-taby-kommun-kometvagen-19-3096726236214554746,45-46m²,bostadsratt,2026-09-09T16:00:39.873101
5959935647276275354,https://www.hemnet.se/salda/lagenhet-1rum-karlslund-ostersunds-kommun-laroverksgrand-7a-5959935647276275354,45-46m²,bostadsratt,2026-09-09T16:00:39.873102
4593560779781500816,https://www.hemnet.se/salda/lagenhet-2rum-vastra-orminge-nacka-kommun-ormingeringen-48a-4593560779781500816,45-46m²,bostadsratt,2026-09-09T16:00:39.873103
6202483680421920044,https://www.hemnet.se/salda/lagenhet-2rum-stockholm-stockholms-kommun-frejgatan-51-6202483680421920044,45-46m²,bostadsratt,2026-09-09T16:00:39.873104
2003389754985838306,"https://www.hemnet.se/salda/lagenhet-2rum-aspudden-stockholms-kommun-hagerstensvagen-117a,-van-4-2003389754985838306",45-46m²,bostadsratt,2026-09-09T16:00:39.873107
8920916142245695290,"https://www.hemnet.se/salda/lagenhet-2rum-hersby-lidingo-kommun-kyrkvagen-8,-2tr-8920916142245695290",45-46m²,bostadsratt,2026-09-09T16:00:39.873109
39439079467062603,https://www.hemnet.se/salda/lagenhet-2rum-kungsholmen-nedre-kungsholmen-stockholms-kommun-karlsviksgatan-7-39439079467062603,45-46m²,bostadsratt,2026-09-09T16:00:39.873110
5904691470023256338,https://www.hemnet.se/salda/lagenhet-2rum-flatas-goteborgs-kommun-distansgatan-23c-5904691470023256338,45-46m²,bostadsratt,2026-09-09T16:00:39.873113
6319845870574737799,https://www.hemnet.se/salda/lagenhet-2rum-alvsjo-stockholms-kommun-langsjovagen-130-6319845870574737799,45-46m²,bostadsratt,2026-09-09T16:00:39.873114
8847060355769567108,https://www.hemnet.se/salda/lagenhet-2rum-krylbo-bjorkarsbo-avesta-kommun-karrgatan-4b-8847060355769567108,45-46m²,bostadsratt,2026-09-09T16:00:39.873116
3570987059339146829,https://www.hemnet.se/salda/lagenhet-2rum-enskede-stureby-stockholms-kommun-sagverksgatan-104-3570987059339146829,45-46m²,bostadsratt,2026-09-09T16:00:39.873117
6745862144332457449,https://www.hemnet.se/salda/lagenhet-2rum-skarmarbrink-stockholms-kommun-pelargatan-4-6745862144332457449,45-46m²,bostadsratt,2026-09-09T16:00:39.873118
591187810117864999,"https://www.hemnet.se/salda/lagenhet-1,5rum-lindo-kalmar-kommun-lagmansgatan-8b-591187810117864999",45-46m²,bostadsratt,2026-09-09T16:00:39.873119
5132161067816885343,"https://www.hemnet.se/salda/lagenhet-2rum-ostermalm-vasastan-stockholms-kommun-surbrunnsgatan-1,-4-tr-5132161067816885343",45-46m²,bostadsratt,2026-09-09T16:00:39.873121
2483511380551819476,https://www.hemnet.se/salda/lagenhet-2rum-bromma-stockholms-kommun-yllevagen-10-2483511380551819476,45-46m²,bostadsratt,2026-09-09T16:00:39.873122
7580889983299164590,"https://www.hemnet.se/salda/lagenhet-2rum-hornstull-sodermalm-stockholms-kommun-lorensbergsgatan-1a,-2-tr-7580889983299164590",45-46m²,bostadsratt,2026-09-09T16:00:39.873123
4323621241027265283,https://www.hemnet.se/salda/lagenhet-2rum-hasselby-villastad-stockholms-kommun-radisvagen-80b-4323621241027265283,45-46m²,bostadsratt,2026-09-09T16:00:39.873125
2461996788675841336,https://www.hemnet.se/salda/lagenhet-1rum-filborna-helsingborgs-kommun-linbastagatan-9-2461996788675841336,45-46m²,bostadsratt,2026-09-09T16:00:39.873126
3706776341739103504,https://www.hemnet.se/salda/lagenhet-2rum-alphyddan-nacka-kommun-alphyddevagen-55-3706776341739103504,45-46m²,bostadsratt,2026-09-09T16:00:39.873127
4571139281019758051,https://www.hemnet.se/salda/lagenhet-2rum-folkets-park-malmo-kommun-karlskronaplan-5-u1-4571139281019758051,45-46m²,bostadsratt,2026-09-09T16:00:39.873128
6342500159114354137,https://www.hemnet.se/salda/lagenhet-2rum-johanneberg-goteborgs-kommun-gibraltargatan-38-6342500159114354137,45-46m²,bostadsratt,2026-09-09T16:00:39.873130
500152865328559320,"https://www.hemnet.se/salda/lagenhet-1,5rum-ovre-eriksberg-goteborgs-kommun-inagogatan-4-500152865328559320",45-46m²,bostadsratt,2026-09-09T16:00:39.873131
6318178988400328527,https://www.hemnet.se/salda/lagenhet-2rum-arsta-stockholms-kommun-mockelvagen-22-6318178988400328527,45-46m²,bostadsratt,2026-09-09T16:00:39.873132
25914620077840341,https://www.hemnet.se/salda/lagenhet-2rum-grindtorp-taby-kommun-kometvagen-21-25914620077840341,45-46m²,bostadsratt,2026-09-09T16:00:39.873133
6935796398796991492,https://www.hemnet.se/salda/lagenhet-2rum-vastermalm-skovde-kommun-alstromersgatan-4-6935796398796991492,45-46m²,bostadsratt,2026-09-09T16:00:39.873135
7474600432529341457,https://www.hemnet.se/salda/lagenhet-2rum-sorgenfri-malmo-kommun-amiralsgatan-72b-7474600432529341457,45-46m²,bostadsratt,2026-09-09T16:00:39.873136
2812032330665783709,https://www.hemnet.se/salda/lagenhet-2rum-hoganas-uppsala-kommun-vaksalagatan-44a-2812032330665783709,45-46m²,bostadsratt,2026-09-09T16:00:39.873137
2957245323717799363,https://www.hemnet.se/salda/lagenhet-2rum-hyllie-malmo-kommun-sivs-grand-9a-2957245323717799363,45-46m²,bostadsratt,2026-09-09T16:00:39.873138
4654663997591676089,https://www.hemnet.se/salda/lagenhet-2rum-akalla-stockholms-kommun-sibeliusgangen-48-4654663997591676089,45-46m²,bostadsratt,2026-09-09T16:00:39.873140
2285571198461904070,https://www.hemnet.se/salda/lagenhet-3rum-soder-norrkopings-kommun-lagergrensgatan-41-2285571198461904070,45-46m²,bostadsratt,2026-09-09T16:00:39.873141
8025824349009336853,https://www.hemnet.se/salda/lagenhet-2rum-bromma-traneberg-stockholms-kommun-hoburgsstigen-12-8025824349009336853,45-46m²,bostadsratt,2026-09-09T16:00:39.873144
3584657201953924045,https://www.hemnet.se/salda/lagenhet-2rum-soder-norrkopings-kommun-trozelligatan-30-3584657201953924045,45-46m²,bostadsratt,2026-09-09T16:00:39.873145
6731610067372034493,https://www.hemnet.se/salda/lagenhet-1rum-majorna-sandarna-goteborgs-kommun-orustgatan-13c-6731610067372034493,45-46m²,bostadsratt,2026-09-09T16:00:39.873146
6262926639355487190,https://www.hemnet.se/salda/lagenhet-1rum-vastra-skogen-huvudsta-solna-kommun-arvid-tydens-alle-28-6262926639355487190,45-46m²,bostadsratt,2026-09-09T16:00:39.873148
5008145742252755410,https://www.hemnet.se/salda/lagenhet-2rum-naset-lidingo-kommun-hognasvagen-9-5008145742252755410,45-46m²,bostadsratt,2026-09-09T16:00:39.873149
8769207621294329450,"https://www.hemnet.se/salda/lagenhet-1,5rum-folkets-park-malmo-kommun-falsterbogatan-20-8769207621294329450",45-46m²,bostadsratt,2026-09-09T16:00:39.873150
7779484386303124409,https://www.hemnet.se/salda/lagenhet-2rum-frolunda-goteborgs-kommun-guldringen-3-7779484386303124409,45-46m²,bostadsratt,2026-09-09T16:00:39.873152
8363191038771160057,https://www.hemnet.se/salda/lagenhet-2rum-centrala-vasby-upplands-vasby-kommun-drabantgatan-52-8363191038771160057,45-46m²,bostadsratt,2026-09-09T16:00:39.873153
4933623564986618027,https://www.hemnet.se/salda/lagenhet-1rum-korfaltet-ostersunds-kommun-hovslagargrand-9-4933623564986618027,45-46m²,bostadsratt,2026-09-09T16:00:39.873154
3491013780741905451,"https://www.hemnet.se/salda/lagenhet-2rum-lilla-essingen-stockholms-kommun-stralgatan-8,-5-tr-3491013780741905451",45-46m²,bostadsratt,2026-09-09T16:00:39.873157
4613466023595952815,https://www.hemnet.se/salda/lagenhet-2rum-bromma-johannesfred-stockholms-kommun-bjorkbacksvagen-40-4613466023595952815,45-46m²,bostadsratt,2026-09-09T16:00:39.873158
2453478224105007395,https://www.hemnet.se/salda/lagenhet-2rum-ursvik-sundbybergs-kommun-skrivargatan-31-2453478224105007395,45-46m²,bostadsratt,2026-09-09T16:00:39.873160
3789181746324076797,https://www.hemnet.se/salda/lagenhet-1rum-odenslund-ostersunds-kommun-allegatan-28n-3789181746324076797,45-46m²,bostadsratt,2026-09-09T16:00:39.873161
156431466999912378,"https://www.hemnet.se/salda/lagenhet-2rum-sodermalm-stockholms-kommun-katarina-bangata-47,-van-5-156431466999912378",45-46m²,bostadsratt,2026-09-09T16:00:39.873162
443241646164485258,https://www.hemnet.se/salda/lagenhet-2rum-vidkarr-goteborgs-kommun-attekullen-1-443241646164485258,45-46m²,bostadsratt,2026-09-09T16:00:39.873163
5263324615900932869,"https://www.hemnet.se/salda/lagenhet-1,5rum-hoganas-uppsala-kommun-hoganasgatan-4c-5263324615900932869",45-46m²,bostadsratt,2026-09-09T16:00:39.873165
8113387539110392385,https://www.hemnet.se/salda/lagenhet-2rum-kviberg-goteborgs-kommun-soldathemsgatan-18-8113387539110392385,45-46m²,bostadsratt,2026-09-09T16:00:39.873166
7457346096151851541,https://www.hemnet.se/salda/lagenhet-1rum-odenslund-odenskog-ostersunds-kommun-allegatan-18-f-7457346096151851541,45-46m²,bostadsratt,2026-09-09T16:00:39.873167
5299122928983890537,https://www.hemnet.se/salda/lagenhet-2rum-liljeholmskajen-stockholms-kommun-sturehillsvagen-9-5299122928983890537,45-46m²,bostadsratt,2026-09-09T16:00:39.873168
8710974395026861328,https://www.hemnet.se/salda/lagenhet-2rum-tullinge-botkyrka-kommun-fagerlidsvagen-7-8710974395026861328,45-46m²,bostadsratt,2026-09-09T16:00:39.873170
329807013344817762,"https://www.hemnet.se/salda/lagenhet-2,5rum-kungsholmen-stockholms-kommun-kungsholms-strand-183,-vaning-3-329807013344817762",45-46m²,bostadsratt,2026-09-09T16:00:39.873171
5585851748684318564,https://www.hemnet.se/salda/lagenhet-2rum-centrum-vasteras-kommun-linnegatan-12-5585851748684318564,45-46m²,bostadsratt,2026-09-09T16:00:39.873172
165938382675386470,https://www.hemnet.se/salda/lagenhet-2rum-lunden-goteborgs-kommun-sergelsgatan-1b-165938382675386470,45-46m²,bostadsratt,2026-09-09T16:00:39.873174
1188840051087607821,https://www.hemnet.se/salda/lagenhet-2rum-rasunda-solna-kommun-ostervagen-28b-1188840051087607821,45-46m²,bostadsratt,2026-09-09T16:00:39.873175
2395558173381818042,https://www.hemnet.se/salda/lagenhet-2rum-sodercentrum-kalmar-kommun-bragegatan-29c-2395558173381818042,45-46m²,bostadsratt,2026-09-09T16:00:39.873176
3489886405185786189,https://www.hemnet.se/salda/lagenhet-2rum-bellman-uppsala-kommun-bellmansgatan-88-3489886405185786189,45-46m²,bostadsratt,2026-09-09T16:00:39.873179
8669988635017464175,https://www.hemnet.se/salda/lagenhet-2rum-sandarna-goteborgs-kommun-karl-johansgatan-164-b-8669988635017464175,45-46m²,bostadsratt,2026-09-09T16:00:39.873182
6606017675159113893,https://www.hemnet.se/salda/lagenhet-2rum-kungsholmen-stockholms-kommun-norr-malarstrand-62-6606017675159113893,45-46m²,bostadsratt,2026-09-09T16:00:39.873184
4780834643028880430,"https://www.hemnet.se/salda/lagenhet-2,5rum-sodermalm-katarina-sofia-stockholms-kommun-timotejgatan-7-4780834643028880430",45-46m²,bostadsratt,2026-09-09T16:00:39.873185
3075833169948500758,"https://www.hemnet.se/salda/lagenhet-2rum-liljeholmskajen-stockholms-kommun-marieviksgatan-41,-1tr,-3075833169948500758",45-46m²,bostadsratt,2026-09-09T16:00:39.873186
6472199180704557010,https://www.hemnet.se/salda/lagenhet-2rum-sodermalm-hornstull-stockholms-kommun-langholmsgatan-13-6472199180704557010,45-46m²,bostadsratt,2026-09-09T16:00:39.873188
4544262865109580196,https://www.hemnet.se/salda/lagenhet-2rum-johanneberg-goteborgs-kommun-kristinehojdsgatan-5-4544262865109580196,45-46m²,bostadsratt,2026-09-09T16:00:39.873189
8324793519642094154,https://www.hemnet.se/salda/lagenhet-2rum-vastra-sorgenfri-malmo-kommun-ahusgatan-2-8324793519642094154,45-46m²,bostadsratt,2026-09-09T16:00:39.873190
3034115666742598606,https://www.hemnet.se/salda/lagenhet-1rum-centrala-boden-bodens-kommun-kyrkgatan-16-3034115666742598606,45-46m²,bostadsratt,2026-09-09T16:00:39.873192
3211147959975309288,"https://www.hemnet.se/salda/lagenhet-2,5rum-vastra-orminge-nacka-kommun-ormingeringen-28b-3211147959975309288",45-46m²,bostadsratt,2026-09-09T16:00:39.873193
8018257229962786854,https://www.hemnet.se/salda/lagenhet-2rum-midsommarkransen-telefonplan-stockholms-kommun-radiusbacken-31-8018257229962786854,45-46m²,bostadsratt,2026-09-09T16:00:39.873194
4660275222881076106,https://www.hemnet.se/salda/lagenhet-2rum-tannefors-linkopings-kommun-hogatan-4a-4660275222881076106,45-46m²,bostadsratt,2026-09-09T16:00:39.873195
5200698681058680045,"https://www.hemnet.se/salda/lagenhet-1,5rum-folkets-park-malmo-kommun-karlshamnsgatan-7b-5200698681058680045",45-46m²,bostadsratt,2026-09-09T16:00:39.873197
