property_id,url,area_range,scraped_at
3143257172488527621,https://www.hemnet.se/salda/lagenhet-3rum-gustavsberg-varmdo-kommun-magnus-isaeus-gata-1-3143257172488527621,66-67m²,2026-03-14T11:54:14.380842
679510054028305660,https://www.hemnet.se/salda/lagenhet-3rum-norrstrand-karlstads-kommun-nolbyplan-7b-679510054028305660,66-67m²,2026-03-14T11:54:14.380848
3159270819067668628,https://www.hemnet.se/salda/lagenhet-2rum-jakobsberg-jarfalla-kommun-aspnasvagen-18-van-11-11-3159270819067668628,66-67m²,2026-03-14T11:54:14.380850
1213185267059964705,https://www.hemnet.se/salda/lagenhet-2rum-kapellgardet-uppsala-kommun-portalgatan-31-1213185267059964705,66-67m²,2026-03-14T11:54:14.380852
1268613298511423647,https://www.hemnet.se/salda/lagenhet-3rum-hogsbo-goteborgs-kommun-sjupundsgatan-31-1268613298511423647,66-67m²,2026-03-14T11:54:14.380853
354891534642253691,https://www.hemnet.se/salda/lagenhet-3rum-arlov-burlovs-kommun-gronvagen-2e-354891534642253691,66-67m²,2026-03-14T11:54:14.380854
6262718379696669917,"https://www.hemnet.se/salda/lagenhet-3,5rum-horningsnas-huddinge-kommun-tujavagen-35-6262718379696669917",66-67m²,2026-03-14T11:54:14.380856
1832269781555277602,https://www.hemnet.se/salda/lagenhet-3rum-sodra-ekkallan-linkopings-kommun-bataljonsgatan-25-1832269781555277602,66-67m²,2026-03-14T11:54:14.380857
6338121046499449997,https://www.hemnet.se/salda/lagenhet-2rum-oxie-kyrkby-malmo-kommun-stensakervagen-270-6338121046499449997,66-67m²,2026-03-14T11:54:14.380858
7790293900512153578,"https://www.hemnet.se/salda/lagenhet-3rum-stockholm-ekhagen-stockholms-kommun-ekhagsvagen-12,-2-tr-7790293900512153578",66-67m²,2026-03-14T11:54:14.380860
4584166108880368316,https://www.hemnet.se/salda/lagenhet-2rum-drottningtorget-malmo-kommun-stora-tradgardsgatan-6a-4584166108880368316,66-67m²,2026-03-14T11:54:14.380861
7015624575935155782,https://www.hemnet.se/salda/lagenhet-3rum-ekhagen-jonkopings-kommun-ronngatan-5-7015624575935155782,66-67m²,2026-03-14T11:54:14.380863
3946049272865968675,https://www.hemnet.se/salda/lagenhet-3rum-norra-ormesta-orebro-kommun-alholmsgatan-15-3946049272865968675,66-67m²,2026-03-14T11:54:14.380864
112308029954729351,https://www.hemnet.se/salda/lagenhet-2rum-ritorp-oxelgrenshagen-sodertalje-kommun-bergsgatan-10-112308029954729351,66-67m²,2026-03-14T11:54:14.380866
6717168131029434829,https://www.hemnet.se/salda/lagenhet-2rum-bromma-mariehall-stockholms-kommun-tomtebobarnens-gata-6-6717168131029434829,66-67m²,2026-03-14T11:54:14.380873
7776710840533414453,https://www.hemnet.se/salda/lagenhet-2rum-haggvik-sollentuna-kommun-sollentunavagen-281-7776710840533414453,66-67m²,2026-03-14T11:54:14.380876
3413288525563861537,https://www.hemnet.se/salda/lagenhet-2rum-ektorp-norrkopings-kommun-trestegsgatan-99-3413288525563861537,66-67m²,2026-03-14T11:54:14.380879
8918142036477512562,https://www.hemnet.se/salda/lagenhet-2rum-molndal-molndals-kommun-bergmansgatan-15-8918142036477512562,66-67m²,2026-03-14T11:54:14.380882
6409240841295491701,https://www.hemnet.se/salda/lagenhet-3rum-majorna-goteborgs-kommun-kommendorsgatan-43a-6409240841295491701,66-67m²,2026-03-14T11:54:14.380885
8564111626368459001,https://www.hemnet.se/salda/lagenhet-2rum-erlandsdal-svedala-kommun-blavingegatan-3-8564111626368459001,66-67m²,2026-03-14T11:54:14.380887
2915274802975513127,https://www.hemnet.se/salda/lagenhet-2rum-korfaltet-ostersunds-kommun-krutvaktargrand-36-2915274802975513127,66-67m²,2026-03-14T11:54:14.380890
3973146463135013388,https://www.hemnet.se/salda/lagenhet-2rum-centrum-uppsala-kommun-svartbacksgatan-43e-3973146463135013388,66-67m²,2026-03-14T11:54:14.380892
2472752279347821950,https://www.hemnet.se/salda/lagenhet-2rum-triangeln-malmo-kommun-spangatan-6a-2472752279347821950,66-67m²,2026-03-14T11:54:14.380894
2123223809218344897,https://www.hemnet.se/salda/lagenhet-2rum-vastra-hudiksvall-hudiksvalls-kommun-sofiedalsvagen-1-2123223809218344897,66-67m²,2026-03-14T11:54:14.380897
7126278583738974382,https://www.hemnet.se/salda/lagenhet-2rum-vasastan-stockholms-kommun-kungstensgatan-58-7126278583738974382,66-67m²,2026-03-14T11:54:14.380899
168276211983261057,https://www.hemnet.se/salda/lagenhet-3rum-turinge-nykvarns-kommun-bruksparken-10-168276211983261057,66-67m²,2026-03-14T11:54:14.380902
6932512645270931864,https://www.hemnet.se/salda/lagenhet-3rum-edsberg-sollentuna-kommun-kruthornsvagen-36-6932512645270931864,66-67m²,2026-03-14T11:54:14.380904
1649248356637150808,https://www.hemnet.se/salda/lagenhet-2rum-vasastaden-goteborgs-kommun-karl-gustavsgatan-31-1649248356637150808,66-67m²,2026-03-14T11:54:14.380907
2852264572003831467,"https://www.hemnet.se/salda/lagenhet-2,5rum-bromma-traneberg-stockholms-kommun-mossebergsvagen-26,-2tr-2852264572003831467",66-67m²,2026-03-14T11:54:14.380909
9151375637278615220,https://www.hemnet.se/salda/lagenhet-2rum-linnestaden-goteborgs-kommun-varmlandsgatan-16b-9151375637278615220,66-67m²,2026-03-14T11:54:14.380912
6202145710684073278,https://www.hemnet.se/salda/lagenhet-2rum-ronninge-salems-kommun-stationsvagen-3-6202145710684073278,66-67m²,2026-03-14T11:54:14.380915
7497956411488995264,https://www.hemnet.se/salda/lagenhet-2rum-kronogarden-trollhattans-kommun-hovslagaregatan-21-7497956411488995264,66-67m²,2026-03-14T11:54:14.380917
7505380881377582872,https://www.hemnet.se/salda/lagenhet-2rum-brandbergen-haninge-kommun-lejonets-gata-379-7505380881377582872,66-67m²,2026-03-14T11:54:14.380920
2021944647388953419,https://www.hemnet.se/salda/lagenhet-2rum-brandbergen-haninge-kommun-oxens-gata-247-2021944647388953419,66-67m²,2026-03-14T11:54:14.380923
1682313837984473487,https://www.hemnet.se/salda/lagenhet-2rum-ostermalm-kristianstads-kommun-kapellgatan-11-1682313837984473487,66-67m²,2026-03-14T11:54:14.380925
4596462747942312191,https://www.hemnet.se/salda/lagenhet-3rum-vaxjo-centrum-vaxjo-kommun-liedbergsgatan-31-4596462747942312191,66-67m²,2026-03-14T11:54:14.380928
5840302178622210467,https://www.hemnet.se/salda/lagenhet-2rum-sodra-sandby-lunds-kommun-backgatan-69-5840302178622210467,66-67m²,2026-03-14T11:54:14.380930
1222460578839664616,https://www.hemnet.se/salda/lagenhet-3rum-olskroken-goteborgs-kommun-norra-gubberogatan-19b-1222460578839664616,66-67m²,2026-03-14T11:54:14.380933
4545066605156594713,https://www.hemnet.se/salda/lagenhet-3rum-fagelbo-nykopings-kommun-fagelbovagen-21b-4545066605156594713,66-67m²,2026-03-14T11:54:14.380935
7266442809085644531,https://www.hemnet.se/salda/lagenhet-2rum-torpa-jonkopings-kommun-sjobogatan-3a-7266442809085644531,66-67m²,2026-03-14T11:54:14.380938
2851875828237339093,"https://www.hemnet.se/salda/lagenhet-3,5rum-molndal-molndals-kommun-bergmansgatan-15-2851875828237339093",66-67m²,2026-03-14T11:54:14.380940
1905578192004601219,https://www.hemnet.se/salda/lagenhet-2rum-lidhem-vasterviks-kommun-idrottsgatan-27a-1905578192004601219,66-67m²,2026-03-14T11:54:14.380943
7419982129070465336,https://www.hemnet.se/salda/lagenhet-3rum-toltorpsdalen-molndals-kommun-nils-hasselskogs-gata-1-7419982129070465336,66-67m²,2026-03-14T11:54:14.380946
2401402582324481817,https://www.hemnet.se/salda/lagenhet-2rum-munksund-pitea-kommun-vandrarstigen-56-2401402582324481817,66-67m²,2026-03-14T11:54:14.380948
479126103134647864,https://www.hemnet.se/salda/lagenhet-3rum-villan-angelholms-kommun-fricksgatan-3a-479126103134647864,66-67m²,2026-03-14T11:54:14.380951
5384771468537083654,https://www.hemnet.se/salda/lagenhet-2rum-solangen-molndals-kommun-rullharvsgatan-4d-5384771468537083654,66-67m²,2026-03-14T11:54:14.380953
5957757994333567419,https://www.hemnet.se/salda/lagenhet-2rum-bohuslan-uddevalla-kommun-fredagsvagen-20-5957757994333567419,66-67m²,2026-03-14T11:54:14.380955
1078586741871391222,https://www.hemnet.se/salda/lagenhet-2rum-enskede-stockholms-kommun-tappgrand-77-1078586741871391222,66-67m²,2026-03-14T11:54:14.380958
694916185607731165,https://www.hemnet.se/salda/lagenhet-3rum-bromma-traneberg-stockholms-kommun-hallebergsvagen-25-694916185607731165,66-67m²,2026-03-14T11:54:14.380960
2515920903852437668,https://www.hemnet.se/salda/lagenhet-2rum-finntorp-nacka-kommun-becksjudarvagen-47-2515920903852437668,66-67m²,2026-03-14T11:54:14.380962
1801872017153354216,"https://www.hemnet.se/salda/lagenhet-2,5rum-enskededalen-stockholms-kommun-tappgrand-31-1801872017153354216",66-67m²,2026-03-14T11:54:14.380965
6403072317877166704,"https://www.hemnet.se/salda/lagenhet-2,5rum-stampen-goteborgs-kommun-alstromergatan-3b-6403072317877166704",66-67m²,2026-03-14T11:54:14.380968
8700390432928708064,https://www.hemnet.se/salda/lagenhet-3rum-centrum-ystads-kommun-thorssons-vag-15-8700390432928708064,66-67m²,2026-03-14T11:54:14.380970
8855856857320044696,"https://www.hemnet.se/salda/lagenhet-3rum-nasbydal-taby-kommun-nasbydalsvagen-12,-5-tr-8855856857320044696",66-67m²,2026-03-14T11:54:14.380973
4710247231865918665,https://www.hemnet.se/salda/lagenhet-2rum-ekholmen-linkopings-kommun-jardalavagen-64c-4710247231865918665,66-67m²,2026-03-14T11:54:14.380975
8891999311731981664,https://www.hemnet.se/salda/lagenhet-3rum-sodermalm-maria-stockholms-kommun-torkel-knutssonsgatan-29-8891999311731981664,66-67m²,2026-03-14T11:54:14.380978
3315686589949534193,https://www.hemnet.se/salda/lagenhet-2rum-vallas-halmstads-kommun-kornhillsvagen-15a-3315686589949534193,66-67m²,2026-03-14T11:54:14.380980
3413183168998468441,https://www.hemnet.se/salda/lagenhet-2rum-tyringe-hassleholms-kommun-stenbocksgatan-17b-3413183168998468441,66-67m²,2026-03-14T11:54:14.380983
833279094275595134,https://www.hemnet.se/salda/lagenhet-2rum-eriksberg-goteborgs-kommun-bratterasgatan-64-833279094275595134,66-67m²,2026-03-14T11:54:14.380985
5582244073006313088,https://www.hemnet.se/salda/lagenhet-3rum-fyllinge-halmstads-kommun-grasejsvagen-33-5582244073006313088,66-67m²,2026-03-14T11:54:14.380988
2347403590894105371,https://www.hemnet.se/salda/lagenhet-2rum-kungsholmen-stockholms-kommun-celsiusgatan-3-2347403590894105371,66-67m²,2026-03-14T11:54:14.380990
5606108498620624529,https://www.hemnet.se/salda/lagenhet-2rum-soderkulla-malmo-kommun-ormvraksgatan-9-5606108498620624529,66-67m²,2026-03-14T11:54:14.380993
7066389408445375981,https://www.hemnet.se/salda/lagenhet-2rum-brunnshog-lunds-kommun-ringtonsgranden-2-7066389408445375981,66-67m²,2026-03-14T11:54:14.380995
3585034277877572572,https://www.hemnet.se/salda/lagenhet-2rum-nacksta-sundsvalls-kommun-nackstavagen-46-a-3585034277877572572,66-67m²,2026-03-14T11:54:14.380998
5025120340450792510,https://www.hemnet.se/salda/lagenhet-2rum-g-a-raslatt-jonkopings-kommun-varnamovagen-32-5025120340450792510,66-67m²,2026-03-14T11:54:14.381000
8151767610044299488,https://www.hemnet.se/salda/lagenhet-2rum-vasastan-stockholms-kommun-upplandsgatan-54d-8151767610044299488,66-67m²,2026-03-14T11:54:14.381004
1851682435404144972,https://www.hemnet.se/salda/lagenhet-2rum-linnestaden-goteborgs-kommun-olivedalsgatan-17-1851682435404144972,66-67m²,2026-03-14T11:54:14.381007
3042272710669118789,https://www.hemnet.se/salda/lagenhet-2rum-inom-vallgraven-goteborgs-kommun-kopmansgatan-2-3042272710669118789,66-67m²,2026-03-14T11:54:14.381009
5881553777837855547,https://www.hemnet.se/salda/lagenhet-3rum-kviberg-goteborgs-kommun-generalsgatan-6-5881553777837855547,66-67m²,2026-03-14T11:54:14.381010
7585723437784032865,https://www.hemnet.se/salda/lagenhet-2rum-granloholm-sundsvalls-kommun-luleavagen-127-7585723437784032865,66-67m²,2026-03-14T11:54:14.381012
2630441857659153347,https://www.hemnet.se/salda/lagenhet-5rum-centralt-amals-kommun-malmgatan-13a-2630441857659153347,66-67m²,2026-03-14T11:54:14.381013
1723873558076032216,https://www.hemnet.se/salda/lagenhet-3rum-nasbydal-taby-kommun-nasbydalsvagen-16-1723873558076032216,66-67m²,2026-03-14T11:54:14.381015
5685477934751353866,https://www.hemnet.se/salda/lagenhet-3rum-skarsatra-lidingo-kommun-pyrolavagen-56-5685477934751353866,66-67m²,2026-03-14T11:54:14.381016
5050704557330898437,https://www.hemnet.se/salda/lagenhet-3rum-vasastan-stockholms-kommun-sveavagen-134-5050704557330898437,66-67m²,2026-03-14T11:54:14.381018
4440151161440942616,https://www.hemnet.se/salda/lagenhet-3rum-kungsholmen-fridhemsplan-stockholms-kommun-sankt-goransgatan-100-4440151161440942616,66-67m²,2026-03-14T11:54:14.381019
6144984941650849788,"https://www.hemnet.se/salda/lagenhet-2rum-frosunda-solna-kommun-gustav-iii-s-boulevard-3,-5-tr-6144984941650849788",66-67m²,2026-03-14T11:54:14.381021
6177945646777079661,https://www.hemnet.se/salda/lagenhet-2rum-hovslatt-jonkopings-kommun-vastra-hallstorpsvagen-39-6177945646777079661,66-67m²,2026-03-14T11:54:14.381023
2366498095208291645,"https://www.hemnet.se/salda/lagenhet-3rum-eneby,-vidablick-norrkopings-kommun-rosgangen-45-2366498095208291645",66-67m²,2026-03-14T11:54:14.381025
6246721260816966422,https://www.hemnet.se/salda/lagenhet-3rum-bromma-stora-mossen-stockholms-kommun-sobelgrand-1-6246721260816966422,66-67m²,2026-03-14T11:54:14.381026
8502983095866083000,"https://www.hemnet.se/salda/lagenhet-3rum-aspudden-stockholms-kommun-lilla-aspuddsvagen-3,-van-2-av-3-8502983095866083000",66-67m²,2026-03-14T11:54:14.381028
8890436320314099601,https://www.hemnet.se/salda/lagenhet-2rum-torpa-vanersborgs-kommun-bokgatan-25-8890436320314099601,66-67m²,2026-03-14T11:54:14.381029
8728251264194153549,https://www.hemnet.se/salda/lagenhet-3rum-danderyd-danderyds-kommun-morbydalen-12-8728251264194153549,66-67m²,2026-03-14T11:54:14.381031
2732158736223521472,https://www.hemnet.se/salda/lagenhet-2rum-centrum-uppsala-kommun-kungsgatan-52b-2732158736223521472,66-67m²,2026-03-14T11:54:14.381032
1529195299481899718,https://www.hemnet.se/salda/lagenhet-3rum-hagalund-haga-norra-solna-kommun-hagalundsgatan-8-1529195299481899718,66-67m²,2026-03-14T11:54:14.381033
7351022343086633855,https://www.hemnet.se/salda/lagenhet-3rum-brandbergen-haninge-kommun-oxens-gata-248-7351022343086633855,66-67m²,2026-03-14T11:54:14.381035
3015719201371329728,https://www.hemnet.se/salda/lagenhet-2rum-arvika-centrum-arvika-kommun-fabriksgatan-8b-3015719201371329728,66-67m²,2026-03-14T11:54:14.381036
5472433821827299782,https://www.hemnet.se/salda/lagenhet-3rum-centrum-vastermalm-vasteras-kommun-vastermalmsgatan-2b-5472433821827299782,66-67m²,2026-03-14T11:54:14.381037
6278517881905769603,"https://www.hemnet.se/salda/lagenhet-2rum-lilla-essingen-kungsholmen-stockholms-kommun-luxgatan-9,-van-2-6278517881905769603",66-67m²,2026-03-14T11:54:14.381039
2469412645699169509,https://www.hemnet.se/salda/lagenhet-2rum-haga-sandbyhov-norrkopings-kommun-doktor-butlers-gata-15-2469412645699169509,66-67m²,2026-03-14T11:54:14.381040
5754607448062347855,https://www.hemnet.se/salda/lagenhet-2rum-ostermalm-stockholms-kommun-brahegatan-40-5754607448062347855,66-67m²,2026-03-14T11:54:14.381042
1797581590084423919,https://www.hemnet.se/salda/lagenhet-2rum-ektorp-norrkopings-kommun-trestegsgatan-77-1797581590084423919,66-67m²,2026-03-14T11:54:14.381043
6837802026619464439,https://www.hemnet.se/salda/lagenhet-3rum-mariatorget-stockholms-kommun-bjorngardsgatan-9b-6837802026619464439,66-67m²,2026-03-14T11:54:14.381045
9179356994169735873,"https://www.hemnet.se/salda/lagenhet-3rum-gullmarsplan-johanneshov-stockholms-kommun-gullmarsvagen-8,-2tr-9179356994169735873",66-67m²,2026-03-14T11:54:14.381046
2092234267901665353,"https://www.hemnet.se/salda/lagenhet-3rum-sodermalm-hornstull-stockholms-kommun-bergsunds-strand-34,-1-tr-van-2-2092234267901665353",66-67m²,2026-03-14T11:54:14.381048
1182951134935551398,https://www.hemnet.se/salda/lagenhet-3rum-mjolby-vasastaden-eldslosa-mjolby-kommun-lagmansgatan-37b-1182951134935551398,66-67m²,2026-03-14T11:54:14.381050
4208004887589108217,https://www.hemnet.se/salda/lagenhet-2rum-gallivare-gallivare-kommun-malmbergsvagen-12b-4208004887589108217,66-67m²,2026-03-14T11:54:14.381051
5394773959911130184,https://www.hemnet.se/salda/lagenhet-2rum-eslov-norr-eslovs-kommun-ronnebergavagen-29a-5394773959911130184,66-67m²,2026-03-14T11:54:14.381053
5351087464852010143,https://www.hemnet.se/salda/lagenhet-3rum-mariehojd-umea-kommun-skarvstensgatan-48-5351087464852010143,66-67m²,2026-03-14T11:54:14.381054
8734706284911663079,https://www.hemnet.se/salda/lagenhet-2rum-torpa-vanersborgs-kommun-bokgatan-27-8734706284911663079,66-67m²,2026-03-14T11:54:14.381055
3592438143076712879,"https://www.hemnet.se/salda/lagenhet-3rum-nacka-kvarnholmen-nacka-kommun-magasinsgangen-9,-1tr-3592438143076712879",66-67m²,2026-03-14T11:54:14.381057
2307112477236463290,https://www.hemnet.se/salda/lagenhet-2rum-ballstaberg-vallentuna-kommun-svampskogsvagen-140-2307112477236463290,66-67m²,2026-03-14T11:54:14.381059
4261469141932008417,https://www.hemnet.se/salda/lagenhet-2rum-skaggetorp-linkopings-kommun-storgarden-36-4261469141932008417,66-67m²,2026-03-14T11:54:14.381060
2147016651537543481,https://www.hemnet.se/salda/lagenhet-2rum-soder-eskilstuna-kommun-eskilsgatan-27-2147016651537543481,66-67m²,2026-03-14T11:54:14.381062
1337036449847717193,https://www.hemnet.se/salda/lagenhet-3rum-jarvastaden-solna-kommun-brotorpsvagen-4-1337036449847717193,66-67m²,2026-03-14T11:54:14.381063
4540077356671263207,https://www.hemnet.se/salda/lagenhet-2rum-sundsvall-sundsvalls-kommun-nackstavagen-32a-4540077356671263207,66-67m²,2026-03-14T11:54:14.381064
2569700754503168649,https://www.hemnet.se/salda/lagenhet-2rum-hasselby-strand-stockholms-kommun-aprikosgatan-100-2569700754503168649,66-67m²,2026-03-14T11:54:14.381066
6009996940293275594,https://www.hemnet.se/salda/lagenhet-2rum-nas-vimmerby-vimmerby-kommun-furugatan-5c-6009996940293275594,66-67m²,2026-03-14T11:54:14.381068
5714813143408836900,https://www.hemnet.se/salda/lagenhet-3rum-kungsholmen-stockholms-kommun-kronobergsgatan-30-5714813143408836900,66-67m²,2026-03-14T11:54:14.381069
9191710601569756258,https://www.hemnet.se/salda/lagenhet-2rum-tyringe-hassleholms-kommun-stenbocksgatan-15c-9191710601569756258,66-67m²,2026-03-14T11:54:14.381070
1302998643896762746,"https://www.hemnet.se/salda/lagenhet-2rum-vastra-skogen-solna-kommun-johan-enbergs-vag-7,-van-7-1302998643896762746",66-67m²,2026-03-14T11:54:14.381073
1927281453449807627,https://www.hemnet.se/salda/lagenhet-3rum-korsta-sundsvalls-kommun-tjadervagen-9-1927281453449807627,66-67m²,2026-03-14T11:54:14.381074
4956939146309112891,https://www.hemnet.se/salda/lagenhet-3rum-centrala-norrtalje-norrtalje-kommun-stockholmsvagen-25-b-4956939146309112891,66-67m²,2026-03-14T11:54:14.381075
9146510945898209046,https://www.hemnet.se/salda/lagenhet-2rum-bellevue-ystads-kommun-stenstrykaregatan-6-9146510945898209046,66-67m²,2026-03-14T11:54:14.381077
1891148227684617869,https://www.hemnet.se/salda/lagenhet-2rum-salem-salems-kommun-emanuel-birkes-vag-6-1891148227684617869,66-67m²,2026-03-14T11:54:14.381078
1215237438731893377,https://www.hemnet.se/salda/lagenhet-2rum-soder-vaxjo-kommun-sodra-jarnvagsgatan-7a-1215237438731893377,66-67m²,2026-03-14T11:54:14.381080
4231621543408022280,https://www.hemnet.se/salda/lagenhet-2rum-halmstad-halmstads-kommun-norra-vagen-20-4231621543408022280,66-67m²,2026-03-14T11:54:14.381081
2316919163903376605,https://www.hemnet.se/salda/lagenhet-3rum-vastra-hamnen-malmo-kommun-lilla-varvsgatan-19a-2316919163903376605,66-67m²,2026-03-14T11:54:14.381082
2625210243886439418,https://www.hemnet.se/salda/lagenhet-2rum-gavsta-uppsala-kommun-gavstavagen-72-2625210243886439418,66-67m²,2026-03-14T11:54:14.381084
1651871241485818093,https://www.hemnet.se/salda/lagenhet-2rum-rorsjostaden-malmo-kommun-kungsgatan-29-1651871241485818093,66-67m²,2026-03-14T11:54:14.381085
1978974938795105817,https://www.hemnet.se/salda/lagenhet-3rum-eneborg-helsingborgs-kommun-skanegatan-14b-1978974938795105817,66-67m²,2026-03-14T11:54:14.381087
936715448461749126,https://www.hemnet.se/salda/lagenhet-2rum-bolinder-strand-jarfalla-kommun-aron-lindgrens-vag-10-936715448461749126,66-67m²,2026-03-14T11:54:14.381089
3100231946260023606,"https://www.hemnet.se/salda/lagenhet-2,5rum-bromma-stora-mossen-stockholms-kommun-enhorningsgrand-18-3100231946260023606",66-67m²,2026-03-14T11:54:14.381090
7127902023957227321,https://www.hemnet.se/salda/lagenhet-2rum-centrum-halmstads-kommun-karl-xi-s-vag-19-7127902023957227321,66-67m²,2026-03-14T11:54:14.381092
1696533558055518241,https://www.hemnet.se/salda/lagenhet-2rum-vik-varmdo-kommun-viks-skolvag-7c-1696533558055518241,66-67m²,2026-03-14T11:54:14.381093
5100514598203648127,https://www.hemnet.se/salda/lagenhet-2rum-ulleraker-uppsala-kommun-ullerakersvagen-60-5100514598203648127,66-67m²,2026-03-14T11:54:14.381094
285804386091459778,https://www.hemnet.se/salda/lagenhet-2rum-kungsholmen-stockholms-kommun-industrigatan-8-285804386091459778,66-67m²,2026-03-14T11:54:14.381096
3679500490388747764,https://www.hemnet.se/salda/lagenhet-2rum-bjasta-ornskoldsviks-kommun-pianovagen-20b-3679500490388747764,66-67m²,2026-03-14T11:54:14.381098
1646034229899432754,https://www.hemnet.se/salda/lagenhet-3rum-centrum-haparanda-kommun-stationsgatan-2-b-1646034229899432754,66-67m²,2026-03-14T11:54:14.381099
446776399885257313,https://www.hemnet.se/salda/lagenhet-3rum-hammarbyhojden-stockholms-kommun-vanersborgsvagen-24-446776399885257313,66-67m²,2026-03-14T11:54:14.381100
8483467560608368824,https://www.hemnet.se/salda/lagenhet-2rum-trosso-karlskrona-kommun-gamla-skeppsbrogatan-1-8483467560608368824,66-67m²,2026-03-14T11:54:14.381102
80181798675447341,"https://www.hemnet.se/salda/lagenhet-3rum-luossavaara-kiruna-kommun-foraregatan-38-b,-van-3-80181798675447341",66-67m²,2026-03-14T11:54:14.381104
4103097365309751146,https://www.hemnet.se/salda/lagenhet-2rum-or-sundbybergs-kommun-kavaljersbacken-2-4103097365309751146,66-67m²,2026-03-14T11:54:14.381105
7766880894093372778,https://www.hemnet.se/salda/lagenhet-2rum-kviberg-goteborgs-kommun-hinderbanan-18-7766880894093372778,66-67m²,2026-03-14T11:54:14.381107
5739079282629697966,https://www.hemnet.se/salda/lagenhet-2rum-ursvik-sundbybergs-kommun-milstensvagen-21-5739079282629697966,66-67m²,2026-03-14T11:54:14.381108
7128290542555200607,https://www.hemnet.se/salda/lagenhet-3rum-centrala-hisingen-goteborgs-kommun-wieselgrensgatan-9c-7128290542555200607,66-67m²,2026-03-14T11:54:14.381110
6964184054893308365,https://www.hemnet.se/salda/lagenhet-2rum-hovshaga-vaxjo-kommun-paradvagen-17-6964184054893308365,66-67m²,2026-03-14T11:54:14.381111
5272020865222279718,https://www.hemnet.se/salda/lagenhet-2rum-tibble-upplands-bro-kommun-hallonvagen-90-5272020865222279718,66-67m²,2026-03-14T11:54:14.381113
5480402221672736336,https://www.hemnet.se/salda/lagenhet-3rum-varsta-botkyrka-kommun-dalvagen-144-5480402221672736336,66-67m²,2026-03-14T11:54:14.381114
3745003454447448146,https://www.hemnet.se/salda/lagenhet-3rum-sandviken-karlskoga-kommun-solhagsvagen-3a-3745003454447448146,66-67m²,2026-03-14T11:54:14.381115
4416458608969308131,https://www.hemnet.se/salda/lagenhet-3rum-ektorp-nacka-kommun-ektorpsvagen-11-4416458608969308131,66-67m²,2026-03-14T11:54:14.381117
1093130861015971088,"https://www.hemnet.se/salda/lagenhet-3rum-hagalund-solna-kommun-hagalundsgatan-20,-10-tr-1093130861015971088",66-67m²,2026-03-14T11:54:14.381118
3817812883599875925,https://www.hemnet.se/salda/lagenhet-2rum-rattvik-rattviks-kommun-jarlvagen-5a-3817812883599875925,66-67m²,2026-03-14T11:54:14.381120
1415756876589986792,https://www.hemnet.se/salda/lagenhet-2rum-vastra-berga-helsingborgs-kommun-volontarsgatan-6b-1415756876589986792,66-67m²,2026-03-14T11:54:14.381121
4822713382581518447,https://www.hemnet.se/salda/lagenhet-2rum-haga-karlstads-kommun-tage-erlandergatan-5-4822713382581518447,66-67m²,2026-03-14T11:54:14.381123
5580877549169635194,https://www.hemnet.se/salda/lagenhet-2rum-sodermalm-katarina-stockholms-kommun-ringvagen-157-5580877549169635194,66-67m²,2026-03-14T11:54:14.381124
6083535915272147272,https://www.hemnet.se/salda/lagenhet-2rum-vastra-berga-helsingborgs-kommun-kadettgatan-20a-6083535915272147272,66-67m²,2026-03-14T11:54:14.381126
2332012939697546463,https://www.hemnet.se/salda/lagenhet-2rum-kungsholmen-fridhemsplan-stockholms-kommun-inedalsgatan-17-2332012939697546463,66-67m²,2026-03-14T11:54:14.381127
4260470067728209322,"https://www.hemnet.se/salda/lagenhet-3rum-vasastan-city-stockholms-kommun-sveavagen-129,-5tr-4260470067728209322",66-67m²,2026-03-14T11:54:14.381128
3587667550893073936,https://www.hemnet.se/salda/lagenhet-3rum-galgberget-falu-kommun-kvartsstigen-10d-3587667550893073936,66-67m²,2026-03-14T11:54:14.381130
3288049700455538803,https://www.hemnet.se/salda/lagenhet-4rum-gustavsberg-varmdo-kommun-mariagatan-12a-3288049700455538803,66-67m²,2026-03-14T11:54:14.381131
7147942659739824000,https://www.hemnet.se/salda/lagenhet-2rum-kvarngardet-uppsala-kommun-rabyvagen-86-7147942659739824000,66-67m²,2026-03-14T11:54:14.381133
4198066212113583018,https://www.hemnet.se/salda/lagenhet-3rum-drottningtorget-malmo-kommun-norregatan-12-4198066212113583018,66-67m²,2026-03-14T11:54:14.381134
2841040139789548389,https://www.hemnet.se/salda/lagenhet-3rum-centralt-kalmar-kommun-erik-dahlbergs-vag-25-2841040139789548389,66-67m²,2026-03-14T11:54:14.381136
1689405189395756848,https://www.hemnet.se/salda/lagenhet-3rum-centralt-eslovs-kommun-vangavagen-36-1689405189395756848,66-67m²,2026-03-14T11:54:14.381137
188552645214492999,https://www.hemnet.se/salda/lagenhet-2rum-linnestaden-goteborgs-kommun-prinsgatan-6b-188552645214492999,66-67m²,2026-03-14T11:54:14.381138
6209844168068760136,https://www.hemnet.se/salda/lagenhet-2rum-sodermalm-sundsvalls-kommun-albacksgatan-34-6209844168068760136,66-67m²,2026-03-14T11:54:14.381140
1063719065240708635,https://www.hemnet.se/salda/lagenhet-3rum-sodermalm-hogalid-stockholms-kommun-hornsgatan-149-1063719065240708635,66-67m²,2026-03-14T11:54:14.381141
2506569376528844325,https://www.hemnet.se/salda/lagenhet-3rum-centralt-upplands-vasby-kommun-herrgardsvagen-26-2506569376528844325,66-67m²,2026-03-14T11:54:14.381143
4444255125507808973,https://www.hemnet.se/salda/lagenhet-2rum-rasunda-solna-kommun-parkvagen-2-4444255125507808973,66-67m²,2026-03-14T11:54:14.381144
9158999355389460798,https://www.hemnet.se/salda/lagenhet-2rum-nya-hovas-goteborgs-kommun-hovas-alle-20-9158999355389460798,66-67m²,2026-03-14T11:54:14.381145
5050940816048816844,"https://www.hemnet.se/salda/lagenhet-2rum-arenastaden-solna-kommun-evenemangsgatan-8,-van-10-5050940816048816844",66-67m²,2026-03-14T11:54:14.381147
1777772468692970205,"https://www.hemnet.se/salda/lagenhet-2rum-kungsangen-ekhammar-upplands-bro-kommun-bjornbarsstigen-28,-bv-1777772468692970205",66-67m²,2026-03-14T11:54:14.381148
800295315120925462,https://www.hemnet.se/salda/lagenhet-3rum-arsta-stockholms-kommun-ymsenvagen-2-800295315120925462,66-67m²,2026-03-14T11:54:14.381150
3207334897066227818,https://www.hemnet.se/salda/lagenhet-3rum-sondrum-jutarum-halmstads-kommun-entrevagen-9-3207334897066227818,66-67m²,2026-03-14T11:54:14.381152
3640968709792407212,https://www.hemnet.se/salda/lagenhet-2rum-mjolby-mjolby-kommun-folkungagatan-31b-3640968709792407212,66-67m²,2026-03-14T11:54:14.381153
652662039066492732,https://www.hemnet.se/salda/lagenhet-2rum-vasastaden-linkopings-kommun-krouthens-gata-3-652662039066492732,66-67m²,2026-03-14T11:54:14.381155
4624196438170123458,https://www.hemnet.se/salda/lagenhet-2rum-kallkallan-lulea-kommun-lingonstigen-10-4624196438170123458,66-67m²,2026-03-14T11:54:14.381156
37372947277127552,https://www.hemnet.se/salda/lagenhet-3rum-jarla-sjo-nacka-kommun-winborgs-vag-19-37372947277127552,66-67m²,2026-03-14T11:54:14.381158
2284776281751768919,https://www.hemnet.se/salda/lagenhet-3rum-vasastan-stockholms-kommun-hagagatan-48a-2284776281751768919,66-67m²,2026-03-14T11:54:14.381159
5651389150565202658,"https://www.hemnet.se/salda/lagenhet-3rum-kungsholmen-stockholms-kommun-olof-dalins-vag-18,-van-7-7-5651389150565202658",66-67m²,2026-03-14T11:54:14.381160
13793594723429165,https://www.hemnet.se/salda/lagenhet-2rum-orsa-centrum-orsa-kommun-alvgatan-1b-13793594723429165,66-67m²,2026-03-14T11:54:14.381162
7171561853527248083,https://www.hemnet.se/salda/lagenhet-3rum-sundstrand-uddevalla-kommun-ostra-sundskogsvagen-60a-7171561853527248083,66-67m²,2026-03-14T11:54:14.381163
4573172903812970183,"https://www.hemnet.se/salda/lagenhet-3,5rum-branninge-habo-kommun-kostigen-17-4573172903812970183",66-67m²,2026-03-14T11:54:14.381164
8432660811434483761,"https://www.hemnet.se/salda/lagenhet-3rum-vasastan-city-norrmalm-stockholms-kommun-johannesgatan-3,-2tr,-8432660811434483761",66-67m²,2026-03-14T11:54:14.381166
3542491195219036169,https://www.hemnet.se/salda/lagenhet-2rum-vaster-nykopings-kommun-vastra-tullgatan-6-3542491195219036169,66-67m²,2026-03-14T11:54:14.381168
5117203546802968011,https://www.hemnet.se/salda/lagenhet-3rum-fredslyckan-lunds-kommun-parternas-grand-29-5117203546802968011,66-67m²,2026-03-14T11:54:14.381169
6049044570568205191,https://www.hemnet.se/salda/lagenhet-2rum-taby-centrum-taby-kommun-biblioteksgangen-6-6049044570568205191,66-67m²,2026-03-14T11:54:14.381171
5746438777798404049,https://www.hemnet.se/salda/lagenhet-3rum-bettorp-orebro-kommun-kornellvagen-43g-5746438777798404049,66-67m²,2026-03-14T11:54:14.381172
5711325202989261608,"https://www.hemnet.se/salda/lagenhet-3rum-bandhagen-stockholms-kommun-kallforsvagen-43,-1-tr-5711325202989261608",66-67m²,2026-03-14T11:54:14.381174
3743724892828192742,https://www.hemnet.se/salda/lagenhet-4rum-tegefjall-are-kommun-tegefjall-smultronet-2e-3743724892828192742,66-67m²,2026-03-14T11:54:14.381175
3904351804586652869,https://www.hemnet.se/salda/lagenhet-2rum-haninge-linkopings-kommun-aftongatan-86-3904351804586652869,66-67m²,2026-03-14T11:54:14.381176
2376351750282471273,https://www.hemnet.se/salda/lagenhet-2rum-salem-salems-kommun-emanuel-birkes-vag-6-2376351750282471273,66-67m²,2026-03-14T11:54:14.381178
2582175899176553042,https://www.hemnet.se/salda/lagenhet-3rum-centrum-uppsala-kommun-kungsgatan-52d-2582175899176553042,66-67m²,2026-03-14T11:54:14.381179
9107186734357397095,https://www.hemnet.se/salda/lagenhet-3rum-vasastan-stockholms-kommun-vanadisvagen-4-9107186734357397095,66-67m²,2026-03-14T11:54:14.381181
8331734835275317217,https://www.hemnet.se/salda/lagenhet-3rum-korsangsgardet-vasteras-kommun-korsangsgatan-12-8331734835275317217,66-67m²,2026-03-14T11:54:14.381182
1191630400402004962,https://www.hemnet.se/salda/lagenhet-3rum-sodermalm-stockholms-kommun-nytorgsgatan-15a-1191630400402004962,66-67m²,2026-03-14T11:54:14.381184
4364001961203918460,https://www.hemnet.se/salda/lagenhet-3rum-tuve-goteborgs-kommun-glostorps-rosevag-13-4364001961203918460,66-67m²,2026-03-14T11:54:14.381185
3300884761638837595,https://www.hemnet.se/salda/lagenhet-2rum-ostermalm-stockholms-kommun-kaptensgatan-9a-3300884761638837595,66-67m²,2026-03-14T11:54:14.381187
2237481550132897085,https://www.hemnet.se/salda/lagenhet-3rum-sodermalm-maria-stockholms-kommun-fatburs-brunnsgata-31-2237481550132897085,66-67m²,2026-03-14T11:54:14.381188
1901931727374830946,"https://www.hemnet.se/salda/lagenhet-2rum-taby-taby-kommun-biblioteksgangen-8,-7tr-1901931727374830946",66-67m²,2026-03-14T11:54:14.381190
2285030924761389110,https://www.hemnet.se/salda/lagenhet-2rum-varobacka-varbergs-kommun-vallavagen-7a-2285030924761389110,66-67m²,2026-03-14T11:54:14.381191
574420124127244271,https://www.hemnet.se/salda/lagenhet-2rum-overjarna-sodertalje-kommun-vallhojdsvagen-23-574420124127244271,66-67m²,2026-03-14T11:54:14.381192
7365072795357137610,https://www.hemnet.se/salda/lagenhet-3rum-centrum-vaxjo-kommun-kungsgatan-40-7365072795357137610,66-67m²,2026-03-14T11:54:14.381194
8471538018361074658,https://www.hemnet.se/salda/lagenhet-2rum-ostermalm-borlange-kommun-haradsvagen-30-b-8471538018361074658,66-67m²,2026-03-14T11:54:14.381195
158586274290757772,https://www.hemnet.se/salda/lagenhet-3rum-grangesberg-ludvika-kommun-furuvagen-3f-158586274290757772,66-67m²,2026-03-14T11:54:14.381197
1025342722423767342,https://www.hemnet.se/salda/lagenhet-3rum-ballstalund-vallentuna-kommun-fritzbergsvagen-1-1025342722423767342,66-67m²,2026-03-14T11:54:14.381198
8945405973434001690,https://www.hemnet.se/salda/lagenhet-2rum-sodra-bomhus-gavle-kommun-topasvagen-1f-8945405973434001690,66-67m²,2026-03-14T11:54:14.381200
8182537976169243483,https://www.hemnet.se/salda/lagenhet-3rum-ballsta-ballstaberg-kragstalund-vallentuna-kommun-fritzbergsvagen-11-8182537976169243483,66-67m²,2026-03-14T11:54:14.381201
8210307462169926836,"https://www.hemnet.se/salda/lagenhet-3rum-kista-gard-stockholms-kommun-skagafjordsgatan-11,-3-tr-8210307462169926836",66-67m²,2026-03-14T11:54:14.381203
2711786034726533358,https://www.hemnet.se/salda/lagenhet-3rum-gamla-vaster-malmo-kommun-hjorttackegatan-9b-2711786034726533358,66-67m²,2026-03-14T11:54:14.381204
2181869943983166002,https://www.hemnet.se/salda/lagenhet-2rum-grubbe-grisbacka-umea-kommun-lagmansgatan-30c-2181869943983166002,66-67m²,2026-03-14T11:54:14.381206
4463528587184628257,https://www.hemnet.se/salda/lagenhet-2rum-jarvastaden-solna-kommun-fridensborgsvagen-46-4463528587184628257,66-67m²,2026-03-14T11:54:14.381207
8176475196076407056,https://www.hemnet.se/salda/lagenhet-2rum-centralt-stromstads-kommun-ryttargangen-26-8176475196076407056,66-67m²,2026-03-14T11:54:14.381209
3495978543951650197,https://www.hemnet.se/salda/lagenhet-3rum-langedrag-goteborgs-kommun-strandplatsgatan-2-3495978543951650197,66-67m²,2026-03-14T11:54:14.381210
256244529518100278,https://www.hemnet.se/salda/lagenhet-2rum-ulleraker-uppsala-kommun-eva-lagerwalls-vag-6-256244529518100278,66-67m²,2026-03-14T11:54:14.381212
5961835247174791316,https://www.hemnet.se/salda/lagenhet-3rum-centralt-norrkopings-kommun-s-t-persgatan-45-a-5961835247174791316,66-67m²,2026-03-14T11:54:14.381214
5927196940292829971,https://www.hemnet.se/salda/lagenhet-2rum-ostermalm-vasteras-kommun-stora-gatan-1d-5927196940292829971,66-67m²,2026-03-14T11:54:14.381215
4446681547485571218,https://www.hemnet.se/salda/lagenhet-3rum-johannelund-linkopings-kommun-munkhagsgatan-98c-4446681547485571218,66-67m²,2026-03-14T11:54:14.381217
6688044358660949475,https://www.hemnet.se/salda/lagenhet-2rum-laxne-gnesta-kommun-laxnevagen-35-6688044358660949475,66-67m²,2026-03-14T11:54:14.381218
1843122870425126607,https://www.hemnet.se/salda/lagenhet-3rum-centrala-hisingen-goteborgs-kommun-wieselgrensgatan-9a-1843122870425126607,66-67m²,2026-03-14T11:54:14.381220
5342794509697597618,"https://www.hemnet.se/salda/lagenhet-2,5rum-hoganas-uppsala-kommun-hoganasgatan-7a-5342794509697597618",66-67m²,2026-03-14T11:54:14.381221
7967722659631708698,https://www.hemnet.se/salda/lagenhet-2rum-charlottesborg-kristianstads-kommun-hasselvagen-15-7967722659631708698,66-67m²,2026-03-14T11:54:14.381223
8145004769684128627,https://www.hemnet.se/salda/lagenhet-2rum-sylte-trollhattans-kommun-bergkullevagen-299-8145004769684128627,66-67m²,2026-03-14T11:54:14.381224
5180239896130437063,"https://www.hemnet.se/salda/lagenhet-3rum-nacka-kvarnholmen-nacka-kommun-tre-kronors-vag-58,-5-tr-5180239896130437063",66-67m²,2026-03-14T11:54:14.381226
3773716048071851240,https://www.hemnet.se/salda/lagenhet-3rum-kviberg-goteborgs-kommun-ingrid-wallbergs-gata-53-3773716048071851240,66-67m²,2026-03-14T11:54:14.381227
1583401531649254892,https://www.hemnet.se/salda/lagenhet-3rum-fruangen-stockholms-kommun-jenny-nystroms-gata-10-1583401531649254892,66-67m²,2026-03-14T11:54:14.381229
5226190874823348910,https://www.hemnet.se/salda/lagenhet-2rum-odenslund-ostersunds-kommun-odensalagatan-41d-5226190874823348910,66-67m²,2026-03-14T11:54:14.381230
3881965406590553717,https://www.hemnet.se/salda/lagenhet-2rum-linnestaden-goteborgs-kommun-sveagatan-25-3881965406590553717,66-67m²,2026-03-14T11:54:14.381231
1365071372427575425,https://www.hemnet.se/salda/lagenhet-3rum-centralt-eskilstuna-kommun-kyrkogatan-1a-1365071372427575425,66-67m²,2026-03-14T11:54:14.381233
458491697068731611,https://www.hemnet.se/salda/lagenhet-2rum-va-kristianstads-kommun-kung-nils-vag-15-458491697068731611,66-67m²,2026-03-14T11:54:14.381234
6963826365714937223,https://www.hemnet.se/salda/lagenhet-3rum-tagaborg-helsingborgs-kommun-tagagatan-8-6963826365714937223,66-67m²,2026-03-14T11:54:14.381235
616170402010342494,https://www.hemnet.se/salda/lagenhet-3rum-lunden-goteborgs-kommun-wrangelsgatan-2-616170402010342494,66-67m²,2026-03-14T11:54:14.381237
2246480013595711170,https://www.hemnet.se/salda/lagenhet-3rum-ursvik-sundbybergs-kommun-forskargrand-4-2246480013595711170,66-67m²,2026-03-14T11:54:14.381238
4502629501147779889,https://www.hemnet.se/salda/lagenhet-2rum-dalaro-haninge-kommun-lyngsasa-2-4502629501147779889,66-67m²,2026-03-14T11:54:14.381240
8341263368526439605,https://www.hemnet.se/salda/lagenhet-3rum-norrby-boras-kommun-dalbogatan-17-b-lgh-1201-8341263368526439605,66-67m²,2026-03-14T11:54:14.381241
244184841807219972,https://www.hemnet.se/salda/lagenhet-3rum-hammarby-sjostad-stockholms-kommun-henriksdalsallen-31-244184841807219972,66-67m²,2026-03-14T11:54:14.381242
8371643170932634179,https://www.hemnet.se/salda/lagenhet-3rum-vasastan-stockholms-kommun-nina-einhorns-gata-4-8371643170932634179,66-67m²,2026-03-14T11:54:14.381244
5903060199885622026,https://www.hemnet.se/salda/lagenhet-2rum-marsta-centralt-sigtuna-kommun-sodergatan-13a-5903060199885622026,66-67m²,2026-03-14T11:54:14.381261
3842939262500529371,https://www.hemnet.se/salda/lagenhet-3rum-vasastaden-vasteras-kommun-stora-gatan-75c-3842939262500529371,66-67m²,2026-03-14T11:54:14.381263
1122064379083358770,https://www.hemnet.se/salda/lagenhet-3rum-arsta-stockholms-kommun-bolmensvagen-17-1122064379083358770,66-67m²,2026-03-14T11:54:14.381264
1116857805392771772,"https://www.hemnet.se/salda/lagenhet-2rum-vastra-skogen-solna-kommun-johan-enbergs-vag-7,-van-6-1116857805392771772",66-67m²,2026-03-14T11:54:14.381266
2346009901137915813,https://www.hemnet.se/salda/lagenhet-3rum-visby-a7-omradet-gotlands-kommun-wilhelmina-skoghs-gata-9d-2346009901137915813,66-67m²,2026-03-14T11:54:14.381267
132032083036622577,https://www.hemnet.se/salda/lagenhet-3rum-hogsbo-goteborgs-kommun-kapplandsgatan-44-132032083036622577,66-67m²,2026-03-14T11:54:14.381268
4253717997444934879,https://www.hemnet.se/salda/lagenhet-2rum-johanneberg-goteborgs-kommun-ornehufvudsgatan-1-4253717997444934879,66-67m²,2026-03-14T11:54:14.381270
8339150557633984394,https://www.hemnet.se/salda/lagenhet-3rum-centrala-vasby-upplands-vasby-kommun-stallgatan-9b-8339150557633984394,66-67m²,2026-03-14T11:54:14.381271
1551705833401047440,https://www.hemnet.se/salda/lagenhet-3rum-tyreso-tyreso-kommun-bollmoravagen-12-1551705833401047440,66-67m²,2026-03-14T11:54:14.381273
2136255244728917192,"https://www.hemnet.se/salda/lagenhet-2,5rum-tierp-tierps-kommun-sodra-esplanaden-11-a-2136255244728917192",66-67m²,2026-03-14T11:54:14.381274
5979482727605621820,https://www.hemnet.se/salda/lagenhet-3rum-kortedala-goteborgs-kommun-fastlagsgatan-17-5979482727605621820,66-67m²,2026-03-14T11:54:14.381275
1685869881839695339,https://www.hemnet.se/salda/lagenhet-2rum-slottsstaden-malmo-kommun-skvadronsgatan-20-1685869881839695339,66-67m²,2026-03-14T11:54:14.381277
7206427117013736594,https://www.hemnet.se/salda/lagenhet-2rum-frosunda-solna-kommun-gustav-iii-s-boulevard-159-7206427117013736594,66-67m²,2026-03-14T11:54:14.381278
8025734096310742993,https://www.hemnet.se/salda/lagenhet-3rum-ragsved-stockholms-kommun-bjursatragatan-104-8025734096310742993,66-67m²,2026-03-14T11:54:14.381280
628181703225391805,https://www.hemnet.se/salda/lagenhet-3rum-matfors-sundsvalls-kommun-sliparevagen-5c-628181703225391805,66-67m²,2026-03-14T11:54:14.381281
1623995578641791558,https://www.hemnet.se/salda/lagenhet-2rum-kapellgardet-uppsala-kommun-portalgatan-31-1623995578641791558,66-67m²,2026-03-14T11:54:14.381282
9185027758190132979,https://www.hemnet.se/salda/lagenhet-2rum-centrum-helsingborgs-kommun-nedre-langvinkelsgatan-45-9185027758190132979,66-67m²,2026-03-14T11:54:14.381284
8198904104642588994,https://www.hemnet.se/salda/lagenhet-3rum-karrtorp-stockholms-kommun-soderarmsvagen-27-8198904104642588994,66-67m²,2026-03-14T11:54:14.381285
2378505534526302495,"https://www.hemnet.se/salda/lagenhet-3rum-vasastan-stockholms-kommun-sigtunagatan-14a,-1tr-2378505534526302495",66-67m²,2026-03-14T11:54:14.381286
5743808101086012759,https://www.hemnet.se/salda/lagenhet-3rum-herting-falkenbergs-kommun-august-bondesons-vag-7-5743808101086012759,66-67m²,2026-03-14T11:54:14.381288
4273326992565150565,https://www.hemnet.se/salda/lagenhet-3rum-vasastan-birkastan-stockholms-kommun-norrbackagatan-27a-4273326992565150565,66-67m²,2026-03-14T11:54:14.381289
4754414107160209313,https://www.hemnet.se/salda/lagenhet-2rum-sodermalm-maria-magdalena-stockholms-kommun-vastgotagrand-5-4754414107160209313,66-67m²,2026-03-14T11:54:14.381290
999745039442608231,https://www.hemnet.se/salda/lagenhet-3rum-tullen-boras-kommun-fjallgatan-54a-999745039442608231,66-67m²,2026-03-14T11:54:14.381292
222012515467342854,https://www.hemnet.se/salda/lagenhet-2rum-bullermyren-hagalund-borlange-kommun-tagtvagen-14-222012515467342854,66-67m²,2026-03-14T11:54:14.381293
4726801811121697693,https://www.hemnet.se/salda/lagenhet-3rum-ekeby-vallentuna-kommun-ekebyvagen-30-4726801811121697693,66-67m²,2026-03-14T11:54:14.381294
6363104691248076030,https://www.hemnet.se/salda/lagenhet-2rum-centrala-boden-bodens-kommun-ostra-strandvagen-16a-6363104691248076030,66-67m²,2026-03-14T11:54:14.381296
2108695876312324616,https://www.hemnet.se/salda/lagenhet-2rum-prastslatten-karlshamns-kommun-prastslattsvagen-2-2108695876312324616,66-67m²,2026-03-14T11:54:14.381297
899528447535443218,https://www.hemnet.se/salda/lagenhet-2rum-gyllins-tradgard-malmo-kommun-bullerbygatan-107-899528447535443218,66-67m²,2026-03-14T11:54:14.381298
428510661993041855,"https://www.hemnet.se/salda/lagenhet-2,5rum-hagernas-taby-kommun-radarvagen-15,-van-8-428510661993041855",66-67m²,2026-03-14T11:54:14.381300
649390823684488017,"https://www.hemnet.se/salda/lagenhet-2,5rum-helsingborg-helsingborgs-kommun-asa-thors-grand-2-649390823684488017",66-67m²,2026-03-14T11:54:14.381301
5437180007290229291,https://www.hemnet.se/salda/lagenhet-2rum-kungsangen-industristaden-uppsala-kommun-maltargatan-1-5437180007290229291,66-67m²,2026-03-14T11:54:14.381303
5681616620547773530,https://www.hemnet.se/salda/lagenhet-3rum-goingegarden-varbergs-kommun-brunnsapplets-vag-8-5681616620547773530,66-67m²,2026-03-14T11:54:14.381304
6147887091464302909,https://www.hemnet.se/salda/lagenhet-2rum-centrum-vallentuna-kommun-norrgarden-17-6147887091464302909,66-67m²,2026-03-14T11:54:14.381306
7464989786347597511,https://www.hemnet.se/salda/lagenhet-2rum-bunkeflostarnd-malmo-kommun-gottorpsvagen-23-7464989786347597511,66-67m²,2026-03-14T11:54:14.381307
2876250485697121829,https://www.hemnet.se/salda/lagenhet-3rum-nobbelov-lunds-kommun-jaktstigen-77-2876250485697121829,66-67m²,2026-03-14T11:54:14.381308
3170631106667440968,https://www.hemnet.se/salda/lagenhet-3rum-kurverod-uddevalla-kommun-fredagsvagen-47-3170631106667440968,66-67m²,2026-03-14T11:54:14.381309
6557359305071978360,https://www.hemnet.se/salda/lagenhet-2rum-nacksta-sundsvalls-kommun-nackstavagen-44a-6557359305071978360,66-67m²,2026-03-14T11:54:14.381310
6155059670331317713,https://www.hemnet.se/salda/lagenhet-3rum-ostra-sorgenfri-malmo-kommun-branteviksgatan-5b-6155059670331317713,66-67m²,2026-03-14T11:54:14.381312
8931202158412809658,https://www.hemnet.se/salda/lagenhet-2rum-nacksta-sundsvalls-kommun-nackstavagen-36a-8931202158412809658,66-67m²,2026-03-14T11:54:14.381313
857051842537952574,"https://www.hemnet.se/salda/lagenhet-2,5rum-centralt-norr-norrkopings-kommun-loddbygatan-4-857051842537952574",66-67m²,2026-03-14T11:54:14.381314
3237433057308004927,https://www.hemnet.se/salda/lagenhet-3rum-soder-gavle-kommun-sodra-kansligatan-30-3237433057308004927,66-67m²,2026-03-14T11:54:14.381316
3189676005094106917,https://www.hemnet.se/salda/lagenhet-2rum-centralt-stromstads-kommun-hattmakaregatan-27-3189676005094106917,66-67m²,2026-03-14T11:54:14.381317
7593057108362501721,"https://www.hemnet.se/salda/lagenhet-2rum-tibble-kungsangen-upplands-bro-kommun-hjortronvagen-43,-2tr-7593057108362501721",66-67m²,2026-03-14T11:54:14.381319
8843627125046025469,https://www.hemnet.se/salda/lagenhet-3rum-centralt-oster-orebro-kommun-engelbrektsgatan-76-8843627125046025469,66-67m²,2026-03-14T11:54:14.381320
4263579952595866444,https://www.hemnet.se/salda/lagenhet-2rum-tyreso-centrum-tyreso-kommun-granitvagen-28b-4263579952595866444,66-67m²,2026-03-14T11:54:14.381321
5623791441500780509,https://www.hemnet.se/salda/lagenhet-3rum-matfors-sundsvalls-kommun-sliparevagen-6c-5623791441500780509,66-67m²,2026-03-14T11:54:14.381323
7476237266651508886,https://www.hemnet.se/salda/lagenhet-2rum-odenslund-ostersunds-kommun-allegatan-22e-7476237266651508886,66-67m²,2026-03-14T11:54:14.381324
4359332630358632557,https://www.hemnet.se/salda/lagenhet-3rum-edsberg-sollentuna-kommun-kruthornsvagen-38-4359332630358632557,66-67m²,2026-03-14T11:54:14.381325
7185543547259181806,https://www.hemnet.se/salda/lagenhet-2rum-centrum-uppsala-kommun-linnegatan-18a-7185543547259181806,66-67m²,2026-03-14T11:54:14.381326
2108118569818828458,https://www.hemnet.se/salda/lagenhet-2rum-furulund-partille-kommun-furumossen-40-2108118569818828458,66-67m²,2026-03-14T11:54:14.381328
7890155459961908352,https://www.hemnet.se/salda/lagenhet-2rum-ektorp-norrkopings-kommun-trestegsgatan-111-7890155459961908352,66-67m²,2026-03-14T11:54:14.381329
2720026970506850385,https://www.hemnet.se/salda/lagenhet-3rum-skarphagen-norrkopings-kommun-klingagatan-2-2720026970506850385,66-67m²,2026-03-14T11:54:14.381330
7355596074303718569,https://www.hemnet.se/salda/lagenhet-3rum-flatas-goteborgs-kommun-distansgatan-15-7355596074303718569,66-67m²,2026-03-14T11:54:14.381331
8580631159793211030,https://www.hemnet.se/salda/lagenhet-3rum-kavlinge-centralt-kavlinge-kommun-foreningsgatan-2-d-8580631159793211030,66-67m²,2026-03-14T11:54:14.381333
6359069626251105499,https://www.hemnet.se/salda/lagenhet-3rum-stenhagen-uppsala-kommun-citrinvagen-8-6359069626251105499,66-67m²,2026-03-14T11:54:14.381334
7649227292732883947,https://www.hemnet.se/salda/lagenhet-2rum-centralt-sodertalje-kommun-ovre-villagatan-46-7649227292732883947,66-67m²,2026-03-14T11:54:14.381336
1889876333303713368,https://www.hemnet.se/salda/lagenhet-3rum-torslanda-bjorlanda-goteborgs-kommun-kronangen-1-1889876333303713368,66-67m²,2026-03-14T11:54:14.381337
3559009476744488230,https://www.hemnet.se/salda/lagenhet-2rum-majorna-goteborgs-kommun-klippan-1e-3559009476744488230,66-67m²,2026-03-14T11:54:14.381339
1060878025130186893,https://www.hemnet.se/salda/lagenhet-2rum-centrala-vasby-upplands-vasby-kommun-stallgatan-12b-1060878025130186893,66-67m²,2026-03-14T11:54:14.381340
6825435762387525481,https://www.hemnet.se/salda/lagenhet-2rum-centrum-mora-kommun-hantverkaregatan-25-a-6825435762387525481,66-67m²,2026-03-14T11:54:14.381342
4596449181297180120,https://www.hemnet.se/salda/lagenhet-3rum-lunden-goteborgs-kommun-karlagatan-24b-4596449181297180120,66-67m²,2026-03-14T11:54:14.381343
7637253960849034745,https://www.hemnet.se/salda/lagenhet-3rum-edsberg-sollentuna-kommun-kruthornsvagen-9-7637253960849034745,66-67m²,2026-03-14T11:54:14.381344
9101275517917283268,https://www.hemnet.se/salda/lagenhet-3rum-ostermalm-stockholms-kommun-linnegatan-39a-9101275517917283268,66-67m²,2026-03-14T11:54:14.381346
6079603504158443815,https://www.hemnet.se/salda/lagenhet-2rum-ostermalm-borlange-kommun-bygatan-20b-6079603504158443815,66-67m²,2026-03-14T11:54:14.381347
2222514777167248371,https://www.hemnet.se/salda/lagenhet-2rum-falhagen-uppsala-kommun-hjalmar-brantingsgatan-4a-2222514777167248371,66-67m²,2026-03-14T11:54:14.381349
4911205788379707455,"https://www.hemnet.se/salda/lagenhet-3rum-midsommarkransen-stockholms-kommun-lotmogatan-5,-1tr-4911205788379707455",66-67m²,2026-03-14T11:54:14.381350
1620465549584461219,https://www.hemnet.se/salda/lagenhet-2rum-vasastan-stockholms-kommun-karlbergsvagen-62-1620465549584461219,66-67m²,2026-03-14T11:54:14.381351
4471572212300346776,https://www.hemnet.se/salda/lagenhet-2rum-vastra-faladen-landskrona-kommun-lopargatan-54a-4471572212300346776,66-67m²,2026-03-14T11:54:14.381353
3206464359344196173,"https://www.hemnet.se/salda/lagenhet-2rum-vastra-skogen-solna-kommun-johan-enbergs-vag-15,-van-9-3206464359344196173",66-67m²,2026-03-14T11:54:14.381354
3576824416355878501,https://www.hemnet.se/salda/lagenhet-2rum-hagaborg-karlstads-kommun-tolvmansgatan-25-3576824416355878501,66-67m²,2026-03-14T11:54:14.381355
5616859638995322971,https://www.hemnet.se/salda/lagenhet-3rum-centralt-trosa-kommun-avagen-16m-5616859638995322971,66-67m²,2026-03-14T11:54:14.381357
3271219104983554853,https://www.hemnet.se/salda/lagenhet-2rum-solbacken-ystads-kommun-karinggatan-7-3271219104983554853,66-67m²,2026-03-14T11:54:14.381358
628320723788394909,https://www.hemnet.se/salda/lagenhet-3rum-korsangsgardet-vasteras-kommun-korsangsgatan-8-628320723788394909,66-67m²,2026-03-14T11:54:14.381359
1965584099569326482,https://www.hemnet.se/salda/lagenhet-2rum-ragnvalla-helsingborgs-kommun-sodra-hunnetorpsvagen-44b-1965584099569326482,66-67m²,2026-03-14T11:54:14.381361
8717381905927134695,https://www.hemnet.se/salda/lagenhet-3rum-stureby-stockholms-kommun-gotaforsvagen-10-8717381905927134695,66-67m²,2026-03-14T11:54:14.381362
6411029420021929007,https://www.hemnet.se/salda/lagenhet-3rum-hassleholm-centralt-hassleholms-kommun-skolgatan-18a-6411029420021929007,66-67m²,2026-03-14T11:54:14.381364
3225023193215085379,https://www.hemnet.se/salda/lagenhet-2rum-norr-helsingborgs-kommun-kronborgsgatan-10-3225023193215085379,66-67m²,2026-03-14T11:54:14.381365
3202656512861582990,https://www.hemnet.se/salda/lagenhet-2rum-lidaker-lidkopings-kommun-harenegatan-10d-3202656512861582990,66-67m²,2026-03-14T11:54:14.381366
195855930052282721,https://www.hemnet.se/salda/lagenhet-3rum-mariehall-stockholms-kommun-masugnsvagen-88-195855930052282721,66-67m²,2026-03-14T11:54:14.381368
2744141322020886930,https://www.hemnet.se/salda/lagenhet-2rum-farsta-stockholms-kommun-gunnarskogsgatan-10-2744141322020886930,66-67m²,2026-03-14T11:54:14.381369
3980839078360075812,https://www.hemnet.se/salda/lagenhet-2rum-centrum-trollhattans-kommun-kungsgatan-64-3980839078360075812,66-67m²,2026-03-14T11:54:14.381370
8947055622046761919,https://www.hemnet.se/salda/lagenhet-2rum-visattra-huddinge-kommun-sagstuvagen-29-8947055622046761919,66-67m²,2026-03-14T11:54:14.381372
1977347633806287729,https://www.hemnet.se/salda/lagenhet-2rum-centralt-ornskoldsviks-kommun-skogsgatan-4b-1977347633806287729,66-67m²,2026-03-14T11:54:14.381373
7261932063192030930,https://www.hemnet.se/salda/lagenhet-2rum-ulleraker-uppsala-kommun-ullerakersvagen-62-7261932063192030930,66-67m²,2026-03-14T11:54:14.381375
5316774623995224160,https://www.hemnet.se/salda/lagenhet-2rum-eriksberg-goteborgs-kommun-monsungatan-89-5316774623995224160,66-67m²,2026-03-14T11:54:14.381376
4008957647330112326,https://www.hemnet.se/salda/lagenhet-3rum-centrum-gallivare-gallivare-kommun-lappfogdegatan-1a-4008957647330112326,66-67m²,2026-03-14T11:54:14.381378
7476392411425510962,https://www.hemnet.se/salda/lagenhet-2rum-centralt-gavle-kommun-norra-kopparslagargatan-13-a-7476392411425510962,66-67m²,2026-03-14T11:54:14.381379
4041757226146715781,https://www.hemnet.se/salda/lagenhet-2rum-mollevangen-malmo-kommun-kristianstadsgatan-8-4041757226146715781,66-67m²,2026-03-14T11:54:14.381381
7766781136546309751,https://www.hemnet.se/salda/lagenhet-2rum-hassleholm-ljungdala-hassleholms-kommun-trebackalanggatan-84-7766781136546309751,66-67m²,2026-03-14T11:54:14.381382
942298683163713672,"https://www.hemnet.se/salda/lagenhet-3rum-vasastan-stockholms-kommun-tomtebogatan-10a,-1-tr-og-942298683163713672",66-67m²,2026-03-14T11:54:14.381383
4897487833145676279,https://www.hemnet.se/salda/lagenhet-3rum-bromma-stockholms-kommun-hallebergsvagen-25-4897487833145676279,66-67m²,2026-03-14T11:54:14.381385
1709027863557925940,https://www.hemnet.se/salda/lagenhet-3rum-centrum-sundsvalls-kommun-radhusgatan-33b-1709027863557925940,66-67m²,2026-03-14T11:54:14.381386
8325478617168815487,https://www.hemnet.se/salda/lagenhet-3rum-akersberga-centralt-osterakers-kommun-dansbanevagen-1-8325478617168815487,66-67m²,2026-03-14T11:54:14.381388
2096682753743528822,https://www.hemnet.se/salda/lagenhet-2rum-nynashamn-nynashamns-kommun-odins-vag-8-2096682753743528822,66-67m²,2026-03-14T11:54:14.381389
4354264333534845051,https://www.hemnet.se/salda/lagenhet-2rum-klockartorpet-vasteras-kommun-klockargatan-8a-4354264333534845051,66-67m²,2026-03-14T11:54:14.381390
3795589029721679185,https://www.hemnet.se/salda/lagenhet-3rum-slottsstaden-malmo-kommun-kopenhamnsvagen-9-d-3795589029721679185,66-67m²,2026-03-14T11:54:14.381392
5699110130923191455,https://www.hemnet.se/salda/lagenhet-2rum-bellevue-ystads-kommun-traktorsgatan-2-5699110130923191455,66-67m²,2026-03-14T11:54:14.381393
7805285248812629306,https://www.hemnet.se/salda/lagenhet-2rum-centrala-vasby-upplands-vasby-kommun-stallgatan-12b-7805285248812629306,66-67m²,2026-03-14T11:54:14.381395
4827061506707818399,https://www.hemnet.se/salda/lagenhet-3rum-blekingsborg-malmo-kommun-per-albin-hanssons-vag-56b-4827061506707818399,66-67m²,2026-03-14T11:54:14.381396
8550274783043486040,https://www.hemnet.se/salda/lagenhet-2rum-linne-goteborgs-kommun-varmlandsgatan-19-8550274783043486040,66-67m²,2026-03-14T11:54:14.381397
5712058783952160442,"https://www.hemnet.se/salda/lagenhet-2,5rum-hoganas-uppsala-kommun-vaderkvarnsgatan-15-d-5712058783952160442",66-67m²,2026-03-14T11:54:14.381399
4568797377551017980,https://www.hemnet.se/salda/lagenhet-3rum-hogsbo-goteborgs-kommun-kapplandsgatan-54-4568797377551017980,66-67m²,2026-03-14T11:54:14.381400
4252763883329824504,https://www.hemnet.se/salda/lagenhet-3rum-vidablick-norrkopings-kommun-rosgangen-41-4252763883329824504,66-67m²,2026-03-14T11:54:14.381401
9153451699575457486,https://www.hemnet.se/salda/lagenhet-3rum-centralt-norrtalje-kommun-stockholmsvagen-11-a-9153451699575457486,66-67m²,2026-03-14T11:54:14.381403
6120479693722832188,https://www.hemnet.se/salda/lagenhet-2rum-ystad-ystads-kommun-stenstrykaregatan-6-6120479693722832188,66-67m²,2026-03-14T11:54:14.381404
1700299207482847393,https://www.hemnet.se/salda/lagenhet-2rum-kronogarden-trollhattans-kommun-torparegatan-28-1700299207482847393,66-67m²,2026-03-14T11:54:14.381406
3739568284320069046,https://www.hemnet.se/salda/lagenhet-2rum-gamla-enskede-stockholms-kommun-nynasvagen-301-3739568284320069046,66-67m²,2026-03-14T11:54:14.381407
4920808333775360618,https://www.hemnet.se/salda/lagenhet-3rum-bettorp-orebro-kommun-kornellvagen-41g-4920808333775360618,66-67m²,2026-03-14T11:54:14.381408
7612794781692862603,https://www.hemnet.se/salda/lagenhet-2rum-centrum-slottsparken-halmstads-kommun-patrikshillvagen-4-7612794781692862603,66-67m²,2026-03-14T11:54:14.381410
545471006232669342,https://www.hemnet.se/salda/lagenhet-3rum-korsta-sundsvalls-kommun-tjadervagen-15-545471006232669342,66-67m²,2026-03-14T11:54:14.381411
8327776061000221210,https://www.hemnet.se/salda/lagenhet-3rum-hogsbo-goteborgs-kommun-silvermyntsgatan-20-8327776061000221210,66-67m²,2026-03-14T11:54:14.381412
6207104114825606672,"https://www.hemnet.se/salda/lagenhet-2,5rum-edvinshem-ystads-kommun-babordsgangen-1y-6207104114825606672",66-67m²,2026-03-14T11:54:14.381414
3684633538054547369,https://www.hemnet.se/salda/lagenhet-2rum-nedre-kungsholmen-stockholms-kommun-norra-agnegatan-32-3684633538054547369,66-67m²,2026-03-14T11:54:14.381415
7178999102231209185,https://www.hemnet.se/salda/lagenhet-2rum-kungsholmen-thorildsplan-stockholms-kommun-kristinebergsvagen-8-7178999102231209185,66-67m²,2026-03-14T11:54:14.381417
6663646545526691641,https://www.hemnet.se/salda/lagenhet-3rum-hov-vaxjo-kommun-galtovagen-61-6663646545526691641,66-67m²,2026-03-14T11:54:14.381418
9045884378626267164,"https://www.hemnet.se/salda/lagenhet-2,5rum-raa-helsingborgs-kommun-raavagen-113-9045884378626267164",66-67m²,2026-03-14T11:54:14.381419
5094526372282892599,https://www.hemnet.se/salda/lagenhet-2rum-prastslatten-karlshamns-kommun-prastslattsvagen-12-5094526372282892599,66-67m²,2026-03-14T11:54:14.381420
9131819545270183122,"https://www.hemnet.se/salda/lagenhet-2,5rum-jarla-sjo-nacka-kommun-jarla-gardsvag-23-9131819545270183122",66-67m²,2026-03-14T11:54:14.381421
744999596183746088,https://www.hemnet.se/salda/lagenhet-2rum-odal-vilan-kristianstads-kommun-gardsgatan-4-744999596183746088,66-67m²,2026-03-14T11:54:14.381423
16538240616395666,https://www.hemnet.se/salda/lagenhet-2rum-torshalla-eskilstuna-kommun-georg-nystromsgatan-30-16538240616395666,66-67m²,2026-03-14T11:54:14.381424
8132292129490968278,https://www.hemnet.se/salda/lagenhet-2rum-sodermalm-mariatorget-stockholms-kommun-torkel-knutssonsgatan-29-8132292129490968278,66-67m²,2026-03-14T11:54:14.381426
9090087508397656575,https://www.hemnet.se/salda/lagenhet-3rum-midsommarkransen-stockholms-kommun-vattenledningsvagen-42a-9090087508397656575,66-67m²,2026-03-14T11:54:14.381427
5977947038697619663,https://www.hemnet.se/salda/lagenhet-3rum-hyllie-malmo-kommun-nalgrand-4-5977947038697619663,66-67m²,2026-03-14T11:54:14.381428
619605624980030228,https://www.hemnet.se/salda/lagenhet-3rum-bredsand-enkopings-kommun-korvettvagen-22f-619605624980030228,66-67m²,2026-03-14T11:54:14.381430
5957441076523354224,https://www.hemnet.se/salda/lagenhet-3rum-centrala-sundbyberg-sundbybergs-kommun-rastensgatan-4-5957441076523354224,66-67m²,2026-03-14T11:54:14.381431
3782019328060192504,https://www.hemnet.se/salda/lagenhet-3rum-vastra-skogen-solna-kommun-armegatan-27-3782019328060192504,66-67m²,2026-03-14T11:54:14.381433
6688045532379846146,https://www.hemnet.se/salda/lagenhet-2rum-vasastan-stockholms-kommun-karlbergsvagen-70b-6688045532379846146,66-67m²,2026-03-14T11:54:14.381435
8295107888418642772,https://www.hemnet.se/salda/lagenhet-2rum-forssjo-katrineholms-kommun-bintjevagen-24-a-8295107888418642772,66-67m²,2026-03-14T11:54:14.381436
533723404648887844,https://www.hemnet.se/salda/lagenhet-3rum-centralt-linkopings-kommun-drottninggatan-36b-533723404648887844,66-67m²,2026-03-14T11:54:14.381437
732003788244327860,https://www.hemnet.se/salda/lagenhet-2rum-torpa-vanersborgs-kommun-bokgatan-27-732003788244327860,66-67m²,2026-03-14T11:54:14.381439
8081936284820000613,https://www.hemnet.se/salda/lagenhet-3rum-sandarna-fixfabriken-goteborgs-kommun-guldkallegatan-46-8081936284820000613,66-67m²,2026-03-14T11:54:14.381440
1904762467478623029,https://www.hemnet.se/salda/lagenhet-3rum-stenhagen-uppsala-kommun-opalvagen-89-1904762467478623029,66-67m²,2026-03-14T11:54:14.381441
5707822710162092316,https://www.hemnet.se/salda/lagenhet-3rum-skyttorp-uppsala-kommun-myrvagen-4-5707822710162092316,66-67m²,2026-03-14T11:54:14.381443
5215160237803313568,https://www.hemnet.se/salda/lagenhet-2rum-arsta-stockholms-kommun-skontorpsvagen-109-5215160237803313568,66-67m²,2026-03-14T11:54:14.381444
5929612750544258910,https://www.hemnet.se/salda/lagenhet-2rum-malmen-kalmar-kommun-smalandsgatan-1b-5929612750544258910,66-67m²,2026-03-14T11:54:14.381445
2253115456309210343,https://www.hemnet.se/salda/lagenhet-2rum-centrum-harnosands-kommun-brunnshusgatan-22-c-2253115456309210343,66-67m²,2026-03-14T11:54:14.381447
7967241825930755095,https://www.hemnet.se/salda/lagenhet-2rum-ladugardsangen-orebro-kommun-loftbodsgatan-16-7967241825930755095,66-67m²,2026-03-14T11:54:14.381448
7286584876430983,https://www.hemnet.se/salda/lagenhet-3rum-ursvik-sundbybergs-kommun-stallgatan-19-7286584876430983,66-67m²,2026-03-14T11:54:14.381450
1278376391496354527,https://www.hemnet.se/salda/lagenhet-3rum-ostanfors-falu-kommun-trotzgatan-74a-1278376391496354527,66-67m²,2026-03-14T11:54:14.381451
7334814040817736598,https://www.hemnet.se/salda/lagenhet-2rum-hagalund-borlange-kommun-hagavagen-53-7334814040817736598,66-67m²,2026-03-14T11:54:14.381453
4807205214850248200,https://www.hemnet.se/salda/lagenhet-2rum-solna-gamla-rasunda-solna-kommun-vasavagen-31-4807205214850248200,66-67m²,2026-03-14T11:54:14.381454
3474070890460451036,https://www.hemnet.se/salda/lagenhet-3rum-pildammarna-malmo-kommun-kronborgsvagen-12b-3474070890460451036,66-67m²,2026-03-14T11:54:14.381455
7794293583856378784,https://www.hemnet.se/salda/lagenhet-3rum-tuve-goteborgs-kommun-glostorps-rosevag-8-7794293583856378784,66-67m²,2026-03-14T11:54:14.381457
3218778052627391425,https://www.hemnet.se/salda/lagenhet-3rum-mjolby-vasastaden-eldslosa-mjolby-kommun-lagmansgatan-37b-3218778052627391425,66-67m²,2026-03-14T11:54:14.381459
4646435882006490162,"https://www.hemnet.se/salda/lagenhet-2,5rum-hoganas-uppsala-kommun-vaderkvarnsgatan-8b-4646435882006490162",66-67m²,2026-03-14T11:54:14.381460
2682913123959379591,https://www.hemnet.se/salda/lagenhet-3rum-arsta-stockholms-kommun-bolmensvagen-19-2682913123959379591,66-67m²,2026-03-14T11:54:14.381461
7200126135257942886,https://www.hemnet.se/salda/lagenhet-3rum-solberga-stockholms-kommun-kristallvagen-28-7200126135257942886,66-67m²,2026-03-14T11:54:14.381462
8940568163271913596,https://www.hemnet.se/salda/lagenhet-3rum-traneberg-stockholms-kommun-hallebergsvagen-25-8940568163271913596,66-67m²,2026-03-14T11:54:14.381464
3644887541910341736,https://www.hemnet.se/salda/lagenhet-3rum-hoganas-hoganas-kommun-salviagatan-9a-3644887541910341736,66-67m²,2026-03-14T11:54:14.381465
538385264718622692,"https://www.hemnet.se/salda/lagenhet-3rum-kvarnholmen-nacka-nacka-kommun-tre-kronors-vag-58,-3tr-538385264718622692",66-67m²,2026-03-14T11:54:14.381467
4757992566462157305,"https://www.hemnet.se/salda/lagenhet-2rum-taby-centrum-taby-kommun-haradsgrand-8,-2tr-4757992566462157305",66-67m²,2026-03-14T11:54:14.381468
5447065813089060132,"https://www.hemnet.se/salda/lagenhet-3rum-vasastan-odenplan-stockholms-kommun-upplandsgatan-42,-4-tr-5447065813089060132",66-67m²,2026-03-14T11:54:14.381469
3924313184690992046,https://www.hemnet.se/salda/lagenhet-3rum-rimbo-norrtalje-kommun-dianastigen-11d-3924313184690992046,66-67m²,2026-03-14T11:54:14.381471
6406684837293498348,https://www.hemnet.se/salda/lagenhet-2rum-centrum-helsingborgs-kommun-nedre-langvinkelsgatan-45-6406684837293498348,66-67m²,2026-03-14T11:54:14.381472
711464110079895111,https://www.hemnet.se/salda/lagenhet-2rum-kapellgardet-uppsala-kommun-portalgatan-68-711464110079895111,66-67m²,2026-03-14T11:54:14.381473
4605038737146989664,"https://www.hemnet.se/salda/lagenhet-2rum-skytteholm-solna-kommun-ankdammsgatan-29,-van-8-av-8-4605038737146989664",66-67m²,2026-03-14T11:54:14.381576
7806165942480283176,https://www.hemnet.se/salda/lagenhet-2rum-rotebro-sollentuna-kommun-timotejvagen-16-7806165942480283176,66-67m²,2026-03-14T11:54:14.381579
4401302168366889151,https://www.hemnet.se/salda/lagenhet-2rum-prastslatten-karlshamns-kommun-prastslattsvagen-24-4401302168366889151,66-67m²,2026-03-14T11:54:14.381580
3284954333278518424,https://www.hemnet.se/salda/lagenhet-2rum-centrum-uppsala-kommun-kungsgatan-52b-3284954333278518424,66-67m²,2026-03-14T11:54:14.381581
3607737797945462216,"https://www.hemnet.se/salda/lagenhet-3rum-vasastan-s-t-eriksplan-stockholms-kommun-sankt-eriksplan-13,-4tr-3607737797945462216",66-67m²,2026-03-14T11:54:14.381583
460499008303461193,"https://www.hemnet.se/salda/lagenhet-2,5rum-luthagen-uppsala-kommun-ringgatan-16b-460499008303461193",66-67m²,2026-03-14T11:54:14.381584
6486432024446713442,https://www.hemnet.se/salda/lagenhet-2rum-fjaras-vallbyn-kungsbacka-kommun-akerovagen-2-6486432024446713442,66-67m²,2026-03-14T11:54:14.381586
8617738804080089963,https://www.hemnet.se/salda/lagenhet-3rum-taby-park-taby-kommun-transgatan-17-8617738804080089963,66-67m²,2026-03-14T11:54:14.381587
8258547898410591,"https://www.hemnet.se/salda/lagenhet-2rum-vallingby-parkstad-racksta-stockholms-kommun-jamtlandsgatan-97,-van-2-15024-1104-8258547898410591",66-67m²,2026-03-14T11:54:14.381588
4343041857783590658,https://www.hemnet.se/salda/lagenhet-2rum-sodermalm-stockholms-kommun-kapellgrand-6-4343041857783590658,66-67m²,2026-03-14T11:54:14.381590
4957772621492101229,https://www.hemnet.se/salda/lagenhet-3rum-hogsbo-goteborgs-kommun-kapplandsgatan-104-4957772621492101229,66-67m²,2026-03-14T11:54:14.381591
5571598158395801639,https://www.hemnet.se/salda/lagenhet-2rum-sodermalm-hogalid-stockholms-kommun-varvsgatan-1b-5571598158395801639,66-67m²,2026-03-14T11:54:14.381592
4191253780211839226,https://www.hemnet.se/salda/lagenhet-3rum-sandtorp-norrkopings-kommun-gustaf-janzens-gata-29d-4191253780211839226,66-67m²,2026-03-14T11:54:14.381594
3634960605619698522,https://www.hemnet.se/salda/lagenhet-3rum-barkarbystaden-jarfalla-kommun-gripengatan-14-3634960605619698522,66-67m²,2026-03-14T11:54:14.381595
959136821498341309,https://www.hemnet.se/salda/lagenhet-2rum-linnestaden-goteborgs-kommun-olivedalsgatan-17-959136821498341309,66-67m²,2026-03-14T11:54:14.381596
8919380735559918164,https://www.hemnet.se/salda/lagenhet-3rum-oppeby-nykopings-kommun-regeringsvagen-11-8919380735559918164,66-67m²,2026-03-14T11:54:14.381598
8438486681717624339,https://www.hemnet.se/salda/lagenhet-3rum-aby-molndals-kommun-ponnygatan-1b-8438486681717624339,66-67m²,2026-03-14T11:54:14.381599
8929579368058265556,https://www.hemnet.se/salda/lagenhet-2rum-centrum-oster-halmstads-kommun-snostorpsvagen-34a-8929579368058265556,66-67m²,2026-03-14T11:54:14.381600
600096424307542540,https://www.hemnet.se/salda/lagenhet-4rum-sodermalm-katarina-stockholms-kommun-ringvagen-62-600096424307542540,66-67m²,2026-03-14T11:54:14.381602
7951406513194735657,"https://www.hemnet.se/salda/lagenhet-3rum-farsta-strand-stockholms-kommun-filipstadsbacken-62,-4-tr-7951406513194735657",66-67m²,2026-03-14T11:54:14.381603
6763685307728865834,https://www.hemnet.se/salda/lagenhet-3rum-kalltorp-goteborgs-kommun-utjordsgatan-26-6763685307728865834,66-67m²,2026-03-14T11:54:14.381605
7377160981900743637,https://www.hemnet.se/salda/lagenhet-3rum-teg-umea-kommun-korpralsvagen-32b-7377160981900743637,66-67m²,2026-03-14T11:54:14.381606
166195285282557718,https://www.hemnet.se/salda/lagenhet-2rum-haga-goteborgs-kommun-husargatan-10-166195285282557718,66-67m²,2026-03-14T11:54:14.381607
8557418078903669344,https://www.hemnet.se/salda/lagenhet-2rum-sodermalm-sundsvalls-kommun-albacksgatan-32-8557418078903669344,66-67m²,2026-03-14T11:54:14.381609
207910742116577015,https://www.hemnet.se/salda/lagenhet-3rum-finntorp-nacka-kommun-finntorpsvagen-12-207910742116577015,66-67m²,2026-03-14T11:54:14.381610
8507979148169607821,https://www.hemnet.se/salda/lagenhet-3rum-kortedala-goteborgs-kommun-fastlagsgatan-15-8507979148169607821,66-67m²,2026-03-14T11:54:14.381611
57452036328363930,https://www.hemnet.se/salda/lagenhet-2rum-nyhamn-landskrona-kommun-badhusgatan-30-57452036328363930,66-67m²,2026-03-14T11:54:14.381613
3749644571720208366,https://www.hemnet.se/salda/lagenhet-2rum-korfaltet-ostersunds-kommun-reveljgrand-20-3749644571720208366,66-67m²,2026-03-14T11:54:14.381614
1407094552631479246,"https://www.hemnet.se/salda/lagenhet-2,5rum-tierp-tierps-kommun-sodra-esplanaden-11a-1407094552631479246",66-67m²,2026-03-14T11:54:14.381615
8372669103703425561,https://www.hemnet.se/salda/lagenhet-3rum-biskopsgarden-goteborgs-kommun-badvadersgatan-19-8372669103703425561,66-67m²,2026-03-14T11:54:14.381616
7868747664549233823,"https://www.hemnet.se/salda/lagenhet-2rum-brandbergen-haninge-kommun-oxens-gata-257,-6tr-7868747664549233823",66-67m²,2026-03-14T11:54:14.381618
4299518941328672969,https://www.hemnet.se/salda/lagenhet-2rum-ekholmen-linkopings-kommun-jardalavagen-18b-4299518941328672969,66-67m²,2026-03-14T11:54:14.381619
2425869900117232129,https://www.hemnet.se/salda/lagenhet-3rum-rasunda-solna-kommun-hasselstigen-5-2425869900117232129,66-67m²,2026-03-14T11:54:14.381620
8534473563174031043,https://www.hemnet.se/salda/lagenhet-3rum-fagelbacken-malmo-kommun-krutmeijersgatan-10-a-8534473563174031043,66-67m²,2026-03-14T11:54:14.381622
6573551218342978792,https://www.hemnet.se/salda/lagenhet-2rum-bellevue-ystads-kommun-stenstrykaregatan-6-6573551218342978792,66-67m²,2026-03-14T11:54:14.381623
138534089941573236,https://www.hemnet.se/salda/lagenhet-3rum-eslov-centralt-eslovs-kommun-vangavagen-36-138534089941573236,66-67m²,2026-03-14T11:54:14.381624
8821234668077298263,https://www.hemnet.se/salda/lagenhet-3rum-vasastan-hagastaden-stockholms-kommun-nina-einhorns-gata-4-8821234668077298263,66-67m²,2026-03-14T11:54:14.381626
7992075857453669648,https://www.hemnet.se/salda/lagenhet-3rum-vastra-frolunda-goteborgs-kommun-klarinettgatan-18-7992075857453669648,66-67m²,2026-03-14T11:54:14.381627
6128472354894703282,https://www.hemnet.se/salda/lagenhet-2rum-torshalla-eskilstuna-kommun-georg-nystromsgatan-28-6128472354894703282,66-67m²,2026-03-14T11:54:14.381629
2875704669761341512,"https://www.hemnet.se/salda/lagenhet-3,5rum-bromma-akeslund-stockholms-kommun-stopvagen-116-2875704669761341512",66-67m²,2026-03-14T11:54:14.381630
2927239433307930385,"https://www.hemnet.se/salda/lagenhet-2,5rum-bromma-beckomberga-stockholms-kommun-backbornas-vag-47,-3-tr,-2927239433307930385",66-67m²,2026-03-14T11:54:14.381631
6419144427117279992,https://www.hemnet.se/salda/lagenhet-3rum-centrala-osby-osby-kommun-parkgatan-11a-6419144427117279992,66-67m²,2026-03-14T11:54:14.381632
7557342030445509403,https://www.hemnet.se/salda/lagenhet-2rum-almedal-goteborgs-kommun-bomgatan-9a-7557342030445509403,66-67m²,2026-03-14T11:54:14.381634
6222182397900024057,https://www.hemnet.se/salda/lagenhet-3rum-ekhagen-jonkopings-kommun-tornrosgatan-67-6222182397900024057,66-67m²,2026-03-14T11:54:14.381635
3849679647955746621,https://www.hemnet.se/salda/lagenhet-3rum-gamla-staden-lidkopings-kommun-vandgatan-2c-3849679647955746621,66-67m²,2026-03-14T11:54:14.381636
8117922634561851377,https://www.hemnet.se/salda/lagenhet-3rum-edsberg-sollentuna-kommun-kruthornsvagen-11b-8117922634561851377,66-67m²,2026-03-14T11:54:14.381637
5008419639662270413,https://www.hemnet.se/salda/lagenhet-2rum-gottsunda-uppsala-kommun-vackra-birgers-vag-27-5008419639662270413,66-67m²,2026-03-14T11:54:14.381639
2350864073911013495,https://www.hemnet.se/salda/lagenhet-2rum-gyllins-tradgard-malmo-kommun-bullerbygatan-107-2350864073911013495,66-67m²,2026-03-14T11:54:14.381640
1364642721768032737,https://www.hemnet.se/salda/lagenhet-2rum-sofiedal-hudiksvalls-kommun-sofiedalsvagen-9-1364642721768032737,66-67m²,2026-03-14T11:54:14.381641
7510031316526149140,https://www.hemnet.se/salda/lagenhet-3rum-vasastan-atlas-stockholms-kommun-atlasgatan-9-7510031316526149140,66-67m²,2026-03-14T11:54:14.381642
3982968516383164037,"https://www.hemnet.se/salda/lagenhet-2,5rum-enskede-stockholms-kommun-nynasvagen-323-3982968516383164037",66-67m²,2026-03-14T11:54:14.381644
1339683520452136287,"https://www.hemnet.se/salda/lagenhet-2,5rum-orgryte-karralund-goteborgs-kommun-claessonsgatan-11-1339683520452136287",66-67m²,2026-03-14T11:54:14.381645
3545725443642765965,"https://www.hemnet.se/salda/lagenhet-2rum-kungsholmen-stockholms-kommun-sankt-goransgatan-82,-2-tr-3545725443642765965",66-67m²,2026-03-14T11:54:14.381646
2794560291710047244,https://www.hemnet.se/salda/lagenhet-2rum-fruangen-stockholms-kommun-jenny-nystroms-gata-10-2794560291710047244,66-67m²,2026-03-14T11:54:14.381647
5284281167338385258,https://www.hemnet.se/salda/lagenhet-3rum-eriksberg-uppsala-kommun-gnejsvagen-4a-5284281167338385258,66-67m²,2026-03-14T11:54:14.381649
2896483754810240685,https://www.hemnet.se/salda/lagenhet-3rum-centrum-harnosands-kommun-johan-nybergs-vag-12-2896483754810240685,66-67m²,2026-03-14T11:54:14.381650
5422282164786544774,https://www.hemnet.se/salda/lagenhet-2rum-centrum-skovde-kommun-repslagaregatan-3-5422282164786544774,66-67m²,2026-03-14T11:54:14.381651
938623621782638041,https://www.hemnet.se/salda/lagenhet-2rum-rikstens-friluftsstad-botkyrka-kommun-hanvedens-alle-89-938623621782638041,66-67m²,2026-03-14T11:54:14.381653
1689691281568439448,"https://www.hemnet.se/salda/lagenhet-2,5rum-saltsjobaden-neglinge-nacka-kommun-freyvagen-8a-1689691281568439448",66-67m²,2026-03-14T11:54:14.381654
951388612838205389,https://www.hemnet.se/salda/lagenhet-2rum-vannasby-vannas-kommun-garverigrand-5c-951388612838205389,66-67m²,2026-03-14T11:54:14.381655
9201668666590697625,https://www.hemnet.se/salda/lagenhet-3rum-arenastaden-solna-kommun-evenemangsgatan-34-9201668666590697625,66-67m²,2026-03-14T11:54:14.381656
3063319188511618228,https://www.hemnet.se/salda/lagenhet-3rum-kalmar-kalmar-kommun-lidhemsvagen-14c-3063319188511618228,66-67m²,2026-03-14T11:54:14.381657
525424410102821685,https://www.hemnet.se/salda/lagenhet-4rum-stoten-malung-salens-kommun-trivselvagen-24b-525424410102821685,66-67m²,2026-03-14T11:54:14.381659
1506400591062554681,https://www.hemnet.se/salda/lagenhet-3rum-byttorp-boras-kommun-vindelgatan-41b-1506400591062554681,66-67m²,2026-03-14T11:54:14.381660
1842159068728600423,"https://www.hemnet.se/salda/lagenhet-3rum-centrum-vallentuna-kommun-sommarvagen-20,-1-tr,-1842159068728600423",66-67m²,2026-03-14T11:54:14.381661
3373168409920768014,https://www.hemnet.se/salda/lagenhet-3rum-bredsand-enkopings-kommun-regalskeppsvagen-3c-3373168409920768014,66-67m²,2026-03-14T11:54:14.381662
5200305094137080540,https://www.hemnet.se/salda/lagenhet-3rum-ostra-sorgenfri-malmo-kommun-branteviksgatan-12c-5200305094137080540,66-67m²,2026-03-14T11:54:14.381664
7808763962208509524,"https://www.hemnet.se/salda/lagenhet-2,5rum-hoganas-uppsala-kommun-hoganasgatan-8a-7808763962208509524",66-67m²,2026-03-14T11:54:14.381665
3975153751772339897,https://www.hemnet.se/salda/lagenhet-3rum-centrala-sundbyberg-sundbybergs-kommun-fredsgatan-12a-3975153751772339897,66-67m²,2026-03-14T11:54:14.381666
1446592857143961954,https://www.hemnet.se/salda/lagenhet-3rum-bergshamra-solna-kommun-radjursstigen-18-1446592857143961954,66-67m²,2026-03-14T11:54:14.381668
3950766129596488376,https://www.hemnet.se/salda/lagenhet-2rum-slottsstaden-malmo-kommun-regementsgatan-78-3950766129596488376,66-67m²,2026-03-14T11:54:14.381669
8319656760721462144,https://www.hemnet.se/salda/lagenhet-2rum-attagard-falkopings-kommun-hjelmarsrorsgatan-12-b-8319656760721462144,66-67m²,2026-03-14T11:54:14.381670
2505115485050948030,https://www.hemnet.se/salda/lagenhet-3rum-aspudden-ornsberg-stockholms-kommun-ivar-vidfamnes-gata-14-2505115485050948030,66-67m²,2026-03-14T11:54:14.381672
6814178335177673877,https://www.hemnet.se/salda/lagenhet-2rum-sodra-brunna-upplands-bro-kommun-kornettstigen-7-6814178335177673877,66-67m²,2026-03-14T11:54:14.381673
6141591542824655059,https://www.hemnet.se/salda/lagenhet-2rum-racksta-stockholms-kommun-jamtlandsgatan-107-6141591542824655059,66-67m²,2026-03-14T11:54:14.381674
6377423043362605868,https://www.hemnet.se/salda/lagenhet-3rum-bergshamra-solna-kommun-radjursstigen-20-6377423043362605868,66-67m²,2026-03-14T11:54:14.381676
8407075418744213454,https://www.hemnet.se/salda/lagenhet-3rum-grondal-varnamo-kommun-salviavagen-17-f-8407075418744213454,66-67m²,2026-03-14T11:54:14.381677
6893438690149892415,https://www.hemnet.se/salda/lagenhet-3rum-ostermalm-stockholms-kommun-grev-magnigatan-15b-6893438690149892415,66-67m²,2026-03-14T11:54:14.381679
2076537537388396121,"https://www.hemnet.se/salda/lagenhet-2,5rum-vasastan-birkastan-stockholms-kommun-bravallagatan-9a,-5tr,-2076537537388396121",66-67m²,2026-03-14T11:54:14.381680
6908143966798815910,"https://www.hemnet.se/salda/lagenhet-2rum-skarpnack-stockholms-kommun-luftskeppsgatan-4,-3tr-6908143966798815910",66-67m²,2026-03-14T11:54:14.381681
9160608190285091564,https://www.hemnet.se/salda/lagenhet-3rum-bjurhovda-vasteras-kommun-benvagen-18-9160608190285091564,66-67m²,2026-03-14T11:54:14.381682
6084280282915953406,https://www.hemnet.se/salda/lagenhet-2rum-sundsvall-granloholm-sundsvalls-kommun-luleavagen-141-6084280282915953406,66-67m²,2026-03-14T11:54:14.381684
5287231090074623492,https://www.hemnet.se/salda/lagenhet-3rum-hammarby-sjostad-stockholms-kommun-heliosgatan-10b-5287231090074623492,66-67m²,2026-03-14T11:54:14.381685
4206677438879334835,"https://www.hemnet.se/salda/lagenhet-2rum-kungsholmen-stockholms-kommun-kungsklippan-9,-1-tr-4206677438879334835",66-67m²,2026-03-14T11:54:14.381687
1771154130106423578,https://www.hemnet.se/salda/lagenhet-2rum-hammarby-sjostad-stockholms-kommun-rorgangargatan-17a-1771154130106423578,66-67m²,2026-03-14T11:54:14.381688
3032272925253620005,https://www.hemnet.se/salda/lagenhet-3rum-terra-nova-gotlands-kommun-terra-novavagen-134-3032272925253620005,66-67m²,2026-03-14T11:54:14.381689
4858690150548052801,"https://www.hemnet.se/salda/lagenhet-2,5rum-gardet-ostermalm-stockholms-kommun-sandhamnsgatan-42d,-2tr-4858690150548052801",66-67m²,2026-03-14T11:54:14.381691
6449012092583666461,https://www.hemnet.se/salda/lagenhet-2rum-mollevangen-malmo-kommun-sodra-forstadsgatan-91b-6449012092583666461,66-67m²,2026-03-14T11:54:14.381692
9107301486511007220,https://www.hemnet.se/salda/lagenhet-3rum-centrum-uddevalla-kommun-regementsvagen-2-9107301486511007220,66-67m²,2026-03-14T11:54:14.381693
2277170344882546178,https://www.hemnet.se/salda/lagenhet-3rum-ostermalm-stockholms-kommun-karlavagen-2-2277170344882546178,66-67m²,2026-03-14T11:54:14.381695
4371618375157159497,"https://www.hemnet.se/salda/lagenhet-3rum-kungsholmen-fridhemsplan-stockholms-kommun-sankt-goransgatan-100,-van-5-4371618375157159497",66-67m²,2026-03-14T11:54:14.381696
6951053468475000287,https://www.hemnet.se/salda/lagenhet-2rum-centralt-orebro-kommun-engelbrektsgatan-17-a-6951053468475000287,66-67m²,2026-03-14T11:54:14.381697
2138428130035019820,https://www.hemnet.se/salda/lagenhet-2rum-alta-centrum-nacka-kommun-oxelvagen-51-2138428130035019820,66-67m²,2026-03-14T11:54:14.381699
3066743356984398656,https://www.hemnet.se/salda/lagenhet-2rum-kallhall-jarfalla-kommun-aron-lindgrens-vag-2-3066743356984398656,66-67m²,2026-03-14T11:54:14.381700
1495738403867936370,https://www.hemnet.se/salda/lagenhet-2rum-norrstrand-karlstads-kommun-ulvsbygatan-13a-1495738403867936370,66-67m²,2026-03-14T11:54:14.381701
1421788780800661186,https://www.hemnet.se/salda/lagenhet-2rum-centralt-arvika-kommun-skolgatan-7-b-1421788780800661186,66-67m²,2026-03-14T11:54:14.381703
8829557293158936748,https://www.hemnet.se/salda/lagenhet-2rum-knutsborg-staffanstorps-kommun-knutsborg-20-a-8829557293158936748,66-67m²,2026-03-14T11:54:14.381704
5817951488627145803,https://www.hemnet.se/salda/lagenhet-3rum-tynnered-goteborgs-kommun-bergkristallsgatan-32-5817951488627145803,66-67m²,2026-03-14T11:54:14.381706
3087761410297827208,https://www.hemnet.se/salda/lagenhet-2rum-hovslatt-jonkopings-kommun-vastra-hallstorpsvagen-41-3087761410297827208,66-67m²,2026-03-14T11:54:14.381707
789285127176700037,"https://www.hemnet.se/salda/lagenhet-2,5rum-bromma-beckomberga-stockholms-kommun-backbornas-vag-37,-hogst-upp-789285127176700037",66-67m²,2026-03-14T11:54:14.381708
8771465886828260936,https://www.hemnet.se/salda/lagenhet-3rum-aby-molndals-kommun-ridspogatan-7b-8771465886828260936,66-67m²,2026-03-14T11:54:14.381710
5928440848527960101,https://www.hemnet.se/salda/lagenhet-2rum-vallingby-racksta-stockholms-kommun-nickelgrand-14-5928440848527960101,66-67m²,2026-03-14T11:54:14.381711
1215608511648458039,https://www.hemnet.se/salda/lagenhet-3rum-stattena-helsingborgs-kommun-roamollagatan-34-1215608511648458039,66-67m²,2026-03-14T11:54:14.381712
8731621604803623675,https://www.hemnet.se/salda/lagenhet-2rum-ekholmen-linkopings-kommun-jardalavagen-82a-8731621604803623675,66-67m²,2026-03-14T11:54:14.381714
464754794637864760,https://www.hemnet.se/salda/lagenhet-2rum-apoteksskogen-upplands-vasby-kommun-holmvagen-22c-464754794637864760,66-67m²,2026-03-14T11:54:14.381715
2744726454977462322,"https://www.hemnet.se/salda/lagenhet-2,5rum-boras-centrum-boras-kommun-bjelkegatan-2-2744726454977462322",66-67m²,2026-03-14T11:54:14.381716
3624251296141899722,https://www.hemnet.se/salda/lagenhet-3rum-harnon-harnosands-kommun-johan-nybergs-vag-10-3624251296141899722,66-67m²,2026-03-14T11:54:14.381718
2060900653582667246,https://www.hemnet.se/salda/lagenhet-2rum-brunflo-ostersunds-kommun-angevagen-16-b-2060900653582667246,66-67m²,2026-03-14T11:54:14.381719
7301188695383224677,https://www.hemnet.se/salda/lagenhet-2rum-rotebro-sollentuna-kommun-timotejvagen-10-7301188695383224677,66-67m²,2026-03-14T11:54:14.381720
425698050627657887,https://www.hemnet.se/salda/lagenhet-3rum-nasby-orebro-kommun-bjorkmansgatan-16-425698050627657887,66-67m²,2026-03-14T11:54:14.381722
2490312596444634615,https://www.hemnet.se/salda/lagenhet-3rum-masthugget-goteborgs-kommun-fyrmastaregangen-16-2490312596444634615,66-67m²,2026-03-14T11:54:14.381723
3274135128854697489,"https://www.hemnet.se/salda/lagenhet-2,5rum-vasastan-odenplan-stockholms-kommun-gastrikegatan-20,-2tr-3274135128854697489",66-67m²,2026-03-14T11:54:14.381724
4933113584588581417,"https://www.hemnet.se/salda/lagenhet-3rum-vasastan-stockholms-kommun-hagagatan-48a,-3-tr-4933113584588581417",66-67m²,2026-03-14T11:54:14.381726
6101826550475361196,https://www.hemnet.se/salda/lagenhet-2rum-prastslatten-karlshamns-kommun-prastslattsvagen-2-6101826550475361196,66-67m²,2026-03-14T11:54:14.381727
7587391640024022907,https://www.hemnet.se/salda/lagenhet-3rum-vastra-orminge-nacka-kommun-edovagen-7f-7587391640024022907,66-67m²,2026-03-14T11:54:14.381729
8631795507943594658,https://www.hemnet.se/salda/lagenhet-3rum-ruddalen-goteborgs-kommun-klarinettgatan-4-8631795507943594658,66-67m²,2026-03-14T11:54:14.381730
3539910296673898826,https://www.hemnet.se/salda/lagenhet-3rum-edsberg-sollentuna-kommun-kruthornsvagen-5-3539910296673898826,66-67m²,2026-03-14T11:54:14.381731
3195147304645241211,https://www.hemnet.se/salda/lagenhet-2rum-linghem-linkopings-kommun-trastsangsvagen-114-3195147304645241211,66-67m²,2026-03-14T11:54:14.381733
2364096338371168861,https://www.hemnet.se/salda/lagenhet-2rum-trosa-centralt-trosa-kommun-ostermalmsvagen-34-i-2364096338371168861,66-67m²,2026-03-14T11:54:14.381734
4180336745548013454,https://www.hemnet.se/salda/lagenhet-2rum-amerika-nylund-varnamo-kommun-tornskatevagen-91-4180336745548013454,66-67m²,2026-03-14T11:54:14.381735
8801623591089433380,https://www.hemnet.se/salda/lagenhet-2rum-hisings-backa-goteborgs-kommun-sankt-jorgens-vag-28a-8801623591089433380,66-67m²,2026-03-14T11:54:14.381737
4526202603202905872,https://www.hemnet.se/salda/lagenhet-3rum-biskopsgarden-goteborgs-kommun-badvadersgatan-11-4526202603202905872,66-67m²,2026-03-14T11:54:14.381738
5181600175373318723,https://www.hemnet.se/salda/lagenhet-3rum-centrala-gallivare-gallivare-kommun-lappfogdegatan-1a-5181600175373318723,66-67m²,2026-03-14T11:54:14.381739
7072478659470028256,https://www.hemnet.se/salda/lagenhet-3rum-frosunda-solna-kommun-gustav-iii-s-boulevard-11-7072478659470028256,66-67m²,2026-03-14T11:54:14.381741
3474912914517391250,"https://www.hemnet.se/salda/lagenhet-2rum-huvudsta-solna-kommun-storgatan-72a,-van-1-3474912914517391250",66-67m²,2026-03-14T11:54:14.381742
660622030776719015,https://www.hemnet.se/salda/lagenhet-3rum-mariehojd-umea-kommun-skarvstensgatan-30-660622030776719015,66-67m²,2026-03-14T11:54:14.381744
10469090689954228,https://www.hemnet.se/salda/lagenhet-2rum-kristianstad-soder-kristianstads-kommun-stallgatan-1b-10469090689954228,66-67m²,2026-03-14T11:54:14.381745
5005245376765493273,https://www.hemnet.se/salda/lagenhet-2rum-granby-uppsala-kommun-stormgatan-10-5005245376765493273,66-67m²,2026-03-14T11:54:14.381746
6706180780186496794,https://www.hemnet.se/salda/lagenhet-3rum-villan-angelholms-kommun-kallenbergsgatan-3a-6706180780186496794,66-67m²,2026-03-14T11:54:14.381748
9066445465628886016,"https://www.hemnet.se/salda/lagenhet-2rum-hammarby-sjostad-stockholms-kommun-aktergatan-5,-5-tr-9066445465628886016",66-67m²,2026-03-14T11:54:14.381749
1060173060504887957,"https://www.hemnet.se/salda/lagenhet-2,5rum-beckomberga-soderberga-park-stockholms-kommun-backbornas-vag-43-1060173060504887957",66-67m²,2026-03-14T11:54:14.381751
721412819053336077,https://www.hemnet.se/salda/lagenhet-2rum-bifrost-molndals-kommun-pinnharvsgatan-1h-721412819053336077,66-67m²,2026-03-14T11:54:14.381752
9155710700999650226,https://www.hemnet.se/salda/lagenhet-2rum-kungshojd-goteborgs-kommun-arsenalsgatan-4b-9155710700999650226,66-67m²,2026-03-14T11:54:14.381753
6838318822206922571,https://www.hemnet.se/salda/lagenhet-3rum-sanna-kristinehamns-kommun-sannagatan-52d-6838318822206922571,66-67m²,2026-03-14T11:54:14.381755
4169821843370628791,https://www.hemnet.se/salda/lagenhet-3rum-holmsund-umea-kommun-centralgatan-17-f-4169821843370628791,66-67m²,2026-03-14T11:54:14.381756
8669058122230161812,https://www.hemnet.se/salda/lagenhet-2rum-arenastaden-solna-kommun-evenemangsgatan-10-8669058122230161812,66-67m²,2026-03-14T11:54:14.381757
1325349267620144836,"https://www.hemnet.se/salda/lagenhet-2,5rum-mollevangen-malmo-kommun-nobelvagen-30a-simrishamnsgatan-42-1325349267620144836",66-67m²,2026-03-14T11:54:14.381758
2980913229892960938,https://www.hemnet.se/salda/lagenhet-2rum-brandbergen-haninge-kommun-lejonets-gata-371-2980913229892960938,66-67m²,2026-03-14T11:54:14.381760
510188783489612604,https://www.hemnet.se/salda/lagenhet-2rum-vallingby-parkstad-racksta-stockholms-kommun-jamtlandsgatan-99-510188783489612604,66-67m²,2026-03-14T11:54:14.381761
4658872439267550621,https://www.hemnet.se/salda/lagenhet-3rum-brandbergen-haninge-kommun-stenbockens-gata-119-4658872439267550621,66-67m²,2026-03-14T11:54:14.381763
5153883418682716662,"https://www.hemnet.se/salda/lagenhet-2,5rum-nedre-gardet-ostermalm-stockholms-kommun-blanchegatan-4,-1tr-5153883418682716662",66-67m²,2026-03-14T11:54:14.381765
7499234991811603676,https://www.hemnet.se/salda/lagenhet-2rum-haga-karlstads-kommun-trekantsgatan-4-7499234991811603676,66-67m²,2026-03-14T11:54:14.381766
3927485880709117205,https://www.hemnet.se/salda/lagenhet-2rum-bjorndammen-partille-kommun-bisittarevagen-16-3927485880709117205,66-67m²,2026-03-14T11:54:14.381767
8925797097951880326,https://www.hemnet.se/salda/lagenhet-3rum-aby-molndals-kommun-ponnygatan-7b-8925797097951880326,66-67m²,2026-03-14T11:54:14.381768
1771276367551945825,https://www.hemnet.se/salda/lagenhet-3rum-skogas-huddinge-kommun-lunnarevagen-28c-1771276367551945825,66-67m²,2026-03-14T11:54:14.381770
472432679976923267,https://www.hemnet.se/salda/lagenhet-2rum-hornstull-stockholms-kommun-heleneborgsgatan-38a-472432679976923267,66-67m²,2026-03-14T11:54:14.381771
2343783535772232181,https://www.hemnet.se/salda/lagenhet-2rum-norr-helsingborgs-kommun-tagagatan-8-2343783535772232181,66-67m²,2026-03-14T11:54:14.381772
7250252453648010418,https://www.hemnet.se/salda/lagenhet-2rum-grondal-stockholms-kommun-ormbergsvagen-5-7250252453648010418,66-67m²,2026-03-14T11:54:14.381774
2924572750067749198,https://www.hemnet.se/salda/lagenhet-2rum-fruangen-stockholms-kommun-fredrika-bremers-gata-17-2924572750067749198,66-67m²,2026-03-14T11:54:14.381775
6133769734607791976,https://www.hemnet.se/salda/lagenhet-3rum-brandbergen-haninge-kommun-lejonets-gata-382-6133769734607791976,66-67m²,2026-03-14T11:54:14.381776
817491777713891121,https://www.hemnet.se/salda/lagenhet-3rum-aby-molndals-kommun-ponnygatan-7a-817491777713891121,66-67m²,2026-03-14T11:54:14.381784
7044471885342349413,https://www.hemnet.se/salda/lagenhet-3rum-taby-kyrkby-taby-kommun-holmgardsvagen-4-7044471885342349413,66-67m²,2026-03-14T11:54:14.381785
2800770745526021022,https://www.hemnet.se/salda/lagenhet-2rum-morrum-karlshamns-kommun-bygatan-55-2800770745526021022,66-67m²,2026-03-14T11:54:14.381786
5431031224700992718,https://www.hemnet.se/salda/lagenhet-2rum-korsta-sundsvalls-kommun-korstavagen-2a-5431031224700992718,66-67m²,2026-03-14T11:54:14.381788
531627298260332854,"https://www.hemnet.se/salda/lagenhet-2,5rum-salabacke-uppsala-kommun-arstagatan-33-531627298260332854",66-67m²,2026-03-14T11:54:14.381789
5285186502615339198,https://www.hemnet.se/salda/lagenhet-2rum-skarmarbrink-hammarbyhojden-stockholms-kommun-nathorstvagen-21c-5285186502615339198,66-67m²,2026-03-14T11:54:14.381790
4991903222661995438,https://www.hemnet.se/salda/lagenhet-3rum-vasterliden-jonkopings-kommun-vasterliden-5d-4991903222661995438,66-67m²,2026-03-14T11:54:14.381792
2259968610996178764,https://www.hemnet.se/salda/lagenhet-2rum-centralt-upplands-vasby-kommun-stallgatan-8-b-2259968610996178764,66-67m²,2026-03-14T11:54:14.381793
1773328109147771229,https://www.hemnet.se/salda/lagenhet-2rum-soder-sodertull-gavle-kommun-sodra-kopparslagargatan-27-1773328109147771229,66-67m²,2026-03-14T11:54:14.381795
7491778385965000245,https://www.hemnet.se/salda/lagenhet-3rum-bagarmossen-stockholms-kommun-emagatan-18-7491778385965000245,66-67m²,2026-03-14T11:54:14.381796
7809902653856144992,https://www.hemnet.se/salda/lagenhet-3rum-barkarbystaden-jarfalla-kommun-viggengatan-10-7809902653856144992,66-67m²,2026-03-14T11:54:14.381798
4938053906812875764,https://www.hemnet.se/salda/lagenhet-3rum-enskede-stockholms-kommun-gotaforsvagen-20-4938053906812875764,66-67m²,2026-03-14T11:54:14.381799
8376193071232366016,https://www.hemnet.se/salda/lagenhet-2rum-liljeholmskajen-stockholms-kommun-vingardsgatan-1-8376193071232366016,66-67m²,2026-03-14T11:54:14.381800
3267657180739143340,https://www.hemnet.se/salda/lagenhet-3rum-ostra-sorgenfri-malmo-kommun-ostra-farmvagen-46a-3267657180739143340,66-67m²,2026-03-14T11:54:14.381802
8407419446865215358,"https://www.hemnet.se/salda/lagenhet-3,5rum-molndal-innerstaden-molndals-kommun-brogatan-10-8407419446865215358",66-67m²,2026-03-14T11:54:14.381803
6210515534920469544,https://www.hemnet.se/salda/lagenhet-2rum-lit-ostersunds-kommun-krokvagen-45-6210515534920469544,66-67m²,2026-03-14T11:54:14.381804
9124510813315573129,https://www.hemnet.se/salda/lagenhet-2rum-tomtebo-umea-kommun-alvans-vag-204-9124510813315573129,66-67m²,2026-03-14T11:54:14.381806
6835377664721025992,https://www.hemnet.se/salda/lagenhet-2rum-lidaker-lidkopings-kommun-lidakersgatan-5a-6835377664721025992,66-67m²,2026-03-14T11:54:14.381807
5841127967882970011,https://www.hemnet.se/salda/lagenhet-3rum-hovas-goteborgs-kommun-kunga-amandas-grand-3-5841127967882970011,66-67m²,2026-03-14T11:54:14.381808
1312623693250081154,https://www.hemnet.se/salda/lagenhet-2rum-centrala-herrljunga-herrljunga-kommun-ostergardsgatan-6d-1312623693250081154,66-67m²,2026-03-14T11:54:14.381810
6836362486734920299,https://www.hemnet.se/salda/lagenhet-3rum-vasteras-vasteras-kommun-langmartensgatan-5c-6836362486734920299,66-67m²,2026-03-14T11:54:14.381811
4674355593500794506,https://www.hemnet.se/salda/lagenhet-3rum-kapellgardet-uppsala-kommun-portalgatan-92-4674355593500794506,66-67m²,2026-03-14T11:54:14.381812
4349732152876261121,https://www.hemnet.se/salda/lagenhet-3rum-ljungskile-uddevalla-kommun-utsiktsvagen-14b-4349732152876261121,66-67m²,2026-03-14T11:54:14.381813
8730081328456104267,https://www.hemnet.se/salda/lagenhet-3rum-mariehojd-umea-kommun-skarvstensgatan-52-8730081328456104267,66-67m²,2026-03-14T11:54:14.381815
7934405460670558429,https://www.hemnet.se/salda/lagenhet-2rum-ostra-gardet-falkenbergs-kommun-betesvagen-4c-7934405460670558429,66-67m²,2026-03-14T11:54:14.381816
1997344270939140212,https://www.hemnet.se/salda/lagenhet-3rum-bjorkekarr-goteborgs-kommun-traringen-7-1997344270939140212,66-67m²,2026-03-14T11:54:14.381817
1818676075890473004,"https://www.hemnet.se/salda/lagenhet-2rum-farsta-strand-stockholms-kommun-ullerudsbacken-53,-3tr-1818676075890473004",66-67m²,2026-03-14T11:54:14.381818
8700740700634361585,https://www.hemnet.se/salda/lagenhet-3rum-vasastan-sibirien-stockholms-kommun-frejgatan-45-8700740700634361585,66-67m²,2026-03-14T11:54:14.381820
6901561704170207679,https://www.hemnet.se/salda/lagenhet-3rum-edsberg-sollentuna-kommun-kruthornsvagen-13-6901561704170207679,66-67m²,2026-03-14T11:54:14.381821
5259994338485375198,https://www.hemnet.se/salda/lagenhet-3rum-gardet-stockholms-kommun-furusundsgatan-8-5259994338485375198,66-67m²,2026-03-14T11:54:14.381822
8648095826290540224,https://www.hemnet.se/salda/lagenhet-2rum-irsta-vasteras-kommun-ullvigatan-45d-8648095826290540224,66-67m²,2026-03-14T11:54:14.381823
4065277080897785931,"https://www.hemnet.se/salda/lagenhet-2,5rum-vasastan-hagastaden-stockholms-kommun-emmy-rappes-gata-3-4065277080897785931",66-67m²,2026-03-14T11:54:14.381825
999157452771411603,https://www.hemnet.se/salda/lagenhet-3rum-masthugget-goteborgs-kommun-skepparegangen-14-999157452771411603,66-67m²,2026-03-14T11:54:14.381826
6687806938978829757,https://www.hemnet.se/salda/lagenhet-2rum-centralt-linkopings-kommun-repslagaregatan-34-6687806938978829757,66-67m²,2026-03-14T11:54:14.381827
5007703428194992411,https://www.hemnet.se/salda/lagenhet-2rum-torvalla-ostersunds-kommun-anarisvagen-9-5007703428194992411,66-67m²,2026-03-14T11:54:14.381829
8964710145896497928,"https://www.hemnet.se/salda/lagenhet-2,5rum-linnestaden-goteborgs-kommun-kastellgatan-6b-8964710145896497928",66-67m²,2026-03-14T11:54:14.381830
8700370492321537993,https://www.hemnet.se/salda/lagenhet-2rum-bifrost-molndals-kommun-pinnharvsgatan-3d-8700370492321537993,66-67m²,2026-03-14T11:54:14.381831
6266372619540450488,"https://www.hemnet.se/salda/lagenhet-3rum-kista-gard-stockholms-kommun-kista-allevag-35,-van-7-7-6266372619540450488",66-67m²,2026-03-14T11:54:14.381833
4027372751602957071,https://www.hemnet.se/salda/lagenhet-3rum-nynashamn-nynashamns-kommun-centralgatan-32-a-4027372751602957071,66-67m²,2026-03-14T11:54:14.381834
3990191941140024903,https://www.hemnet.se/salda/lagenhet-3rum-biskopsgarden-goteborgs-kommun-badvadersgatan-21-3990191941140024903,66-67m²,2026-03-14T11:54:14.381835
126191056803527265,"https://www.hemnet.se/salda/lagenhet-2,5rum-brandbergen-haninge-kommun-oxens-gata-247-126191056803527265",66-67m²,2026-03-14T11:54:14.381837
3290265711210944092,https://www.hemnet.se/salda/lagenhet-3rum-oringe-tyreso-kommun-diamantgangen-135-3290265711210944092,66-67m²,2026-03-14T11:54:14.381838
4724367685614543245,https://www.hemnet.se/salda/lagenhet-2rum-herserud-lidingo-kommun-carl-milles-vag-7-4724367685614543245,66-67m²,2026-03-14T11:54:14.381839
5187136731127676862,https://www.hemnet.se/salda/lagenhet-2rum-blasut-stockholms-kommun-fyrvaktarkroken-22-5187136731127676862,66-67m²,2026-03-14T11:54:14.381840
8611865209654937277,https://www.hemnet.se/salda/lagenhet-2rum-hisings-backa-goteborgs-kommun-cederflychts-gata-1-8611865209654937277,66-67m²,2026-03-14T11:54:14.381842
1531294337428655823,https://www.hemnet.se/salda/lagenhet-2rum-ladugardsangen-orebro-kommun-fatbursgatan-12-1531294337428655823,66-67m²,2026-03-14T11:54:14.381843
8397397931808646545,https://www.hemnet.se/salda/lagenhet-2rum-galgberget-falu-kommun-kvartsstigen-19-8397397931808646545,66-67m²,2026-03-14T11:54:14.381844
4587662935064522083,https://www.hemnet.se/salda/lagenhet-2rum-bifrost-molndals-kommun-pinnharvsgatan-1i-4587662935064522083,66-67m²,2026-03-14T11:54:14.381846
4864894252943313929,https://www.hemnet.se/salda/lagenhet-2rum-hokopinge-vellinge-kommun-bruksparken-4-4864894252943313929,66-67m²,2026-03-14T11:54:14.381847
8768396028507071815,https://www.hemnet.se/salda/lagenhet-3rum-arsta-stockholms-kommun-arstavagen-129-8768396028507071815,66-67m²,2026-03-14T11:54:14.381848
4685710555593610603,https://www.hemnet.se/salda/lagenhet-2rum-dammsvedjan-boras-kommun-svedjegatan-21a-4685710555593610603,66-67m²,2026-03-14T11:54:14.381849
7838740345508056048,https://www.hemnet.se/salda/lagenhet-3rum-sjolunda-lidkopings-kommun-portvaktsvagen-7b-7838740345508056048,66-67m²,2026-03-14T11:54:14.381851
1328905471058260448,https://www.hemnet.se/salda/lagenhet-3rum-centrum-sala-kommun-hyttgatan-27-1328905471058260448,66-67m²,2026-03-14T11:54:14.381852
4329318868841119588,https://www.hemnet.se/salda/lagenhet-2rum-sigtuna-aludden-sigtuna-kommun-olov-hartmans-vag-35-4329318868841119588,66-67m²,2026-03-14T11:54:14.381853
1958121229667495985,https://www.hemnet.se/salda/lagenhet-2rum-centrum-karlstads-kommun-ostra-torggatan-9-1958121229667495985,66-67m²,2026-03-14T11:54:14.381855
8075816949743671080,https://www.hemnet.se/salda/lagenhet-2rum-sodermalm-stockholms-kommun-swedenborgsgatan-28-8075816949743671080,66-67m²,2026-03-14T11:54:14.381856
4983702006230707077,https://www.hemnet.se/salda/lagenhet-2rum-stallhagen-vasteras-kommun-clareusgatan-8-4983702006230707077,66-67m²,2026-03-14T11:54:14.381857
5648974945786638091,https://www.hemnet.se/salda/lagenhet-3rum-skytteholm-solna-kommun-nybodagatan-2-5648974945786638091,66-67m²,2026-03-14T11:54:14.381859
7489240584345564896,https://www.hemnet.se/salda/lagenhet-2rum-sjobo-boras-kommun-tomtegatan-17-c-7489240584345564896,66-67m²,2026-03-14T11:54:14.381860
6016123046244481937,https://www.hemnet.se/salda/lagenhet-3rum-bromma-annedal-stockholms-kommun-tomtebobarnens-gata-25-6016123046244481937,66-67m²,2026-03-14T11:54:14.381862
3248088577882104900,https://www.hemnet.se/salda/lagenhet-3rum-nedre-kungsholmen-stockholms-kommun-karlsviksgatan-16-3248088577882104900,66-67m²,2026-03-14T11:54:14.381863
5375233057261485800,https://www.hemnet.se/salda/lagenhet-2rum-falhagen-petterslund-uppsala-kommun-petterslundsgatan-9-b-5375233057261485800,66-67m²,2026-03-14T11:54:14.381864
7524580744434645084,https://www.hemnet.se/salda/lagenhet-2rum-rud-karlstads-kommun-mossgatan-205-7524580744434645084,66-67m²,2026-03-14T11:54:14.381866
2812894662198147337,https://www.hemnet.se/salda/lagenhet-3rum-orby-slott-alvsjo-stockholms-kommun-gimmerstavagen-6-2812894662198147337,66-67m²,2026-03-14T11:54:14.381867
4066946075019387908,https://www.hemnet.se/salda/lagenhet-2rum-brandbergen-haninge-kommun-tvillingarnas-gata-320-4066946075019387908,66-67m²,2026-03-14T11:54:14.381868
4946677350635114007,https://www.hemnet.se/salda/lagenhet-2rum-sjobo-sjobo-kommun-tornedalsgatan-14b-4946677350635114007,66-67m²,2026-03-14T11:54:14.381870
8424673364601077362,https://www.hemnet.se/salda/lagenhet-2rum-valkaren-atvidabergs-kommun-strandgatan-24b-8424673364601077362,66-67m²,2026-03-14T11:54:14.381871
8116917174893149000,https://www.hemnet.se/salda/lagenhet-2rum-ronneberga-eslovs-kommun-ronnebergavagen-37a-8116917174893149000,66-67m²,2026-03-14T11:54:14.381873
7309082108577320447,https://www.hemnet.se/salda/lagenhet-2rum-klagshamn-malmo-kommun-folketshusvagen-7-7309082108577320447,66-67m²,2026-03-14T11:54:14.381874
6160947283328544370,https://www.hemnet.se/salda/lagenhet-3rum-centrum-ystads-kommun-thorssons-vag-15-6160947283328544370,66-67m²,2026-03-14T11:54:14.381875
1696448757793750554,https://www.hemnet.se/salda/lagenhet-3rum-torps-gard-jonkopings-kommun-galoppgatan-26-1696448757793750554,66-67m²,2026-03-14T11:54:14.381877
7929350806804390785,https://www.hemnet.se/salda/lagenhet-3rum-bredsand-enkopings-kommun-korvettvagen-4a-7929350806804390785,66-67m²,2026-03-14T11:54:14.381878
5050951776646665917,https://www.hemnet.se/salda/lagenhet-2rum-centrum-sundsvalls-kommun-thulegatan-35b-5050951776646665917,66-67m²,2026-03-14T11:54:14.381879
4247980484807724118,https://www.hemnet.se/salda/lagenhet-2rum-centrum-karlshamns-kommun-regeringsgatan-115-4247980484807724118,66-67m²,2026-03-14T11:54:14.381880
4185871139557956815,https://www.hemnet.se/salda/lagenhet-3rum-bjurhovda-vasteras-kommun-knotavagen-28-4185871139557956815,66-67m²,2026-03-14T11:54:14.381882
6879221537708545233,"https://www.hemnet.se/salda/lagenhet-2,5rum-hagalund-borlange-kommun-vasagatan-15-6879221537708545233",66-67m²,2026-03-14T11:54:14.381883
7521768086705741788,https://www.hemnet.se/salda/lagenhet-2rum-racksta-stockholms-kommun-jamtlandsgatan-107-van-2-7521768086705741788,66-67m²,2026-03-14T11:54:14.381885
6864469550453203875,https://www.hemnet.se/salda/lagenhet-2rum-hoganas-uppsala-kommun-salagatan-12a-6864469550453203875,66-67m²,2026-03-14T11:54:14.381886
1396078711649731453,https://www.hemnet.se/salda/lagenhet-3rum-gullmarsplan-stockholms-kommun-gullmarsvagen-8-1396078711649731453,66-67m²,2026-03-14T11:54:14.381887
1115511542708089690,https://www.hemnet.se/salda/lagenhet-3rum-soder-gavle-kommun-sodra-kansligatan-30-1115511542708089690,66-67m²,2026-03-14T11:54:14.381889
3747926916237306999,https://www.hemnet.se/salda/lagenhet-3rum-norby-uppsala-kommun-tryffelvagen-106-3747926916237306999,66-67m²,2026-03-14T11:54:14.381890
3182416537974307857,https://www.hemnet.se/salda/lagenhet-3rum-gamla-filmstaden-solna-kommun-mauritz-stillers-vag-3-3182416537974307857,66-67m²,2026-03-14T11:54:14.381891
4572667213100344609,https://www.hemnet.se/salda/lagenhet-2rum-ostermalm-stockholms-kommun-linnegatan-48b-4572667213100344609,66-67m²,2026-03-14T11:54:14.381892
6660434660661572083,https://www.hemnet.se/salda/lagenhet-2rum-sandsbro-vaxjo-kommun-akervagen-13c-6660434660661572083,66-67m²,2026-03-14T11:54:14.381894
2675051039383019370,https://www.hemnet.se/salda/lagenhet-2rum-kungsangen-brunna-upplands-bro-kommun-kornettstigen-1-2675051039383019370,66-67m²,2026-03-14T11:54:14.381895
3068279103063937673,https://www.hemnet.se/salda/lagenhet-3rum-vastra-frolunda-goteborgs-kommun-klarinettgatan-14-3068279103063937673,66-67m²,2026-03-14T11:54:14.381897
2578297807606042478,https://www.hemnet.se/salda/lagenhet-2rum-orebro-orebro-kommun-engelbrektsgatan-15b-2578297807606042478,66-67m²,2026-03-14T11:54:14.381898
4688313482775105976,"https://www.hemnet.se/salda/lagenhet-3rum-ostermalm-stockholms-kommun-linnegatan-39a,-5-tr-4688313482775105976",66-67m²,2026-03-14T11:54:14.381899
482491099652282011,https://www.hemnet.se/salda/lagenhet-3rum-herrhagen-karlstads-kommun-bergslagsgatan-4-a-482491099652282011,66-67m²,2026-03-14T11:54:14.381901
3654628656769708610,https://www.hemnet.se/salda/lagenhet-3rum-fritsla-marks-kommun-forlaggarevagen-25c-3654628656769708610,66-67m²,2026-03-14T11:54:14.381902
6746754446535124374,https://www.hemnet.se/salda/lagenhet-2rum-vallas-halmstads-kommun-kornhillsvagen-15d-6746754446535124374,66-67m²,2026-03-14T11:54:14.381903
721787144972951121,"https://www.hemnet.se/salda/lagenhet-3rum-kungsholmen-fridhemsplan-stockholms-kommun-arbetargatan-27b,-van-5-721787144972951121",66-67m²,2026-03-14T11:54:14.381905
5833354908016012625,https://www.hemnet.se/salda/lagenhet-3rum-hogsbo-goteborgs-kommun-kapplandsgatan-16-5833354908016012625,66-67m²,2026-03-14T11:54:14.381906
2071593329189931961,https://www.hemnet.se/salda/lagenhet-2rum-prastslatten-karlshamns-kommun-prastslattsvagen-6-2071593329189931961,66-67m²,2026-03-14T11:54:14.381907
4006372222806864404,https://www.hemnet.se/salda/lagenhet-3rum-vastra-hudiksvall-hudiksvalls-kommun-vastra-tullgatan-32a-4006372222806864404,66-67m²,2026-03-14T11:54:14.381909
2123900581601302654,https://www.hemnet.se/salda/lagenhet-2rum-visby-gotlands-kommun-akermansvagen-2-2123900581601302654,66-67m²,2026-03-14T11:54:14.381910
7341793539582350607,"https://www.hemnet.se/salda/lagenhet-2rum-bromma-mariehall-stockholms-kommun-tappvagen-22,-1tr,-7341793539582350607",66-67m²,2026-03-14T11:54:14.381911
7045868505238257834,https://www.hemnet.se/salda/lagenhet-3rum-valla-linkopings-kommun-syrengatan-8b-7045868505238257834,66-67m²,2026-03-14T11:54:14.381913
4567210946869653987,"https://www.hemnet.se/salda/lagenhet-3rum-hagalund-solna-kommun-hagalundsgatan-12,-van-10-4567210946869653987",66-67m²,2026-03-14T11:54:14.381914
2316212425395190927,https://www.hemnet.se/salda/lagenhet-3rum-ekhagen-jonkopings-kommun-ronngatan-17-2316212425395190927,66-67m²,2026-03-14T11:54:14.381916
7191160673038337887,https://www.hemnet.se/salda/lagenhet-3rum-centrum-gallivare-gallivare-kommun-lappfogdegatan-1a-7191160673038337887,66-67m²,2026-03-14T11:54:14.381917
400691287867192814,https://www.hemnet.se/salda/lagenhet-2rum-askersund-askersunds-kommun-sjotullsgatan-22-400691287867192814,66-67m²,2026-03-14T11:54:14.381918
1431520295426032786,https://www.hemnet.se/salda/lagenhet-2rum-vasastaden-stockholms-kommun-kungstensgatan-29-1431520295426032786,66-67m²,2026-03-14T11:54:14.381920
7823347286740133359,https://www.hemnet.se/salda/lagenhet-3rum-teg-umea-kommun-tegsvagen-4b-7823347286740133359,66-67m²,2026-03-14T11:54:14.381921
9125645458751485235,https://www.hemnet.se/salda/lagenhet-2rum-lerum-lerums-kommun-frodings-alle-48d-9125645458751485235,66-67m²,2026-03-14T11:54:14.381923
7279310680965826678,https://www.hemnet.se/salda/lagenhet-3rum-huvudsta-solna-kommun-johan-enbergs-vag-9-7279310680965826678,66-67m²,2026-03-14T11:54:14.381924
2362546434228092521,https://www.hemnet.se/salda/lagenhet-3rum-norra-asum-kristianstads-kommun-hemvarnsvagen-4a-2362546434228092521,66-67m²,2026-03-14T11:54:14.381925
1866849137436851964,https://www.hemnet.se/salda/lagenhet-3rum-biskopsgarden-goteborgs-kommun-badvadersgatan-27-1866849137436851964,66-67m²,2026-03-14T11:54:14.381927
6339802865672069738,https://www.hemnet.se/salda/lagenhet-2rum-vasastaden-stockholms-kommun-norrbackagatan-26a-6339802865672069738,66-67m²,2026-03-14T11:54:14.381928
5283804292474571100,https://www.hemnet.se/salda/lagenhet-2rum-mariehem-umea-kommun-mariehemsvagen-29a-5283804292474571100,66-67m²,2026-03-14T11:54:14.381929
2050464929433338798,https://www.hemnet.se/salda/lagenhet-2rum-brottsta-lundby-eskilstuna-kommun-rothoffsvagen-16a-2050464929433338798,66-67m²,2026-03-14T11:54:14.381931
2495218648963889730,https://www.hemnet.se/salda/lagenhet-2rum-kragstalund-vallentuna-kommun-zetterlunds-vag-113-b-2495218648963889730,66-67m²,2026-03-14T11:54:14.381932
4166131915705303041,https://www.hemnet.se/salda/lagenhet-3rum-torps-gard-jonkopings-kommun-toltgatan-2-10-4166131915705303041,66-67m²,2026-03-14T11:54:14.381934
1040171199333949425,https://www.hemnet.se/salda/lagenhet-3rum-tynnered-goteborgs-kommun-aroniagatan-5-1040171199333949425,66-67m²,2026-03-14T11:54:14.381935
6049087847555745545,https://www.hemnet.se/salda/lagenhet-3rum-sodermalm-sofo-stockholms-kommun-skanegatan-80-6049087847555745545,66-67m²,2026-03-14T11:54:14.381936
5936419290602658593,https://www.hemnet.se/salda/lagenhet-2rum-slussen-malmo-kommun-ostra-forstadsgatan-17d-5936419290602658593,66-67m²,2026-03-14T11:54:14.381938
5129145812779480574,https://www.hemnet.se/salda/lagenhet-2rum-kapellgardet-uppsala-kommun-portalgatan-25-5129145812779480574,66-67m²,2026-03-14T11:54:14.381939
4401258681216246168,https://www.hemnet.se/salda/lagenhet-3rum-angered-goteborgs-kommun-hasthagen-16-4401258681216246168,66-67m²,2026-03-14T11:54:14.381940
1357280787500190468,https://www.hemnet.se/salda/lagenhet-2rum-limhamn-malmo-kommun-lotsgatan-23a-1357280787500190468,66-67m²,2026-03-14T11:54:14.381942
8601137629120038736,https://www.hemnet.se/salda/lagenhet-3rum-snattringe-huddinge-kommun-kallkarrsvagen-76-8601137629120038736,66-67m²,2026-03-14T11:54:14.381948
7728025646788641656,https://www.hemnet.se/salda/lagenhet-2rum-korsangsgardet-vasteras-kommun-korsangsgatan-10-7728025646788641656,66-67m²,2026-03-14T11:54:14.381951
3488102040332532601,https://www.hemnet.se/salda/lagenhet-2rum-kungsangen-ekhammar-upplands-bro-kommun-bjornbarsstigen-20-3488102040332532601,66-67m²,2026-03-14T11:54:14.381953
5753941207944017437,https://www.hemnet.se/salda/lagenhet-2rum-hogsveden-gagnefs-kommun-hogsvevagen-107-5753941207944017437,66-67m²,2026-03-14T11:54:14.381956
708397886830240001,https://www.hemnet.se/salda/lagenhet-2rum-ytterby-kungalvs-kommun-klevevagen-10-708397886830240001,66-67m²,2026-03-14T11:54:14.381958
7764294065388373593,https://www.hemnet.se/salda/lagenhet-2rum-sundbyberg-sundbybergs-kommun-ursviksvagen-14-7764294065388373593,66-67m²,2026-03-14T11:54:14.381961
463246772409586868,https://www.hemnet.se/salda/lagenhet-2rum-vastra-skogen-solna-kommun-johan-enbergs-vag-5-463246772409586868,66-67m²,2026-03-14T11:54:14.381963
2104795642801885504,https://www.hemnet.se/salda/lagenhet-2rum-korsta-sundsvalls-kommun-korstavagen-4a-2104795642801885504,66-67m²,2026-03-14T11:54:14.381966
7342337235856869836,https://www.hemnet.se/salda/lagenhet-2rum-molndal-bifrost-molndals-kommun-blandsadesgatan-2c-7342337235856869836,66-67m²,2026-03-14T11:54:14.381968
2075450330676434108,https://www.hemnet.se/salda/lagenhet-2rum-kristianstad-va-kristianstads-kommun-kung-nils-vag-23-2075450330676434108,66-67m²,2026-03-14T11:54:14.381970
1858748486954995519,https://www.hemnet.se/salda/lagenhet-3rum-bredsand-enkopings-kommun-korvettvagen-22e-1858748486954995519,66-67m²,2026-03-14T11:54:14.381972
8810690073992937881,https://www.hemnet.se/salda/lagenhet-3rum-gamla-enskede-stockholms-kommun-nynasvagen-334-8810690073992937881,66-67m²,2026-03-14T11:54:14.381975
4048510962397145995,https://www.hemnet.se/salda/lagenhet-2rum-triangeln-malmo-kommun-spangatan-4a-4048510962397145995,66-67m²,2026-03-14T11:54:14.381977
7316825664467652518,https://www.hemnet.se/salda/lagenhet-3rum-almby-orebro-kommun-bjorkmansgatan-14-7316825664467652518,66-67m²,2026-03-14T11:54:14.381980
1347142555505325657,https://www.hemnet.se/salda/lagenhet-3rum-eriksberg-goteborgs-kommun-astris-gata-84-1347142555505325657,66-67m²,2026-03-14T11:54:14.381982
6440457936444872803,https://www.hemnet.se/salda/lagenhet-3rum-trangsund-huddinge-kommun-tornslingan-31-6440457936444872803,66-67m²,2026-03-14T11:54:14.381984
3495939653568575895,https://www.hemnet.se/salda/lagenhet-2rum-gamla-vaster-malmo-kommun-hjulhamnsgatan-8-3495939653568575895,66-67m²,2026-03-14T11:54:14.381986
6097686262549105419,https://www.hemnet.se/salda/lagenhet-2rum-gamla-kalgarden-jonkopings-kommun-gelbgjutargatan-20-6097686262549105419,66-67m²,2026-03-14T11:54:14.381989
8262319556814099869,https://www.hemnet.se/salda/lagenhet-3rum-annedal-stockholms-kommun-tomtebobarnens-gata-25-8262319556814099869,66-67m²,2026-03-14T11:54:14.381990
2739596371925357079,https://www.hemnet.se/salda/lagenhet-2rum-borgholm-borgholms-kommun-kopmangatan-1b-2739596371925357079,66-67m²,2026-03-14T11:54:14.381992
6575910040536960709,https://www.hemnet.se/salda/lagenhet-4rum-hammarbyhojden-stockholms-kommun-thunbergsgatan-7a-6575910040536960709,66-67m²,2026-03-14T11:54:14.381994
3884568758822247703,https://www.hemnet.se/salda/lagenhet-3rum-mariehojd-umea-kommun-skarvstensgatan-12-3884568758822247703,66-67m²,2026-03-14T11:54:14.381997
3056643542735010377,https://www.hemnet.se/salda/lagenhet-2rum-tibble-upplands-bro-kommun-bjornbarsstigen-22-3056643542735010377,66-67m²,2026-03-14T11:54:14.382001
1878409739361912390,https://www.hemnet.se/salda/lagenhet-2rum-rissne-sundbybergs-kommun-lavettvagen-41-1878409739361912390,66-67m²,2026-03-14T11:54:14.382003
1978278339203526585,https://www.hemnet.se/salda/lagenhet-3rum-lango-karlskrona-kommun-byggmastaregatan-4a-1978278339203526585,66-67m²,2026-03-14T11:54:14.382005
2525617623093251817,https://www.hemnet.se/salda/lagenhet-4rum-stoten-malung-salens-kommun-trivselvagen-17c-2525617623093251817,66-67m²,2026-03-14T11:54:14.382007
8283440601046500075,https://www.hemnet.se/salda/lagenhet-2rum-timra-timra-kommun-bryggargatan-3d-8283440601046500075,66-67m²,2026-03-14T11:54:14.382009
7456466284510370840,https://www.hemnet.se/salda/lagenhet-2rum-norrtalje-stad-vigelsjo-norrtalje-kommun-vigelsjovagen-4b-7456466284510370840,66-67m²,2026-03-14T11:54:14.382012
8624895930450254549,https://www.hemnet.se/salda/lagenhet-3rum-hogsbo-goteborgs-kommun-kapplandsgatan-44-8624895930450254549,66-67m²,2026-03-14T11:54:14.382014
5575311919526703914,"https://www.hemnet.se/salda/lagenhet-2rum-brunna-upplands-bro-kommun-melofonstigen-4,-3-tr-5575311919526703914",66-67m²,2026-03-14T11:54:14.382016
233606803659675018,https://www.hemnet.se/salda/lagenhet-4rum-stoten-malung-salens-kommun-trivselvagen-20b-233606803659675018,66-67m²,2026-03-14T11:54:14.382018
5560082780097116812,https://www.hemnet.se/salda/lagenhet-3rum-salabacke-uppsala-kommun-murargatan-4g-5560082780097116812,66-67m²,2026-03-14T11:54:14.382020
6095506881280252548,https://www.hemnet.se/salda/lagenhet-3rum-solleftea-solleftea-kommun-billstavagen-11-6095506881280252548,66-67m²,2026-03-14T11:54:14.382022
8745465493296300300,https://www.hemnet.se/salda/lagenhet-2rum-centrala-boden-bodens-kommun-ostra-strandvagen-16c-8745465493296300300,66-67m²,2026-03-14T11:54:14.382024
2811180329552632534,https://www.hemnet.se/salda/lagenhet-2rum-centralt-gislaveds-kommun-norra-storgatan-3g-2811180329552632534,66-67m²,2026-03-14T11:54:14.382026
6068103105667344007,https://www.hemnet.se/salda/lagenhet-2rum-kalltorp-goteborgs-kommun-bjorcksgatan-32b-6068103105667344007,66-67m²,2026-03-14T11:54:14.382029
3594440116424934964,https://www.hemnet.se/salda/lagenhet-3rum-hisings-backa-goteborgs-kommun-cederflychts-gata-3-3594440116424934964,66-67m²,2026-03-14T11:54:14.382031
7993551348663044115,https://www.hemnet.se/salda/lagenhet-2rum-saltangen-nacka-kommun-ugglevagen-32c-7993551348663044115,66-67m²,2026-03-14T11:54:14.382033
6022457284573600261,"https://www.hemnet.se/salda/lagenhet-2rum-gamla-huvudsta-solna-kommun-huvudstagatan-6,-van-3-6022457284573600261",66-67m²,2026-03-14T11:54:14.382036
6253967151319657729,https://www.hemnet.se/salda/lagenhet-2rum-malmaberg-vasteras-kommun-gunnilbogatan-20-b-6253967151319657729,66-67m²,2026-03-14T11:54:14.382039
8638464924756752999,https://www.hemnet.se/salda/lagenhet-3rum-biskopsgarden-goteborgs-kommun-badvadersgatan-21-8638464924756752999,66-67m²,2026-03-14T11:54:14.382042
673682503070345026,https://www.hemnet.se/salda/lagenhet-3rum-centrala-hisingen-goteborgs-kommun-wieselgrensgatan-9a-673682503070345026,66-67m²,2026-03-14T11:54:14.382044
2374084266790303705,https://www.hemnet.se/salda/lagenhet-3rum-farsna-norrtalje-kommun-balders-bage-22b-2374084266790303705,66-67m²,2026-03-14T11:54:14.382047
2377058522532853480,https://www.hemnet.se/salda/lagenhet-3rum-styckasen-arvika-kommun-parkgatan-20-2377058522532853480,66-67m²,2026-03-14T11:54:14.382049
6976525525709190278,https://www.hemnet.se/salda/lagenhet-3rum-bjorkekarr-goteborgs-kommun-smogengatan-16-6976525525709190278,66-67m²,2026-03-14T11:54:14.382052
1767722988102927416,https://www.hemnet.se/salda/lagenhet-3rum-gideonsberg-vasteras-kommun-blomstergatan-28-1767722988102927416,66-67m²,2026-03-14T11:54:14.382055
948538177388949259,https://www.hemnet.se/salda/lagenhet-3rum-norra-ormesta-orebro-kommun-alholmsgatan-11-948538177388949259,66-67m²,2026-03-14T11:54:14.382058
8604940789947786490,https://www.hemnet.se/salda/lagenhet-2rum-vasterhaninge-haninge-kommun-bjornvagen-30-8604940789947786490,66-67m²,2026-03-14T11:54:14.382060
6300905351779335408,https://www.hemnet.se/salda/lagenhet-3rum-varvsstaden-malmo-kommun-gamla-dockan-13-6300905351779335408,66-67m²,2026-03-14T11:54:14.382063
1690877788224578529,https://www.hemnet.se/salda/lagenhet-2rum-vega-haninge-kommun-polcirkelvagen-11-1690877788224578529,66-67m²,2026-03-14T11:54:14.382065
2852825230256928888,https://www.hemnet.se/salda/lagenhet-2rum-lillevang-trelleborgs-kommun-danska-vagen-43-2852825230256928888,66-67m²,2026-03-14T11:54:14.382067
7518277870612699494,https://www.hemnet.se/salda/lagenhet-3rum-sjolunda-lidkopings-kommun-portvaktsvagen-3-b-7518277870612699494,66-67m²,2026-03-14T11:54:14.382069
6206309274487270444,https://www.hemnet.se/salda/lagenhet-3rum-centrum-uddevalla-kommun-fargaregatan-14c-6206309274487270444,66-67m²,2026-03-14T11:54:14.382070
312124335297236822,https://www.hemnet.se/salda/lagenhet-2rum-jarnbrott-goteborgs-kommun-transistorgatan-31-312124335297236822,66-67m²,2026-03-14T11:54:14.382071
5565811410221732097,https://www.hemnet.se/salda/lagenhet-3rum-centralt-oskarshamns-kommun-kikebogatan-2b-5565811410221732097,66-67m²,2026-03-14T11:54:14.382073
8127184306498214594,"https://www.hemnet.se/salda/lagenhet-2rum-frosunda-solna-kommun-gustav-iii-s-boulevard-17,-5-tr-8127184306498214594",66-67m²,2026-03-14T11:54:14.382074
3632768253684483586,https://www.hemnet.se/salda/lagenhet-3rum-malarhojden-stockholms-kommun-slattgardsvagen-89a-3632768253684483586,66-67m²,2026-03-14T11:54:14.382076
6455442163503608264,"https://www.hemnet.se/salda/lagenhet-2rum-vasastan-city-norrmalm-stockholms-kommun-tegnergatan-17,-3tr,-6455442163503608264",66-67m²,2026-03-14T11:54:14.382077
835796444396972635,https://www.hemnet.se/salda/lagenhet-3rum-hedvigslund-nacka-kommun-lovisedalsvagen-172-835796444396972635,66-67m²,2026-03-14T11:54:14.382079
7967520230662263026,"https://www.hemnet.se/salda/lagenhet-2rum-smedby-upplands-vasby-kommun-stallgatan-16b,-3-tr-7967520230662263026",66-67m²,2026-03-14T11:54:14.382080
7717349201521483874,https://www.hemnet.se/salda/lagenhet-2rum-tunabackar-uppsala-kommun-tunagatan-32a-7717349201521483874,66-67m²,2026-03-14T11:54:14.382082
26432344414972990,"https://www.hemnet.se/salda/lagenhet-3rum-arsta-gullmarsplan-stockholms-kommun-skontorpsvagen-18,-5tr-26432344414972990",66-67m²,2026-03-14T11:54:14.382083
2830157138973404198,https://www.hemnet.se/salda/lagenhet-3rum-hasselby-villastad-stockholms-kommun-lovkojsgrand-19-2830157138973404198,66-67m²,2026-03-14T11:54:14.382084
3667986164119914774,https://www.hemnet.se/salda/lagenhet-3rum-ronninge-salems-kommun-hagavagen-6a-3667986164119914774,66-67m²,2026-03-14T11:54:14.382086
4619136807898095628,https://www.hemnet.se/salda/lagenhet-3rum-kungsbacka-centralt-kungsbacka-kommun-vastergatan-19-4619136807898095628,66-67m²,2026-03-14T11:54:14.382087
1771162499132726076,https://www.hemnet.se/salda/lagenhet-2rum-turinge-nykvarns-kommun-bruksgatan-2a-1771162499132726076,66-67m²,2026-03-14T11:54:14.382089
9186154211284325322,https://www.hemnet.se/salda/lagenhet-2rum-billdal-goteborgs-kommun-sjobackevagen-4-9186154211284325322,66-67m²,2026-03-14T11:54:14.382090
8284025311386173475,https://www.hemnet.se/salda/lagenhet-2rum-rasunda-solna-kommun-uppfartsvagen-9-8284025311386173475,66-67m²,2026-03-14T11:54:14.382092
5592266624901368775,https://www.hemnet.se/salda/lagenhet-2rum-centrala-tyreso-tyreso-kommun-granitvagen-12b-5592266624901368775,66-67m²,2026-03-14T11:54:14.382093
7976322498886479726,https://www.hemnet.se/salda/lagenhet-2rum-brandbergen-haninge-kommun-tvillingarnas-gata-307-7976322498886479726,66-67m²,2026-03-14T11:54:14.382095
3960532349040139545,https://www.hemnet.se/salda/lagenhet-2rum-nobbelov-lunds-kommun-jaktstigen-7-3960532349040139545,66-67m²,2026-03-14T11:54:14.382096
9140050781851777316,https://www.hemnet.se/salda/lagenhet-3rum-orkelljunga-orkelljunga-kommun-valhallavagen-32-b-9140050781851777316,66-67m²,2026-03-14T11:54:14.382097
887455923221274247,"https://www.hemnet.se/salda/lagenhet-2,5rum-vasastan-hagastaden-stockholms-kommun-emmy-rappes-gata-3,-5-tr-887455923221274247",66-67m²,2026-03-14T11:54:14.382100
4548678699517094478,https://www.hemnet.se/salda/lagenhet-3rum-bandhagen-hogdalen-stockholms-kommun-rangstagatan-18-4548678699517094478,66-67m²,2026-03-14T11:54:14.382101
9192010291787757034,https://www.hemnet.se/salda/lagenhet-2rum-tyringe-hassleholms-kommun-stenbocksgatan-15b-9192010291787757034,66-67m²,2026-03-14T11:54:14.382102
893064067868080025,https://www.hemnet.se/salda/lagenhet-2rum-vasteras-vasteras-kommun-sjotullsgatan-6-893064067868080025,66-67m²,2026-03-14T11:54:14.382104
3110850564725245687,https://www.hemnet.se/salda/lagenhet-2rum-grabo-gotlands-kommun-styrmansgatan-407-3110850564725245687,66-67m²,2026-03-14T11:54:14.382105
1847792594497103466,https://www.hemnet.se/salda/lagenhet-2rum-jarvastaden-solna-kommun-fridensborgsvagen-153-1847792594497103466,66-67m²,2026-03-14T11:54:14.382106
7814420467491548846,"https://www.hemnet.se/salda/lagenhet-2rum-vastra-skogen-solna-kommun-johan-enbergs-vag-5,-van-10-10-7814420467491548846",66-67m²,2026-03-14T11:54:14.382108
2285017807949170075,"https://www.hemnet.se/salda/lagenhet-3rum-solna-solna-kommun-radjursstigen-16,-4-tr-2285017807949170075",66-67m²,2026-03-14T11:54:14.382110
2414058771103403257,https://www.hemnet.se/salda/lagenhet-2rum-vasastan-stockholms-kommun-karlbergsvagen-37a-2414058771103403257,66-67m²,2026-03-14T11:54:14.382111
462367144284162365,https://www.hemnet.se/salda/lagenhet-2rum-sorbyangen-orebro-kommun-palsbodagatan-14-462367144284162365,66-67m²,2026-03-14T11:54:14.382112
1749187636285814453,https://www.hemnet.se/salda/lagenhet-2rum-kragstalund-vallentuna-kommun-zetterlunds-vag-30b-1749187636285814453,66-67m²,2026-03-14T11:54:14.382114
5667445223670378349,https://www.hemnet.se/salda/lagenhet-2rum-brunflo-ostersunds-kommun-karlsviksvagen-4c-5667445223670378349,66-67m²,2026-03-14T11:54:14.382115
5288217749621436575,https://www.hemnet.se/salda/lagenhet-2rum-hovsta-orebro-kommun-vetevagen-91-5288217749621436575,66-67m²,2026-03-14T11:54:14.382117
7432338001336333286,https://www.hemnet.se/salda/lagenhet-2rum-skarpnack-stockholms-kommun-horisontvagen-97-7432338001336333286,66-67m²,2026-03-14T11:54:14.382118
7091505157314836433,https://www.hemnet.se/salda/lagenhet-2rum-brandbergen-haninge-kommun-tvillingarnas-gata-307-7091505157314836433,66-67m²,2026-03-14T11:54:14.382120
4946329587802022805,https://www.hemnet.se/salda/lagenhet-3rum-surbrunnen-ystads-kommun-tillufsgrand-1c-4946329587802022805,66-67m²,2026-03-14T11:54:14.382121
2794395732394832735,https://www.hemnet.se/salda/lagenhet-2rum-liljeback-irisdal-kristinehamns-kommun-irisdalsgatan-7-2794395732394832735,66-67m²,2026-03-14T11:54:14.382123
8408429129235992586,https://www.hemnet.se/salda/lagenhet-3rum-gideonsberg-vasteras-kommun-blomstergatan-26-8408429129235992586,66-67m²,2026-03-14T11:54:14.382124
5724974817616227349,https://www.hemnet.se/salda/lagenhet-2rum-norra-hamnen-helsingborgs-kommun-stuvaregatan-9-5724974817616227349,66-67m²,2026-03-14T11:54:14.382126
2715644520932287267,https://www.hemnet.se/salda/lagenhet-2rum-centrum-gavle-kommun-lilla-centralgatan-37-2715644520932287267,66-67m²,2026-03-14T11:54:14.382127
7532304028888697624,https://www.hemnet.se/salda/lagenhet-2rum-brandbergen-haninge-kommun-lejonets-gata-383-7532304028888697624,66-67m²,2026-03-14T11:54:14.382128
3846433900849362646,https://www.hemnet.se/salda/lagenhet-2rum-odenslund-ostersunds-kommun-skolgatan-40b-3846433900849362646,66-67m²,2026-03-14T11:54:14.382130
2538518743393514133,https://www.hemnet.se/salda/lagenhet-2rum-mellringe-orebro-kommun-irisgatan-20-2538518743393514133,66-67m²,2026-03-14T11:54:14.382131
8556776052502334308,https://www.hemnet.se/salda/lagenhet-3rum-grondal-stockholms-kommun-grondalsvagen-116b-8556776052502334308,66-67m²,2026-03-14T11:54:14.382133
47468565021307645,https://www.hemnet.se/salda/lagenhet-2rum-osterlen-simrishamns-kommun-gesallgatan-5-47468565021307645,66-67m²,2026-03-14T11:54:14.382134
7577342219661646567,"https://www.hemnet.se/salda/lagenhet-2rum-liljeholmen-stockholms-kommun-liljeholmstorget-20b,-2-tr-7577342219661646567",66-67m²,2026-03-14T11:54:14.382135
65195762453646041,https://www.hemnet.se/salda/lagenhet-2rum-vasastan-stockholms-kommun-dobelnsgatan-16c-65195762453646041,66-67m²,2026-03-14T11:54:14.382137
2338773317076958538,https://www.hemnet.se/salda/lagenhet-3rum-ankarsrum-vasterviks-kommun-axsjovagen-3c-2338773317076958538,66-67m²,2026-03-14T11:54:14.382138
8475883693924059372,https://www.hemnet.se/salda/lagenhet-3rum-sodermalm-hogalid-stockholms-kommun-langholmsgatan-9c-8475883693924059372,66-67m²,2026-03-14T11:54:14.382139
9076469877051355644,https://www.hemnet.se/salda/lagenhet-2rum-brandbergen-haninge-kommun-stenbockens-gata-119-9076469877051355644,66-67m²,2026-03-14T11:54:14.382141
5622302890752725555,"https://www.hemnet.se/salda/lagenhet-3rum-hokarangen-stockholms-kommun-russinvagen-14,-5tr-5622302890752725555",66-67m²,2026-03-14T11:54:14.382142
6067032906316692013,https://www.hemnet.se/salda/lagenhet-2rum-vasastaden-goteborgs-kommun-foreningsgatan-1b-6067032906316692013,66-67m²,2026-03-14T11:54:14.382143
1268302133094946092,https://www.hemnet.se/salda/lagenhet-2rum-centralt-linkopings-kommun-strandgatan-4-1268302133094946092,66-67m²,2026-03-14T11:54:14.382145
570886245710485922,https://www.hemnet.se/salda/lagenhet-2rum-vastra-skogen-huvudsta-solna-kommun-johan-enbergs-vag-15-570886245710485922,66-67m²,2026-03-14T11:54:14.382147
154655672356057046,https://www.hemnet.se/salda/lagenhet-2rum-mollevangen-malmo-kommun-kristianstadsgatan-8-154655672356057046,66-67m²,2026-03-14T11:54:14.382148
255925840384629053,https://www.hemnet.se/salda/lagenhet-3rum-byttorp-boras-kommun-vindelgatan-23-a-255925840384629053,66-67m²,2026-03-14T11:54:14.382149
2163271243060520578,https://www.hemnet.se/salda/lagenhet-2rum-molndal-molndals-kommun-irisgatan-2c-2163271243060520578,66-67m²,2026-03-14T11:54:14.382150
4958643707941357169,https://www.hemnet.se/salda/lagenhet-3rum-farsna-norrtalje-kommun-dalbyvagen-44-b-4958643707941357169,66-67m²,2026-03-14T11:54:14.382152
7930843676867227561,https://www.hemnet.se/salda/lagenhet-3rum-oppeby-nykopings-kommun-linnevagen-10b-7930843676867227561,66-67m²,2026-03-14T11:54:14.382153
7375813343740180675,https://www.hemnet.se/salda/lagenhet-2rum-mollevangen-lunds-kommun-mollevangsvagen-8f-7375813343740180675,66-67m²,2026-03-14T11:54:14.382155
4567454685807395271,https://www.hemnet.se/salda/lagenhet-3rum-jungfruplatsen-molndals-kommun-tvillinggatan-7-a-4567454685807395271,66-67m²,2026-03-14T11:54:14.382156
3133738583842084528,"https://www.hemnet.se/salda/lagenhet-2rum-alta-stenso-nacka-kommun-oxelvagen-47,-4-tr-3133738583842084528",66-67m²,2026-03-14T11:54:14.382157
8010573944323667351,https://www.hemnet.se/salda/lagenhet-2rum-centrum-helsingborgs-kommun-kungsgatan-8-8010573944323667351,66-67m²,2026-03-14T11:54:14.382158
751572663421899827,https://www.hemnet.se/salda/lagenhet-2rum-majorna-goteborgs-kommun-bruksgatan-57-751572663421899827,66-67m²,2026-03-14T11:54:14.382159
7046925286441233310,https://www.hemnet.se/salda/lagenhet-2rum-bjarred-sjosida-lomma-kommun-katjavagen-2-7046925286441233310,66-67m²,2026-03-14T11:54:14.382161
8096487415573253202,https://www.hemnet.se/salda/lagenhet-3rum-byttorp-boras-kommun-vindelgatan-33b-8096487415573253202,66-67m²,2026-03-14T11:54:14.382162
5264585704755740900,"https://www.hemnet.se/salda/lagenhet-2,5rum-gustavsbergs-porslinskvarteren-varmdo-kommun-wilhelm-kages-gata-96-5264585704755740900",66-67m²,2026-03-14T11:54:14.382164
792936451255297079,https://www.hemnet.se/salda/lagenhet-2rum-alta-centrum-stenso-nacka-kommun-oxelvagen-51-792936451255297079,66-67m²,2026-03-14T11:54:14.382165
8132269906823495938,https://www.hemnet.se/salda/lagenhet-3rum-rasunda-filmstaden-solna-kommun-greta-garbos-vag-21b-8132269906823495938,66-67m²,2026-03-14T11:54:14.382166
101176074352596015,https://www.hemnet.se/salda/lagenhet-2rum-roback-umea-kommun-paletavagen-75-101176074352596015,66-67m²,2026-03-14T11:54:14.382168
2111565375218590542,https://www.hemnet.se/salda/lagenhet-2rum-satra-gavle-kommun-ulvsmygen-25-2111565375218590542,66-67m²,2026-03-14T11:54:14.382169
1492651548560273143,https://www.hemnet.se/salda/lagenhet-3rum-soder-hasthaga-varbergs-kommun-rodhes-vag-2-1492651548560273143,66-67m²,2026-03-14T11:54:14.382170
4421717984368165559,https://www.hemnet.se/salda/lagenhet-3rum-brynas-gavle-kommun-sjatte-tvargatan-39-4421717984368165559,66-67m²,2026-03-14T11:54:14.382172
5065630513688389321,https://www.hemnet.se/salda/lagenhet-3rum-varsta-botkyrka-kommun-dalvagen-148-5065630513688389321,66-67m²,2026-03-14T11:54:14.382173
1031785018254451511,https://www.hemnet.se/salda/lagenhet-2rum-gamla-kalgarden-jonkopings-kommun-poppelgrand-4-1031785018254451511,66-67m²,2026-03-14T11:54:14.382174
813705480208577033,https://www.hemnet.se/salda/lagenhet-2rum-haga-goteborgs-kommun-ostra-skansgatan-10-813705480208577033,66-67m²,2026-03-14T11:54:14.382176
4414076810588156296,https://www.hemnet.se/salda/lagenhet-3rum-vidkarr-munkeback-goteborgs-kommun-gyllenstensgatan-1-4414076810588156296,66-67m²,2026-03-14T11:54:14.382177
8558827889784457771,https://www.hemnet.se/salda/lagenhet-2rum-ektorp-norrkopings-kommun-trestegsgatan-99-8558827889784457771,66-67m²,2026-03-14T11:54:14.382178
2260493286238203396,https://www.hemnet.se/salda/lagenhet-3rum-vasastan-sibirien-stockholms-kommun-dobelnsgatan-91-2260493286238203396,66-67m²,2026-03-14T11:54:14.382180
2641923612740546529,https://www.hemnet.se/salda/lagenhet-2rum-bifrost-molndals-kommun-pinnharvsgatan-1-g-2641923612740546529,66-67m²,2026-03-14T11:54:14.382181
9067188529079598339,https://www.hemnet.se/salda/lagenhet-2rum-gamla-stan-eskilstuna-kommun-ruddammsgatan-23b-9067188529079598339,66-67m²,2026-03-14T11:54:14.382182
5486343800740186891,https://www.hemnet.se/salda/lagenhet-3rum-centrala-vargarda-vargarda-kommun-fasangatan-19-5486343800740186891,66-67m²,2026-03-14T11:54:14.382184
6923451423162775180,https://www.hemnet.se/salda/lagenhet-3rum-ljungskile-uddevalla-kommun-vallebergsvagen-4b-6923451423162775180,66-67m²,2026-03-14T11:54:14.382185
1579933909431496587,https://www.hemnet.se/salda/lagenhet-4rum-stoten-malung-salens-kommun-ranchen-lodge-303a-1579933909431496587,66-67m²,2026-03-14T11:54:14.382187
6423307022691478101,"https://www.hemnet.se/salda/lagenhet-2,5rum-falhagen-uppsala-kommun-hjalmar-brantingsgatan-19-6423307022691478101",66-67m²,2026-03-14T11:54:14.382188
1244800002514844794,https://www.hemnet.se/salda/lagenhet-2rum-ektorp-norrkopings-kommun-spjutgatan-40-1244800002514844794,66-67m²,2026-03-14T11:54:14.382189
2253094099945631468,https://www.hemnet.se/salda/lagenhet-2rum-alingsas-centralt-alingsas-kommun-frostvagen-43b-2253094099945631468,66-67m²,2026-03-14T11:54:14.382191
9063516963769298585,https://www.hemnet.se/salda/lagenhet-2rum-traslov-varbergs-kommun-arboretumgatan-7-9063516963769298585,66-67m²,2026-03-14T11:54:14.382192
6631716684385787744,https://www.hemnet.se/salda/lagenhet-2rum-lugnet-malmo-kommun-lugna-gatan-74-6631716684385787744,66-67m²,2026-03-14T11:54:14.382193
3513730140105583345,https://www.hemnet.se/salda/lagenhet-3rum-falhagen-uppsala-kommun-ymergatan-17e-3513730140105583345,66-67m²,2026-03-14T11:54:14.382195
748611796690274723,https://www.hemnet.se/salda/lagenhet-3rum-johannelund-linkopings-kommun-munkhagsgatan-84a-748611796690274723,66-67m²,2026-03-14T11:54:14.382196
7960784034160399626,https://www.hemnet.se/salda/lagenhet-2rum-ost-pa-stan-umea-kommun-skolgatan-83a-7960784034160399626,66-67m²,2026-03-14T11:54:14.382197
5875423523057327422,"https://www.hemnet.se/salda/lagenhet-2rum-liljeholmen-stockholms-kommun-liljeholmsgrand-13,-1tr-5875423523057327422",66-67m²,2026-03-14T11:54:14.382199
3541869999528303733,https://www.hemnet.se/salda/lagenhet-2rum-slottsstaden-malmo-kommun-tarningholmsgatan-3a-3541869999528303733,66-67m²,2026-03-14T11:54:14.382200
2473125888086604719,https://www.hemnet.se/salda/lagenhet-2rum-savja-uppsala-kommun-vastgotaresan-93-2473125888086604719,66-67m²,2026-03-14T11:54:14.382201
8810489504347598827,"https://www.hemnet.se/salda/lagenhet-2,5rum-bredang-malarhojden-stockholms-kommun-odd-fellowvagen-59-8810489504347598827",66-67m²,2026-03-14T11:54:14.382203
1539613496118040702,https://www.hemnet.se/salda/lagenhet-2rum-torshalla-eskilstuna-kommun-georg-nystromsgatan-30-1539613496118040702,66-67m²,2026-03-14T11:54:14.382204
4439949569338989933,https://www.hemnet.se/salda/lagenhet-3rum-ostermalm-stockholms-kommun-valhallavagen-14-4439949569338989933,66-67m²,2026-03-14T11:54:14.382206
7466679589338672604,https://www.hemnet.se/salda/lagenhet-3rum-karlskoga-karlskoga-kommun-solhagsvagen-1c-7466679589338672604,66-67m²,2026-03-14T11:54:14.382207
2510605518150313745,https://www.hemnet.se/salda/lagenhet-3rum-centrum-ystads-kommun-thorssons-vag-15-2510605518150313745,66-67m²,2026-03-14T11:54:14.382209
3208136873444673036,https://www.hemnet.se/salda/lagenhet-3rum-maria-stockholms-kommun-timmermansgrand-3-3208136873444673036,66-67m²,2026-03-14T11:54:14.382210
3534285869684143672,https://www.hemnet.se/salda/lagenhet-2rum-marsta-centralt-sigtuna-kommun-sodergatan-32-3534285869684143672,66-67m²,2026-03-14T11:54:14.382211
5239357110407196213,https://www.hemnet.se/salda/lagenhet-2rum-skogstorp-falkenbergs-kommun-gullregnsvagen-10b-5239357110407196213,66-67m²,2026-03-14T11:54:14.382213
5199621252802734591,https://www.hemnet.se/salda/lagenhet-3rum-mariastaden-helsingborgs-kommun-ekerodsgatan-28-5199621252802734591,66-67m²,2026-03-14T11:54:14.382214
700145181805546676,https://www.hemnet.se/salda/lagenhet-3rum-rynningeasen-orebro-kommun-hindergardsgatan-33a-700145181805546676,66-67m²,2026-03-14T11:54:14.382215
1161251937943980780,https://www.hemnet.se/salda/lagenhet-2rum-brandbergen-haninge-kommun-tvillingarnas-gata-333-1161251937943980780,66-67m²,2026-03-14T11:54:14.382217
7147104856474158249,https://www.hemnet.se/salda/lagenhet-2rum-centrala-sodertalje-sodertalje-kommun-ovre-villagatan-48-7147104856474158249,66-67m²,2026-03-14T11:54:14.382218
7963456494487011892,"https://www.hemnet.se/salda/lagenhet-2rum-brandbergen-haninge-kommun-lejonets-gata-383,-6-tr-7963456494487011892",66-67m²,2026-03-14T11:54:14.382219
5408832914956792026,https://www.hemnet.se/salda/lagenhet-2rum-vasastaden-goteborgs-kommun-foreningsgatan-3b-5408832914956792026,66-67m²,2026-03-14T11:54:14.382221
3934513242959893600,https://www.hemnet.se/salda/lagenhet-3rum-enskede-stureby-stockholms-kommun-bastuhagsvagen-51-3934513242959893600,66-67m²,2026-03-14T11:54:14.382222
7136280450041333992,https://www.hemnet.se/salda/lagenhet-3rum-ostra-sorgenfri-malmo-kommun-ostra-farmvagen-38c-7136280450041333992,66-67m²,2026-03-14T11:54:14.382223
6372486573477179842,https://www.hemnet.se/salda/lagenhet-2rum-tallboda-linkopings-kommun-fonvindsvagen-46-6372486573477179842,66-67m²,2026-03-14T11:54:14.382225
5115430717111302670,https://www.hemnet.se/salda/lagenhet-2rum-bohuslan-stromstads-kommun-ryttargangen-36-5115430717111302670,66-67m²,2026-03-14T11:54:14.382226
5985525688364090484,https://www.hemnet.se/salda/lagenhet-2rum-rud-karlstads-kommun-horsensgatan-14-5985525688364090484,66-67m²,2026-03-14T11:54:14.382227
773316631117872659,https://www.hemnet.se/salda/lagenhet-2rum-sollentuna-rotebro-sollentuna-kommun-timotejvagen-16-773316631117872659,66-67m²,2026-03-14T11:54:14.382229
2995519867800567406,"https://www.hemnet.se/salda/lagenhet-3rum-ostermalm-stockholms-kommun-birger-jarlsgatan-44-a,-1-tr-2995519867800567406",66-67m²,2026-03-14T11:54:14.382230
7955910442555301570,https://www.hemnet.se/salda/lagenhet-2rum-centrum-eskilstuna-kommun-ruddammsgatan-21-a-7955910442555301570,66-67m²,2026-03-14T11:54:14.382231
2191503798704961296,https://www.hemnet.se/salda/lagenhet-3rum-bromma-mariehall-stockholms-kommun-alpvagen-18-2191503798704961296,66-67m²,2026-03-14T11:54:14.382233
1134085839303158342,https://www.hemnet.se/salda/lagenhet-2rum-tyringe-hassleholms-kommun-stenbocksgatan-15c-1134085839303158342,66-67m²,2026-03-14T11:54:14.382234
7861745765512254867,https://www.hemnet.se/salda/lagenhet-2rum-tureberg-sollentuna-kommun-bergsbovagen-16-7861745765512254867,66-67m²,2026-03-14T11:54:14.382235
4211838683937220686,"https://www.hemnet.se/salda/lagenhet-2rum-vastra-skogen-solna-kommun-johan-enbergs-vag-9,-van-9-4211838683937220686",66-67m²,2026-03-14T11:54:14.382237
5814832159019840976,https://www.hemnet.se/salda/lagenhet-3rum-hogsbo-goteborgs-kommun-kapplandsgatan-90-5814832159019840976,66-67m²,2026-03-14T11:54:14.382238
2940941269788151214,https://www.hemnet.se/salda/lagenhet-2rum-sannegardshamnen-goteborgs-kommun-miraallen-33-2940941269788151214,66-67m²,2026-03-14T11:54:14.382239
6391342770988441396,https://www.hemnet.se/salda/lagenhet-2rum-oster-orebro-kommun-formansgatan-10-6391342770988441396,66-67m²,2026-03-14T11:54:14.382241
3703662249015489543,https://www.hemnet.se/salda/lagenhet-2rum-eriksberg-goteborgs-kommun-monsungatan-100-3703662249015489543,66-67m²,2026-03-14T11:54:14.382242
6987216395490479751,https://www.hemnet.se/salda/lagenhet-2rum-centrala-boxholm-boxholms-kommun-pehr-hannergatan-6d-6987216395490479751,66-67m²,2026-03-14T11:54:14.382243
287038545782904234,https://www.hemnet.se/salda/lagenhet-3rum-sodermalm-stockholms-kommun-bohusgatan-57-van-5-5-287038545782904234,66-67m²,2026-03-14T11:54:14.382259
4362482613526341166,https://www.hemnet.se/salda/lagenhet-2rum-loten-uppsala-kommun-bellmansgatan-62-4362482613526341166,66-67m²,2026-03-14T11:54:14.382260
526693573431031592,"https://www.hemnet.se/salda/lagenhet-3rum-hagerstensasen-stockholms-kommun-sparbanksvagen-85,-2-tr-526693573431031592",66-67m²,2026-03-14T11:54:14.382262
8006530945806887492,https://www.hemnet.se/salda/lagenhet-2rum-munksund-pitea-kommun-ortstigen-3-8006530945806887492,66-67m²,2026-03-14T11:54:14.382263
2749462356257367423,https://www.hemnet.se/salda/lagenhet-3rum-sodermalm-stockholms-kommun-zinkens-vag-37-2749462356257367423,66-67m²,2026-03-14T11:54:14.382265
8320140123467477550,https://www.hemnet.se/salda/lagenhet-3rum-lund-lunds-kommun-nobbelovs-torg-3-8320140123467477550,66-67m²,2026-03-14T11:54:14.382266
2500075607149972340,https://www.hemnet.se/salda/lagenhet-3rum-luthagen-uppsala-kommun-prastgardsgatan-8a-2500075607149972340,66-67m²,2026-03-14T11:54:14.382267
778225376122354650,https://www.hemnet.se/salda/lagenhet-2rum-bastad-bastads-kommun-mangardsvagen-36c-778225376122354650,66-67m²,2026-03-14T11:54:14.382268
9128464171288338613,https://www.hemnet.se/salda/lagenhet-3rum-bollstanas-upplands-vasby-kommun-hostvagen-2c-9128464171288338613,66-67m²,2026-03-14T11:54:14.382270
241929567502392503,https://www.hemnet.se/salda/lagenhet-2rum-bjorkekarr-goteborgs-kommun-smorslatten-30-241929567502392503,66-67m²,2026-03-14T11:54:14.382271
3665555275949401495,https://www.hemnet.se/salda/lagenhet-2rum-nacksta-sundsvalls-kommun-nackstavagen-48a-3665555275949401495,66-67m²,2026-03-14T11:54:14.382272
977188536303302989,https://www.hemnet.se/salda/lagenhet-2rum-runby-upplands-vasby-kommun-tradgardsvagen-20-977188536303302989,66-67m²,2026-03-14T11:54:14.382274
7209445193348997105,https://www.hemnet.se/salda/lagenhet-2rum-solna-c-skytteholm-solna-kommun-ankdammsgatan-6-7209445193348997105,66-67m²,2026-03-14T11:54:14.382275
8293707059610554793,https://www.hemnet.se/salda/lagenhet-3rum-centralt-arvika-kommun-nordgatan-12-8293707059610554793,66-67m²,2026-03-14T11:54:14.382276
8793168185411282443,https://www.hemnet.se/salda/lagenhet-2rum-alta-nacka-kommun-oxelvagen-53-8793168185411282443,66-67m²,2026-03-14T11:54:14.382277
4643053855202613455,https://www.hemnet.se/salda/lagenhet-2rum-brunna-upplands-bro-kommun-trombonstigen-7-4643053855202613455,66-67m²,2026-03-14T11:54:14.382278
6595841311159394743,https://www.hemnet.se/salda/lagenhet-3rum-centralt-oster-orebro-kommun-isgatan-11-6595841311159394743,66-67m²,2026-03-14T11:54:14.382280
3453767573800165870,https://www.hemnet.se/salda/lagenhet-2rum-centralt-norrkopings-kommun-garvaregatan-17-3453767573800165870,66-67m²,2026-03-14T11:54:14.382281
5878189694297934047,"https://www.hemnet.se/salda/lagenhet-2rum-vastra-skogen-solna-kommun-johan-enbergs-vag-5,-van-5-5878189694297934047",66-67m²,2026-03-14T11:54:14.382283
7671718758319555283,https://www.hemnet.se/salda/lagenhet-3rum-rasunda-vasalund-solna-kommun-sodra-langgatan-37-7671718758319555283,66-67m²,2026-03-14T11:54:14.382284
7178767001293809656,https://www.hemnet.se/salda/lagenhet-2rum-lamberget-herrhagen-karlstads-kommun-stagnellsgatan-19-7178767001293809656,66-67m²,2026-03-14T11:54:14.382285
5611918821587401863,https://www.hemnet.se/salda/lagenhet-3rum-soder-jonkopings-kommun-kungsgatan-21-5611918821587401863,66-67m²,2026-03-14T11:54:14.382287
3303709632053777415,"https://www.hemnet.se/salda/lagenhet-2,5rum-nacka-strand-nacka-kommun-augustendalsvagen-29-3303709632053777415",66-67m²,2026-03-14T11:54:14.382288
1498635120608885816,https://www.hemnet.se/salda/lagenhet-2rum-jakobsberg-jarfalla-kommun-aspnasvagen-16-1498635120608885816,66-67m²,2026-03-14T11:54:14.382289
700973980566858022,https://www.hemnet.se/salda/lagenhet-2rum-kalltorp-goteborgs-kommun-bjorcksgatan-30a-700973980566858022,66-67m²,2026-03-14T11:54:14.382290
6098473290795849652,https://www.hemnet.se/salda/lagenhet-3rum-stenungsund-tatort-stenungsunds-kommun-modistvagen-11f-6098473290795849652,66-67m²,2026-03-14T11:54:14.382292
44453512547765337,https://www.hemnet.se/salda/lagenhet-3rum-bohus-ale-kommun-alkalievagen-5a-44453512547765337,66-67m²,2026-03-14T11:54:14.382293
2449855505116366107,https://www.hemnet.se/salda/lagenhet-2rum-molndal-bifrost-molndals-kommun-rullharvsgatan-4d-2449855505116366107,66-67m²,2026-03-14T11:54:14.382294
8340147616763568289,https://www.hemnet.se/salda/lagenhet-2rum-vallingby-parkstad-racksta-stockholms-kommun-jamtlandsgatan-99-8340147616763568289,66-67m²,2026-03-14T11:54:14.382296
753081676284001784,https://www.hemnet.se/salda/lagenhet-2rum-eriksberg-goteborgs-kommun-norra-skeppspromenaden-13-753081676284001784,66-67m²,2026-03-14T11:54:14.382297
5126808799553644263,https://www.hemnet.se/salda/lagenhet-2rum-sodra-sandby-lunds-kommun-backgatan-31-5126808799553644263,66-67m²,2026-03-14T11:54:14.382298
311236663620028673,https://www.hemnet.se/salda/lagenhet-2rum-lomma-tatort-lomma-kommun-hojeagatan-283-311236663620028673,66-67m²,2026-03-14T11:54:14.382299
6462208220329517626,https://www.hemnet.se/salda/lagenhet-2rum-mellringe-orebro-kommun-irisgatan-12-6462208220329517626,66-67m²,2026-03-14T11:54:14.382301
6194448671692822763,https://www.hemnet.se/salda/lagenhet-2rum-skillingaryd-vaggeryds-kommun-ljungberghsgatan-8-6194448671692822763,66-67m²,2026-03-14T11:54:14.382302
6179050616462403767,https://www.hemnet.se/salda/lagenhet-3rum-trollbacken-tyreso-kommun-kumla-alle-16-6179050616462403767,66-67m²,2026-03-14T11:54:14.382303
7396126535490655270,https://www.hemnet.se/salda/lagenhet-3rum-tyreso-centrum-tyreso-kommun-bollmoravagen-4-7396126535490655270,66-67m²,2026-03-14T11:54:14.382304
6719985985971028490,https://www.hemnet.se/salda/lagenhet-3rum-sodermalm-stockholms-kommun-klippgatan-14c-6719985985971028490,66-67m²,2026-03-14T11:54:14.382306
5929084776998083216,https://www.hemnet.se/salda/lagenhet-3rum-stattena-helsingborgs-kommun-roamollagatan-34-5929084776998083216,66-67m²,2026-03-14T11:54:14.382307
7951053081554740326,https://www.hemnet.se/salda/lagenhet-3rum-morbyskogen-danderyds-kommun-morbyhojden-9-7951053081554740326,66-67m²,2026-03-14T11:54:14.382308
7721743917729014274,https://www.hemnet.se/salda/lagenhet-2rum-saltsjobaden-nacka-kommun-sturevagen-8a-7721743917729014274,66-67m²,2026-03-14T11:54:14.382309
6906637503769641562,https://www.hemnet.se/salda/lagenhet-3rum-morbybacken-danderyds-kommun-august-wahlstroms-vag-6-6906637503769641562,66-67m²,2026-03-14T11:54:14.382311
2742116383413180463,https://www.hemnet.se/salda/lagenhet-3rum-barkarbystaden-jarfalla-kommun-drakengatan-8-2742116383413180463,66-67m²,2026-03-14T11:54:14.382312
5811580017517662757,https://www.hemnet.se/salda/lagenhet-3rum-ostra-sorgenfri-malmo-kommun-ostra-farmvagen-46-a-5811580017517662757,66-67m²,2026-03-14T11:54:14.382313
6879652069922377958,https://www.hemnet.se/salda/lagenhet-2rum-sylte-trollhattans-kommun-bergkullevagen-215-6879652069922377958,66-67m²,2026-03-14T11:54:14.382315
2500919667230402330,https://www.hemnet.se/salda/lagenhet-3rum-vasterliden-jonkopings-kommun-vasterliden-5b-2500919667230402330,66-67m²,2026-03-14T11:54:14.382316
8365748979710259412,https://www.hemnet.se/salda/lagenhet-3rum-kungsholmen-stockholms-kommun-fleminggatan-40d-8365748979710259412,66-67m²,2026-03-14T11:54:14.382317
6046511682199691381,https://www.hemnet.se/salda/lagenhet-3rum-rasunda-solna-kommun-sjovagen-2-6046511682199691381,66-67m²,2026-03-14T11:54:14.382318
2463116438020549301,https://www.hemnet.se/salda/lagenhet-2rum-lidkoping-lidkopings-kommun-lidakersgatan-9a-2463116438020549301,66-67m²,2026-03-14T11:54:14.382320
4754831315319655110,https://www.hemnet.se/salda/lagenhet-3rum-vastra-hamnen-dockan-malmo-kommun-stormastgatan-5-4754831315319655110,66-67m²,2026-03-14T11:54:14.382321
53617565746009161,https://www.hemnet.se/salda/lagenhet-3rum-bergshamra-solna-kommun-radjursstigen-22-53617565746009161,66-67m²,2026-03-14T11:54:14.382322
827846921956557532,"https://www.hemnet.se/salda/lagenhet-3rum-brynas-gavle-kommun-sjatte-tvargatan-39,-2tr-827846921956557532",66-67m²,2026-03-14T11:54:14.382323
8854338757767536511,https://www.hemnet.se/salda/lagenhet-3rum-norra-faladen-lunds-kommun-parternas-grand-23-8854338757767536511,66-67m²,2026-03-14T11:54:14.382325
3907756251713245944,"https://www.hemnet.se/salda/lagenhet-2,5rum-jarla-sjo-nacka-kommun-jarla-gardsvag-29-3907756251713245944",66-67m²,2026-03-14T11:54:14.382326
5057161681001086888,"https://www.hemnet.se/salda/lagenhet-2,5rum-hagerstensasen-stockholms-kommun-valutavagen-66c-5057161681001086888",66-67m²,2026-03-14T11:54:14.382327
4353717215498509457,https://www.hemnet.se/salda/lagenhet-2rum-bolinder-strand-jarfalla-kommun-anton-johanssons-vag-6-4353717215498509457,66-67m²,2026-03-14T11:54:14.382329
2612434859750557319,https://www.hemnet.se/salda/lagenhet-3rum-rasunda-solna-kommun-hasselstigen-5-2612434859750557319,66-67m²,2026-03-14T11:54:14.382330
4469847960577605491,https://www.hemnet.se/salda/lagenhet-2rum-borgholm-borgholms-kommun-malmsborgsgatan-3a-4469847960577605491,66-67m²,2026-03-14T11:54:14.382331
2778627069644183497,https://www.hemnet.se/salda/lagenhet-2rum-mockfjard-gagnefs-kommun-hogsvevagen-167-2778627069644183497,66-67m²,2026-03-14T11:54:14.382333
5710970910289242967,https://www.hemnet.se/salda/lagenhet-2rum-fridhemsplan-stockholms-kommun-arbetargatan-28c-5710970910289242967,66-67m²,2026-03-14T11:54:14.382334
5176705796245244136,https://www.hemnet.se/salda/lagenhet-2rum-klippan-goteborgs-kommun-klippan-1e-5176705796245244136,66-67m²,2026-03-14T11:54:14.382335
8968076916340159128,https://www.hemnet.se/salda/lagenhet-2rum-limhamns-sjostad-malmo-kommun-rosengrens-gata-3b-8968076916340159128,66-67m²,2026-03-14T11:54:14.382337
3665509139856485667,https://www.hemnet.se/salda/lagenhet-3rum-lerum-lerums-kommun-haegerstroms-vag-9-3665509139856485667,66-67m²,2026-03-14T11:54:14.382338
4072115581963566130,https://www.hemnet.se/salda/lagenhet-2rum-ladugardsangen-orebro-kommun-stallgatan-17-4072115581963566130,66-67m²,2026-03-14T11:54:14.382339
5259140394142453758,https://www.hemnet.se/salda/lagenhet-2rum-dammfri-malmo-kommun-korsorvagen-14a-5259140394142453758,66-67m²,2026-03-14T11:54:14.382340
131779681809415514,"https://www.hemnet.se/salda/lagenhet-2rum-solna-solna-kommun-jonstorpsvagen-32,-1tr-131779681809415514",66-67m²,2026-03-14T11:54:14.382342
6542627427205114158,https://www.hemnet.se/salda/lagenhet-2rum-hudiksvall-hudiksvalls-kommun-sofiedalsvagen-17-6542627427205114158,66-67m²,2026-03-14T11:54:14.382343
1346073622910288442,https://www.hemnet.se/salda/lagenhet-3rum-fredriksberg-falkopings-kommun-karlebygatan-2a-1346073622910288442,66-67m²,2026-03-14T11:54:14.382344
3007751658367436110,https://www.hemnet.se/salda/lagenhet-2rum-lomma-strandstad-lomma-kommun-hamnallen-9-3007751658367436110,66-67m²,2026-03-14T11:54:14.382346
7437277365923263174,https://www.hemnet.se/salda/lagenhet-2rum-storskogen-sundbybergs-kommun-ursviksvagen-8-7437277365923263174,66-67m²,2026-03-14T11:54:14.382347
29301334465748767,https://www.hemnet.se/salda/lagenhet-2rum-brandbergen-haninge-kommun-stenbockens-gata-118-29301334465748767,66-67m²,2026-03-14T11:54:14.382348
2024613952775126558,https://www.hemnet.se/salda/lagenhet-2rum-luthagen-uppsala-kommun-tegnergatan-5a-2024613952775126558,66-67m²,2026-03-14T11:54:14.382349
2836964469325742176,https://www.hemnet.se/salda/lagenhet-2rum-lerum-lerums-kommun-lerum-andersvagen-120-2836964469325742176,66-67m²,2026-03-14T11:54:14.382351
5261875022319421334,https://www.hemnet.se/salda/lagenhet-2rum-billdal-goteborgs-kommun-sjobackevagen-6-5261875022319421334,66-67m²,2026-03-14T11:54:14.382352
423794487217226197,"https://www.hemnet.se/salda/lagenhet-3rum-lilla-essingen-kungsholmen-stockholms-kommun-essinge-brogata-5,-5-tr-423794487217226197",66-67m²,2026-03-14T11:54:14.382354
8442202884470567920,https://www.hemnet.se/salda/lagenhet-2rum-gardet-stockholms-kommun-rindogatan-17-8442202884470567920,66-67m²,2026-03-14T11:54:14.382355
8376818171352714354,https://www.hemnet.se/salda/lagenhet-3rum-akersberga-osterakers-kommun-bergavagen-14f-8376818171352714354,66-67m²,2026-03-14T11:54:14.382356
1310435838553616189,https://www.hemnet.se/salda/lagenhet-3rum-oppeby-nykopings-kommun-sturevagen-34-1310435838553616189,66-67m²,2026-03-14T11:54:14.382357
7239793166296473833,https://www.hemnet.se/salda/lagenhet-2rum-centralt-stenungsunds-kommun-janssons-vag-45-7239793166296473833,66-67m²,2026-03-14T11:54:14.382359
7635612494703748840,"https://www.hemnet.se/salda/lagenhet-2,5rum-hoganas-uppsala-kommun-s-t-olofsgatan-58c-7635612494703748840",66-67m²,2026-03-14T11:54:14.382360
1004248283951062440,https://www.hemnet.se/salda/lagenhet-3rum-huskvarna-soder-jonkopings-kommun-vasterliden-5c-1004248283951062440,66-67m²,2026-03-14T11:54:14.382361
8106676079178690726,https://www.hemnet.se/salda/lagenhet-2rum-centrum-mora-kommun-hantverkaregatan-25-b-8106676079178690726,66-67m²,2026-03-14T11:54:14.382363
1103510468323326375,https://www.hemnet.se/salda/lagenhet-2rum-centralt-karlsdal-vasteras-kommun-johanneshojden-2-1103510468323326375,66-67m²,2026-03-14T11:54:14.382364
3308017848838155293,https://www.hemnet.se/salda/lagenhet-2rum-ostermalm-stockholms-kommun-karlavagen-15a-3308017848838155293,66-67m²,2026-03-14T11:54:14.382365
6780715890998631519,https://www.hemnet.se/salda/lagenhet-3rum-kungsholmen-fridhemsplan-stockholms-kommun-mariebergsgatan-30-6780715890998631519,66-67m²,2026-03-14T11:54:14.382367
5547321611604912808,https://www.hemnet.se/salda/lagenhet-3rum-hogsbo-goteborgs-kommun-kapplandsgatan-122-5547321611604912808,66-67m²,2026-03-14T11:54:14.382368
7946842185536061755,https://www.hemnet.se/salda/lagenhet-3rum-tingvalla-trollhattans-kommun-dicksonsgatan-2-7946842185536061755,66-67m²,2026-03-14T11:54:14.382369
7783886085476966148,https://www.hemnet.se/salda/lagenhet-2rum-centralt-ostersunds-kommun-forlandsgrand-4-c-7783886085476966148,66-67m²,2026-03-14T11:54:14.382371
1366741402809882411,https://www.hemnet.se/salda/lagenhet-3rum-biskopsgarden-goteborgs-kommun-vintervadersgatan-3-1366741402809882411,66-67m²,2026-03-14T11:54:14.382372
4239664304318391167,https://www.hemnet.se/salda/lagenhet-2rum-gamla-vaster-malmo-kommun-skomakaregatan-4a-4239664304318391167,66-67m²,2026-03-14T11:54:14.382374
6459213138466654595,https://www.hemnet.se/salda/lagenhet-3rum-arsta-stockholms-kommun-jarnlundsvagen-14-6459213138466654595,66-67m²,2026-03-14T11:54:14.382375
9145833878229048507,"https://www.hemnet.se/salda/lagenhet-3rum-hagerstensasen-stockholms-kommun-valutavagen-29,-1tr-9145833878229048507",66-67m²,2026-03-14T11:54:14.382377
7623291560422450705,https://www.hemnet.se/salda/lagenhet-3rum-tyreso-centrum-tyreso-kommun-rimfrostgrand-1-7623291560422450705,66-67m²,2026-03-14T11:54:14.382378
3877525970946035133,https://www.hemnet.se/salda/lagenhet-3rum-lerum-lerums-kommun-riddarstenshojden-4-3877525970946035133,66-67m²,2026-03-14T11:54:14.382379
3269817077198477339,https://www.hemnet.se/salda/lagenhet-3rum-herrhagen-uppsala-kommun-milstensvagen-80-3269817077198477339,66-67m²,2026-03-14T11:54:14.382381
7213408809538700124,"https://www.hemnet.se/salda/lagenhet-2,5rum-bagaregarden-goteborgs-kommun-uddevallagatan-27c-7213408809538700124",66-67m²,2026-03-14T11:54:14.382382
8228946842163629176,https://www.hemnet.se/salda/lagenhet-2rum-alingsas-centralt-alingsas-kommun-nolhagagatan-4c-8228946842163629176,66-67m²,2026-03-14T11:54:14.382383
5134159838445951860,https://www.hemnet.se/salda/lagenhet-2rum-kronetorpstaden-burlovs-kommun-kronetorps-alle-25-5134159838445951860,66-67m²,2026-03-14T11:54:14.382385
8573808508821638107,"https://www.hemnet.se/salda/lagenhet-2,5rum-hoganas-uppsala-kommun-salagatan-12b-8573808508821638107",66-67m²,2026-03-14T11:54:14.382386
3719653778450858254,"https://www.hemnet.se/salda/lagenhet-3rum-ostermalm-gardet-stockholms-kommun-smedsbacksgatan-32,-4tr-3719653778450858254",66-67m²,2026-03-14T11:54:14.382388
2522442787778502822,https://www.hemnet.se/salda/lagenhet-2rum-kungsholmen-stockholms-kommun-kungsholmstorg-14-2522442787778502822,66-67m²,2026-03-14T11:54:14.382389
4955952741599815071,"https://www.hemnet.se/salda/lagenhet-3rum-sodermalm-hogalid-stockholms-kommun-maria-bangata-13,-6-tr-4955952741599815071",66-67m²,2026-03-14T11:54:14.382390
1986822072226585960,https://www.hemnet.se/salda/lagenhet-3rum-arvika-centrum-arvika-kommun-parkgatan-16-1986822072226585960,66-67m²,2026-03-14T11:54:14.382392
2730130857802818074,"https://www.hemnet.se/salda/lagenhet-2,5rum-bagarmossen-stockholms-kommun-emagatan-38-2730130857802818074",66-67m²,2026-03-14T11:54:14.382393
8551925530516334517,https://www.hemnet.se/salda/lagenhet-3rum-sodermalm-sodra-station-stockholms-kommun-fatburs-kvarngata-3-8551925530516334517,66-67m²,2026-03-14T11:54:14.382394
6247650852026741663,https://www.hemnet.se/salda/lagenhet-3rum-byttorp-boras-kommun-vindelgatan-23b-6247650852026741663,66-67m²,2026-03-14T11:54:14.382395
5745139298013610286,https://www.hemnet.se/salda/lagenhet-3rum-herrhagen-uppsala-kommun-opalvagen-101-5745139298013610286,66-67m²,2026-03-14T11:54:14.382397
4738399952021024331,https://www.hemnet.se/salda/lagenhet-2rum-sunnersta-uppsala-kommun-dag-hammarskjolds-vag-246a-4738399952021024331,66-67m²,2026-03-14T11:54:14.382398
871825475649743054,https://www.hemnet.se/salda/lagenhet-3rum-limhamn-sjostad-malmo-kommun-fernissagatan-6-871825475649743054,66-67m²,2026-03-14T11:54:14.382399
3418569579867711348,"https://www.hemnet.se/salda/lagenhet-2,5rum-rasunda-solna-kommun-tottvagen-4a-3418569579867711348",66-67m²,2026-03-14T11:54:14.382401
3634430380019524238,"https://www.hemnet.se/salda/lagenhet-3rum-morbyskogen-danderyds-kommun-morbydalen-14,-3-tr,-3634430380019524238",66-67m²,2026-03-14T11:54:14.382402
6190906950139031258,https://www.hemnet.se/salda/lagenhet-3rum-sandakern-umea-kommun-sandakersgatan-6-6190906950139031258,66-67m²,2026-03-14T11:54:14.382403
1661801140413448760,https://www.hemnet.se/salda/lagenhet-2rum-linnestaden-goteborgs-kommun-majorsgatan-3b-1661801140413448760,66-67m²,2026-03-14T11:54:14.382405
4435130188496943237,"https://www.hemnet.se/salda/lagenhet-3rum-ballstalund-vallentuna-kommun-fritzbergsvagen-1,-2-tr-4435130188496943237",66-67m²,2026-03-14T11:54:14.382406
1334095212797469355,https://www.hemnet.se/salda/lagenhet-2rum-centrum-skovde-kommun-repslagaregatan-3-1334095212797469355,66-67m²,2026-03-14T11:54:14.382407
3221073063253949469,https://www.hemnet.se/salda/lagenhet-3rum-rosendal-uppsala-kommun-betty-petterssons-gata-7-3221073063253949469,66-67m²,2026-03-14T11:54:14.382409
6230639010595613670,https://www.hemnet.se/salda/lagenhet-2rum-lorensberg-goteborgs-kommun-gotabergsgatan-9b-6230639010595613670,66-67m²,2026-03-14T11:54:14.382410
4475227940609306976,https://www.hemnet.se/salda/lagenhet-2rum-olofstrom-olofstroms-kommun-solgatan-3-4475227940609306976,66-67m²,2026-03-14T11:54:14.382411
1534139108519242757,"https://www.hemnet.se/salda/lagenhet-2,5rum-liljeholmen-stockholms-kommun-katrinebergsbacken-24-1534139108519242757",66-67m²,2026-03-14T11:54:14.382413
8137239566832555441,https://www.hemnet.se/salda/lagenhet-3rum-soder-varbergs-kommun-liedbergs-vag-8-8137239566832555441,66-67m²,2026-03-14T11:54:14.382414
834396323825647938,"https://www.hemnet.se/salda/lagenhet-2rum-norra-djurgardsstaden-stockholms-kommun-jaktgatan-10,-1-tr-834396323825647938",66-67m²,2026-03-14T11:54:14.382415
5870146232416312887,https://www.hemnet.se/salda/lagenhet-2rum-herrhagen-karlstads-kommun-olovsgatan-6b-5870146232416312887,66-67m²,2026-03-14T11:54:14.382417
5653470646607974547,https://www.hemnet.se/salda/lagenhet-3rum-trosso-karlskrona-kommun-hogabergsgatan-42-5653470646607974547,66-67m²,2026-03-14T11:54:14.382418
8223341649836682532,https://www.hemnet.se/salda/lagenhet-2rum-centrala-ystad-ystads-kommun-stenstrykaregatan-6-8223341649836682532,66-67m²,2026-03-14T11:54:14.382419
5764884847924721684,https://www.hemnet.se/salda/lagenhet-2rum-kvillebacken-goteborgs-kommun-rundbacksgatan-1-5764884847924721684,66-67m²,2026-03-14T11:54:14.382421
8558043241400986,https://www.hemnet.se/salda/lagenhet-3rum-kungsholmen-stora-essingen-stockholms-kommun-essingestraket-42-8558043241400986,66-67m²,2026-03-14T11:54:14.382422
7143744302292944097,https://www.hemnet.se/salda/lagenhet-3rum-edsberg-sollentuna-kommun-kruthornsvagen-5-7143744302292944097,66-67m²,2026-03-14T11:54:14.382423
7255967556149113241,https://www.hemnet.se/salda/lagenhet-2rum-finspang-finspangs-kommun-hyttvagen-9-7255967556149113241,66-67m²,2026-03-14T11:54:14.382424
7902049226477733570,"https://www.hemnet.se/salda/lagenhet-2rum-sodermalm-maria-magdalena-stockholms-kommun-vastgotagrand-5,-7-7-tr-7902049226477733570",66-67m²,2026-03-14T11:54:14.382426
1325085049420840655,https://www.hemnet.se/salda/lagenhet-2rum-vallas-halmstads-kommun-bergangsvagen-5a-1325085049420840655,66-67m²,2026-03-14T11:54:14.382428
1580839658686899250,https://www.hemnet.se/salda/lagenhet-2rum-ljungdala-hassleholms-kommun-trebackalanggatan-116-1580839658686899250,66-67m²,2026-03-14T11:54:14.382429
6991105326903154582,https://www.hemnet.se/salda/lagenhet-3rum-heidenstam-uppsala-kommun-bellmansgatan-2-6991105326903154582,66-67m²,2026-03-14T11:54:14.382430
4783979996361210105,https://www.hemnet.se/salda/lagenhet-2rum-ronneberga-eslovs-kommun-ronnebergavagen-35-b-4783979996361210105,66-67m²,2026-03-14T11:54:14.382432
6243675651690397660,https://www.hemnet.se/salda/lagenhet-3rum-skalby-vasteras-kommun-bakformsvagen-40-6243675651690397660,66-67m²,2026-03-14T11:54:14.382433
5106194437914856035,https://www.hemnet.se/salda/lagenhet-2rum-ektorp-norrkopings-kommun-trestegsgatan-53-5106194437914856035,66-67m²,2026-03-14T11:54:14.382434
6584897847775419946,https://www.hemnet.se/salda/lagenhet-3rum-torps-gard-jonkopings-kommun-galoppgatan-26-6584897847775419946,66-67m²,2026-03-14T11:54:14.382436
522111058172089100,https://www.hemnet.se/salda/lagenhet-3rum-centrala-hisingen-goteborgs-kommun-virvelvindsgatan-4-522111058172089100,66-67m²,2026-03-14T11:54:14.382437
2329148832581145765,https://www.hemnet.se/salda/lagenhet-3rum-lidkoping-lidkopings-kommun-portvaktsvagen-11d-2329148832581145765,66-67m²,2026-03-14T11:54:14.382439
4089575697297643907,"https://www.hemnet.se/salda/lagenhet-2rum-vasastan-stockholms-kommun-upplandsgatan-34,-van-4-4089575697297643907",66-67m²,2026-03-14T11:54:14.382440
1334708849670555996,https://www.hemnet.se/salda/lagenhet-3rum-raa-helsingborgs-kommun-raavagen-94a-1334708849670555996,66-67m²,2026-03-14T11:54:14.382441
8696178472286886768,https://www.hemnet.se/salda/lagenhet-3rum-vasastan-stockholms-kommun-upplandsgatan-85-b-8696178472286886768,66-67m²,2026-03-14T11:54:14.382443
3421859742785544956,https://www.hemnet.se/salda/lagenhet-2rum-bohuslan-stromstads-kommun-hattmakaregatan-33-3421859742785544956,66-67m²,2026-03-14T11:54:14.382444
824811367780542833,https://www.hemnet.se/salda/lagenhet-3rum-ornskoldsvik-ornskoldsviks-kommun-angermanlandsgatan-18-824811367780542833,66-67m²,2026-03-14T11:54:14.382446
1143285245099247693,https://www.hemnet.se/salda/lagenhet-2rum-johannelund-linkopings-kommun-munkhagsgatan-98d-1143285245099247693,66-67m²,2026-03-14T11:54:14.382447
7390348846532125447,https://www.hemnet.se/salda/lagenhet-3rum-hogsbo-goteborgs-kommun-kapplandsgatan-42-7390348846532125447,66-67m²,2026-03-14T11:54:14.382449
2614536615066257264,https://www.hemnet.se/salda/lagenhet-3rum-ruddalen-goteborgs-kommun-klarinettgatan-4-2614536615066257264,66-67m²,2026-03-14T11:54:14.382450
8385248253044122955,https://www.hemnet.se/salda/lagenhet-2rum-djursholm-danderyds-kommun-lillkalmarvagen-46a-8385248253044122955,66-67m²,2026-03-14T11:54:14.382452
7283196072234626965,"https://www.hemnet.se/salda/lagenhet-2rum-jakobsberg-jarfalla-kommun-vasaplatsen-2,-5-tr,-7283196072234626965",66-67m²,2026-03-14T11:54:14.382453
6959166347542974319,"https://www.hemnet.se/salda/lagenhet-2rum-kungsholmen-fridhemsplan-stockholms-kommun-industrigatan-6,-5tr-6959166347542974319",66-67m²,2026-03-14T11:54:14.382455
8076055374393397900,https://www.hemnet.se/salda/lagenhet-3rum-oster-centralt-orebro-orebro-kommun-nygatan-82-8076055374393397900,66-67m²,2026-03-14T11:54:14.382456
6586887156301342641,https://www.hemnet.se/salda/lagenhet-2rum-sollentuna-rotebro-sollentuna-kommun-timotejvagen-15-6586887156301342641,66-67m²,2026-03-14T11:54:14.382458
3585888115751972853,https://www.hemnet.se/salda/lagenhet-2rum-bollebygd-bollebygds-kommun-kungsbackavagen-40-g-3585888115751972853,66-67m²,2026-03-14T11:54:14.382459
3639200794177373126,https://www.hemnet.se/salda/lagenhet-2rum-gnesta-gnesta-kommun-granbackavagen-148-3639200794177373126,66-67m²,2026-03-14T11:54:14.382460
5090283673087180786,https://www.hemnet.se/salda/lagenhet-2rum-sandsbro-vaxjo-kommun-fyllerydsvagen-44b-5090283673087180786,66-67m²,2026-03-14T11:54:14.382462
7723639247253655092,https://www.hemnet.se/salda/lagenhet-3rum-norrstaden-norra-brannan-stenhammar-harnosands-kommun-hovsgatan-9a-7723639247253655092,66-67m²,2026-03-14T11:54:14.382463
3574130120505857296,https://www.hemnet.se/salda/lagenhet-3rum-gribbylund-taby-kommun-trefaldighetsvagen-8a-3574130120505857296,66-67m²,2026-03-14T11:54:14.382465
998508559041940392,https://www.hemnet.se/salda/lagenhet-3rum-biskopsgarden-goteborgs-kommun-badvadersgatan-11-998508559041940392,66-67m²,2026-03-14T11:54:14.382466
3288794470869670189,"https://www.hemnet.se/salda/lagenhet-2rum-bjornvagen-32-lgh-1402-haninge-kommun-bjornvagen-32,-vasterhaninge-3288794470869670189",66-67m²,2026-03-14T11:54:14.382468
7284834113047756277,https://www.hemnet.se/salda/lagenhet-3rum-atvidaberg-atvidabergs-kommun-smallgatan-4a-7284834113047756277,66-67m²,2026-03-14T11:54:14.382469
3397975510212336174,https://www.hemnet.se/salda/lagenhet-2rum-malmen-kalmar-kommun-nygatan-16c-3397975510212336174,66-67m²,2026-03-14T11:54:14.382470
4340522995236415646,https://www.hemnet.se/salda/lagenhet-2rum-ritorp-solna-kommun-enkopingsvagen-9a-4340522995236415646,66-67m²,2026-03-14T11:54:14.382472
8761044686468899882,https://www.hemnet.se/salda/lagenhet-3rum-finninge-ulvhall-strangnas-kommun-svanvagen-7c-8761044686468899882,66-67m²,2026-03-14T11:54:14.382473
5401214192650853287,https://www.hemnet.se/salda/lagenhet-3rum-brynas-gavle-kommun-femte-tvargatan-19b-5401214192650853287,66-67m²,2026-03-14T11:54:14.382475
960780187096078225,https://www.hemnet.se/salda/lagenhet-2rum-kungsholmen-fridhemsplan-stockholms-kommun-arbetargatan-28c-960780187096078225,66-67m²,2026-03-14T11:54:14.382476
3931538026760654415,https://www.hemnet.se/salda/lagenhet-3rum-bohus-ale-kommun-byvagen-20c-3931538026760654415,66-67m²,2026-03-14T11:54:14.382477
7592170141042849318,"https://www.hemnet.se/salda/lagenhet-2rum-hagsatra-alvsjobadet-stockholms-kommun-lillhagsvagen-6,-4tr-7592170141042849318",66-67m²,2026-03-14T11:54:14.382479
3347894930725188163,https://www.hemnet.se/salda/lagenhet-3rum-storgardet-tallasen-tostero-strangnas-kommun-vitalisvagen-2b-3347894930725188163,66-67m²,2026-03-14T11:54:14.382480
3525553453232979333,https://www.hemnet.se/salda/lagenhet-3rum-frosunda-solna-kommun-pomonagatan-3-3525553453232979333,66-67m²,2026-03-14T11:54:14.382481
2432696758944373983,https://www.hemnet.se/salda/lagenhet-3rum-sodra-hoganas-hoganas-kommun-salviagatan-11-b-2432696758944373983,66-67m²,2026-03-14T11:54:14.382483
2658843797526578035,https://www.hemnet.se/salda/lagenhet-2rum-forum-nacka-nacka-kommun-stadshusplatsen-2-2658843797526578035,66-67m²,2026-03-14T11:54:14.382484
735406379005564072,https://www.hemnet.se/salda/lagenhet-2rum-hagalund-borlange-kommun-hagavagen-53-735406379005564072,66-67m²,2026-03-14T11:54:14.382485
2501409130266923847,https://www.hemnet.se/salda/lagenhet-3rum-erikslust-malmo-kommun-torupsgatan-1b-2501409130266923847,66-67m²,2026-03-14T11:54:14.382487
6527178259349182331,https://www.hemnet.se/salda/lagenhet-2rum-kalltorp-goteborgs-kommun-bjorcksgatan-32b-6527178259349182331,66-67m²,2026-03-14T11:54:14.382488
6852220466448382135,https://www.hemnet.se/salda/lagenhet-2rum-torshalla-eskilstuna-kommun-georg-nystromsgatan-30-6852220466448382135,66-67m²,2026-03-14T11:54:14.382490
243769211118349738,https://www.hemnet.se/salda/lagenhet-2rum-centrum-gallivare-kommun-malmbergsvagen-12a-243769211118349738,66-67m²,2026-03-14T11:54:14.382491
4544595710694806227,https://www.hemnet.se/salda/lagenhet-2rum-timra-timra-kommun-bryggargatan-3d-4544595710694806227,66-67m²,2026-03-14T11:54:14.382492
8297252970724318157,"https://www.hemnet.se/salda/lagenhet-2rum-nacka-sickla-ekudden-nacka-kommun-ekuddsvagen-25,-11tr-8297252970724318157",66-67m²,2026-03-14T11:54:14.382494
3867257986629893504,https://www.hemnet.se/salda/lagenhet-3rum-mariehojd-umea-kommun-skarvstensgatan-2-3867257986629893504,66-67m²,2026-03-14T11:54:14.382495
8755115663592778718,https://www.hemnet.se/salda/lagenhet-2rum-centrum-vasteras-kommun-sturegatan-7-8755115663592778718,66-67m²,2026-03-14T11:54:14.382496
4709198042743606958,https://www.hemnet.se/salda/lagenhet-2rum-gylletappan-borlange-kommun-lojtnantsgatan-22-4709198042743606958,66-67m²,2026-03-14T11:54:14.382497
5827023682733556706,https://www.hemnet.se/salda/lagenhet-3rum-alvangen-ale-kommun-furuhojd-19-5827023682733556706,66-67m²,2026-03-14T11:54:14.382499
6886299689848398008,https://www.hemnet.se/salda/lagenhet-2rum-blomangen-ostersunds-kommun-sodra-torlandsgatan-24-b-6886299689848398008,66-67m²,2026-03-14T11:54:14.382500
4764201660279330399,"https://www.hemnet.se/salda/lagenhet-2rum-skogsmon,-torvalla-ostersunds-kommun-anarisvagen-9-4764201660279330399",66-67m²,2026-03-14T11:54:14.382501
7936234306501145401,https://www.hemnet.se/salda/lagenhet-2rum-malmen-kalmar-kommun-smalandsgatan-1b-7936234306501145401,66-67m²,2026-03-14T11:54:14.382503
5507082777017702739,https://www.hemnet.se/salda/lagenhet-3rum-falhagen-uppsala-kommun-torkelsgatan-10c-5507082777017702739,66-67m²,2026-03-14T11:54:14.382504
2239293554185133474,https://www.hemnet.se/salda/lagenhet-2rum-svartinge-norrkopings-kommun-stugvagen-4k-2239293554185133474,66-67m²,2026-03-14T11:54:14.382505
988617688193069432,https://www.hemnet.se/salda/lagenhet-2rum-sankt-jorgen-goteborgs-kommun-sankt-jorgens-vag-28d-988617688193069432,66-67m²,2026-03-14T11:54:14.382507
9196996563040591917,https://www.hemnet.se/salda/lagenhet-3rum-henriksdalsberget-nacka-kommun-henriksdalsringen-13-9196996563040591917,66-67m²,2026-03-14T11:54:14.382508
517262599225940128,https://www.hemnet.se/salda/lagenhet-3rum-bandhagen-hogdalen-stockholms-kommun-stenkvistavagen-10-517262599225940128,66-67m²,2026-03-14T11:54:14.382509
6230404634879627011,https://www.hemnet.se/salda/lagenhet-2rum-sofiedal-hudiksvalls-kommun-sofiedalsvagen-17-6230404634879627011,66-67m²,2026-03-14T11:54:14.382511
2565398570755218704,https://www.hemnet.se/salda/lagenhet-2rum-skarpnack-stockholms-kommun-horisontvagen-81-2565398570755218704,66-67m²,2026-03-14T11:54:14.382512
3062678189131546472,"https://www.hemnet.se/salda/lagenhet-2,5rum-kungsholmen-stockholms-kommun-gjutargatan-4a,-2tr-3062678189131546472",66-67m²,2026-03-14T11:54:14.382514
5419092872844850199,https://www.hemnet.se/salda/lagenhet-3rum-mariestrand-umea-kommun-skarvstensgatan-2-5419092872844850199,66-67m²,2026-03-14T11:54:14.382515
6215721200689985668,"https://www.hemnet.se/salda/lagenhet-2rum-tibble-upplands-bro-kommun-bjornbarsstigen-16,-2-tr-6215721200689985668",66-67m²,2026-03-14T11:54:14.382516
5553291704677737180,https://www.hemnet.se/salda/lagenhet-3rum-kungsangen-jonkopings-kommun-tellusgatan-6-5553291704677737180,66-67m²,2026-03-14T11:54:14.382517
7324532434245673828,https://www.hemnet.se/salda/lagenhet-2rum-bandhagen-hogdalen-stockholms-kommun-harpsundsvagen-157-7324532434245673828,66-67m²,2026-03-14T11:54:14.382519
72347878626932877,https://www.hemnet.se/salda/lagenhet-3rum-hoganas-uppsala-kommun-s-t-olofsgatan-56c-72347878626932877,66-67m²,2026-03-14T11:54:14.382520
4348270225768234279,https://www.hemnet.se/salda/lagenhet-2rum-centralt-ornskoldsviks-kommun-angermanlandsgatan-12d-4348270225768234279,66-67m²,2026-03-14T11:54:14.382521
2564110068272388738,https://www.hemnet.se/salda/lagenhet-2rum-farsta-farsta-strand-stockholms-kommun-ullerudsbacken-51-2564110068272388738,66-67m²,2026-03-14T11:54:14.382523
2112482344937280576,https://www.hemnet.se/salda/lagenhet-3rum-hersby-lidingo-kommun-bredablicksvagen-9a-2112482344937280576,66-67m²,2026-03-14T11:54:14.382524
136064946696032114,https://www.hemnet.se/salda/lagenhet-3rum-rudboda-lidingo-kommun-lojovagen-18-136064946696032114,66-67m²,2026-03-14T11:54:14.382525
1482667728784937888,https://www.hemnet.se/salda/lagenhet-2rum-furunaset-pitea-kommun-torpglantestigen-3-1482667728784937888,66-67m²,2026-03-14T11:54:14.382526
748402665424767044,https://www.hemnet.se/salda/lagenhet-2rum-centralt-upplands-vasby-kommun-stallgatan-3b-748402665424767044,66-67m²,2026-03-14T11:54:14.382528
6163058256182309643,https://www.hemnet.se/salda/lagenhet-3rum-ostermalm-stockholms-kommun-riddargatan-60-6163058256182309643,66-67m²,2026-03-14T11:54:14.382529
5876602869846222287,https://www.hemnet.se/salda/lagenhet-2rum-ostermalm-borlange-kommun-haradsvagen-30a-5876602869846222287,66-67m²,2026-03-14T11:54:14.382530
331662791358043327,https://www.hemnet.se/salda/lagenhet-2rum-grossgardet-norrtalje-kommun-drottninggatan-1-b-331662791358043327,66-67m²,2026-03-14T11:54:14.382532
6635643124092273451,https://www.hemnet.se/salda/lagenhet-2rum-perstorp-perstorps-kommun-postgatan-13b-6635643124092273451,66-67m²,2026-03-14T11:54:14.382533
9052770485445152827,https://www.hemnet.se/salda/lagenhet-3rum-bro-finnsta-upplands-bro-kommun-vallmostigen-19-9052770485445152827,66-67m²,2026-03-14T11:54:14.382534
3899338117813660151,https://www.hemnet.se/salda/lagenhet-3rum-soderhamn-soderhamns-kommun-norrtullsgatan-21a-3899338117813660151,66-67m²,2026-03-14T11:54:14.382536
3064340145652204796,https://www.hemnet.se/salda/lagenhet-3rum-hisings-backa-goteborgs-kommun-cederflychts-gata-5-3064340145652204796,66-67m²,2026-03-14T11:54:14.382537
8715430832491246993,https://www.hemnet.se/salda/lagenhet-2rum-centralt-oster-orebro-kommun-engelbrektsgatan-11b-8715430832491246993,66-67m²,2026-03-14T11:54:14.382538
3675007453736931409,https://www.hemnet.se/salda/lagenhet-3rum-huskvarna-soder-jonkopings-kommun-vasterliden-9c-3675007453736931409,66-67m²,2026-03-14T11:54:14.382540
1350559818102026378,https://www.hemnet.se/salda/lagenhet-2rum-jarntorget-orebro-kommun-fredsgatan-10-1350559818102026378,66-67m²,2026-03-14T11:54:14.382541
8080817777422852972,https://www.hemnet.se/salda/lagenhet-2rum-salabacke-uppsala-kommun-fyrislundsgatan-23b-8080817777422852972,66-67m²,2026-03-14T11:54:14.382542
8014015499320660262,https://www.hemnet.se/salda/lagenhet-3rum-haga-norrkopings-kommun-smedstugugatan-16c-8014015499320660262,66-67m²,2026-03-14T11:54:14.382544
7184858548516463412,https://www.hemnet.se/salda/lagenhet-3rum-centrala-hisingen-goteborgs-kommun-wieselgrensgatan-9c-7184858548516463412,66-67m²,2026-03-14T11:54:14.382545
2651731548962003418,https://www.hemnet.se/salda/lagenhet-4rum-tegefjall-are-kommun-tegefjall-mellanalpen-12d-2651731548962003418,66-67m²,2026-03-14T11:54:14.382547
1186343342787791840,https://www.hemnet.se/salda/lagenhet-3rum-ostermalm-stockholms-kommun-hedinsgatan-5-1186343342787791840,66-67m²,2026-03-14T11:54:14.382548
6763389219774535045,https://www.hemnet.se/salda/lagenhet-2rum-ulleraker-uppsala-kommun-ullerakersvagen-62-6763389219774535045,66-67m²,2026-03-14T11:54:14.382549
8416512869126910507,https://www.hemnet.se/salda/lagenhet-2rum-kronetorpstaden-burlovs-kommun-kronetorps-alle-29-8416512869126910507,66-67m²,2026-03-14T11:54:14.382550
2578145523411422021,https://www.hemnet.se/salda/lagenhet-2rum-trosa-centralt-trosa-kommun-mejselgrand-12-2578145523411422021,66-67m²,2026-03-14T11:54:14.382552
2918657882600879120,https://www.hemnet.se/salda/lagenhet-3rum-brynas-gavle-kommun-femte-tvargatan-32-a-2918657882600879120,66-67m²,2026-03-14T11:54:14.382553
2377266987430813011,https://www.hemnet.se/salda/lagenhet-2rum-trelleborg-centralt-trelleborgs-kommun-bryggaregatan-11h-2377266987430813011,66-67m²,2026-03-14T11:54:14.382555
7643670575645389841,https://www.hemnet.se/salda/lagenhet-3rum-orby-slott-alvsjo-stockholms-kommun-gimmerstavagen-8-7643670575645389841,66-67m²,2026-03-14T11:54:14.382556
7134516165286567203,https://www.hemnet.se/salda/lagenhet-3rum-biskopsgarden-goteborgs-kommun-badvadersgatan-11-7134516165286567203,66-67m²,2026-03-14T11:54:14.382557
8212213695269382328,https://www.hemnet.se/salda/lagenhet-2rum-norra-djurgardsstaden-stockholms-kommun-taxgatan-2-8212213695269382328,66-67m²,2026-03-14T11:54:14.382558
3071096656827312083,https://www.hemnet.se/salda/lagenhet-2rum-centrum-lunds-kommun-sodra-esplanaden-37a-3071096656827312083,66-67m²,2026-03-14T11:54:14.382560
6725102111010097715,"https://www.hemnet.se/salda/lagenhet-3rum-farsta-stockholms-kommun-filipstadsbacken-20,-5tr-6725102111010097715",66-67m²,2026-03-14T11:54:14.382561
4695368892627758322,https://www.hemnet.se/salda/lagenhet-2rum-bolinder-strand-jarfalla-kommun-anton-johanssons-vag-4-4695368892627758322,66-67m²,2026-03-14T11:54:14.382562
3738110268249130000,https://www.hemnet.se/salda/lagenhet-2rum-fullersta-huddinge-kommun-britas-grand-6-3738110268249130000,66-67m²,2026-03-14T11:54:14.382564
2810363091224002669,https://www.hemnet.se/salda/lagenhet-2rum-vastra-skogen-solna-kommun-johan-enbergs-vag-9-2810363091224002669,66-67m²,2026-03-14T11:54:14.382565
7859759301951788637,https://www.hemnet.se/salda/lagenhet-2rum-klosters-falad-lunds-kommun-vildgasvagen-7c-7859759301951788637,66-67m²,2026-03-14T11:54:14.382566
3695591083752489902,https://www.hemnet.se/salda/lagenhet-3rum-ekeby-vallentuna-kommun-ekebyvagen-26-3695591083752489902,66-67m²,2026-03-14T11:54:14.382568
1738368136522546868,https://www.hemnet.se/salda/lagenhet-3rum-vasastan-stockholms-kommun-sveavagen-129-1738368136522546868,66-67m²,2026-03-14T11:54:14.382569
3414965560451895815,https://www.hemnet.se/salda/lagenhet-2rum-sundbyberg-rissne-sundbybergs-kommun-skvadronsbacken-18-3414965560451895815,66-67m²,2026-03-14T11:54:14.382570
127018152849425827,https://www.hemnet.se/salda/lagenhet-2rum-osterhaninge-haninge-kommun-oxens-gata-236-127018152849425827,66-67m²,2026-03-14T11:54:14.382572
5278501901852362660,"https://www.hemnet.se/salda/lagenhet-2,5rum-centrum-uddevalla-kommun-brattgatan-6a-5278501901852362660",66-67m²,2026-03-14T11:54:14.382573
4472538463703856453,https://www.hemnet.se/salda/lagenhet-2rum-kungalv-kungalvs-kommun-jordliden-106-4472538463703856453,66-67m²,2026-03-14T11:54:14.382574
110969504887370940,https://www.hemnet.se/salda/lagenhet-3rum-hogsbo-goteborgs-kommun-kapplandsgatan-58-110969504887370940,66-67m²,2026-03-14T11:54:14.382575
656593392377331895,https://www.hemnet.se/salda/lagenhet-3rum-centrala-hisingen-goteborgs-kommun-hallegatan-13-656593392377331895,66-67m²,2026-03-14T11:54:14.382577
3560201393788232807,"https://www.hemnet.se/salda/lagenhet-3rum-centralt-linkopings-kommun-linnegatan-7,-linkoping-3560201393788232807",66-67m²,2026-03-14T11:54:14.382578
2957505859189751775,https://www.hemnet.se/salda/lagenhet-2rum-nockeby-stockholms-kommun-gronviksvagen-191-2957505859189751775,66-67m²,2026-03-14T11:54:14.382579
871078578586511000,https://www.hemnet.se/salda/lagenhet-2rum-industristaden-kungsangen-uppsala-kommun-sagargatan-13-d-871078578586511000,66-67m²,2026-03-14T11:54:14.382581
3174577498574341846,https://www.hemnet.se/salda/lagenhet-3rum-sandarna-fixfabriken-goteborgs-kommun-walter-bengtssons-gata-37-3174577498574341846,66-67m²,2026-03-14T11:54:14.382582
4986467978372908790,https://www.hemnet.se/salda/lagenhet-2rum-ostermalm-stockholms-kommun-linnegatan-58a-4986467978372908790,66-67m²,2026-03-14T11:54:14.382583
6808305385319690564,https://www.hemnet.se/salda/lagenhet-2rum-rissne-sundbybergs-kommun-lavettvagen-41-6808305385319690564,66-67m²,2026-03-14T11:54:14.382585
4142743933474537532,"https://www.hemnet.se/salda/lagenhet-2rum-brastad-lysekils-kommun-sagvagen-4a,-lgh-1203-4142743933474537532",66-67m²,2026-03-14T11:54:14.382586
6231198004666937785,https://www.hemnet.se/salda/lagenhet-2rum-oceanhamnen-helsingborgs-kommun-asa-thors-grand-2-6231198004666937785,66-67m²,2026-03-14T11:54:14.382587
1628843200307526674,https://www.hemnet.se/salda/lagenhet-2rum-centrum-falkopings-kommun-tradgardsgatan-56-a-1628843200307526674,66-67m²,2026-03-14T11:54:14.382589
21135439310964985,https://www.hemnet.se/salda/lagenhet-3rum-city-vasteras-kommun-vasagatan-26a-21135439310964985,66-67m²,2026-03-14T11:54:14.382590
3691976655246092048,https://www.hemnet.se/salda/lagenhet-2rum-sodermalm-sodra-station-stockholms-kommun-fatburstrappan-18-3691976655246092048,66-67m²,2026-03-14T11:54:14.382592
2803196943358521146,https://www.hemnet.se/salda/lagenhet-2rum-baggeby-larsberg-lidingo-kommun-agavagen-4-2803196943358521146,66-67m²,2026-03-14T11:54:14.382593
733456374244950598,https://www.hemnet.se/salda/lagenhet-2rum-sodermalm-stockholms-kommun-asogatan-100-733456374244950598,66-67m²,2026-03-14T11:54:14.382594
4353413323542124151,https://www.hemnet.se/salda/lagenhet-2rum-brunflo-ostersunds-kommun-angevagen-18-b-4353413323542124151,66-67m²,2026-03-14T11:54:14.382596
1320624706611611752,https://www.hemnet.se/salda/lagenhet-2rum-hagalund-solna-kommun-hagalundsgatan-30-1320624706611611752,66-67m²,2026-03-14T11:54:14.382597
6852002980333874675,https://www.hemnet.se/salda/lagenhet-3rum-broslatt-molndals-kommun-fullblodsgatan-7-b-6852002980333874675,66-67m²,2026-03-14T11:54:14.382598
5338916158379673500,https://www.hemnet.se/salda/lagenhet-2rum-mariehem-umea-kommun-mariehemsvagen-27a-5338916158379673500,66-67m²,2026-03-14T11:54:14.382599
7725069752745145204,"https://www.hemnet.se/salda/lagenhet-3rum-hammarbyhojden,-johanneshov-stockholms-kommun-mariestadsvagen-25-7725069752745145204",66-67m²,2026-03-14T11:54:14.382601
6544605373329568457,https://www.hemnet.se/salda/lagenhet-3rum-centrala-sundsvall-sundsvalls-kommun-storgatan-52b-6544605373329568457,66-67m²,2026-03-14T11:54:14.382602
9183405669926597559,https://www.hemnet.se/salda/lagenhet-2rum-haga-goteborgs-kommun-haga-nygata-18-9183405669926597559,66-67m²,2026-03-14T11:54:14.382603
348419059706768949,https://www.hemnet.se/salda/lagenhet-3rum-kista-gard-stockholms-kommun-kista-allevag-37-348419059706768949,66-67m²,2026-03-14T11:54:14.382605
6793279525204304245,https://www.hemnet.se/salda/lagenhet-3rum-gideonsberg-vasteras-kommun-langmartensgatan-5c-6793279525204304245,66-67m²,2026-03-14T11:54:14.382606
5874756982915534453,https://www.hemnet.se/salda/lagenhet-2rum-soder-vaxjo-kommun-sodra-ringvagen-27-5874756982915534453,66-67m²,2026-03-14T11:54:14.382607
5744542481554445607,https://www.hemnet.se/salda/lagenhet-2rum-kviberg-goteborgs-kommun-margit-halls-gata-41-5744542481554445607,66-67m²,2026-03-14T11:54:14.382609
3025740867714427898,https://www.hemnet.se/salda/lagenhet-2rum-johanneberg-goteborgs-kommun-lemansgatan-10-3025740867714427898,66-67m²,2026-03-14T11:54:14.382610
8286986484213337690,https://www.hemnet.se/salda/lagenhet-2rum-norra-eslov-eslovs-kommun-ronnebergavagen-11b-8286986484213337690,66-67m²,2026-03-14T11:54:14.382611
4911302748636817313,https://www.hemnet.se/salda/lagenhet-3rum-solberga-hagersten-alvsjo-stockholms-kommun-kristallvagen-28-4911302748636817313,66-67m²,2026-03-14T11:54:14.382612
1105425230431903765,https://www.hemnet.se/salda/lagenhet-2rum-skaggetorp-linkopings-kommun-skaggetorps-centrum-32-1105425230431903765,66-67m²,2026-03-14T11:54:14.382614
492988856546932170,https://www.hemnet.se/salda/lagenhet-3rum-stockholm-ekhagen-stockholms-kommun-torphagsvagen-18-492988856546932170,66-67m²,2026-03-14T11:54:14.382615
8335836159816508832,https://www.hemnet.se/salda/lagenhet-3rum-lamberget-karlstads-kommun-lambergsgatan-27a-8335836159816508832,66-67m²,2026-03-14T11:54:14.382616
6416154268085774137,https://www.hemnet.se/salda/lagenhet-3rum-sundbyberg-ursvik-sundbybergs-kommun-ursviks-alle-47-6416154268085774137,66-67m²,2026-03-14T11:54:14.382618
155637942964651513,https://www.hemnet.se/salda/lagenhet-2rum-centrum-kungalv-kungalvs-kommun-herr-arnes-gata-10-155637942964651513,66-67m²,2026-03-14T11:54:14.382619
2641894256766114961,https://www.hemnet.se/salda/lagenhet-3rum-kavlinge-tatort-kavlinge-kommun-foreningsgatan-4d-2641894256766114961,66-67m²,2026-03-14T11:54:14.382620
3784297263158871088,https://www.hemnet.se/salda/lagenhet-2rum-gamla-staden-lidkopings-kommun-lidakersgatan-13b-3784297263158871088,66-67m²,2026-03-14T11:54:14.382622
6096641877919936728,https://www.hemnet.se/salda/lagenhet-3rum-soder-varbergs-kommun-liedbergs-vag-8-6096641877919936728,66-67m²,2026-03-14T11:54:14.382623
6137414047518473865,https://www.hemnet.se/salda/lagenhet-3rum-telefonplan-stockholms-kommun-snickerigatan-10-6137414047518473865,66-67m²,2026-03-14T11:54:14.382624
5694501484121494940,https://www.hemnet.se/salda/lagenhet-2rum-soder-sodertull-gavle-kommun-lilla-centralgatan-37-5694501484121494940,66-67m²,2026-03-14T11:54:14.382625
8335953911460572856,https://www.hemnet.se/salda/lagenhet-3rum-vastra-hamnen-malmo-kommun-lilla-varvsgatan-29a-8335953911460572856,66-67m²,2026-03-14T11:54:14.382627
833860640580400755,https://www.hemnet.se/salda/lagenhet-3rum-bromma-blackeberg-stockholms-kommun-holbergsgatan-38-833860640580400755,66-67m²,2026-03-14T11:54:14.382628
5039412568014416801,https://www.hemnet.se/salda/lagenhet-2rum-bjurhovda-vasteras-kommun-benvagen-18-5039412568014416801,66-67m²,2026-03-14T11:54:14.382629
1710133688571959317,https://www.hemnet.se/salda/lagenhet-2rum-odenslund-ostersunds-kommun-allegatan-18l-1710133688571959317,66-67m²,2026-03-14T11:54:14.382631
9069540873270016664,https://www.hemnet.se/salda/lagenhet-2rum-vallingby-parkstad-racksta-stockholms-kommun-jamtlandsgatan-107-9069540873270016664,66-67m²,2026-03-14T11:54:14.382632
3639364287759467281,https://www.hemnet.se/salda/lagenhet-2rum-mariehem-umea-kommun-mariehemsvagen-29a-3639364287759467281,66-67m²,2026-03-14T11:54:14.382633
1210618403158512481,https://www.hemnet.se/salda/lagenhet-3rum-edsberg-sollentuna-kommun-kruthornsvagen-38-1210618403158512481,66-67m²,2026-03-14T11:54:14.382634
272002594060000619,https://www.hemnet.se/salda/lagenhet-3rum-osterskar-osterakers-kommun-akersbergavagen-73-272002594060000619,66-67m²,2026-03-14T11:54:14.382636
5238830373580212116,https://www.hemnet.se/salda/lagenhet-2rum-bellevue-ystads-kommun-traktorsgatan-2-5238830373580212116,66-67m²,2026-03-14T11:54:14.382637
1659041510204316156,https://www.hemnet.se/salda/lagenhet-2rum-vasastaden-vasteras-kommun-stora-gatan-75c-1659041510204316156,66-67m²,2026-03-14T11:54:14.382639
1248536082689452676,"https://www.hemnet.se/salda/lagenhet-2rum-ostermalm-stockholms-kommun-storgatan-57,-3-tr-1248536082689452676",66-67m²,2026-03-14T11:54:14.382640
506460369885824403,"https://www.hemnet.se/salda/lagenhet-3rum-centrala-sollentuna-sollentuna-kommun-attundagrand-5,-van-3a-506460369885824403",66-67m²,2026-03-14T11:54:14.382641
2955233607860575124,"https://www.hemnet.se/salda/lagenhet-2,5rum-hoganas-uppsala-kommun-hoganasgatan-7b-2955233607860575124",66-67m²,2026-03-14T11:54:14.382642
3414306027387311583,https://www.hemnet.se/salda/lagenhet-2rum-luthagen-uppsala-kommun-pelargatan-24-3414306027387311583,66-67m²,2026-03-14T11:54:14.382644
6309542235560946100,https://www.hemnet.se/salda/lagenhet-3rum-kungsladugard-goteborgs-kommun-mariagatan-20c-6309542235560946100,66-67m²,2026-03-14T11:54:14.382645
1801654882617059149,https://www.hemnet.se/salda/lagenhet-2rum-prastslatten-karlshamns-kommun-prastslattsvagen-24-1801654882617059149,66-67m²,2026-03-14T11:54:14.382646
2605945802810748837,https://www.hemnet.se/salda/lagenhet-3rum-bandhagen-stockholms-kommun-kallforsvagen-47-2605945802810748837,66-67m²,2026-03-14T11:54:14.382648
2407157138576374602,https://www.hemnet.se/salda/lagenhet-2rum-vaxjo-soder-vaxjo-kommun-sodra-jarnvagsgatan-32c-2407157138576374602,66-67m²,2026-03-14T11:54:14.382649
8104140651133532057,"https://www.hemnet.se/salda/lagenhet-2,5rum-centrala-stuvsta-huddinge-kommun-kungsklippevagen-11-8104140651133532057",66-67m²,2026-03-14T11:54:14.382650
6332428004805381094,https://www.hemnet.se/salda/lagenhet-3rum-torps-gard-jonkopings-kommun-toltgatan-2-10-6332428004805381094,66-67m²,2026-03-14T11:54:14.382652
2821869071614149751,https://www.hemnet.se/salda/lagenhet-2rum-centralt-halmstads-kommun-nordbanegatan-37-2821869071614149751,66-67m²,2026-03-14T11:54:14.382653
6421569062671253398,https://www.hemnet.se/salda/lagenhet-2rum-klippan-centralt-klippans-kommun-tradgardsgatan-1e-6421569062671253398,66-67m²,2026-03-14T11:54:14.382654
3785180741079691518,https://www.hemnet.se/salda/lagenhet-3rum-bromma-blackeberg-stockholms-kommun-holbergsgatan-32-3785180741079691518,66-67m²,2026-03-14T11:54:14.382656
2082697027334182456,https://www.hemnet.se/salda/lagenhet-2rum-soder-norrkopings-kommun-nelinsgatan-20-2082697027334182456,66-67m²,2026-03-14T11:54:14.382657
4422016827803819874,https://www.hemnet.se/salda/lagenhet-2rum-kungsholmen-stockholms-kommun-kaplansbacken-5-4422016827803819874,66-67m²,2026-03-14T11:54:14.382658
5470635196881459393,https://www.hemnet.se/salda/lagenhet-3rum-jakobsberg-jarfalla-kommun-margaretavagen-15-5470635196881459393,66-67m²,2026-03-14T11:54:14.382659
9064445152471585557,https://www.hemnet.se/salda/lagenhet-2rum-vasastaden-skovde-kommun-dobelns-gata-2a-9064445152471585557,66-67m²,2026-03-14T11:54:14.382661
5634632414667198667,https://www.hemnet.se/salda/lagenhet-3rum-trangsund-huddinge-kommun-hastbacken-2-5634632414667198667,66-67m²,2026-03-14T11:54:14.382662
3688917854805980501,https://www.hemnet.se/salda/lagenhet-2rum-lillsjon-ostersunds-kommun-artvagen-101-3688917854805980501,66-67m²,2026-03-14T11:54:14.382663
4512484466754300667,https://www.hemnet.se/salda/lagenhet-2rum-hisings-backa-goteborgs-kommun-sagengatan-67c-4512484466754300667,66-67m²,2026-03-14T11:54:14.382665
1512826395874060672,https://www.hemnet.se/salda/lagenhet-3rum-centrala-hisingen-goteborgs-kommun-virvelvindsgatan-8-1512826395874060672,66-67m²,2026-03-14T11:54:14.382666
6274297864908350494,https://www.hemnet.se/salda/lagenhet-2rum-ektorp-norrkopings-kommun-trestegsgatan-77-6274297864908350494,66-67m²,2026-03-14T11:54:14.382667
6907986425884099401,"https://www.hemnet.se/salda/lagenhet-2rum-ostermalm-stockholms-kommun-storgatan-32,-4-5-tr-6907986425884099401",66-67m²,2026-03-14T11:54:14.382669
7903705264123911118,https://www.hemnet.se/salda/lagenhet-2rum-prastslatten-karlshamns-kommun-prastslattsvagen-12-7903705264123911118,66-67m²,2026-03-14T11:54:14.382670
8634577144800334424,"https://www.hemnet.se/salda/lagenhet-3rum-nobelberget-nacka-kommun-formalingatan-8,-4-tr-8634577144800334424",66-67m²,2026-03-14T11:54:14.382671
4050112960946428760,https://www.hemnet.se/salda/lagenhet-3rum-kungsangen-jonkopings-kommun-tellusgatan-6-4050112960946428760,66-67m²,2026-03-14T11:54:14.382672
4855434397720148811,https://www.hemnet.se/salda/lagenhet-2rum-vasastaden-goteborgs-kommun-foreningsgatan-18c-4855434397720148811,66-67m²,2026-03-14T11:54:14.382673
6507003996524943465,https://www.hemnet.se/salda/lagenhet-3rum-norrtalje-stad-farsna-norrtalje-kommun-balders-bage-24e-6507003996524943465,66-67m²,2026-03-14T11:54:14.382675
1705990074749730608,https://www.hemnet.se/salda/lagenhet-3rum-tagaborg-helsingborgs-kommun-brommagatan-28-1705990074749730608,66-67m²,2026-03-14T11:54:14.382676
3761992857006391852,https://www.hemnet.se/salda/lagenhet-2rum-tingvallastaden-karlstads-kommun-vastra-kanalgatan-11-3761992857006391852,66-67m²,2026-03-14T11:54:14.382677
7541631388521416733,https://www.hemnet.se/salda/lagenhet-2rum-brunna-upplands-bro-kommun-melofonstigen-4-7541631388521416733,66-67m²,2026-03-14T11:54:14.382679
8497242429847684548,https://www.hemnet.se/salda/lagenhet-3rum-gamla-filmstaden-solna-kommun-greta-garbos-vag-12-8497242429847684548,66-67m²,2026-03-14T11:54:14.382680
5500421666736989529,https://www.hemnet.se/salda/lagenhet-3rum-tullinge-strand-botkyrka-kommun-ulvsbergsvagen-9c-5500421666736989529,66-67m²,2026-03-14T11:54:14.382681
4640955032730563165,https://www.hemnet.se/salda/lagenhet-3rum-hogsbo-goteborgs-kommun-kapplandsgatan-118b-4640955032730563165,66-67m²,2026-03-14T11:54:14.382683
495005228460456337,https://www.hemnet.se/salda/lagenhet-2rum-ostermalm-stockholms-kommun-riddargatan-29-b-495005228460456337,66-67m²,2026-03-14T11:54:14.382684
4064231038049060836,https://www.hemnet.se/salda/lagenhet-2rum-munkegarde-kungalvs-kommun-helgonagatan-72-4064231038049060836,66-67m²,2026-03-14T11:54:14.382685
1541716068652521732,https://www.hemnet.se/salda/lagenhet-2rum-hagaberg-linkopings-kommun-kompanigatan-30-1541716068652521732,66-67m²,2026-03-14T11:54:14.382687
6161019662686312300,https://www.hemnet.se/salda/lagenhet-2rum-kapellgardet-uppsala-kommun-vattholmavagen-4d-6161019662686312300,66-67m²,2026-03-14T11:54:14.382688
4753162614309406092,https://www.hemnet.se/salda/lagenhet-3rum-snack-gotlands-kommun-snackbacken-14d-4753162614309406092,66-67m²,2026-03-14T11:54:14.382689
1847884712813387188,https://www.hemnet.se/salda/lagenhet-3rum-centrala-hisingen-goteborgs-kommun-virvelvindsgatan-8-1847884712813387188,66-67m²,2026-03-14T11:54:14.382690
6668275817774987762,https://www.hemnet.se/salda/lagenhet-3rum-bredsand-enkopings-kommun-regalskeppsvagen-8d-6668275817774987762,66-67m²,2026-03-14T11:54:14.382692
4719707009895714584,https://www.hemnet.se/salda/lagenhet-2rum-ramnas-surahammars-kommun-ashammarvagen-56b-4719707009895714584,66-67m²,2026-03-14T11:54:14.382693
3954931786737276259,https://www.hemnet.se/salda/lagenhet-2rum-ornsro-orebro-kommun-abackegatan-3-3954931786737276259,66-67m²,2026-03-14T11:54:14.382694
6964444713249029804,https://www.hemnet.se/salda/lagenhet-3rum-bandhagen-stockholms-kommun-skebokvarnsvagen-99-6964444713249029804,66-67m²,2026-03-14T11:54:14.382695
3468999564982478658,https://www.hemnet.se/salda/lagenhet-3rum-huskvarna-jonkopings-kommun-vasterliden-11a-3468999564982478658,66-67m²,2026-03-14T11:54:14.382697
8297480854204464469,https://www.hemnet.se/salda/lagenhet-2rum-nasbypark-taby-kommun-eskadervagen-16-8297480854204464469,66-67m²,2026-03-14T11:54:14.382698
4100284958470943896,https://www.hemnet.se/salda/lagenhet-2rum-hallsta-eskilstuna-kommun-ryningsbergsvagen-12a-4100284958470943896,66-67m²,2026-03-14T11:54:14.382699
829716233861053094,https://www.hemnet.se/salda/lagenhet-2rum-centralt-kungalvs-kommun-herr-arnes-gata-10-829716233861053094,66-67m²,2026-03-14T11:54:14.383243
6071873791534634160,https://www.hemnet.se/salda/lagenhet-2rum-ekholmen-linkopings-kommun-jardalavagen-22a-6071873791534634160,66-67m²,2026-03-14T11:54:14.383257
1867239756314037586,https://www.hemnet.se/salda/lagenhet-3rum-aspudden-stockholms-kommun-hagerstensvagen-109-1867239756314037586,66-67m²,2026-03-14T11:54:14.383258
3114683002796532313,https://www.hemnet.se/salda/lagenhet-3rum-hogsbo-goteborgs-kommun-kapplandsgatan-26-3114683002796532313,66-67m²,2026-03-14T11:54:14.383260
8106389413383465752,https://www.hemnet.se/salda/lagenhet-3rum-mariehem-umea-kommun-mariehemsvagen-90-8106389413383465752,66-67m²,2026-03-14T11:54:14.383261
185433823968793979,https://www.hemnet.se/salda/lagenhet-2rum-bergshamra-solna-kommun-barks-vag-8-185433823968793979,66-67m²,2026-03-14T11:54:14.383263
2932384001181619784,https://www.hemnet.se/salda/lagenhet-2rum-centrum-halmstads-kommun-patrikshillvagen-6-2932384001181619784,66-67m²,2026-03-14T11:54:14.383264
1367372062609734833,https://www.hemnet.se/salda/lagenhet-3rum-hagerstenasen-stockholms-kommun-valutavagen-29-1367372062609734833,66-67m²,2026-03-14T11:54:14.383265
1222109524169244359,https://www.hemnet.se/salda/lagenhet-2rum-nynashamn-nynashamns-kommun-odins-vag-20-1222109524169244359,66-67m²,2026-03-14T11:54:14.383267
4868984791540686630,https://www.hemnet.se/salda/lagenhet-2rum-karlsdal-vasteras-kommun-johanneshojden-2-4868984791540686630,66-67m²,2026-03-14T11:54:14.383268
6017682464323446892,https://www.hemnet.se/salda/lagenhet-2rum-centrum-uppsala-kommun-vretgrand-12g-6017682464323446892,66-67m²,2026-03-14T11:54:14.383270
2576827141199364716,https://www.hemnet.se/salda/lagenhet-2rum-sunnersta-uppsala-kommun-morkullevagen-74-2576827141199364716,66-67m²,2026-03-14T11:54:14.383271
6154904066785735722,"https://www.hemnet.se/salda/lagenhet-2,5rum-kalltorp-goteborgs-kommun-bjorcksgatan-68d-6154904066785735722",66-67m²,2026-03-14T11:54:14.383272
3849532917810279418,https://www.hemnet.se/salda/lagenhet-3rum-villan-angelholms-kommun-kallenbergsgatan-7a-3849532917810279418,66-67m²,2026-03-14T11:54:14.383273
6800095084557824339,https://www.hemnet.se/salda/lagenhet-3rum-centrum-haparanda-kommun-stationsgatan-2-b-6800095084557824339,66-67m²,2026-03-14T11:54:14.383275
8216009018583709444,https://www.hemnet.se/salda/lagenhet-3rum-aby-molndals-kommun-ridspogatan-7a-8216009018583709444,66-67m²,2026-03-14T11:54:14.383276
5534663219127567958,https://www.hemnet.se/salda/lagenhet-3rum-rasunda-solna-kommun-garvis-carlssons-gata-24-5534663219127567958,66-67m²,2026-03-14T11:54:14.383277
4284614639426190426,https://www.hemnet.se/salda/lagenhet-3rum-hallerna-stenungsunds-kommun-modistvagen-5b-4284614639426190426,66-67m²,2026-03-14T11:54:14.383278
3976521726884028032,https://www.hemnet.se/salda/lagenhet-2rum-nacksta-sundsvalls-kommun-nackstavagen-44a-3976521726884028032,66-67m²,2026-03-14T11:54:14.383280
5316594393969585273,https://www.hemnet.se/salda/lagenhet-3rum-roslags-nasby-taby-kommun-sagtorpsvagen-69b-5316594393969585273,66-67m²,2026-03-14T11:54:14.383281
6552564076336904205,"https://www.hemnet.se/salda/lagenhet-2rum-kungsangen-centrum-upplands-bro-kommun-tallrisvagen-1,-2tr-6552564076336904205",66-67m²,2026-03-14T11:54:14.383282
2725067727216203374,https://www.hemnet.se/salda/lagenhet-2rum-linnestaden-goteborgs-kommun-kastellgatan-18a-2725067727216203374,66-67m²,2026-03-14T11:54:14.383283
8108700773813415601,https://www.hemnet.se/salda/lagenhet-3rum-brandbergen-haninge-kommun-tvillingarnas-gata-321-8108700773813415601,66-67m²,2026-03-14T11:54:14.383285
2994759164320182984,"https://www.hemnet.se/salda/lagenhet-3rum-sodermalm-stockholms-kommun-fatburs-kvarngata-17,-5-tr-2994759164320182984",66-67m²,2026-03-14T11:54:14.383286
4027469794657201012,https://www.hemnet.se/salda/lagenhet-2rum-roback-umea-kommun-paletavagen-64-4027469794657201012,66-67m²,2026-03-14T11:54:14.383287
8411178861111390398,https://www.hemnet.se/salda/lagenhet-3rum-luossavaara-kiruna-kommun-porfyrvagen-18-bv-8411178861111390398,66-67m²,2026-03-14T11:54:14.383288
2153915724367403032,https://www.hemnet.se/salda/lagenhet-3rum-kavlinge-kavlinge-kommun-foreningsgatan-2a-2153915724367403032,66-67m²,2026-03-14T11:54:14.383290
6391781296254086273,https://www.hemnet.se/salda/lagenhet-3rum-gamla-enskede-stockholms-kommun-nynasvagen-334-6391781296254086273,66-67m²,2026-03-14T11:54:14.383291
7970462567666087096,https://www.hemnet.se/salda/lagenhet-2rum-solberga-alvsjo-stockholms-kommun-safirgrand-45-7970462567666087096,66-67m²,2026-03-14T11:54:14.383292
9185314182507907574,https://www.hemnet.se/salda/lagenhet-2rum-ostermalm-kristianstads-kommun-kapellgatan-14b-9185314182507907574,66-67m²,2026-03-14T11:54:14.383293
1616116035782973764,https://www.hemnet.se/salda/lagenhet-3rum-galgberget-falu-kommun-kvartsstigen-2b-1616116035782973764,66-67m²,2026-03-14T11:54:14.383295
2565533255322466785,https://www.hemnet.se/salda/lagenhet-2rum-skaggetorp-linkopings-kommun-klockaregarden-17-2565533255322466785,66-67m²,2026-03-14T11:54:14.383296
7298027160348756326,https://www.hemnet.se/salda/lagenhet-2rum-centrum-uppsala-kommun-kungsgatan-52b-7298027160348756326,66-67m²,2026-03-14T11:54:14.383297
9212507599310459939,https://www.hemnet.se/salda/lagenhet-2rum-stabby-uppsala-kommun-eriksgatan-17-9212507599310459939,66-67m²,2026-03-14T11:54:14.383298
881280291022585627,https://www.hemnet.se/salda/lagenhet-3rum-linero-lunds-kommun-norrangavagen-5a-881280291022585627,66-67m²,2026-03-14T11:54:14.383299
8772415395520442321,https://www.hemnet.se/salda/lagenhet-2rum-langbro-park-stockholms-kommun-bergtallsvagen-11-8772415395520442321,66-67m²,2026-03-14T11:54:14.383301
6611773371145436661,https://www.hemnet.se/salda/lagenhet-2rum-vasteras-vasteras-kommun-ringduvegatan-125-6611773371145436661,66-67m²,2026-03-14T11:54:14.383302
1772582151417038948,https://www.hemnet.se/salda/lagenhet-2rum-hagalund-borlange-kommun-engelbrektsgatan-7-1772582151417038948,66-67m²,2026-03-14T11:54:14.383303
4662002354031055499,https://www.hemnet.se/salda/lagenhet-3rum-sjolunda-lidkopings-kommun-formansvagen-17-e-4662002354031055499,66-67m²,2026-03-14T11:54:14.383304
2633807273155516214,https://www.hemnet.se/salda/lagenhet-2rum-dockan-malmo-kommun-isbergs-gata-16-2633807273155516214,66-67m²,2026-03-14T11:54:14.383306
4516108187401003891,https://www.hemnet.se/salda/lagenhet-2rum-ekhammar-kungsangen-upplands-bro-kommun-bjornbarsstigen-24-4516108187401003891,66-67m²,2026-03-14T11:54:14.383307
5525179948946788778,https://www.hemnet.se/salda/lagenhet-3rum-kapellgardet-uppsala-kommun-djaknegatan-68-5525179948946788778,66-67m²,2026-03-14T11:54:14.383308
6320328012343816017,https://www.hemnet.se/salda/lagenhet-2rum-mollevangen-lunds-kommun-mollevangsvagen-8b-6320328012343816017,66-67m²,2026-03-14T11:54:14.383309
6895686527838743249,https://www.hemnet.se/salda/lagenhet-2rum-hedslund-rattviks-kommun-jarlvagen-5b-6895686527838743249,66-67m²,2026-03-14T11:54:14.383311
6150052361768379099,https://www.hemnet.se/salda/lagenhet-2rum-gotene-tatort-gotene-kommun-norra-skaravagen-14-b-6150052361768379099,66-67m²,2026-03-14T11:54:14.383312
5715216629060111935,"https://www.hemnet.se/salda/lagenhet-3rum-kungsholmen-stockholms-kommun-fyrverkarbacken-27,-12tr-5715216629060111935",66-67m²,2026-03-14T11:54:14.383313
365607962871784167,https://www.hemnet.se/salda/lagenhet-2rum-charlottsborg-kristianstads-kommun-jakobs-vag-6-365607962871784167,66-67m²,2026-03-14T11:54:14.383315
7430459776405546888,https://www.hemnet.se/salda/lagenhet-3rum-linne-goteborgs-kommun-tredje-langgatan-37-7430459776405546888,66-67m²,2026-03-14T11:54:14.383316
287253888362608976,"https://www.hemnet.se/salda/lagenhet-3rum-nacka-kvarnholmen-nacka-kommun-magasinsgangen-9,-7tr-287253888362608976",66-67m²,2026-03-14T11:54:14.383317
2298126658772200011,https://www.hemnet.se/salda/lagenhet-3rum-kungsholmen-stockholms-kommun-kronobergsgatan-30-2298126658772200011,66-67m²,2026-03-14T11:54:14.383319
6333335236439781761,https://www.hemnet.se/salda/lagenhet-2rum-eriksberg-goteborgs-kommun-bratterasgatan-30b-6333335236439781761,66-67m²,2026-03-14T11:54:14.383320
6427711267305227239,https://www.hemnet.se/salda/lagenhet-2rum-tunavallen-eskilstuna-kommun-grankvistgatan-4-6427711267305227239,66-67m²,2026-03-14T11:54:14.383321
3658795887378096038,"https://www.hemnet.se/salda/lagenhet-2,5rum-midsommarkransen-stockholms-kommun-nioortsvagen-40-3658795887378096038",66-67m²,2026-03-14T11:54:14.383322
7235459593686592007,https://www.hemnet.se/salda/lagenhet-2rum-bellman-uppsala-kommun-bellmansgatan-52-7235459593686592007,66-67m²,2026-03-14T11:54:14.383324
4001116207208555527,https://www.hemnet.se/salda/lagenhet-2rum-linkopings-innerstad-linkopings-kommun-sturegatan-3a-4001116207208555527,66-67m²,2026-03-14T11:54:14.383325
6957361929193182238,https://www.hemnet.se/salda/lagenhet-3rum-gamla-huvudsta-solna-kommun-lundagatan-14-6957361929193182238,66-67m²,2026-03-14T11:54:14.383326
190863633606268553,https://www.hemnet.se/salda/lagenhet-2rum-vidablick-norrkopings-kommun-rosgangen-6-190863633606268553,66-67m²,2026-03-14T11:54:14.383327
6031292462279816329,https://www.hemnet.se/salda/lagenhet-3rum-eriksberg-goteborgs-kommun-norra-skeppspromenaden-17-6031292462279816329,66-67m²,2026-03-14T11:54:14.383329
6947938805808662714,https://www.hemnet.se/salda/lagenhet-2rum-sannegardshamnen-goteborgs-kommun-vintergatan-11-6947938805808662714,66-67m²,2026-03-14T11:54:14.383330
5673006344031330341,https://www.hemnet.se/salda/lagenhet-3rum-hovas-goteborgs-kommun-kunga-amandas-grand-3-5673006344031330341,66-67m²,2026-03-14T11:54:14.383331
8034832547070450794,https://www.hemnet.se/salda/lagenhet-2rum-kronogarden-trollhattans-kommun-hovslagaregatan-23-8034832547070450794,66-67m²,2026-03-14T11:54:14.383333
340164210759145075,https://www.hemnet.se/salda/lagenhet-2rum-centralt-gnesta-kommun-mariefredsvagen-4b-340164210759145075,66-67m²,2026-03-14T11:54:14.383334
5200469714921780470,https://www.hemnet.se/salda/lagenhet-2rum-eslov-ronneberga-eslovs-kommun-ronnebergavagen-5a-5200469714921780470,66-67m²,2026-03-14T11:54:14.383335
8637508069097545093,https://www.hemnet.se/salda/lagenhet-2rum-vivsta-froland-timra-kommun-stationsgatan-8d-8637508069097545093,66-67m²,2026-03-14T11:54:14.383336
2202930333035731883,https://www.hemnet.se/salda/lagenhet-2rum-bromma-nockebyhov-stockholms-kommun-gubbkarrsvagen-19a-2202930333035731883,66-67m²,2026-03-14T11:54:14.383338
6731494281149713149,https://www.hemnet.se/salda/lagenhet-3rum-kallhall-jarfalla-kommun-smedvagen-14-6731494281149713149,66-67m²,2026-03-14T11:54:14.383339
6879616299171331512,https://www.hemnet.se/salda/lagenhet-3rum-molndal-molndals-kommun-aby-alle-31-6879616299171331512,66-67m²,2026-03-14T11:54:14.383340
3929585331323720854,https://www.hemnet.se/salda/lagenhet-2rum-vallas-halmstads-kommun-kornhillsvagen-17d-3929585331323720854,66-67m²,2026-03-14T11:54:14.383342
2313759669744371444,https://www.hemnet.se/salda/lagenhet-2rum-klippan-klippans-kommun-tradgardsgatan-1c-2313759669744371444,66-67m²,2026-03-14T11:54:14.383343
1313569520965164526,"https://www.hemnet.se/salda/lagenhet-2,5rum-gottsunda-uppsala-kommun-vackra-birgers-vag-87-1313569520965164526",66-67m²,2026-03-14T11:54:14.383344
5430866104798196349,"https://www.hemnet.se/salda/lagenhet-2rum-birkastan-vasastan-stockholms-kommun-tomtebogatan-22,-6-tr-5430866104798196349",66-67m²,2026-03-14T11:54:14.383345
1025660924997076889,https://www.hemnet.se/salda/lagenhet-3rum-norrmalm-stockholms-kommun-regeringsgatan-70e-1025660924997076889,66-67m²,2026-03-14T11:54:14.383347
7376844277948585895,https://www.hemnet.se/salda/lagenhet-3rum-fruangen-stockholms-kommun-lina-sandells-plan-19-7376844277948585895,66-67m²,2026-03-14T11:54:14.383348
1156094448462934969,https://www.hemnet.se/salda/lagenhet-2rum-ulleraker-uppsala-kommun-ullerakersvagen-58-1156094448462934969,66-67m²,2026-03-14T11:54:14.383349
8858952987755307223,https://www.hemnet.se/salda/lagenhet-2rum-backby-vasteras-kommun-valljarnsgatan-486-8858952987755307223,66-67m²,2026-03-14T11:54:14.383350
1234880702870395695,https://www.hemnet.se/salda/lagenhet-2rum-centrum-sjobo-kommun-tornedalsgatan-12c-1234880702870395695,66-67m²,2026-03-14T11:54:14.383352
2631547648365376618,https://www.hemnet.se/salda/lagenhet-3rum-kortedala-goteborgs-kommun-fastlagsgatan-15-2631547648365376618,66-67m²,2026-03-14T11:54:14.383353
3207780629611447278,https://www.hemnet.se/salda/lagenhet-2rum-s-t-knut-malmo-kommun-master-eriks-plan-10c-3207780629611447278,66-67m²,2026-03-14T11:54:14.383354
6396478223429004385,https://www.hemnet.se/salda/lagenhet-3rum-vikingshill-nacka-kommun-vikingshillsvagen-44f-6396478223429004385,66-67m²,2026-03-14T11:54:14.383356
6997392648376889894,https://www.hemnet.se/salda/lagenhet-2rum-bjorkskatan-lulea-kommun-hagelvagen-55-6997392648376889894,66-67m²,2026-03-14T11:54:14.383357
2919188149760547222,https://www.hemnet.se/salda/lagenhet-2rum-staffanstorp-staffanstorps-kommun-knutsborg-16b-2919188149760547222,66-67m²,2026-03-14T11:54:14.383358
5440867512701824977,https://www.hemnet.se/salda/lagenhet-3rum-almby-orebro-kommun-bjorkmansgatan-10-5440867512701824977,66-67m²,2026-03-14T11:54:14.383359
3790001441111373515,https://www.hemnet.se/salda/lagenhet-3rum-kungsholmen-stockholms-kommun-polhemsgatan-11-3790001441111373515,66-67m²,2026-03-14T11:54:14.383361
1952330366171819216,"https://www.hemnet.se/salda/lagenhet-3rum-trangsund-huddinge-kommun-hastbacken-2,-8tr-1952330366171819216",66-67m²,2026-03-14T11:54:14.383362
7544438142035823304,https://www.hemnet.se/salda/lagenhet-2rum-centrala-vasby-upplands-vasby-kommun-stallgatan-8a-7544438142035823304,66-67m²,2026-03-14T11:54:14.383364
8476189873231280653,https://www.hemnet.se/salda/lagenhet-2rum-centralt-strommen-norrkopings-kommun-garvaregatan-19-8476189873231280653,66-67m²,2026-03-14T11:54:14.383365
5032741404703561140,"https://www.hemnet.se/salda/lagenhet-2,5rum-sodermalm-stockholms-kommun-gotgatan-90b-5032741404703561140",66-67m²,2026-03-14T11:54:14.383367
7966043319167715005,"https://www.hemnet.se/salda/lagenhet-3rum-kungsholmen-fridhemsplan-stockholms-kommun-arbetargatan-27b,-6-tr-7966043319167715005",66-67m²,2026-03-14T11:54:14.383368
7548622116876659629,https://www.hemnet.se/salda/lagenhet-3rum-brynas-gavle-kommun-sjatte-tvargatan-39-7548622116876659629,66-67m²,2026-03-14T11:54:14.383369
2816271582336478950,https://www.hemnet.se/salda/lagenhet-2rum-salabacke-uppsala-kommun-arstagatan-35-2816271582336478950,66-67m²,2026-03-14T11:54:14.383370
4103300768296666640,"https://www.hemnet.se/salda/lagenhet-3rum-nasbypark-taby-kommun-ornstigen-29,-1tr-4103300768296666640",66-67m²,2026-03-14T11:54:14.383372
8050488164621370013,https://www.hemnet.se/salda/lagenhet-2rum-huddinge-huddinge-kommun-sagstuvagen-33-8050488164621370013,66-67m²,2026-03-14T11:54:14.383373
6075933285422557425,https://www.hemnet.se/salda/lagenhet-2rum-kristineberg-hudiksvalls-kommun-blockvagen-24a-6075933285422557425,66-67m²,2026-03-14T11:54:14.383374
2474199133248089043,https://www.hemnet.se/salda/lagenhet-3rum-kungsholmen-stockholms-kommun-industrigatan-8-2474199133248089043,66-67m²,2026-03-14T11:54:14.383376
2321575237374556607,https://www.hemnet.se/salda/lagenhet-3rum-galgberget-falu-kommun-kvartsstigen-12d-2321575237374556607,66-67m²,2026-03-14T11:54:14.383377
4228362309646861630,https://www.hemnet.se/salda/lagenhet-3rum-sodra-guldheden-goteborgs-kommun-doktor-hjorts-gata-1d-4228362309646861630,66-67m²,2026-03-14T11:54:14.383378
2689651467455555987,https://www.hemnet.se/salda/lagenhet-2rum-svartbacken-kvarngar-uppsala-kommun-s-t-olofsgatan-52a-2689651467455555987,66-67m²,2026-03-14T11:54:14.383380
4010987079109560717,"https://www.hemnet.se/salda/lagenhet-2rum-vallingby-racksta-stockholms-kommun-jamtlandsgatan-99,-van-5-4010987079109560717",66-67m²,2026-03-14T11:54:14.383381
9117309064887866966,https://www.hemnet.se/salda/lagenhet-2rum-kungsbacka-fors-kungsbacka-kommun-forsvagen-2-9117309064887866966,66-67m²,2026-03-14T11:54:14.383382
4632428133036575820,"https://www.hemnet.se/salda/lagenhet-3rum-kungsholmen-stockholms-kommun-kungsbro-strand-21,-1-tr-4632428133036575820",66-67m²,2026-03-14T11:54:14.383384
6437743491875124831,https://www.hemnet.se/salda/lagenhet-3rum-vastra-kungsholmen-hornsbergs-strand-stockholms-kommun-harry-martinsons-gata-10-6437743491875124831,66-67m²,2026-03-14T11:54:14.383385
5186419660758930735,https://www.hemnet.se/salda/lagenhet-2rum-centrala-sundbyberg-sundbybergs-kommun-sundbybergs-torg-1e-5186419660758930735,66-67m²,2026-03-14T11:54:14.383387
813203043407431465,https://www.hemnet.se/salda/lagenhet-3rum-agnesberg-goteborgs-kommun-steken-3f-813203043407431465,66-67m²,2026-03-14T11:54:14.383388
2422697743655808837,https://www.hemnet.se/salda/lagenhet-2rum-hoganas-uppsala-kommun-vaderkvarnsgatan-15c-2422697743655808837,66-67m²,2026-03-14T11:54:14.383389
1010004712075274047,https://www.hemnet.se/salda/lagenhet-2rum-klostergarden-lunds-kommun-blidvadersvagen-6d-1010004712075274047,66-67m²,2026-03-14T11:54:14.383390
7456311110079992450,"https://www.hemnet.se/salda/lagenhet-3rum-jarla-sjo-nacka-kommun-garverigrand-7,-5tr-7456311110079992450",66-67m²,2026-03-14T11:54:14.383392
9129530364748023311,"https://www.hemnet.se/salda/lagenhet-2,5rum-vasastan-stockholms-kommun-tulegatan-32b-9129530364748023311",66-67m²,2026-03-14T11:54:14.383393
7255019785369749700,https://www.hemnet.se/salda/lagenhet-3rum-centrala-hisingen-goteborgs-kommun-hallegatan-13-7255019785369749700,66-67m²,2026-03-14T11:54:14.383394
8547209528027344754,https://www.hemnet.se/salda/lagenhet-2rum-alidhojd-umea-kommun-kuratorvagen-48-8547209528027344754,66-67m²,2026-03-14T11:54:14.383395
1950683163733279377,https://www.hemnet.se/salda/lagenhet-3rum-vellinge-vellinge-kommun-stora-gronegatan-18a-1950683163733279377,66-67m²,2026-03-14T11:54:14.383397
5074901806179605063,"https://www.hemnet.se/salda/lagenhet-2,5rum-edsbacka-sollentuna-kommun-platavagen-4-5074901806179605063",66-67m²,2026-03-14T11:54:14.383398
6257764711650700179,"https://www.hemnet.se/salda/lagenhet-2rum-osterhaninge-haninge-kommun-oxens-gata-264,-7tr-6257764711650700179",66-67m²,2026-03-14T11:54:14.383399
4259221143734850955,https://www.hemnet.se/salda/lagenhet-3rum-centrum-uddevalla-kommun-fargaregatan-14f-4259221143734850955,66-67m²,2026-03-14T11:54:14.383401
6762045115461942093,"https://www.hemnet.se/salda/lagenhet-2,5rum-norrmalm-vasastan-stockholms-kommun-drottninghusgrand-5-6762045115461942093",66-67m²,2026-03-14T11:54:14.383402
1894239700053161279,https://www.hemnet.se/salda/lagenhet-2rum-skogstorp-falkenbergs-kommun-gullregnsvagen-12-g-1894239700053161279,66-67m²,2026-03-14T11:54:14.383403
1233387005960414221,https://www.hemnet.se/salda/lagenhet-4rum-kebal-stromstads-kommun-styrbordsvagen-5-vecka-24-40-1233387005960414221,66-67m²,2026-03-14T11:54:14.383404
756401885525471310,https://www.hemnet.se/salda/lagenhet-2rum-blasbo-vasteras-kommun-langenbergsgatan-6d-756401885525471310,66-67m²,2026-03-14T11:54:14.383406
7160197376882368975,https://www.hemnet.se/salda/lagenhet-3rum-bjorkhagen-stockholms-kommun-ronnebyvagen-8a-7160197376882368975,66-67m²,2026-03-14T11:54:14.383407
1834793425065739735,https://www.hemnet.se/salda/lagenhet-3rum-kapellgardet-uppsala-kommun-djaknegatan-40-1834793425065739735,66-67m²,2026-03-14T11:54:14.383408
7592483098087070068,https://www.hemnet.se/salda/lagenhet-2rum-hammarby-sjostad-stockholms-kommun-rorgangargatan-17a-7592483098087070068,66-67m²,2026-03-14T11:54:14.383409
1246559378663045291,https://www.hemnet.se/salda/lagenhet-3rum-gardet-stockholms-kommun-hedinsgatan-5-1246559378663045291,66-67m²,2026-03-14T11:54:14.383411
6811744393028862268,https://www.hemnet.se/salda/lagenhet-2rum-fruangen-stockholms-kommun-fredrika-bremers-gata-17-6811744393028862268,66-67m²,2026-03-14T11:54:14.383412
5413436012131448911,https://www.hemnet.se/salda/lagenhet-2rum-skarpnack-stockholms-kommun-pilotgatan-5c-5413436012131448911,66-67m²,2026-03-14T11:54:14.383413
1945247370176416836,https://www.hemnet.se/salda/lagenhet-2rum-sodermalm-stockholms-kommun-tralgrand-5a-1945247370176416836,66-67m²,2026-03-14T11:54:14.383414
2476567799375670174,https://www.hemnet.se/salda/lagenhet-3rum-centrala-sundbyberg-sundbybergs-kommun-eliegatan-3-2476567799375670174,66-67m²,2026-03-14T11:54:14.383416
3722522893998161034,https://www.hemnet.se/salda/lagenhet-2rum-centralt-oster-orebro-kommun-engelbrektsgatan-15-a-3722522893998161034,66-67m²,2026-03-14T11:54:14.383417
401638117277887837,"https://www.hemnet.se/salda/lagenhet-3rum-hagalund-solna-kommun-hagalundsgatan-22,-van-8-401638117277887837",66-67m²,2026-03-14T11:54:14.383419
5420670136219337863,https://www.hemnet.se/salda/lagenhet-2rum-kronetorpstaden-burlovs-kommun-kronetorps-alle-25-5420670136219337863,66-67m²,2026-03-14T11:54:14.383420
7406183231662655882,"https://www.hemnet.se/salda/lagenhet-2,5rum-eneby-centrum-norrkopings-kommun-reenstiernagatan-90-7406183231662655882",66-67m²,2026-03-14T11:54:14.383421
3981069204490831837,https://www.hemnet.se/salda/lagenhet-2rum-centrum-falkopings-kommun-klockaregatan-14c-3981069204490831837,66-67m²,2026-03-14T11:54:14.383423
7291461145903744207,"https://www.hemnet.se/salda/lagenhet-2rum-smedby-upplands-vasby-kommun-stallgatan-1a,-5-tr-7291461145903744207",66-67m²,2026-03-14T11:54:14.383424
9172462547211261414,https://www.hemnet.se/salda/lagenhet-2rum-brandbergen-haninge-kommun-oxens-gata-246-9172462547211261414,66-67m²,2026-03-14T11:54:14.383425
7755849610854120452,https://www.hemnet.se/salda/lagenhet-3rum-kungsbacka-kungsbacka-kommun-ostra-langgatan-16b-7755849610854120452,66-67m²,2026-03-14T11:54:14.383426
7701081145641505349,https://www.hemnet.se/salda/lagenhet-3rum-eslov-centralt-eslovs-kommun-vangavagen-38-7701081145641505349,66-67m²,2026-03-14T11:54:14.383428
8845515179923446228,https://www.hemnet.se/salda/lagenhet-2rum-rosengard-malmo-kommun-thomsons-vag-10-8845515179923446228,66-67m²,2026-03-14T11:54:14.383429
669612979314423939,https://www.hemnet.se/salda/lagenhet-3rum-lilla-edet-centrum-lilla-edets-kommun-kullasgatan-1b-669612979314423939,66-67m²,2026-03-14T11:54:14.383430
5871502307362121837,https://www.hemnet.se/salda/lagenhet-3rum-korsta-sundsvalls-kommun-tjadervagen-19-5871502307362121837,66-67m²,2026-03-14T11:54:14.383432
735326517742750031,https://www.hemnet.se/salda/lagenhet-3rum-hyllie-malmo-kommun-ymers-gata-23a-735326517742750031,66-67m²,2026-03-14T11:54:14.383433
35014721853650935,https://www.hemnet.se/salda/lagenhet-2rum-sylte-trollhattans-kommun-bergkullevagen-205-35014721853650935,66-67m²,2026-03-14T11:54:14.383434
4017528365820084333,https://www.hemnet.se/salda/lagenhet-3rum-linnestaden-goteborgs-kommun-fjarde-langgatan-28b-4017528365820084333,66-67m²,2026-03-14T11:54:14.383436
1572177117879147469,https://www.hemnet.se/salda/lagenhet-3rum-linne-goteborgs-kommun-alfhemsgatan-5-1572177117879147469,66-67m²,2026-03-14T11:54:14.383437
4058649991146779436,https://www.hemnet.se/salda/lagenhet-2rum-gullvik-malmo-kommun-granviksgatan-106b-4058649991146779436,66-67m²,2026-03-14T11:54:14.383438
8037591962807032444,https://www.hemnet.se/salda/lagenhet-2rum-alideberg-boras-kommun-alidebergsgatan-15c-8037591962807032444,66-67m²,2026-03-14T11:54:14.383440
6770404173575832,https://www.hemnet.se/salda/lagenhet-2rum-lidaker-lidkopings-kommun-lidakersgatan-5b-6770404173575832,66-67m²,2026-03-14T11:54:14.383441
1600941719283112221,https://www.hemnet.se/salda/lagenhet-2rum-soderkulla-malmo-kommun-ormvraksgatan-9-1600941719283112221,66-67m²,2026-03-14T11:54:14.383442
8828390245387359426,https://www.hemnet.se/salda/lagenhet-3rum-oraberget-ludvika-kommun-orabergsvagen-14-c-8828390245387359426,66-67m²,2026-03-14T11:54:14.383443
3817833418837316729,https://www.hemnet.se/salda/lagenhet-3rum-adolfsberg-helsingborgs-kommun-sodra-hunnetorpsvagen-46b-3817833418837316729,66-67m²,2026-03-14T11:54:14.383445
1035679241748628454,https://www.hemnet.se/salda/lagenhet-2rum-kopingebro-ystads-kommun-vigavagen-31-1035679241748628454,66-67m²,2026-03-14T11:54:14.383446
7893400765841463144,https://www.hemnet.se/salda/lagenhet-2rum-charlottesborg-kristianstads-kommun-hasselvagen-11-7893400765841463144,66-67m²,2026-03-14T11:54:14.383447
4860815288188062474,https://www.hemnet.se/salda/lagenhet-3rum-centrala-mjolby-mjolby-kommun-svartaliden-4b-4860815288188062474,66-67m²,2026-03-14T11:54:14.383449
3986558026115384990,https://www.hemnet.se/salda/lagenhet-3rum-herrhagen-uppsala-kommun-milstensvagen-96-3986558026115384990,66-67m²,2026-03-14T11:54:14.383450
7355004852110217405,https://www.hemnet.se/salda/lagenhet-2rum-kragstalund-vallentuna-kommun-zetterlunds-vag-35b-7355004852110217405,66-67m²,2026-03-14T11:54:14.383451
1384024837726085080,https://www.hemnet.se/salda/lagenhet-2rum-spanga-tensta-stockholms-kommun-barkingeplan-9-1384024837726085080,66-67m²,2026-03-14T11:54:14.383452
5836940803393915114,"https://www.hemnet.se/salda/lagenhet-2,5rum-kungsholmen-stockholms-kommun-karlsviksgatan-16-5836940803393915114",66-67m²,2026-03-14T11:54:14.383454
4009132545586145164,https://www.hemnet.se/salda/lagenhet-3rum-gamla-rasunda-solna-kommun-rasundavagen-121b-4009132545586145164,66-67m²,2026-03-14T11:54:14.383455
8732304966642553862,https://www.hemnet.se/salda/lagenhet-3rum-storgardet-tallasen-tostero-strangnas-kommun-vitalisvagen-2e-8732304966642553862,66-67m²,2026-03-14T11:54:14.383456
7859057479370808146,"https://www.hemnet.se/salda/lagenhet-2,5rum-hoganas-uppsala-kommun-hoganasgatan-8a-7859057479370808146",66-67m²,2026-03-14T11:54:14.383458
5832110333980842801,https://www.hemnet.se/salda/lagenhet-2rum-bellevue-ystads-kommun-karinggatan-7-5832110333980842801,66-67m²,2026-03-14T11:54:14.383459
6165280957483875830,https://www.hemnet.se/salda/lagenhet-3rum-oster-orebro-orebro-kommun-nygatan-84-6165280957483875830,66-67m²,2026-03-14T11:54:14.383460
2541483095790071200,https://www.hemnet.se/salda/lagenhet-2rum-torpa-soder-jonkopings-kommun-erik-dahlbergsgatan-12a-2541483095790071200,66-67m²,2026-03-14T11:54:14.383462
703561935148476249,"https://www.hemnet.se/salda/lagenhet-2,5rum-s-t-knut-malmo-kommun-s-t-knuts-vag-9-703561935148476249",66-67m²,2026-03-14T11:54:14.383463
6575141898252952981,https://www.hemnet.se/salda/lagenhet-3rum-bjorkhagen-stockholms-kommun-skanorvagen-3-6575141898252952981,66-67m²,2026-03-14T11:54:14.383464
4423929878490688065,https://www.hemnet.se/salda/lagenhet-3rum-nodinge-nol-ale-kommun-skolallen-3a-4423929878490688065,66-67m²,2026-03-14T11:54:14.383466
5067816823527769308,https://www.hemnet.se/salda/lagenhet-2rum-ekholmen-linkopings-kommun-jardalavagen-76b-5067816823527769308,66-67m²,2026-03-14T11:54:14.383467
2099571353146640651,https://www.hemnet.se/salda/lagenhet-2rum-arno-nykopings-kommun-fladervagen-2g-2099571353146640651,66-67m²,2026-03-14T11:54:14.383468
982136718222553036,"https://www.hemnet.se/salda/lagenhet-2,5rum-lunden-goteborgs-kommun-sankt-pauligatan-27b-982136718222553036",66-67m²,2026-03-14T11:54:14.383470
6421946519098338416,https://www.hemnet.se/salda/lagenhet-3rum-kvillebacken-goteborgs-kommun-lantmataregatan-17a-6421946519098338416,66-67m²,2026-03-14T11:54:14.383471
2354347864484798066,https://www.hemnet.se/salda/lagenhet-2rum-ronninge-salems-kommun-emanuel-birkes-vag-5-2354347864484798066,66-67m²,2026-03-14T11:54:14.383472
2392673252137533231,https://www.hemnet.se/salda/lagenhet-3rum-kortedala-goteborgs-kommun-lovmanadsgatan-5-2392673252137533231,66-67m²,2026-03-14T11:54:14.383473
1277196429200928527,https://www.hemnet.se/salda/lagenhet-3rum-ursvik-sundbybergs-kommun-gamla-enkopingsvagen-180-1277196429200928527,66-67m²,2026-03-14T11:54:14.383475
8432974412469386911,https://www.hemnet.se/salda/lagenhet-3rum-biskopsgarden-goteborgs-kommun-badvadersgatan-9-8432974412469386911,66-67m²,2026-03-14T11:54:14.383476
1341510154318279831,https://www.hemnet.se/salda/lagenhet-3rum-sodermalm-stockholms-kommun-fatburs-kvarngata-19-1341510154318279831,66-67m²,2026-03-14T11:54:14.383477
5139431478396199562,https://www.hemnet.se/salda/lagenhet-3rum-sandarna-fixfabriken-goteborgs-kommun-walter-bengtssons-gata-37-5139431478396199562,66-67m²,2026-03-14T11:54:14.383479
2493434319887057519,https://www.hemnet.se/salda/lagenhet-2rum-nasbypark-taby-kommun-eskadervagen-32-2493434319887057519,66-67m²,2026-03-14T11:54:14.383480
2845096687916465419,https://www.hemnet.se/salda/lagenhet-3rum-vastra-hamnen-malmo-kommun-lilla-varvsgatan-29a-2845096687916465419,66-67m²,2026-03-14T11:54:14.383481
7907243403747885606,https://www.hemnet.se/salda/lagenhet-3rum-rorsjostaden-malmo-kommun-drottninggatan-6b-7907243403747885606,66-67m²,2026-03-14T11:54:14.383482
1661055699991550674,https://www.hemnet.se/salda/lagenhet-2rum-mjolby-mjolby-kommun-sodra-strandvagen-24-1661055699991550674,66-67m²,2026-03-14T11:54:14.383484
3818362259626113209,https://www.hemnet.se/salda/lagenhet-3rum-hov-vaxjo-kommun-galtovagen-67-3818362259626113209,66-67m²,2026-03-14T11:54:14.383485
9076831077327365615,https://www.hemnet.se/salda/lagenhet-3rum-gribbylund-taby-kommun-gribbylunds-torg-4b-9076831077327365615,66-67m²,2026-03-14T11:54:14.383486
8932644199829716218,https://www.hemnet.se/salda/lagenhet-2rum-ostermalm-stockholms-kommun-nybrogatan-66a-8932644199829716218,66-67m²,2026-03-14T11:54:14.383488
919497467741119472,https://www.hemnet.se/salda/lagenhet-3rum-norrmalm-stockholms-kommun-regeringsgatan-70f-919497467741119472,66-67m²,2026-03-14T11:54:14.383489
7427828953951123208,https://www.hemnet.se/salda/lagenhet-2rum-centralt-stromstads-kommun-ryttargangen-6-7427828953951123208,66-67m²,2026-03-14T11:54:14.383490
1216022539811457234,https://www.hemnet.se/salda/lagenhet-3rum-jarvastaden-solna-kommun-brotorpsvagen-4-1216022539811457234,66-67m²,2026-03-14T11:54:14.383491
5630140569885909313,https://www.hemnet.se/salda/lagenhet-3rum-ormesta-orebro-kommun-britagatan-8b-5630140569885909313,66-67m²,2026-03-14T11:54:14.383492
350060873827979257,https://www.hemnet.se/salda/lagenhet-3rum-bergshamra-solna-kommun-radjursstigen-18-350060873827979257,66-67m²,2026-03-14T11:54:14.383494
5554258095598057860,https://www.hemnet.se/salda/lagenhet-2rum-brottsta-lundby-eskilstuna-kommun-hamngatan-12-5554258095598057860,66-67m²,2026-03-14T11:54:14.383495
3743862984017912675,"https://www.hemnet.se/salda/lagenhet-3rum-vastra-skogen-solna-kommun-infanterigatan-5,-van-7-3743862984017912675",66-67m²,2026-03-14T11:54:14.383496
1037827599002360338,https://www.hemnet.se/salda/lagenhet-2rum-norra-frosunda-solna-kommun-enkopingsvagen-9d-1037827599002360338,66-67m²,2026-03-14T11:54:14.383498
6416886991758907049,https://www.hemnet.se/salda/lagenhet-3rum-centralt-oster-orebro-kommun-engelbrektsgatan-76-6416886991758907049,66-67m²,2026-03-14T11:54:14.383499
5171197151766900485,https://www.hemnet.se/salda/lagenhet-3rum-akersberga-centrum-osterakers-kommun-hackstavagen-12d-5171197151766900485,66-67m²,2026-03-14T11:54:14.383500
969207401945676125,https://www.hemnet.se/salda/lagenhet-2rum-silverdal-sollentuna-kommun-margreteborgsvagen-25-969207401945676125,66-67m²,2026-03-14T11:54:14.383501
5559831809028902930,https://www.hemnet.se/salda/lagenhet-2rum-osterhaninge-haninge-kommun-lejonets-gata-373-5559831809028902930,66-67m²,2026-03-14T11:54:14.383503
6285883648493198772,https://www.hemnet.se/salda/lagenhet-2rum-sannegardshamnen-goteborgs-kommun-stenbocksgatan-7-6285883648493198772,66-67m²,2026-03-14T11:54:14.383504
5950037283619252756,https://www.hemnet.se/salda/lagenhet-3rum-matfors-sundsvalls-kommun-tallskogsvagen-6c-5950037283619252756,66-67m²,2026-03-14T11:54:14.383505
1906393876171978581,https://www.hemnet.se/salda/lagenhet-2rum-mellringe-orebro-kommun-irisgatan-90-1906393876171978581,66-67m²,2026-03-14T11:54:14.383506
5879449564364068155,https://www.hemnet.se/salda/lagenhet-2rum-norra-tynnered-goteborgs-kommun-beryllgatan-33-5879449564364068155,66-67m²,2026-03-14T11:54:14.383507
5268849607460395503,"https://www.hemnet.se/salda/lagenhet-2rum-frosunda-solna-kommun-gustav-iii-s-boulevard-3,-van-5-5268849607460395503",66-67m²,2026-03-14T11:54:14.383509
2191185449352281739,https://www.hemnet.se/salda/lagenhet-2rum-halmstad-centrum-halmstads-kommun-torsgatan-3b-2191185449352281739,66-67m²,2026-03-14T11:54:14.383510
1780920099658810033,"https://www.hemnet.se/salda/lagenhet-3rum-kungsholmen-fridhemsplan-stockholms-kommun-sankt-goransgatan-98,-1-tr-1780920099658810033",66-67m²,2026-03-14T11:54:14.383511
2240590787968691908,https://www.hemnet.se/salda/lagenhet-2rum-johanneberg-goteborgs-kommun-eklandagatan-41c-2240590787968691908,66-67m²,2026-03-14T11:54:14.383513
1888944193047888566,https://www.hemnet.se/salda/lagenhet-2rum-fruangen-stockholms-kommun-fredrika-bremers-gata-17-1888944193047888566,66-67m²,2026-03-14T11:54:14.383514
8658383896295594304,https://www.hemnet.se/salda/lagenhet-2rum-sodermalm-zinkensdamm-stockholms-kommun-zinkens-vag-59-8658383896295594304,66-67m²,2026-03-14T11:54:14.383515
1017924592496105372,https://www.hemnet.se/salda/lagenhet-2rum-ostermalm-stockholms-kommun-torstenssonsgatan-7a-1017924592496105372,66-67m²,2026-03-14T11:54:14.383517
2225813798252459734,https://www.hemnet.se/salda/lagenhet-3rum-huskvarna-soder-jonkopings-kommun-branerydsvagen-22-2225813798252459734,66-67m²,2026-03-14T11:54:14.383518
1611765253508171158,https://www.hemnet.se/salda/lagenhet-3rum-sollentuna-sollentuna-kommun-sollentunavagen-195b-1611765253508171158,66-67m²,2026-03-14T11:54:14.383519
4036355107513240313,https://www.hemnet.se/salda/lagenhet-2rum-kronetorpstaden-burlovs-kommun-kronetorps-alle-25-4036355107513240313,66-67m²,2026-03-14T11:54:14.383520
7184423460656936077,https://www.hemnet.se/salda/lagenhet-3rum-norrbole-skelleftea-kommun-norrhammargatan-7a-7184423460656936077,66-67m²,2026-03-14T11:54:14.383521
5926799847029622537,https://www.hemnet.se/salda/lagenhet-3rum-stockholm-bredang-malarhojden-stockholms-kommun-algrytevagen-77-5926799847029622537,66-67m²,2026-03-14T11:54:14.383523
8616972738650883718,https://www.hemnet.se/salda/lagenhet-2rum-skarholmen-stockholms-kommun-aspholmsvagen-47-8616972738650883718,66-67m²,2026-03-14T11:54:14.383524
1965088035807975005,https://www.hemnet.se/salda/lagenhet-2rum-centralt-upplands-vasby-kommun-stallgatan-1a-1965088035807975005,66-67m²,2026-03-14T11:54:14.383525
6270014618882529344,https://www.hemnet.se/salda/lagenhet-3rum-huskvarna-soder-jonkopings-kommun-vasterliden-9b-6270014618882529344,66-67m²,2026-03-14T11:54:14.383527
6723775555178910550,https://www.hemnet.se/salda/lagenhet-3rum-farsta-stockholms-kommun-klockelundsvagen-18-6723775555178910550,66-67m²,2026-03-14T11:54:14.383528
589506267289373309,https://www.hemnet.se/salda/lagenhet-2rum-sannegardshamnen-goteborgs-kommun-vintergatan-9-589506267289373309,66-67m²,2026-03-14T11:54:14.383529
8498302416230076438,https://www.hemnet.se/salda/lagenhet-2rum-handskeryd-nassjo-kommun-hagtornsgatan-6c-8498302416230076438,66-67m²,2026-03-14T11:54:14.383530
9141115228047675525,"https://www.hemnet.se/salda/lagenhet-2rum-kungsholmen-stockholms-kommun-industrigatan-8,-3-tr-9141115228047675525",66-67m²,2026-03-14T11:54:14.383532
1911503993290539806,https://www.hemnet.se/salda/lagenhet-2rum-ronneberga-eslovs-kommun-ronnebergavagen-43b-1911503993290539806,66-67m²,2026-03-14T11:54:14.383533
4391032927995999172,https://www.hemnet.se/salda/lagenhet-2rum-hallerna-stenungsunds-kommun-modistvagen-3d-4391032927995999172,66-67m²,2026-03-14T11:54:14.383534
4210190293080852642,https://www.hemnet.se/salda/lagenhet-2rum-torshalla-eskilstuna-kommun-georg-nystromsgatan-32-4210190293080852642,66-67m²,2026-03-14T11:54:14.383536
3438134911290250175,https://www.hemnet.se/salda/lagenhet-3rum-enskede-stureby-stockholms-kommun-gotaforsvagen-12-3438134911290250175,66-67m²,2026-03-14T11:54:14.383537
4059091515654504584,https://www.hemnet.se/salda/lagenhet-3rum-vasastan-stockholms-kommun-vasterasgatan-7-4059091515654504584,66-67m²,2026-03-14T11:54:14.383538
8508163447098395666,https://www.hemnet.se/salda/lagenhet-3rum-sommarlust-kristianstads-kommun-oxhagsvagen-34-8508163447098395666,66-67m²,2026-03-14T11:54:14.383540
3374921471117665610,https://www.hemnet.se/salda/lagenhet-3rum-roslags-nasby-taby-kommun-centralvagen-103-3374921471117665610,66-67m²,2026-03-14T11:54:14.383541
6698462978617221344,https://www.hemnet.se/salda/lagenhet-2rum-stallarholmen-strangnas-kommun-ringugnsvagen-2-6698462978617221344,66-67m²,2026-03-14T11:54:14.383542
2263771618800389504,https://www.hemnet.se/salda/lagenhet-3rum-centralt-kristinehamns-kommun-spelmansgatan-39-2263771618800389504,66-67m²,2026-03-14T11:54:14.383543
5662492144095928072,https://www.hemnet.se/salda/lagenhet-3rum-soderhamn-centrum-soderhamns-kommun-norrtullsgatan-21a-5662492144095928072,66-67m²,2026-03-14T11:54:14.383545
7804600478422700365,https://www.hemnet.se/salda/lagenhet-3rum-norrstrand-karlstads-kommun-ulvsbygatan-31-7804600478422700365,66-67m²,2026-03-14T11:54:14.383546
7437020022764728481,https://www.hemnet.se/salda/lagenhet-3rum-vasastan-stockholms-kommun-sveavagen-129-7437020022764728481,66-67m²,2026-03-14T11:54:14.383547
1101435934070696923,https://www.hemnet.se/salda/lagenhet-2rum-kapellgardet-uppsala-kommun-portalgatan-4-f-1101435934070696923,66-67m²,2026-03-14T11:54:14.383548
1204598370617063525,https://www.hemnet.se/salda/lagenhet-2rum-centrala-vasby-upplands-vasby-kommun-stallgatan-9b-1204598370617063525,66-67m²,2026-03-14T11:54:14.383550
6615298051209841784,https://www.hemnet.se/salda/lagenhet-3rum-lunden-goteborgs-kommun-ulfsparregatan-26-6615298051209841784,66-67m²,2026-03-14T11:54:14.383551
1113135308614856947,https://www.hemnet.se/salda/lagenhet-2rum-valkaren-atvidabergs-kommun-strandgatan-18-a-1113135308614856947,66-67m²,2026-03-14T11:54:14.383552
1072210281888380987,https://www.hemnet.se/salda/lagenhet-3rum-skarphagen-norrkopings-kommun-klingagatan-9-1072210281888380987,66-67m²,2026-03-14T11:54:14.383554
521389511970396223,https://www.hemnet.se/salda/lagenhet-3rum-torslanda-amhult-goteborgs-kommun-lysevagen-10-521389511970396223,66-67m²,2026-03-14T11:54:14.383555
4560237408485719303,"https://www.hemnet.se/salda/lagenhet-2rum-centrala-vasby-upplands-vasby-kommun-stallgatan-16b,-5tr-4560237408485719303",66-67m²,2026-03-14T11:54:14.383556
6816713737018153627,https://www.hemnet.se/salda/lagenhet-3rum-arsta-stockholms-kommun-svardlangsvagen-56-6816713737018153627,66-67m²,2026-03-14T11:54:14.383558
997290635437709802,https://www.hemnet.se/salda/lagenhet-2rum-centralt-kalmar-kommun-larmgatan-10-997290635437709802,66-67m²,2026-03-14T11:54:14.383559
6246056185716472138,"https://www.hemnet.se/salda/lagenhet-2,5rum-kungsholmen-stockholms-kommun-bergsgatan-26-6246056185716472138",66-67m²,2026-03-14T11:54:14.383560
5791301332747743247,https://www.hemnet.se/salda/lagenhet-3rum-mariehall-stockholms-kommun-adolfsbergsvagen-14b-5791301332747743247,66-67m²,2026-03-14T11:54:14.383562
3794355332471725041,https://www.hemnet.se/salda/lagenhet-2rum-falkagard-falkenbergs-kommun-ormvraksvagen-15-3794355332471725041,66-67m²,2026-03-14T11:54:14.383563
4416509595680383183,https://www.hemnet.se/salda/lagenhet-3rum-asensbruk-melleruds-kommun-envagen-2-4416509595680383183,66-67m²,2026-03-14T11:54:14.383564
692514997263476596,https://www.hemnet.se/salda/lagenhet-2rum-ostermalm-stockholms-kommun-valhallavagen-146-f-692514997263476596,66-67m²,2026-03-14T11:54:14.383565
4835885782493975289,https://www.hemnet.se/salda/lagenhet-2rum-jarvastaden-solna-kommun-jarva-skjutbanevag-50-4835885782493975289,66-67m²,2026-03-14T11:54:14.383567
7359822182612954217,https://www.hemnet.se/salda/lagenhet-2rum-nedre-stadsdelen-bodens-kommun-ostra-strandvagen-18a-7359822182612954217,66-67m²,2026-03-14T11:54:14.383568
8276861030949415278,https://www.hemnet.se/salda/lagenhet-3rum-mariastaden-helsingborgs-kommun-ekerodsgatan-26-8276861030949415278,66-67m²,2026-03-14T11:54:14.383570
3622125173067368084,https://www.hemnet.se/salda/lagenhet-2rum-mariehem-umea-kommun-mariehemsvagen-27a-3622125173067368084,66-67m²,2026-03-14T11:54:14.383571
878193055069188724,https://www.hemnet.se/salda/lagenhet-3rum-brandbergen-haninge-kommun-lejonets-gata-381-878193055069188724,66-67m²,2026-03-14T11:54:14.383572
7795770086821493600,https://www.hemnet.se/salda/lagenhet-2rum-sodra-brunna-upplands-bro-kommun-trombonstigen-1-7795770086821493600,66-67m²,2026-03-14T11:54:14.383574
8499179400076579335,"https://www.hemnet.se/salda/lagenhet-2,5rum-sibrien,-vasastan-stockholms-kommun-frejgatan-45,-2-tr-8499179400076579335",66-67m²,2026-03-14T11:54:14.383575
1304069613788868593,https://www.hemnet.se/salda/lagenhet-3rum-brynas-gavle-kommun-femte-tvargatan-19-c-1304069613788868593,66-67m²,2026-03-14T11:54:14.383576
6833642404040908349,https://www.hemnet.se/salda/lagenhet-3rum-bellman-uppsala-kommun-bellmansgatan-4-6833642404040908349,66-67m²,2026-03-14T11:54:14.383577
1882025367811676352,https://www.hemnet.se/salda/lagenhet-3rum-sandakern-umea-kommun-sandakersgatan-2-1882025367811676352,66-67m²,2026-03-14T11:54:14.383579
3434115362504047153,https://www.hemnet.se/salda/lagenhet-2rum-bremerlyckan-kalmar-kommun-bremergatan-11-3434115362504047153,66-67m²,2026-03-14T11:54:14.383580
7330416200262503784,https://www.hemnet.se/salda/lagenhet-3rum-ostermalm-sundsvalls-kommun-fridhemsgatan-33a-7330416200262503784,66-67m²,2026-03-14T11:54:14.383581
4674956175547112869,https://www.hemnet.se/salda/lagenhet-3rum-centrala-sundbyberg-sundbybergs-kommun-kyrkogatan-2-4674956175547112869,66-67m²,2026-03-14T11:54:14.383583
2101900709702098021,https://www.hemnet.se/salda/lagenhet-2rum-alhem-skelleftea-kommun-torsgatan-19b-2101900709702098021,66-67m²,2026-03-14T11:54:14.383584
5278687389623294148,https://www.hemnet.se/salda/lagenhet-2rum-eriksberg-goteborgs-kommun-bratterasbacken-39-5278687389623294148,66-67m²,2026-03-14T11:54:14.383585
5980187775856020780,"https://www.hemnet.se/salda/lagenhet-3rum-nasbydal-taby-kommun-nasbydalsvagen-10,-7tr-5980187775856020780",66-67m²,2026-03-14T11:54:14.383587
5439124292195604969,https://www.hemnet.se/salda/lagenhet-3rum-globen-stockholms-kommun-skulptorvagen-17-5439124292195604969,66-67m²,2026-03-14T11:54:14.383588
5293954955593273984,"https://www.hemnet.se/salda/lagenhet-2,5rum-lund-centrum-lunds-kommun-karl-xi-gatan-3b-5293954955593273984",66-67m²,2026-03-14T11:54:14.383589
1782023456418439330,"https://www.hemnet.se/salda/lagenhet-3,5rum-rorsjostaden-malmo-kommun-ehrensvardsgatan-7-1782023456418439330",66-67m²,2026-03-14T11:54:14.383590
4493004169505832572,https://www.hemnet.se/salda/lagenhet-3rum-krokslatt-molndals-kommun-krokslatts-parkgata-5a-4493004169505832572,66-67m²,2026-03-14T11:54:14.383592
4381163774189493796,https://www.hemnet.se/salda/lagenhet-3rum-centrala-hisingen-goteborgs-kommun-hallegatan-13-4381163774189493796,66-67m²,2026-03-14T11:54:14.383593
1050248932727595640,https://www.hemnet.se/salda/lagenhet-2rum-vastergard-sodertalje-kommun-bangatan-26-1050248932727595640,66-67m²,2026-03-14T11:54:14.383594
2955379794721365788,https://www.hemnet.se/salda/lagenhet-2rum-ektorp-nacka-kommun-ektorpsvagen-11-2955379794721365788,66-67m²,2026-03-14T11:54:14.383596
7048019389173944653,"https://www.hemnet.se/salda/lagenhet-2,5rum-slottsstaden-malmo-kommun-ostra-stallmastaregatan-9b-7048019389173944653",66-67m²,2026-03-14T11:54:14.383597
1264341814477126618,https://www.hemnet.se/salda/lagenhet-3rum-kortedala-goteborgs-kommun-fastlagsgatan-13-1264341814477126618,66-67m²,2026-03-14T11:54:14.383598
2106343501052847679,https://www.hemnet.se/salda/lagenhet-2rum-astorp-astorps-kommun-storgatan-2d-2106343501052847679,66-67m²,2026-03-14T11:54:14.383600
7666810714834762194,"https://www.hemnet.se/salda/lagenhet-2rum-gardet-ostemalm-stockholms-kommun-artillerigatan-85,-2-tr-7666810714834762194",66-67m²,2026-03-14T11:54:14.383601
7572774519652846269,"https://www.hemnet.se/salda/lagenhet-2rum-taby-centrum-taby-kommun-biblioteksgangen-6,-vaning-6,-7572774519652846269",66-67m²,2026-03-14T11:54:14.383603
115813623256586510,https://www.hemnet.se/salda/lagenhet-2rum-centralt-bollebygds-kommun-vastra-hedangsvagen-1b-115813623256586510,66-67m²,2026-03-14T11:54:14.383604
607463156612128074,https://www.hemnet.se/salda/lagenhet-3rum-johannelund-linkopings-kommun-munkhagsgatan-84c-607463156612128074,66-67m²,2026-03-14T11:54:14.383605
3573121602457257341,https://www.hemnet.se/salda/lagenhet-3rum-tostero-strangnas-kommun-flodins-vag-6-3573121602457257341,66-67m²,2026-03-14T11:54:14.383607
3863324791842502412,https://www.hemnet.se/salda/lagenhet-3rum-trosso-karlskrona-kommun-fortifikationsgatan-9-c-3863324791842502412,66-67m²,2026-03-14T11:54:14.383608
7869752113836658100,https://www.hemnet.se/salda/lagenhet-3rum-munkeback-goteborgs-kommun-ernst-torulfsgatan-8-a-7869752113836658100,66-67m²,2026-03-14T11:54:14.383609
8719919874954279035,https://www.hemnet.se/salda/lagenhet-3rum-mariehall-stockholms-kommun-mariehallsvagen-30f-8719919874954279035,66-67m²,2026-03-14T11:54:14.383610
9165685558244345401,https://www.hemnet.se/salda/lagenhet-2rum-brandbergen-haninge-kommun-tvillingarnas-gata-333-9165685558244345401,66-67m²,2026-03-14T11:54:14.383612
5958915115361581400,https://www.hemnet.se/salda/lagenhet-3rum-horningsnas-huddinge-kommun-tujavagen-41-5958915115361581400,66-67m²,2026-03-14T11:54:14.383613
2729973264662907519,https://www.hemnet.se/salda/lagenhet-3rum-ruddalen-goteborgs-kommun-klarinettgatan-18-2729973264662907519,66-67m²,2026-03-14T11:54:14.383614
5573031876287170172,https://www.hemnet.se/salda/lagenhet-3rum-vastra-skogen-solna-kommun-ingentingsgatan-1-5573031876287170172,66-67m²,2026-03-14T11:54:14.383616
4273960090149187448,https://www.hemnet.se/salda/lagenhet-2rum-farsta-strand-stockholms-kommun-ullerudsbacken-53-4273960090149187448,66-67m²,2026-03-14T11:54:14.383617
6250355337418435412,https://www.hemnet.se/salda/lagenhet-3rum-jarvastaden-solna-kommun-brotorpsvagen-4-6250355337418435412,66-67m²,2026-03-14T11:54:14.383618
8088525904718380308,https://www.hemnet.se/salda/lagenhet-2rum-backby-vasteras-kommun-valljarnsgatan-490-8088525904718380308,66-67m²,2026-03-14T11:54:14.383620
6538225710703668150,https://www.hemnet.se/salda/lagenhet-3rum-tungelsta-haninge-kommun-lillgardsvagen-14-6538225710703668150,66-67m²,2026-03-14T11:54:14.383621
3351171114431050536,https://www.hemnet.se/salda/lagenhet-2rum-centrum-halmstads-kommun-torsgatan-5c-3351171114431050536,66-67m²,2026-03-14T11:54:14.383622
8683065608561798162,https://www.hemnet.se/salda/lagenhet-2rum-strand-arvika-kommun-skeppargatan-7-b-8683065608561798162,66-67m²,2026-03-14T11:54:14.383623
8279635516935976786,https://www.hemnet.se/salda/lagenhet-3rum-hovas-goteborgs-kommun-berguven-6-8279635516935976786,66-67m²,2026-03-14T11:54:14.383625
3653546590449638151,https://www.hemnet.se/salda/lagenhet-2rum-odenslund-ostersunds-kommun-allegatan-28-l-3653546590449638151,66-67m²,2026-03-14T11:54:14.383626
5693676030596192343,https://www.hemnet.se/salda/lagenhet-3rum-kavlinge-tatort-kavlinge-kommun-foreningsgatan-4d-5693676030596192343,66-67m²,2026-03-14T11:54:14.383627
5599395414727501038,https://www.hemnet.se/salda/lagenhet-3rum-centralt-finspangs-kommun-bergslagsvagen-45a-5599395414727501038,66-67m²,2026-03-14T11:54:14.383628
6779033959569002255,https://www.hemnet.se/salda/lagenhet-2rum-vastra-faladen-landskrona-kommun-lopargatan-56d-6779033959569002255,66-67m²,2026-03-14T11:54:14.383630
9130574565836382002,"https://www.hemnet.se/salda/lagenhet-3rum-sodermalm-stockholms-kommun-skaraborgsgatan-6a,-van-2-9130574565836382002",66-67m²,2026-03-14T11:54:14.383631
8657580843669313923,https://www.hemnet.se/salda/lagenhet-2rum-partille-centrum-partille-kommun-ostra-annebergsvagen-3-8657580843669313923,66-67m²,2026-03-14T11:54:14.383632
5369383185321649266,"https://www.hemnet.se/salda/lagenhet-3rum-centrala-huddinge-huddinge-kommun-radstuguvagen-16,-1tr-5369383185321649266",66-67m²,2026-03-14T11:54:14.383633
8366322113132605093,https://www.hemnet.se/salda/lagenhet-3rum-huskvarna-city-jonkopings-kommun-sturegatan-41-8366322113132605093,66-67m²,2026-03-14T11:54:14.383635
1799351834727000475,https://www.hemnet.se/salda/lagenhet-3rum-bulltofta-malmo-kommun-carl-flormansgatan-2-1799351834727000475,66-67m²,2026-03-14T11:54:14.383636
8688423155105109640,https://www.hemnet.se/salda/lagenhet-2rum-vannas-vannas-kommun-ostra-jarnvagsgatan-30-b-8688423155105109640,66-67m²,2026-03-14T11:54:14.383637
6315681722010331353,https://www.hemnet.se/salda/lagenhet-2rum-timra-sorberge-timra-kommun-bjorkgatan-6e-6315681722010331353,66-67m²,2026-03-14T11:54:14.383639
1429425478139461046,https://www.hemnet.se/salda/lagenhet-2rum-nacksta-sundsvalls-kommun-nackstavagen-34a-1429425478139461046,66-67m²,2026-03-14T11:54:14.383640
8030894227679542823,https://www.hemnet.se/salda/lagenhet-3rum-rasunda-solna-kommun-mittfaltsgatan-5-8030894227679542823,66-67m²,2026-03-14T11:54:14.383641
7490678184113549167,https://www.hemnet.se/salda/lagenhet-3rum-mariehojd-umea-kommun-skarvstensgatan-2-7490678184113549167,66-67m²,2026-03-14T11:54:14.383643
583541936051417488,"https://www.hemnet.se/salda/lagenhet-2,5rum-enskededalen-stockholms-kommun-grusasgrand-63-583541936051417488",66-67m²,2026-03-14T11:54:14.383644
2754216802639015789,https://www.hemnet.se/salda/lagenhet-2rum-flemingsberg-huddinge-kommun-sagstuvagen-44-2754216802639015789,66-67m²,2026-03-14T11:54:14.383645
428020690009890678,https://www.hemnet.se/salda/lagenhet-3rum-trangsund-huddinge-kommun-hastbacken-2-428020690009890678,66-67m²,2026-03-14T11:54:14.383647
398238452680099336,https://www.hemnet.se/salda/lagenhet-2rum-gamla-staden-lidkopings-kommun-lidakersgatan-1b-398238452680099336,66-67m²,2026-03-14T11:54:14.383648
620593325800873040,https://www.hemnet.se/salda/lagenhet-2rum-grashagen-jonkopings-kommun-norra-bogesundsgatan-8-620593325800873040,66-67m²,2026-03-14T11:54:14.383649
8022770509020599068,https://www.hemnet.se/salda/lagenhet-3rum-huskvarna-jonkopings-kommun-vasterliden-5a-8022770509020599068,66-67m²,2026-03-14T11:54:14.383651
8240011965528342677,https://www.hemnet.se/salda/lagenhet-2rum-hovas-goteborgs-kommun-klava-gardsvag-5-8240011965528342677,66-67m²,2026-03-14T11:54:14.383652
5033922609376049282,https://www.hemnet.se/salda/lagenhet-2rum-huskvarna-centrum-jonkopings-kommun-torsgatan-15a-5033922609376049282,66-67m²,2026-03-14T11:54:14.383653
7458931947116069330,https://www.hemnet.se/salda/lagenhet-2rum-jakobsberg-jarfalla-kommun-aspnasvagen-20-7458931947116069330,66-67m²,2026-03-14T11:54:14.383655
1063686969112882121,https://www.hemnet.se/salda/lagenhet-2rum-linne-goteborgs-kommun-linnegatan-55-1063686969112882121,66-67m²,2026-03-14T11:54:14.383656
234525583240496503,https://www.hemnet.se/salda/lagenhet-3rum-ekhagen-jonkopings-kommun-tornrosgatan-35-234525583240496503,66-67m²,2026-03-14T11:54:14.383657
3478693672139700419,https://www.hemnet.se/salda/lagenhet-2rum-roback-umea-kommun-paletavagen-56-3478693672139700419,66-67m²,2026-03-14T11:54:14.383658
6803218039969644972,https://www.hemnet.se/salda/lagenhet-3rum-rynningeasen-orebro-kommun-myrbacksgatan-17e-6803218039969644972,66-67m²,2026-03-14T11:54:14.383659
4439032059745657863,https://www.hemnet.se/salda/lagenhet-3rum-raa-helsingborgs-kommun-raavagen-84b-4439032059745657863,66-67m²,2026-03-14T11:54:14.383661
6228379859690496718,https://www.hemnet.se/salda/lagenhet-3rum-visby-gotlands-kommun-snackbacken-24b-6228379859690496718,66-67m²,2026-03-14T11:54:14.383662
9072583012741867659,https://www.hemnet.se/salda/lagenhet-3rum-haga-sundsvalls-kommun-bjalkvagen-9-9072583012741867659,66-67m²,2026-03-14T11:54:14.383663
7174731264806201552,"https://www.hemnet.se/salda/lagenhet-4rum-stoten,-salen-malung-salens-kommun-trivselvagen-25b-7174731264806201552",66-67m²,2026-03-14T11:54:14.383665
1038233974601457274,https://www.hemnet.se/salda/lagenhet-2rum-nobbelov-lunds-kommun-jaktstigen-43-1038233974601457274,66-67m²,2026-03-14T11:54:14.383666
8901509774974840725,https://www.hemnet.se/salda/lagenhet-3rum-havslatt-oskarshamns-kommun-ekorrvagen-7e-8901509774974840725,66-67m²,2026-03-14T11:54:14.383667
5598247330502462465,https://www.hemnet.se/salda/lagenhet-3rum-bandhagen-hogdalen-stockholms-kommun-rangstagatan-18-5598247330502462465,66-67m²,2026-03-14T11:54:14.383668
4118916040187543028,https://www.hemnet.se/salda/lagenhet-4rum-stoten-malung-salens-kommun-ranchen-lodge-302d-4118916040187543028,66-67m²,2026-03-14T11:54:14.383670
527904022452356947,https://www.hemnet.se/salda/lagenhet-2rum-bolinder-strand-jarfalla-kommun-anton-johanssons-vag-4-527904022452356947,66-67m²,2026-03-14T11:54:14.383671
5529540818043093283,https://www.hemnet.se/salda/lagenhet-2rum-prastslatten-karlshamns-kommun-prastslattsvagen-12-5529540818043093283,66-67m²,2026-03-14T11:54:14.383672
4000657697714384209,https://www.hemnet.se/salda/lagenhet-2rum-runby-upplands-vasby-kommun-tradgardsvagen-14-4000657697714384209,66-67m²,2026-03-14T11:54:14.383674
3630655519294695062,https://www.hemnet.se/salda/lagenhet-3rum-centralt-finspangs-kommun-bergslagsvagen-45a-3630655519294695062,66-67m²,2026-03-14T11:54:14.383675
1624906567634598792,"https://www.hemnet.se/salda/lagenhet-3rum-vasastan-stockholms-kommun-norrtullsgatan-16e,-3tr-1624906567634598792",66-67m²,2026-03-14T11:54:14.383676
3135372473327557340,"https://www.hemnet.se/salda/lagenhet-2,5rum-folkets-park-malmo-kommun-falsterbogatan-20-3135372473327557340",66-67m²,2026-03-14T11:54:14.383678
1556540053806384780,https://www.hemnet.se/salda/lagenhet-2rum-vasastan-sibirien-stockholms-kommun-frejgatan-18-1556540053806384780,66-67m²,2026-03-14T11:54:14.383679
680865125951600048,https://www.hemnet.se/salda/lagenhet-2rum-tierp-tierps-kommun-sodra-esplanaden-11-b-680865125951600048,66-67m²,2026-03-14T11:54:14.383680
4499873211531004456,https://www.hemnet.se/salda/lagenhet-3rum-uddevalla-centrum-uddevalla-kommun-foreningsgatan-7-4499873211531004456,66-67m²,2026-03-14T11:54:14.383682
6374723061130405849,https://www.hemnet.se/salda/lagenhet-2rum-vallingby-parkstad-racksta-stockholms-kommun-jamtlandsgatan-107-6374723061130405849,66-67m²,2026-03-14T11:54:14.383683
5801956473690646914,https://www.hemnet.se/salda/lagenhet-3rum-sandakern-umea-kommun-sandakersgatan-2-5801956473690646914,66-67m²,2026-03-14T11:54:14.383684
1637069500457890737,https://www.hemnet.se/salda/lagenhet-2rum-midsommarkransen-stockholms-kommun-kyndelsmassogrand-6-1637069500457890737,66-67m²,2026-03-14T11:54:14.383686
503889380253412972,https://www.hemnet.se/salda/lagenhet-3rum-centrala-gallivare-gallivare-kommun-lappfogdegatan-1b-503889380253412972,66-67m²,2026-03-14T11:54:14.383687
171393749799020836,https://www.hemnet.se/salda/lagenhet-2rum-nobbelov-lunds-kommun-jaktstigen-51-171393749799020836,66-67m²,2026-03-14T11:54:14.383688
7605069637589472293,https://www.hemnet.se/salda/lagenhet-3rum-sodermalm-stockholms-kommun-kristinehovsgatan-5b-7605069637589472293,66-67m²,2026-03-14T11:54:14.383689
6727511725699419965,https://www.hemnet.se/salda/lagenhet-2rum-lomma-centralt-lomma-kommun-centrumgatan-17-6727511725699419965,66-67m²,2026-03-14T11:54:14.383691
3407141618656876838,https://www.hemnet.se/salda/lagenhet-2rum-central-tyreso-tyreso-kommun-granitvagen-8a-3407141618656876838,66-67m²,2026-03-14T11:54:14.383692
3970194067427315211,https://www.hemnet.se/salda/lagenhet-2rum-trangen-skovde-kommun-sodra-trangallen-8-3970194067427315211,66-67m²,2026-03-14T11:54:14.383693
2177177993155290178,https://www.hemnet.se/salda/lagenhet-3rum-centrum-vaxjo-kommun-liedbergsgatan-49a-2177177993155290178,66-67m²,2026-03-14T11:54:14.383694
8762372765103528551,https://www.hemnet.se/salda/lagenhet-2rum-salem-salems-kommun-emanuel-birkes-vag-2-8762372765103528551,66-67m²,2026-03-14T11:54:14.383696
297270764389865684,https://www.hemnet.se/salda/lagenhet-2rum-centralt-galgberget-halmstads-kommun-norra-vagen-20-297270764389865684,66-67m²,2026-03-14T11:54:14.383697
6302885363377007459,https://www.hemnet.se/salda/lagenhet-3rum-majorna-goteborgs-kommun-saggatan-20a-6302885363377007459,66-67m²,2026-03-14T11:54:14.383698
3804119830216723327,https://www.hemnet.se/salda/lagenhet-2rum-ekholmen-linkopings-kommun-jardalavagen-74b-3804119830216723327,66-67m²,2026-03-14T11:54:14.383699
3607278566921345519,https://www.hemnet.se/salda/lagenhet-2rum-oster-orebro-kommun-norensbergsgatan-154-3607278566921345519,66-67m²,2026-03-14T11:54:14.383701
5603865089664461393,https://www.hemnet.se/salda/lagenhet-3rum-luthagen-uppsala-kommun-blandargatan-10-5603865089664461393,66-67m²,2026-03-14T11:54:14.383702
4314234200134837807,https://www.hemnet.se/salda/lagenhet-2rum-centrum-kungalv-kungalvs-kommun-trollhattevagen-12-4314234200134837807,66-67m²,2026-03-14T11:54:14.383703
2631981131066727472,"https://www.hemnet.se/salda/lagenhet-2,5rum-grind-norrtalje-kommun-grindvagen-2b-2631981131066727472",66-67m²,2026-03-14T11:54:14.383704
4607186552837117925,https://www.hemnet.se/salda/lagenhet-2rum-sodermalm-hogalid-stockholms-kommun-hogalidsgatan-44a-4607186552837117925,66-67m²,2026-03-14T11:54:14.383706
2178316919319355988,"https://www.hemnet.se/salda/lagenhet-2rum-brunna-upplands-bro-kommun-kornettstigen-7,-3-tr-2178316919319355988",66-67m²,2026-03-14T11:54:14.383707
3338422567429126802,https://www.hemnet.se/salda/lagenhet-2rum-lyckhem-huvudnas-vanersborgs-kommun-kronogatan-31-3338422567429126802,66-67m²,2026-03-14T11:54:14.383708
1500588481398179605,https://www.hemnet.se/salda/lagenhet-2rum-orebro-orebro-kommun-engelbrektsgatan-13b-1500588481398179605,66-67m²,2026-03-14T11:54:14.383710
324040524334686076,https://www.hemnet.se/salda/lagenhet-3rum-hogsbo-goteborgs-kommun-kapplandsgatan-44-324040524334686076,66-67m²,2026-03-14T11:54:14.383711
4200679563258869332,https://www.hemnet.se/salda/lagenhet-2rum-fagelbacken-malmo-kommun-edward-lindahlsgatan-18b-4200679563258869332,66-67m²,2026-03-14T11:54:14.383712
6167460798115905523,https://www.hemnet.se/salda/lagenhet-2rum-centralt-stromstads-kommun-ryttargangen-36-6167460798115905523,66-67m²,2026-03-14T11:54:14.383714
2268622979814423435,"https://www.hemnet.se/salda/lagenhet-3rum-centrala-sundbyberg-sundbybergs-kommun-tulegatan-68,-2-tr-2268622979814423435",66-67m²,2026-03-14T11:54:14.383715
6836201480235554486,https://www.hemnet.se/salda/lagenhet-2rum-centralt-norr-orebro-kommun-lilla-agrand-4-6836201480235554486,66-67m²,2026-03-14T11:54:14.383716
9059363147146772471,https://www.hemnet.se/salda/lagenhet-3rum-hogsbo-goteborgs-kommun-sjupundsgatan-31-9059363147146772471,66-67m²,2026-03-14T11:54:14.383717
9169141563036816575,https://www.hemnet.se/salda/lagenhet-3rum-liljeholmen-stockholms-kommun-katrinebergsbacken-28-9169141563036816575,66-67m²,2026-03-14T11:54:14.383719
4665223042958642959,https://www.hemnet.se/salda/lagenhet-2rum-vikaholm-vaxjo-kommun-vikaholmsallen-37m-4665223042958642959,66-67m²,2026-03-14T11:54:14.383720
8047566112993184175,https://www.hemnet.se/salda/lagenhet-2rum-sandvalla-hudiksvalls-kommun-finkvagen-6-8047566112993184175,66-67m²,2026-03-14T11:54:14.383721
5048490728318999218,https://www.hemnet.se/salda/lagenhet-3rum-centrala-sundbyberg-sundbybergs-kommun-stenbrottsgatan-5-5048490728318999218,66-67m²,2026-03-14T11:54:14.383722
5013968649410075218,https://www.hemnet.se/salda/lagenhet-2rum-norra-eslov-eslovs-kommun-ronnebergavagen-9c-5013968649410075218,66-67m²,2026-03-14T11:54:14.383724
3719408620253740553,https://www.hemnet.se/salda/lagenhet-2rum-inre-hamnen-sundsvalls-kommun-rederigatan-38-3719408620253740553,66-67m²,2026-03-14T11:54:14.383725
2025490777462933195,https://www.hemnet.se/salda/lagenhet-3rum-mariehojd-umea-kommun-skarvstensgatan-52-2025490777462933195,66-67m²,2026-03-14T11:54:14.383726
6759518044543004064,https://www.hemnet.se/salda/lagenhet-3rum-sandakern-umea-kommun-sandakersgatan-4-6759518044543004064,66-67m²,2026-03-14T11:54:14.383727
4201217681014020888,https://www.hemnet.se/salda/lagenhet-3rum-soder-gavle-kommun-sodra-radmansgatan-29a-4201217681014020888,66-67m²,2026-03-14T11:54:14.383729
5039089224123982546,https://www.hemnet.se/salda/lagenhet-2rum-brandbergen-haninge-kommun-oxens-gata-239-5039089224123982546,66-67m²,2026-03-14T11:54:14.383730
5965381016092649278,https://www.hemnet.se/salda/lagenhet-3rum-hovas-goteborgs-kommun-berguven-6-5965381016092649278,66-67m²,2026-03-14T11:54:14.383731
828997080296382767,https://www.hemnet.se/salda/lagenhet-3rum-ronninge-centrum-salems-kommun-hagavagen-8d-828997080296382767,66-67m²,2026-03-14T11:54:14.383733
482029538715824165,https://www.hemnet.se/salda/lagenhet-2rum-teg-bole-umea-kommun-domarevagen-8k-482029538715824165,66-67m²,2026-03-14T11:54:14.383734
8545817742224866357,https://www.hemnet.se/salda/lagenhet-2rum-salem-salems-kommun-emanuel-birkes-vag-4-8545817742224866357,66-67m²,2026-03-14T11:54:14.383735
1420680637642914878,https://www.hemnet.se/salda/lagenhet-2rum-hasselby-strand-stockholms-kommun-aprikosgatan-90-1420680637642914878,66-67m²,2026-03-14T11:54:14.383736
1759858716523983686,https://www.hemnet.se/salda/lagenhet-3rum-bolinder-strand-jarfalla-kommun-aron-lindgrens-vag-10-1759858716523983686,66-67m²,2026-03-14T11:54:14.383738
3324469036180707498,https://www.hemnet.se/salda/lagenhet-2rum-centrum-halmstads-kommun-torsgatan-3c-3324469036180707498,66-67m²,2026-03-14T11:54:14.383739
1276779029143254119,https://www.hemnet.se/salda/lagenhet-2rum-vara-vara-kommun-almgatan-2c-1276779029143254119,66-67m²,2026-03-14T11:54:14.383740
131200455717421907,"https://www.hemnet.se/salda/lagenhet-2rum-sodermalm-stockholms-kommun-ostgotagatan-29,-4-tr-131200455717421907",66-67m²,2026-03-14T11:54:14.383741
6524606230586581184,https://www.hemnet.se/salda/lagenhet-2rum-ekholmen-linkopings-kommun-jardalavagen-84a-6524606230586581184,66-67m²,2026-03-14T11:54:14.383743
4919108596098850518,https://www.hemnet.se/salda/lagenhet-3rum-henriksdalsberget-nacka-kommun-henriksdalsringen-5-4919108596098850518,66-67m²,2026-03-14T11:54:14.383744
6425535962054987980,"https://www.hemnet.se/salda/lagenhet-2rum-vasastan-norrmalm-stockholms-kommun-tegnergatan-10,-2-tr-6425535962054987980",66-67m²,2026-03-14T11:54:14.383745
7793329936393172834,https://www.hemnet.se/salda/lagenhet-2rum-satra-gavle-kommun-ulvsmygen-1-7793329936393172834,66-67m²,2026-03-14T11:54:14.383746
4224633254945824798,https://www.hemnet.se/salda/lagenhet-2rum-karstorp-vasterviks-kommun-markorgatan-36a-4224633254945824798,66-67m²,2026-03-14T11:54:14.383748
2457726104537048859,https://www.hemnet.se/salda/lagenhet-4rum-hundfjallet-malung-salens-kommun-novavagen-12a-2457726104537048859,66-67m²,2026-03-14T11:54:14.383749
886488035809269095,"https://www.hemnet.se/salda/lagenhet-2,5rum-gavle-centrum-gavle-kommun-norra-slottsgatan-17-886488035809269095",66-67m²,2026-03-14T11:54:14.383750
1353021569914924876,"https://www.hemnet.se/salda/lagenhet-2,5rum-gardet-ostermalm-stockholms-kommun-sehlstedtsgatan-3-1353021569914924876",66-67m²,2026-03-14T11:54:14.383752
5593378104571243788,"https://www.hemnet.se/salda/lagenhet-2rum-centralt,-campus-norrkopings-kommun-braddgatan-26-5593378104571243788",66-67m²,2026-03-14T11:54:14.383753
1806636030688053472,"https://www.hemnet.se/salda/lagenhet-2,5rum-edvinshem-ystads-kommun-radargatan-3g-1806636030688053472",66-67m²,2026-03-14T11:54:14.383754
601997159316954286,https://www.hemnet.se/salda/lagenhet-2rum-brandbergen-haninge-kommun-tvillingarnas-gata-308-601997159316954286,66-67m²,2026-03-14T11:54:14.383756
174691012318221710,https://www.hemnet.se/salda/lagenhet-3rum-alsike-knivsta-kommun-villebradsgatan-5b-174691012318221710,66-67m²,2026-03-14T11:54:14.383757
4133190696801650074,https://www.hemnet.se/salda/lagenhet-2rum-sylte-trollhattans-kommun-bergkullevagen-239-4133190696801650074,66-67m²,2026-03-14T11:54:14.383758
7869641296527169906,https://www.hemnet.se/salda/lagenhet-2rum-kronogarden-trollhattans-kommun-hovslagaregatan-21-7869641296527169906,66-67m²,2026-03-14T11:54:14.383760
1011236446016530348,https://www.hemnet.se/salda/lagenhet-3rum-centrala-sundbyberg-sundbybergs-kommun-gjuteribacken-12c-1011236446016530348,66-67m²,2026-03-14T11:54:14.383761
6661265941822062346,https://www.hemnet.se/salda/lagenhet-3rum-sodermalm-skanstull-stockholms-kommun-ringvagen-62-6661265941822062346,66-67m²,2026-03-14T11:54:14.383762
5142830585376405340,https://www.hemnet.se/salda/lagenhet-3rum-kungsangen-brunna-upplands-bro-kommun-kornettstigen-3-5142830585376405340,66-67m²,2026-03-14T11:54:14.383764
7603017081679059552,https://www.hemnet.se/salda/lagenhet-2rum-vasastan-stockholms-kommun-upplandsgatan-34-7603017081679059552,66-67m²,2026-03-14T11:54:14.383765
4508265026303749825,"https://www.hemnet.se/salda/lagenhet-3,5rum-lilla-essingen-kungsholmen-stockholms-kommun-essinge-brogata-5,-1,5-tr-4508265026303749825",66-67m²,2026-03-14T11:54:14.383767
611544872218582510,https://www.hemnet.se/salda/lagenhet-3rum-arenastaden-solna-kommun-evenemangsgatan-34-611544872218582510,66-67m²,2026-03-14T11:54:14.383768
361748905366664678,https://www.hemnet.se/salda/lagenhet-2rum-raby-vasteras-kommun-ringduvegatan-101-361748905366664678,66-67m²,2026-03-14T11:54:14.383769
4458884190562620625,https://www.hemnet.se/salda/lagenhet-3rum-tuve-goteborgs-kommun-glostorps-rosevag-10-4458884190562620625,66-67m²,2026-03-14T11:54:14.383771
8774827034775934834,"https://www.hemnet.se/salda/lagenhet-3rum-hisingen-goteborgs-kommun-langstromsgatan-5b,-vaning-4-8774827034775934834",66-67m²,2026-03-14T11:54:14.383772
2725609429969664191,"https://www.hemnet.se/salda/lagenhet-2,5rum-ostra-gardet-falkenbergs-kommun-betesvagen-6c-2725609429969664191",66-67m²,2026-03-14T11:54:14.383773
2364882585341228565,https://www.hemnet.se/salda/lagenhet-3rum-norra-asum-kristianstads-kommun-vaktarevagen-2a-2364882585341228565,66-67m²,2026-03-14T11:54:14.383775
9135352201499233642,https://www.hemnet.se/salda/lagenhet-3rum-tingvalla-trollhattans-kommun-dicksonsgatan-2-9135352201499233642,66-67m²,2026-03-14T11:54:14.383776
7442990233705157557,"https://www.hemnet.se/salda/lagenhet-3rum-vasastan-odenplan-stockholms-kommun-upplandsgatan-75a,-2-tr-7442990233705157557",66-67m²,2026-03-14T11:54:14.383777
1078317277762450808,"https://www.hemnet.se/salda/lagenhet-2,5rum-gamla-filmstaden-solna-kommun-greta-garbos-vag-21a-1078317277762450808",66-67m²,2026-03-14T11:54:14.383779
6451808625955324382,https://www.hemnet.se/salda/lagenhet-2rum-soderkulla-malmo-kommun-ormvraksgatan-9-6451808625955324382,66-67m²,2026-03-14T11:54:14.383780
5192832574306404169,"https://www.hemnet.se/salda/lagenhet-2rum-huvudsta-solna-kommun-jonstorpsvagen-28,-van-4-5192832574306404169",66-67m²,2026-03-14T11:54:14.383781
8612111379135563453,https://www.hemnet.se/salda/lagenhet-2rum-marsta-centralt-sigtuna-kommun-sodergatan-9b-8612111379135563453,66-67m²,2026-03-14T11:54:14.383783
8711908155386646149,https://www.hemnet.se/salda/lagenhet-2rum-gamla-vaster-malmo-kommun-hjorttackegatan-17-8711908155386646149,66-67m²,2026-03-14T11:54:14.383784
7001376731074582158,"https://www.hemnet.se/salda/lagenhet-2,5rum-luthagen-uppsala-kommun-geijersgatan-38-a-7001376731074582158",66-67m²,2026-03-14T11:54:14.383785
2115919339007232498,https://www.hemnet.se/salda/lagenhet-3rum-rasunda-solna-kommun-uppfartsvagen-9-2115919339007232498,66-67m²,2026-03-14T11:54:14.383786
4611078398687546417,"https://www.hemnet.se/salda/lagenhet-2,5rum-vasastan-stockholms-kommun-sankt-eriksgatan-65-4611078398687546417",66-67m²,2026-03-14T11:54:14.383788
3840415022038496617,https://www.hemnet.se/salda/lagenhet-2rum-vallentuna-vallentuna-kommun-norrgarden-33-3840415022038496617,66-67m²,2026-03-14T11:54:14.383789
8185927243534699455,https://www.hemnet.se/salda/lagenhet-3rum-hogsbo-goteborgs-kommun-kapplandsgatan-74-8185927243534699455,66-67m²,2026-03-14T11:54:14.383790
3826481854677386233,https://www.hemnet.se/salda/lagenhet-2rum-vara-vara-kommun-vastergatan-39-3826481854677386233,66-67m²,2026-03-14T11:54:14.383792
6011096936179182398,https://www.hemnet.se/salda/lagenhet-3rum-gardet-ostermalm-stockholms-kommun-skeppargatan-73-6011096936179182398,66-67m²,2026-03-14T11:54:14.383793
5143050088963000378,https://www.hemnet.se/salda/lagenhet-2rum-centrum-timra-kommun-mellangatan-34-5143050088963000378,66-67m²,2026-03-14T11:54:14.383794
3003779526137335990,https://www.hemnet.se/salda/lagenhet-2rum-sundsvall-sundsvalls-kommun-thulegatan-32-3003779526137335990,66-67m²,2026-03-14T11:54:14.383795
468058872336123129,https://www.hemnet.se/salda/lagenhet-2rum-nya-hovas-goteborgs-kommun-hovas-alle-20-468058872336123129,66-67m²,2026-03-14T11:54:14.383797
2060069059655012251,https://www.hemnet.se/salda/lagenhet-2rum-gyllins-tradgard-malmo-kommun-lonnebergagatan-31-2060069059655012251,66-67m²,2026-03-14T11:54:14.383798
4880341800652991851,https://www.hemnet.se/salda/lagenhet-2rum-varpinge-lunds-kommun-osten-undens-gata-170-4880341800652991851,66-67m²,2026-03-14T11:54:14.383799
455614042644397295,https://www.hemnet.se/salda/lagenhet-2rum-hoviksnas-tjorns-kommun-fagelkarrsvagen-49-455614042644397295,66-67m²,2026-03-14T11:54:14.383801
8212958988150123828,https://www.hemnet.se/salda/lagenhet-3rum-erikslust-malmo-kommun-torupsgatan-1b-8212958988150123828,66-67m²,2026-03-14T11:54:14.383802
1427932710079782215,https://www.hemnet.se/salda/lagenhet-2rum-staffanstorp-staffanstorps-kommun-knutsborg-4-b-1427932710079782215,66-67m²,2026-03-14T11:54:14.383803
150709171250926557,https://www.hemnet.se/salda/lagenhet-3rum-gyllins-tradgard-malmo-kommun-bullerbygatan-101-150709171250926557,66-67m²,2026-03-14T11:54:14.383805
544647947871738719,"https://www.hemnet.se/salda/lagenhet-2,5rum-rorsjostaden-malmo-kommun-industrigatan-2b-544647947871738719",66-67m²,2026-03-14T11:54:14.383806
2602146707891759748,https://www.hemnet.se/salda/lagenhet-2rum-backby-vasteras-kommun-valljarnsgatan-490-2602146707891759748,66-67m²,2026-03-14T11:54:14.383807
2136984195010645332,https://www.hemnet.se/salda/lagenhet-2rum-klostergarden-lunds-kommun-blidvadersvagen-6f-2136984195010645332,66-67m²,2026-03-14T11:54:14.383809
8831999866009174007,https://www.hemnet.se/salda/lagenhet-2rum-centralt-vansbro-kommun-norra-allegatan-21a-8831999866009174007,66-67m²,2026-03-14T11:54:14.383810
7552129054429423041,https://www.hemnet.se/salda/lagenhet-2rum-vastra-skogen-solna-kommun-johan-enbergs-vag-7-7552129054429423041,66-67m²,2026-03-14T11:54:14.383812
2727510583650004865,https://www.hemnet.se/salda/lagenhet-3rum-farsta-stockholms-kommun-filipstadsbacken-44-2727510583650004865,66-67m²,2026-03-14T11:54:14.383813
1531669773307005350,https://www.hemnet.se/salda/lagenhet-2rum-kungsangen-sodra-brunna-upplands-bro-kommun-melofonstigen-2-1531669773307005350,66-67m²,2026-03-14T11:54:14.383814
4570448805282629881,https://www.hemnet.se/salda/lagenhet-3rum-molndal-molndals-kommun-nils-hasselskogs-gata-1-4570448805282629881,66-67m²,2026-03-14T11:54:14.383815
3340760736391846169,https://www.hemnet.se/salda/lagenhet-2rum-torpa-soder-jonkopings-kommun-bellmansgatan-4-3340760736391846169,66-67m²,2026-03-14T11:54:14.383817
2106266609253483382,https://www.hemnet.se/salda/lagenhet-3rum-limhamns-sjostad-malmo-kommun-fernissagatan-16-2106266609253483382,66-67m²,2026-03-14T11:54:14.383818
8114108433435931907,"https://www.hemnet.se/salda/lagenhet-3rum-kungsholmen-fridhemsplan-stockholms-kommun-arbetargatan-27b,-5-tr-8114108433435931907",66-67m²,2026-03-14T11:54:14.383819
7069754677993495801,https://www.hemnet.se/salda/lagenhet-2rum-hallsta-eskilstuna-kommun-ryningsbergsvagen-12d-7069754677993495801,66-67m²,2026-03-14T11:54:14.383820
1076031082782856002,"https://www.hemnet.se/salda/lagenhet-3rum-aspudden-ornsberg-stockholms-kommun-ivar-vidfamnes-gata-23,-van-3-av-3-1076031082782856002",66-67m²,2026-03-14T11:54:14.383822
6775960217383809454,https://www.hemnet.se/salda/lagenhet-3rum-taby-kyrkby-taby-kommun-holmgardsvagen-4-6775960217383809454,66-67m²,2026-03-14T11:54:14.383823
5032738484879141384,https://www.hemnet.se/salda/lagenhet-2rum-salem-salems-kommun-emanuel-birkes-vag-4-5032738484879141384,66-67m²,2026-03-14T11:54:14.383825
6750818626159370904,https://www.hemnet.se/salda/lagenhet-2rum-nya-hovas-goteborgs-kommun-klavavagen-72-6750818626159370904,66-67m²,2026-03-14T11:54:14.383826
8570661791425070579,https://www.hemnet.se/salda/lagenhet-2rum-centrum-lunds-kommun-flormansgatan-4b-8570661791425070579,66-67m²,2026-03-14T11:54:14.383827
3334029798114536220,https://www.hemnet.se/salda/lagenhet-3rum-bagen-skara-kommun-djurgardsvagen-13-c-3334029798114536220,66-67m²,2026-03-14T11:54:14.383828
1312563574274925622,https://www.hemnet.se/salda/lagenhet-3rum-arsta-stockholms-kommun-jarnlundsvagen-20-1312563574274925622,66-67m²,2026-03-14T11:54:14.383829
6029797244767095574,"https://www.hemnet.se/salda/lagenhet-2,5rum-centrala-sundbyberg-sundbybergs-kommun-ursviksvagen-8-6029797244767095574",66-67m²,2026-03-14T11:54:14.383831
1120857446743072281,https://www.hemnet.se/salda/lagenhet-3rum-strangnas-centrum-strangnas-kommun-vippendalsvagen-10-1120857446743072281,66-67m²,2026-03-14T11:54:14.383832
4693994918525002641,https://www.hemnet.se/salda/lagenhet-3rum-centrala-solna-solna-kommun-bangatan-5a-4693994918525002641,66-67m²,2026-03-14T11:54:14.383833
1827451832784218475,https://www.hemnet.se/salda/lagenhet-3rum-riksten-botkyrka-kommun-eklundshovsvagen-31-1827451832784218475,66-67m²,2026-03-14T11:54:14.383834
5769901610576692304,https://www.hemnet.se/salda/lagenhet-2rum-sodermalm-sundsvalls-kommun-bergsgatan-21b-5769901610576692304,66-67m²,2026-03-14T11:54:14.383836
4258277715319925544,"https://www.hemnet.se/salda/lagenhet-2rum-arenastaden-solna-kommun-evenemangsgatan-6,-van-10-10-4258277715319925544",66-67m²,2026-03-14T11:54:14.383837
2482959613567242522,https://www.hemnet.se/salda/lagenhet-3rum-tomtebo-umea-kommun-sjoravagen-6f-2482959613567242522,66-67m²,2026-03-14T11:54:14.383838
5181731106523629000,https://www.hemnet.se/salda/lagenhet-3rum-torpa-jonkopings-kommun-barnarpsgatan-88a-5181731106523629000,66-67m²,2026-03-14T11:54:14.383839
2344420172669579202,https://www.hemnet.se/salda/lagenhet-3rum-kungsangen-jonkopings-kommun-tellusgatan-6-2344420172669579202,66-67m²,2026-03-14T11:54:14.383840
6249459620809174205,https://www.hemnet.se/salda/lagenhet-3rum-norr-vaxjo-kommun-par-lagerkvists-vag-10c-6249459620809174205,66-67m²,2026-03-14T11:54:14.383842
5796500988905671202,https://www.hemnet.se/salda/lagenhet-2rum-hisingstorp-jonkopings-kommun-valhallavagen-81-5796500988905671202,66-67m²,2026-03-14T11:54:14.383843
2424964424608533821,https://www.hemnet.se/salda/lagenhet-3rum-centrum-ystads-kommun-thorssons-vag-15-2424964424608533821,66-67m²,2026-03-14T11:54:14.383844
5867274725787879010,https://www.hemnet.se/salda/lagenhet-3rum-karlskoga-karlskoga-kommun-solhagsvagen-1b-5867274725787879010,66-67m²,2026-03-14T11:54:14.383845
5707895909199308855,https://www.hemnet.se/salda/lagenhet-3rum-alvsjo-langbro-park-stockholms-kommun-bergtallsvagen-20-5707895909199308855,66-67m²,2026-03-14T11:54:14.383847
1592645825693559248,https://www.hemnet.se/salda/lagenhet-2rum-hammarby-sjostad-stockholms-kommun-babordsgatan-8-1592645825693559248,66-67m²,2026-03-14T11:54:14.383848
6626971320629893928,https://www.hemnet.se/salda/lagenhet-2rum-vastra-skogen-solna-kommun-johan-enbergs-vag-5-6626971320629893928,66-67m²,2026-03-14T11:54:14.383849
604191756966956710,https://www.hemnet.se/salda/lagenhet-3rum-ovre-nyfors-eskilstuna-kommun-tegelbruksgatan-23-604191756966956710,66-67m²,2026-03-14T11:54:14.383850
8465567860733832543,https://www.hemnet.se/salda/lagenhet-3rum-vastra-skogen-solna-kommun-johan-enbergs-vag-28-8465567860733832543,66-67m²,2026-03-14T11:54:14.383852
3490751062957942118,https://www.hemnet.se/salda/lagenhet-3rum-ekeby-karlskoga-kommun-gosta-berlings-vag-4-3490751062957942118,66-67m²,2026-03-14T11:54:14.383853
874630952169086524,https://www.hemnet.se/salda/lagenhet-2rum-bodal-lidingo-kommun-bodalsvagen-39-874630952169086524,66-67m²,2026-03-14T11:54:14.383854
5784073221762355537,https://www.hemnet.se/salda/lagenhet-3rum-barkarbystaden-jarfalla-kommun-drakengatan-10-5784073221762355537,66-67m²,2026-03-14T11:54:14.383856
1914352503223505268,"https://www.hemnet.se/salda/lagenhet-3rum-bagarmossen-stockholms-kommun-emagatan-18,-1tr-1914352503223505268",66-67m²,2026-03-14T11:54:14.383857
3939047645465114884,https://www.hemnet.se/salda/lagenhet-2rum-gryta-vasteras-kommun-vildrosgatan-11-3939047645465114884,66-67m²,2026-03-14T11:54:14.383858
7626990350442130297,https://www.hemnet.se/salda/lagenhet-3rum-mariehall-stockholms-kommun-masugnsvagen-88-7626990350442130297,66-67m²,2026-03-14T11:54:14.383860
8932419757081138043,https://www.hemnet.se/salda/lagenhet-3rum-byttorp-boras-kommun-vindelgatan-41b-8932419757081138043,66-67m²,2026-03-14T11:54:14.383861
6919657008673830932,"https://www.hemnet.se/salda/lagenhet-2,5rum-ekangen-skovde-kommun-lonnvagen-2c-6919657008673830932",66-67m²,2026-03-14T11:54:14.383862
795695950840156991,"https://www.hemnet.se/salda/lagenhet-3rum-grondal-stockholms-kommun-ekensbergsvagen-118,-4tr-795695950840156991",66-67m²,2026-03-14T11:54:14.383863
82595803577873987,https://www.hemnet.se/salda/lagenhet-3rum-kungsholmen-stockholms-kommun-kronobergsgatan-30-82595803577873987,66-67m²,2026-03-14T11:54:14.383865
2083503593074835809,https://www.hemnet.se/salda/lagenhet-2rum-prastslatten-karlshamns-kommun-prastslattsvagen-24-2083503593074835809,66-67m²,2026-03-14T11:54:14.383866
2295754875017162394,https://www.hemnet.se/salda/lagenhet-3rum-luthagen-uppsala-kommun-ringgatan-41a-2295754875017162394,66-67m²,2026-03-14T11:54:14.383867
6385411620594106380,https://www.hemnet.se/salda/lagenhet-3rum-bollstanas-upplands-vasby-kommun-vintervagen-82a-6385411620594106380,66-67m²,2026-03-14T11:54:14.383868
1320044655471574642,https://www.hemnet.se/salda/lagenhet-2rum-karstorp-vasterviks-kommun-markorgatan-40b-1320044655471574642,66-67m²,2026-03-14T11:54:14.383870
213153886333974975,https://www.hemnet.se/salda/lagenhet-3rum-vega-haninge-kommun-gaffelseglet-33-213153886333974975,66-67m²,2026-03-14T11:54:14.383871
4119328134951403345,https://www.hemnet.se/salda/lagenhet-2rum-centralt-upplands-vasby-kommun-stallgatan-16b-4119328134951403345,66-67m²,2026-03-14T11:54:14.383872
1724664558374053815,https://www.hemnet.se/salda/lagenhet-3rum-alvsjo-stockholms-kommun-lillhagsvagen-6-1724664558374053815,66-67m²,2026-03-14T11:54:14.383873
9054567670765322855,https://www.hemnet.se/salda/lagenhet-3rum-johannelund-linkopings-kommun-munkhagsgatan-84b-9054567670765322855,66-67m²,2026-03-14T11:54:14.383875
1070460188987815523,https://www.hemnet.se/salda/lagenhet-2rum-brunnshog-lunds-kommun-brunnshogsgatan-52-1070460188987815523,66-67m²,2026-03-14T11:54:14.383876
8477288177066302005,https://www.hemnet.se/salda/lagenhet-2rum-centralt-upplands-vasby-kommun-stallgatan-15a-8477288177066302005,66-67m²,2026-03-14T11:54:14.383877
2886104565118767296,"https://www.hemnet.se/salda/lagenhet-2rum-sofia-stockholms-kommun-fargargardstorget-10,-van-5-2886104565118767296",66-67m²,2026-03-14T11:54:14.383879
7675416319831432259,https://www.hemnet.se/salda/lagenhet-3rum-vaster-hassleholms-kommun-gustavsgatan-7a-7675416319831432259,66-67m²,2026-03-14T11:54:14.383880
8594113209031885953,https://www.hemnet.se/salda/lagenhet-2rum-vasalund-solna-kommun-rasundavagen-57-8594113209031885953,66-67m²,2026-03-14T11:54:14.383881
5805405135311866702,https://www.hemnet.se/salda/lagenhet-3rum-torslanda-bjorlanda-goteborgs-kommun-kronangen-1-5805405135311866702,66-67m²,2026-03-14T11:54:14.383883
9088406812998048447,https://www.hemnet.se/salda/lagenhet-3rum-centralt-bodens-kommun-lilla-nygatan-3c-9088406812998048447,66-67m²,2026-03-14T11:54:14.383884
3688182786263034843,https://www.hemnet.se/salda/lagenhet-2rum-nyled-bastads-kommun-mangardsvagen-38b-3688182786263034843,66-67m²,2026-03-14T11:54:14.383886
7369606427132683496,https://www.hemnet.se/salda/lagenhet-2rum-ekeby-uppsala-kommun-torshavnsgatan-12-7369606427132683496,66-67m²,2026-03-14T11:54:14.383887
7144491924909915028,https://www.hemnet.se/salda/lagenhet-2rum-kronogarden-trollhattans-kommun-stallgatan-7-7144491924909915028,66-67m²,2026-03-14T11:54:14.383888
4236156141561363065,https://www.hemnet.se/salda/lagenhet-2rum-sandbyhov-norrkopings-kommun-blommelundsallen-3-4236156141561363065,66-67m²,2026-03-14T11:54:14.383889
5718168493685555835,https://www.hemnet.se/salda/lagenhet-3rum-smedby-upplands-vasby-kommun-ryttargatan-298-5718168493685555835,66-67m²,2026-03-14T11:54:14.383891
7410620402969787626,https://www.hemnet.se/salda/lagenhet-2rum-barslov-helsingborgs-kommun-fyrhogagatan-72-7410620402969787626,66-67m²,2026-03-14T11:54:14.383893
6348058463020540031,https://www.hemnet.se/salda/lagenhet-3rum-tullinge-ulfsbergsgarden-botkyrka-kommun-ulvsbergsvagen-15e-6348058463020540031,66-67m²,2026-03-14T11:54:14.383894
2294560565870964605,https://www.hemnet.se/salda/lagenhet-2rum-brandbergen-haninge-kommun-tvillingarnas-gata-308-2294560565870964605,66-67m²,2026-03-14T11:54:14.383896
8054102825112176154,https://www.hemnet.se/salda/lagenhet-3rum-sodermalm-katarina-sofia-stockholms-kommun-folkungagatan-114-8054102825112176154,66-67m²,2026-03-14T11:54:14.383897
8954934319022705988,https://www.hemnet.se/salda/lagenhet-2rum-stromstad-stromstads-kommun-ankarstigen-21-8954934319022705988,66-67m²,2026-03-14T11:54:14.383898
5483436926775253335,https://www.hemnet.se/salda/lagenhet-2rum-centrum-lulea-kommun-smabatsgatan-8c-5483436926775253335,66-67m²,2026-03-14T11:54:14.383900
2319356191461464510,https://www.hemnet.se/salda/lagenhet-2rum-brunna-upplands-bro-kommun-trombonstigen-7-2319356191461464510,66-67m²,2026-03-14T11:54:14.383901
6636381269529413892,https://www.hemnet.se/salda/lagenhet-3rum-vasteras-vasteras-kommun-haga-parkgata-10b-6636381269529413892,66-67m²,2026-03-14T11:54:14.383903
2835397603869818167,https://www.hemnet.se/salda/lagenhet-2rum-sundsvall-skonsmon-sundsvalls-kommun-harmonigatan-11c-2835397603869818167,66-67m²,2026-03-14T11:54:14.383904
5072008792290440011,"https://www.hemnet.se/salda/lagenhet-2,5rum-jakobsberg-jarfalla-kommun-ekedalsvagen-11a-5072008792290440011",66-67m²,2026-03-14T11:54:14.383905
8674781680640758900,https://www.hemnet.se/salda/lagenhet-2rum-tingvallastaden-karlstads-kommun-ostra-torggatan-9-8674781680640758900,66-67m²,2026-03-14T11:54:14.383907
8018657105751180578,https://www.hemnet.se/salda/lagenhet-2rum-rud-karlstads-kommun-mossgatan-219-8018657105751180578,66-67m²,2026-03-14T11:54:14.383908
3506591501605904535,https://www.hemnet.se/salda/lagenhet-2rum-lidaker-lidkopings-kommun-harenegatan-10a-3506591501605904535,66-67m²,2026-03-14T11:54:14.383909
504037384360610940,https://www.hemnet.se/salda/lagenhet-3rum-moron-skelleftea-kommun-getbergsvagen-18-504037384360610940,66-67m²,2026-03-14T11:54:14.383911
6102959908135948653,https://www.hemnet.se/salda/lagenhet-2rum-t1-linkopings-kommun-overstegatan-30-6102959908135948653,66-67m²,2026-03-14T11:54:14.383912
5081498677017648357,https://www.hemnet.se/salda/lagenhet-3rum-stampen-goteborgs-kommun-stampgatan-68b-5081498677017648357,66-67m²,2026-03-14T11:54:14.383913
3172384798243549885,https://www.hemnet.se/salda/lagenhet-3rum-broslatt-molndals-kommun-fullblodsgatan-7a-3172384798243549885,66-67m²,2026-03-14T11:54:14.383914
907656827997680125,https://www.hemnet.se/salda/lagenhet-3rum-vasastan-city-norrmalm-stockholms-kommun-regeringsgatan-70e-907656827997680125,66-67m²,2026-03-14T11:54:14.383916
2251416359122394772,"https://www.hemnet.se/salda/lagenhet-3rum-bromma-blackeberg-stockholms-kommun-sigrid-undsets-gata-11,-2tr-2251416359122394772",66-67m²,2026-03-14T11:54:14.383918
6705896525249302642,https://www.hemnet.se/salda/lagenhet-2rum-prastslatten-karlshamns-kommun-prastslattsvagen-22-6705896525249302642,66-67m²,2026-03-14T11:54:14.383919
6022159146036604337,https://www.hemnet.se/salda/lagenhet-3rum-kortedala-goteborgs-kommun-fastlagsgatan-12-6022159146036604337,66-67m²,2026-03-14T11:54:14.383920
5596250886551633818,https://www.hemnet.se/salda/lagenhet-2rum-linnestaden-goteborgs-kommun-ovre-husargatan-5-5596250886551633818,66-67m²,2026-03-14T11:54:14.383922
4493187191645530720,https://www.hemnet.se/salda/lagenhet-3rum-bandhagen-ormkarr-stockholms-kommun-gallerstagrand-5-4493187191645530720,66-67m²,2026-03-14T11:54:14.383923
30563229021338920,https://www.hemnet.se/salda/lagenhet-3rum-sodermalm-stockholms-kommun-folkskolegatan-20-30563229021338920,66-67m²,2026-03-14T11:54:14.383924
4991112773890915083,https://www.hemnet.se/salda/lagenhet-3rum-vastra-skogen-solna-kommun-infanterigatan-7-4991112773890915083,66-67m²,2026-03-14T11:54:14.383925
8077577273782269977,https://www.hemnet.se/salda/lagenhet-3rum-ostermalm-stockholms-kommun-sibyllegatan-51-8077577273782269977,66-67m²,2026-03-14T11:54:14.383927
5914838074719132307,https://www.hemnet.se/salda/lagenhet-2rum-central-norrtalje-norrtalje-kommun-stora-brogatan-16-5914838074719132307,66-67m²,2026-03-14T11:54:14.383928
8759648207698431207,https://www.hemnet.se/salda/lagenhet-3rum-raa-helsingborgs-kommun-raavagen-94a-8759648207698431207,66-67m²,2026-03-14T11:54:14.383929
5306998788229278221,https://www.hemnet.se/salda/lagenhet-2rum-klockartorpet-vasteras-kommun-klockargatan-10a-5306998788229278221,66-67m²,2026-03-14T11:54:14.383931
8992874679737622948,https://www.hemnet.se/salda/lagenhet-2rum-rud-karlstads-kommun-mossgatan-191-8992874679737622948,66-67m²,2026-03-14T11:54:14.383932
7959989117265501516,https://www.hemnet.se/salda/lagenhet-3rum-krokslatt-molndals-kommun-dalbogatan-3c-7959989117265501516,66-67m²,2026-03-14T11:54:14.383933
4963432511471062723,https://www.hemnet.se/salda/lagenhet-2rum-annedal-goteborgs-kommun-foreningsgatan-18a-4963432511471062723,66-67m²,2026-03-14T11:54:14.383934
9115902091782891580,https://www.hemnet.se/salda/lagenhet-2rum-odal-kristianstads-kommun-fladervagen-7-9115902091782891580,66-67m²,2026-03-14T11:54:14.383935
7325333812588843825,https://www.hemnet.se/salda/lagenhet-3rum-fredriksberg-falkopings-kommun-karlebygatan-4a-7325333812588843825,66-67m²,2026-03-14T11:54:14.383937
42702526780008998,https://www.hemnet.se/salda/lagenhet-2rum-ostra-forstaden-halmstads-kommun-strandgatan-2-42702526780008998,66-67m²,2026-03-14T11:54:14.383938
2372143268302177464,"https://www.hemnet.se/salda/lagenhet-4rum-hammarbyhojden-stockholms-kommun-vanersborgsvagen-24,-3tr-2372143268302177464",66-67m²,2026-03-14T11:54:14.383939
5791409433042494722,"https://www.hemnet.se/salda/lagenhet-2rum-hammarby-sjostad-stockholms-kommun-korphoppsgatan-23,-van-5-5791409433042494722",66-67m²,2026-03-14T11:54:14.383941
7301998712635167920,https://www.hemnet.se/salda/lagenhet-3rum-hagsatra-stockholms-kommun-frovigatan-16-7301998712635167920,66-67m²,2026-03-14T11:54:14.383942
1746190776088122189,https://www.hemnet.se/salda/lagenhet-3rum-hammarby-sjostad-stockholms-kommun-rorgangargatan-17a-1746190776088122189,66-67m²,2026-03-14T11:54:14.383943
9186209460368503731,https://www.hemnet.se/salda/lagenhet-2rum-vallingby-parkstad-racksta-stockholms-kommun-jamtlandsgatan-99-9186209460368503731,66-67m²,2026-03-14T11:54:14.383945
1680595890849650567,https://www.hemnet.se/salda/lagenhet-3rum-kungsholmen-stockholms-kommun-arbetargatan-33c-1680595890849650567,66-67m²,2026-03-14T11:54:14.383946
5766348936111825778,https://www.hemnet.se/salda/lagenhet-3rum-mariastaden-helsingborgs-kommun-ekerodsgatan-28-5766348936111825778,66-67m²,2026-03-14T11:54:14.383947
1983510739758859564,https://www.hemnet.se/salda/lagenhet-3rum-bjorndammen-partille-kommun-bisittarevagen-20-1983510739758859564,66-67m²,2026-03-14T11:54:14.383948
924349351777398072,https://www.hemnet.se/salda/lagenhet-2rum-norra-tynnered-goteborgs-kommun-bergkristallsgatan-34-924349351777398072,66-67m²,2026-03-14T11:54:14.383950
4079916731448213512,https://www.hemnet.se/salda/lagenhet-2rum-sodertalje-centrum-sodertalje-kommun-ovre-villagatan-46-4079916731448213512,66-67m²,2026-03-14T11:54:14.383951
3906649189281777593,https://www.hemnet.se/salda/lagenhet-3rum-teg-umea-kommun-korpralsvagen-32b-3906649189281777593,66-67m²,2026-03-14T11:54:14.383952
2541314581902491304,https://www.hemnet.se/salda/lagenhet-3rum-mariestrand-umea-kommun-mariehemsvagen-92-2541314581902491304,66-67m²,2026-03-14T11:54:14.383953
3597258199100066902,https://www.hemnet.se/salda/lagenhet-2rum-vannas-vannas-kommun-ostra-jarnvagsgatan-30b-3597258199100066902,66-67m²,2026-03-14T11:54:14.383955
1793406790204101603,https://www.hemnet.se/salda/lagenhet-3rum-grondal-stockholms-kommun-lustigkullavagen-2-1793406790204101603,66-67m²,2026-03-14T11:54:14.383956
7610935384800609345,https://www.hemnet.se/salda/lagenhet-3rum-huskvarna-soder-jonkopings-kommun-branerydsvagen-20-7610935384800609345,66-67m²,2026-03-14T11:54:14.383957
3985233356256713333,https://www.hemnet.se/salda/lagenhet-3rum-hogsbo-goteborgs-kommun-kapplandsgatan-38-3985233356256713333,66-67m²,2026-03-14T11:54:14.383959
2861915623945155154,https://www.hemnet.se/salda/lagenhet-3rum-sodra-ekkallan-linkopings-kommun-skvadronsgatan-8-2861915623945155154,66-67m²,2026-03-14T11:54:14.383960
6157988112356196858,https://www.hemnet.se/salda/lagenhet-2rum-naset-lidingo-kommun-hognasvagen-5-6157988112356196858,66-67m²,2026-03-14T11:54:14.383961
8888895143752292075,https://www.hemnet.se/salda/lagenhet-2rum-klostergarden-lunds-kommun-blidvadersvagen-6e-8888895143752292075,66-67m²,2026-03-14T11:54:14.383963
7591008792392860552,https://www.hemnet.se/salda/lagenhet-3rum-ekhagen-jonkopings-kommun-ekhagsringen-148-7591008792392860552,66-67m²,2026-03-14T11:54:14.383964
3464044159690847436,https://www.hemnet.se/salda/lagenhet-2rum-strandvik-varmdo-kommun-gamla-skargardsvagen-8-3464044159690847436,66-67m²,2026-03-14T11:54:14.383965
4768889341805468699,https://www.hemnet.se/salda/lagenhet-2rum-odensala-ostersunds-kommun-tranbarsvagen-94-4768889341805468699,66-67m²,2026-03-14T11:54:14.383966
1415419394923175985,https://www.hemnet.se/salda/lagenhet-2rum-vasastaden-goteborgs-kommun-foreningsgatan-18b-1415419394923175985,66-67m²,2026-03-14T11:54:14.383968
7936759407845226639,"https://www.hemnet.se/salda/lagenhet-2,5rum-kungsholmen-norr-malarstrand-stockholms-kommun-pontonjargatan-43,-3tr-7936759407845226639",66-67m²,2026-03-14T11:54:14.383969
7547410753867623626,https://www.hemnet.se/salda/lagenhet-2rum-oster-nykopings-kommun-ringvagen-24-7547410753867623626,66-67m²,2026-03-14T11:54:14.383970
7132147641601621979,https://www.hemnet.se/salda/lagenhet-2rum-ladugardsangen-orebro-kommun-karlsdalsallen-38-7132147641601621979,66-67m²,2026-03-14T11:54:14.383972
7904423349443412770,https://www.hemnet.se/salda/lagenhet-2rum-marback-svedala-kommun-marbacksgatan-66-7904423349443412770,66-67m²,2026-03-14T11:54:14.383973
7322647824162486461,https://www.hemnet.se/salda/lagenhet-3rum-luthagen-uppsala-kommun-geijersgatan-38-a-7322647824162486461,66-67m²,2026-03-14T11:54:14.383974
890706810386500485,https://www.hemnet.se/salda/lagenhet-3rum-hogsbo-goteborgs-kommun-kapplandsgatan-40-890706810386500485,66-67m²,2026-03-14T11:54:14.383975
7951256069971181558,https://www.hemnet.se/salda/lagenhet-3rum-falhagen-uppsala-kommun-osterangsgatan-14-e-7951256069971181558,66-67m²,2026-03-14T11:54:14.383977
4813144108497490510,https://www.hemnet.se/salda/lagenhet-2rum-barslov-helsingborgs-kommun-fyrhogagatan-19-4813144108497490510,66-67m²,2026-03-14T11:54:14.383978
2142607798609202773,https://www.hemnet.se/salda/lagenhet-3rum-sodra-ekkallan-linkopings-kommun-bataljonsgatan-25-2142607798609202773,66-67m²,2026-03-14T11:54:14.383979
8241523582129010677,https://www.hemnet.se/salda/lagenhet-3rum-centrum-ludvika-kommun-kopmansgatan-21b-8241523582129010677,66-67m²,2026-03-14T11:54:14.383981
1076561014558576151,https://www.hemnet.se/salda/lagenhet-3rum-arsta-stockholms-kommun-svardlangsvagen-54-1076561014558576151,66-67m²,2026-03-14T11:54:14.383982
5500663631347805990,https://www.hemnet.se/salda/lagenhet-2rum-marieberg-orebro-kommun-moholmsvagen-4f-5500663631347805990,66-67m²,2026-03-14T11:54:14.383983
5079814982919973302,"https://www.hemnet.se/salda/lagenhet-2rum-vastra-skogen-solna-kommun-johan-enbergs-vag-7,-van-4-5079814982919973302",66-67m²,2026-03-14T11:54:14.383985
3953601603651944966,https://www.hemnet.se/salda/lagenhet-2rum-varpinge-lunds-kommun-ernst-wigforss-gata-15-3953601603651944966,66-67m²,2026-03-14T11:54:14.383986
7278588880996437640,https://www.hemnet.se/salda/lagenhet-2rum-sjoboskogen-ostra-berget-stromstads-kommun-ankarstigen-21-7278588880996437640,66-67m²,2026-03-14T11:54:14.383987
7640312077010085285,https://www.hemnet.se/salda/lagenhet-3rum-rorsjostaden-malmo-kommun-bellmansgatan-1-7640312077010085285,66-67m²,2026-03-14T11:54:14.383989
6732147999301131017,"https://www.hemnet.se/salda/lagenhet-2,5rum-kungsholmen-stockholms-kommun-sysslomansgatan-24-6732147999301131017",66-67m²,2026-03-14T11:54:14.383990
5275918478381186989,https://www.hemnet.se/salda/lagenhet-2rum-centralt-oster-orebro-kommun-engelbrektsgatan-15a-5275918478381186989,66-67m²,2026-03-14T11:54:14.383991
1556851631113583719,"https://www.hemnet.se/salda/lagenhet-2,5rum-ribersborg-malmo-kommun-roslins-vag-1-1556851631113583719",66-67m²,2026-03-14T11:54:14.383992
1133585674800302489,https://www.hemnet.se/salda/lagenhet-2rum-centrala-norrtalje-norrtalje-kommun-drottninggatan-3c-1133585674800302489,66-67m²,2026-03-14T11:54:14.383994
6991713170626735784,https://www.hemnet.se/salda/lagenhet-3rum-stenhagen-uppsala-kommun-opalvagen-32-6991713170626735784,66-67m²,2026-03-14T11:54:14.383995
4686224670007860350,https://www.hemnet.se/salda/lagenhet-2rum-akers-styckebruk-strangnas-kommun-kvarnbergavagen-21-4686224670007860350,66-67m²,2026-03-14T11:54:14.383996
642176931588874537,https://www.hemnet.se/salda/lagenhet-2rum-slottsstaden-malmo-kommun-skvadronsgatan-20-642176931588874537,66-67m²,2026-03-14T11:54:14.383997
5659624503048489928,https://www.hemnet.se/salda/lagenhet-3rum-hasselby-strand-stockholms-kommun-aprikosgatan-1a-5659624503048489928,66-67m²,2026-03-14T11:54:14.383999
7665720893016328292,https://www.hemnet.se/salda/lagenhet-3rum-arenastaden-solna-kommun-evenemangsgatan-34-7665720893016328292,66-67m²,2026-03-14T11:54:14.384000
7357998748273399914,https://www.hemnet.se/salda/lagenhet-3rum-nobeltorget-malmo-kommun-torekovsgatan-9a-7357998748273399914,66-67m²,2026-03-14T11:54:14.384001
6678945089108513406,https://www.hemnet.se/salda/lagenhet-2rum-sornacksta-sundsvalls-kommun-nackstavagen-54a-6678945089108513406,66-67m²,2026-03-14T11:54:14.384003
8186552362738401443,https://www.hemnet.se/salda/lagenhet-3rum-ekhagen-jonkopings-kommun-salggatan-35-8186552362738401443,66-67m²,2026-03-14T11:54:14.384004
1098293514205536493,https://www.hemnet.se/salda/lagenhet-3rum-centralt-strangnas-kommun-vippendalsvagen-10-1098293514205536493,66-67m²,2026-03-14T11:54:14.384005
7687077325954759841,https://www.hemnet.se/salda/lagenhet-2rum-villastaden-gavle-kommun-liljevagen-10-7687077325954759841,66-67m²,2026-03-14T11:54:14.384006
7537238832106385315,https://www.hemnet.se/salda/lagenhet-2rum-rydeback-helsingborgs-kommun-frosogatan-3d-7537238832106385315,66-67m²,2026-03-14T11:54:14.384008
811031175232570430,"https://www.hemnet.se/salda/lagenhet-2rum-vastra-skogen-solna-kommun-johan-enbergs-vag-9,-van-4-811031175232570430",66-67m²,2026-03-14T11:54:14.384009
3981056047548975692,https://www.hemnet.se/salda/lagenhet-3rum-biskopsgarden-goteborgs-kommun-badvadersgatan-5-3981056047548975692,66-67m²,2026-03-14T11:54:14.384010
1417695965532736154,https://www.hemnet.se/salda/lagenhet-2rum-grastorps-tatort-grastorps-kommun-badgatan-34b-1417695965532736154,66-67m²,2026-03-14T11:54:14.384012
4999310932100585383,"https://www.hemnet.se/salda/lagenhet-2,5rum-sodermalm-blecktornsparken-stockholms-kommun-blecktornsstigen-8-4999310932100585383",66-67m²,2026-03-14T11:54:14.384013
4552981201454209560,https://www.hemnet.se/salda/lagenhet-2rum-centrum-uppsala-kommun-svartbacksgatan-43e-4552981201454209560,66-67m²,2026-03-14T11:54:14.384014
8048775831036189489,"https://www.hemnet.se/salda/lagenhet-2rum-frosunda-solna-kommun-pomonagatan-3,-4-tr-8048775831036189489",66-67m²,2026-03-14T11:54:14.384016
7221661123043247395,https://www.hemnet.se/salda/lagenhet-2rum-vasastan-stockholms-kommun-norrbackagatan-44-7221661123043247395,66-67m²,2026-03-14T11:54:14.384017
5304026208304180806,https://www.hemnet.se/salda/lagenhet-2rum-savja-uppsala-kommun-vastgotaresan-73b-5304026208304180806,66-67m²,2026-03-14T11:54:14.384018
1104699953886704730,https://www.hemnet.se/salda/lagenhet-3rum-torsvik-lidingo-kommun-torsvikssvangen-7a-1104699953886704730,66-67m²,2026-03-14T11:54:14.384019
6643563206309144973,https://www.hemnet.se/salda/lagenhet-3rum-strommensberg-goteborgs-kommun-kobergsgatan-23-6643563206309144973,66-67m²,2026-03-14T11:54:14.384021
7585520727740552603,https://www.hemnet.se/salda/lagenhet-3rum-ruddalen-goteborgs-kommun-saxofongatan-12-7585520727740552603,66-67m²,2026-03-14T11:54:14.384022
1830013789489718900,"https://www.hemnet.se/salda/lagenhet-2rum-vasastan-birkastan-stockholms-kommun-norrbackagatan-27a,-1tr-1830013789489718900",66-67m²,2026-03-14T11:54:14.384023
1261121847693559531,https://www.hemnet.se/salda/lagenhet-3rum-mariastaden-helsingborgs-kommun-ekerodsgatan-28-1261121847693559531,66-67m²,2026-03-14T11:54:14.384024
3960831515378615796,https://www.hemnet.se/salda/lagenhet-3rum-ekhagen-jonkopings-kommun-ekhagsringen-152-3960831515378615796,66-67m²,2026-03-14T11:54:14.384026
4525515139388187109,"https://www.hemnet.se/salda/lagenhet-2,5rum-hoganas-centrum-uppsala-kommun-storgatan-22c-4525515139388187109",66-67m²,2026-03-14T11:54:14.384027
5113964057982059844,https://www.hemnet.se/salda/lagenhet-2rum-centralt-norr-gavle-kommun-norra-centralgatan-9-5113964057982059844,66-67m²,2026-03-14T11:54:14.384028
3163172663174097015,https://www.hemnet.se/salda/lagenhet-2rum-sannegardshamnen-goteborgs-kommun-barken-beatrices-gata-8-3163172663174097015,66-67m²,2026-03-14T11:54:14.384030
7430980836130018667,https://www.hemnet.se/salda/lagenhet-3rum-bagaregarden-goteborgs-kommun-storkgatan-7d-7430980836130018667,66-67m²,2026-03-14T11:54:14.384031
8433410332771511911,https://www.hemnet.se/salda/lagenhet-2rum-sandsbro-vaxjo-kommun-akervagen-11b-8433410332771511911,66-67m²,2026-03-14T11:54:14.384032
5008245701926671224,"https://www.hemnet.se/salda/lagenhet-3rum-bagarmossen-stockholms-kommun-emagatan-16,-3tr-5008245701926671224",66-67m²,2026-03-14T11:54:14.384033
7407091502993282243,https://www.hemnet.se/salda/lagenhet-2rum-ersboda-umea-kommun-stavgrand-27-7407091502993282243,66-67m²,2026-03-14T11:54:14.384035
2397423314613953488,https://www.hemnet.se/salda/lagenhet-2rum-borgholm-borgholms-kommun-torsgatan-80-2397423314613953488,66-67m²,2026-03-14T11:54:14.384036
8718546275067503205,https://www.hemnet.se/salda/lagenhet-2rum-hassleholm-ljungdala-hassleholms-kommun-trebackalanggatan-88-8718546275067503205,66-67m²,2026-03-14T11:54:14.384037
1671377003414904294,https://www.hemnet.se/salda/lagenhet-2rum-hallonbergen-sundbybergs-kommun-lotsjovagen-57-1671377003414904294,66-67m²,2026-03-14T11:54:14.384038
844850662512421387,"https://www.hemnet.se/salda/lagenhet-2,5rum-bagaregarden-goteborgs-kommun-ovre-olskroksgatan-30-844850662512421387",66-67m²,2026-03-14T11:54:14.384040
4029544231507203356,https://www.hemnet.se/salda/lagenhet-2rum-vasastan-stockholms-kommun-tegnergatan-10-4029544231507203356,66-67m²,2026-03-14T11:54:14.384041
1232177566068338493,https://www.hemnet.se/salda/lagenhet-4rum-stoten-malung-salens-kommun-trivselvagen-13a-1232177566068338493,66-67m²,2026-03-14T11:54:14.384042
4341355355268113620,https://www.hemnet.se/salda/lagenhet-3rum-lilla-essingen-kungsholmen-stockholms-kommun-luxgatan-9-4341355355268113620,66-67m²,2026-03-14T11:54:14.384044
3130562221060812580,https://www.hemnet.se/salda/lagenhet-3rum-johanneberg-goteborgs-kommun-fyrverkaregatan-5c-3130562221060812580,66-67m²,2026-03-14T11:54:14.384045
7815126372007819820,https://www.hemnet.se/salda/lagenhet-3rum-eriksberg-goteborgs-kommun-astris-gata-80-7815126372007819820,66-67m²,2026-03-14T11:54:14.384046
4078309357689723549,https://www.hemnet.se/salda/lagenhet-2rum-fjallmon-ostersunds-kommun-valadalsgrand-13-4078309357689723549,66-67m²,2026-03-14T11:54:14.384047
6676558824870679315,https://www.hemnet.se/salda/lagenhet-2rum-kapellgardet-uppsala-kommun-vattholmavagen-4b-6676558824870679315,66-67m²,2026-03-14T11:54:14.384049
1005758204079122593,https://www.hemnet.se/salda/lagenhet-2rum-centrum-vasteras-kommun-domkyrkoesplanaden-7b-1005758204079122593,66-67m²,2026-03-14T11:54:14.384050
5991267536955289391,https://www.hemnet.se/salda/lagenhet-3rum-ostermalm-stockholms-kommun-wittstocksgatan-2-5991267536955289391,66-67m²,2026-03-14T11:54:14.384051
6260309391790200656,https://www.hemnet.se/salda/lagenhet-2rum-brandbergen-haninge-kommun-lejonets-gata-386-6260309391790200656,66-67m²,2026-03-14T11:54:14.384052
5226032207274069376,https://www.hemnet.se/salda/lagenhet-2rum-odenslund-ostersunds-kommun-allegatan-18b-5226032207274069376,66-67m²,2026-03-14T11:54:14.384054
3912731163181325297,"https://www.hemnet.se/salda/lagenhet-2,5rum-kungholmen-stockholms-kommun-kaplansbacken-5,-1,5-tr-van-2-3912731163181325297",66-67m²,2026-03-14T11:54:14.384055
8828390871079209736,https://www.hemnet.se/salda/lagenhet-3rum-hogsbo-goteborgs-kommun-kapplandsgatan-86-8828390871079209736,66-67m²,2026-03-14T11:54:14.384056
7025018659418390760,https://www.hemnet.se/salda/lagenhet-3rum-getberget-skelleftea-kommun-getbergsvagen-20-7025018659418390760,66-67m²,2026-03-14T11:54:14.384057
7592645155967517947,https://www.hemnet.se/salda/lagenhet-2rum-hornstull-stockholms-kommun-heleneborgsgatan-24-7592645155967517947,66-67m²,2026-03-14T11:54:14.384058
9180924779170065833,https://www.hemnet.se/salda/lagenhet-2rum-sundsvall-skonsmon-sundsvalls-kommun-fridhemsgatan-94e-9180924779170065833,66-67m²,2026-03-14T11:54:14.384060
1030168173666872462,https://www.hemnet.se/salda/lagenhet-3rum-havslatt-oskarshamns-kommun-ekorrvagen-11e-1030168173666872462,66-67m²,2026-03-14T11:54:14.384061
5209234433077278504,https://www.hemnet.se/salda/lagenhet-2rum-kallkallan-lulea-kommun-lingonstigen-7-5209234433077278504,66-67m²,2026-03-14T11:54:14.384062
1902659114208885071,https://www.hemnet.se/salda/lagenhet-3rum-brynas-gavle-kommun-sodra-fiskargatan-6b-1902659114208885071,66-67m²,2026-03-14T11:54:14.384064
5328173603205619016,https://www.hemnet.se/salda/lagenhet-2rum-porslinskvarteren-varmdo-kommun-wilhelm-kages-gata-96-5328173603205619016,66-67m²,2026-03-14T11:54:14.384065
4616115417346014302,https://www.hemnet.se/salda/lagenhet-2rum-enskede-stockholms-kommun-enskedevagen-168-4616115417346014302,66-67m²,2026-03-14T11:54:14.384066
3180217466364280482,https://www.hemnet.se/salda/lagenhet-2rum-loten-uppsala-kommun-bellmansgatan-52-3180217466364280482,66-67m²,2026-03-14T11:54:14.384067
9100436091692402964,https://www.hemnet.se/salda/lagenhet-3rum-sodra-omradet-kalmar-kommun-falkenbergsvagen-27-9100436091692402964,66-67m²,2026-03-14T11:54:14.384069
666019571840555834,https://www.hemnet.se/salda/lagenhet-2rum-backby-vasteras-kommun-valljarnsgatan-486-666019571840555834,66-67m²,2026-03-14T11:54:14.384070
5190846630726700409,https://www.hemnet.se/salda/lagenhet-3rum-gamla-stan-lidkopings-kommun-vandgatan-1a-5190846630726700409,66-67m²,2026-03-14T11:54:14.384071
1291891087084313646,"https://www.hemnet.se/salda/lagenhet-3rum-midsommarkransen-telefonplan-stockholms-kommun-midsommargrand-10,-3-tr-1291891087084313646",66-67m²,2026-03-14T11:54:14.384073
7165665796556284973,https://www.hemnet.se/salda/lagenhet-2rum-kungsholmen-stockholms-kommun-sven-rinmans-gata-4-7165665796556284973,66-67m²,2026-03-14T11:54:14.384074
1464343043261144853,"https://www.hemnet.se/salda/lagenhet-3rum-hammarby-sjostad-stockholms-kommun-henriksdalsallen-31,-4tr-1464343043261144853",66-67m²,2026-03-14T11:54:14.384075
5412591415202252951,https://www.hemnet.se/salda/lagenhet-3rum-hogsbo-goteborgs-kommun-kapplandsgatan-104-5412591415202252951,66-67m²,2026-03-14T11:54:14.384077
3666455712412822485,"https://www.hemnet.se/salda/lagenhet-3rum-hagernas-taby-kommun-radarvagen-15,-van-12-3666455712412822485",66-67m²,2026-03-14T11:54:14.384078
4694842860842783336,https://www.hemnet.se/salda/lagenhet-2rum-odenslund-ostersunds-kommun-allegatan-28-o-4694842860842783336,66-67m²,2026-03-14T11:54:14.384079
3249990962806206125,https://www.hemnet.se/salda/lagenhet-2rum-linnestaden-goteborgs-kommun-prinsgatan-4b-3249990962806206125,66-67m²,2026-03-14T11:54:14.384081
1590286192018074038,https://www.hemnet.se/salda/lagenhet-2rum-vallas-halmstads-kommun-kornhillsvagen-25b-1590286192018074038,66-67m²,2026-03-14T11:54:14.384082
5586129970882867935,https://www.hemnet.se/salda/lagenhet-2rum-lunden-goteborgs-kommun-wrangels-trappgata-14-5586129970882867935,66-67m²,2026-03-14T11:54:14.384083
6644143509804923474,https://www.hemnet.se/salda/lagenhet-2rum-vasastaden-skovde-kommun-algstigen-1b-6644143509804923474,66-67m²,2026-03-14T11:54:14.384085
6909236076920159701,https://www.hemnet.se/salda/lagenhet-3rum-jarvastaden-solna-kommun-fridensborgsvagen-40-6909236076920159701,66-67m²,2026-03-14T11:54:14.384086
6758608390138779591,https://www.hemnet.se/salda/lagenhet-4rum-bollstanas-upplands-vasby-kommun-sommarvagen-31b-6758608390138779591,66-67m²,2026-03-14T11:54:14.384088
1662426699477004428,https://www.hemnet.se/salda/lagenhet-2rum-huddinge-centrum-huddinge-kommun-patron-pehrs-vag-22-1662426699477004428,66-67m²,2026-03-14T11:54:14.384089
3303869522430068210,https://www.hemnet.se/salda/lagenhet-2rum-centrala-nynashamn-nynashamns-kommun-odins-vag-16-3303869522430068210,66-67m²,2026-03-14T11:54:14.384090
8463571737332588543,https://www.hemnet.se/salda/lagenhet-3rum-bredsand-enkopings-kommun-korvettvagen-18f-8463571737332588543,66-67m²,2026-03-14T11:54:14.384092
8482932265281944570,https://www.hemnet.se/salda/lagenhet-3rum-centralt-sundsvalls-kommun-storgatan-52-a-8482932265281944570,66-67m²,2026-03-14T11:54:14.384093
2666594047918339074,https://www.hemnet.se/salda/lagenhet-2rum-hallonbergen-sundbybergs-kommun-bergshojden-16-2666594047918339074,66-67m²,2026-03-14T11:54:14.384094
5961672094122249533,https://www.hemnet.se/salda/lagenhet-2rum-vaster-lunds-kommun-trastvagen-8-5961672094122249533,66-67m²,2026-03-14T11:54:14.384096
5437870455840508168,https://www.hemnet.se/salda/lagenhet-2rum-centrum-uppsala-kommun-kungsgatan-52d-5437870455840508168,66-67m²,2026-03-14T11:54:14.384097
194304116320704972,https://www.hemnet.se/salda/lagenhet-3rum-mariehojd-umea-kommun-skarvstensgatan-52-194304116320704972,66-67m²,2026-03-14T11:54:14.384098
929083421644992994,https://www.hemnet.se/salda/lagenhet-2rum-vasastan-stockholms-kommun-vastmannagatan-29b-929083421644992994,66-67m²,2026-03-14T11:54:14.384100
7882890644551628394,https://www.hemnet.se/salda/lagenhet-2rum-oster-nykopings-kommun-ringvagen-22-7882890644551628394,66-67m²,2026-03-14T11:54:14.384101
3354521898003584832,https://www.hemnet.se/salda/lagenhet-2rum-johanneberg-goteborgs-kommun-vidblicksgatan-3-3354521898003584832,66-67m²,2026-03-14T11:54:14.384102
5003189230644646201,https://www.hemnet.se/salda/lagenhet-2rum-sjobo-boras-kommun-tomtegatan-19c-5003189230644646201,66-67m²,2026-03-14T11:54:14.384103
7762054270261462592,https://www.hemnet.se/salda/lagenhet-3rum-centralt-sandvikens-kommun-gavlevagen-57c-7762054270261462592,66-67m²,2026-03-14T11:54:14.384104
260230213010887067,https://www.hemnet.se/salda/lagenhet-3rum-centrum-halmstads-kommun-jesper-digsmedsgatan-29-260230213010887067,66-67m²,2026-03-14T11:54:14.384106
240763900102530925,https://www.hemnet.se/salda/lagenhet-3rum-bromma-blackeberg-stockholms-kommun-sigrid-undsets-gata-15-240763900102530925,66-67m²,2026-03-14T11:54:14.384107
1144471066492612168,https://www.hemnet.se/salda/lagenhet-3rum-kungsholmen-stockholms-kommun-fleminggatan-40e-1144471066492612168,66-67m²,2026-03-14T11:54:14.384108
2385407410156133097,"https://www.hemnet.se/salda/lagenhet-2rum-vasastan-city-norrmalm-stockholms-kommun-regeringsgatan-70-a,-3tr-2385407410156133097",66-67m²,2026-03-14T11:54:14.384110
8251838234785391306,https://www.hemnet.se/salda/lagenhet-3rum-alsike-knivsta-kommun-morangatan-52-a-8251838234785391306,66-67m²,2026-03-14T11:54:14.384111
3492308231754117838,"https://www.hemnet.se/salda/lagenhet-3rum-lilla-essingen-kungsholmen-stockholms-kommun-essinge-brogata-5,-van-2-3492308231754117838",66-67m²,2026-03-14T11:54:14.384112
7882499035795073848,https://www.hemnet.se/salda/lagenhet-2rum-ektorp-norrkopings-kommun-spjutgatan-40-7882499035795073848,66-67m²,2026-03-14T11:54:14.384114
8735489515300262444,https://www.hemnet.se/salda/lagenhet-3rum-kungsholmen-stockholms-kommun-pipersgatan-26-8735489515300262444,66-67m²,2026-03-14T11:54:14.384115
5936756845315795014,https://www.hemnet.se/salda/lagenhet-2rum-huskvarna-fagerslatt-jonkopings-kommun-varnhemsvagen-20-5936756845315795014,66-67m²,2026-03-14T11:54:14.384116
3495320167201001598,https://www.hemnet.se/salda/lagenhet-2rum-prastslatten-karlshamns-kommun-prastslattsvagen-6-3495320167201001598,66-67m²,2026-03-14T11:54:14.384117
3415016398475767981,https://www.hemnet.se/salda/lagenhet-3rum-ostermalm-stockholms-kommun-lill-jans-plan-8-3415016398475767981,66-67m²,2026-03-14T11:54:14.384119
881803199244979900,https://www.hemnet.se/salda/lagenhet-2rum-nacksta-sundsvalls-kommun-nackstavagen-28c-881803199244979900,66-67m²,2026-03-14T11:54:14.384120
7279276194242951150,https://www.hemnet.se/salda/lagenhet-3rum-centrum-uppsala-kommun-kungsgatan-7-b-7279276194242951150,66-67m²,2026-03-14T11:54:14.384121
7166766205327664740,https://www.hemnet.se/salda/lagenhet-2rum-rasunda-solna-kommun-uppfartsvagen-7-7166766205327664740,66-67m²,2026-03-14T11:54:14.384123
6464211505527648668,https://www.hemnet.se/salda/lagenhet-2rum-huvudsta-solna-kommun-polhemsgatan-3-6464211505527648668,66-67m²,2026-03-14T11:54:14.384124
1739120122477511460,https://www.hemnet.se/salda/lagenhet-3rum-sjolunda-lidkopings-kommun-formansvagen-15a-1739120122477511460,66-67m²,2026-03-14T11:54:14.384125
7493275456622071556,https://www.hemnet.se/salda/lagenhet-2rum-heby-heby-kommun-harvstavagen-5a-7493275456622071556,66-67m²,2026-03-14T11:54:14.384126
6317331428217717002,https://www.hemnet.se/salda/lagenhet-3rum-centralt-knivsta-kommun-tallkottsvagen-15b-6317331428217717002,66-67m²,2026-03-14T11:54:14.384128
265058276337587461,https://www.hemnet.se/salda/lagenhet-2rum-nacka-nacka-kommun-ostra-finnbodavagen-13a-265058276337587461,66-67m²,2026-03-14T11:54:14.384129
1448868659369858134,https://www.hemnet.se/salda/lagenhet-2rum-bagaregarden-goteborgs-kommun-kungalvsgatan-3b-1448868659369858134,66-67m²,2026-03-14T11:54:14.384130
2392610749428815504,https://www.hemnet.se/salda/lagenhet-2rum-haga-goteborgs-kommun-skolgatan-12-2392610749428815504,66-67m²,2026-03-14T11:54:14.384131
3944659162906257221,https://www.hemnet.se/salda/lagenhet-2rum-mellringe-orebro-kommun-irisgatan-30-3944659162906257221,66-67m²,2026-03-14T11:54:14.384133
4142626371991096833,https://www.hemnet.se/salda/lagenhet-3rum-solberga-hagersten-stockholms-kommun-kristallvagen-117-4142626371991096833,66-67m²,2026-03-14T11:54:14.384134
5440912759377341761,https://www.hemnet.se/salda/lagenhet-2rum-forshaga-forshaga-kommun-varvsgatan-17a-5440912759377341761,66-67m²,2026-03-14T11:54:14.384135
4599791138733134712,"https://www.hemnet.se/salda/lagenhet-2rum-centralt,-strommen-norrkopings-kommun-vattengatan-3-4599791138733134712",66-67m²,2026-03-14T11:54:14.384136
8706276037957026636,https://www.hemnet.se/salda/lagenhet-2rum-timra-timra-kommun-bryggargatan-3d-8706276037957026636,66-67m²,2026-03-14T11:54:14.384138
4060370225083790089,https://www.hemnet.se/salda/lagenhet-3rum-hogdalen-stockholms-kommun-rangstagatan-18-4060370225083790089,66-67m²,2026-03-14T11:54:14.384139
4297447665823249038,https://www.hemnet.se/salda/lagenhet-2rum-centrum-trollhattans-kommun-kungsgatan-64-4297447665823249038,66-67m²,2026-03-14T11:54:14.384140
8879141409076606555,https://www.hemnet.se/salda/lagenhet-2rum-tyringe-hassleholms-kommun-stenbocksgatan-15c-8879141409076606555,66-67m²,2026-03-14T11:54:14.384141
8400256077284525375,https://www.hemnet.se/salda/lagenhet-3rum-stocksund-inverness-danderyds-kommun-klostervagen-1b-8400256077284525375,66-67m²,2026-03-14T11:54:14.384143
6291327112592230012,https://www.hemnet.se/salda/lagenhet-2rum-palsjo-helsingborgs-kommun-senderodsvagen-21-6291327112592230012,66-67m²,2026-03-14T11:54:14.384144
665043974780501011,https://www.hemnet.se/salda/lagenhet-3rum-habo-habo-kommun-kostigen-15-665043974780501011,66-67m²,2026-03-14T11:54:14.384145
6633923910916242255,https://www.hemnet.se/salda/lagenhet-3rum-johannelund-linkopings-kommun-odegardsgatan-12-6633923910916242255,66-67m²,2026-03-14T11:54:14.384146
1383557561082959752,https://www.hemnet.se/salda/lagenhet-3rum-centralt-ostersunds-kommun-kopmangatan-46c-1383557561082959752,66-67m²,2026-03-14T11:54:14.384148
6243302877269926669,https://www.hemnet.se/salda/lagenhet-3rum-aby-molndals-kommun-fullblodsgatan-5b-6243302877269926669,66-67m²,2026-03-14T11:54:14.384149
8485178645691086971,https://www.hemnet.se/salda/lagenhet-3rum-vasastan-stockholms-kommun-frejgatan-57-8485178645691086971,66-67m²,2026-03-14T11:54:14.384150
7155628462549238756,https://www.hemnet.se/salda/lagenhet-3rum-erikslust-malmo-kommun-torupsgatan-1h-7155628462549238756,66-67m²,2026-03-14T11:54:14.384151
3521690411666163762,"https://www.hemnet.se/salda/lagenhet-2rum-tibble-kungsangen-upplands-bro-kommun-hallonvagen-86,-2tr-3521690411666163762",66-67m²,2026-03-14T11:54:14.384152
5628823242092713278,https://www.hemnet.se/salda/lagenhet-2rum-centrum-halmstads-kommun-norra-vagen-26-5628823242092713278,66-67m²,2026-03-14T11:54:14.384154
8511226953407169187,https://www.hemnet.se/salda/lagenhet-2rum-norrgarden-vallentuna-kommun-norrgarden-55-8511226953407169187,66-67m²,2026-03-14T11:54:14.384155
1858959946440952844,https://www.hemnet.se/salda/lagenhet-3rum-edsberg-sollentuna-kommun-kruthornsvagen-36-1858959946440952844,66-67m²,2026-03-14T11:54:14.384156
2871445131172331816,https://www.hemnet.se/salda/lagenhet-3rum-pildammarna-malmo-kommun-roskildevagen-27a-2871445131172331816,66-67m²,2026-03-14T11:54:14.384157
7106976922261847252,https://www.hemnet.se/salda/lagenhet-3rum-centrum-sala-kommun-hyttgatan-27-7106976922261847252,66-67m²,2026-03-14T11:54:14.384159
1513969796555416767,https://www.hemnet.se/salda/lagenhet-3rum-skonsberg-sundsvalls-kommun-tjadervagen-7-1513969796555416767,66-67m²,2026-03-14T11:54:14.384160
5860440225743408410,"https://www.hemnet.se/salda/lagenhet-2rum-hammarby-sjostad-stockholms-kommun-rorgangargatan-17a,-5tr-5860440225743408410",66-67m²,2026-03-14T11:54:14.384161
8101421171786240867,https://www.hemnet.se/salda/lagenhet-3rum-torpa-jonkopings-kommun-kungsgatan-21-8101421171786240867,66-67m²,2026-03-14T11:54:14.384162
1014064669635751672,"https://www.hemnet.se/salda/lagenhet-2rum-vasastan-stockholms-kommun-dobelnsgatan-89,-4tr-1014064669635751672",66-67m²,2026-03-14T11:54:14.384163
7402602840409933383,https://www.hemnet.se/salda/lagenhet-2rum-jarfalla-jarfalla-kommun-anton-johanssons-vag-2-7402602840409933383,66-67m²,2026-03-14T11:54:14.384165
2444622327085449505,https://www.hemnet.se/salda/lagenhet-2rum-linne-goteborgs-kommun-andra-langgatan-32-2444622327085449505,66-67m²,2026-03-14T11:54:14.384166
5254712758180796270,https://www.hemnet.se/salda/lagenhet-2rum-fullersta-huddinge-kommun-britas-grand-4-5254712758180796270,66-67m²,2026-03-14T11:54:14.384167
2656022466591751986,"https://www.hemnet.se/salda/lagenhet-3rum-grondal-stockholms-kommun-grondalsvagen-141,-1tr-2656022466591751986",66-67m²,2026-03-14T11:54:14.384169
3756685764647343431,https://www.hemnet.se/salda/lagenhet-3rum-norrstrand-karlstads-kommun-ulvsbygatan-33-3756685764647343431,66-67m²,2026-03-14T11:54:14.384170
8440696971978074354,https://www.hemnet.se/salda/lagenhet-2rum-kopingebro-ystads-kommun-vigavagen-29-8440696971978074354,66-67m²,2026-03-14T11:54:14.384171
550409426375696921,https://www.hemnet.se/salda/lagenhet-2rum-bifrost-molndals-kommun-pinnharvsgatan-6e-550409426375696921,66-67m²,2026-03-14T11:54:14.384172
5819926523528102080,"https://www.hemnet.se/salda/lagenhet-2,5rum-hoganas-uppsala-kommun-s-t-olofsgatan-56b-5819926523528102080",66-67m²,2026-03-14T11:54:14.384173
7810556209788187356,https://www.hemnet.se/salda/lagenhet-3rum-mariehem-umea-kommun-mariehemsvagen-90-7810556209788187356,66-67m²,2026-03-14T11:54:14.384175
1120359973145827834,https://www.hemnet.se/salda/lagenhet-3rum-grondal-stockholms-kommun-grondalsvagen-23-1120359973145827834,66-67m²,2026-03-14T11:54:14.384176
8654387244872095980,"https://www.hemnet.se/salda/lagenhet-3,5rum-enskededalen-stockholms-kommun-kyrkogardsvagen-83-8654387244872095980",66-67m²,2026-03-14T11:54:14.384177
3162673480223535598,https://www.hemnet.se/salda/lagenhet-3rum-mariehem-umea-kommun-mariehemsvagen-92-3162673480223535598,66-67m²,2026-03-14T11:54:14.384179
4475673577846161042,https://www.hemnet.se/salda/lagenhet-3rum-lilla-fjellsholmen-kungalvs-kommun-lilla-fjellsholmen-170-4475673577846161042,66-67m²,2026-03-14T11:54:14.384180
6182445143825476286,https://www.hemnet.se/salda/lagenhet-3rum-vega-haninge-kommun-gaffelseglet-33-6182445143825476286,66-67m²,2026-03-14T11:54:14.384181
8898592762156123301,https://www.hemnet.se/salda/lagenhet-3rum-soderkulla-malmo-kommun-berguvsgatan-3c-8898592762156123301,66-67m²,2026-03-14T11:54:14.384183
6432696050844321610,https://www.hemnet.se/salda/lagenhet-3rum-ruddalen-goteborgs-kommun-klarinettgatan-19-6432696050844321610,66-67m²,2026-03-14T11:54:14.384184
8654782058344696951,https://www.hemnet.se/salda/lagenhet-3rum-osterhaninge-haninge-kommun-tvillingarnas-gata-333-8654782058344696951,66-67m²,2026-03-14T11:54:14.384185
7512025497862869343,"https://www.hemnet.se/salda/lagenhet-2,5rum-brandbergen-haninge-kommun-tvillingarnas-gata-332-7512025497862869343",66-67m²,2026-03-14T11:54:14.384186
175057941497443335,https://www.hemnet.se/salda/lagenhet-2rum-olskroken-goteborgs-kommun-lagerstromsplatsen-4-175057941497443335,66-67m²,2026-03-14T11:54:14.384188
5080544743004580273,https://www.hemnet.se/salda/lagenhet-2rum-rasunda-solna-kommun-lovgatan-56-5080544743004580273,66-67m²,2026-03-14T11:54:14.384189
6209610614580059838,https://www.hemnet.se/salda/lagenhet-2rum-thorildsplan-stockholms-kommun-drottningholmsvagen-72-6209610614580059838,66-67m²,2026-03-14T11:54:14.384190
5374864662582322264,https://www.hemnet.se/salda/lagenhet-3rum-fredriksskans-kalmar-kommun-fredriksskanstorget-1-5374864662582322264,66-67m²,2026-03-14T11:54:14.384192
2625941550164642500,https://www.hemnet.se/salda/lagenhet-2rum-tagaborg-helsingborgs-kommun-palsjogatan-7-2625941550164642500,66-67m²,2026-03-14T11:54:14.384193
5355252889985398805,https://www.hemnet.se/salda/lagenhet-3rum-visby-terra-nova-gotlands-kommun-terra-novavagen-112-5355252889985398805,66-67m²,2026-03-14T11:54:14.384194
466994733153423799,https://www.hemnet.se/salda/lagenhet-3rum-storskogen-sundbybergs-kommun-fagelsangen-2a-466994733153423799,66-67m²,2026-03-14T11:54:14.384196
729297964274524211,https://www.hemnet.se/salda/lagenhet-2rum-noltorp-alingsas-kommun-lovskogsgatan-32-729297964274524211,66-67m²,2026-03-14T11:54:14.384197
5507729486366078647,https://www.hemnet.se/salda/lagenhet-3rum-erikslust-malmo-kommun-erikslustvagen-36c-5507729486366078647,66-67m²,2026-03-14T11:54:14.384198
6009219040364871792,https://www.hemnet.se/salda/lagenhet-3rum-bellman-uppsala-kommun-bellmansgatan-26-6009219040364871792,66-67m²,2026-03-14T11:54:14.384199
917487315647438877,"https://www.hemnet.se/salda/lagenhet-3rum-biskopsgarden-goteborgs-kommun-badvadersgatan-3,-vaning-5-917487315647438877",66-67m²,2026-03-14T11:54:14.384201
2050182135673177135,https://www.hemnet.se/salda/lagenhet-3rum-spanga-solhem-stockholms-kommun-bennebolsgatan-34-2050182135673177135,66-67m²,2026-03-14T11:54:14.384202
3075679112571291512,https://www.hemnet.se/salda/lagenhet-2rum-vasastaden-goteborgs-kommun-karl-gustavsgatan-31-3075679112571291512,66-67m²,2026-03-14T11:54:14.384203
1001713684052547471,https://www.hemnet.se/salda/lagenhet-2rum-linne-goteborgs-kommun-linnegatan-43-1001713684052547471,66-67m²,2026-03-14T11:54:14.384205
2589977824900973891,https://www.hemnet.se/salda/lagenhet-2rum-savja-uppsala-kommun-vastgotaresan-42b-2589977824900973891,66-67m²,2026-03-14T11:54:14.384206
4000758507703864953,https://www.hemnet.se/salda/lagenhet-2rum-korsta-ortviken-sundsvalls-kommun-korstavagen2c-4000758507703864953,66-67m²,2026-03-14T11:54:14.384207
3749986530984115349,https://www.hemnet.se/salda/lagenhet-2rum-vasastan-stockholms-kommun-vanadisvagen-11a-3749986530984115349,66-67m²,2026-03-14T11:54:14.384208
3792331613729871920,https://www.hemnet.se/salda/lagenhet-3rum-lerum-centralt-lerums-kommun-haegerstroms-vag-5-3792331613729871920,66-67m²,2026-03-14T11:54:14.384210
6652400010755543814,https://www.hemnet.se/salda/lagenhet-2rum-tibble-upplands-bro-kommun-bjornbarsstigen-24-6652400010755543814,66-67m²,2026-03-14T11:54:14.384211
3239089836392164053,https://www.hemnet.se/salda/lagenhet-3rum-villan-angelholms-kommun-fricksgatan-1d-3239089836392164053,66-67m²,2026-03-14T11:54:14.384212
7564110101829834850,"https://www.hemnet.se/salda/lagenhet-2,5rum-gottsunda-uppsala-kommun-vackra-birgers-vag-59-7564110101829834850",66-67m²,2026-03-14T11:54:14.384214
8196792159771728133,https://www.hemnet.se/salda/lagenhet-3rum-hogsbo-goteborgs-kommun-kapplandsgatan-80-8196792159771728133,66-67m²,2026-03-14T11:54:14.384215
5063119659276436668,https://www.hemnet.se/salda/lagenhet-3rum-djursholm-danderyds-kommun-lillkalmarvagen-11-5063119659276436668,66-67m²,2026-03-14T11:54:14.384216
1986023807473870867,https://www.hemnet.se/salda/lagenhet-3rum-hammarby-sjostad-stockholms-kommun-aktergatan-5-1986023807473870867,66-67m²,2026-03-14T11:54:14.384217
116967624648410620,https://www.hemnet.se/salda/lagenhet-3rum-molndal-stallbacken-molndals-kommun-aby-alle-29-116967624648410620,66-67m²,2026-03-14T11:54:14.384219
2093081370542057533,https://www.hemnet.se/salda/lagenhet-3rum-haljarp-landskrona-kommun-lilla-byvagen-2d-2093081370542057533,66-67m²,2026-03-14T11:54:14.384220
3295106002068647943,https://www.hemnet.se/salda/lagenhet-2rum-munksund-pitea-kommun-torpglantestigen-5-3295106002068647943,66-67m²,2026-03-14T11:54:14.384221
5856310477359852263,"https://www.hemnet.se/salda/lagenhet-2rum-barkarbystaden-jarfalla-kommun-drakengatan-7,-van,-4-4-5856310477359852263",66-67m²,2026-03-14T11:54:14.384223
3966965254269511583,https://www.hemnet.se/salda/lagenhet-2rum-tagaborg-helsingborgs-kommun-karl-x-gustavs-gata-25b-3966965254269511583,66-67m²,2026-03-14T11:54:14.384224
3295766823505710449,https://www.hemnet.se/salda/lagenhet-2rum-herrhagen-karlstads-kommun-sveagatan-14-3295766823505710449,66-67m²,2026-03-14T11:54:14.384225
2657716852604583766,https://www.hemnet.se/salda/lagenhet-2rum-fridhem-angelholms-kommun-trapetsgatan-2c-2657716852604583766,66-67m²,2026-03-14T11:54:14.384226
8026012691328332277,https://www.hemnet.se/salda/lagenhet-2rum-centrala-vaxholm-vaxholms-kommun-pilgatan-6a-8026012691328332277,66-67m²,2026-03-14T11:54:14.384229
8212786092518499932,https://www.hemnet.se/salda/lagenhet-4rum-vasastan-stockholms-kommun-roslagsgatan-19b-8212786092518499932,66-67m²,2026-03-14T11:54:14.384230
6786164833808050570,https://www.hemnet.se/salda/lagenhet-3rum-vannas-vannas-kommun-tjarngatan-13b-6786164833808050570,66-67m²,2026-03-14T11:54:14.384231
7276788296444567725,https://www.hemnet.se/salda/lagenhet-3rum-lerum-lerums-kommun-riddarstenshojden-6-7276788296444567725,66-67m²,2026-03-14T11:54:14.384232
847286936252547392,https://www.hemnet.se/salda/lagenhet-2rum-trosa-centralt-trosa-kommun-mejselgrand-8-847286936252547392,66-67m²,2026-03-14T11:54:14.384234
2486059074731127189,https://www.hemnet.se/salda/lagenhet-2rum-kungsholmen-stockholms-kommun-drottningholmsvagen-9-2486059074731127189,66-67m²,2026-03-14T11:54:14.384235
1097412439030527207,https://www.hemnet.se/salda/lagenhet-2rum-centralt-galgberget-halmstads-kommun-norra-vagen-20-1097412439030527207,66-67m²,2026-03-14T11:54:14.384236
3247122566774277825,https://www.hemnet.se/salda/lagenhet-3rum-centrum-sala-kommun-tradgardsgatan-20-3247122566774277825,66-67m²,2026-03-14T11:54:14.384237
2741797267270617659,https://www.hemnet.se/salda/lagenhet-2rum-johanneberg-goteborgs-kommun-ornehufvudsgatan-1-2741797267270617659,66-67m²,2026-03-14T11:54:14.384239
6253169937503209902,https://www.hemnet.se/salda/lagenhet-3rum-vallingby-parkstad-racksta-stockholms-kommun-jamtlandsgatan-97-6253169937503209902,66-67m²,2026-03-14T11:54:14.384240
6873500216613673849,https://www.hemnet.se/salda/lagenhet-2rum-klostergarden-lunds-kommun-blidvadersvagen-6e-6873500216613673849,66-67m²,2026-03-14T11:54:14.384241
1372653139357137955,https://www.hemnet.se/salda/lagenhet-2rum-trosa-trosa-kommun-mejselgrand-12-1372653139357137955,66-67m²,2026-03-14T11:54:14.384242
6829821473561417453,https://www.hemnet.se/salda/lagenhet-3rum-vastermalm-skovde-kommun-alstromersgatan-5-6829821473561417453,66-67m²,2026-03-14T11:54:14.384244
8430822442083118639,"https://www.hemnet.se/salda/lagenhet-3rum-bandhagen-stockholms-kommun-kallforsvagen-43,-1-tr-8430822442083118639",66-67m²,2026-03-14T11:54:14.384260
1611360813935882037,https://www.hemnet.se/salda/lagenhet-3rum-kolsva-kopings-kommun-bergslagsvagen-117c-1611360813935882037,66-67m²,2026-03-14T11:54:14.384262
1788695430780974646,https://www.hemnet.se/salda/lagenhet-2rum-karlsvik-lulea-kommun-arbetarvagen-16c-1788695430780974646,66-67m²,2026-03-14T11:54:14.384263
5469706698056197032,https://www.hemnet.se/salda/lagenhet-3rum-vasjon-sollentuna-kommun-slalomvagen-6-5469706698056197032,66-67m²,2026-03-14T11:54:14.384264
2435076466900942126,"https://www.hemnet.se/salda/lagenhet-2,5rum-kviberg-goteborgs-kommun-hinderbanan-20-2435076466900942126",66-67m²,2026-03-14T11:54:14.384265
2015190563500007712,https://www.hemnet.se/salda/lagenhet-3rum-midsommarkransen-stockholms-kommun-kyndelsmassogrand-6-2015190563500007712,66-67m²,2026-03-14T11:54:14.384267
6911469335721610519,https://www.hemnet.se/salda/lagenhet-2rum-korfaltet-ostersunds-kommun-hovslagargrand-3-6911469335721610519,66-67m²,2026-03-14T11:54:14.384268
8250852102317266926,https://www.hemnet.se/salda/lagenhet-3rum-mariehojd-umea-kommun-skarvstensgatan-28-8250852102317266926,66-67m²,2026-03-14T11:54:14.384269
6587262883274259576,https://www.hemnet.se/salda/lagenhet-3rum-vargarda-vargarda-kommun-fasangatan-21-6587262883274259576,66-67m²,2026-03-14T11:54:14.384270
8426542414011564509,https://www.hemnet.se/salda/lagenhet-3rum-nobbelov-lunds-kommun-nobbelovs-torg-3-8426542414011564509,66-67m²,2026-03-14T11:54:14.384272
8222323393018263712,https://www.hemnet.se/salda/lagenhet-2rum-luthagen-stabby-uppsala-kommun-hallbygatan-43-8222323393018263712,66-67m²,2026-03-14T11:54:14.384273
9182690186617572650,https://www.hemnet.se/salda/lagenhet-3rum-centrum-sundsvalls-kommun-bergsgatan-30-b-9182690186617572650,66-67m²,2026-03-14T11:54:14.384274
5936076338738592520,https://www.hemnet.se/salda/lagenhet-2rum-lorensberg-goteborgs-kommun-carlandersplatsen-6-5936076338738592520,66-67m²,2026-03-14T11:54:14.384275
113926644254831028,https://www.hemnet.se/salda/lagenhet-3rum-blackeberg-stockholms-kommun-bjornsonsgatan-164-113926644254831028,66-67m²,2026-03-14T11:54:14.384276
8583972301518318908,https://www.hemnet.se/salda/lagenhet-2rum-doppingen-varbergs-kommun-hastensgatan-64-8583972301518318908,66-67m²,2026-03-14T11:54:14.384278
544977779226928784,"https://www.hemnet.se/salda/lagenhet-2,5rum-sodermalm-stockholms-kommun-renstiernas-gata-27-544977779226928784",66-67m²,2026-03-14T11:54:14.384279
4857798258205740850,https://www.hemnet.se/salda/lagenhet-2rum-nedre-stadsdelen-centrum-bodens-kommun-ostra-strandvagen-18c-4857798258205740850,66-67m²,2026-03-14T11:54:14.384281
150818157014427509,https://www.hemnet.se/salda/lagenhet-3rum-lanna-gotlands-kommun-ostra-hansegatan-26-150818157014427509,66-67m²,2026-03-14T11:54:14.384282
5912250524535601804,https://www.hemnet.se/salda/lagenhet-2rum-tingvallastaden-karlstads-kommun-vastra-kanalgatan-11-5912250524535601804,66-67m²,2026-03-14T11:54:14.384283
7145018413826721342,https://www.hemnet.se/salda/lagenhet-2rum-centrala-ostersund-ostersunds-kommun-storgatan-53a-7145018413826721342,66-67m²,2026-03-14T11:54:14.384285
3706530791226629616,https://www.hemnet.se/salda/lagenhet-2rum-ostermalm-kristianstads-kommun-lasarettsboulevarden-10-3706530791226629616,66-67m²,2026-03-14T11:54:14.384286
3680407610029204909,https://www.hemnet.se/salda/lagenhet-3rum-centrala-staden-lunds-kommun-stora-tomegatan-30a-3680407610029204909,66-67m²,2026-03-14T11:54:14.384287
1639950925605844037,https://www.hemnet.se/salda/lagenhet-2rum-sturefors-linkopings-kommun-blaeldsvagen-50a-1639950925605844037,66-67m²,2026-03-14T11:54:14.384288
5531585424845981467,https://www.hemnet.se/salda/lagenhet-2rum-adolfsberg-helsingborgs-kommun-ragnvallagatan-36a-5531585424845981467,66-67m²,2026-03-14T11:54:14.384290
1802704736161266929,https://www.hemnet.se/salda/lagenhet-3rum-ostra-sorgenfri-malmo-kommun-ostra-farmvagen-38c-1802704736161266929,66-67m²,2026-03-14T11:54:14.384291
7905602308068173835,https://www.hemnet.se/salda/lagenhet-3rum-sandviken-karlskoga-kommun-solhagsvagen-3b-7905602308068173835,66-67m²,2026-03-14T11:54:14.384292
3365736550996196414,"https://www.hemnet.se/salda/lagenhet-2,5rum-hoganas-uppsala-kommun-hoganasgatan-8c-3365736550996196414",66-67m²,2026-03-14T11:54:14.384293
4869546213573391919,https://www.hemnet.se/salda/lagenhet-3rum-visby-snack-gotlands-kommun-snackbacken-14p-4869546213573391919,66-67m²,2026-03-14T11:54:14.384295
2737494069080654452,https://www.hemnet.se/salda/lagenhet-2rum-jakobsberg-jarfalla-kommun-aspnasvagen-20-vaning-11-av-11-2737494069080654452,66-67m²,2026-03-14T11:54:14.384296
2207689690967710391,https://www.hemnet.se/salda/lagenhet-2rum-rasunda-solna-kommun-ostervagen-9a-2207689690967710391,66-67m²,2026-03-14T11:54:14.384297
8710621650322221666,https://www.hemnet.se/salda/lagenhet-2rum-skarholmen-stockholms-kommun-aspholmsvagen-31-8710621650322221666,66-67m²,2026-03-14T11:54:14.384298
1492838127748799377,https://www.hemnet.se/salda/lagenhet-2rum-attagard-falkopings-kommun-hjelmarsrorsgatan-18a-1492838127748799377,66-67m²,2026-03-14T11:54:14.384300
8193387389838669469,https://www.hemnet.se/salda/lagenhet-2rum-tingvallastaden-karlstads-kommun-herrgardsgatan-3-8193387389838669469,66-67m²,2026-03-14T11:54:14.384301
7885154141703636790,https://www.hemnet.se/salda/lagenhet-2rum-fruangen-stockholms-kommun-jenny-nystroms-gata-14-7885154141703636790,66-67m²,2026-03-14T11:54:14.384302
6367820221208271801,https://www.hemnet.se/salda/lagenhet-3rum-lindsdal-kalmar-kommun-lidhemsvagen-18d-6367820221208271801,66-67m²,2026-03-14T11:54:14.384303
4848553552279588494,"https://www.hemnet.se/salda/lagenhet-2,5rum-sodermalm-stockholms-kommun-hogalidsgatan-36-a-4848553552279588494",66-67m²,2026-03-14T11:54:14.384305
355940615722879739,https://www.hemnet.se/salda/lagenhet-2rum-hoganas-uppsala-kommun-salagatan-12a-355940615722879739,66-67m²,2026-03-14T11:54:14.384306
3398165933803955872,https://www.hemnet.se/salda/lagenhet-3rum-sjovik-finspangs-kommun-sjoviksvagen-5d-3398165933803955872,66-67m²,2026-03-14T11:54:14.384307
2134882223009786254,https://www.hemnet.se/salda/lagenhet-3rum-falhagen-uppsala-kommun-osterangsgatan-14-b-2134882223009786254,66-67m²,2026-03-14T11:54:14.384309
917149991166581039,https://www.hemnet.se/salda/lagenhet-3rum-edsberg-sollentuna-kommun-kruthornsvagen-12-917149991166581039,66-67m²,2026-03-14T11:54:14.384310
936563427549774929,https://www.hemnet.se/salda/lagenhet-3rum-birka-nacka-kommun-birkavagen-10-936563427549774929,66-67m²,2026-03-14T11:54:14.384311
5685487592458635305,https://www.hemnet.se/salda/lagenhet-4rum-stoten-malung-salens-kommun-trivselvagen-17a-5685487592458635305,66-67m²,2026-03-14T11:54:14.384312
4795708428375955058,https://www.hemnet.se/salda/lagenhet-2rum-bredbyn-ornskoldsviks-kommun-sodra-langgatan-15-4795708428375955058,66-67m²,2026-03-14T11:54:14.384314
3952887062788087015,https://www.hemnet.se/salda/lagenhet-3rum-galgberget-falu-kommun-kvartsstigen-2a-3952887062788087015,66-67m²,2026-03-14T11:54:14.384315
8101532598013507225,https://www.hemnet.se/salda/lagenhet-3rum-rorsjostaden-malmo-kommun-drottninggatan-6b-8101532598013507225,66-67m²,2026-03-14T11:54:14.384316
5189419886924724552,"https://www.hemnet.se/salda/lagenhet-2,5rum-bjurhovda-vasteras-kommun-knotavagen-36-5189419886924724552",66-67m²,2026-03-14T11:54:14.384317
5609404013494624254,https://www.hemnet.se/salda/lagenhet-2rum-brunna-upplands-bro-kommun-kornettstigen-1-5609404013494624254,66-67m²,2026-03-14T11:54:14.384319
5980317483721374040,https://www.hemnet.se/salda/lagenhet-2rum-sylte-trollhattans-kommun-bergkullevagen-205-5980317483721374040,66-67m²,2026-03-14T11:54:14.384320
8683642558831130559,https://www.hemnet.se/salda/lagenhet-2rum-nacksta-sundsvalls-kommun-nackstavagen-38a-8683642558831130559,66-67m²,2026-03-14T11:54:14.384321
6615179178201828757,https://www.hemnet.se/salda/lagenhet-3rum-ljungskile-uddevalla-kommun-vallebergsvagen-4b-6615179178201828757,66-67m²,2026-03-14T11:54:14.384322
5227024515160713072,https://www.hemnet.se/salda/lagenhet-4rum-arsta-stockholms-kommun-arstavagen-133-5227024515160713072,66-67m²,2026-03-14T11:54:14.384324
3369123396322104171,https://www.hemnet.se/salda/lagenhet-2rum-alingsas-alingsas-kommun-jungmansgatan-5b-3369123396322104171,66-67m²,2026-03-14T11:54:14.384325
5481493805199299471,https://www.hemnet.se/salda/lagenhet-2rum-slussen-malmo-kommun-konduktorsgatan-5-5481493805199299471,66-67m²,2026-03-14T11:54:14.384326
4884185368366028488,https://www.hemnet.se/salda/lagenhet-2rum-sodermalm-stockholms-kommun-fatburs-brunnsgata-16-4884185368366028488,66-67m²,2026-03-14T11:54:14.384327
3012316369611260564,https://www.hemnet.se/salda/lagenhet-2rum-t1-linkopings-kommun-furirgatan-25a-3012316369611260564,66-67m²,2026-03-14T11:54:14.384329
707445873021064909,https://www.hemnet.se/salda/lagenhet-3rum-huvudsta-ingenting-solna-kommun-arvid-tydens-alle-20-707445873021064909,66-67m²,2026-03-14T11:54:14.384330
4637928909465574987,https://www.hemnet.se/salda/lagenhet-3rum-stenhagen-uppsala-kommun-citrinvagen-22-4637928909465574987,66-67m²,2026-03-14T11:54:14.384331
3920122788789657420,https://www.hemnet.se/salda/lagenhet-2rum-vastra-berga-helsingborgs-kommun-kadettgatan-16b-3920122788789657420,66-67m²,2026-03-14T11:54:14.384333
2893337546223051340,https://www.hemnet.se/salda/lagenhet-3rum-oster-fagelbo-nykopings-kommun-fagelbovagen-21b-2893337546223051340,66-67m²,2026-03-14T11:54:14.384334
2298889473985671518,https://www.hemnet.se/salda/lagenhet-3rum-vagnharad-trosa-kommun-avagen-16f-2298889473985671518,66-67m²,2026-03-14T11:54:14.384335
8770460239529249958,https://www.hemnet.se/salda/lagenhet-3rum-kortedala-goteborgs-kommun-fastlagsgatan-10-8770460239529249958,66-67m²,2026-03-14T11:54:14.384336
208837748621401354,https://www.hemnet.se/salda/lagenhet-3rum-stenhagen-uppsala-kommun-opalvagen-81-208837748621401354,66-67m²,2026-03-14T11:54:14.384338
250432144535080175,https://www.hemnet.se/salda/lagenhet-2rum-hassleholm-ljungdala-hassleholms-kommun-trebackalanggatan-88-250432144535080175,66-67m²,2026-03-14T11:54:14.384339
3333941059823609796,https://www.hemnet.se/salda/lagenhet-3rum-vastra-skogen-solna-kommun-bangatan-3c-3333941059823609796,66-67m²,2026-03-14T11:54:14.384340
153832979511204949,"https://www.hemnet.se/salda/lagenhet-2rum-vasastan-rodabergen-stockholms-kommun-tempeltrappan-2,-2-tr-o,g-153832979511204949",66-67m²,2026-03-14T11:54:14.384342
7409282286059850,https://www.hemnet.se/salda/lagenhet-3rum-ostermalm-stockholms-kommun-skeppargatan-20b-7409282286059850,66-67m²,2026-03-14T11:54:14.384343
8160520934895960942,"https://www.hemnet.se/salda/lagenhet-2,5rum-vasastan-stockholms-kommun-frejgatan-37,-2-tr-8160520934895960942",66-67m²,2026-03-14T11:54:14.384344
2093416632588636785,https://www.hemnet.se/salda/lagenhet-3rum-hogdalen-stockholms-kommun-rangstagatan-18-2093416632588636785,66-67m²,2026-03-14T11:54:14.384346
872367215878599355,https://www.hemnet.se/salda/lagenhet-3rum-rynningeasen-orebro-kommun-hindergardsgatan-27-d-872367215878599355,66-67m²,2026-03-14T11:54:14.384347
6533228917702897679,https://www.hemnet.se/salda/lagenhet-3rum-molndal-aby-molndals-kommun-ridspogatan-5a-6533228917702897679,66-67m²,2026-03-14T11:54:14.384348
4462707914218892605,https://www.hemnet.se/salda/lagenhet-2rum-savja-uppsala-kommun-dalaresan-2a-4462707914218892605,66-67m²,2026-03-14T11:54:14.384350
8091967568613981859,https://www.hemnet.se/salda/lagenhet-2rum-vannas-vannas-kommun-ostra-jarnvagsgatan-30a-8091967568613981859,66-67m²,2026-03-14T11:54:14.384351
4981927314300459590,https://www.hemnet.se/salda/lagenhet-3rum-stensholm-jonkopings-kommun-hallebergsliden-16-4981927314300459590,66-67m²,2026-03-14T11:54:14.384352
2454773491096362840,https://www.hemnet.se/salda/lagenhet-3rum-centrala-hisingen-goteborgs-kommun-hallegatan-15-2454773491096362840,66-67m²,2026-03-14T11:54:14.384354
6038365583466008004,https://www.hemnet.se/salda/lagenhet-3rum-bollstanas-upplands-vasby-kommun-vintervagen-3a-6038365583466008004,66-67m²,2026-03-14T11:54:14.384355
3775027089692653367,https://www.hemnet.se/salda/lagenhet-3rum-centrum-varvet-lulea-kommun-flygvagen-3-3775027089692653367,66-67m²,2026-03-14T11:54:14.384356
3572139359280248674,https://www.hemnet.se/salda/lagenhet-2rum-centrala-upplands-vasby-upplands-vasby-kommun-herrgardsvagen-33-3572139359280248674,66-67m²,2026-03-14T11:54:14.384358
1114059909826019195,https://www.hemnet.se/salda/lagenhet-3rum-norra-faladen-lunds-kommun-parternas-grand-3-1114059909826019195,66-67m²,2026-03-14T11:54:14.384359
6923411893206278696,https://www.hemnet.se/salda/lagenhet-2rum-salabacke-uppsala-kommun-kastanjegatan-7-6923411893206278696,66-67m²,2026-03-14T11:54:14.384360
1058839414956407253,https://www.hemnet.se/salda/lagenhet-3rum-stenhagen-uppsala-kommun-opalvagen-91-1058839414956407253,66-67m²,2026-03-14T11:54:14.384361
3188930240522383874,https://www.hemnet.se/salda/lagenhet-3rum-aspudden-stockholms-kommun-husabyvagen-23-3188930240522383874,66-67m²,2026-03-14T11:54:14.384363
3204002436153737900,https://www.hemnet.se/salda/lagenhet-4rum-bagarmossen-stockholms-kommun-svartagatan-45-3204002436153737900,66-67m²,2026-03-14T11:54:14.384364
2755366789508324796,https://www.hemnet.se/salda/lagenhet-4rum-stoten-malung-salens-kommun-ranchen-lodge-305b-2755366789508324796,66-67m²,2026-03-14T11:54:14.384365
5256995815488615756,https://www.hemnet.se/salda/lagenhet-2rum-salabacke-uppsala-kommun-byggmastargatan-7-a-5256995815488615756,66-67m²,2026-03-14T11:54:14.384366
8343060862847013668,https://www.hemnet.se/salda/lagenhet-3rum-centralt-knivsta-kommun-tallkottsvagen-15a-8343060862847013668,66-67m²,2026-03-14T11:54:14.384368
7502982852251141152,https://www.hemnet.se/salda/lagenhet-3rum-barkarbystaden-jarfalla-kommun-parkvagen-1-7502982852251141152,66-67m²,2026-03-14T11:54:14.384369
4182377447255549486,https://www.hemnet.se/salda/lagenhet-2rum-sandsbro-vaxjo-kommun-fyllerydsvagen-42b-4182377447255549486,66-67m²,2026-03-14T11:54:14.384370
2678716514005286045,https://www.hemnet.se/salda/lagenhet-3rum-soder-uddevalla-kommun-studievagen-32-2678716514005286045,66-67m²,2026-03-14T11:54:14.384371
3703715484274654589,"https://www.hemnet.se/salda/lagenhet-2,5rum-bromma-stockholms-kommun-backbornas-vag-29-3703715484274654589",66-67m²,2026-03-14T11:54:14.384373
4793575049272609827,"https://www.hemnet.se/salda/lagenhet-2,5rum-tagaborg-helsingborgs-kommun-karl-x-gustavs-gata-24a,-4-tr-4793575049272609827",66-67m²,2026-03-14T11:54:14.384374
4958755413307409126,https://www.hemnet.se/salda/lagenhet-3rum-sundbyberg-ursvik-sundbybergs-kommun-forskargrand-4-4958755413307409126,66-67m²,2026-03-14T11:54:14.384375
9157949649386593298,https://www.hemnet.se/salda/lagenhet-3rum-strangnas-strangnas-kommun-vitalisvagen-2a-9157949649386593298,66-67m²,2026-03-14T11:54:14.384377
5290383149381905909,https://www.hemnet.se/salda/lagenhet-2rum-centralt-halmstads-kommun-strandgatan-2-5290383149381905909,66-67m²,2026-03-14T11:54:14.384378
5072319631628861407,https://www.hemnet.se/salda/lagenhet-2rum-brogarden-solangen-alingsas-kommun-knektegardsgatan-47c-5072319631628861407,66-67m²,2026-03-14T11:54:14.384379
531223011340825188,"https://www.hemnet.se/salda/lagenhet-3rum-kungsholmen-lilla-essingen-stockholms-kommun-essinge-brogata-5,-van-4-531223011340825188",66-67m²,2026-03-14T11:54:14.384381
3260090015489579396,https://www.hemnet.se/salda/lagenhet-2rum-mjolkudden-lulea-kommun-munkebergsgatan-26-3260090015489579396,66-67m²,2026-03-14T11:54:14.384382
3110830656523920918,"https://www.hemnet.se/salda/lagenhet-2,5rum-falhagen-uppsala-kommun-hjalmar-brantingsgatan-25-3110830656523920918",66-67m²,2026-03-14T11:54:14.384383
4245771545089169831,https://www.hemnet.se/salda/lagenhet-2rum-hagalund-borlange-kommun-engelbrektsgatan-7-4245771545089169831,66-67m²,2026-03-14T11:54:14.384384
2780541786478645451,"https://www.hemnet.se/salda/lagenhet-2,5rum-kungsholmen-stockholms-kommun-sysslomansgatan-24-2780541786478645451",66-67m²,2026-03-14T11:54:14.384386
3055823005090595426,https://www.hemnet.se/salda/lagenhet-3rum-gamlestaden-goteborgs-kommun-brahegatan-12c-3055823005090595426,66-67m²,2026-03-14T11:54:14.384387
4667134549815062790,https://www.hemnet.se/salda/lagenhet-3rum-mariehojd-umea-kommun-skarvstensgatan-48-4667134549815062790,66-67m²,2026-03-14T11:54:14.384388
154629904189477877,https://www.hemnet.se/salda/lagenhet-3rum-enskede-stockholms-kommun-gotaforsvagen-20-154629904189477877,66-67m²,2026-03-14T11:54:14.384389
8958974681705201587,"https://www.hemnet.se/salda/lagenhet-3rum-vasastan-stockholms-kommun-kungstensgatan-55,-2-tr-8958974681705201587",66-67m²,2026-03-14T11:54:14.384390
4845157647216262822,https://www.hemnet.se/salda/lagenhet-2rum-bromma-nockebyhov-stockholms-kommun-gubbkarrsvagen-19a-4845157647216262822,66-67m²,2026-03-14T11:54:14.384392
6178946238962539454,https://www.hemnet.se/salda/lagenhet-2rum-eldsundsviken-strangnas-kommun-eldsundsstraket-9b-6178946238962539454,66-67m²,2026-03-14T11:54:14.384393
5310572199176250028,https://www.hemnet.se/salda/lagenhet-2rum-sorberge-timra-kommun-bjorkgatan-12f-5310572199176250028,66-67m²,2026-03-14T11:54:14.384394
1556371310845602484,https://www.hemnet.se/salda/lagenhet-3rum-rimbo-norrtalje-kommun-dianastigen-1d-1556371310845602484,66-67m²,2026-03-14T11:54:14.384395
4344651265925274089,"https://www.hemnet.se/salda/lagenhet-2,5rum-sodermalm-mariatorget-stockholms-kommun-torkel-knutssonsgatan-29,-5-tr-4344651265925274089",66-67m²,2026-03-14T11:54:14.384397
4752072321103465156,https://www.hemnet.se/salda/lagenhet-3rum-enserud-kristinehamns-kommun-enserudsgatan-19a-4752072321103465156,66-67m²,2026-03-14T11:54:14.384398
2029024003660828865,https://www.hemnet.se/salda/lagenhet-3rum-edsberg-sollentuna-kommun-kruthornsvagen-5-2029024003660828865,66-67m²,2026-03-14T11:54:14.384399
4061064989031276523,"https://www.hemnet.se/salda/lagenhet-4rum-storlien-are-kommun-vintergatan-48,-lgh-15-4061064989031276523",66-67m²,2026-03-14T11:54:14.384400
3050715600497842837,https://www.hemnet.se/salda/lagenhet-2rum-vasastan-stockholms-kommun-upplandsgatan-42-3050715600497842837,66-67m²,2026-03-14T11:54:14.384402
6496884199557231869,https://www.hemnet.se/salda/lagenhet-2rum-brandbergen-haninge-kommun-oxens-gata-237-6496884199557231869,66-67m²,2026-03-14T11:54:14.384403
8952027011971682575,https://www.hemnet.se/salda/lagenhet-3rum-centrum-vaxjo-kommun-kungsgatan-40-8952027011971682575,66-67m²,2026-03-14T11:54:14.384404
4615993309392085043,https://www.hemnet.se/salda/lagenhet-3rum-hagsatra-stockholms-kommun-fjugestagrand-23-4615993309392085043,66-67m²,2026-03-14T11:54:14.384405
4177743881794478471,https://www.hemnet.se/salda/lagenhet-2rum-centrum-uppsala-kommun-kryddblandargatan-5-4177743881794478471,66-67m²,2026-03-14T11:54:14.384406
8321640816440373933,https://www.hemnet.se/salda/lagenhet-2rum-rud-karlstads-kommun-mossgatan-203-8321640816440373933,66-67m²,2026-03-14T11:54:14.384408
6757526639928871549,"https://www.hemnet.se/salda/lagenhet-2,5rum-sodermalm-stockholms-kommun-bjurholmsplan-28-6757526639928871549",66-67m²,2026-03-14T11:54:14.384409
3992130527782950824,https://www.hemnet.se/salda/lagenhet-2rum-rosendal-uppsala-kommun-kansliskrivargatan-16-3992130527782950824,66-67m²,2026-03-14T11:54:14.384410
5938769297261392039,"https://www.hemnet.se/salda/lagenhet-2,5rum-sundsvall-centrum-sundsvalls-kommun-radhusgatan-1-5938769297261392039",66-67m²,2026-03-14T11:54:14.384411
5337284702180784671,https://www.hemnet.se/salda/lagenhet-2rum-odal-kristianstads-kommun-gardsgatan-8-5337284702180784671,66-67m²,2026-03-14T11:54:14.384413
4246354095106893287,https://www.hemnet.se/salda/lagenhet-3rum-ljungbyhed-tatort-klippans-kommun-nybrogatan-22-4246354095106893287,66-67m²,2026-03-14T11:54:14.384414
7302307936887720289,https://www.hemnet.se/salda/lagenhet-2rum-centrum-uppsala-kommun-kungsgatan-52b-7302307936887720289,66-67m²,2026-03-14T11:54:14.384415
5870457152034916411,https://www.hemnet.se/salda/lagenhet-2rum-kviberg-goteborgs-kommun-margit-halls-gata-39-5870457152034916411,66-67m²,2026-03-14T11:54:14.384417
7634112286729582753,https://www.hemnet.se/salda/lagenhet-3rum-gamla-rasunda-solna-kommun-forradsgatan-18-7634112286729582753,66-67m²,2026-03-14T11:54:14.384418
4441883120183188614,https://www.hemnet.se/salda/lagenhet-3rum-luthagen-stabby-uppsala-kommun-ringgatan-43c-4441883120183188614,66-67m²,2026-03-14T11:54:14.384419
7750933963689889919,https://www.hemnet.se/salda/lagenhet-2rum-korsta-sundsvalls-kommun-korstavagen-2d-7750933963689889919,66-67m²,2026-03-14T11:54:14.384420
1011429160467837308,https://www.hemnet.se/salda/lagenhet-2rum-brandbergen-haninge-kommun-tvillingarnas-gata-307-1011429160467837308,66-67m²,2026-03-14T11:54:14.384422
6990164899669166075,https://www.hemnet.se/salda/lagenhet-2rum-centrum-halmstads-kommun-norra-vagen-20-6990164899669166075,66-67m²,2026-03-14T11:54:14.384423
105304205472266456,https://www.hemnet.se/salda/lagenhet-2rum-centrum-halmstads-kommun-norra-vagen-20-105304205472266456,66-67m²,2026-03-14T11:54:14.384425
6463338164690102785,"https://www.hemnet.se/salda/lagenhet-2rum-jakobsberg-jarfalla-kommun-aspnasvagen-10,-11-tr-6463338164690102785",66-67m²,2026-03-14T11:54:14.384426
7430874807681982596,https://www.hemnet.se/salda/lagenhet-3rum-ostra-sorgenfri-malmo-kommun-branteviksgatan-9a-7430874807681982596,66-67m²,2026-03-14T11:54:14.384428
5967283358086915082,https://www.hemnet.se/salda/lagenhet-2rum-langbro-alvsjo-stockholms-kommun-bergtallsvagen-26-5967283358086915082,66-67m²,2026-03-14T11:54:14.384429
6000560638379954755,https://www.hemnet.se/salda/lagenhet-3rum-kvarnholmen-nacka-kommun-thunstroms-vag-20-6000560638379954755,66-67m²,2026-03-14T11:54:14.384430
7703089552467773304,https://www.hemnet.se/salda/lagenhet-2rum-kalgarden-jonkopings-kommun-fortunagatan-38-7703089552467773304,66-67m²,2026-03-14T11:54:14.384432
8488692281461548475,https://www.hemnet.se/salda/lagenhet-2rum-centralt-trelleborgs-kommun-nygatan-45-8488692281461548475,66-67m²,2026-03-14T11:54:14.384433
4885550053790650936,https://www.hemnet.se/salda/lagenhet-2rum-jarla-sjo-nacka-kommun-winborgs-vag-15-4885550053790650936,66-67m²,2026-03-14T11:54:14.384435
8677383488005126939,https://www.hemnet.se/salda/lagenhet-3rum-mariehojd-umea-kommun-skarvstensgatan-16-8677383488005126939,66-67m²,2026-03-14T11:54:14.384436
9178844793948223625,https://www.hemnet.se/salda/lagenhet-2rum-oster-nykopings-kommun-stockholmsvagen-9-9178844793948223625,66-67m²,2026-03-14T11:54:14.384437
2442679624301202367,https://www.hemnet.se/salda/lagenhet-3rum-granna-jonkopings-kommun-jonkopingsvagen-73b-2442679624301202367,66-67m²,2026-03-14T11:54:14.384439
5571072491684564005,"https://www.hemnet.se/salda/lagenhet-2,5rum-sodermalm-nytorget-stockholms-kommun-katarina-bangata-37-5571072491684564005",66-67m²,2026-03-14T11:54:14.384440
420041552764186837,https://www.hemnet.se/salda/lagenhet-3rum-mariastaden-helsingborgs-kommun-ekerodsgatan-26-420041552764186837,66-67m²,2026-03-14T11:54:14.384441
5618641201217095859,https://www.hemnet.se/salda/lagenhet-3rum-korsangsgardet-vasteras-kommun-korsangsgatan-12-5618641201217095859,66-67m²,2026-03-14T11:54:14.384442
7887159938804016283,"https://www.hemnet.se/salda/lagenhet-3rum-bromma-mariehall-stockholms-kommun-masugnsvagen-86,-van-2-7887159938804016283",66-67m²,2026-03-14T11:54:14.384444
8119727829065750911,"https://www.hemnet.se/salda/lagenhet-2,5rum-sodermalm-stockholms-kommun-varvsgatan-6,-1tr-8119727829065750911",66-67m²,2026-03-14T11:54:14.384445
8439641224868073728,https://www.hemnet.se/salda/lagenhet-3rum-skuru-nacka-kommun-barnhemsvagen-12-8439641224868073728,66-67m²,2026-03-14T11:54:14.384446
5187792362033471928,https://www.hemnet.se/salda/lagenhet-3rum-rynningeasen-orebro-kommun-varngatan-7-b-5187792362033471928,66-67m²,2026-03-14T11:54:14.384448
7590078293625208944,https://www.hemnet.se/salda/lagenhet-2rum-eslov-norr-eslovs-kommun-ronnebergavagen-29a-7590078293625208944,66-67m²,2026-03-14T11:54:14.384449
960496719221099196,https://www.hemnet.se/salda/lagenhet-2rum-centralt-orebro-kommun-fredsgatan-10-960496719221099196,66-67m²,2026-03-14T11:54:14.384450
3014040381955917155,https://www.hemnet.se/salda/lagenhet-2rum-mjolby-mjolby-kommun-sodra-strandvagen-22-3014040381955917155,66-67m²,2026-03-14T11:54:14.384452
1460640491404646261,"https://www.hemnet.se/salda/lagenhet-2,5rum-gustavsberg-osbydalen-varmdo-kommun-stromstarevagen-22-1460640491404646261",66-67m²,2026-03-14T11:54:14.384453
8992821409092469955,https://www.hemnet.se/salda/lagenhet-3rum-hedemora-hedemora-kommun-bergslagsgatan-16c-8992821409092469955,66-67m²,2026-03-14T11:54:14.384454
1057419885848245097,https://www.hemnet.se/salda/lagenhet-3rum-centralt-karlskoga-kommun-bregardsgatan-20c-1057419885848245097,66-67m²,2026-03-14T11:54:14.384456
2310348134868483099,https://www.hemnet.se/salda/lagenhet-2rum-torpa-vanersborgs-kommun-bokgatan-35-2310348134868483099,66-67m²,2026-03-14T11:54:14.384457
1979531269063730311,https://www.hemnet.se/salda/lagenhet-2rum-skarholmen-stockholms-kommun-ekholmsvagen-208-1979531269063730311,66-67m²,2026-03-14T11:54:14.384458
7116266260813144556,"https://www.hemnet.se/salda/lagenhet-2,5rum-vallda-kungsbacka-kommun-malvagen-33-7116266260813144556",66-67m²,2026-03-14T11:54:14.384459
7737545523233388527,https://www.hemnet.se/salda/lagenhet-3rum-visby-norr-gotlands-kommun-brovag-6-b-7737545523233388527,66-67m²,2026-03-14T11:54:14.384461
9000318207883077368,https://www.hemnet.se/salda/lagenhet-3rum-henriksdalsberget-nacka-kommun-henriksdalsringen-55-9000318207883077368,66-67m²,2026-03-14T11:54:14.384462
1937235149764778130,"https://www.hemnet.se/salda/lagenhet-2rum-brandbergen-haninge-kommun-stenbockens-gata-118,-5-tr-1937235149764778130",66-67m²,2026-03-14T11:54:14.384464
4911832271511814948,https://www.hemnet.se/salda/lagenhet-2rum-centrum-hjo-kommun-vasagatan-6-4911832271511814948,66-67m²,2026-03-14T11:54:14.384465
5122168540810581051,https://www.hemnet.se/salda/lagenhet-2rum-centralt-strommen-norrkopings-kommun-garvaregatan-28-5122168540810581051,66-67m²,2026-03-14T11:54:14.384466
2123607681152440221,https://www.hemnet.se/salda/lagenhet-2rum-galgamarken-trosso-karlskrona-kommun-vastra-prinsgatan-27a-2123607681152440221,66-67m²,2026-03-14T11:54:14.384468
1018308060284655287,https://www.hemnet.se/salda/lagenhet-2rum-vastra-berga-helsingborgs-kommun-kadettgatan-16a-1018308060284655287,66-67m²,2026-03-14T11:54:14.384469
6737925080397054568,https://www.hemnet.se/salda/lagenhet-3rum-sodra-ekkallan-linkopings-kommun-skvadronsgatan-8-6737925080397054568,66-67m²,2026-03-14T11:54:14.384470
2437333765577273852,https://www.hemnet.se/salda/lagenhet-2rum-brynas-gavle-kommun-staffansplan-1-2437333765577273852,66-67m²,2026-03-14T11:54:14.384472
2503792620775181917,"https://www.hemnet.se/salda/lagenhet-2rum-tibble-kungsangen-upplands-bro-kommun-hallonvagen-96,-2tr-2503792620775181917",66-67m²,2026-03-14T11:54:14.384473
1609771756882606753,https://www.hemnet.se/salda/lagenhet-3rum-ruddalen-goteborgs-kommun-klarinettgatan-18-1609771756882606753,66-67m²,2026-03-14T11:54:14.384474
1010470786190097432,https://www.hemnet.se/salda/lagenhet-2rum-finnberget-nacka-nacka-kommun-finnbergsvagen-62-1010470786190097432,66-67m²,2026-03-14T11:54:14.384475
8418447917648742113,https://www.hemnet.se/salda/lagenhet-3rum-centrala-huddinge-huddinge-kommun-horningsnasvagen-30-8418447917648742113,66-67m²,2026-03-14T11:54:14.384477
6063635605963938285,https://www.hemnet.se/salda/lagenhet-2rum-sylte-trollhattans-kommun-bergkullevagen-197-6063635605963938285,66-67m²,2026-03-14T11:54:14.384478
8597951132499061300,https://www.hemnet.se/salda/lagenhet-3rum-herrhagen-uppsala-kommun-opalvagen-19-8597951132499061300,66-67m²,2026-03-14T11:54:14.384479
8195941974971635362,https://www.hemnet.se/salda/lagenhet-3rum-vasastan-birkastan-stockholms-kommun-vikingagatan-10-8195941974971635362,66-67m²,2026-03-14T11:54:14.384481
8072727385432290691,https://www.hemnet.se/salda/lagenhet-2rum-tagaborg-helsingborgs-kommun-kvarnholmsgatan-4-8072727385432290691,66-67m²,2026-03-14T11:54:14.384482
4142290136071046448,https://www.hemnet.se/salda/lagenhet-3rum-oster-orebro-kommun-engelbrektsgatan-76-4142290136071046448,66-67m²,2026-03-14T11:54:14.384484
1034797635215227439,https://www.hemnet.se/salda/lagenhet-2rum-brandbergen-haninge-kommun-oxens-gata-247-1034797635215227439,66-67m²,2026-03-14T11:54:14.384485
7605109448519019549,"https://www.hemnet.se/salda/lagenhet-2,5rum-bromma-beckomberga-stockholms-kommun-backbornas-vag-47-7605109448519019549",66-67m²,2026-03-14T11:54:14.384487
6624876794675079175,https://www.hemnet.se/salda/lagenhet-3rum-nedre-haga-sundsvalls-kommun-bjalkvagen-5-6624876794675079175,66-67m²,2026-03-14T11:54:14.384488
1931314914865810588,https://www.hemnet.se/salda/lagenhet-2rum-lundby-orebro-kommun-dolomitvagen-64-1931314914865810588,66-67m²,2026-03-14T11:54:14.384489
7144029176537072536,https://www.hemnet.se/salda/lagenhet-3rum-sundbyberg-sundbybergs-kommun-eliegatan-10-7144029176537072536,66-67m²,2026-03-14T11:54:14.384490
3059924705415554379,"https://www.hemnet.se/salda/lagenhet-3,5rum-sodermalm-stockholms-kommun-eriksdalsgatan-34-3059924705415554379",66-67m²,2026-03-14T11:54:14.384491
6975378857618735025,https://www.hemnet.se/salda/lagenhet-2rum-gnesta-gnesta-kommun-granbackavagen-146-6975378857618735025,66-67m²,2026-03-14T11:54:14.384493
8946485774193679017,https://www.hemnet.se/salda/lagenhet-2rum-vallentuna-vallentuna-kommun-zetterlunds-vag-126b-8946485774193679017,66-67m²,2026-03-14T11:54:14.384494
1007033811629393803,"https://www.hemnet.se/salda/lagenhet-2rum-kungsangen-tibble-upplands-bro-kommun-hallonvagen-68,-nb-1007033811629393803",66-67m²,2026-03-14T11:54:14.384496
3259679754741458258,https://www.hemnet.se/salda/lagenhet-2rum-centralt-uddevalla-kommun-bavebacksgatan-4-3259679754741458258,66-67m²,2026-03-14T11:54:14.384497
6565531858962462106,https://www.hemnet.se/salda/lagenhet-2rum-sodra-lindhult-orebro-kommun-bonstorpsvagen-10-6565531858962462106,66-67m²,2026-03-14T11:54:14.384498
666194606415306972,https://www.hemnet.se/salda/lagenhet-3rum-tornhagen-linkopings-kommun-tornhagsvagen-16-666194606415306972,66-67m²,2026-03-14T11:54:14.384499
5859900224303150640,https://www.hemnet.se/salda/lagenhet-2rum-alidhojd-umea-kommun-kuratorvagen-48-5859900224303150640,66-67m²,2026-03-14T11:54:14.384501
3406784384328282188,https://www.hemnet.se/salda/lagenhet-2rum-saffle-saffle-kommun-siriusgatan-13e-3406784384328282188,66-67m²,2026-03-14T11:54:14.384502
1212632029989929801,https://www.hemnet.se/salda/lagenhet-2rum-molndal-bifrost-molndals-kommun-blandsadesgatan-6-d-1212632029989929801,66-67m²,2026-03-14T11:54:14.384503
5121305217041923610,"https://www.hemnet.se/salda/lagenhet-2,5rum-s-t-knut-malmo-kommun-hantverkaregatan-17-5121305217041923610",66-67m²,2026-03-14T11:54:14.384505
5156718275349177102,https://www.hemnet.se/salda/lagenhet-2rum-centralt-vast-pa-stan-umea-kommun-kungsgatan-27a-5156718275349177102,66-67m²,2026-03-14T11:54:14.384507
1452427313050550787,https://www.hemnet.se/salda/lagenhet-2rum-gamlestaden-goteborgs-kommun-gamlestadstorget-21-1452427313050550787,66-67m²,2026-03-14T11:54:14.384508
7824399648682324133,"https://www.hemnet.se/salda/lagenhet-3,5rum-nacka-nacka-kommun-henriksdalsringen-111-7824399648682324133",66-67m²,2026-03-14T11:54:14.384509
2791195599132683867,https://www.hemnet.se/salda/lagenhet-3rum-nynashamn-nynashamns-kommun-hojdgatan-7-2791195599132683867,66-67m²,2026-03-14T11:54:14.384510
1809456691566862902,https://www.hemnet.se/salda/lagenhet-2rum-erlandsdal-svedala-kommun-blavingegatan-27-1809456691566862902,66-67m²,2026-03-14T11:54:14.384511
1586825948207912411,https://www.hemnet.se/salda/lagenhet-2rum-nacka-forum-nacka-kommun-stadshusplatsen-2-1586825948207912411,66-67m²,2026-03-14T11:54:14.384513
1542220121223323044,https://www.hemnet.se/salda/lagenhet-3rum-norra-nynashamn-nynashamns-kommun-nynasvagen-32a-1542220121223323044,66-67m²,2026-03-14T11:54:14.384514
9053182598177440958,https://www.hemnet.se/salda/lagenhet-3rum-soder-gavle-kommun-sodra-radmansgatan-29a-9053182598177440958,66-67m²,2026-03-14T11:54:14.384516
1715418607198674197,https://www.hemnet.se/salda/lagenhet-2rum-korfaltet-ostersunds-kommun-reveljgrand-16-1715418607198674197,66-67m²,2026-03-14T11:54:14.384517
4850424391137082666,https://www.hemnet.se/salda/lagenhet-3rum-rynningeasen-orebro-kommun-hindergardsgatan-20d-4850424391137082666,66-67m²,2026-03-14T11:54:14.384518
5670857337834386611,https://www.hemnet.se/salda/lagenhet-2rum-korfaltet-ostersunds-kommun-taptogrand-1-5670857337834386611,66-67m²,2026-03-14T11:54:14.384519
6726259972698015899,"https://www.hemnet.se/salda/lagenhet-2rum-rasunda-solna-kommun-erik-sandbergs-gata-7,-3-tr-6726259972698015899",66-67m²,2026-03-14T11:54:14.384521
7285104270555829895,https://www.hemnet.se/salda/lagenhet-3rum-agnesberg-goteborgs-kommun-steken-1f-7285104270555829895,66-67m²,2026-03-14T11:54:14.384522
5803232090939519965,https://www.hemnet.se/salda/lagenhet-3rum-dockan-malmo-kommun-ostra-varvsgatan-3bb-5803232090939519965,66-67m²,2026-03-14T11:54:14.384524
5319985856957087864,https://www.hemnet.se/salda/lagenhet-2rum-falhagen-uppsala-kommun-torkelsgatan-10a-5319985856957087864,66-67m²,2026-03-14T11:54:14.384525
7253151940539333927,https://www.hemnet.se/salda/lagenhet-3rum-falun-falu-kommun-magasinsgatan-14e-7253151940539333927,66-67m²,2026-03-14T11:54:14.384526
3453014673819044112,https://www.hemnet.se/salda/lagenhet-3rum-kallhall-jarfalla-kommun-smedvagen-22-3453014673819044112,66-67m²,2026-03-14T11:54:14.384527
3039653359577540065,https://www.hemnet.se/salda/lagenhet-3rum-oppeby-nykopings-kommun-linnevagen-10a-3039653359577540065,66-67m²,2026-03-14T11:54:14.384528
7452877996006139164,https://www.hemnet.se/salda/lagenhet-2rum-fullersta-huddinge-kommun-britas-grand-20-7452877996006139164,66-67m²,2026-03-14T11:54:14.384530
5650736570072470109,https://www.hemnet.se/salda/lagenhet-2rum-ronneberga-eslovs-kommun-ronnebergavagen-15a-5650736570072470109,66-67m²,2026-03-14T11:54:14.384531
1371445239119753763,https://www.hemnet.se/salda/lagenhet-3rum-ruddalen-goteborgs-kommun-saxofongatan-8-1371445239119753763,66-67m²,2026-03-14T11:54:14.384532
1252991105387046108,https://www.hemnet.se/salda/lagenhet-3rum-gideonsberg-vasteras-kommun-langmartensgatan-5a-1252991105387046108,66-67m²,2026-03-14T11:54:14.384534
7629091594927452265,https://www.hemnet.se/salda/lagenhet-2rum-vigelsjo-norrtalje-kommun-vigelsjovagen-4b-7629091594927452265,66-67m²,2026-03-14T11:54:14.384535
2091226527361112814,https://www.hemnet.se/salda/lagenhet-2rum-goteborg-goteborgs-kommun-ostra-skansgatan-8b-2091226527361112814,66-67m²,2026-03-14T11:54:14.384536
4953230822099981142,"https://www.hemnet.se/salda/lagenhet-2,5rum-nedre-kungsholmen-stockholms-kommun-chapmansgatan-6-4953230822099981142",66-67m²,2026-03-14T11:54:14.384538
9096881570267671900,https://www.hemnet.se/salda/lagenhet-2rum-domnarvet-borlange-kommun-sintergatan-8g-9096881570267671900,66-67m²,2026-03-14T11:54:14.384539
140446988240925024,"https://www.hemnet.se/salda/lagenhet-2rum-frosunda-solna-kommun-signe-tillischgatan-6,-1-tr-140446988240925024",66-67m²,2026-03-14T11:54:14.384540
8022599173292698693,https://www.hemnet.se/salda/lagenhet-3rum-telefonplan-vastberga-stockholms-kommun-tivolivagen-12-8022599173292698693,66-67m²,2026-03-14T11:54:14.384542
1759233000982995222,https://www.hemnet.se/salda/lagenhet-2rum-norr-helsingborgs-kommun-kronborgsgatan-6-1759233000982995222,66-67m²,2026-03-14T11:54:14.384543
6883240680769379869,https://www.hemnet.se/salda/lagenhet-2rum-centrala-sundbyberg-sundbybergs-kommun-vattugatan-4-6883240680769379869,66-67m²,2026-03-14T11:54:14.384544
7928706560711885255,https://www.hemnet.se/salda/lagenhet-3rum-linero-lunds-kommun-norrangavagen-5c-7928706560711885255,66-67m²,2026-03-14T11:54:14.384545
2385004096654955968,https://www.hemnet.se/salda/lagenhet-3rum-bromma-mariehall-stockholms-kommun-mariehallsvagen-30c-2385004096654955968,66-67m²,2026-03-14T11:54:14.384547
7432485392345910366,https://www.hemnet.se/salda/lagenhet-2rum-rosengard-apelgarden-malmo-kommun-widells-vag-1-7432485392345910366,66-67m²,2026-03-14T11:54:14.384548
663265241591191020,https://www.hemnet.se/salda/lagenhet-4rum-brommaplan-stockholms-kommun-spangavagen-9-663265241591191020,66-67m²,2026-03-14T11:54:14.384549
8070316000024512550,https://www.hemnet.se/salda/lagenhet-3rum-bredang-stockholms-kommun-algrytevagen-77-8070316000024512550,66-67m²,2026-03-14T11:54:14.384550
6586976704081869090,"https://www.hemnet.se/salda/lagenhet-3,5rum-bromma-beckomberga-stockholms-kommun-follingbogatan-26-6586976704081869090",66-67m²,2026-03-14T11:54:14.384552
5108118484164135293,https://www.hemnet.se/salda/lagenhet-3rum-gamla-kalgarden-jonkopings-kommun-kalgardsgatan-25-a-5108118484164135293,66-67m²,2026-03-14T11:54:14.384553
2405762566239552675,https://www.hemnet.se/salda/lagenhet-3rum-huskvarna-jonkopings-kommun-vasterliden-9c-2405762566239552675,66-67m²,2026-03-14T11:54:14.384554
3842668174882054628,https://www.hemnet.se/salda/lagenhet-3rum-snattringe-huddinge-kommun-kallkarrsvagen-74-3842668174882054628,66-67m²,2026-03-14T11:54:14.384555
277641638836336279,https://www.hemnet.se/salda/lagenhet-3rum-edsberg-landsnora-sollentuna-kommun-rudbecks-vag-155-277641638836336279,66-67m²,2026-03-14T11:54:14.384557
2424034715650710547,https://www.hemnet.se/salda/lagenhet-2rum-sannegardshamnen-goteborgs-kommun-barken-beatrices-gata-4-2424034715650710547,66-67m²,2026-03-14T11:54:14.384558
1460988967231156059,https://www.hemnet.se/salda/lagenhet-3rum-biskopsgarden-goteborgs-kommun-badvadersgatan-25-1460988967231156059,66-67m²,2026-03-14T11:54:14.384559
7251475141240844012,https://www.hemnet.se/salda/lagenhet-3rum-hakanstorp-malmo-kommun-sallerupsvagen-87-7251475141240844012,66-67m²,2026-03-14T11:54:14.384561
419506178708476332,https://www.hemnet.se/salda/lagenhet-3rum-bredsand-enkopings-kommun-regalskeppsvagen-6c-419506178708476332,66-67m²,2026-03-14T11:54:14.384562
2267910111682775895,"https://www.hemnet.se/salda/lagenhet-2rum-hogdalen-stockholms-kommun-skebokvarnsvagen-366,-vaning-10-av-15-2267910111682775895",66-67m²,2026-03-14T11:54:14.384563
2237275198145059679,"https://www.hemnet.se/salda/lagenhet-2,5rum-centralt-sandvikens-kommun-storgatan-20a-2237275198145059679",66-67m²,2026-03-14T11:54:14.384565
4984682909793727395,https://www.hemnet.se/salda/lagenhet-3rum-sofielund-malmo-kommun-sofielundsvagen-48h-4984682909793727395,66-67m²,2026-03-14T11:54:14.384566
5073683718686849919,https://www.hemnet.se/salda/lagenhet-3rum-centrum-vaxjo-kommun-kungsgatan-40-5073683718686849919,66-67m²,2026-03-14T11:54:14.384567
741598703440233741,"https://www.hemnet.se/salda/lagenhet-3rum-stureby-enskede-stockholms-kommun-bastuhagsvagen-55,-3-tr-741598703440233741",66-67m²,2026-03-14T11:54:14.384568
5476114903904546424,https://www.hemnet.se/salda/lagenhet-2rum-centrum-bodens-kommun-kvarngatan-1a-5476114903904546424,66-67m²,2026-03-14T11:54:14.384570
781618250365062905,"https://www.hemnet.se/salda/lagenhet-2,5rum-sodermalm-mariaberget-stockholms-kommun-tavastgatan-8-a,-2-tr-781618250365062905",66-67m²,2026-03-14T11:54:14.384571
107669047250148524,https://www.hemnet.se/salda/lagenhet-3rum-hogsbo-goteborgs-kommun-kapplandsgatan-110-107669047250148524,66-67m²,2026-03-14T11:54:14.384572
4662134262225861758,https://www.hemnet.se/salda/lagenhet-2rum-kurverod-uddevalla-kommun-fredagsvagen-4-4662134262225861758,66-67m²,2026-03-14T11:54:14.384573
7071711944605257399,https://www.hemnet.se/salda/lagenhet-2rum-jarnbrott-goteborgs-kommun-transistorgatan-31-7071711944605257399,66-67m²,2026-03-14T11:54:14.384575
7397746809059774552,https://www.hemnet.se/salda/lagenhet-3rum-vastanfors-fagersta-kommun-allevagen-3-b-7397746809059774552,66-67m²,2026-03-14T11:54:14.384576
1648994896480131326,https://www.hemnet.se/salda/lagenhet-2rum-centralt-oster-orebro-kommun-restalundsvagen-16b-1648994896480131326,66-67m²,2026-03-14T11:54:14.384577
5141859838025726219,https://www.hemnet.se/salda/lagenhet-2rum-nacksta-sundsvalls-kommun-nackstavagen-50a-5141859838025726219,66-67m²,2026-03-14T11:54:14.384579
836550072634733259,https://www.hemnet.se/salda/lagenhet-3rum-gunnesbo-lunds-kommun-rudeboksvagen-66-836550072634733259,66-67m²,2026-03-14T11:54:14.384580
1430231136784721962,https://www.hemnet.se/salda/lagenhet-2rum-valkaren-atvidabergs-kommun-strandgatan-18a-1430231136784721962,66-67m²,2026-03-14T11:54:14.384581
6146782846049664410,https://www.hemnet.se/salda/lagenhet-3rum-kirseberg-malmo-kommun-norra-bulltoftavagen-45a-6146782846049664410,66-67m²,2026-03-14T11:54:14.384583
325651668705688587,https://www.hemnet.se/salda/lagenhet-2rum-bagarmossen-stockholms-kommun-sockenvagen-611-325651668705688587,66-67m²,2026-03-14T11:54:14.384584
6280191173296667674,"https://www.hemnet.se/salda/lagenhet-2,5rum-ostermalm-stockholms-kommun-styrmansgatan-18-6280191173296667674",66-67m²,2026-03-14T11:54:14.384585
1965229659508489371,https://www.hemnet.se/salda/lagenhet-3rum-vasastan-stockholms-kommun-hagagatan-17j-1965229659508489371,66-67m²,2026-03-14T11:54:14.384587
3572207078328709726,https://www.hemnet.se/salda/lagenhet-2rum-bagaregarden-goteborgs-kommun-uddevallagatan-27b-3572207078328709726,66-67m²,2026-03-14T11:54:14.384588
8304286130709387804,https://www.hemnet.se/salda/lagenhet-2rum-jarnbrott-goteborgs-kommun-transistorgatan-33-8304286130709387804,66-67m²,2026-03-14T11:54:14.384589
1944086047061201577,https://www.hemnet.se/salda/lagenhet-2rum-norby-uppsala-kommun-eksoppsvagen-35-1944086047061201577,66-67m²,2026-03-14T11:54:14.384590
7486308280059301793,https://www.hemnet.se/salda/lagenhet-2rum-eriksfalt-soderkulla-malmo-kommun-humanistgatan-8b-7486308280059301793,66-67m²,2026-03-14T11:54:14.384592
7137577358343456529,https://www.hemnet.se/salda/lagenhet-3rum-centrum-lunds-kommun-flormansgatan-10-7137577358343456529,66-67m²,2026-03-14T11:54:14.384593
5159672788740051063,https://www.hemnet.se/salda/lagenhet-2rum-hassleholm-bokeberg-hassleholms-kommun-drottninggatan-133-5159672788740051063,66-67m²,2026-03-14T11:54:14.384594
6510416269454658633,https://www.hemnet.se/salda/lagenhet-2rum-ovre-nyfors-eskilstuna-kommun-sodra-brogatan-31-6510416269454658633,66-67m²,2026-03-14T11:54:14.384595
7246945400724708231,https://www.hemnet.se/salda/lagenhet-3rum-bandhagen-stockholms-kommun-fagelstavagen-40-7246945400724708231,66-67m²,2026-03-14T11:54:14.384596
1831676994072928050,https://www.hemnet.se/salda/lagenhet-3rum-osbydalen-varmdo-kommun-gronsiskevagen-14-1831676994072928050,66-67m²,2026-03-14T11:54:14.384598
2807189005395903797,https://www.hemnet.se/salda/lagenhet-2rum-haggvik-sollentuna-kommun-sollentunavagen-291-2807189005395903797,66-67m²,2026-03-14T11:54:14.384599
698435748656437468,https://www.hemnet.se/salda/lagenhet-3rum-bromma-blackeberg-stockholms-kommun-sigrid-undsets-gata-15-698435748656437468,66-67m²,2026-03-14T11:54:14.384600
3702144862623618239,https://www.hemnet.se/salda/lagenhet-2rum-bjasta-ornskoldsviks-kommun-fagerasvagen-12c-3702144862623618239,66-67m²,2026-03-14T11:54:14.384601
4370261340765232142,https://www.hemnet.se/salda/lagenhet-2rum-gamla-kalgarden-jonkopings-kommun-poppelgrand-4-4370261340765232142,66-67m²,2026-03-14T11:54:14.384603
8029237794293512030,https://www.hemnet.se/salda/lagenhet-3rum-centrala-huddinge-huddinge-kommun-radstuguvagen-16-8029237794293512030,66-67m²,2026-03-14T11:54:14.384604
7495572093801163335,"https://www.hemnet.se/salda/lagenhet-3rum-bjorkhagen-stockholms-kommun-ronnebyvagen-10,-1-tr-7495572093801163335",66-67m²,2026-03-14T11:54:14.384605
2645065214824629015,"https://www.hemnet.se/salda/lagenhet-2,5rum-rissne-sundbybergs-kommun-lavettvagen-41-2645065214824629015",66-67m²,2026-03-14T11:54:14.384606
8989952587487499529,https://www.hemnet.se/salda/lagenhet-3rum-lindholmen-goteborgs-kommun-arbetaregatan-20-8989952587487499529,66-67m²,2026-03-14T11:54:14.384608
7552947405954946636,https://www.hemnet.se/salda/lagenhet-3rum-centrum-falkopings-kommun-klockaregatan-3e-7552947405954946636,66-67m²,2026-03-14T11:54:14.384609
7226405239210196934,https://www.hemnet.se/salda/lagenhet-2rum-rud-karlstads-kommun-fadderortsgatan-11-7226405239210196934,66-67m²,2026-03-14T11:54:14.384610
7910626433283475655,https://www.hemnet.se/salda/lagenhet-3rum-turinge-nykvarns-kommun-bruksparken-12-7910626433283475655,66-67m²,2026-03-14T11:54:14.384611
4283019903230713223,https://www.hemnet.se/salda/lagenhet-2rum-vallingby-parkstad-racksta-stockholms-kommun-jamtlandsgatan-97-4283019903230713223,66-67m²,2026-03-14T11:54:14.384613
4336573462280855620,https://www.hemnet.se/salda/lagenhet-3rum-farsna-norrtalje-kommun-balders-bage-24j-4336573462280855620,66-67m²,2026-03-14T11:54:14.384614
5615749904299564791,https://www.hemnet.se/salda/lagenhet-2rum-norrstaden-harnosands-kommun-langgatan-38-5615749904299564791,66-67m²,2026-03-14T11:54:14.384615
8459273082668409244,https://www.hemnet.se/salda/lagenhet-3rum-strangnas-centrum-strangnas-kommun-vitalisvagen-2c-8459273082668409244,66-67m²,2026-03-14T11:54:14.384616
6388973140184538857,https://www.hemnet.se/salda/lagenhet-2rum-centralt-stromstads-kommun-ryttargangen-36-6388973140184538857,66-67m²,2026-03-14T11:54:14.384618
5850052473932604957,https://www.hemnet.se/salda/lagenhet-3rum-fruangen-stockholms-kommun-fredrika-bremers-gata-17-5850052473932604957,66-67m²,2026-03-14T11:54:14.384619
5148491126879002094,"https://www.hemnet.se/salda/lagenhet-2,5rum-edsberg-sollentuna-kommun-kruthornsvagen-54b-5148491126879002094",66-67m²,2026-03-14T11:54:14.384620
4627395738704060184,https://www.hemnet.se/salda/lagenhet-3rum-farsta-strand-larsboda-stockholms-kommun-filipstadsbacken-70-4627395738704060184,66-67m²,2026-03-14T11:54:14.384621
3202248468278151439,https://www.hemnet.se/salda/lagenhet-3rum-silverdal-sollentuna-kommun-margreteborgsvagen-25-3202248468278151439,66-67m²,2026-03-14T11:54:14.384623
66129902311945841,https://www.hemnet.se/salda/lagenhet-2rum-nacka-strand-nacka-kommun-augustendalsvagen-29-66129902311945841,66-67m²,2026-03-14T11:54:14.384624
2893894754552573922,https://www.hemnet.se/salda/lagenhet-2rum-ekenas-motala-kommun-strandvagen-98-a-lgh-1102-2893894754552573922,66-67m²,2026-03-14T11:54:14.384625
5467697914873724932,https://www.hemnet.se/salda/lagenhet-2rum-centralt-norrkopings-kommun-nya-radstugugatan-30-5467697914873724932,66-67m²,2026-03-14T11:54:14.384626
2121833141691246919,https://www.hemnet.se/salda/lagenhet-2rum-gribbylund-taby-kommun-palmstruchs-vag-82-2tr-2121833141691246919,66-67m²,2026-03-14T11:54:14.384628
6394725221052503937,https://www.hemnet.se/salda/lagenhet-2rum-torvalla-ostersunds-kommun-ottfjallsvagen-54-6394725221052503937,66-67m²,2026-03-14T11:54:14.384629
3556715672052950641,https://www.hemnet.se/salda/lagenhet-2rum-bolinder-strand-jarfalla-kommun-anton-johanssons-vag-4-3556715672052950641,66-67m²,2026-03-14T11:54:14.384630
8246030105654160698,"https://www.hemnet.se/salda/lagenhet-2rum-brandbergen-haninge-kommun-stenbockens-gata-118,-7-tr-8246030105654160698",66-67m²,2026-03-14T11:54:14.384632
7232058365912134504,https://www.hemnet.se/salda/lagenhet-2rum-furulund-partille-kommun-furumossen-163-7232058365912134504,66-67m²,2026-03-14T11:54:14.384633
7895001154045519429,https://www.hemnet.se/salda/lagenhet-2rum-grashagen-jonkopings-kommun-norra-bogesundsgatan-10-7895001154045519429,66-67m²,2026-03-14T11:54:14.384634
4008597824259262383,"https://www.hemnet.se/salda/lagenhet-2,5rum-kungsholmen-stockholms-kommun-garvar-lundins-grand-4-4008597824259262383",66-67m²,2026-03-14T11:54:14.384636
4403789646767156090,https://www.hemnet.se/salda/lagenhet-2rum-kronogarden-trollhattans-kommun-hovslagaregatan-24-4403789646767156090,66-67m²,2026-03-14T11:54:14.384637
4002288131426843812,https://www.hemnet.se/salda/lagenhet-3rum-gardet-stockholms-kommun-oregrundsgatan-7-4002288131426843812,66-67m²,2026-03-14T11:54:14.384638
1149710198042920688,https://www.hemnet.se/salda/lagenhet-3rum-torps-gard-jonkopings-kommun-galoppgatan-26-1149710198042920688,66-67m²,2026-03-14T11:54:14.384639
7140785652288754424,https://www.hemnet.se/salda/lagenhet-2rum-hassleholm-bokeberg-hassleholms-kommun-drottninggatan-145-7140785652288754424,66-67m²,2026-03-14T11:54:14.384641
65680081081638488,https://www.hemnet.se/salda/lagenhet-2rum-centrum-linkopings-kommun-repslagaregatan-34-65680081081638488,66-67m²,2026-03-14T11:54:14.384642
8163238788232891317,https://www.hemnet.se/salda/lagenhet-3rum-bollebygd-bollebygds-kommun-galgbackevagen-13b-8163238788232891317,66-67m²,2026-03-14T11:54:14.384643
2338555257884409656,https://www.hemnet.se/salda/lagenhet-2rum-centrala-hisingen-goteborgs-kommun-vastra-stillestorpsgatan-13-2338555257884409656,66-67m²,2026-03-14T11:54:14.384645
4299731176438202584,https://www.hemnet.se/salda/lagenhet-2rum-nilstorp-lunds-kommun-kastanjegatan-25b-4299731176438202584,66-67m²,2026-03-14T11:54:14.384646
6796017957595356229,https://www.hemnet.se/salda/lagenhet-3rum-sodra-bettorp-orebro-kommun-kornellvagen-41n-6796017957595356229,66-67m²,2026-03-14T11:54:14.384647
8680485555777408995,https://www.hemnet.se/salda/lagenhet-2rum-centralt-upplands-vasby-kommun-stallgatan-16b-8680485555777408995,66-67m²,2026-03-14T11:54:14.384648
5019094598250554248,https://www.hemnet.se/salda/lagenhet-3rum-vasastan-hagastaden-stockholms-kommun-norrbackagatan-49a-5019094598250554248,66-67m²,2026-03-14T11:54:14.384650
5087025593977090724,https://www.hemnet.se/salda/lagenhet-2rum-torshalla-eskilstuna-kommun-georg-nystromsgatan-24-5087025593977090724,66-67m²,2026-03-14T11:54:14.384651
885847809814442143,https://www.hemnet.se/salda/lagenhet-3rum-biskopsgarden-goteborgs-kommun-badvadersgatan-17-885847809814442143,66-67m²,2026-03-14T11:54:14.384652
8495270346569144875,https://www.hemnet.se/salda/lagenhet-2rum-visborgsomradet-gotlands-kommun-stenkumlavag-53-8495270346569144875,66-67m²,2026-03-14T11:54:14.384653
7711853543331978813,"https://www.hemnet.se/salda/lagenhet-2rum-skarpnack-stockholms-kommun-pilotgatan-12,-2tr-7711853543331978813",66-67m²,2026-03-14T11:54:14.384655
7181221154486630319,https://www.hemnet.se/salda/lagenhet-2rum-torpa-jonkopings-kommun-erik-dahlbergsgatan-12a-7181221154486630319,66-67m²,2026-03-14T11:54:14.384656
8744068328296949827,https://www.hemnet.se/salda/lagenhet-2rum-eriksberg-goteborgs-kommun-bratterasgatan-30b-8744068328296949827,66-67m²,2026-03-14T11:54:14.384657
7746778845904067196,https://www.hemnet.se/salda/lagenhet-3rum-mariehojd-umea-kommun-skarvstensgatan-4-7746778845904067196,66-67m²,2026-03-14T11:54:14.384658
3215961468650267575,https://www.hemnet.se/salda/lagenhet-2rum-hasselby-strand-stockholms-kommun-strandliden-57-3215961468650267575,66-67m²,2026-03-14T11:54:14.384660
3951731763337115555,https://www.hemnet.se/salda/lagenhet-3rum-erikslust-malmo-kommun-erikslustvagen-34b-3951731763337115555,66-67m²,2026-03-14T11:54:14.384661
627621932855656568,https://www.hemnet.se/salda/lagenhet-3rum-hammarby-sjostad-stockholms-kommun-virkesvagen-7a-627621932855656568,66-67m²,2026-03-14T11:54:14.384662
5697761756440044270,"https://www.hemnet.se/salda/lagenhet-2,5rum-hoganas-uppsala-kommun-salagatan-12b-5697761756440044270",66-67m²,2026-03-14T11:54:14.384664
3730620256641769013,https://www.hemnet.se/salda/lagenhet-2rum-skelleftea-skelleftea-kommun-lakarvagen-1a-3730620256641769013,66-67m²,2026-03-14T11:54:14.384665
7315363214665462999,https://www.hemnet.se/salda/lagenhet-3rum-skrea-falkenbergs-kommun-brunekullevagen-5a-7315363214665462999,66-67m²,2026-03-14T11:54:14.384666
7664745551993627967,https://www.hemnet.se/salda/lagenhet-3rum-bjorkhagen-stockholms-kommun-svedalavagen-8-7664745551993627967,66-67m²,2026-03-14T11:54:14.384667
6935999372572317827,https://www.hemnet.se/salda/lagenhet-3rum-johannelund-linkopings-kommun-munkhagsgatan-98e-6935999372572317827,66-67m²,2026-03-14T11:54:14.384669
5368235995065581197,https://www.hemnet.se/salda/lagenhet-3rum-hammarbacken-vallentuna-kommun-ekebyvagen-38-5368235995065581197,66-67m²,2026-03-14T11:54:14.384670
7195431016391973279,https://www.hemnet.se/salda/lagenhet-3rum-bagarmossen-stockholms-kommun-kolbacksgrand-36-7195431016391973279,66-67m²,2026-03-14T11:54:14.384671
3256421890919582024,https://www.hemnet.se/salda/lagenhet-3rum-vastra-kungsholmen-hornsbergs-strand-stockholms-kommun-hornsbergs-strand-95-3256421890919582024,66-67m²,2026-03-14T11:54:14.384672
4808392932541150357,"https://www.hemnet.se/salda/lagenhet-2,5rum-hoganas-uppsala-kommun-s-t-olofsgatan-58a-4808392932541150357",66-67m²,2026-03-14T11:54:14.384674
1193643065197765577,https://www.hemnet.se/salda/lagenhet-3rum-orgryte-goteborgs-kommun-goketorpsgatan-34a-1193643065197765577,66-67m²,2026-03-14T11:54:14.384675
2565141837505529835,https://www.hemnet.se/salda/lagenhet-3rum-hagalund-solna-kommun-hagalundsgatan-12-2565141837505529835,66-67m²,2026-03-14T11:54:14.384676
4208673121790234834,https://www.hemnet.se/salda/lagenhet-3rum-vasastan-birkastan-stockholms-kommun-norrbackagatan-40-4208673121790234834,66-67m²,2026-03-14T11:54:14.384678
1622215714427072755,https://www.hemnet.se/salda/lagenhet-2rum-tuna-backar-uppsala-kommun-vapnargatan-5b-1622215714427072755,66-67m²,2026-03-14T11:54:14.384679
1600774911647059622,https://www.hemnet.se/salda/lagenhet-2rum-pildammarna-malmo-kommun-kronborgsvagen-12b-1600774911647059622,66-67m²,2026-03-14T11:54:14.384680
6844623303299210397,https://www.hemnet.se/salda/lagenhet-3rum-falhagen-uppsala-kommun-petterslundsgatan-9a-6844623303299210397,66-67m²,2026-03-14T11:54:14.384681
2052640433195030880,"https://www.hemnet.se/salda/lagenhet-2rum-frosunda-solna-kommun-gustav-iii-s-boulevard-13,-6-tr-2052640433195030880",66-67m²,2026-03-14T11:54:14.384683
3826033629678019261,https://www.hemnet.se/salda/lagenhet-3rum-byttorp-boras-kommun-vindelgatan-39b-3826033629678019261,66-67m²,2026-03-14T11:54:14.384684
979378117936901413,https://www.hemnet.se/salda/lagenhet-3rum-vastra-villastaden-kungsbacka-kommun-bissmarksgatan-9a-979378117936901413,66-67m²,2026-03-14T11:54:14.384685
4370610448307457649,https://www.hemnet.se/salda/lagenhet-2rum-blasut-stockholms-kommun-fyrvaktarkroken-26-4370610448307457649,66-67m²,2026-03-14T11:54:14.384686
2273054775200561606,https://www.hemnet.se/salda/lagenhet-2rum-brunflo-ostersunds-kommun-gransvagen-10-2273054775200561606,66-67m²,2026-03-14T11:54:14.384688
3533577964853484506,https://www.hemnet.se/salda/lagenhet-2rum-hagalund-solna-kommun-kyrkbacken-9-3533577964853484506,66-67m²,2026-03-14T11:54:14.384689
923437908823198899,https://www.hemnet.se/salda/lagenhet-2rum-simrishamn-simrishamns-kommun-landstingsgatan-1-b-923437908823198899,66-67m²,2026-03-14T11:54:14.384690
5331240247486683204,https://www.hemnet.se/salda/lagenhet-2rum-ektorp-norrkopings-kommun-trestegsgatan-53-5331240247486683204,66-67m²,2026-03-14T11:54:14.384692
4444711476911252429,https://www.hemnet.se/salda/lagenhet-2rum-brandbergen-haninge-haninge-kommun-tvillingarnas-gata-332-4444711476911252429,66-67m²,2026-03-14T11:54:14.384693
6449471662515732148,https://www.hemnet.se/salda/lagenhet-3rum-fagelbacken-malmo-kommun-tornskarsgatan-3c-6449471662515732148,66-67m²,2026-03-14T11:54:14.384694
1538878196886681309,https://www.hemnet.se/salda/lagenhet-2rum-forssjo-katrineholms-kommun-forssjo-bruksgarden-3b-1538878196886681309,66-67m²,2026-03-14T11:54:14.384695
6627248972001208661,"https://www.hemnet.se/salda/lagenhet-2,5rum-eneby-norrkopings-kommun-smedstugugatan-37-6627248972001208661",66-67m²,2026-03-14T11:54:14.384697
7759943352914170255,https://www.hemnet.se/salda/lagenhet-2rum-molndal-molndals-kommun-alegardsgatan-64-7759943352914170255,66-67m²,2026-03-14T11:54:14.384698
181512625334064129,"https://www.hemnet.se/salda/lagenhet-3rum-sodermalm-maria-hogalid-stockholms-kommun-bergsunds-strand-34,-3-tr-181512625334064129",66-67m²,2026-03-14T11:54:14.384699
6644765752617382358,https://www.hemnet.se/salda/lagenhet-2rum-solleftea-solleftea-kommun-backgrand-3d-6644765752617382358,66-67m²,2026-03-14T11:54:14.384701
8413523148887836270,https://www.hemnet.se/salda/lagenhet-3rum-ostra-sorgenfri-malmo-kommun-branteviksgatan-5a-8413523148887836270,66-67m²,2026-03-14T11:54:14.384702
1832301014128959539,https://www.hemnet.se/salda/lagenhet-3rum-fruangen-stockholms-kommun-lina-sandells-plan-15-1832301014128959539,66-67m²,2026-03-14T11:54:14.384703
3318651945102632348,https://www.hemnet.se/salda/lagenhet-3rum-kolback-hallstahammars-kommun-stationsgatan-8a-3318651945102632348,66-67m²,2026-03-14T11:54:14.384704
2374741591417151886,https://www.hemnet.se/salda/lagenhet-2rum-centralt-amals-kommun-malmgatan-4-2374741591417151886,66-67m²,2026-03-14T11:54:14.384706
3780552092522534791,https://www.hemnet.se/salda/lagenhet-3rum-hogsbo-goteborgs-kommun-kapplandsgatan-84-b-3780552092522534791,66-67m²,2026-03-14T11:54:14.384707
3971841645854909471,https://www.hemnet.se/salda/lagenhet-3rum-saltsjobaden-neglinge-nacka-kommun-freyvagen-8a-3971841645854909471,66-67m²,2026-03-14T11:54:14.384708
6944943519707275747,https://www.hemnet.se/salda/lagenhet-3rum-gribbylund-taby-kommun-gribbylundsvagen-70a-6944943519707275747,66-67m²,2026-03-14T11:54:14.384709
4556459484195742956,https://www.hemnet.se/salda/lagenhet-3rum-skarholmen-stockholms-kommun-ekholmsvagen-367-4556459484195742956,66-67m²,2026-03-14T11:54:14.384711
6691900753356331598,https://www.hemnet.se/salda/lagenhet-2rum-tyringe-hassleholms-kommun-stenbocksgatan-17b-6691900753356331598,66-67m²,2026-03-14T11:54:14.384712
3571348892204680511,https://www.hemnet.se/salda/lagenhet-2rum-norby-uppsala-kommun-eksoppsvagen-43-3571348892204680511,66-67m²,2026-03-14T11:54:14.384713
8369906597263489321,https://www.hemnet.se/salda/lagenhet-2rum-vasterhaninge-haninge-kommun-bjornvagen-30-8369906597263489321,66-67m²,2026-03-14T11:54:14.384714
1501620821414606433,https://www.hemnet.se/salda/lagenhet-2rum-limhamns-sjostad-malmo-kommun-packhusgatan-31-a-1501620821414606433,66-67m²,2026-03-14T11:54:14.384716
2767341959259913452,https://www.hemnet.se/salda/lagenhet-3rum-skyttorp-uppsala-kommun-myrvagen-6-2767341959259913452,66-67m²,2026-03-14T11:54:14.384717
1042514326194278571,"https://www.hemnet.se/salda/lagenhet-2,5rum-savja-uppsala-kommun-bergslagsresan-78-1042514326194278571",66-67m²,2026-03-14T11:54:14.384718
6972777935463493107,https://www.hemnet.se/salda/lagenhet-3rum-vastra-skogen-solna-kommun-infanterigatan-11-6972777935463493107,66-67m²,2026-03-14T11:54:14.384719
5555408790853485610,https://www.hemnet.se/salda/lagenhet-2rum-malmo-malmo-kommun-kopmansgatan-14-5555408790853485610,66-67m²,2026-03-14T11:54:14.384720
2334603929249051329,https://www.hemnet.se/salda/lagenhet-3rum-hammarby-sjostad-stockholms-kommun-virkesvagen-7a-2334603929249051329,66-67m²,2026-03-14T11:54:14.384722
7603005899639080842,https://www.hemnet.se/salda/lagenhet-2rum-brandbergen-haninge-kommun-lejonets-gata-380-7603005899639080842,66-67m²,2026-03-14T11:54:14.384723
2154148216206262496,https://www.hemnet.se/salda/lagenhet-3rum-kungsladugard-goteborgs-kommun-kungsladugardsgatan-15b-2154148216206262496,66-67m²,2026-03-14T11:54:14.384724
1957445279595904818,https://www.hemnet.se/salda/lagenhet-3rum-eneborg-helsingborgs-kommun-ovre-nytorgsgatan-87b-1957445279595904818,66-67m²,2026-03-14T11:54:14.384726
9173809858661597429,https://www.hemnet.se/salda/lagenhet-2rum-molndal-innerstaden-molndals-kommun-brogatan-16-9173809858661597429,66-67m²,2026-03-14T11:54:14.384727
5922931680828222881,https://www.hemnet.se/salda/lagenhet-2rum-sattuna-skaggetorp-linkopings-kommun-skaggetorps-centrum-36-5922931680828222881,66-67m²,2026-03-14T11:54:14.384728
1635648710509187624,https://www.hemnet.se/salda/lagenhet-3rum-karlberg-karlskoga-kommun-kilstavagen-1c-1635648710509187624,66-67m²,2026-03-14T11:54:14.384729
5466799248650886198,https://www.hemnet.se/salda/lagenhet-2rum-sandakern-umea-kommun-donners-grand-7a-5466799248650886198,66-67m²,2026-03-14T11:54:14.384731
2450343141364806664,https://www.hemnet.se/salda/lagenhet-2rum-blomangen-tegelplan-ostersunds-kommun-sodra-torlandsgatan-20c-2450343141364806664,66-67m²,2026-03-14T11:54:14.384732
173339798656311654,https://www.hemnet.se/salda/lagenhet-2rum-centrala-hisingen-goteborgs-kommun-vastra-stillestorpsgatan-13-173339798656311654,66-67m²,2026-03-14T11:54:14.384733
9156284561016495254,https://www.hemnet.se/salda/lagenhet-2rum-rorsjostaden-malmo-kommun-lojtnantsgatan-12b-9156284561016495254,66-67m²,2026-03-14T11:54:14.384735
1895324607849129743,"https://www.hemnet.se/salda/lagenhet-2,5rum-sala-backe-uppsala-kommun-kastanjegatan-1-1895324607849129743",66-67m²,2026-03-14T11:54:14.384736
7583905422826122098,https://www.hemnet.se/salda/lagenhet-2rum-hisings-backa-goteborgs-kommun-sagengatan-67-7583905422826122098,66-67m²,2026-03-14T11:54:14.384737
7005842948996288689,https://www.hemnet.se/salda/lagenhet-2rum-salabacke-uppsala-kommun-arstagatan-33-7005842948996288689,66-67m²,2026-03-14T11:54:14.384739
993311854466805770,https://www.hemnet.se/salda/lagenhet-2rum-centrala-tyreso-tyreso-kommun-granitvagen-8a-993311854466805770,66-67m²,2026-03-14T11:54:14.384740
1860898545424644466,https://www.hemnet.se/salda/lagenhet-2rum-kallhall-jarfalla-kommun-kallhallsleden-14-van-5-av-5-1860898545424644466,66-67m²,2026-03-14T11:54:14.384741
1378761527323016944,"https://www.hemnet.se/salda/lagenhet-2,5rum-enskede-stockholms-kommun-tappgrand-23-1378761527323016944",66-67m²,2026-03-14T11:54:14.384743
5998393684669490062,https://www.hemnet.se/salda/lagenhet-3rum-soder-gavle-kommun-sodra-radmansgatan-29d-5998393684669490062,66-67m²,2026-03-14T11:54:14.384744
419175568154027946,"https://www.hemnet.se/salda/lagenhet-2rum-kungsholmen-stockholms-kommun-karlsviksgatan-4,-2tr-419175568154027946",66-67m²,2026-03-14T11:54:14.384745
1890239492879834780,https://www.hemnet.se/salda/lagenhet-3rum-gunnesbo-lunds-kommun-rudeboksvagen-50-1890239492879834780,66-67m²,2026-03-14T11:54:14.384747
6289061888136675531,https://www.hemnet.se/salda/lagenhet-3rum-erikslust-malmo-kommun-torupsgatan-1d-6289061888136675531,66-67m²,2026-03-14T11:54:14.384748
7151547744080659007,https://www.hemnet.se/salda/lagenhet-2rum-tosteron-strangnas-kommun-oxhagsvagen-7c-7151547744080659007,66-67m²,2026-03-14T11:54:14.384749
7240247771967077748,https://www.hemnet.se/salda/lagenhet-2rum-stromstad-stromstads-kommun-hattmakaregatan-31-7240247771967077748,66-67m²,2026-03-14T11:54:14.384750
7556896270369802429,https://www.hemnet.se/salda/lagenhet-2rum-norra-eslov-eslovs-kommun-foreningstorget-1c-7556896270369802429,66-67m²,2026-03-14T11:54:14.384752
3235825896167988483,https://www.hemnet.se/salda/lagenhet-3rum-mariehojd-umea-kommun-skarvstensgatan-18-3235825896167988483,66-67m²,2026-03-14T11:54:14.384753
8700776229591211905,https://www.hemnet.se/salda/lagenhet-3rum-centrum-vaxjo-kommun-liedbergsgatan-31-8700776229591211905,66-67m²,2026-03-14T11:54:14.384754
7443497037481350234,https://www.hemnet.se/salda/lagenhet-2rum-jarna-sodertalje-kommun-molnbovagen-23l-7443497037481350234,66-67m²,2026-03-14T11:54:14.384756
2143551130484041929,https://www.hemnet.se/salda/lagenhet-3rum-torps-gard-jonkopings-kommun-galoppgatan-26-2143551130484041929,66-67m²,2026-03-14T11:54:14.384757
6009738345482867472,https://www.hemnet.se/salda/lagenhet-3rum-molndal-bosgarden-molndals-kommun-fralsegardsgatan-5a-6009738345482867472,66-67m²,2026-03-14T11:54:14.384759
4984987265240235547,https://www.hemnet.se/salda/lagenhet-3rum-nasbydal-taby-kommun-nasbydalsvagen-16-4984987265240235547,66-67m²,2026-03-14T11:54:14.384760
5977596164015336764,https://www.hemnet.se/salda/lagenhet-3rum-bohuslan-uddevalla-kommun-ostra-sundskogsvagen-60e-5977596164015336764,66-67m²,2026-03-14T11:54:14.384761
4446523404668329338,https://www.hemnet.se/salda/lagenhet-2rum-mariebo-jonkopings-kommun-mangatan-45-4446523404668329338,66-67m²,2026-03-14T11:54:14.384762
8972368158134304578,https://www.hemnet.se/salda/lagenhet-3rum-nya-hovas-goteborgs-kommun-berguven-6-8972368158134304578,66-67m²,2026-03-14T11:54:14.384764
6762128242324498074,https://www.hemnet.se/salda/lagenhet-3rum-farsta-stockholms-kommun-eksharadsgatan-83-6762128242324498074,66-67m²,2026-03-14T11:54:14.384765
8312888158613841433,https://www.hemnet.se/salda/lagenhet-2rum-kallkallan-lulea-kommun-lingonstigen-49-8312888158613841433,66-67m²,2026-03-14T11:54:14.384766
7447042680879342921,https://www.hemnet.se/salda/lagenhet-3rum-almby-orebro-kommun-bjorkmansgatan-8-7447042680879342921,66-67m²,2026-03-14T11:54:14.384767
8445759325772638227,"https://www.hemnet.se/salda/lagenhet-3rum-kista-gard-stockholms-kommun-skagafjordsgatan-13,-van-6-7-8445759325772638227",66-67m²,2026-03-14T11:54:14.384769
1699726279433166072,https://www.hemnet.se/salda/lagenhet-2rum-linnestaden-goteborgs-kommun-prinsgatan-6-b-1699726279433166072,66-67m²,2026-03-14T11:54:14.384770
8629754740741853253,https://www.hemnet.se/salda/lagenhet-2rum-vasastan-stockholms-kommun-valhallavagen-14-8629754740741853253,66-67m²,2026-03-14T11:54:14.384771
4086870753829785690,https://www.hemnet.se/salda/lagenhet-3rum-gideonsberg-vasteras-kommun-blomstergatan-22-4086870753829785690,66-67m²,2026-03-14T11:54:14.384773
2656105364669957272,https://www.hemnet.se/salda/lagenhet-3rum-abrahamsberg-stockholms-kommun-bavervagen-42-2656105364669957272,66-67m²,2026-03-14T11:54:14.384774
4668105881179810247,"https://www.hemnet.se/salda/lagenhet-2,5rum-bolinder-strand-jarfalla-kommun-aron-lindgrens-vag-10-4668105881179810247",66-67m²,2026-03-14T11:54:14.384776
579219714422543131,"https://www.hemnet.se/salda/lagenhet-2,5rum-nacka-sickla-ekudden-nacka-kommun-ekuddsvagen-19,-1tr-579219714422543131",66-67m²,2026-03-14T11:54:14.384777
4876969858485142379,"https://www.hemnet.se/salda/lagenhet-3rum-huvudsta-solna-kommun-bangatan-3c,-van-3-4876969858485142379",66-67m²,2026-03-14T11:54:14.384778
5364622469352340851,https://www.hemnet.se/salda/lagenhet-2rum-lund-centrum-lunds-kommun-sodra-esplanaden-26-5364622469352340851,66-67m²,2026-03-14T11:54:14.384780
8047868101938756957,https://www.hemnet.se/salda/lagenhet-3rum-centrum-svedala-kommun-nils-fredrikssongatan-7b-8047868101938756957,66-67m²,2026-03-14T11:54:14.384781
986961549732688759,https://www.hemnet.se/salda/lagenhet-2rum-traslov-varbergs-kommun-arboretumgatan-9-986961549732688759,66-67m²,2026-03-14T11:54:14.384782
5495525716143828704,"https://www.hemnet.se/salda/lagenhet-3rum-vastra-skogen-solna-kommun-johan-enbergs-vag-5,-van-3-5495525716143828704",66-67m²,2026-03-14T11:54:14.384784
2363006190491140906,https://www.hemnet.se/salda/lagenhet-2rum-bredang-stockholms-kommun-odd-fellowvagen-39-2363006190491140906,66-67m²,2026-03-14T11:54:14.384785
5542879840665027746,https://www.hemnet.se/salda/lagenhet-3rum-korsta-sundsvalls-kommun-tjadervagen-9-5542879840665027746,66-67m²,2026-03-14T11:54:14.384786
5312245284895182860,https://www.hemnet.se/salda/lagenhet-2rum-bellevue-ystads-kommun-traktorsgatan-2-5312245284895182860,66-67m²,2026-03-14T11:54:14.384787
6339352075409046355,https://www.hemnet.se/salda/lagenhet-2rum-centrala-boden-bodens-kommun-kvarngatan-1-a-6339352075409046355,66-67m²,2026-03-14T11:54:14.384789
5020000361962827592,https://www.hemnet.se/salda/lagenhet-3rum-mariehem-umea-kommun-mariehemsvagen-90-5020000361962827592,66-67m²,2026-03-14T11:54:14.384790
3920863689566098807,https://www.hemnet.se/salda/lagenhet-2rum-centralt-sundsvalls-kommun-rederigatan-16-3920863689566098807,66-67m²,2026-03-14T11:54:14.384791
7413686792946687280,https://www.hemnet.se/salda/lagenhet-2rum-ostervarn-malmo-kommun-sallerupsvagen-14-7413686792946687280,66-67m²,2026-03-14T11:54:14.384793
322532520176251273,https://www.hemnet.se/salda/lagenhet-3rum-gimo-osthammars-kommun-algvagen-4-322532520176251273,66-67m²,2026-03-14T11:54:14.384794
283141525120124064,"https://www.hemnet.se/salda/lagenhet-3rum-grondal-stockholms-kommun-sjobjornsvagen-9,-van-3-3-283141525120124064",66-67m²,2026-03-14T11:54:14.384796
1859425294163629141,https://www.hemnet.se/salda/lagenhet-2rum-centralt-smedby-upplands-vasby-kommun-stallgatan-15a-1859425294163629141,66-67m²,2026-03-14T11:54:14.384797
9003956762376099215,https://www.hemnet.se/salda/lagenhet-2rum-jakobsberg-jarfalla-kommun-birgittavagen-25-9003956762376099215,66-67m²,2026-03-14T11:54:14.384798
3006716766100757653,"https://www.hemnet.se/salda/lagenhet-2,5rum-linnestaden-goteborgs-kommun-sveagatan-23a-3006716766100757653",66-67m²,2026-03-14T11:54:14.384800
1720096504260958893,https://www.hemnet.se/salda/lagenhet-2rum-skogas-huddinge-kommun-loftvagen-14-1720096504260958893,66-67m²,2026-03-14T11:54:14.384801
2163922634133729180,https://www.hemnet.se/salda/lagenhet-3rum-osterbybruk-osthammars-kommun-vallonvagen-6b-2163922634133729180,66-67m²,2026-03-14T11:54:14.384803
5892769054719243727,https://www.hemnet.se/salda/lagenhet-2rum-slottsstaden-malmo-kommun-tarningholmsgatan-13d-5892769054719243727,66-67m²,2026-03-14T11:54:14.384804
3506827328911730500,"https://www.hemnet.se/salda/lagenhet-3rum-gardet-stockholms-kommun-sandhamnsgatan-42d,-6-tr-3506827328911730500",66-67m²,2026-03-14T11:54:14.384805
3176535490843595583,https://www.hemnet.se/salda/lagenhet-3rum-galgberget-falu-kommun-kvartsstigen-8a-3176535490843595583,66-67m²,2026-03-14T11:54:14.384807
8846939728212596006,https://www.hemnet.se/salda/lagenhet-2rum-vimmerby-vimmerby-kommun-furugatan-7c-8846939728212596006,66-67m²,2026-03-14T11:54:14.384808
8559552932911687381,https://www.hemnet.se/salda/lagenhet-2rum-centrum-halmstads-kommun-torsgatan-3c-8559552932911687381,66-67m²,2026-03-14T11:54:14.384809
8819430627717575851,https://www.hemnet.se/salda/lagenhet-3rum-trosso-karlskrona-kommun-arklimastaregatan-31-8819430627717575851,66-67m²,2026-03-14T11:54:14.384811
2479402652627581391,https://www.hemnet.se/salda/lagenhet-3rum-gamla-masthugget-goteborgs-kommun-backegatan-25-b-2479402652627581391,66-67m²,2026-03-14T11:54:14.384812
5292038517135675960,https://www.hemnet.se/salda/lagenhet-2rum-skogsbo-avesta-kommun-emblastigen-2d-5292038517135675960,66-67m²,2026-03-14T11:54:14.384813
5580567103009405639,https://www.hemnet.se/salda/lagenhet-2rum-vastra-faladen-landskrona-kommun-lopargatan-46c-5580567103009405639,66-67m²,2026-03-14T11:54:14.384815
601793690295561389,"https://www.hemnet.se/salda/lagenhet-3rum-nasbypark-taby-kommun-ornstigen-29,-1tr-601793690295561389",66-67m²,2026-03-14T11:54:14.384816
6852507964333831274,https://www.hemnet.se/salda/lagenhet-2rum-linne-goteborgs-kommun-nordhemsgatan-41a-6852507964333831274,66-67m²,2026-03-14T11:54:14.384817
4498164911441493837,https://www.hemnet.se/salda/lagenhet-2rum-sodra-sandby-lunds-kommun-backgatan-31-4498164911441493837,66-67m²,2026-03-14T11:54:14.384819
3556929792011641139,https://www.hemnet.se/salda/lagenhet-2rum-centralt-gavle-kommun-norra-kopparslagargatan-13-a-3556929792011641139,66-67m²,2026-03-14T11:54:14.384820
4525693163963984744,https://www.hemnet.se/salda/lagenhet-2rum-centrum-vallentuna-kommun-morbyvagen-12-4525693163963984744,66-67m²,2026-03-14T11:54:14.384822
1922354712815674943,https://www.hemnet.se/salda/lagenhet-3rum-erikslust-malmo-kommun-erikslustvagen-42j-1922354712815674943,66-67m²,2026-03-14T11:54:14.384823
3912925895320663822,https://www.hemnet.se/salda/lagenhet-3rum-johanneberg-almedal-goteborgs-kommun-molndalsvagen-59a-3912925895320663822,66-67m²,2026-03-14T11:54:14.384824
8567181703020209435,https://www.hemnet.se/salda/lagenhet-3rum-hogsbo-goteborgs-kommun-kapplandsgatan-74-8567181703020209435,66-67m²,2026-03-14T11:54:14.384825
1562585673405122660,https://www.hemnet.se/salda/lagenhet-2rum-rotebro-sollentuna-kommun-timotejvagen-14-1562585673405122660,66-67m²,2026-03-14T11:54:14.384827
6612241845182489422,https://www.hemnet.se/salda/lagenhet-2rum-centrum-skovde-kommun-repslagaregatan-3-6612241845182489422,66-67m²,2026-03-14T11:54:14.384828
4153379289865465847,https://www.hemnet.se/salda/lagenhet-4rum-are-sadeln-are-kommun-sadelvagen-7a-4153379289865465847,66-67m²,2026-03-14T11:54:14.384829
3736847593092593338,https://www.hemnet.se/salda/lagenhet-2rum-centralt-oskarshamns-kommun-vardshusgatan-4b-3736847593092593338,66-67m²,2026-03-14T11:54:14.384830
2554670774967584273,https://www.hemnet.se/salda/lagenhet-2rum-jakobsberg-jarfalla-kommun-veckovagen-7-2554670774967584273,66-67m²,2026-03-14T11:54:14.384832
6082410344187739175,"https://www.hemnet.se/salda/lagenhet-2,5rum-gamla-vaster-malmo-kommun-grynbodgatan-4a-6082410344187739175",66-67m²,2026-03-14T11:54:14.384833
8012703576900177777,https://www.hemnet.se/salda/lagenhet-2rum-stenhagen-uppsala-kommun-kullerstensvagen-7b-8012703576900177777,66-67m²,2026-03-14T11:54:14.384834
5160764536471645789,"https://www.hemnet.se/salda/lagenhet-2rum-lilla-essingen-kungsholmen-stockholms-kommun-luxgatan-9,-van-3-5160764536471645789",66-67m²,2026-03-14T11:54:14.384835
6821879989640325851,"https://www.hemnet.se/salda/lagenhet-2rum-ekenas-motala-kommun-strandvagen-98a,-1-van-6821879989640325851",66-67m²,2026-03-14T11:54:14.384837
8357152231476271912,https://www.hemnet.se/salda/lagenhet-3rum-alta-sodra-hedvigslund-nacka-kommun-lovisedalsvagen-172-8357152231476271912,66-67m²,2026-03-14T11:54:14.384838
6894508625628340212,https://www.hemnet.se/salda/lagenhet-3rum-hovshaga-vaxjo-kommun-paradvagen-19-6894508625628340212,66-67m²,2026-03-14T11:54:14.384839
7380099976737143216,https://www.hemnet.se/salda/lagenhet-2rum-tveten-kungalvs-kommun-tvetgatan-249-7380099976737143216,66-67m²,2026-03-14T11:54:14.384840
853305194958767023,https://www.hemnet.se/salda/lagenhet-3rum-centralt-eslovs-kommun-foreningstorget-1b-853305194958767023,66-67m²,2026-03-14T11:54:14.384842
1836040187056279954,https://www.hemnet.se/salda/lagenhet-3rum-vasastan-stockholms-kommun-vanadisvagen-31-b-1836040187056279954,66-67m²,2026-03-14T11:54:14.384843
1022139395628440924,https://www.hemnet.se/salda/lagenhet-3rum-huvudsta-ingenting-solna-kommun-arvid-tydens-alle-22-1022139395628440924,66-67m²,2026-03-14T11:54:14.384844
6336709379213641754,https://www.hemnet.se/salda/lagenhet-3rum-alvsjo-stockholms-kommun-blackensvagen-49-6336709379213641754,66-67m²,2026-03-14T11:54:14.384846
7417301878229657436,https://www.hemnet.se/salda/lagenhet-3rum-centrala-sundbyberg-sundbybergs-kommun-vattugatan-8-7417301878229657436,66-67m²,2026-03-14T11:54:14.384847
2451593169053979178,https://www.hemnet.se/salda/lagenhet-3rum-lovskatan-lulea-kommun-genvagen-21h-2451593169053979178,66-67m²,2026-03-14T11:54:14.384848
3913878044075538641,https://www.hemnet.se/salda/lagenhet-2rum-vistaberg-huddinge-kommun-midsommarvagen-79-3913878044075538641,66-67m²,2026-03-14T11:54:14.384849
8651189079100829029,"https://www.hemnet.se/salda/lagenhet-2rum-hagersten-solberga-stockholms-kommun-safirgrand-33,-nb-8651189079100829029",66-67m²,2026-03-14T11:54:14.384851
2999022701668499329,https://www.hemnet.se/salda/lagenhet-3rum-edsberg-sollentuna-kommun-kruthornsvagen-30-2999022701668499329,66-67m²,2026-03-14T11:54:14.384852
932664903954107483,https://www.hemnet.se/salda/lagenhet-2rum-rotsunda-sollentuna-kommun-celsings-vag-11-932664903954107483,66-67m²,2026-03-14T11:54:14.384854
2377786379598364394,https://www.hemnet.se/salda/lagenhet-2rum-kvarnberget-karlstads-kommun-vinkelgatan-2-2377786379598364394,66-67m²,2026-03-14T11:54:14.384855
9112956999646245980,https://www.hemnet.se/salda/lagenhet-3rum-stattena-helsingborgs-kommun-roamollagatan-38-9112956999646245980,66-67m²,2026-03-14T11:54:14.384856
5728527483846694792,https://www.hemnet.se/salda/lagenhet-2rum-nacksta-sundsvalls-kommun-nackstavagen-34a-5728527483846694792,66-67m²,2026-03-14T11:54:14.384857
89278303582461187,https://www.hemnet.se/salda/lagenhet-2rum-centrum-ostermalm-vasteras-kommun-stora-gatan-1d-89278303582461187,66-67m²,2026-03-14T11:54:14.384859
1621850105640465221,https://www.hemnet.se/salda/lagenhet-3rum-jakobsberg-jarfalla-kommun-ynglingavagen-20a-1621850105640465221,66-67m²,2026-03-14T11:54:14.384860
3990862562573176527,https://www.hemnet.se/salda/lagenhet-2rum-sodra-sandby-lunds-kommun-backgatan-69-3990862562573176527,66-67m²,2026-03-14T11:54:14.384862
1269455781881109643,https://www.hemnet.se/salda/lagenhet-2rum-oster-katrineholms-kommun-jagaregatan-25-1269455781881109643,66-67m²,2026-03-14T11:54:14.384863
6099360502375800005,https://www.hemnet.se/salda/lagenhet-2rum-gamla-vaster-malmo-kommun-hjulhamnsgatan-8-6099360502375800005,66-67m²,2026-03-14T11:54:14.384864
6167564441292549248,https://www.hemnet.se/salda/lagenhet-3rum-ostermalm-stockholms-kommun-valhallavagen-146f-6167564441292549248,66-67m²,2026-03-14T11:54:14.384866
6082006240512477094,https://www.hemnet.se/salda/lagenhet-2rum-munkeback-goteborgs-kommun-ernst-torulfsgatan-3a-6082006240512477094,66-67m²,2026-03-14T11:54:14.384867
4794354722956131777,https://www.hemnet.se/salda/lagenhet-2rum-city-malmo-kommun-stora-nygatan-30-4794354722956131777,66-67m²,2026-03-14T11:54:14.384868
4924336986819379615,https://www.hemnet.se/salda/lagenhet-2rum-kapellgardet-uppsala-kommun-vattholmavagen-4d-4924336986819379615,66-67m²,2026-03-14T11:54:14.384870
2406126157375500631,https://www.hemnet.se/salda/lagenhet-2rum-hammarby-sjostad-stockholms-kommun-rorgangargatan-17a-2406126157375500631,66-67m²,2026-03-14T11:54:14.384871
3498293854114769482,https://www.hemnet.se/salda/lagenhet-2rum-klippan-centralt-klippans-kommun-tradgardsgatan-1b-3498293854114769482,66-67m²,2026-03-14T11:54:14.384872
2793369349232916675,https://www.hemnet.se/salda/lagenhet-4rum-karrtorp-stockholms-kommun-soderarmsvagen-27-2793369349232916675,66-67m²,2026-03-14T11:54:14.384874
1809450596865535221,https://www.hemnet.se/salda/lagenhet-3rum-lilla-essingen-stockholms-kommun-disponentgatan-4-1809450596865535221,66-67m²,2026-03-14T11:54:14.384875
3423517143467460719,https://www.hemnet.se/salda/lagenhet-3rum-romberga-enkopings-kommun-samskarbogatan-7-3423517143467460719,66-67m²,2026-03-14T11:54:14.384876
2263091759858738186,https://www.hemnet.se/salda/lagenhet-2rum-centrala-trelleborg-trelleborgs-kommun-nygatan-45-2263091759858738186,66-67m²,2026-03-14T11:54:14.384877
606657075595860620,https://www.hemnet.se/salda/lagenhet-3rum-kalltorp-goteborgs-kommun-wingardsgatan-5d-606657075595860620,66-67m²,2026-03-14T11:54:14.384879
4569577817943763361,https://www.hemnet.se/salda/lagenhet-3rum-oster-orebro-kommun-nygatan-84-4569577817943763361,66-67m²,2026-03-14T11:54:14.384880
1977412907545024653,https://www.hemnet.se/salda/lagenhet-3rum-rynningeasen-orebro-kommun-hindergardsgatan-29-g-1977412907545024653,66-67m²,2026-03-14T11:54:14.384881
1644702832039626116,https://www.hemnet.se/salda/lagenhet-2rum-bromma-beckomberga-stockholms-kommun-backbornas-vag-15-1644702832039626116,66-67m²,2026-03-14T11:54:14.384883
8989365209438198997,https://www.hemnet.se/salda/lagenhet-2rum-kungsangen-uppsala-kommun-kryddblandargatan-9-8989365209438198997,66-67m²,2026-03-14T11:54:14.384884
8080363484810652363,https://www.hemnet.se/salda/lagenhet-3rum-hagsatra-stockholms-kommun-frovigatan-22-8080363484810652363,66-67m²,2026-03-14T11:54:14.384885
5216852564997363526,https://www.hemnet.se/salda/lagenhet-3rum-frosunda-solna-kommun-brevduvegatan-6-5216852564997363526,66-67m²,2026-03-14T11:54:14.384886
6403990466648491928,https://www.hemnet.se/salda/lagenhet-2rum-hovas-goteborgs-kommun-skalldalsbacken-8-6403990466648491928,66-67m²,2026-03-14T11:54:14.384888
2107674408901243243,https://www.hemnet.se/salda/lagenhet-2rum-namndemansgarden-staffanstorps-kommun-namndemansgarden-17-a-2107674408901243243,66-67m²,2026-03-14T11:54:14.384889
7470707900312397251,https://www.hemnet.se/salda/lagenhet-2rum-vallingby-parkstad-racksta-stockholms-kommun-jamtlandsgatan-107-7470707900312397251,66-67m²,2026-03-14T11:54:14.384890
456534669067115429,"https://www.hemnet.se/salda/lagenhet-2rum-vastra-skogen-solna-kommun-johan-enbergs-vag-7,-van-5-456534669067115429",66-67m²,2026-03-14T11:54:14.384892
5843198342335837480,https://www.hemnet.se/salda/lagenhet-3rum-vastra-hamnen-malmo-kommun-bomgatan-14-5843198342335837480,66-67m²,2026-03-14T11:54:14.384893
2203552644723535879,https://www.hemnet.se/salda/lagenhet-2rum-brandbergen-haninge-kommun-stenbockens-gata-120-2203552644723535879,66-67m²,2026-03-14T11:54:14.384894
4985232786583244780,https://www.hemnet.se/salda/lagenhet-3rum-tomtebo-nydalaviken-umea-kommun-lyktvagen-32b-4985232786583244780,66-67m²,2026-03-14T11:54:14.384895
4972706508622816341,https://www.hemnet.se/salda/lagenhet-2rum-torslanda-centralt-goteborgs-kommun-fornborgsgatan-15-4972706508622816341,66-67m²,2026-03-14T11:54:14.384897
6358915784354353264,https://www.hemnet.se/salda/lagenhet-2rum-bjarred-hogsater-lomma-kommun-katjavagen-4-6358915784354353264,66-67m²,2026-03-14T11:54:14.384898
1916786610346207748,https://www.hemnet.se/salda/lagenhet-2rum-centralt-gnesta-kommun-granbackavagen-34-1916786610346207748,66-67m²,2026-03-14T11:54:14.384899
8557394797070677293,https://www.hemnet.se/salda/lagenhet-3rum-centrala-hisingen-goteborgs-kommun-virvelvindsgatan-8-8557394797070677293,66-67m²,2026-03-14T11:54:14.384901
5710878598755601153,https://www.hemnet.se/salda/lagenhet-2rum-rasunda-solna-kommun-mittfaltsgatan-5-5710878598755601153,66-67m²,2026-03-14T11:54:14.384902
1994778696082385431,https://www.hemnet.se/salda/lagenhet-3rum-nacka-strand-nacka-kommun-fabrikorvagen-12-1994778696082385431,66-67m²,2026-03-14T11:54:14.384903
4499871580753852621,https://www.hemnet.se/salda/lagenhet-3rum-storskogen-sundbybergs-kommun-friluftsvagen-35-4499871580753852621,66-67m²,2026-03-14T11:54:14.384904
1412683783326555767,https://www.hemnet.se/salda/lagenhet-2rum-adolfsberg-helsingborgs-kommun-sodra-hunnetorpsvagen-44a-1412683783326555767,66-67m²,2026-03-14T11:54:14.384906
1700170359571328462,https://www.hemnet.se/salda/lagenhet-2rum-bifrost-molndals-kommun-slapharvsgatan-5e-1700170359571328462,66-67m²,2026-03-14T11:54:14.384907
3961168560481516951,https://www.hemnet.se/salda/lagenhet-3rum-sandakern-umea-kommun-sandakersgatan-2-3961168560481516951,66-67m²,2026-03-14T11:54:14.384908
8443875639805877487,"https://www.hemnet.se/salda/lagenhet-3rum-kungsholmen-stockholms-kommun-fleminggatan-40-e,-3tr-8443875639805877487",66-67m²,2026-03-14T11:54:14.384910
3662045757570073326,"https://www.hemnet.se/salda/lagenhet-2rum-ostermalm-stockholms-kommun-styrmansgatan-47,-4tr-3662045757570073326",66-67m²,2026-03-14T11:54:14.384911
6166686911675493407,https://www.hemnet.se/salda/lagenhet-2rum-osterhaninge-haninge-kommun-oxens-gata-265-6166686911675493407,66-67m²,2026-03-14T11:54:14.384912
3971286006560687147,https://www.hemnet.se/salda/lagenhet-2rum-oster-katrineholms-kommun-fredsgatan-56-3971286006560687147,66-67m²,2026-03-14T11:54:14.384914
5884392773982756341,https://www.hemnet.se/salda/lagenhet-2rum-nynashamn-nynashamns-kommun-odins-vag-6-5884392773982756341,66-67m²,2026-03-14T11:54:14.384915
3560392525546001117,https://www.hemnet.se/salda/lagenhet-2rum-centrala-gavle-gavle-kommun-staketgatan-9-3560392525546001117,66-67m²,2026-03-14T11:54:14.384916
3944031607340273008,https://www.hemnet.se/salda/lagenhet-2rum-kviberg-goteborgs-kommun-margit-halls-gata-31-3944031607340273008,66-67m²,2026-03-14T11:54:14.384918
6654393824153017117,https://www.hemnet.se/salda/lagenhet-3rum-bagarmossen-stockholms-kommun-kolbacksgrand-31-6654393824153017117,66-67m²,2026-03-14T11:54:14.384919
4844891426987811225,https://www.hemnet.se/salda/lagenhet-3rum-trosso-karlskrona-kommun-ronnebygatan-9d-4844891426987811225,66-67m²,2026-03-14T11:54:14.384920
2951385183835091608,https://www.hemnet.se/salda/lagenhet-2rum-halmstad-centrum-halmstads-kommun-torsgatan-5c-2951385183835091608,66-67m²,2026-03-14T11:54:14.384921
8856113986559058458,"https://www.hemnet.se/salda/lagenhet-3rum-grondal-stockholms-kommun-ekensbergsvagen-23,-2tr-8856113986559058458",66-67m²,2026-03-14T11:54:14.384923
188074213735810778,https://www.hemnet.se/salda/lagenhet-3rum-vattersnas-jonkopings-kommun-andreevagen-3-188074213735810778,66-67m²,2026-03-14T11:54:14.384924
6440749174629353692,https://www.hemnet.se/salda/lagenhet-2rum-dockan-malmo-kommun-isbergs-gata-4-6440749174629353692,66-67m²,2026-03-14T11:54:14.384925
8809268879748353833,https://www.hemnet.se/salda/lagenhet-2rum-centralt-vara-kommun-almgatan-2-d-8809268879748353833,66-67m²,2026-03-14T11:54:14.384926
7525006914590534926,https://www.hemnet.se/salda/lagenhet-2rum-vastra-skogen-solna-kommun-johan-enbergs-vag-15-7525006914590534926,66-67m²,2026-03-14T11:54:14.384928
6450475205920626429,https://www.hemnet.se/salda/lagenhet-2rum-sylte-trollhattans-kommun-bergkullevagen-221-6450475205920626429,66-67m²,2026-03-14T11:54:14.384929
7960617412974192492,https://www.hemnet.se/salda/lagenhet-3rum-haga-vasteras-kommun-haga-parkgata-10b-7960617412974192492,66-67m²,2026-03-14T11:54:14.384930
5649125490932777081,https://www.hemnet.se/salda/lagenhet-2rum-hammarby-sjostad-stockholms-kommun-rorgangargatan-15a-5649125490932777081,66-67m²,2026-03-14T11:54:14.384931
8758796785042646742,https://www.hemnet.se/salda/lagenhet-2rum-hisings-backa-goteborgs-kommun-sankt-jorgens-vag-28c-8758796785042646742,66-67m²,2026-03-14T11:54:14.384933
3516326928183279086,https://www.hemnet.se/salda/lagenhet-3rum-oppeby-nykopings-kommun-linnevagen-10d-3516326928183279086,66-67m²,2026-03-14T11:54:14.384934
5515380275108642324,"https://www.hemnet.se/salda/lagenhet-2rum-kungsholmen-stockholms-kommun-jakob-westinsgatan-7,-2tr-5515380275108642324",66-67m²,2026-03-14T11:54:14.384935
3989237711434832079,https://www.hemnet.se/salda/lagenhet-2rum-trollhattan-trollhattans-kommun-bergkullevagen-221-3989237711434832079,66-67m²,2026-03-14T11:54:14.384936
5904862721560634411,https://www.hemnet.se/salda/lagenhet-3rum-tullinge-botkyrka-kommun-banslattsvagen-15g-5904862721560634411,66-67m²,2026-03-14T11:54:14.384937
4647432765886134611,https://www.hemnet.se/salda/lagenhet-2rum-hagaberg-linkopings-kommun-kompanigatan-50-4647432765886134611,66-67m²,2026-03-14T11:54:14.384939
5969717424470217600,https://www.hemnet.se/salda/lagenhet-2rum-taby-centrum-taby-kommun-biblioteksgangen-4-5969717424470217600,66-67m²,2026-03-14T11:54:14.384940
8887623478910829865,"https://www.hemnet.se/salda/lagenhet-2rum-kungsholmen-fridhemsplan-stockholms-kommun-arbetargatan-28a,-4-tr-8887623478910829865",66-67m²,2026-03-14T11:54:14.384941
2348306658555706739,https://www.hemnet.se/salda/lagenhet-2rum-kungsholmen-stockholms-kommun-kungsholms-kyrkoplan-6-2348306658555706739,66-67m²,2026-03-14T11:54:14.384942
4285383511708746530,https://www.hemnet.se/salda/lagenhet-2rum-hagalund-borlange-kommun-hagavagen-45-4285383511708746530,66-67m²,2026-03-14T11:54:14.384944
8009653437890546549,https://www.hemnet.se/salda/lagenhet-2rum-lund-centrum-lunds-kommun-skolgatan-2-8009653437890546549,66-67m²,2026-03-14T11:54:14.384945
1236166144989161529,"https://www.hemnet.se/salda/lagenhet-3rum-aspudden-ornsberg-stockholms-kommun-jakobsdalsvagen-4,-van-4-1236166144989161529",66-67m²,2026-03-14T11:54:14.384946
6428880563516938983,https://www.hemnet.se/salda/lagenhet-3rum-bagaregarden-goteborgs-kommun-anasvagen-8a-6428880563516938983,66-67m²,2026-03-14T11:54:14.384947
5774310816771244894,https://www.hemnet.se/salda/lagenhet-2rum-lillaudden-vasteras-kommun-verksgatan-18-5774310816771244894,66-67m²,2026-03-14T11:54:14.384949
6353724856041539027,https://www.hemnet.se/salda/lagenhet-3rum-hagalund-solna-kommun-hagalundsgatan-12-6353724856041539027,66-67m²,2026-03-14T11:54:14.384950
7919418252306939809,https://www.hemnet.se/salda/lagenhet-2rum-bergvik-sodertalje-kommun-bergsgatan-10-7919418252306939809,66-67m²,2026-03-14T11:54:14.384951
949328413413838900,https://www.hemnet.se/salda/lagenhet-2rum-karrdal-sollentuna-kommun-lomvagen-43-949328413413838900,66-67m²,2026-03-14T11:54:14.384953
2496062999151852045,https://www.hemnet.se/salda/lagenhet-2rum-kungsangen-tibble-upplands-bro-kommun-hallonvagen-58-2496062999151852045,66-67m²,2026-03-14T11:54:14.384954
9098415612222549172,https://www.hemnet.se/salda/lagenhet-3rum-kortedala-goteborgs-kommun-fastlagsgatan-8-9098415612222549172,66-67m²,2026-03-14T11:54:14.384956
2764511659737017423,https://www.hemnet.se/salda/lagenhet-3rum-vasastan-stockholms-kommun-tulegatan-3-2764511659737017423,66-67m²,2026-03-14T11:54:14.384957
1707202589393960793,https://www.hemnet.se/salda/lagenhet-2rum-rud-karlstad-karlstads-kommun-mossgatan-173-1707202589393960793,66-67m²,2026-03-14T11:54:14.384959
8166009167244137483,https://www.hemnet.se/salda/lagenhet-2rum-ostermalm-stockholms-kommun-vartavagen-23-8166009167244137483,66-67m²,2026-03-14T11:54:14.384960
1362441865042313745,https://www.hemnet.se/salda/lagenhet-2rum-ekholmen-linkopings-kommun-jardalavagen-66b-1362441865042313745,66-67m²,2026-03-14T11:54:14.384961
560572848605275006,https://www.hemnet.se/salda/lagenhet-2rum-lorensberg-goteborgs-kommun-vastgotagatan-7-560572848605275006,66-67m²,2026-03-14T11:54:14.384963
3663672119023051417,https://www.hemnet.se/salda/lagenhet-3rum-stadskarnan-heleneborg-uddevalla-kommun-foreningsgatan-7-3663672119023051417,66-67m²,2026-03-14T11:54:14.384964
6495884314545327951,https://www.hemnet.se/salda/lagenhet-2rum-hattmakaren-stromstads-kommun-hattmakaregatan-29-6495884314545327951,66-67m²,2026-03-14T11:54:14.384965
1632205152374477026,https://www.hemnet.se/salda/lagenhet-2rum-sodra-gotland-gotlands-kommun-asarvegatan-162-1632205152374477026,66-67m²,2026-03-14T11:54:14.384967
5492520244221002342,https://www.hemnet.se/salda/lagenhet-3rum-molndal-stallbacken-molndals-kommun-aby-alle-31-5492520244221002342,66-67m²,2026-03-14T11:54:14.384968
789547534779289259,https://www.hemnet.se/salda/lagenhet-2rum-lomma-hamnomrade-lomma-kommun-hojeagatan-339-789547534779289259,66-67m²,2026-03-14T11:54:14.384970
4731858187314685110,"https://www.hemnet.se/salda/lagenhet-2,5rum-kungsholmen-stockholms-kommun-john-ericssonsgatan-3-4731858187314685110",66-67m²,2026-03-14T11:54:14.384971
91461404499953317,https://www.hemnet.se/salda/lagenhet-3rum-centralt-oster-orebro-kommun-nygatan-82-91461404499953317,66-67m²,2026-03-14T11:54:14.384972
4095150101035583884,https://www.hemnet.se/salda/lagenhet-3rum-vasastaden-stockholms-kommun-bravallagatan-12c-4095150101035583884,66-67m²,2026-03-14T11:54:14.384974
6699227960358176253,https://www.hemnet.se/salda/lagenhet-3rum-bromma-smedslatten-stockholms-kommun-havsfruvagen-5-6699227960358176253,66-67m²,2026-03-14T11:54:14.384975
5966868349641975959,https://www.hemnet.se/salda/lagenhet-3rum-fyllinge-halmstads-kommun-grasejsvagen-33-5966868349641975959,66-67m²,2026-03-14T11:54:14.384976
1096778809247597158,https://www.hemnet.se/salda/lagenhet-2rum-sandarna-fixfabriken-goteborgs-kommun-walter-bengtssons-gata-21-1096778809247597158,66-67m²,2026-03-14T11:54:14.384978
208000590373294960,https://www.hemnet.se/salda/lagenhet-3rum-arenastaden-solna-kommun-evenemangsgatan-40-208000590373294960,66-67m²,2026-03-14T11:54:14.384979
162490075464233872,https://www.hemnet.se/salda/lagenhet-3rum-limhamn-malmo-kommun-linnegatan-29-162490075464233872,66-67m²,2026-03-14T11:54:14.384980
967550963879549993,https://www.hemnet.se/salda/lagenhet-3rum-spanga-bromsten-stockholms-kommun-erik-tegels-vag-35-967550963879549993,66-67m²,2026-03-14T11:54:14.384982
8845610512276279218,https://www.hemnet.se/salda/lagenhet-3rum-raa-helsingborgs-kommun-raavagen-84a-8845610512276279218,66-67m²,2026-03-14T11:54:14.384983
8374616816261481237,https://www.hemnet.se/salda/lagenhet-3rum-styckasen-arvika-kommun-parkgatan-20-8374616816261481237,66-67m²,2026-03-14T11:54:14.384984
4021482595127785896,"https://www.hemnet.se/salda/lagenhet-2rum-centrala-hisingen-goteborgs-kommun-rodlonnsgangen-34,-van-6-av-6-4021482595127785896",66-67m²,2026-03-14T11:54:14.384986
11597801241127663,https://www.hemnet.se/salda/lagenhet-2rum-haga-goteborgs-kommun-skolgatan-9-11597801241127663,66-67m²,2026-03-14T11:54:14.384987
1346769842211489923,https://www.hemnet.se/salda/lagenhet-3rum-raa-helsingborgs-kommun-kielergatan-27a-1346769842211489923,66-67m²,2026-03-14T11:54:14.384988
3315265456412763531,https://www.hemnet.se/salda/lagenhet-3rum-dockan-malmo-kommun-dockgatan-19b-3315265456412763531,66-67m²,2026-03-14T11:54:14.384990
8068006188552001305,https://www.hemnet.se/salda/lagenhet-3rum-ytterby-kungalvs-kommun-olles-gata-4-8068006188552001305,66-67m²,2026-03-14T11:54:14.384991
8921645344479135971,https://www.hemnet.se/salda/lagenhet-3rum-morbyskogen-danderyds-kommun-morbydalen-12-8921645344479135971,66-67m²,2026-03-14T11:54:14.384992
7959798563233406094,"https://www.hemnet.se/salda/lagenhet-2rum-taby-centrum-taby-kommun-biblioteksgangen-6,3tr-7959798563233406094",66-67m²,2026-03-14T11:54:14.384994
7495397844684490699,https://www.hemnet.se/salda/lagenhet-2rum-molndal-bosgarden-molndals-kommun-hagakersgatan-5c-7495397844684490699,66-67m²,2026-03-14T11:54:14.384995
2988866321090200550,https://www.hemnet.se/salda/lagenhet-2rum-centrum-uppsala-kommun-kungsgatan-52c-2988866321090200550,66-67m²,2026-03-14T11:54:14.384996
4868592532771658704,https://www.hemnet.se/salda/lagenhet-2rum-sodermalm-katarina-stockholms-kommun-sodermannagatan-37-4868592532771658704,66-67m²,2026-03-14T11:54:14.384998
4029911849016360269,https://www.hemnet.se/salda/lagenhet-3rum-kapellgardet-uppsala-kommun-djaknegatan-8-4029911849016360269,66-67m²,2026-03-14T11:54:14.384999
1474927179469531365,https://www.hemnet.se/salda/lagenhet-2rum-centralt-vara-kommun-almgatan-4-b-1474927179469531365,66-67m²,2026-03-14T11:54:14.385000
695189723458710309,https://www.hemnet.se/salda/lagenhet-2rum-sibirien-stockholms-kommun-frejgatan-35-695189723458710309,66-67m²,2026-03-14T11:54:14.385002
