property_id,url,area_range,scraped_at
1539315284388438444,https://www.hemnet.se/salda/lagenhet-3rum-akers-styckebruk-strangnas-kommun-bruksraden-11-1539315284388438444,69-70m²,2026-03-14T19:57:01.567822
7407923678567910248,https://www.hemnet.se/salda/lagenhet-3rum-farsta-stockholms-kommun-eksharadsgatan-83-4tr-7407923678567910248,69-70m²,2026-03-14T19:57:01.567829
4654711670488519944,https://www.hemnet.se/salda/lagenhet-3rum-asa-oskarshamns-kommun-furuvagen-12c-4654711670488519944,69-70m²,2026-03-14T19:57:01.567832
1897812971107394950,https://www.hemnet.se/salda/lagenhet-3rum-vaxon-vaxholms-kommun-kulladalsvagen-25a-1897812971107394950,69-70m²,2026-03-14T19:57:01.567835
1169298975634697927,https://www.hemnet.se/salda/lagenhet-3rum-bastad-bastads-kommun-floravagen-18a-1169298975634697927,69-70m²,2026-03-14T19:57:01.567838
8882237658433547946,"https://www.hemnet.se/salda/lagenhet-3,5rum-alvsjo-solberga-stockholms-kommun-solberga-angsvag-8-8882237658433547946",69-70m²,2026-03-14T19:57:01.567841
2925900060491989997,https://www.hemnet.se/salda/lagenhet-3rum-lyckeby-karlskrona-kommun-axel-w-anderssons-vag-13-d-lgh-1001-2925900060491989997,69-70m²,2026-03-14T19:57:01.567844
1801384000333170478,"https://www.hemnet.se/salda/lagenhet-2,5rum-haga-norrkopings-kommun-reenstiernagatan-8-1801384000333170478",69-70m²,2026-03-14T19:57:01.567848
1028259873509187580,https://www.hemnet.se/salda/lagenhet-3rum-ronninge-salems-kommun-skogsrovagen-5-1028259873509187580,69-70m²,2026-03-14T19:57:01.567850
6703170507527801314,https://www.hemnet.se/salda/lagenhet-3rum-johannisdal-kopings-kommun-hagavagen-36-6703170507527801314,69-70m²,2026-03-14T19:57:01.567852
5766257721221984439,https://www.hemnet.se/salda/lagenhet-4rum-are-are-kommun-bjornen-bjornenvagen-16c-5766257721221984439,69-70m²,2026-03-14T19:57:01.567854
8714467440296495784,https://www.hemnet.se/salda/lagenhet-3rum-arvika-arvika-kommun-nygatan-28-8714467440296495784,69-70m²,2026-03-14T19:57:01.567855
5494094391316528286,https://www.hemnet.se/salda/lagenhet-2rum-trollhattan-trollhattans-kommun-halvors-vag-119-5494094391316528286,69-70m²,2026-03-14T19:57:01.567857
8398318370726506749,https://www.hemnet.se/salda/lagenhet-3rum-vallingby-centrum-stockholms-kommun-abiskovagen-6-8398318370726506749,69-70m²,2026-03-14T19:57:01.567858
2186732866440067108,https://www.hemnet.se/salda/lagenhet-3rum-kalleback-goteborgs-kommun-ostgatan-2-2186732866440067108,69-70m²,2026-03-14T19:57:01.567860
5344029310280568700,https://www.hemnet.se/salda/lagenhet-2rum-norr-helsingborgs-kommun-persgatan-53-5344029310280568700,69-70m²,2026-03-14T19:57:01.567861
2429069408947100547,https://www.hemnet.se/salda/lagenhet-4rum-are-bjornen-are-kommun-falken-1a-a-2429069408947100547,69-70m²,2026-03-14T19:57:01.567862
402897556449790942,"https://www.hemnet.se/salda/lagenhet-3rum-rudviken,-solna-centrum-solna-kommun-solgatan-22,-vaning-4-402897556449790942",69-70m²,2026-03-14T19:57:01.567864
2170207964162839627,https://www.hemnet.se/salda/lagenhet-2rum-hagaberg-linkopings-kommun-kompanigatan-44-2170207964162839627,69-70m²,2026-03-14T19:57:01.567865
7767259892668859247,https://www.hemnet.se/salda/lagenhet-2rum-borstahusen-landskrona-kommun-strandvagen-237-7767259892668859247,69-70m²,2026-03-14T19:57:01.567867
64153560336734931,https://www.hemnet.se/salda/lagenhet-2rum-varpinge-lunds-kommun-osten-undens-gata-35-64153560336734931,69-70m²,2026-03-14T19:57:01.567868
2429629751212114429,https://www.hemnet.se/salda/lagenhet-2rum-carlshem-carlshojd-umea-kommun-barnstensvagen-32-2429629751212114429,69-70m²,2026-03-14T19:57:01.567869
1035204843969524092,https://www.hemnet.se/salda/lagenhet-3rum-centralt-oster-orebro-kommun-engelbrektsgatan-27-b-1035204843969524092,69-70m²,2026-03-14T19:57:01.567871
1650853132650759292,"https://www.hemnet.se/salda/lagenhet-3rum-sodermalm-stockholms-kommun-rosenlundsgatan-38a,-3tr-1650853132650759292",69-70m²,2026-03-14T19:57:01.567872
7212651210047529871,https://www.hemnet.se/salda/lagenhet-3rum-vikhem-staffanstorps-kommun-vikhems-bygata-89-7212651210047529871,69-70m²,2026-03-14T19:57:01.567874
4294357087673314360,https://www.hemnet.se/salda/lagenhet-3rum-slottsstaden-malmo-kommun-vastra-kristinelundsvagen-37b-4294357087673314360,69-70m²,2026-03-14T19:57:01.567875
8774102992950612784,https://www.hemnet.se/salda/lagenhet-3rum-norrgard-kalmar-kommun-stagneliusgatan-24c-8774102992950612784,69-70m²,2026-03-14T19:57:01.567877
1361021701131332347,https://www.hemnet.se/salda/lagenhet-3rum-kalleback-goteborgs-kommun-ostgatan-2-1361021701131332347,69-70m²,2026-03-14T19:57:01.567879
2285801443206568665,https://www.hemnet.se/salda/lagenhet-2rum-vasastan-stockholms-kommun-radmansgatan-43-2285801443206568665,69-70m²,2026-03-14T19:57:01.567880
7806580685098283237,"https://www.hemnet.se/salda/lagenhet-3rum-gubbangen-stockholms-kommun-cirkelvagen-6,-3-tr-7806580685098283237",69-70m²,2026-03-14T19:57:01.567882
5941476194469633933,https://www.hemnet.se/salda/lagenhet-3rum-ringstorp-helsingborgs-kommun-kullavagen-33-5941476194469633933,69-70m²,2026-03-14T19:57:01.567883
4546031540436725676,https://www.hemnet.se/salda/lagenhet-2rum-arsta-stockholms-kommun-storsjovagen-76-4546031540436725676,69-70m²,2026-03-14T19:57:01.567884
6086684338818959603,https://www.hemnet.se/salda/lagenhet-2rum-martens-falad-lunds-kommun-kollegievagen-52-6086684338818959603,69-70m²,2026-03-14T19:57:01.567886
8114390138277906920,https://www.hemnet.se/salda/lagenhet-2rum-balsta-habo-kommun-viktoriastigen-19-8114390138277906920,69-70m²,2026-03-14T19:57:01.567887
3318737886667545641,https://www.hemnet.se/salda/lagenhet-2rum-nacka-kvarnholmen-nacka-kommun-mjolnarvagen-10a-3318737886667545641,69-70m²,2026-03-14T19:57:01.567889
5450549021255194198,https://www.hemnet.se/salda/lagenhet-3rum-turinge-nykvarns-kommun-gammeltorpsvagen-4s-5450549021255194198,69-70m²,2026-03-14T19:57:01.567890
4346234250414864192,https://www.hemnet.se/salda/lagenhet-3rum-notudden-oster-malarstrand-vasteras-kommun-agirgatan-6-4346234250414864192,69-70m²,2026-03-14T19:57:01.567892
651966941643206014,https://www.hemnet.se/salda/lagenhet-3rum-satra-ang-danderyds-kommun-satraangsvagen-124-651966941643206014,69-70m²,2026-03-14T19:57:01.567893
4478404888224297465,https://www.hemnet.se/salda/lagenhet-3rum-vast-pa-stan-umea-kommun-kungsgatan-19b-4478404888224297465,69-70m²,2026-03-14T19:57:01.567895
8184871811083939930,https://www.hemnet.se/salda/lagenhet-3rum-ruddalen-goteborgs-kommun-fiolgatan-4-8184871811083939930,69-70m²,2026-03-14T19:57:01.567896
6613740927584832222,https://www.hemnet.se/salda/lagenhet-3rum-luthagen-uppsala-kommun-ringgatan-41-c-6613740927584832222,69-70m²,2026-03-14T19:57:01.567898
5598888234974853926,https://www.hemnet.se/salda/lagenhet-3rum-karlshov-norrkopings-kommun-ulriksdalsgatan-9-5598888234974853926,69-70m²,2026-03-14T19:57:01.567899
5683197337595323804,https://www.hemnet.se/salda/lagenhet-3rum-bjorkhagen-stockholms-kommun-simrishamnsvagen-5-5683197337595323804,69-70m²,2026-03-14T19:57:01.567901
6672871203567505978,https://www.hemnet.se/salda/lagenhet-3rum-molndal-molndals-kommun-stenbrogatan-4b-6672871203567505978,69-70m²,2026-03-14T19:57:01.567902
4408948565605826173,https://www.hemnet.se/salda/lagenhet-3rum-almhog-malmo-kommun-rodkullastigen-5b-4408948565605826173,69-70m²,2026-03-14T19:57:01.567903
8929283109872281336,https://www.hemnet.se/salda/lagenhet-3rum-dalaplan-malmo-kommun-flensburgsgatan-3a-8929283109872281336,69-70m²,2026-03-14T19:57:01.567905
5387324437422872972,https://www.hemnet.se/salda/lagenhet-2rum-hokopinge-vellinge-kommun-backhusvagen-4-5387324437422872972,69-70m²,2026-03-14T19:57:01.567906
2662069525556552446,https://www.hemnet.se/salda/lagenhet-3rum-svartbacken-uppsala-kommun-folkungagatan-10a-2662069525556552446,69-70m²,2026-03-14T19:57:01.567907
7483633770569538304,https://www.hemnet.se/salda/lagenhet-3rum-almhog-malmo-kommun-rodkullastigen-3a-7483633770569538304,69-70m²,2026-03-14T19:57:01.567909
1120229438024329284,https://www.hemnet.se/salda/lagenhet-3rum-tangen-stromstads-kommun-tangenvagen-93-1120229438024329284,69-70m²,2026-03-14T19:57:01.567910
4546288327207241883,https://www.hemnet.se/salda/lagenhet-2rum-sodermalm-maria-stockholms-kommun-assessorsgatan-18c-4546288327207241883,69-70m²,2026-03-14T19:57:01.567911
8026240515300201581,https://www.hemnet.se/salda/lagenhet-2rum-hyllie-malmo-kommun-hyllie-alle-6a-8026240515300201581,69-70m²,2026-03-14T19:57:01.567913
9053789853569723819,https://www.hemnet.se/salda/lagenhet-3rum-karlstorp-trollhattans-kommun-karlstorpsvagen-99-9053789853569723819,69-70m²,2026-03-14T19:57:01.567914
1539081018308182152,https://www.hemnet.se/salda/lagenhet-3rum-annestad-malmo-kommun-sadelmakarebyn-4c-1539081018308182152,69-70m²,2026-03-14T19:57:01.567916
7515683883007897470,https://www.hemnet.se/salda/lagenhet-3rum-jakobsberg-jarfalla-kommun-veckovagen-51-7515683883007897470,69-70m²,2026-03-14T19:57:01.567917
561852017751458085,https://www.hemnet.se/salda/lagenhet-3rum-zakrisdal-karlstads-kommun-zakrisdalsudden-44a-561852017751458085,69-70m²,2026-03-14T19:57:01.567918
5241587806960489434,https://www.hemnet.se/salda/lagenhet-2rum-skovde-skovde-kommun-lundenvagen-29c-5241587806960489434,69-70m²,2026-03-14T19:57:01.567920
4464183610535374414,https://www.hemnet.se/salda/lagenhet-3rum-centrum-alingsas-kommun-hagavagen-4c-4464183610535374414,69-70m²,2026-03-14T19:57:01.567921
4377117267638626278,https://www.hemnet.se/salda/lagenhet-2rum-tuve-goteborgs-kommun-vastra-gunnesgarde-35-4377117267638626278,69-70m²,2026-03-14T19:57:01.567923
924730580916239062,https://www.hemnet.se/salda/lagenhet-2rum-lundby-mjolby-kommun-stjarngatan-13-924730580916239062,69-70m²,2026-03-14T19:57:01.567924
3923038787317676118,https://www.hemnet.se/salda/lagenhet-3rum-kevinge-danderyds-kommun-kevingeringen-51-3923038787317676118,69-70m²,2026-03-14T19:57:01.567926
4191922980076221909,https://www.hemnet.se/salda/lagenhet-3rum-centrum-gavle-kommun-sockerbruksgatan-53-4191922980076221909,69-70m²,2026-03-14T19:57:01.567927
4631641894776813583,https://www.hemnet.se/salda/lagenhet-3rum-lidhem-vasterviks-kommun-idrottsgatan-1-4631641894776813583,69-70m²,2026-03-14T19:57:01.567929
8738981403855716255,https://www.hemnet.se/salda/lagenhet-2rum-soder-halmstads-kommun-matadorgatan-1-8738981403855716255,69-70m²,2026-03-14T19:57:01.567930
5923041494561282482,https://www.hemnet.se/salda/lagenhet-3rum-gardet-stockholms-kommun-carl-akrells-gata-4-5923041494561282482,69-70m²,2026-03-14T19:57:01.567932
2716525132061843209,https://www.hemnet.se/salda/lagenhet-3rum-karlskoga-karlskoga-kommun-flygfaltsvagen-15a-2716525132061843209,69-70m²,2026-03-14T19:57:01.567933
4354772182123841278,https://www.hemnet.se/salda/lagenhet-2rum-arenastaden-solna-kommun-evenemangsgatan-6-4354772182123841278,69-70m²,2026-03-14T19:57:01.567935
956519318496507560,https://www.hemnet.se/salda/lagenhet-2rum-vendelso-haninge-kommun-klarabergsvagen-22a-956519318496507560,69-70m²,2026-03-14T19:57:01.567936
47151804663050052,https://www.hemnet.se/salda/lagenhet-2rum-tveten-kungalvs-kommun-tvetgatan-217-47151804663050052,69-70m²,2026-03-14T19:57:01.567938
729245871105969422,"https://www.hemnet.se/salda/lagenhet-2rum-roslags-nasby-taby-kommun-bla-tornet,-lagenheter-for-dig-som-ar-55-och-vill-bo-smakfullt-och-bekvamt,-i-tabys-basta-lage,-729245871105969422",69-70m²,2026-03-14T19:57:01.567940
1715264401876069146,https://www.hemnet.se/salda/lagenhet-3rum-centralt-pitea-kommun-parkgatan-8a-1715264401876069146,69-70m²,2026-03-14T19:57:01.567942
1334345008702899742,https://www.hemnet.se/salda/lagenhet-3rum-centrala-huddinge-huddinge-kommun-runvagen-1-1334345008702899742,69-70m²,2026-03-14T19:57:01.567943
4185800130091482752,"https://www.hemnet.se/salda/lagenhet-3rum-abrahamsberg-stockholms-kommun-stopvagen-104,-van-2-3-4185800130091482752",69-70m²,2026-03-14T19:57:01.567945
5314504327712334491,https://www.hemnet.se/salda/lagenhet-3rum-vasastan-stockholms-kommun-hagagatan-17e-5314504327712334491,69-70m²,2026-03-14T19:57:01.567946
123700711476876459,"https://www.hemnet.se/salda/lagenhet-3rum-arsta-stockholms-kommun-arstavagen-24,-4-tr-123700711476876459",69-70m²,2026-03-14T19:57:01.567948
3677440241536551642,"https://www.hemnet.se/salda/lagenhet-3rum-gavle-strand-gavle-kommun-stuvaregatan-27,-mp-3677440241536551642",69-70m²,2026-03-14T19:57:01.567950
1781886231180806317,https://www.hemnet.se/salda/lagenhet-3rum-vallingby-grimsta-stockholms-kommun-gulddragargrand-50-1781886231180806317,69-70m²,2026-03-14T19:57:01.567951
5666099296371689968,https://www.hemnet.se/salda/lagenhet-4rum-torslanda-lilleby-goteborgs-kommun-nya-alvegardsvagen-27c-5666099296371689968,69-70m²,2026-03-14T19:57:01.567953
4700033987323214786,"https://www.hemnet.se/salda/lagenhet-2rum-kvarnholmen-nacka-kommun-mjolnarvagen-8a,-4tr-4700033987323214786",69-70m²,2026-03-14T19:57:01.567955
6101039877048394873,https://www.hemnet.se/salda/lagenhet-3rum-ostberga-stockholms-kommun-stamgatan-39-6101039877048394873,69-70m²,2026-03-14T19:57:01.567956
4150093101483903114,https://www.hemnet.se/salda/lagenhet-3rum-edsberg-sollentuna-kommun-kaplansbacken-1-4150093101483903114,69-70m²,2026-03-14T19:57:01.567958
775293358045843108,https://www.hemnet.se/salda/lagenhet-2rum-mosebacke-norrtalje-kommun-torsgatan-2-775293358045843108,69-70m²,2026-03-14T19:57:01.567959
4692310667860752199,https://www.hemnet.se/salda/lagenhet-3rum-rotsunda-sollentuna-kommun-wesstroms-vag-4-4692310667860752199,69-70m²,2026-03-14T19:57:01.567961
2763513666255003691,https://www.hemnet.se/salda/lagenhet-3rum-stenkullen-hedefors-by-lerums-kommun-hedeforsvagen-12-2763513666255003691,69-70m²,2026-03-14T19:57:01.567962
5632056767669212085,"https://www.hemnet.se/salda/lagenhet-3rum-kevinge-danderyds-kommun-kevingeringen-37,-1tr-5632056767669212085",69-70m²,2026-03-14T19:57:01.567963
8682899211669277100,https://www.hemnet.se/salda/lagenhet-3rum-arabien-vasterviks-kommun-ekbacksgatan-27b-8682899211669277100,69-70m²,2026-03-14T19:57:01.567965
9087375176893782284,https://www.hemnet.se/salda/lagenhet-2rum-teleborg-vaxjo-kommun-allmogevagen-44-9087375176893782284,69-70m²,2026-03-14T19:57:01.567966
3749036189397806095,https://www.hemnet.se/salda/lagenhet-3rum-kvarnholmen-nacka-kommun-tre-kronors-vag-54-3749036189397806095,69-70m²,2026-03-14T19:57:01.567968
5944423445820922468,https://www.hemnet.se/salda/lagenhet-3rum-kviberg-goteborgs-kommun-generalsgatan-6-5944423445820922468,69-70m²,2026-03-14T19:57:01.567969
5749477261299919681,https://www.hemnet.se/salda/lagenhet-3rum-torpa-jonkopings-kommun-daltorpsvagen-5c-5749477261299919681,69-70m²,2026-03-14T19:57:01.567970
7258114338388756274,https://www.hemnet.se/salda/lagenhet-3rum-stafsinge-falkenbergs-kommun-glasparlevagen-15b-7258114338388756274,69-70m²,2026-03-14T19:57:01.567972
6683918001232447945,https://www.hemnet.se/salda/lagenhet-2rum-storvreta-uppsala-kommun-morgonvagen-47-6683918001232447945,69-70m²,2026-03-14T19:57:01.567973
3663346030233620045,https://www.hemnet.se/salda/lagenhet-3rum-norrby-fagersta-kommun-floravagen-7-d-3663346030233620045,69-70m²,2026-03-14T19:57:01.567974
6107165892286328374,https://www.hemnet.se/salda/lagenhet-2rum-sodra-ekkallan-linkopings-kommun-rotegatan-4-6107165892286328374,69-70m²,2026-03-14T19:57:01.567976
167342042920127222,"https://www.hemnet.se/salda/lagenhet-2,5rum-gardet-stockholms-kommun-sandhamnsgatan-57b-167342042920127222",69-70m²,2026-03-14T19:57:01.567978
888279857145723218,https://www.hemnet.se/salda/lagenhet-3rum-norra-frosunda-ritorp-solna-kommun-master-simons-vag-20-888279857145723218,69-70m²,2026-03-14T19:57:01.567979
4881562114862361550,https://www.hemnet.se/salda/lagenhet-3rum-sodermalm-zinkensdamm-stockholms-kommun-krukmakargatan-54-4881562114862361550,69-70m²,2026-03-14T19:57:01.567981
3996987927389214640,https://www.hemnet.se/salda/lagenhet-2rum-sodra-ekkallan-linkopings-kommun-rotegatan-8-3996987927389214640,69-70m²,2026-03-14T19:57:01.567982
2991071012523035035,https://www.hemnet.se/salda/lagenhet-3rum-bandhagen-stockholms-kommun-skeppstavagen-33-2991071012523035035,69-70m²,2026-03-14T19:57:01.567983
3562860991309683160,https://www.hemnet.se/salda/lagenhet-3rum-brunnsang-sodertalje-kommun-nysattravagen-17d-3562860991309683160,69-70m²,2026-03-14T19:57:01.567985
1867857995797574640,"https://www.hemnet.se/salda/lagenhet-3rum-ruddalen-goteborgs-kommun-fiolgatan-8,-van-10-1867857995797574640",69-70m²,2026-03-14T19:57:01.567986
5040809398245753575,https://www.hemnet.se/salda/lagenhet-3rum-molndal-bosgarden-molndals-kommun-djaknegatan-1b-5040809398245753575,69-70m²,2026-03-14T19:57:01.567988
8814174100363919131,https://www.hemnet.se/salda/lagenhet-3rum-gardet-stockholms-kommun-furusundsgatan-7-8814174100363919131,69-70m²,2026-03-14T19:57:01.567989
9133990606449375284,https://www.hemnet.se/salda/lagenhet-3rum-ljusstaden-kalmar-kommun-alice-babs-gata-44m-9133990606449375284,69-70m²,2026-03-14T19:57:01.567990
7320329110168784799,https://www.hemnet.se/salda/lagenhet-2rum-marsta-centralt-sigtuna-kommun-vanortsringen-50-7320329110168784799,69-70m²,2026-03-14T19:57:01.567992
1189905884008929855,https://www.hemnet.se/salda/lagenhet-3rum-sollentuna-edsangen-sollentuna-kommun-hovslagarevagen-5-1189905884008929855,69-70m²,2026-03-14T19:57:01.567993
1689107388993316948,https://www.hemnet.se/salda/lagenhet-2rum-balsta-centralt-habo-kommun-astrakanstigen-49-1689107388993316948,69-70m²,2026-03-14T19:57:01.567994
2906260976111211913,https://www.hemnet.se/salda/lagenhet-3rum-centrum-umea-kommun-gotgatan-9-2906260976111211913,69-70m²,2026-03-14T19:57:01.567996
7978506180054311798,https://www.hemnet.se/salda/lagenhet-3rum-duvbo-sundbybergs-kommun-solvallavagen-41b-7978506180054311798,69-70m²,2026-03-14T19:57:01.567997
3857044650541927626,https://www.hemnet.se/salda/lagenhet-3rum-ruddalen-goteborgs-kommun-gitarrgatan-3-3857044650541927626,69-70m²,2026-03-14T19:57:01.567999
7966418452551314630,https://www.hemnet.se/salda/lagenhet-2rum-nya-linero-lunds-kommun-munins-vag-10-7966418452551314630,69-70m²,2026-03-14T19:57:01.568000
6743379079389220985,https://www.hemnet.se/salda/lagenhet-3rum-hammarbyhojden-stockholms-kommun-astorpsringen-15-6743379079389220985,69-70m²,2026-03-14T19:57:01.568002
6846406337156999437,https://www.hemnet.se/salda/lagenhet-3rum-almhog-malmo-kommun-rodkullastigen-1b-6846406337156999437,69-70m²,2026-03-14T19:57:01.568003
2318664010227463099,https://www.hemnet.se/salda/lagenhet-2rum-lunden-skovde-kommun-lundenvagen-11-a-2318664010227463099,69-70m²,2026-03-14T19:57:01.568004
1812749677342568420,https://www.hemnet.se/salda/lagenhet-2rum-centrala-sundbyberg-sundbybergs-kommun-sturegatan-14-1812749677342568420,69-70m²,2026-03-14T19:57:01.568006
4254072319047914863,https://www.hemnet.se/salda/lagenhet-3rum-nasby-park-taby-kommun-koltrastvagen-2d-4254072319047914863,69-70m²,2026-03-14T19:57:01.568007
6433486929692023857,https://www.hemnet.se/salda/lagenhet-3rum-edsberg-sollentuna-kommun-ribbings-vag-8b-6433486929692023857,69-70m²,2026-03-14T19:57:01.568009
3419537470195601618,https://www.hemnet.se/salda/lagenhet-2rum-mariekall-sodertalje-kommun-satersgatan-2-3419537470195601618,69-70m²,2026-03-14T19:57:01.568010
1209160548790600565,https://www.hemnet.se/salda/lagenhet-3rum-centrala-stan-pitea-kommun-parkgatan-6a-1209160548790600565,69-70m²,2026-03-14T19:57:01.568012
6352854623758897822,https://www.hemnet.se/salda/lagenhet-3rum-segeltorp-huddinge-kommun-varnstigen-14-6352854623758897822,69-70m²,2026-03-14T19:57:01.568013
9104974300904385961,https://www.hemnet.se/salda/lagenhet-2rum-korsta-sundsvalls-kommun-klippgatan-5-9104974300904385961,69-70m²,2026-03-14T19:57:01.568014
3909770892655067789,"https://www.hemnet.se/salda/lagenhet-3rum-sodermalm-stockholms-kommun-maria-prastgardsgata-26,-5-av-5-tr,-3909770892655067789",69-70m²,2026-03-14T19:57:01.568016
5581683844515548366,https://www.hemnet.se/salda/lagenhet-3rum-bohusgarden-uddevalla-kommun-skandiavagen-4b-5581683844515548366,69-70m²,2026-03-14T19:57:01.568017
2760125236316437575,https://www.hemnet.se/salda/lagenhet-3rum-vastra-frolunda-goteborgs-kommun-saxofongatan-1-2760125236316437575,69-70m²,2026-03-14T19:57:01.568018
6431931459334927455,https://www.hemnet.se/salda/lagenhet-3rum-centrala-hisingen-goteborgs-kommun-langstromsgatan-38d-6431931459334927455,69-70m²,2026-03-14T19:57:01.568020
2247968165174595331,https://www.hemnet.se/salda/lagenhet-2rum-backadal-angelholms-kommun-liljegatan-24-2247968165174595331,69-70m²,2026-03-14T19:57:01.568021
8591271648903463941,https://www.hemnet.se/salda/lagenhet-3rum-kungsholmen-stockholms-kommun-kristinebergsvagen-14-8591271648903463941,69-70m²,2026-03-14T19:57:01.568022
7086502598006959298,https://www.hemnet.se/salda/lagenhet-2rum-ruddalen-goteborgs-kommun-lilla-kornettgatan-5-7086502598006959298,69-70m²,2026-03-14T19:57:01.568024
8446005538839336300,https://www.hemnet.se/salda/lagenhet-2rum-notudden-vasteras-kommun-agirgatan-8-8446005538839336300,69-70m²,2026-03-14T19:57:01.568025
816662235029742845,https://www.hemnet.se/salda/lagenhet-2rum-karrdal-sollentuna-kommun-lomvagen-663-816662235029742845,69-70m²,2026-03-14T19:57:01.568026
7695413095171436376,https://www.hemnet.se/salda/lagenhet-2rum-huvudsta-solna-kommun-jungfrudansen-33-7695413095171436376,69-70m²,2026-03-14T19:57:01.568028
95211875232747760,https://www.hemnet.se/salda/lagenhet-2rum-centralt-falu-kommun-hyttgatan-76b-95211875232747760,69-70m²,2026-03-14T19:57:01.568029
666857273164886977,https://www.hemnet.se/salda/lagenhet-2rum-centralt-strommen-norrkopings-kommun-garvaregatan-8b-666857273164886977,69-70m²,2026-03-14T19:57:01.568030
704114358452424558,https://www.hemnet.se/salda/lagenhet-3rum-hjallbo-goteborgs-kommun-hjallbogardet-43-704114358452424558,69-70m²,2026-03-14T19:57:01.568032
5084947518928413996,https://www.hemnet.se/salda/lagenhet-3rum-saltsjobaden-nacka-kommun-syrenparken-21-5084947518928413996,69-70m²,2026-03-14T19:57:01.568033
8990662246416017487,https://www.hemnet.se/salda/lagenhet-3rum-norrmalm-skovde-kommun-henrik-gjutares-gata-26a-8990662246416017487,69-70m²,2026-03-14T19:57:01.568034
5544606231273880058,https://www.hemnet.se/salda/lagenhet-3rum-vastra-orminge-nacka-kommun-ormingeringen-36-5544606231273880058,69-70m²,2026-03-14T19:57:01.568036
4562595097528723935,https://www.hemnet.se/salda/lagenhet-3rum-paradiset-nybro-kommun-jakobsgatan-32-a-4562595097528723935,69-70m²,2026-03-14T19:57:01.568037
6520868171557739951,https://www.hemnet.se/salda/lagenhet-3rum-centralt-ljungby-kommun-harabergsplan-3c-6520868171557739951,69-70m²,2026-03-14T19:57:01.568038
1576731132193328815,https://www.hemnet.se/salda/lagenhet-3rum-norra-soderhamn-soderhamns-kommun-kaptensgatan-1c-1576731132193328815,69-70m²,2026-03-14T19:57:01.568040
2751629356407018139,"https://www.hemnet.se/salda/lagenhet-4rum-tandadalen,-salen-malung-salens-kommun-renvagen-30a-2751629356407018139",69-70m²,2026-03-14T19:57:01.568041
1387827628703096462,https://www.hemnet.se/salda/lagenhet-3rum-centrum-tibro-kommun-kvarnvagen-1f-1387827628703096462,69-70m²,2026-03-14T19:57:01.568042
5170185475097326520,https://www.hemnet.se/salda/lagenhet-3rum-ruddalen-goteborgs-kommun-gitarrgatan-3-5170185475097326520,69-70m²,2026-03-14T19:57:01.568044
7541619333097660081,https://www.hemnet.se/salda/lagenhet-3rum-hasselby-strand-stockholms-kommun-mirabellbacken-9-7541619333097660081,69-70m²,2026-03-14T19:57:01.568045
3256874931163971039,https://www.hemnet.se/salda/lagenhet-3rum-nacka-jarla-sjo-nacka-kommun-turbinvagen-5b-3256874931163971039,69-70m²,2026-03-14T19:57:01.568046
3561484555904908893,https://www.hemnet.se/salda/lagenhet-2rum-vastra-orminge-nacka-kommun-ormingeringen-36-3561484555904908893,69-70m²,2026-03-14T19:57:01.568048
8647769447998688690,https://www.hemnet.se/salda/lagenhet-2rum-lund-centrum-lunds-kommun-sodra-esplanaden-31-8647769447998688690,69-70m²,2026-03-14T19:57:01.568049
3695579879610382829,"https://www.hemnet.se/salda/lagenhet-3rum-hogdalen-stockholms-kommun-harpsundsvagen-84a,-van-3-av-4-3695579879610382829",69-70m²,2026-03-14T19:57:01.568050
2199343296600896005,"https://www.hemnet.se/salda/lagenhet-3rum-hogdalen-stockholms-kommun-harpsundsvagen-80a,-3-tr-2199343296600896005",69-70m²,2026-03-14T19:57:01.568052
8619812782109336640,"https://www.hemnet.se/salda/lagenhet-3rum-sodermalm-stockholms-kommun-wollmar-yxkullsgatan-4a,-2-tr-8619812782109336640",69-70m²,2026-03-14T19:57:01.568054
5872646736471772732,https://www.hemnet.se/salda/lagenhet-3rum-skarsatra-lidingo-kommun-pyrolavagen-22-5872646736471772732,69-70m²,2026-03-14T19:57:01.568055
3193547678159458032,https://www.hemnet.se/salda/lagenhet-3rum-vastra-hamnen-malmo-kommun-einar-hansens-esplanad-30a-3193547678159458032,69-70m²,2026-03-14T19:57:01.568057
1644513931266655123,"https://www.hemnet.se/salda/lagenhet-3rum-hagastaden-karolinska-solna-kommun-prostvagen-3,-1tr-1644513931266655123",69-70m²,2026-03-14T19:57:01.568058
2698416278752187244,https://www.hemnet.se/salda/lagenhet-3rum-haga-norra-solna-kommun-slottsvagen-9-2698416278752187244,69-70m²,2026-03-14T19:57:01.568059
6580955962931554239,https://www.hemnet.se/salda/lagenhet-2rum-skara-skara-kommun-vinkolsgatan-1d-6580955962931554239,69-70m²,2026-03-14T19:57:01.568061
2529416222190925312,https://www.hemnet.se/salda/lagenhet-3rum-olsbacka-gavle-kommun-mardvagen-3-2529416222190925312,69-70m²,2026-03-14T19:57:01.568062
2296007812657518621,https://www.hemnet.se/salda/lagenhet-3rum-solna-solna-kommun-rasundavagen-160-2296007812657518621,69-70m²,2026-03-14T19:57:01.568064
8836692367556154982,https://www.hemnet.se/salda/lagenhet-3rum-brynas-gavle-kommun-hillmansgatan-16b-8836692367556154982,69-70m²,2026-03-14T19:57:01.568065
2681280427247873133,https://www.hemnet.se/salda/lagenhet-3rum-sturefors-linkopings-kommun-blaeldsbagen-39a-2681280427247873133,69-70m²,2026-03-14T19:57:01.568067
299943092123057328,https://www.hemnet.se/salda/lagenhet-3rum-bromma-blackeberg-stockholms-kommun-holbergsgatan-65-299943092123057328,69-70m²,2026-03-14T19:57:01.568068
4811680740433777500,"https://www.hemnet.se/salda/lagenhet-3rum-centralt-motala-kommun-storgatan-29a,-2-van-4811680740433777500",69-70m²,2026-03-14T19:57:01.568070
1935682617661794340,https://www.hemnet.se/salda/lagenhet-3rum-skalby-kalmar-kommun-fatabursvagen-19a-1935682617661794340,69-70m²,2026-03-14T19:57:01.568071
9014309392234096663,https://www.hemnet.se/salda/lagenhet-3rum-bredvik-vaxjo-kommun-hogovagen-4a-9014309392234096663,69-70m²,2026-03-14T19:57:01.568072
8713299680275251890,"https://www.hemnet.se/salda/lagenhet-3rum-vasastan-hagastaden-stockholms-kommun-emmy-rappes-gata-2,-van-1-8713299680275251890",69-70m²,2026-03-14T19:57:01.568074
4814117218233616973,https://www.hemnet.se/salda/lagenhet-2rum-ekhagen-norra-djurgarden-stockholms-kommun-docentbacken-1b-4814117218233616973,69-70m²,2026-03-14T19:57:01.568075
1030012444438391340,https://www.hemnet.se/salda/lagenhet-3rum-bromma-traneberg-stockholms-kommun-sulitelmavagen-12-1030012444438391340,69-70m²,2026-03-14T19:57:01.568077
4553296684369581903,https://www.hemnet.se/salda/lagenhet-2rum-nissastrand-halmstads-kommun-torntorget-6b-4553296684369581903,69-70m²,2026-03-14T19:57:01.568078
6314878139823565994,https://www.hemnet.se/salda/lagenhet-3rum-sjodalen-huddinge-kommun-solfagravagen-1-6314878139823565994,69-70m²,2026-03-14T19:57:01.568080
1106709792575502612,https://www.hemnet.se/salda/lagenhet-3rum-kvisthamra-gransater-norrtalje-kommun-noorsgatan-5-1106709792575502612,69-70m²,2026-03-14T19:57:01.568081
6854518079520054147,https://www.hemnet.se/salda/lagenhet-3rum-skarsatra-lidingo-kommun-pyrolavagen-24-6854518079520054147,69-70m²,2026-03-14T19:57:01.568083
4668826722851456494,https://www.hemnet.se/salda/lagenhet-3rum-abrinken-arboga-kommun-stromgatan-5-a-4668826722851456494,69-70m²,2026-03-14T19:57:01.568084
4682280626076901482,"https://www.hemnet.se/salda/lagenhet-3rum-sodermalm-maria-hogalid-stockholms-kommun-timmermansgatan-12,-5tr-4682280626076901482",69-70m²,2026-03-14T19:57:01.568086
6137640358350223276,https://www.hemnet.se/salda/lagenhet-3rum-centralt-mjolby-kommun-kungsvagen-44a-6137640358350223276,69-70m²,2026-03-14T19:57:01.568087
4380047857404988199,https://www.hemnet.se/salda/lagenhet-3rum-alvsjo-stockholms-kommun-johan-skyttes-vag-212-4380047857404988199,69-70m²,2026-03-14T19:57:01.568089
94650666804075827,https://www.hemnet.se/salda/lagenhet-3rum-ostra-torn-lunds-kommun-stralsundsvagen-90-94650666804075827,69-70m²,2026-03-14T19:57:01.568091
2183083903903776276,"https://www.hemnet.se/salda/lagenhet-2rum-lilla-essingen-stockholms-kommun-primusgatan-58,-4tr-2183083903903776276",69-70m²,2026-03-14T19:57:01.568093
2459024442568286520,https://www.hemnet.se/salda/lagenhet-3rum-ostra-hudiksvall-hudiksvalls-kommun-djupegatan-43a-2459024442568286520,69-70m²,2026-03-14T19:57:01.568094
8953253332083158558,https://www.hemnet.se/salda/lagenhet-3rum-vastertorp-stockholms-kommun-slalomvagen-3-8953253332083158558,69-70m²,2026-03-14T19:57:01.568095
5760910695230299705,https://www.hemnet.se/salda/lagenhet-2rum-kungssten-goteborgs-kommun-langedragsvagen-30-5760910695230299705,69-70m²,2026-03-14T19:57:01.568097
4591483556789203081,https://www.hemnet.se/salda/lagenhet-3rum-balsta-habo-kommun-tegvagen-3d-4591483556789203081,69-70m²,2026-03-14T19:57:01.568098
6082329843540803623,https://www.hemnet.se/salda/lagenhet-2rum-sodermalm-stockholms-kommun-hornsgatan-43-6082329843540803623,69-70m²,2026-03-14T19:57:01.568099
222744236055651659,https://www.hemnet.se/salda/lagenhet-3rum-storskogen-sundbybergs-kommun-vattugatan-23-222744236055651659,69-70m²,2026-03-14T19:57:01.568101
7553697886135897673,https://www.hemnet.se/salda/lagenhet-3rum-centrum-varbergs-kommun-norra-vagen-35-7553697886135897673,69-70m²,2026-03-14T19:57:01.568102
2451206977984333286,https://www.hemnet.se/salda/lagenhet-3rum-lerum-centralt-lerums-kommun-haradsvagen-1-c-2451206977984333286,69-70m²,2026-03-14T19:57:01.568104
8188824427233343475,https://www.hemnet.se/salda/lagenhet-3rum-kortedala-goteborgs-kommun-sondagsgatan-9-8188824427233343475,69-70m²,2026-03-14T19:57:01.568105
3113107218220414359,https://www.hemnet.se/salda/lagenhet-3rum-vikingstad-linkopings-kommun-gudruns-gata-8-f-3113107218220414359,69-70m²,2026-03-14T19:57:01.568107
6926257712227085693,https://www.hemnet.se/salda/lagenhet-3rum-jakobsberg-jarfalla-kommun-manadsvagen-48-6926257712227085693,69-70m²,2026-03-14T19:57:01.568108
4955712479261204455,https://www.hemnet.se/salda/lagenhet-3rum-kanikenasholmen-karlstads-kommun-kanikenasbanken-10-c-4955712479261204455,69-70m²,2026-03-14T19:57:01.568110
3819251873948686909,https://www.hemnet.se/salda/lagenhet-3rum-segeltorp-huddinge-kommun-vaktstigen-13-3819251873948686909,69-70m²,2026-03-14T19:57:01.568111
2843296744479080315,"https://www.hemnet.se/salda/lagenhet-3rum-vallingby-vinsta-stockholms-kommun-rabattvagen-44,-uteplats-2843296744479080315",69-70m²,2026-03-14T19:57:01.568134
6824732414964579314,https://www.hemnet.se/salda/lagenhet-3rum-jakobsberg-jarfalla-kommun-manadsvagen-42-6824732414964579314,69-70m²,2026-03-14T19:57:01.568137
4280958993401814640,https://www.hemnet.se/salda/lagenhet-3rum-hantverkarbacken-sandvikens-kommun-hantverkarbacken-7-4280958993401814640,69-70m²,2026-03-14T19:57:01.568138
2170192124765046894,https://www.hemnet.se/salda/lagenhet-2rum-saltsjoqvarn-nacka-kommun-sjokvarnsbacken-6-2170192124765046894,69-70m²,2026-03-14T19:57:01.568140
7753123751331992066,https://www.hemnet.se/salda/lagenhet-3rum-gottfridsberg-linkopings-kommun-tornhagsvagen-20-7753123751331992066,69-70m²,2026-03-14T19:57:01.568141
6930930745422811635,https://www.hemnet.se/salda/lagenhet-3rum-visattra-angar-huddinge-kommun-visattra-backe-12b-6930930745422811635,69-70m²,2026-03-14T19:57:01.568143
5492471426108516581,https://www.hemnet.se/salda/lagenhet-2rum-skogslyckan-uddevalla-kommun-ostanvindsvagen-8-5492471426108516581,69-70m²,2026-03-14T19:57:01.568144
2719818297155126812,https://www.hemnet.se/salda/lagenhet-3rum-vikhem-staffanstorps-kommun-vikhems-bygata-91-2719818297155126812,69-70m²,2026-03-14T19:57:01.568146
2709388455950057003,https://www.hemnet.se/salda/lagenhet-2rum-kyrkbyn-goteborgs-kommun-inagogatan-4-2709388455950057003,69-70m²,2026-03-14T19:57:01.568147
21098107816413487,https://www.hemnet.se/salda/lagenhet-3rum-stureby-stockholms-kommun-backaskiftsvagen-9-21098107816413487,69-70m²,2026-03-14T19:57:01.568149
3392282350122538043,https://www.hemnet.se/salda/lagenhet-3rum-enskede-stureby-stockholms-kommun-skonviksvagen-315-3392282350122538043,69-70m²,2026-03-14T19:57:01.568150
8425054122210532607,"https://www.hemnet.se/salda/lagenhet-2,5rum-johanneshov-stockholms-kommun-kalmgatan-37-8425054122210532607",69-70m²,2026-03-14T19:57:01.568152
5608176822800358696,https://www.hemnet.se/salda/lagenhet-3rum-skelleftea-skelleftea-kommun-klockarbergsvagen-5b-5608176822800358696,69-70m²,2026-03-14T19:57:01.568153
5048133805951903959,https://www.hemnet.se/salda/lagenhet-2rum-vasastan-norrmalm-ostermalm-stockholms-kommun-luntmakargatan-10-5048133805951903959,69-70m²,2026-03-14T19:57:01.568156
1915369548904479315,"https://www.hemnet.se/salda/lagenhet-2,5rum-hammarbyhojden-stockholms-kommun-kalmgatan-35-1915369548904479315",69-70m²,2026-03-14T19:57:01.568157
3577926812107677075,https://www.hemnet.se/salda/lagenhet-3rum-ostertalje-sodertalje-kommun-rimfrostvagen-13f-3577926812107677075,69-70m²,2026-03-14T19:57:01.568158
4819359371094232683,https://www.hemnet.se/salda/lagenhet-3rum-bjorksta-fagersta-kommun-svedjevagen-8b-4819359371094232683,69-70m²,2026-03-14T19:57:01.568160
5375110808852298510,https://www.hemnet.se/salda/lagenhet-3rum-tumba-botkyrka-kommun-skacklingevagen-59-5375110808852298510,69-70m²,2026-03-14T19:57:01.568161
4747167219147207715,https://www.hemnet.se/salda/lagenhet-3rum-tibro-tibro-kommun-gardesvagen-3e-4747167219147207715,69-70m²,2026-03-14T19:57:01.568163
5253037859206414187,https://www.hemnet.se/salda/lagenhet-3rum-kirseberg-malmo-kommun-lundavagen-41-5253037859206414187,69-70m²,2026-03-14T19:57:01.568164
4919889545190506819,https://www.hemnet.se/salda/lagenhet-3rum-centrum-gavle-kommun-hattmakargatan-13-a-4919889545190506819,69-70m²,2026-03-14T19:57:01.568166
1463094816738771287,https://www.hemnet.se/salda/lagenhet-3rum-vikhem-staffanstorps-kommun-vikhems-bygata-110-1463094816738771287,69-70m²,2026-03-14T19:57:01.568167
8535472033726649401,https://www.hemnet.se/salda/lagenhet-3rum-spanga-bromsten-stockholms-kommun-erik-tegels-vag-15-8535472033726649401,69-70m²,2026-03-14T19:57:01.568169
5264625764767019382,https://www.hemnet.se/salda/lagenhet-3rum-oster-orebro-kommun-engelbrektsgatan-27b-5264625764767019382,69-70m²,2026-03-14T19:57:01.568170
525133339195356023,https://www.hemnet.se/salda/lagenhet-3rum-valla-linkopings-kommun-solrosgatan-6a-525133339195356023,69-70m²,2026-03-14T19:57:01.568172
2892145535351633397,https://www.hemnet.se/salda/lagenhet-3rum-karlstad-karlstads-kommun-hagalundsvagen-38c-2892145535351633397,69-70m²,2026-03-14T19:57:01.568173
5406583956343124490,https://www.hemnet.se/salda/lagenhet-3rum-rotebro-sollentuna-kommun-bergkallavagen-72-5406583956343124490,69-70m²,2026-03-14T19:57:01.568175
757628454159276634,"https://www.hemnet.se/salda/lagenhet-2,5rum-svenshogen-stenungsunds-kommun-hallungevagen-24-757628454159276634",69-70m²,2026-03-14T19:57:01.568176
5776059595046927149,"https://www.hemnet.se/salda/lagenhet-3,5rum-kvarnholmen-nacka-nacka-kommun-tre-kronors-vag-58,-3-tr-5776059595046927149",69-70m²,2026-03-14T19:57:01.568178
3594361459914254251,https://www.hemnet.se/salda/lagenhet-2rum-vasastan-stockholms-kommun-vanadisvagen-4-3594361459914254251,69-70m²,2026-03-14T19:57:01.568179
2648059916334853514,https://www.hemnet.se/salda/lagenhet-3rum-edsberg-sollentuna-kommun-kaplansbacken-3b-2648059916334853514,69-70m²,2026-03-14T19:57:01.568180
2679126605614316470,https://www.hemnet.se/salda/lagenhet-3rum-lindbacka-gavle-kommun-skidstavagen-4-e-2679126605614316470,69-70m²,2026-03-14T19:57:01.568182
9013782700357665043,https://www.hemnet.se/salda/lagenhet-2rum-norberg-norbergs-kommun-solbacksallen-14a-9013782700357665043,69-70m²,2026-03-14T19:57:01.568183
6552478615986329055,https://www.hemnet.se/salda/lagenhet-3rum-karlstad-karlstads-kommun-stenhagsgatan-4d-6552478615986329055,69-70m²,2026-03-14T19:57:01.568184
967302564076389676,https://www.hemnet.se/salda/lagenhet-3rum-molndal-bosgarden-molndals-kommun-knarrhogsgatan-6a-967302564076389676,69-70m²,2026-03-14T19:57:01.568186
8040630548526214808,https://www.hemnet.se/salda/lagenhet-3rum-vega-haninge-kommun-gaffelseglet-25-van-7-8040630548526214808,69-70m²,2026-03-14T19:57:01.568188
6831481333797629901,https://www.hemnet.se/salda/lagenhet-3rum-liljeholmskajen-stockholms-kommun-sjoviksbacken-2-6831481333797629901,69-70m²,2026-03-14T19:57:01.568189
3543973006386329937,https://www.hemnet.se/salda/lagenhet-3rum-froson-ostersunds-kommun-frojavagen-12b-3543973006386329937,69-70m²,2026-03-14T19:57:01.568191
3009648919004231760,https://www.hemnet.se/salda/lagenhet-3rum-vatuland-stromstads-kommun-vatulandsgatan-13-3009648919004231760,69-70m²,2026-03-14T19:57:01.568192
1715005484277684775,"https://www.hemnet.se/salda/lagenhet-3,5rum-falhagen-uppsala-kommun-eskilsgatan-3c-1715005484277684775",69-70m²,2026-03-14T19:57:01.568194
8322514137057654319,https://www.hemnet.se/salda/lagenhet-3rum-centrum-varvet-lulea-kommun-vastra-varvsgatan-22a-8322514137057654319,69-70m²,2026-03-14T19:57:01.568195
2788624389887177305,https://www.hemnet.se/salda/lagenhet-3rum-centrala-sundbyberg-sundbybergs-kommun-vegagatan-15-2788624389887177305,69-70m²,2026-03-14T19:57:01.568196
5913520811727159772,https://www.hemnet.se/salda/lagenhet-3rum-torsvik-lidingo-kommun-torsvikssvangen-16-5913520811727159772,69-70m²,2026-03-14T19:57:01.568198
5805686995612469945,https://www.hemnet.se/salda/lagenhet-3rum-farjegardarna-borlange-kommun-ostra-alvslingan-2-a-5805686995612469945,69-70m²,2026-03-14T19:57:01.568199
1755322546091928152,https://www.hemnet.se/salda/lagenhet-2rum-sodermalm-mariaberget-stockholms-kommun-brannkyrkagatan-44-1755322546091928152,69-70m²,2026-03-14T19:57:01.568201
1700719267443766944,https://www.hemnet.se/salda/lagenhet-3rum-hudiksvall-hudiksvalls-kommun-reffelmansvagen-1d-1700719267443766944,69-70m²,2026-03-14T19:57:01.568202
954394655916003140,https://www.hemnet.se/salda/lagenhet-2rum-sjoberg-sollentuna-kommun-sidensvansvagen-42-954394655916003140,69-70m²,2026-03-14T19:57:01.568204
6582180114786948504,https://www.hemnet.se/salda/lagenhet-3rum-abylund-haninge-kommun-kvartarvagen-123-6582180114786948504,69-70m²,2026-03-14T19:57:01.568205
9173800499852661582,https://www.hemnet.se/salda/lagenhet-2rum-kungsholmen-stockholms-kommun-kungsholmstorg-2-9173800499852661582,69-70m²,2026-03-14T19:57:01.568206
1407182447737495456,https://www.hemnet.se/salda/lagenhet-2rum-hagsatra-stockholms-kommun-vintrosagatan-58-1407182447737495456,69-70m²,2026-03-14T19:57:01.568208
2091372109452973693,https://www.hemnet.se/salda/lagenhet-2rum-farsta-stockholms-kommun-ullerudsbacken-81-2091372109452973693,69-70m²,2026-03-14T19:57:01.568210
4612017124970831159,https://www.hemnet.se/salda/lagenhet-3rum-barkarbystaden-jarfalla-kommun-karlslundsvagen-18-4612017124970831159,69-70m²,2026-03-14T19:57:01.568211
1264293298388462360,https://www.hemnet.se/salda/lagenhet-3rum-bergshamra-solna-kommun-jarvstigen-14-1264293298388462360,69-70m²,2026-03-14T19:57:01.568212
8810949561505012586,https://www.hemnet.se/salda/lagenhet-3rum-alvsbacka-skelleftea-kommun-ostra-nygatan-111-8810949561505012586,69-70m²,2026-03-14T19:57:01.568214
2684387720927735200,https://www.hemnet.se/salda/lagenhet-2rum-noltorp-alingsas-kommun-saterigatan-112-2684387720927735200,69-70m²,2026-03-14T19:57:01.568215
6564952931467692043,https://www.hemnet.se/salda/lagenhet-2rum-tuve-goteborgs-kommun-vastra-gunnesgarde-3-6564952931467692043,69-70m²,2026-03-14T19:57:01.568217
2965034567988623821,https://www.hemnet.se/salda/lagenhet-3rum-brynas-gavle-kommun-waldenstromsgatan-9-2965034567988623821,69-70m²,2026-03-14T19:57:01.568218
3013909182604090404,https://www.hemnet.se/salda/lagenhet-3rum-marnas-hammarbacken-ludvika-kommun-ostra-storgatan-30-a-3013909182604090404,69-70m²,2026-03-14T19:57:01.568220
7109529759429366729,"https://www.hemnet.se/salda/lagenhet-3rum-kungsholmen-kristineberg-stockholms-kommun-olof-dalins-vag-16,-6-tr-7109529759429366729",69-70m²,2026-03-14T19:57:01.568222
2763748682480693310,https://www.hemnet.se/salda/lagenhet-2rum-sodermalm-sofo-stockholms-kommun-ostgotagatan-87b-2763748682480693310,69-70m²,2026-03-14T19:57:01.568223
8898104421697250046,"https://www.hemnet.se/salda/lagenhet-3rum-bromma-blackeberg-stockholms-kommun-sigrid-undsets-gata-24,-van-5-8898104421697250046",69-70m²,2026-03-14T19:57:01.568224
5532218908571928935,https://www.hemnet.se/salda/lagenhet-2rum-centrala-handen-haninge-kommun-odenvagen-8-5532218908571928935,69-70m²,2026-03-14T19:57:01.568226
8690188272691103019,"https://www.hemnet.se/salda/lagenhet-3,5rum-skuru-nacka-kommun-barnhemsvagen-5-8690188272691103019",69-70m²,2026-03-14T19:57:01.568227
6659299865204699735,https://www.hemnet.se/salda/lagenhet-3rum-vallhamra-partille-kommun-vallhamra-torg-12b-6659299865204699735,69-70m²,2026-03-14T19:57:01.568228
8446238759865933369,https://www.hemnet.se/salda/lagenhet-3rum-centrum-kungalvs-kommun-fontinvagen-54-8446238759865933369,69-70m²,2026-03-14T19:57:01.568229
8315068357171225504,https://www.hemnet.se/salda/lagenhet-3rum-centrum-ystads-kommun-thorssons-vag-15-8315068357171225504,69-70m²,2026-03-14T19:57:01.568231
9222185164533578687,"https://www.hemnet.se/salda/lagenhet-3rum-alphyddan-nacka-kommun-alphyddevagen-13,-6tr-9222185164533578687",69-70m²,2026-03-14T19:57:01.568232
943372444368522854,https://www.hemnet.se/salda/lagenhet-3rum-ribby-haninge-kommun-solhemsvagen-23-943372444368522854,69-70m²,2026-03-14T19:57:01.568233
234811196900454322,"https://www.hemnet.se/salda/lagenhet-3rum-frosunda-solna-kommun-gustav-iii-s-boulevard-87,-6-tr-234811196900454322",69-70m²,2026-03-14T19:57:01.568235
465376817163869678,"https://www.hemnet.se/salda/lagenhet-3rum-liljeholmskajen-stockholms-kommun-marieviksgatan-38,-5-tr-465376817163869678",69-70m²,2026-03-14T19:57:01.568236
8021984929851517133,https://www.hemnet.se/salda/lagenhet-3rum-berghem-umea-kommun-axtorpsvagen-11-8021984929851517133,69-70m²,2026-03-14T19:57:01.568237
696890961086211265,https://www.hemnet.se/salda/lagenhet-3rum-hagsatra-bandhagen-stockholms-kommun-lillhagsvagen-6-1tr-696890961086211265,69-70m²,2026-03-14T19:57:01.568239
489550960555273552,https://www.hemnet.se/salda/lagenhet-2rum-centrum-gallivare-gallivare-kommun-schaktmastaregatan-10c-489550960555273552,69-70m²,2026-03-14T19:57:01.568240
1007800737622548135,https://www.hemnet.se/salda/lagenhet-3rum-kungsbacka-vastra-villastaden-kungsbacka-kommun-kungsgatan-19-1007800737622548135,69-70m²,2026-03-14T19:57:01.568242
528278202308910369,https://www.hemnet.se/salda/lagenhet-3rum-rasunda-vireberg-solna-kommun-virebergsvagen-16-528278202308910369,69-70m²,2026-03-14T19:57:01.568243
5342658573414078909,https://www.hemnet.se/salda/lagenhet-3rum-telefonplan-midsommarkransen-stockholms-kommun-huvudfabriksgatan-8-5342658573414078909,69-70m²,2026-03-14T19:57:01.568244
26444701901725126,https://www.hemnet.se/salda/lagenhet-2rum-karrdal-sollentuna-kommun-lomvagen-645-26444701901725126,69-70m²,2026-03-14T19:57:01.568245
7408481320779484007,"https://www.hemnet.se/salda/lagenhet-3rum-skrea-herting-hjortsberg-falkenbergs-kommun-hjortvagen-8,-lgh-nr-1302-7408481320779484007",69-70m²,2026-03-14T19:57:01.568247
4126467613270029034,https://www.hemnet.se/salda/lagenhet-3rum-norrahammar-jonkopings-kommun-hammarvagen-9-4126467613270029034,69-70m²,2026-03-14T19:57:01.568248
3576393775715726275,https://www.hemnet.se/salda/lagenhet-69m2-sodermalm-mariaberget-stockholms-kommun-timmermansgatan-2b-3576393775715726275,69-70m²,2026-03-14T19:57:01.568250
1488313397997611449,https://www.hemnet.se/salda/lagenhet-3rum-centrum-eskilstuna-kommun-nyforsgatan-12a-1488313397997611449,69-70m²,2026-03-14T19:57:01.568251
6055256791041205268,https://www.hemnet.se/salda/lagenhet-3rum-farsta-strand-stockholms-kommun-filipstadsbacken-24-6055256791041205268,69-70m²,2026-03-14T19:57:01.568252
6776886359014141701,https://www.hemnet.se/salda/lagenhet-3rum-tefateklinten-trollhattans-kommun-horngatan-27-6776886359014141701,69-70m²,2026-03-14T19:57:01.568254
556385055281047757,https://www.hemnet.se/salda/lagenhet-2rum-ling-uppsala-kommun-lings-vag-57-556385055281047757,69-70m²,2026-03-14T19:57:01.568255
6493041511380328119,https://www.hemnet.se/salda/lagenhet-2rum-mollevangen-lunds-kommun-mollevangsvagen-14b-6493041511380328119,69-70m²,2026-03-14T19:57:01.568256
8041841833125474090,https://www.hemnet.se/salda/lagenhet-2rum-rimbo-norrtalje-kommun-landstormsvagen-16d-8041841833125474090,69-70m²,2026-03-14T19:57:01.568258
92126633585575897,https://www.hemnet.se/salda/lagenhet-3rum-oster-malarstrand-vasteras-kommun-poseidongatan-15-92126633585575897,69-70m²,2026-03-14T19:57:01.568259
5791457350500490254,https://www.hemnet.se/salda/lagenhet-3rum-oster-malarstrand-vasteras-kommun-poseidongatan-13-5791457350500490254,69-70m²,2026-03-14T19:57:01.568260
1562134841473992089,https://www.hemnet.se/salda/lagenhet-3rum-vasastaden-skovde-kommun-vasagatan-13-a-1562134841473992089,69-70m²,2026-03-14T19:57:01.568262
6675998632990233130,https://www.hemnet.se/salda/lagenhet-3rum-herrhagen-karlstads-kommun-stagnellsgatan-5-6675998632990233130,69-70m²,2026-03-14T19:57:01.568263
2339618931130837981,https://www.hemnet.se/salda/lagenhet-2rum-norra-faladen-lunds-kommun-skarpskyttevagen-2g-2339618931130837981,69-70m²,2026-03-14T19:57:01.568265
9081774014519833463,https://www.hemnet.se/salda/lagenhet-4rum-bjornrike-harjedalens-kommun-bjornrike-blastervallsvagen-32d-9081774014519833463,69-70m²,2026-03-14T19:57:01.568266
4550973675987284489,https://www.hemnet.se/salda/lagenhet-2rum-centrala-haninge-haninge-kommun-odenvagen-16-4550973675987284489,69-70m²,2026-03-14T19:57:01.568268
7456110249623865429,https://www.hemnet.se/salda/lagenhet-2rum-carlshem-umea-kommun-barnstensvagen-34-7456110249623865429,69-70m²,2026-03-14T19:57:01.568269
7503403737438978059,https://www.hemnet.se/salda/lagenhet-2rum-gottsunda-uppsala-kommun-cellovagen-52m-7503403737438978059,69-70m²,2026-03-14T19:57:01.568271
2703665971683696238,https://www.hemnet.se/salda/lagenhet-3rum-vastra-hamnen-malmo-kommun-einar-hansens-esplanad-30a-2703665971683696238,69-70m²,2026-03-14T19:57:01.568272
7766954640728286544,https://www.hemnet.se/salda/lagenhet-3rum-liljeholmen-stockholms-kommun-nybohovsbacken-46-7766954640728286544,69-70m²,2026-03-14T19:57:01.568273
4598340414704115671,https://www.hemnet.se/salda/lagenhet-3rum-ribersborg-malmo-kommun-skvadronsgatan-8-4598340414704115671,69-70m²,2026-03-14T19:57:01.568275
4031342081570468968,https://www.hemnet.se/salda/lagenhet-3rum-farmarstigen-tyreso-kommun-kyndelgrand-5-4031342081570468968,69-70m²,2026-03-14T19:57:01.568276
172830480769505203,"https://www.hemnet.se/salda/lagenhet-2,5rum-sodermalm-sofia-stockholms-kommun-tralgrand-5-172830480769505203",69-70m²,2026-03-14T19:57:01.568280
6759132758157006448,https://www.hemnet.se/salda/lagenhet-3rum-ostra-salabacke-uppsala-kommun-johannesbacksgatan-93-6759132758157006448,69-70m²,2026-03-14T19:57:01.568282
200926103582459306,https://www.hemnet.se/salda/lagenhet-3rum-hagsatra-stockholms-kommun-klockhammarsgrand-2-200926103582459306,69-70m²,2026-03-14T19:57:01.568283
556460866703523651,https://www.hemnet.se/salda/lagenhet-2rum-farsta-stockholms-kommun-ullerudsbacken-79-556460866703523651,69-70m²,2026-03-14T19:57:01.568285
126046525725224454,https://www.hemnet.se/salda/lagenhet-3rum-astorp-astorps-kommun-storgatan-4b-126046525725224454,69-70m²,2026-03-14T19:57:01.568286
6153683505780392468,https://www.hemnet.se/salda/lagenhet-3rum-vaster-lunds-kommun-trastvagen-6a-6153683505780392468,69-70m²,2026-03-14T19:57:01.568287
3116368557433107660,https://www.hemnet.se/salda/lagenhet-2rum-roda-bergen-vasastan-stockholms-kommun-kadettgatan-3-3116368557433107660,69-70m²,2026-03-14T19:57:01.568289
3383625539467683612,https://www.hemnet.se/salda/lagenhet-2rum-kungshojd-goteborgs-kommun-hvitfeldtsgatan-14b-3383625539467683612,69-70m²,2026-03-14T19:57:01.568290
4075900115955195101,"https://www.hemnet.se/salda/lagenhet-3rum-dunteberget-motala-kommun-akersholmsvagen-4e,-1-van-4075900115955195101",69-70m²,2026-03-14T19:57:01.568292
5760637825022691957,https://www.hemnet.se/salda/lagenhet-3rum-smedjebacken-smedjebackens-kommun-allegatan-1-a-5760637825022691957,69-70m²,2026-03-14T19:57:01.568293
8325824008358662827,https://www.hemnet.se/salda/lagenhet-3rum-gideonsberg-vasteras-kommun-blomstergatan-18-8325824008358662827,69-70m²,2026-03-14T19:57:01.568294
3962081475640930142,https://www.hemnet.se/salda/lagenhet-3rum-sorby-eklunda-orebro-kommun-sidvallsgatan-5-3962081475640930142,69-70m²,2026-03-14T19:57:01.568296
746365474347976792,"https://www.hemnet.se/salda/lagenhet-3rum-vasastan-stockholms-kommun-sigtunagatan-5a,-3tr,-746365474347976792",69-70m²,2026-03-14T19:57:01.568298
3656675801895856095,https://www.hemnet.se/salda/lagenhet-3rum-hagsatra-stockholms-kommun-porlabacken-37-3656675801895856095,69-70m²,2026-03-14T19:57:01.568299
913803476554186526,https://www.hemnet.se/salda/lagenhet-3rum-jakobsberg-jarfalla-kommun-manadsvagen-52-913803476554186526,69-70m²,2026-03-14T19:57:01.568300
6607681102088938109,https://www.hemnet.se/salda/lagenhet-3rum-gamla-limhamn-malmo-kommun-ostra-ansgarigatan-95e-6607681102088938109,69-70m²,2026-03-14T19:57:01.568302
4039440652413255482,"https://www.hemnet.se/salda/lagenhet-3rum-vasastan-atlas-stockholms-kommun-vanadisvagen-4i,-van-5-5-4039440652413255482",69-70m²,2026-03-14T19:57:01.568303
1011178427838377525,https://www.hemnet.se/salda/lagenhet-3rum-almhog-malmo-kommun-rodkullastigen-3a-1011178427838377525,69-70m²,2026-03-14T19:57:01.568304
5912218845787642512,"https://www.hemnet.se/salda/lagenhet-2,5rum-tveten-kungalvs-kommun-tvetgatan-251-5912218845787642512",69-70m²,2026-03-14T19:57:01.568306
754117628635506806,https://www.hemnet.se/salda/lagenhet-3rum-gultzaudden-lulea-kommun-tjarhovsgatan-18a-754117628635506806,69-70m²,2026-03-14T19:57:01.568307
7261441412356809614,https://www.hemnet.se/salda/lagenhet-3rum-tynnered-goteborgs-kommun-topasgatan-85-7261441412356809614,69-70m²,2026-03-14T19:57:01.568309
1568662014455470479,https://www.hemnet.se/salda/lagenhet-2rum-centrum-ulricehamns-kommun-larkgatan-3d-1568662014455470479,69-70m²,2026-03-14T19:57:01.568310
856865857952784691,https://www.hemnet.se/salda/lagenhet-3rum-kvarngardet-uppsala-kommun-rabyvagen-80-856865857952784691,69-70m²,2026-03-14T19:57:01.568312
1211202304079491623,https://www.hemnet.se/salda/lagenhet-3rum-ostermalm-motala-kommun-ostermalmsgatan-9a-1211202304079491623,69-70m²,2026-03-14T19:57:01.568313
5907381748519023368,https://www.hemnet.se/salda/lagenhet-3rum-johanneberg-goteborgs-kommun-cederbourgsgatan-9-5907381748519023368,69-70m²,2026-03-14T19:57:01.568314
151808583437776053,https://www.hemnet.se/salda/lagenhet-4rum-bromma-smedslatten-stockholms-kommun-havsfruvagen-6-151808583437776053,69-70m²,2026-03-14T19:57:01.568316
7531872412280845940,https://www.hemnet.se/salda/lagenhet-3rum-villan-angelholms-kommun-asbogatan-33b-7531872412280845940,69-70m²,2026-03-14T19:57:01.568317
5585146928647576268,https://www.hemnet.se/salda/lagenhet-3rum-hantverkarbacken-sandvikens-kommun-hantverkarbacken-26a-5585146928647576268,69-70m²,2026-03-14T19:57:01.568318
3342132523015302281,https://www.hemnet.se/salda/lagenhet-3rum-hogsbo-goteborgs-kommun-marklandsgatan-67-3342132523015302281,69-70m²,2026-03-14T19:57:01.568320
1467869592413212026,"https://www.hemnet.se/salda/lagenhet-3rum-arsta-stockholms-kommun-jarnlundsvagen-23,-2-tr-1467869592413212026",69-70m²,2026-03-14T19:57:01.568321
4914464060820050910,"https://www.hemnet.se/salda/lagenhet-3rum-centralt-sigtuna-kommun-centralgatan-7a,-bv-4914464060820050910",69-70m²,2026-03-14T19:57:01.568323
1544877454496576908,"https://www.hemnet.se/salda/lagenhet-2,5rum-alvsjo-stockholms-kommun-solberga-hagvag-18-1544877454496576908",69-70m²,2026-03-14T19:57:01.568324
3182498820406659781,"https://www.hemnet.se/salda/lagenhet-3rum-ruddalen-goteborgs-kommun-fiolgatan-8,-van-12-12-3182498820406659781",69-70m²,2026-03-14T19:57:01.568325
5043666903601210948,https://www.hemnet.se/salda/lagenhet-3rum-stigslund-gavle-kommun-tallasvagen-18a-5043666903601210948,69-70m²,2026-03-14T19:57:01.568327
112177666866705761,https://www.hemnet.se/salda/lagenhet-3rum-ornaset-lulea-kommun-krongardsringen-30-112177666866705761,69-70m²,2026-03-14T19:57:01.568328
9048798787508770391,"https://www.hemnet.se/salda/lagenhet-2,5rum-eneby-norrkopings-kommun-reenstiernagatan-90-9048798787508770391",69-70m²,2026-03-14T19:57:01.568330
4828838508687686564,https://www.hemnet.se/salda/lagenhet-3rum-sommarro-uppsala-kommun-lindsbergsgatan-13a-4828838508687686564,69-70m²,2026-03-14T19:57:01.568331
5491663220114123451,https://www.hemnet.se/salda/lagenhet-2rum-centralt-kungalvs-kommun-frakne-grand-13-5491663220114123451,69-70m²,2026-03-14T19:57:01.568332
8181169623666569759,"https://www.hemnet.se/salda/lagenhet-3rum-skanstull-stockholms-kommun-sodermannagatan-74,-4-tr-8181169623666569759",69-70m²,2026-03-14T19:57:01.568334
6663427190921297186,https://www.hemnet.se/salda/lagenhet-2rum-sodermalm-stockholms-kommun-fatburs-kvarngata-18-6663427190921297186,69-70m²,2026-03-14T19:57:01.568335
620628806068054917,https://www.hemnet.se/salda/lagenhet-3rum-tradgardsstaden-skovde-kommun-stenmursgatan-20d-620628806068054917,69-70m²,2026-03-14T19:57:01.568336
5649553615487489506,https://www.hemnet.se/salda/lagenhet-2rum-nedre-johanneberg-goteborgs-kommun-pontus-wiknersgatan-4-5649553615487489506,69-70m²,2026-03-14T19:57:01.568338
6701480926954994304,https://www.hemnet.se/salda/lagenhet-3rum-haga-vasteras-kommun-haga-parkgata-10a-6701480926954994304,69-70m²,2026-03-14T19:57:01.568339
991062063104650253,https://www.hemnet.se/salda/lagenhet-3rum-vallingby-centrum-stockholms-kommun-arevagen-21-991062063104650253,69-70m²,2026-03-14T19:57:01.568341
7107716153377935796,https://www.hemnet.se/salda/lagenhet-2rum-dalaberg-uddevalla-kommun-tant-bruns-vag-101-7107716153377935796,69-70m²,2026-03-14T19:57:01.568342
8873817958790526819,https://www.hemnet.se/salda/lagenhet-2rum-styckasen-arvika-kommun-nordgatan-3-b-8873817958790526819,69-70m²,2026-03-14T19:57:01.568343
8702669429982591724,"https://www.hemnet.se/salda/lagenhet-2,5rum-farsta-strand-stockholms-kommun-filipstadsbacken-36-8702669429982591724",69-70m²,2026-03-14T19:57:01.568344
3055009115679615942,https://www.hemnet.se/salda/lagenhet-3rum-sodertalje-sodertalje-kommun-syrengatan-13-3055009115679615942,69-70m²,2026-03-14T19:57:01.568346
8680577124186475684,https://www.hemnet.se/salda/lagenhet-3rum-grondal-liljeholmen-stockholms-kommun-lovholmsvagen-19-8680577124186475684,69-70m²,2026-03-14T19:57:01.568347
3602951923846668036,"https://www.hemnet.se/salda/lagenhet-3rum-skrea-herting-hjortsberg-falkenbergs-kommun-hjortvagen-8,-lgh-nr-1404-3602951923846668036",69-70m²,2026-03-14T19:57:01.568348
74272554916349102,https://www.hemnet.se/salda/lagenhet-2rum-korsta-sundsvalls-kommun-klippgatan-31-74272554916349102,69-70m²,2026-03-14T19:57:01.568350
4969317756489788781,https://www.hemnet.se/salda/lagenhet-3rum-vastra-orminge-nacka-kommun-utovagen-12-4969317756489788781,69-70m²,2026-03-14T19:57:01.568351
284300105005332561,https://www.hemnet.se/salda/lagenhet-3rum-majorna-goteborgs-kommun-vantgatan-3a-284300105005332561,69-70m²,2026-03-14T19:57:01.568352
145465250971492388,"https://www.hemnet.se/salda/lagenhet-3rum-grondal-stockholms-kommun-klyvarvagen-4,-1tr-145465250971492388",69-70m²,2026-03-14T19:57:01.568353
7691668201508167052,"https://www.hemnet.se/salda/lagenhet-3rum-arsta-gullmarsplan-stockholms-kommun-skontorpsvagen-9,-6tr-7691668201508167052",69-70m²,2026-03-14T19:57:01.568355
5046559768828468045,https://www.hemnet.se/salda/lagenhet-3rum-oster-nykopings-kommun-ostra-kvarngatan-23-5046559768828468045,69-70m²,2026-03-14T19:57:01.568356
8368321349812125086,https://www.hemnet.se/salda/lagenhet-3rum-sodra-soderhamn-soderhamns-kommun-ringvagen-3a-8368321349812125086,69-70m²,2026-03-14T19:57:01.568357
2060069641723850063,https://www.hemnet.se/salda/lagenhet-2rum-rasunda-solna-kommun-rasundavagen-117b-2060069641723850063,69-70m²,2026-03-14T19:57:01.568358
4948686047710319575,https://www.hemnet.se/salda/lagenhet-3rum-munkeback-goteborgs-kommun-attehogsgatan-10a-4948686047710319575,69-70m²,2026-03-14T19:57:01.568360
616700549735667061,https://www.hemnet.se/salda/lagenhet-3rum-lerum-centralt-lerums-kommun-kantor-edgrens-vag-10-b-616700549735667061,69-70m²,2026-03-14T19:57:01.568361
2170258755172388112,https://www.hemnet.se/salda/lagenhet-4rum-hogdalen-stockholms-kommun-skebokvarnsvagen-319-2170258755172388112,69-70m²,2026-03-14T19:57:01.568362
4306376456298918426,https://www.hemnet.se/salda/lagenhet-3rum-mariekall-sodertalje-kommun-tradgardsgatan-7-4306376456298918426,69-70m²,2026-03-14T19:57:01.568363
450476525816270737,https://www.hemnet.se/salda/lagenhet-3rum-ostermalm-stockholms-kommun-valhallavagen-14-450476525816270737,69-70m²,2026-03-14T19:57:01.568365
4749868514581861290,https://www.hemnet.se/salda/lagenhet-3rum-kungsangen-uppsala-kommun-kryddblandargatan-13-4749868514581861290,69-70m²,2026-03-14T19:57:01.568366
672592968049095730,https://www.hemnet.se/salda/lagenhet-3rum-agneteberg-arvika-kommun-savsjovagen-47-c-672592968049095730,69-70m²,2026-03-14T19:57:01.568367
7064540686153763759,https://www.hemnet.se/salda/lagenhet-3rum-angered-goteborgs-kommun-salviadalen-16-7064540686153763759,69-70m²,2026-03-14T19:57:01.568369
5899739334283664762,https://www.hemnet.se/salda/lagenhet-3rum-centrum-karlsborgs-kommun-karleksstigen-23-5899739334283664762,69-70m²,2026-03-14T19:57:01.568370
3035523599453548149,https://www.hemnet.se/salda/lagenhet-3rum-fredriksberg-falkopings-kommun-karlebygatan-4f-3035523599453548149,69-70m²,2026-03-14T19:57:01.568371
9005690019576760300,https://www.hemnet.se/salda/lagenhet-2rum-kapellgardet-uppsala-kommun-torngatan-18-9005690019576760300,69-70m²,2026-03-14T19:57:01.568373
2636749080408666181,https://www.hemnet.se/salda/lagenhet-3rum-visby-kolgarden-gotlands-kommun-kolgardsgatan-4c-2636749080408666181,69-70m²,2026-03-14T19:57:01.568374
7303732300243598507,https://www.hemnet.se/salda/lagenhet-3rum-huvudsta-solna-kommun-slaggbacken-4-7303732300243598507,69-70m²,2026-03-14T19:57:01.568375
7103545367670603396,"https://www.hemnet.se/salda/lagenhet-3rum-norsborg-eriksberg-botkyrka-kommun-skarpbrunnavagen-61,-5tr-7103545367670603396",69-70m²,2026-03-14T19:57:01.568376
3934563604332708753,https://www.hemnet.se/salda/lagenhet-3rum-centrum-trollhattans-kommun-olof-palmes-gata-16-3934563604332708753,69-70m²,2026-03-14T19:57:01.568378
8749174951562739986,"https://www.hemnet.se/salda/lagenhet-2,5rum-kungsholmen-kungsholms-strand-stockholms-kommun-kungsholms-strand-185-8749174951562739986",69-70m²,2026-03-14T19:57:01.568379
4550054672076828449,https://www.hemnet.se/salda/lagenhet-3rum-kvicksund-vasteras-kommun-kvicksundsstigen-4-4550054672076828449,69-70m²,2026-03-14T19:57:01.568381
8419666191215856883,https://www.hemnet.se/salda/lagenhet-2rum-rasunda-solna-kommun-garvis-carlssons-gata-28-8419666191215856883,69-70m²,2026-03-14T19:57:01.568382
5693329066640836620,https://www.hemnet.se/salda/lagenhet-3rum-fruangen-stockholms-kommun-wendela-hebbes-gata-14-5693329066640836620,69-70m²,2026-03-14T19:57:01.568383
5589739083458712841,https://www.hemnet.se/salda/lagenhet-2rum-timra-timra-kommun-bryggargatan-3d-5589739083458712841,69-70m²,2026-03-14T19:57:01.568385
741699196273019650,https://www.hemnet.se/salda/lagenhet-3rum-sodermalm-katarina-stockholms-kommun-gotlandsgatan-71-741699196273019650,69-70m²,2026-03-14T19:57:01.568386
3555957654201034145,https://www.hemnet.se/salda/lagenhet-4rum-majorna-goteborgs-kommun-seglaregatan-21-3555957654201034145,69-70m²,2026-03-14T19:57:01.568387
1608061367180935037,"https://www.hemnet.se/salda/lagenhet-3rum-nasbypark-ornstigen-taby-kommun-ornstigen-25,-1tr-1608061367180935037",69-70m²,2026-03-14T19:57:01.568389
1902042717357752527,https://www.hemnet.se/salda/lagenhet-2rum-kungsangen-lillsjon-upplands-bro-kommun-kristallstigen-1-1902042717357752527,69-70m²,2026-03-14T19:57:01.568390
5141242292718130085,https://www.hemnet.se/salda/lagenhet-3rum-floda-lerums-kommun-rurik-holms-vag-11a-5141242292718130085,69-70m²,2026-03-14T19:57:01.568391
399252983006264847,https://www.hemnet.se/salda/lagenhet-3rum-mariero-vanersborgs-kommun-bangatan-31-399252983006264847,69-70m²,2026-03-14T19:57:01.568393
4654309998994586146,https://www.hemnet.se/salda/lagenhet-2rum-krokslatt-molndals-kommun-fabriksgatan-4a-4654309998994586146,69-70m²,2026-03-14T19:57:01.568394
642392910139018145,https://www.hemnet.se/salda/lagenhet-2rum-vasastan-stockholms-kommun-torbjorn-klockares-gata-23-642392910139018145,69-70m²,2026-03-14T19:57:01.568395
3157318770593737440,https://www.hemnet.se/salda/lagenhet-2rum-arenastaden-solna-kommun-evenemangsgatan-10-3157318770593737440,69-70m²,2026-03-14T19:57:01.568397
6475024241551617541,https://www.hemnet.se/salda/lagenhet-3rum-segevang-malmo-kommun-kronetorpsgatan-68a-6475024241551617541,69-70m²,2026-03-14T19:57:01.568398
9125955921199560013,https://www.hemnet.se/salda/lagenhet-3rum-vallingby-racksta-tradgardsstad-stockholms-kommun-njurundagatan-8-9125955921199560013,69-70m²,2026-03-14T19:57:01.568399
4000136399289326049,https://www.hemnet.se/salda/lagenhet-2rum-tveten-kungalvs-kommun-tvetgatan-235-4000136399289326049,69-70m²,2026-03-14T19:57:01.568400
1974176106571934957,https://www.hemnet.se/salda/lagenhet-3rum-vastra-gardet-falkenbergs-kommun-fiskaregatan-4c-1974176106571934957,69-70m²,2026-03-14T19:57:01.568402
2455639613847220975,https://www.hemnet.se/salda/lagenhet-3rum-slussen-falu-kommun-strandvagen-31a-2455639613847220975,69-70m²,2026-03-14T19:57:01.568403
2739245720584349385,https://www.hemnet.se/salda/lagenhet-2rum-marsta-centralt-sigtuna-kommun-vanortsringen-52-2739245720584349385,69-70m²,2026-03-14T19:57:01.568404
3307798159600783491,https://www.hemnet.se/salda/lagenhet-3rum-gunnesbo-lunds-kommun-gunnesbovagen-12-3307798159600783491,69-70m²,2026-03-14T19:57:01.568406
7457154126817228366,https://www.hemnet.se/salda/lagenhet-3rum-errarps-angar-angelholms-kommun-harnosandsgatan-23f-7457154126817228366,69-70m²,2026-03-14T19:57:01.568407
1039764875717957974,https://www.hemnet.se/salda/lagenhet-4rum-carlslund-upplands-vasby-kommun-blommelundsvagen-5-1039764875717957974,69-70m²,2026-03-14T19:57:01.568408
564531146775423456,https://www.hemnet.se/salda/lagenhet-2rum-fyrisvallen-luthagen-uppsala-kommun-ringgatan-2f-564531146775423456,69-70m²,2026-03-14T19:57:01.568506
2753635943433559925,https://www.hemnet.se/salda/lagenhet-3rum-inverness-danderyds-kommun-invernessvagen-9-2753635943433559925,69-70m²,2026-03-14T19:57:01.568508
821986466310100217,"https://www.hemnet.se/salda/lagenhet-3rum-larsboda-stockholms-kommun-filipstadsbacken-40,-6tr-821986466310100217",69-70m²,2026-03-14T19:57:01.568510
7249497958952043597,"https://www.hemnet.se/salda/lagenhet-3rum-aspudden-stockholms-kommun-blommensbergsvagen-161,-van-3-av-3-7249497958952043597",69-70m²,2026-03-14T19:57:01.568511
8881823379002822290,https://www.hemnet.se/salda/lagenhet-3rum-centralt-kristinehamns-kommun-sodra-staketgatan-44-8881823379002822290,69-70m²,2026-03-14T19:57:01.568513
8680251345298068156,"https://www.hemnet.se/salda/lagenhet-3rum-stureby-enskede-stockholms-kommun-skonviksvagen-303,-2-tr-8680251345298068156",69-70m²,2026-03-14T19:57:01.568514
1461263638965436130,https://www.hemnet.se/salda/lagenhet-3rum-johanneberg-goteborgs-kommun-kristinehojdsgatan-7-1461263638965436130,69-70m²,2026-03-14T19:57:01.568515
988416594910468468,https://www.hemnet.se/salda/lagenhet-3rum-luthagen-uppsala-kommun-hallbygatan-34c-988416594910468468,69-70m²,2026-03-14T19:57:01.568517
2380458960136494033,https://www.hemnet.se/salda/lagenhet-3rum-spanga-solhem-stockholms-kommun-dagsverksvagen-193-2380458960136494033,69-70m²,2026-03-14T19:57:01.568518
8376119458755306247,https://www.hemnet.se/salda/lagenhet-3rum-fredriksdal-vasatorp-helsingborgs-kommun-fyrverkaregatan-12a-8376119458755306247,69-70m²,2026-03-14T19:57:01.568519
5241183020942811174,https://www.hemnet.se/salda/lagenhet-2rum-tuve-goteborgs-kommun-glostorpsvagen-22-5241183020942811174,69-70m²,2026-03-14T19:57:01.568521
5346600601184497063,https://www.hemnet.se/salda/lagenhet-2rum-sigtuna-harberget-sigtuna-kommun-varingavagen-12-5346600601184497063,69-70m²,2026-03-14T19:57:01.568522
8450483642769781300,https://www.hemnet.se/salda/lagenhet-2rum-trosso-karlskrona-kommun-drottninggatan-21-c-lgh-1201-8450483642769781300,69-70m²,2026-03-14T19:57:01.568523
4149492820695372764,https://www.hemnet.se/salda/lagenhet-3rum-fruangen-stockholms-kommun-elsa-borgs-gata-50-4149492820695372764,69-70m²,2026-03-14T19:57:01.568525
334072271448836927,https://www.hemnet.se/salda/lagenhet-3rum-johannisdal-kopings-kommun-hagavagen-36-334072271448836927,69-70m²,2026-03-14T19:57:01.568526
981271596247921733,https://www.hemnet.se/salda/lagenhet-3rum-segeltorp-huddinge-kommun-varnstigen-5-981271596247921733,69-70m²,2026-03-14T19:57:01.568527
3406054729121090877,https://www.hemnet.se/salda/lagenhet-3rum-spanga-solhem-stockholms-kommun-dagsverksvagen-215-3406054729121090877,69-70m²,2026-03-14T19:57:01.568529
3191658382606889010,https://www.hemnet.se/salda/lagenhet-3rum-bergshamra-solna-kommun-jarvstigen-12-3191658382606889010,69-70m²,2026-03-14T19:57:01.568530
3029193702460903363,https://www.hemnet.se/salda/lagenhet-3rum-nobeltorget-malmo-kommun-amiralsgatan-89c-3029193702460903363,69-70m²,2026-03-14T19:57:01.568532
9015154831218192435,https://www.hemnet.se/salda/lagenhet-3rum-tyreso-centrum-tyreso-kommun-bollmoravagen-2-9015154831218192435,69-70m²,2026-03-14T19:57:01.568533
2930182556588401620,https://www.hemnet.se/salda/lagenhet-3rum-vasteras-vasteras-kommun-smedjegatan-6-2930182556588401620,69-70m²,2026-03-14T19:57:01.568534
7567178570252624247,https://www.hemnet.se/salda/lagenhet-3rum-rotebro-sollentuna-kommun-vasavagen-66a-7567178570252624247,69-70m²,2026-03-14T19:57:01.568536
1768745713329009459,https://www.hemnet.se/salda/lagenhet-3rum-abylund-haninge-kommun-kvartarvagen-163-1768745713329009459,69-70m²,2026-03-14T19:57:01.568537
5435197083104000408,https://www.hemnet.se/salda/lagenhet-3rum-hofors-hofors-kommun-skraddargatan-20-5435197083104000408,69-70m²,2026-03-14T19:57:01.568538
7171996573993899287,https://www.hemnet.se/salda/lagenhet-3rum-centrala-hisingen-goteborgs-kommun-kastvindsgatan-1-7171996573993899287,69-70m²,2026-03-14T19:57:01.568540
8669727830458029917,https://www.hemnet.se/salda/lagenhet-3rum-fridhemsplan-stockholms-kommun-fridhemsgatan-62-8669727830458029917,69-70m²,2026-03-14T19:57:01.568541
3930284610736589605,https://www.hemnet.se/salda/lagenhet-3rum-olympia-helsingborgs-kommun-magnus-erikssons-gata-8e-3930284610736589605,69-70m²,2026-03-14T19:57:01.568542
3325193374487502588,https://www.hemnet.se/salda/lagenhet-2rum-nacka-strand-nacka-kommun-augustendalsvagen-30-3325193374487502588,69-70m²,2026-03-14T19:57:01.568544
5073054784916285274,https://www.hemnet.se/salda/lagenhet-2rum-korsta-sundsvalls-kommun-klippgatan-13-5073054784916285274,69-70m²,2026-03-14T19:57:01.568545
6550951340681330715,https://www.hemnet.se/salda/lagenhet-3rum-tullinge-botkyrka-kommun-flygarvagen-2-6550951340681330715,69-70m²,2026-03-14T19:57:01.568546
5841036373707557865,"https://www.hemnet.se/salda/lagenhet-2,5rum-vasterhaninge-haninge-kommun-solhemsvagen-2-5841036373707557865",69-70m²,2026-03-14T19:57:01.568547
5290110761942745700,https://www.hemnet.se/salda/lagenhet-2rum-apoteksskogen-upplands-vasby-kommun-holmvagen-5-5290110761942745700,69-70m²,2026-03-14T19:57:01.568549
8024806438490200389,"https://www.hemnet.se/salda/lagenhet-3rum-vallingby-johannelund-stockholms-kommun-rabattvagen-44,-van-4-8024806438490200389",69-70m²,2026-03-14T19:57:01.568550
8779811869051438153,https://www.hemnet.se/salda/lagenhet-3rum-masthugget-goteborgs-kommun-repslagaregatan-7b-8779811869051438153,69-70m²,2026-03-14T19:57:01.568551
497810277858958529,https://www.hemnet.se/salda/lagenhet-3rum-gustavsberg-farstadal-varmdo-kommun-rekordvagen-5-497810277858958529,69-70m²,2026-03-14T19:57:01.568553
4824927311029496709,https://www.hemnet.se/salda/lagenhet-2rum-stenhagen-uppsala-kommun-stenhagsvagen-71-4824927311029496709,69-70m²,2026-03-14T19:57:01.568554
4761083098262547755,https://www.hemnet.se/salda/lagenhet-3rum-tegelbruket-svedala-kommun-mastaregrand-26-4761083098262547755,69-70m²,2026-03-14T19:57:01.568555
7938561562497319725,https://www.hemnet.se/salda/lagenhet-4rum-hjorthagen-stockholms-kommun-dianavagen-22-7938561562497319725,69-70m²,2026-03-14T19:57:01.568556
666964446207905724,https://www.hemnet.se/salda/lagenhet-3rum-karrtorp-stockholms-kommun-vikstensvagen-19-666964446207905724,69-70m²,2026-03-14T19:57:01.568557
3330921166944062754,"https://www.hemnet.se/salda/lagenhet-3rum-finntorp-nacka-kommun-becksjudarvagen-45,-3-tr-3330921166944062754",69-70m²,2026-03-14T19:57:01.568559
5576415089757226653,https://www.hemnet.se/salda/lagenhet-3rum-borgmastaregarden-malmo-kommun-albinsrogatan-1c-5576415089757226653,69-70m²,2026-03-14T19:57:01.568560
7466675895016937086,https://www.hemnet.se/salda/lagenhet-3rum-majorna-goteborgs-kommun-kabelgatan-18-7466675895016937086,69-70m²,2026-03-14T19:57:01.568561
1881558410407329383,https://www.hemnet.se/salda/lagenhet-2rum-bymarken-jonkopings-kommun-kortebovagen-7-1881558410407329383,69-70m²,2026-03-14T19:57:01.568563
3059958283917987349,https://www.hemnet.se/salda/lagenhet-3rum-froson-ostersunds-kommun-frojavagen-12b-3059958283917987349,69-70m²,2026-03-14T19:57:01.568564
3483665223561056426,https://www.hemnet.se/salda/lagenhet-3rum-kvisthamra-gransater-norrtalje-kommun-noorsgatan-7-3483665223561056426,69-70m²,2026-03-14T19:57:01.568565
8678485286826258351,https://www.hemnet.se/salda/lagenhet-3rum-tynnered-goteborgs-kommun-topasgatan-79-8678485286826258351,69-70m²,2026-03-14T19:57:01.568566
8724096784652611801,https://www.hemnet.se/salda/lagenhet-3rum-vallingby-centrum-stockholms-kommun-jamtlandsgatan-84-vaning-3-8724096784652611801,69-70m²,2026-03-14T19:57:01.568567
8885366167765685783,https://www.hemnet.se/salda/lagenhet-3rum-bifrost-molndals-kommun-axgatan-20-8885366167765685783,69-70m²,2026-03-14T19:57:01.568569
4921271047664033332,https://www.hemnet.se/salda/lagenhet-3rum-planteringen-helsingborgs-kommun-ostra-tallgatan-4a-4921271047664033332,69-70m²,2026-03-14T19:57:01.568570
8825546786933851133,https://www.hemnet.se/salda/lagenhet-3rum-ruddalen-goteborgs-kommun-musikvagen-20-8825546786933851133,69-70m²,2026-03-14T19:57:01.568571
7841941387425504545,https://www.hemnet.se/salda/lagenhet-3rum-bromma-blackeberg-stockholms-kommun-holbergsgatan-90-7841941387425504545,69-70m²,2026-03-14T19:57:01.568572
3188775738075668511,https://www.hemnet.se/salda/lagenhet-3rum-aspudden-stockholms-kommun-hertigvagen-2-3188775738075668511,69-70m²,2026-03-14T19:57:01.568574
7018199427167717361,https://www.hemnet.se/salda/lagenhet-3rum-sodermalm-katarina-stockholms-kommun-ostgotagatan-19a-7018199427167717361,69-70m²,2026-03-14T19:57:01.568575
5170770172531309360,https://www.hemnet.se/salda/lagenhet-3rum-gamla-enskede-stockholms-kommun-handelsvagen-24-5170770172531309360,69-70m²,2026-03-14T19:57:01.568576
9132071486159260419,https://www.hemnet.se/salda/lagenhet-3rum-ostanas-kopings-kommun-ostanasgatan-17-9132071486159260419,69-70m²,2026-03-14T19:57:01.568577
2356189057775218580,"https://www.hemnet.se/salda/lagenhet-2,5rum-storvreta-uppsala-kommun-morgonvagen-60-2356189057775218580",69-70m²,2026-03-14T19:57:01.568579
1494996257454285494,https://www.hemnet.se/salda/lagenhet-3rum-centralt-nykopings-kommun-domanvagen-20-1494996257454285494,69-70m²,2026-03-14T19:57:01.568580
1399276141885012461,https://www.hemnet.se/salda/lagenhet-3rum-surbrunnen-ystads-kommun-maskinistgatan-13f-1399276141885012461,69-70m²,2026-03-14T19:57:01.568581
4834385350691304033,"https://www.hemnet.se/salda/lagenhet-3rum-centrum,-smedjebackens-kommun-dalagatan-6e-4834385350691304033",69-70m²,2026-03-14T19:57:01.568582
4217775306162752998,https://www.hemnet.se/salda/lagenhet-2rum-korsta-sundsvalls-kommun-klippgatan-23-4217775306162752998,69-70m²,2026-03-14T19:57:01.568583
4683328730686473962,https://www.hemnet.se/salda/lagenhet-2rum-martens-falad-lunds-kommun-kollegievagen-40-4683328730686473962,69-70m²,2026-03-14T19:57:01.568585
4981496845100349309,https://www.hemnet.se/salda/lagenhet-3rum-ostra-torn-lunds-kommun-stralsundsvagen-90-4981496845100349309,69-70m²,2026-03-14T19:57:01.568586
8977546736193782406,https://www.hemnet.se/salda/lagenhet-3rum-tullinge-botkyrka-kommun-nibblevagen-10-8977546736193782406,69-70m²,2026-03-14T19:57:01.568587
5867913679393226582,"https://www.hemnet.se/salda/lagenhet-2,5rum-maria-gamla-stan-hogalid-stockholms-kommun-hogbergsgatan-62d,-2-tr-5867913679393226582",69-70m²,2026-03-14T19:57:01.568589
6597243874232425219,"https://www.hemnet.se/salda/lagenhet-3rum-ruddalen-goteborgs-kommun-fiolgatan-10,-van-12-av-12-6597243874232425219",69-70m²,2026-03-14T19:57:01.568590
5451292316410932236,https://www.hemnet.se/salda/lagenhet-3rum-skogalundsklippan-nacka-kommun-skogalundsklippan-17-5451292316410932236,69-70m²,2026-03-14T19:57:01.568591
1412086101406868013,https://www.hemnet.se/salda/lagenhet-3rum-lorensborg-malmo-kommun-lorensborgsgatan-7b-1412086101406868013,69-70m²,2026-03-14T19:57:01.568593
1592132603398557666,https://www.hemnet.se/salda/lagenhet-3rum-skonsmon-sundsvalls-kommun-harmonigatan-1-1592132603398557666,69-70m²,2026-03-14T19:57:01.568594
2386162483507046157,https://www.hemnet.se/salda/lagenhet-3rum-linnestaden-goteborgs-kommun-fjarde-langgatan-28b-2386162483507046157,69-70m²,2026-03-14T19:57:01.568595
6514524099593475695,https://www.hemnet.se/salda/lagenhet-3rum-almhog-malmo-kommun-rodkullastigen-7b-6514524099593475695,69-70m²,2026-03-14T19:57:01.568597
9107200337665120633,https://www.hemnet.se/salda/lagenhet-3rum-vaxnas-karlstads-kommun-hagalundsvagen-38-b-9107200337665120633,69-70m²,2026-03-14T19:57:01.568598
812756214696127095,"https://www.hemnet.se/salda/lagenhet-2,5rum-guldheden-goteborgs-kommun-raketgatan-2a-812756214696127095",69-70m²,2026-03-14T19:57:01.568599
360789757245522726,"https://www.hemnet.se/salda/lagenhet-3rum-centrala-sundbyberg-sundbybergs-kommun-tulegatan-27b,-5-5-tr-360789757245522726",69-70m²,2026-03-14T19:57:01.568601
4681832399164873546,"https://www.hemnet.se/salda/lagenhet-3rum-sofia-stockholms-kommun-tegelviksgatan-47,-1-tr-4681832399164873546",69-70m²,2026-03-14T19:57:01.568602
7752484663244645465,https://www.hemnet.se/salda/lagenhet-3rum-centralt-ornskoldsvik-ornskoldsviks-kommun-angermanlandsgatan-14a-7752484663244645465,69-70m²,2026-03-14T19:57:01.568603
6365230928024834170,https://www.hemnet.se/salda/lagenhet-3rum-vikingstad-linkopings-kommun-sivs-gata-9d-6365230928024834170,69-70m²,2026-03-14T19:57:01.568605
7780250916336018569,https://www.hemnet.se/salda/lagenhet-3rum-jarvastaden-solna-kommun-fridensborgsvagen-117-7780250916336018569,69-70m²,2026-03-14T19:57:01.568606
1986668733971761214,https://www.hemnet.se/salda/lagenhet-2rum-bromma-nockebyhov-stockholms-kommun-gubbkarrsvagen-17-bv-1986668733971761214,69-70m²,2026-03-14T19:57:01.568607
3353446670887809061,https://www.hemnet.se/salda/lagenhet-3rum-ringstorp-helsingborgs-kommun-ryttmastaregatan-7a-3353446670887809061,69-70m²,2026-03-14T19:57:01.568608
3233798024373372917,https://www.hemnet.se/salda/lagenhet-3rum-tynnered-goteborgs-kommun-topasgatan-89-3233798024373372917,69-70m²,2026-03-14T19:57:01.568610
4171820083698642663,https://www.hemnet.se/salda/lagenhet-3rum-centralt-norr-gavle-kommun-norra-gatan-6-4171820083698642663,69-70m²,2026-03-14T19:57:01.568611
5962907494186468307,https://www.hemnet.se/salda/lagenhet-3rum-balsta-vappeby-ang-habo-kommun-tegvagen-1e-5962907494186468307,69-70m²,2026-03-14T19:57:01.568612
3843116045852145698,https://www.hemnet.se/salda/lagenhet-3rum-tidaholm-tidaholms-kommun-norra-ringvagen-35-3843116045852145698,69-70m²,2026-03-14T19:57:01.568614
5110126587523985732,https://www.hemnet.se/salda/lagenhet-3rum-stigslund-gavle-kommun-tallasvagen-16-a-5110126587523985732,69-70m²,2026-03-14T19:57:01.568615
1002278769791513712,https://www.hemnet.se/salda/lagenhet-2rum-or-sundbybergs-kommun-orsvangen-13-1002278769791513712,69-70m²,2026-03-14T19:57:01.568616
8224486422505170163,"https://www.hemnet.se/salda/lagenhet-2,5rum-garda-goteborgs-kommun-vadursgatan-2c-8224486422505170163",69-70m²,2026-03-14T19:57:01.568618
9030164234327721257,https://www.hemnet.se/salda/lagenhet-2rum-teleborg-vaxjo-kommun-skiftesvagen-69-9030164234327721257,69-70m²,2026-03-14T19:57:01.568619
5395348889666848872,https://www.hemnet.se/salda/lagenhet-3rum-hasselbacken-upplands-vasby-kommun-hasselbacken-23-5395348889666848872,69-70m²,2026-03-14T19:57:01.568620
4092297557250366448,https://www.hemnet.se/salda/lagenhet-3rum-skalby-kalmar-kommun-fatabursvagen-17b-4092297557250366448,69-70m²,2026-03-14T19:57:01.568622
3047631140825948406,https://www.hemnet.se/salda/lagenhet-3rum-edsberg-sollentuna-kommun-ribbings-vag-16b-3047631140825948406,69-70m²,2026-03-14T19:57:01.568623
262593648652936337,"https://www.hemnet.se/salda/lagenhet-3rum-enskede-gubbangen-stockholms-kommun-majrovagen-35,-3-tr-262593648652936337",69-70m²,2026-03-14T19:57:01.568625
1217159055540661483,https://www.hemnet.se/salda/lagenhet-3rum-hogbrunn-nykopings-kommun-ahlbergers-vag-13b-1217159055540661483,69-70m²,2026-03-14T19:57:01.568626
7895343064571703673,https://www.hemnet.se/salda/lagenhet-3rum-vallingby-grimsta-stockholms-kommun-kanngjutargrand-26-7895343064571703673,69-70m²,2026-03-14T19:57:01.568627
6915472852534313634,https://www.hemnet.se/salda/lagenhet-3rum-centrala-ystad-ystads-kommun-maskinistgatan-13b-6915472852534313634,69-70m²,2026-03-14T19:57:01.568629
8053391750214579544,https://www.hemnet.se/salda/lagenhet-2rum-bagaregarden-goteborgs-kommun-svangatan-17b-8053391750214579544,69-70m²,2026-03-14T19:57:01.568630
6374593379667997744,https://www.hemnet.se/salda/lagenhet-3rum-bromma-blackeberg-stockholms-kommun-holbergsgatan-90-6374593379667997744,69-70m²,2026-03-14T19:57:01.568631
1699178875718380375,https://www.hemnet.se/salda/lagenhet-3rum-kvarnbyn-molndals-kommun-kvarnbygatan-11-1699178875718380375,69-70m²,2026-03-14T19:57:01.568633
2966290731624901765,https://www.hemnet.se/salda/lagenhet-3rum-farsta-stockholms-kommun-hammarogatan-8-2966290731624901765,69-70m²,2026-03-14T19:57:01.568634
1029401692706616171,https://www.hemnet.se/salda/lagenhet-3rum-edsberg-sollentuna-kommun-ribbings-vag-10a-1029401692706616171,69-70m²,2026-03-14T19:57:01.568635
9207977632413555514,"https://www.hemnet.se/salda/lagenhet-2,5rum-grossgardet-norrtalje-kommun-stockholmsvagen-24b-9207977632413555514",69-70m²,2026-03-14T19:57:01.568637
8943987129993865633,https://www.hemnet.se/salda/lagenhet-3rum-kalleback-goteborgs-kommun-graddgatan-7-8943987129993865633,69-70m²,2026-03-14T19:57:01.568638
1220922247943733296,https://www.hemnet.se/salda/lagenhet-2rum-malmaberg-vasteras-kommun-slaggargatan-5-1220922247943733296,69-70m²,2026-03-14T19:57:01.568640
4363345158943790829,https://www.hemnet.se/salda/lagenhet-3rum-nordtag-kungalvs-kommun-olles-gata-11-4363345158943790829,69-70m²,2026-03-14T19:57:01.568641
1571049965375166955,https://www.hemnet.se/salda/lagenhet-3rum-salens-by-malung-salens-kommun-elljusvagen-6b-1571049965375166955,69-70m²,2026-03-14T19:57:01.568643
5323890910164497589,https://www.hemnet.se/salda/lagenhet-4rum-kungsholmen-stockholms-kommun-hantverkargatan-56-5323890910164497589,69-70m²,2026-03-14T19:57:01.568644
7309336641669762605,https://www.hemnet.se/salda/lagenhet-3rum-kevingeringen-danderyds-kommun-kevingeringen-35-7309336641669762605,69-70m²,2026-03-14T19:57:01.568645
3986294911634352435,"https://www.hemnet.se/salda/lagenhet-2,5rum-rotsunda-sollentuna-kommun-rotsundagardsvagen-16-3986294911634352435",69-70m²,2026-03-14T19:57:01.568646
6944811507856541869,https://www.hemnet.se/salda/lagenhet-2rum-centrala-halmstad-vaster-halmstads-kommun-falckens-vag-16-6944811507856541869,69-70m²,2026-03-14T19:57:01.568648
946815794035697118,https://www.hemnet.se/salda/lagenhet-3rum-hogdalen-stockholms-kommun-stenkvistavagen-8-946815794035697118,69-70m²,2026-03-14T19:57:01.568649
5922648041723034404,https://www.hemnet.se/salda/lagenhet-3rum-ludvika-centrum-ludvika-kommun-skolgatan-2-5922648041723034404,69-70m²,2026-03-14T19:57:01.568651
1228241547721196547,https://www.hemnet.se/salda/lagenhet-3rum-hoviksnas-tjorns-kommun-sorkroken-101-b-1228241547721196547,69-70m²,2026-03-14T19:57:01.568652
6844261599367497223,https://www.hemnet.se/salda/lagenhet-2rum-vasastan-roda-bergen-stockholms-kommun-rodabergsgatan-6-6844261599367497223,69-70m²,2026-03-14T19:57:01.568653
2447621086268146300,https://www.hemnet.se/salda/lagenhet-2rum-trandared-boras-kommun-kransvagen-176-2447621086268146300,69-70m²,2026-03-14T19:57:01.568655
1107946537222688902,https://www.hemnet.se/salda/lagenhet-3rum-norrangen-jonkopings-kommun-bermansgatan-6-1107946537222688902,69-70m²,2026-03-14T19:57:01.568656
6430675136250668030,"https://www.hemnet.se/salda/lagenhet-2rum-arenastaden-solna-kommun-evenemangsgatan-6,-4-tr-6430675136250668030",69-70m²,2026-03-14T19:57:01.568657
7473094662939825015,https://www.hemnet.se/salda/lagenhet-3rum-rorsjostaden-malmo-kommun-kommendorsgatan-9c-7473094662939825015,69-70m²,2026-03-14T19:57:01.568659
5268481110758079043,https://www.hemnet.se/salda/lagenhet-2rum-centralt-norrkopings-kommun-gamla-lasarettsgatan-1-5268481110758079043,69-70m²,2026-03-14T19:57:01.568660
8604652948537997934,"https://www.hemnet.se/salda/lagenhet-2,5rum-vasterhaninge-haninge-kommun-solhemsvagen-15-8604652948537997934",69-70m²,2026-03-14T19:57:01.568662
4460690686487759503,https://www.hemnet.se/salda/lagenhet-3rum-haga-karlstads-kommun-hagagatan-19b-4460690686487759503,69-70m²,2026-03-14T19:57:01.568663
6821263684102905572,https://www.hemnet.se/salda/lagenhet-3rum-mariehall-stockholms-kommun-adolfsbergsvagen-12-vaning-3-3-6821263684102905572,69-70m²,2026-03-14T19:57:01.568664
3171276352371381671,https://www.hemnet.se/salda/lagenhet-3rum-viken-karlstads-kommun-stinsgatan-6-3171276352371381671,69-70m²,2026-03-14T19:57:01.568665
4463308194762902688,https://www.hemnet.se/salda/lagenhet-3rum-jungfruplatsen-molndals-kommun-lammevallsgatan-44a-4463308194762902688,69-70m²,2026-03-14T19:57:01.568667
6194906433932355669,https://www.hemnet.se/salda/lagenhet-3rum-apoteksskogen-upplands-vasby-kommun-holmvagen-19-6194906433932355669,69-70m²,2026-03-14T19:57:01.568668
2488701904241817454,https://www.hemnet.se/salda/lagenhet-4rum-idre-fjall-alvdalens-kommun-dahlievagen-842c-2488701904241817454,69-70m²,2026-03-14T19:57:01.568669
2495468785425257196,https://www.hemnet.se/salda/lagenhet-3rum-harvsta-heby-kommun-yttervagen-8a-2495468785425257196,69-70m²,2026-03-14T19:57:01.568671
1722281258209497475,https://www.hemnet.se/salda/lagenhet-2rum-bromma-beckomberga-stockholms-kommun-styresman-sanders-vag-8-1722281258209497475,69-70m²,2026-03-14T19:57:01.568672
6112462465945770932,https://www.hemnet.se/salda/lagenhet-3rum-centralt-arboga-kommun-osterled-16a-6112462465945770932,69-70m²,2026-03-14T19:57:01.568674
2442829847874796801,"https://www.hemnet.se/salda/lagenhet-2,5rum-attekulla-helsingborgs-kommun-barnstensgatan-10-2442829847874796801",69-70m²,2026-03-14T19:57:01.568675
602898312814866861,https://www.hemnet.se/salda/lagenhet-2rum-vaster-orebro-kommun-kilsgatan-14-602898312814866861,69-70m²,2026-03-14T19:57:01.568676
5797862540213766952,https://www.hemnet.se/salda/lagenhet-3rum-centralt-knivsta-kommun-margaretavagen-59-c-5797862540213766952,69-70m²,2026-03-14T19:57:01.568677
2117782110928021009,https://www.hemnet.se/salda/lagenhet-3rum-kallhall-jarfalla-kommun-smedvagen-19-2117782110928021009,69-70m²,2026-03-14T19:57:01.568679
4136246851679364858,https://www.hemnet.se/salda/lagenhet-3rum-centralt-nybro-kommun-mellangatan-5a-4136246851679364858,69-70m²,2026-03-14T19:57:01.568680
3658430780936629262,https://www.hemnet.se/salda/lagenhet-3rum-byttorp-boras-kommun-vindelgatan-24-3658430780936629262,69-70m²,2026-03-14T19:57:01.568681
1319930473194102375,https://www.hemnet.se/salda/lagenhet-3rum-vastermalm-nyfors-eskilstuna-kommun-tegelbruksgatan-32a-1319930473194102375,69-70m²,2026-03-14T19:57:01.568682
3015079176310583509,https://www.hemnet.se/salda/lagenhet-3rum-hogsbo-goteborgs-kommun-marklandsgatan-69-3015079176310583509,69-70m²,2026-03-14T19:57:01.568684
3590805565285567357,https://www.hemnet.se/salda/lagenhet-3rum-jakobsberg-jarfalla-kommun-hastskovagen-86-3590805565285567357,69-70m²,2026-03-14T19:57:01.568685
7573183614854525225,https://www.hemnet.se/salda/lagenhet-3rum-alta-nacka-kommun-storkallans-vag-1-7573183614854525225,69-70m²,2026-03-14T19:57:01.568686
6782885998016565717,"https://www.hemnet.se/salda/lagenhet-3rum-stureby-enskede-stockholms-kommun-skonviksvagen-315,-2-tr-6782885998016565717",69-70m²,2026-03-14T19:57:01.568688
6807907194107605109,https://www.hemnet.se/salda/lagenhet-3rum-jarvastaden-solna-kommun-fridensborgsvagen-25-6807907194107605109,69-70m²,2026-03-14T19:57:01.568689
8640145470907339732,https://www.hemnet.se/salda/lagenhet-2rum-centralt-linkopings-kommun-hamngatan-19-8640145470907339732,69-70m²,2026-03-14T19:57:01.568691
1243576345540324688,https://www.hemnet.se/salda/lagenhet-3rum-tumba-botkyrka-kommun-munkhattevagen-27b-1243576345540324688,69-70m²,2026-03-14T19:57:01.568692
6350092795597554089,https://www.hemnet.se/salda/lagenhet-2rum-stockholm-sodermalm-stockholms-kommun-bondegatan-18-6350092795597554089,69-70m²,2026-03-14T19:57:01.568693
6496486604200370247,https://www.hemnet.se/salda/lagenhet-3rum-sickla-nacka-kommun-sickla-industrivag-26-6496486604200370247,69-70m²,2026-03-14T19:57:01.568694
7121154963974622319,https://www.hemnet.se/salda/lagenhet-3rum-spanga-solhem-stockholms-kommun-dagsverksvagen-219-7121154963974622319,69-70m²,2026-03-14T19:57:01.568696
3541860101433763524,"https://www.hemnet.se/salda/lagenhet-3rum-vasastan-hagastaden-stockholms-kommun-hagaesplanaden-73,-3-tr-3541860101433763524",69-70m²,2026-03-14T19:57:01.568697
6444337038198993658,"https://www.hemnet.se/salda/lagenhet-2,5rum-falkagard-falkenbergs-kommun-ormvraksvagen-13e-6444337038198993658",69-70m²,2026-03-14T19:57:01.568698
5454975518021417817,https://www.hemnet.se/salda/lagenhet-2rum-ekhagen-jonkopings-kommun-oxelgatan-23-5454975518021417817,69-70m²,2026-03-14T19:57:01.568699
609026788611897753,https://www.hemnet.se/salda/lagenhet-3rum-vasastan-odenplan-stockholms-kommun-odengatan-71-609026788611897753,69-70m²,2026-03-14T19:57:01.568701
3900963842538087748,https://www.hemnet.se/salda/lagenhet-3rum-tannefors-linkopings-kommun-gamla-tanneforsvagen-84b-3900963842538087748,69-70m²,2026-03-14T19:57:01.568702
7486702032953179344,https://www.hemnet.se/salda/lagenhet-2rum-roma-gotlands-kommun-tallundsgatan-32-7486702032953179344,69-70m²,2026-03-14T19:57:01.568703
4565506909891387368,https://www.hemnet.se/salda/lagenhet-3rum-haga-vasteras-kommun-haga-parkgata-10c-4565506909891387368,69-70m²,2026-03-14T19:57:01.568704
1446964329891598917,https://www.hemnet.se/salda/lagenhet-2rum-karrdal-sollentuna-kommun-lomvagen-609-1446964329891598917,69-70m²,2026-03-14T19:57:01.568706
4873715314182556348,https://www.hemnet.se/salda/lagenhet-2rum-skaraberg-skara-kommun-akerstigen-22-b-4873715314182556348,69-70m²,2026-03-14T19:57:01.568707
4245855782808292309,https://www.hemnet.se/salda/lagenhet-3rum-vikhem-staffanstorps-kommun-vikhems-bygata-105-4245855782808292309,69-70m²,2026-03-14T19:57:01.568709
3074350475868735811,https://www.hemnet.se/salda/lagenhet-2rum-attekulla-helsingborgs-kommun-barnstensgatan-10-3074350475868735811,69-70m²,2026-03-14T19:57:01.568710
6083576525477344454,https://www.hemnet.se/salda/lagenhet-3rum-halmstad-centrum-halmstads-kommun-akersgrand-6a-6083576525477344454,69-70m²,2026-03-14T19:57:01.568711
749390509749572947,https://www.hemnet.se/salda/lagenhet-2rum-alvangen-ale-kommun-vattarnas-vag-8b-749390509749572947,69-70m²,2026-03-14T19:57:01.568713
3262714501651108416,https://www.hemnet.se/salda/lagenhet-3rum-anneberg-kungsbacka-kommun-abborrvagen-15-3262714501651108416,69-70m²,2026-03-14T19:57:01.568714
7951509789097333885,https://www.hemnet.se/salda/lagenhet-3rum-gideonsberg-vasteras-kommun-blomstergatan-18-7951509789097333885,69-70m²,2026-03-14T19:57:01.568715
5446515600911311493,https://www.hemnet.se/salda/lagenhet-3rum-skaggetorp-linkopings-kommun-storgarden-9-5446515600911311493,69-70m²,2026-03-14T19:57:01.568717
5433753903313201787,"https://www.hemnet.se/salda/lagenhet-3rum-arenastaden-solna-kommun-evenemangsgatan-40,-vaning-12-5433753903313201787",69-70m²,2026-03-14T19:57:01.568718
5275032702727060620,https://www.hemnet.se/salda/lagenhet-2rum-timmerslatt-partille-kommun-timmerslatt-5e-5275032702727060620,69-70m²,2026-03-14T19:57:01.568720
1626321386113259552,"https://www.hemnet.se/salda/lagenhet-3rum-vallingby-parkstad-racksta-stockholms-kommun-funasgatan-8,-van-7-175-1605-1626321386113259552",69-70m²,2026-03-14T19:57:01.568722
3671242501397774433,https://www.hemnet.se/salda/lagenhet-3rum-vaster-lunds-kommun-trastvagen-6b-3671242501397774433,69-70m²,2026-03-14T19:57:01.568723
2798192933971616835,https://www.hemnet.se/salda/lagenhet-3rum-limhamn-malmo-kommun-sveagatan-98b-2798192933971616835,69-70m²,2026-03-14T19:57:01.568724
201664549015988687,https://www.hemnet.se/salda/lagenhet-3rum-falkoping-falkopings-kommun-wetterlinsgatan-28b-201664549015988687,69-70m²,2026-03-14T19:57:01.568726
8582582678508128422,https://www.hemnet.se/salda/lagenhet-3rum-hammarbyhojden-stockholms-kommun-astorpsringen-17-8582582678508128422,69-70m²,2026-03-14T19:57:01.568727
8338240876924113507,"https://www.hemnet.se/salda/lagenhet-3rum-centrala-handen-haninge-kommun-arkens-vag-14,-1-tr-8338240876924113507",69-70m²,2026-03-14T19:57:01.568729
1633683347291973158,https://www.hemnet.se/salda/lagenhet-2rum-flemingsberg-huddinge-kommun-terapivagen-18e-1633683347291973158,69-70m²,2026-03-14T19:57:01.568730
6135189709172014866,"https://www.hemnet.se/salda/lagenhet-2rum-karrdal-sollentuna-kommun-lomvagen-49,-bv-6135189709172014866",69-70m²,2026-03-14T19:57:01.568731
2582187596223325593,https://www.hemnet.se/salda/lagenhet-3rum-soder-uddevalla-kommun-studievagen-13-2582187596223325593,69-70m²,2026-03-14T19:57:01.568733
5253376144010232013,"https://www.hemnet.se/salda/lagenhet-2,5rum-falhagen-uppsala-kommun-vaderkvarnsgatan-44a-5253376144010232013",69-70m²,2026-03-14T19:57:01.568734
6501486131576351939,https://www.hemnet.se/salda/lagenhet-3rum-svartviken-upplands-bro-kommun-svartviksbacken-8c-6501486131576351939,69-70m²,2026-03-14T19:57:01.568735
8585839692652433251,https://www.hemnet.se/salda/lagenhet-3rum-vasastan-stockholms-kommun-ynglingagatan-5-8585839692652433251,69-70m²,2026-03-14T19:57:01.568737
8206495614571676748,https://www.hemnet.se/salda/lagenhet-3rum-britsarvet-haga-falu-kommun-hastbergsvagen-7a-8206495614571676748,69-70m²,2026-03-14T19:57:01.568738
7570984497903750748,https://www.hemnet.se/salda/lagenhet-2rum-soder-jonkopings-kommun-junelundsgatan-4-7570984497903750748,69-70m²,2026-03-14T19:57:01.568739
6584621585833672969,https://www.hemnet.se/salda/lagenhet-3rum-abylund-haninge-kommun-kvartarvagen-239-6584621585833672969,69-70m²,2026-03-14T19:57:01.568741
5604337238570421768,https://www.hemnet.se/salda/lagenhet-3rum-hovshaga-vaxjo-kommun-krusbarsvagen-38-5604337238570421768,69-70m²,2026-03-14T19:57:01.568742
4940605485535805070,"https://www.hemnet.se/salda/lagenhet-2,5rum-ostermalm-stockholms-kommun-birger-jarlsgatan-106a-4940605485535805070",69-70m²,2026-03-14T19:57:01.568744
2448232669884063027,https://www.hemnet.se/salda/lagenhet-3rum-torslanda-lassby-goteborgs-kommun-fatabursvagen-8-2448232669884063027,69-70m²,2026-03-14T19:57:01.568745
2282696417683373281,https://www.hemnet.se/salda/lagenhet-3rum-byttorp-boras-kommun-vindelgatan-24-2282696417683373281,69-70m²,2026-03-14T19:57:01.568746
4936591435422880571,https://www.hemnet.se/salda/lagenhet-3rum-slottsstaden-malmo-kommun-vastra-stallmastaregatan-32-4936591435422880571,69-70m²,2026-03-14T19:57:01.568748
544993012647944596,https://www.hemnet.se/salda/lagenhet-3rum-vasterhaninge-haninge-kommun-ringvagen-84-544993012647944596,69-70m²,2026-03-14T19:57:01.568749
8986095476430905842,https://www.hemnet.se/salda/lagenhet-3rum-fullero-hage-uppsala-kommun-stackmolnsvagen-85b-8986095476430905842,69-70m²,2026-03-14T19:57:01.568750
5048761216776108155,https://www.hemnet.se/salda/lagenhet-3rum-korsta-sundsvalls-kommun-klippgatan-12-5048761216776108155,69-70m²,2026-03-14T19:57:01.568752
756930377462002482,https://www.hemnet.se/salda/lagenhet-3rum-centrum-karlstads-kommun-herrgardsgatan-1-756930377462002482,69-70m²,2026-03-14T19:57:01.568753
420197476682348839,https://www.hemnet.se/salda/lagenhet-2rum-gryta-vasteras-kommun-syrenvagen-114-420197476682348839,69-70m²,2026-03-14T19:57:01.568754
5587535177623015696,https://www.hemnet.se/salda/lagenhet-3rum-sodra-soderhamn-soderhamns-kommun-ringvagen-3b-5587535177623015696,69-70m²,2026-03-14T19:57:01.568755
3376312980220698138,"https://www.hemnet.se/salda/lagenhet-3rum-arsta-stockholms-kommun-arstavagen-24,-5tr-3376312980220698138",69-70m²,2026-03-14T19:57:01.568757
426438251422775442,https://www.hemnet.se/salda/lagenhet-3rum-spanga-bromsten-stockholms-kommun-erik-tegels-vag-29-426438251422775442,69-70m²,2026-03-14T19:57:01.568758
5636848154999069316,https://www.hemnet.se/salda/lagenhet-3rum-centrum-pitea-kommun-parkgatan-8a-5636848154999069316,69-70m²,2026-03-14T19:57:01.568759
2813667442380039258,https://www.hemnet.se/salda/lagenhet-2rum-vallen-vaxjo-kommun-sjovallavagen-6-2813667442380039258,69-70m²,2026-03-14T19:57:01.568761
8381208994300134629,https://www.hemnet.se/salda/lagenhet-3rum-city-norrmalm-vasastan-stockholms-kommun-drottninggatan-88f-hollandargatan-9a-8381208994300134629,69-70m²,2026-03-14T19:57:01.568763
7484241418273112208,https://www.hemnet.se/salda/lagenhet-3rum-nyatorp-halmstads-kommun-blasbackegatan-10a-7484241418273112208,69-70m²,2026-03-14T19:57:01.568764
2657957636197642272,https://www.hemnet.se/salda/lagenhet-3rum-vallastaden-linkopings-kommun-kunskapslanken-54-2657957636197642272,69-70m²,2026-03-14T19:57:01.568765
5117310291413910953,https://www.hemnet.se/salda/lagenhet-3rum-resecentrum-karlshamns-kommun-kolonigatan-11-5117310291413910953,69-70m²,2026-03-14T19:57:01.568766
2549284704639617358,https://www.hemnet.se/salda/lagenhet-3rum-nora-nora-kommun-anggatan-4-d-2549284704639617358,69-70m²,2026-03-14T19:57:01.568767
7044271214569761024,"https://www.hemnet.se/salda/lagenhet-3rum-hammarby-sjostad-stockholms-kommun-sickla-kanalgata-79,-4-tr-7044271214569761024",69-70m²,2026-03-14T19:57:01.568769
5209103208516781900,https://www.hemnet.se/salda/lagenhet-2rum-johannelund-linkopings-kommun-munkhagsgatan-78-5209103208516781900,69-70m²,2026-03-14T19:57:01.568770
5840065621232948717,https://www.hemnet.se/salda/lagenhet-3rum-abrahamsberg-stockholms-kommun-stopvagen-104-5840065621232948717,69-70m²,2026-03-14T19:57:01.568772
7988530031171022380,https://www.hemnet.se/salda/lagenhet-3rum-centrum-lugnet-boras-kommun-vennerbergsplatsen-8-7988530031171022380,69-70m²,2026-03-14T19:57:01.568773
9140091524795088583,https://www.hemnet.se/salda/lagenhet-3rum-lund-innerstaden-helgonagarden-lunds-kommun-sankt-mansgatan-17c-9140091524795088583,69-70m²,2026-03-14T19:57:01.568774
2144096907996136609,https://www.hemnet.se/salda/lagenhet-3rum-edsberg-sollentuna-kommun-kruthornsvagen-22a-2144096907996136609,69-70m²,2026-03-14T19:57:01.568775
2064980808940018807,https://www.hemnet.se/salda/lagenhet-3rum-centrala-hisingen-goteborgs-kommun-sven-agne-larssons-vag-1-2064980808940018807,69-70m²,2026-03-14T19:57:01.568777
1293927007113465239,https://www.hemnet.se/salda/lagenhet-2rum-beckomberga-soderberga-stockholms-kommun-soderberga-alle-48-1293927007113465239,69-70m²,2026-03-14T19:57:01.568778
2444248221528692496,"https://www.hemnet.se/salda/lagenhet-3rum-skytteholm-solna-kommun-skytteholmsvagen-20,-1tr-2444248221528692496",69-70m²,2026-03-14T19:57:01.568779
8832314889933516078,https://www.hemnet.se/salda/lagenhet-3rum-mariekall-sodertalje-kommun-tradgardsgatan-11-8832314889933516078,69-70m²,2026-03-14T19:57:01.568781
1333542417825152911,https://www.hemnet.se/salda/lagenhet-4rum-vallingby-centrum-stockholms-kommun-jamtlandsgatan-104-1333542417825152911,69-70m²,2026-03-14T19:57:01.568782
7468059691229303118,https://www.hemnet.se/salda/lagenhet-3rum-landala-goteborgs-kommun-fyrverkaregatan-1b-7468059691229303118,69-70m²,2026-03-14T19:57:01.568783
3418934689834413905,https://www.hemnet.se/salda/lagenhet-3rum-bosgarden-molndals-kommun-piltegatan-1-c-3418934689834413905,69-70m²,2026-03-14T19:57:01.568785
5300642839211666881,https://www.hemnet.se/salda/lagenhet-3rum-ingared-alingsas-kommun-lindekullegatan-59d-5300642839211666881,69-70m²,2026-03-14T19:57:01.568786
7332040760130746248,https://www.hemnet.se/salda/lagenhet-3rum-almhog-malmo-kommun-rodkullastigen-5b-7332040760130746248,69-70m²,2026-03-14T19:57:01.568787
1528121825332235775,"https://www.hemnet.se/salda/lagenhet-3rum-sodermalm-sofia-stockholms-kommun-gruvbacken-2,-5-5-tr-1528121825332235775",69-70m²,2026-03-14T19:57:01.568789
10273326299525423,https://www.hemnet.se/salda/lagenhet-2rum-centrum-rattviks-kommun-knihsgatan-9-10273326299525423,69-70m²,2026-03-14T19:57:01.568790
4524788430221164098,https://www.hemnet.se/salda/lagenhet-3rum-vaster-lunds-kommun-domherrevagen-1b-4524788430221164098,69-70m²,2026-03-14T19:57:01.568791
3625325675827131164,https://www.hemnet.se/salda/lagenhet-3rum-torslanda-lassby-goteborgs-kommun-fatabursvagen-1-3625325675827131164,69-70m²,2026-03-14T19:57:01.568793
8447399730096437854,https://www.hemnet.se/salda/lagenhet-2rum-sannegardshamnen-goteborgs-kommun-miraallen-47-8447399730096437854,69-70m²,2026-03-14T19:57:01.568794
8834601972300584418,https://www.hemnet.se/salda/lagenhet-3rum-centrum-rattviks-kommun-skolgatan-12d-8834601972300584418,69-70m²,2026-03-14T19:57:01.568795
8625513901051435980,https://www.hemnet.se/salda/lagenhet-3rum-kavlinge-tatort-kavlinge-kommun-floravagen-47h-8625513901051435980,69-70m²,2026-03-14T19:57:01.568796
8962554005737393707,"https://www.hemnet.se/salda/lagenhet-2rum-vasastan-odenplan-stockholms-kommun-hagagatan-30,-4-tr-8962554005737393707",69-70m²,2026-03-14T19:57:01.568798
5790897843984138257,https://www.hemnet.se/salda/lagenhet-2rum-soderkulla-malmo-kommun-ormvraksgatan-44-5790897843984138257,69-70m²,2026-03-14T19:57:01.568799
2843525388026994489,https://www.hemnet.se/salda/lagenhet-3rum-huskvarna-jonkopings-kommun-sturegatan-37-2843525388026994489,69-70m²,2026-03-14T19:57:01.568800
7315912629062279723,https://www.hemnet.se/salda/lagenhet-2rum-or-sundbybergs-kommun-logdansvagen-40-7315912629062279723,69-70m²,2026-03-14T19:57:01.568802
400509945943873514,"https://www.hemnet.se/salda/lagenhet-3,5rum-kapellgardet-uppsala-kommun-djaknegatan-25b-400509945943873514",69-70m²,2026-03-14T19:57:01.568803
7699004512343730534,https://www.hemnet.se/salda/lagenhet-2rum-umea-centrum-umea-kommun-gotgatan-11-7699004512343730534,69-70m²,2026-03-14T19:57:01.568804
1049343409315190220,https://www.hemnet.se/salda/lagenhet-2rum-borgmastaregarden-malmo-kommun-annebergsgatan-25-1049343409315190220,69-70m²,2026-03-14T19:57:01.568805
3093436328522132085,https://www.hemnet.se/salda/lagenhet-3rum-vastra-frolunda-goteborgs-kommun-briljantgatan-77-3093436328522132085,69-70m²,2026-03-14T19:57:01.568807
6330628290456472207,https://www.hemnet.se/salda/lagenhet-3rum-orby-slott-alvsjo-stockholms-kommun-vibyholmsvagen-11-6330628290456472207,69-70m²,2026-03-14T19:57:01.568808
7181040974611891857,https://www.hemnet.se/salda/lagenhet-3rum-getingen-kalmar-kommun-kaptensgatan-5a-7181040974611891857,69-70m²,2026-03-14T19:57:01.568809
6712097876900908646,https://www.hemnet.se/salda/lagenhet-3rum-vastra-hamnen-malmo-kommun-vastra-varvsgatan-21c-6712097876900908646,69-70m²,2026-03-14T19:57:01.568811
8684707334791931144,https://www.hemnet.se/salda/lagenhet-3rum-eriksberg-goteborgs-kommun-astris-gata-70-8684707334791931144,69-70m²,2026-03-14T19:57:01.568812
3435496021031989564,https://www.hemnet.se/salda/lagenhet-3rum-bulltofta-malmo-kommun-carl-flormansgatan-17-3435496021031989564,69-70m²,2026-03-14T19:57:01.568813
467499675127351265,https://www.hemnet.se/salda/lagenhet-3rum-tannefors-centralt-linkopings-kommun-gamla-tanneforsvagen-84b-467499675127351265,69-70m²,2026-03-14T19:57:01.568815
403123187467476369,https://www.hemnet.se/salda/lagenhet-3rum-finntorp-nacka-kommun-becksjudarvagen-47-403123187467476369,69-70m²,2026-03-14T19:57:01.568816
5322365934599968553,https://www.hemnet.se/salda/lagenhet-3rum-rasunda-vasalund-solna-kommun-vasavagen-6-5322365934599968553,69-70m²,2026-03-14T19:57:01.568817
6520753623881000259,"https://www.hemnet.se/salda/lagenhet-2,5rum-centrum-vasteras-kommun-stora-gatan-1c-6520753623881000259",69-70m²,2026-03-14T19:57:01.568818
4676330146306474381,https://www.hemnet.se/salda/lagenhet-3rum-kungsholmen-stockholms-kommun-kungsholms-kyrkoplan-4-4676330146306474381,69-70m²,2026-03-14T19:57:01.568820
9133570883490766985,https://www.hemnet.se/salda/lagenhet-3rum-ragsved-stockholms-kommun-bjursatragatan-102-9133570883490766985,69-70m²,2026-03-14T19:57:01.568821
6209451088321986488,https://www.hemnet.se/salda/lagenhet-2rum-gimonas-umea-kommun-porfyrvagen-5-6209451088321986488,69-70m²,2026-03-14T19:57:01.568822
4341719737016679616,https://www.hemnet.se/salda/lagenhet-2rum-centralt-apoteksskogen-upplands-vasby-kommun-holmvagen-15-4341719737016679616,69-70m²,2026-03-14T19:57:01.568824
843609062588945653,https://www.hemnet.se/salda/lagenhet-3rum-slottsstaden-malmo-kommun-ostra-stallmastaregatan-10-843609062588945653,69-70m²,2026-03-14T19:57:01.568825
6067456628148775492,https://www.hemnet.se/salda/lagenhet-2rum-soderhamn-soderhamns-kommun-norrtullsgatan-23a-6067456628148775492,69-70m²,2026-03-14T19:57:01.568826
2030125563452217257,https://www.hemnet.se/salda/lagenhet-3rum-osby-osby-kommun-skogsgatan-8c-2030125563452217257,69-70m²,2026-03-14T19:57:01.568828
8310818709659250948,https://www.hemnet.se/salda/lagenhet-2rum-norr-helsingborgs-kommun-drottninggatan-107b-8310818709659250948,69-70m²,2026-03-14T19:57:01.568829
1246939628123622590,https://www.hemnet.se/salda/lagenhet-3rum-henriksdalsberget-nacka-kommun-henriksdalsringen-17-1246939628123622590,69-70m²,2026-03-14T19:57:01.568830
714690743229739230,https://www.hemnet.se/salda/lagenhet-3rum-vastra-orminge-nacka-kommun-ormingeringen-19-714690743229739230,69-70m²,2026-03-14T19:57:01.568832
3941837185449159636,"https://www.hemnet.se/salda/lagenhet-3rum-ostermalm-stockholms-kommun-gyllenstiernsgatan-18,-2-tr-3941837185449159636",69-70m²,2026-03-14T19:57:01.568833
2532079981533825063,https://www.hemnet.se/salda/lagenhet-3rum-fredriksdal-helsingborgs-kommun-fyrverkaregatan-16b-2532079981533825063,69-70m²,2026-03-14T19:57:01.568834
3997685380474450258,https://www.hemnet.se/salda/lagenhet-3rum-centralt-vaster-nykopings-kommun-vastra-kvarngatan-38-3997685380474450258,69-70m²,2026-03-14T19:57:01.568835
484927768401608959,https://www.hemnet.se/salda/lagenhet-2rum-liljeholmen-stockholms-kommun-liljeholmstorget-10-484927768401608959,69-70m²,2026-03-14T19:57:01.568837
1546291118082523070,https://www.hemnet.se/salda/lagenhet-2rum-teleborg-vaxjo-kommun-allmogevagen-58-1546291118082523070,69-70m²,2026-03-14T19:57:01.568838
2163386940921037175,"https://www.hemnet.se/salda/lagenhet-2rum-sodermalm-stockholms-kommun-blekingegatan-18,-6-6tr-2163386940921037175",69-70m²,2026-03-14T19:57:01.568839
8717978615383898878,https://www.hemnet.se/salda/lagenhet-3rum-limhamn-malmo-kommun-storabackegatan-26c-8717978615383898878,69-70m²,2026-03-14T19:57:01.568841
156472296379114346,https://www.hemnet.se/salda/lagenhet-2rum-sunnana-skelleftea-kommun-nyckelgatan-50-156472296379114346,69-70m²,2026-03-14T19:57:01.568842
8972437160436310887,https://www.hemnet.se/salda/lagenhet-2rum-centralt-trelleborgs-kommun-olivia-nordgrens-gata-2-8972437160436310887,69-70m²,2026-03-14T19:57:01.568843
7425984715880353340,https://www.hemnet.se/salda/lagenhet-3rum-vaster-lunds-kommun-lokforaregatan-13a-7425984715880353340,69-70m²,2026-03-14T19:57:01.568844
339148925285764018,https://www.hemnet.se/salda/lagenhet-3rum-tierp-tierps-kommun-gripenbergsvagen-7b-339148925285764018,69-70m²,2026-03-14T19:57:01.568846
8245243651953915411,https://www.hemnet.se/salda/lagenhet-3rum-kalleback-goteborgs-kommun-graddgatan-2-8245243651953915411,69-70m²,2026-03-14T19:57:01.568847
230968217922621885,https://www.hemnet.se/salda/lagenhet-3rum-lunden-goteborgs-kommun-parlstickaregatan-3-230968217922621885,69-70m²,2026-03-14T19:57:01.568848
8018427481230720235,https://www.hemnet.se/salda/lagenhet-3rum-norr-helsingborgs-kommun-persgatan-62-8018427481230720235,69-70m²,2026-03-14T19:57:01.568850
9041254964358728710,"https://www.hemnet.se/salda/lagenhet-3rum-rasunda-solna-kommun-rasundavagen-160,-4tr-9041254964358728710",69-70m²,2026-03-14T19:57:01.568851
370729480673347908,https://www.hemnet.se/salda/lagenhet-3rum-abylund-haninge-kommun-abylundsvagen-303-370729480673347908,69-70m²,2026-03-14T19:57:01.568852
5864513125670357961,https://www.hemnet.se/salda/lagenhet-3rum-nedre-gardet-stockholms-kommun-lojtnantsgatan-3-5864513125670357961,69-70m²,2026-03-14T19:57:01.568854
4078620787374260227,https://www.hemnet.se/salda/lagenhet-3rum-sickla-nacka-kommun-atlasvagen-39-4078620787374260227,69-70m²,2026-03-14T19:57:01.568855
9147698846096866965,https://www.hemnet.se/salda/lagenhet-3rum-centralt-sundsvalls-kommun-ostra-langgatan-34a-9147698846096866965,69-70m²,2026-03-14T19:57:01.568856
1208249729799524019,https://www.hemnet.se/salda/lagenhet-3rum-edsberg-sollentuna-kommun-ribbings-vag-10-a-1208249729799524019,69-70m²,2026-03-14T19:57:01.568857
1014765530544185131,https://www.hemnet.se/salda/lagenhet-2rum-vasterhaninge-haninge-kommun-solhemsvagen-13-1014765530544185131,69-70m²,2026-03-14T19:57:01.568859
6404255224346399598,https://www.hemnet.se/salda/lagenhet-2rum-varpinge-lunds-kommun-osten-undens-gata-35-6404255224346399598,69-70m²,2026-03-14T19:57:01.568860
7150762458687618245,https://www.hemnet.se/salda/lagenhet-2rum-vallentuna-centrum-vallentuna-kommun-centralvagen-14-b-7150762458687618245,69-70m²,2026-03-14T19:57:01.568861
8932286572645511411,https://www.hemnet.se/salda/lagenhet-3rum-tegelhagen-sollentuna-kommun-skogstorpsvagen-318-8932286572645511411,69-70m²,2026-03-14T19:57:01.568863
9046452155404619991,https://www.hemnet.se/salda/lagenhet-2rum-linne-goteborgs-kommun-plantagegatan-9a-9046452155404619991,69-70m²,2026-03-14T19:57:01.568864
5710156386052239626,https://www.hemnet.se/salda/lagenhet-3rum-lyckeby-karlskrona-kommun-axel-w-anderssons-vag-13-d-5710156386052239626,69-70m²,2026-03-14T19:57:01.568865
1558450234735874407,"https://www.hemnet.se/salda/lagenhet-2rum-blackeberg-stockholms-kommun-blackebergsplan-10,-van-3-1558450234735874407",69-70m²,2026-03-14T19:57:01.568867
1787624170815827379,https://www.hemnet.se/salda/lagenhet-2rum-storvreta-uppsala-kommun-morgonvagen-29-1787624170815827379,69-70m²,2026-03-14T19:57:01.568868
4420448775465908132,https://www.hemnet.se/salda/lagenhet-2rum-danderyd-kevinge-danderyds-kommun-kevingeringen-12-4420448775465908132,69-70m²,2026-03-14T19:57:01.568869
1046936277703053205,https://www.hemnet.se/salda/lagenhet-2rum-norra-faladen-lunds-kommun-skarpskyttevagen-8a-1046936277703053205,69-70m²,2026-03-14T19:57:01.568871
4661371087574905346,https://www.hemnet.se/salda/lagenhet-3rum-centralt-halmstads-kommun-akersgrand-6-a-4661371087574905346,69-70m²,2026-03-14T19:57:01.568872
4083429112778354469,https://www.hemnet.se/salda/lagenhet-2rum-gotland-mellersta-gotlands-kommun-tallundsgatan-8-4083429112778354469,69-70m²,2026-03-14T19:57:01.568873
2812714439371482285,https://www.hemnet.se/salda/lagenhet-2rum-hisingstorp-jonkopings-kommun-sveavagen-51-2812714439371482285,69-70m²,2026-03-14T19:57:01.568875
5597054564832786394,https://www.hemnet.se/salda/lagenhet-3rum-uttran-botkyrka-kommun-segersjovagen-33-5597054564832786394,69-70m²,2026-03-14T19:57:01.568876
1333427204389177940,https://www.hemnet.se/salda/lagenhet-2rum-oxie-malmo-kommun-rosentorpsvagen-42-1333427204389177940,69-70m²,2026-03-14T19:57:01.568877
4864331452977386891,https://www.hemnet.se/salda/lagenhet-2rum-boras-centrum-boras-kommun-torggatan-37-4864331452977386891,69-70m²,2026-03-14T19:57:01.568878
3452655927160062522,"https://www.hemnet.se/salda/lagenhet-3rum-arsta-gullmarsplan-stockholms-kommun-skontorpsvagen-9,-3tr-3452655927160062522",69-70m²,2026-03-14T19:57:01.568880
7403004435060529188,https://www.hemnet.se/salda/lagenhet-3rum-strommensberg-goteborgs-kommun-kobergsgatan-7-7403004435060529188,69-70m²,2026-03-14T19:57:01.568881
4191699339627690283,https://www.hemnet.se/salda/lagenhet-3rum-sodermalm-stockholms-kommun-duvnasgatan-5b-4191699339627690283,69-70m²,2026-03-14T19:57:01.568882
6126429735400316499,https://www.hemnet.se/salda/lagenhet-2rum-husensjo-helsingborgs-kommun-husensjovagen-39b-6126429735400316499,69-70m²,2026-03-14T19:57:01.568884
7675484836636465127,https://www.hemnet.se/salda/lagenhet-2rum-djupviken-pitea-kommun-klumgatan-4a-7675484836636465127,69-70m²,2026-03-14T19:57:01.568885
2768893585659393590,https://www.hemnet.se/salda/lagenhet-3rum-bandhagen-stockholms-kommun-skeppstavagen-19-2768893585659393590,69-70m²,2026-03-14T19:57:01.568886
7846414546807033366,https://www.hemnet.se/salda/lagenhet-3rum-nydala-malmo-kommun-rodkullastigen-7b-7846414546807033366,69-70m²,2026-03-14T19:57:01.568887
9036505734093465587,https://www.hemnet.se/salda/lagenhet-3rum-breared-varbergs-kommun-morangatan-12-9036505734093465587,69-70m²,2026-03-14T19:57:01.568889
8250769171764612472,https://www.hemnet.se/salda/lagenhet-3rum-bagarmossen-stockholms-kommun-voxnegrand-17-8250769171764612472,69-70m²,2026-03-14T19:57:01.568890
8287190848593206088,https://www.hemnet.se/salda/lagenhet-3rum-dammfri-malmo-kommun-ribevagen-14c-8287190848593206088,69-70m²,2026-03-14T19:57:01.568891
1650960334647226639,https://www.hemnet.se/salda/lagenhet-3rum-ostermalm-stockholms-kommun-engelbrektsgatan-43a-1650960334647226639,69-70m²,2026-03-14T19:57:01.568893
7551808916270985952,https://www.hemnet.se/salda/lagenhet-3rum-centrum-angelholms-kommun-storgatan-98d-7551808916270985952,69-70m²,2026-03-14T19:57:01.568894
1950029666469195020,https://www.hemnet.se/salda/lagenhet-3rum-kvicksund-vasteras-kommun-kvicksundsstigen-4-1950029666469195020,69-70m²,2026-03-14T19:57:01.568895
4610563728301117909,https://www.hemnet.se/salda/lagenhet-3rum-finnboda-hamn-nacka-kommun-finnboda-varvsvag-10c-4610563728301117909,69-70m²,2026-03-14T19:57:01.568896
230489209365540255,https://www.hemnet.se/salda/lagenhet-3rum-ronninge-salems-kommun-skogsrovagen-5-230489209365540255,69-70m²,2026-03-14T19:57:01.568897
6620152814695193756,https://www.hemnet.se/salda/lagenhet-3rum-ruddalen-goteborgs-kommun-fiolgatan-10-6620152814695193756,69-70m²,2026-03-14T19:57:01.568899
5095313328052250767,https://www.hemnet.se/salda/lagenhet-3rum-racksta-stockholms-kommun-vemdalsgatan-4-5095313328052250767,69-70m²,2026-03-14T19:57:01.568900
8303643381659703937,https://www.hemnet.se/salda/lagenhet-3rum-bjornrike-harjedalens-kommun-bjornrike-blastervallsvagen-40a-8303643381659703937,69-70m²,2026-03-14T19:57:01.568901
4001289789881878892,https://www.hemnet.se/salda/lagenhet-3rum-ostermalm-finspangs-kommun-grona-vagen-31d-4001289789881878892,69-70m²,2026-03-14T19:57:01.568903
6474653979669894775,https://www.hemnet.se/salda/lagenhet-2rum-ostermalm-nedre-gardet-stockholms-kommun-vartavagen-31-6474653979669894775,69-70m²,2026-03-14T19:57:01.568904
3820849193576464519,"https://www.hemnet.se/salda/lagenhet-3rum-kungsholmen-stockholms-kommun-igeldammsgatan-22b,-4tr-3820849193576464519",69-70m²,2026-03-14T19:57:01.568905
8216998533278807435,https://www.hemnet.se/salda/lagenhet-3rum-centrala-sundbyberg-sundbybergs-kommun-fagelsangen-2a-8216998533278807435,69-70m²,2026-03-14T19:57:01.568906
1751430015944967030,https://www.hemnet.se/salda/lagenhet-3rum-berghem-umea-kommun-axtorpsvagen-19-1751430015944967030,69-70m²,2026-03-14T19:57:01.568908
388350770682942842,https://www.hemnet.se/salda/lagenhet-2rum-maria-stockholms-kommun-fatburs-brunnsgata-28-388350770682942842,69-70m²,2026-03-14T19:57:01.568909
8243799137925583619,https://www.hemnet.se/salda/lagenhet-3rum-vallingby-centrum-stockholms-kommun-vittangigatan-51-8243799137925583619,69-70m²,2026-03-14T19:57:01.568910
4011954816577199554,https://www.hemnet.se/salda/lagenhet-2rum-falhagen-uppsala-kommun-osterangsgatan-24c-4011954816577199554,69-70m²,2026-03-14T19:57:01.568911
861527815499207695,https://www.hemnet.se/salda/lagenhet-3rum-romberga-enkopings-kommun-samskarbogatan-19-861527815499207695,69-70m²,2026-03-14T19:57:01.568913
2725660062353552706,https://www.hemnet.se/salda/lagenhet-3rum-bulltofta-malmo-kommun-carl-flormansgatan-17-2725660062353552706,69-70m²,2026-03-14T19:57:01.568914
9040275195748044786,https://www.hemnet.se/salda/lagenhet-3rum-centrala-halmstad-oster-halmstads-kommun-nyhemsgatan-16-9040275195748044786,69-70m²,2026-03-14T19:57:01.568915
2967976519587717516,https://www.hemnet.se/salda/lagenhet-3rum-balsta-vappeby-ang-habo-kommun-gardesvagen-6e-2967976519587717516,69-70m²,2026-03-14T19:57:01.568916
8919633465663124023,https://www.hemnet.se/salda/lagenhet-2rum-tannefors-linkopings-kommun-gamla-tanneforsvagen-84e-8919633465663124023,69-70m²,2026-03-14T19:57:01.568918
1232372849133150554,https://www.hemnet.se/salda/lagenhet-2rum-stadskarnan-heleneborg-uddevalla-kommun-tant-bruns-vag-57-1232372849133150554,69-70m²,2026-03-14T19:57:01.568919
4287365932281121006,https://www.hemnet.se/salda/lagenhet-3rum-akersberga-centralt-osterakers-kommun-bergavagen-2-f-4287365932281121006,69-70m²,2026-03-14T19:57:01.568920
8996880991821406164,https://www.hemnet.se/salda/lagenhet-3rum-almhog-malmo-kommun-rodkullastigen-9b-8996880991821406164,69-70m²,2026-03-14T19:57:01.568922
6943515082644101936,https://www.hemnet.se/salda/lagenhet-3rum-ribersborg-malmo-kommun-limhamnsvagen-12c-6943515082644101936,69-70m²,2026-03-14T19:57:01.568923
7950220637510022815,https://www.hemnet.se/salda/lagenhet-3rum-almhog-malmo-kommun-rodkullastigen-11b-7950220637510022815,69-70m²,2026-03-14T19:57:01.568924
2956740590966653126,https://www.hemnet.se/salda/lagenhet-3rum-lomma-tatort-lomma-kommun-industrigatan-5-2956740590966653126,69-70m²,2026-03-14T19:57:01.568925
2561049042132423679,https://www.hemnet.se/salda/lagenhet-3rum-fridhemsplan-stockholms-kommun-svarvargatan-12-2561049042132423679,69-70m²,2026-03-14T19:57:01.568927
7566763862458008183,https://www.hemnet.se/salda/lagenhet-4rum-traneberg-stockholms-kommun-sareksvagen-5-7566763862458008183,69-70m²,2026-03-14T19:57:01.568928
1725846541896953117,https://www.hemnet.se/salda/lagenhet-2rum-soderkulla-malmo-kommun-ormvraksgatan-56-1725846541896953117,69-70m²,2026-03-14T19:57:01.568929
8134565923854713165,https://www.hemnet.se/salda/lagenhet-3rum-bergshamra-solna-kommun-bjornstigen-107-8134565923854713165,69-70m²,2026-03-14T19:57:01.568930
5834342296634492138,https://www.hemnet.se/salda/lagenhet-3rum-sodermalm-sofia-stockholms-kommun-tegelviksgatan-6b-5834342296634492138,69-70m²,2026-03-14T19:57:01.568932
2168841764540593780,https://www.hemnet.se/salda/lagenhet-4rum-tandadalen-orrliden-malung-salens-kommun-hjortstigen-49c-2168841764540593780,69-70m²,2026-03-14T19:57:01.568933
4119308826117324103,https://www.hemnet.se/salda/lagenhet-3rum-centrum-varvet-lulea-kommun-vastra-varvsgatan-22a-4119308826117324103,69-70m²,2026-03-14T19:57:01.568934
3197650341674807959,https://www.hemnet.se/salda/lagenhet-3rum-hofors-hofors-kommun-goklundsvagen-14-3197650341674807959,69-70m²,2026-03-14T19:57:01.568936
4633402092834533727,https://www.hemnet.se/salda/lagenhet-3rum-huskvarna-jonkopings-kommun-vasterliden-1b-4633402092834533727,69-70m²,2026-03-14T19:57:01.568937
3656247515178824643,https://www.hemnet.se/salda/lagenhet-3rum-kungsangen-jonkopings-kommun-tellusgatan-3-3656247515178824643,69-70m²,2026-03-14T19:57:01.568938
8414038139816748737,"https://www.hemnet.se/salda/lagenhet-2,5rum-hedefors-lerums-kommun-hedeforsvagen-16-8414038139816748737",69-70m²,2026-03-14T19:57:01.568940
3395526365438906754,https://www.hemnet.se/salda/lagenhet-3rum-ekhagen-jonkopings-kommun-stockrosgatan-47-3395526365438906754,69-70m²,2026-03-14T19:57:01.568941
3988264835599059380,https://www.hemnet.se/salda/lagenhet-3rum-vaxnas-karlstads-kommun-hagalundsvagen-36-b-3988264835599059380,69-70m²,2026-03-14T19:57:01.568942
1411398719240861320,https://www.hemnet.se/salda/lagenhet-4rum-vendelso-haninge-kommun-virkesvagen-58-1411398719240861320,69-70m²,2026-03-14T19:57:01.568943
8283899889886452921,https://www.hemnet.se/salda/lagenhet-2rum-sandkilen-norrtalje-kommun-sandgatan-1-c-8283899889886452921,69-70m²,2026-03-14T19:57:01.568945
7539080377966219041,https://www.hemnet.se/salda/lagenhet-2rum-centrum-halmstads-kommun-vattugatan-2a-7539080377966219041,69-70m²,2026-03-14T19:57:01.568946
1600615372433585849,https://www.hemnet.se/salda/lagenhet-2rum-herrhagen-falu-kommun-herrhagsvagen-7b-1600615372433585849,69-70m²,2026-03-14T19:57:01.568947
8649140898778378374,https://www.hemnet.se/salda/lagenhet-3rum-bunkeflostrand-malmo-kommun-sadelmakarebyn-7c-8649140898778378374,69-70m²,2026-03-14T19:57:01.568948
3231266068247323048,https://www.hemnet.se/salda/lagenhet-3rum-biskopsgarden-goteborgs-kommun-onskevadersgatan-7-3231266068247323048,69-70m²,2026-03-14T19:57:01.568950
6495996719487541402,https://www.hemnet.se/salda/lagenhet-3rum-karlstad-karlstads-kommun-ulvsbygatan-16b-6495996719487541402,69-70m²,2026-03-14T19:57:01.568951
3365559767622325170,https://www.hemnet.se/salda/lagenhet-2rum-huskvarna-centrum-jonkopings-kommun-kungsgatan-15c-3365559767622325170,69-70m²,2026-03-14T19:57:01.568952
4464317587385375150,https://www.hemnet.se/salda/lagenhet-2rum-roback-umea-kommun-kragvagen-51-4464317587385375150,69-70m²,2026-03-14T19:57:01.568953
8680773478151621960,https://www.hemnet.se/salda/lagenhet-3rum-klackberg-norbergs-kommun-klackbergsvagen-72-d-8680773478151621960,69-70m²,2026-03-14T19:57:01.568955
434702411969029591,https://www.hemnet.se/salda/lagenhet-2rum-hyllie-malmo-kommun-friggs-grand-16-434702411969029591,69-70m²,2026-03-14T19:57:01.568956
6719782649935263637,https://www.hemnet.se/salda/lagenhet-2rum-trandared-boras-kommun-kransvagen-172-6719782649935263637,69-70m²,2026-03-14T19:57:01.568957
6457830510916719267,https://www.hemnet.se/salda/lagenhet-4rum-are-sadeln-are-kommun-sadelvagen-43b-6457830510916719267,69-70m²,2026-03-14T19:57:01.568958
2072036224908278738,"https://www.hemnet.se/salda/lagenhet-3rum-sundbyberg-duvbo-sundbybergs-kommun-duvkullavagen-42a,-renoveringsobjekt-2072036224908278738",69-70m²,2026-03-14T19:57:01.568960
2023161361215284611,https://www.hemnet.se/salda/lagenhet-4rum-kvarnholmen-nacka-kommun-kvarnholmsvagen-96-2023161361215284611,69-70m²,2026-03-14T19:57:01.568961
2498774680671933291,https://www.hemnet.se/salda/lagenhet-3rum-gubbangen-stockholms-kommun-majrovagen-33-2498774680671933291,69-70m²,2026-03-14T19:57:01.568963
6407133504705882468,https://www.hemnet.se/salda/lagenhet-3rum-gruvlyckan-karlstads-kommun-gruvgangen-85-6407133504705882468,69-70m²,2026-03-14T19:57:01.568964
1603333678436688180,https://www.hemnet.se/salda/lagenhet-3rum-gubbangen-stockholms-kommun-majrovagen-21-1603333678436688180,69-70m²,2026-03-14T19:57:01.568965
4577358361490178153,https://www.hemnet.se/salda/lagenhet-3rum-hagastaden-stockholms-kommun-nina-einhornsgata-6-4577358361490178153,69-70m²,2026-03-14T19:57:01.568966
5343145207736556376,https://www.hemnet.se/salda/lagenhet-3rum-haga-sundsvalls-kommun-baldersvagen-52-5343145207736556376,69-70m²,2026-03-14T19:57:01.568968
4222191937263670712,https://www.hemnet.se/salda/lagenhet-2rum-nordstan-vanersborgs-kommun-kronogatan-48-e-4222191937263670712,69-70m²,2026-03-14T19:57:01.568969
4377855288958615744,https://www.hemnet.se/salda/lagenhet-3rum-centrala-hisingen-goteborgs-kommun-virvelvindsgatan-24-4377855288958615744,69-70m²,2026-03-14T19:57:01.568970
3252773368661916046,https://www.hemnet.se/salda/lagenhet-3rum-vikhem-staffanstorps-kommun-vikhems-bygata-85-3252773368661916046,69-70m²,2026-03-14T19:57:01.568972
7599328986232827304,https://www.hemnet.se/salda/lagenhet-3rum-soderhamn-soderhamns-kommun-ringvagen-3-c-7599328986232827304,69-70m²,2026-03-14T19:57:01.568973
259581840779860767,https://www.hemnet.se/salda/lagenhet-2rum-virentofta-malmo-kommun-bullerbygatan-99-259581840779860767,69-70m²,2026-03-14T19:57:01.568974
7999951967156636020,"https://www.hemnet.se/salda/lagenhet-2rum-herrhagen-uppsala-kommun-herrhagsvagen-407a,-van-3-3-7999951967156636020",69-70m²,2026-03-14T19:57:01.568975
1407995984575117254,https://www.hemnet.se/salda/lagenhet-3rum-jarvastaden-solna-kommun-fridensborgsvagen-109-b-1407995984575117254,69-70m²,2026-03-14T19:57:01.568977
7386345306647485453,https://www.hemnet.se/salda/lagenhet-3rum-kalltorp-goteborgs-kommun-rastensgatan-52c-7386345306647485453,69-70m²,2026-03-14T19:57:01.568978
7777964171654767124,https://www.hemnet.se/salda/lagenhet-2rum-centrum-pitea-kommun-kolmilavagen-14c-7777964171654767124,69-70m²,2026-03-14T19:57:01.568979
2504300429773017340,https://www.hemnet.se/salda/lagenhet-2rum-anderstorp-skelleftea-kommun-bladgatan-327-2504300429773017340,69-70m²,2026-03-14T19:57:01.568981
1510453416127132631,"https://www.hemnet.se/salda/lagenhet-3,5rum-fruangen-stockholms-kommun-elsa-borgs-gata-48,-2-tr-1510453416127132631",69-70m²,2026-03-14T19:57:01.568982
8065798747132800102,https://www.hemnet.se/salda/lagenhet-3rum-lunden-goteborgs-kommun-mintensgatan-5a-8065798747132800102,69-70m²,2026-03-14T19:57:01.568983
1090629248520482423,https://www.hemnet.se/salda/lagenhet-3rum-hallby-eskilstuna-kommun-hagaholmsvagen-10f-1090629248520482423,69-70m²,2026-03-14T19:57:01.568984
2341001821163534893,https://www.hemnet.se/salda/lagenhet-3rum-centrum-oster-varbergs-kommun-tradlyckevagen-3-2341001821163534893,69-70m²,2026-03-14T19:57:01.568986
2592534236183958693,https://www.hemnet.se/salda/lagenhet-3rum-rudviken-solna-centrum-solna-kommun-solgatan-20-2592534236183958693,69-70m²,2026-03-14T19:57:01.568987
3398945552061919392,https://www.hemnet.se/salda/lagenhet-3rum-gullbergslyckan-karlshamns-kommun-hunnemaravagen-5-3398945552061919392,69-70m²,2026-03-14T19:57:01.568988
5950713753402501258,https://www.hemnet.se/salda/lagenhet-3rum-arsta-stockholms-kommun-skontorpsvagen-115-5950713753402501258,69-70m²,2026-03-14T19:57:01.568989
3414084154271776156,https://www.hemnet.se/salda/lagenhet-3rum-dagny-borlange-kommun-hagavagen-1b-3414084154271776156,69-70m²,2026-03-14T19:57:01.568991
8704008991797423087,https://www.hemnet.se/salda/lagenhet-2rum-edsangen-sollentuna-kommun-frestavagen-20-8704008991797423087,69-70m²,2026-03-14T19:57:01.568992
4424584709179757198,"https://www.hemnet.se/salda/lagenhet-3rum-taby-centrum-taby-kommun-stora-marknadsvagen-13b,-5tr-4424584709179757198",69-70m²,2026-03-14T19:57:01.568993
1164105027902179332,https://www.hemnet.se/salda/lagenhet-2rum-vasastaden-vasteras-kommun-stora-gatan-73a-1164105027902179332,69-70m²,2026-03-14T19:57:01.568994
833323432094661074,https://www.hemnet.se/salda/lagenhet-3rum-sodra-hoganas-hoganas-kommun-finngatan-12-833323432094661074,69-70m²,2026-03-14T19:57:01.568996
801235050037699271,https://www.hemnet.se/salda/lagenhet-2rum-sunnana-sorbole-skelleftea-kommun-nyckelgatan-74-801235050037699271,69-70m²,2026-03-14T19:57:01.568997
5482092253526893706,https://www.hemnet.se/salda/lagenhet-3rum-centrum-vallentuna-kommun-tvarvagen-16-5482092253526893706,69-70m²,2026-03-14T19:57:01.568998
6252781669253667116,https://www.hemnet.se/salda/lagenhet-3rum-skarsatra-lidingo-kommun-pyrolavagen-20-6252781669253667116,69-70m²,2026-03-14T19:57:01.568999
7922755635262383772,https://www.hemnet.se/salda/lagenhet-3rum-borgmastaregarden-malmo-kommun-albinsrogatan-1c-7922755635262383772,69-70m²,2026-03-14T19:57:01.569001
4866170362785952397,https://www.hemnet.se/salda/lagenhet-4rum-tegefjall-are-kommun-tegebacksvagen-7g-4866170362785952397,69-70m²,2026-03-14T19:57:01.569002
1922430758834656649,https://www.hemnet.se/salda/lagenhet-3rum-rasunda-vireberg-solna-kommun-varvagen-7-1922430758834656649,69-70m²,2026-03-14T19:57:01.569003
6982083661553316153,https://www.hemnet.se/salda/lagenhet-3rum-vikingstad-linkopings-kommun-mannusgatan-3a-6982083661553316153,69-70m²,2026-03-14T19:57:01.569005
2553888070020486670,https://www.hemnet.se/salda/lagenhet-3rum-hagaberg-linkopings-kommun-kompanigatan-22-2553888070020486670,69-70m²,2026-03-14T19:57:01.569006
3699658909317601892,https://www.hemnet.se/salda/lagenhet-3rum-danderyd-danderyds-kommun-kevingeringen-20-3699658909317601892,69-70m²,2026-03-14T19:57:01.569007
1148113400904914957,https://www.hemnet.se/salda/lagenhet-3rum-pildammarna-malmo-kommun-mariedalsvagen-56b-1148113400904914957,69-70m²,2026-03-14T19:57:01.569008
3442398118272303721,"https://www.hemnet.se/salda/lagenhet-3rum-fruangen-stockholms-kommun-kata-dalstroms-gata-10,-vaning-7-3442398118272303721",69-70m²,2026-03-14T19:57:01.569009
923907653950036025,https://www.hemnet.se/salda/lagenhet-2rum-sorbyangen-orebro-kommun-senapsvagen-11-923907653950036025,69-70m²,2026-03-14T19:57:01.569011
5900385878698067516,https://www.hemnet.se/salda/lagenhet-3rum-pedagogen-park-molndals-kommun-professorsgatan-2-5900385878698067516,69-70m²,2026-03-14T19:57:01.569012
6044688055568180886,https://www.hemnet.se/salda/lagenhet-3rum-notudden-oster-malarstrand-vasteras-kommun-poseidongatan-13-6044688055568180886,69-70m²,2026-03-14T19:57:01.569013
4066688373603317219,https://www.hemnet.se/salda/lagenhet-3rum-jarva-solna-kommun-brotorpsvagen-4-4066688373603317219,69-70m²,2026-03-14T19:57:01.569014
4485294498828009330,"https://www.hemnet.se/salda/lagenhet-3rum-mariehall-stockholms-kommun-mariehallsvagen-22-a,-2-tr-4485294498828009330",69-70m²,2026-03-14T19:57:01.569016
4065958508868749778,https://www.hemnet.se/salda/lagenhet-3rum-vasastan-norrmalm-stockholms-kommun-dalagatan-6-4065958508868749778,69-70m²,2026-03-14T19:57:01.569017
7396562163715504608,https://www.hemnet.se/salda/lagenhet-2rum-djupviken-pitea-kommun-klumgatan-4b-7396562163715504608,69-70m²,2026-03-14T19:57:01.569018
6887549248667239770,https://www.hemnet.se/salda/lagenhet-2rum-nynashamn-nynashamns-kommun-grevgatan-20f-6887549248667239770,69-70m²,2026-03-14T19:57:01.569019
1497023894293846052,https://www.hemnet.se/salda/lagenhet-3rum-ostlyckan-alingsas-kommun-kometgatan-6e-1497023894293846052,69-70m²,2026-03-14T19:57:01.569021
3832494520941569903,https://www.hemnet.se/salda/lagenhet-2rum-lomma-tatort-lomma-kommun-strandangsgatan-7-3832494520941569903,69-70m²,2026-03-14T19:57:01.569022
5966783731127648971,https://www.hemnet.se/salda/lagenhet-3rum-hisings-backa-goteborgs-kommun-sankt-jorgens-vag-28a-5966783731127648971,69-70m²,2026-03-14T19:57:01.569023
4586431703197118004,https://www.hemnet.se/salda/lagenhet-2rum-djurangen-kalmar-kommun-djurangsvagen-78b-4586431703197118004,69-70m²,2026-03-14T19:57:01.569024
3279716638845666977,"https://www.hemnet.se/salda/lagenhet-2rum-sodermalm-stockholms-kommun-asogatan-164,-van-3-3279716638845666977",69-70m²,2026-03-14T19:57:01.569026
4747999607657982231,https://www.hemnet.se/salda/lagenhet-3rum-skarholmen-stockholms-kommun-ekholmsvagen-301-4747999607657982231,69-70m²,2026-03-14T19:57:01.569027
5904270380104302291,https://www.hemnet.se/salda/lagenhet-3rum-alvsjo-alvsjobadet-stockholms-kommun-lillhagsvagen-14-5904270380104302291,69-70m²,2026-03-14T19:57:01.569028
1454190605822211840,"https://www.hemnet.se/salda/lagenhet-3rum-brynas-gavle-kommun-gullregnsgatan-5,-1tr-1454190605822211840",69-70m²,2026-03-14T19:57:01.569030
7358363178484851908,https://www.hemnet.se/salda/lagenhet-3rum-centralt-gavle-kommun-staketgatan-36b-7358363178484851908,69-70m²,2026-03-14T19:57:01.569031
3820303419087926588,https://www.hemnet.se/salda/lagenhet-3rum-centralt-nykvarns-kommun-gammeltorpsvagen-4o-3820303419087926588,69-70m²,2026-03-14T19:57:01.569032
1272820930002604905,https://www.hemnet.se/salda/lagenhet-3rum-centrum-ludvika-kommun-engelbrektsgatan-24a-1272820930002604905,69-70m²,2026-03-14T19:57:01.569034
2693261835608769019,https://www.hemnet.se/salda/lagenhet-3rum-gustavsberg-porslinskvarteren-varmdo-kommun-wilhelm-kages-gata-34a-2693261835608769019,69-70m²,2026-03-14T19:57:01.569035
4417457516316509724,https://www.hemnet.se/salda/lagenhet-3rum-kevinge-danderyds-kommun-kevingeringen-49-4417457516316509724,69-70m²,2026-03-14T19:57:01.569037
9122933432466326646,https://www.hemnet.se/salda/lagenhet-3rum-lund-centrum-lunds-kommun-kavlingevagen-5-9122933432466326646,69-70m²,2026-03-14T19:57:01.569038
5849218566875060102,https://www.hemnet.se/salda/lagenhet-3rum-vasterhaninge-haninge-kommun-abylundsvagen-46e-5849218566875060102,69-70m²,2026-03-14T19:57:01.569039
7413791524183462370,https://www.hemnet.se/salda/lagenhet-2rum-luossavaara-kiruna-kommun-dubengatan-33-a-7413791524183462370,69-70m²,2026-03-14T19:57:01.569040
2168945889742534870,https://www.hemnet.se/salda/lagenhet-3rum-tynnered-goteborgs-kommun-topasgatan-84-2168945889742534870,69-70m²,2026-03-14T19:57:01.569042
1930889096687848229,"https://www.hemnet.se/salda/lagenhet-3rum-bagarmossen-stockholms-kommun-stangavagen-14,-1tr-1930889096687848229",69-70m²,2026-03-14T19:57:01.569043
6669364513178229942,https://www.hemnet.se/salda/lagenhet-3rum-gottfridsberg-linkopings-kommun-orngatan-15-6669364513178229942,69-70m²,2026-03-14T19:57:01.569045
4731756339193729224,https://www.hemnet.se/salda/lagenhet-3rum-borlange-borlange-kommun-hedgatan-5f-4731756339193729224,69-70m²,2026-03-14T19:57:01.569046
7350901508107820267,https://www.hemnet.se/salda/lagenhet-3rum-hyllie-malmo-kommun-friggs-grand-6-7350901508107820267,69-70m²,2026-03-14T19:57:01.569047
7153722711953709101,https://www.hemnet.se/salda/lagenhet-2rum-sodermalm-hornstull-stockholms-kommun-lignagatan-7-7153722711953709101,69-70m²,2026-03-14T19:57:01.569049
6400008930440860193,https://www.hemnet.se/salda/lagenhet-3rum-ellstorp-malmo-kommun-idaborgsgatan-51-6400008930440860193,69-70m²,2026-03-14T19:57:01.569050
7672814037504103841,https://www.hemnet.se/salda/lagenhet-3rum-ostermalm-stockholms-kommun-kungstensgatan-3-7672814037504103841,69-70m²,2026-03-14T19:57:01.569051
5630685783458155988,https://www.hemnet.se/salda/lagenhet-3rum-bagarmossen-stockholms-kommun-voxnegrand-4-5630685783458155988,69-70m²,2026-03-14T19:57:01.569052
335786482378699547,https://www.hemnet.se/salda/lagenhet-2rum-kungsangen-uppsala-kommun-kungsangsgatan-57a-335786482378699547,69-70m²,2026-03-14T19:57:01.569054
1971933155551137448,https://www.hemnet.se/salda/lagenhet-5rum-hundfjallet-tandadalen-malung-salens-kommun-vargstigen-16a-1971933155551137448,69-70m²,2026-03-14T19:57:01.569055
453217589740686071,https://www.hemnet.se/salda/lagenhet-3rum-lunden-goteborgs-kommun-wrangelsgatan-3c-453217589740686071,69-70m²,2026-03-14T19:57:01.569056
2271347880092587978,https://www.hemnet.se/salda/lagenhet-3rum-alvsjo-orby-slott-stockholms-kommun-vibyholmsvagen-7-2271347880092587978,69-70m²,2026-03-14T19:57:01.569058
5027049897570173959,https://www.hemnet.se/salda/lagenhet-3rum-johanneberg-goteborgs-kommun-cosselsgatan-1a-5027049897570173959,69-70m²,2026-03-14T19:57:01.569059
4467626939842040398,https://www.hemnet.se/salda/lagenhet-2rum-centrum-oster-varbergs-kommun-magasinsgatan-61b-4467626939842040398,69-70m²,2026-03-14T19:57:01.569060
3220143627359684413,"https://www.hemnet.se/salda/lagenhet-3rum-midsommarkransen-stockholms-kommun-tegelbruksvagen-8b,-van-3-3220143627359684413",69-70m²,2026-03-14T19:57:01.569062
4302890343412763474,https://www.hemnet.se/salda/lagenhet-3rum-vendelsomalm-haninge-kommun-albatrossvagen-245-4302890343412763474,69-70m²,2026-03-14T19:57:01.569063
7050505224188526805,https://www.hemnet.se/salda/lagenhet-2rum-vasastan-stockholms-kommun-surbrunnsgatan-54-7050505224188526805,69-70m²,2026-03-14T19:57:01.569064
1574513096354341395,https://www.hemnet.se/salda/lagenhet-3rum-s-t-knut-mollevangen-malmo-kommun-helsingborgsgatan-5-1574513096354341395,69-70m²,2026-03-14T19:57:01.569066
5085354010140385830,https://www.hemnet.se/salda/lagenhet-3rum-torsvik-lidingo-kommun-torsvikssvangen-14-5085354010140385830,69-70m²,2026-03-14T19:57:01.569067
3566547566470788381,https://www.hemnet.se/salda/lagenhet-2rum-torvalla-ostersunds-kommun-anarisvagen-31-3566547566470788381,69-70m²,2026-03-14T19:57:01.569069
1649340137798675779,https://www.hemnet.se/salda/lagenhet-3rum-ruddalen-goteborgs-kommun-fiolgatan-8-1649340137798675779,69-70m²,2026-03-14T19:57:01.569070
543028268661470781,https://www.hemnet.se/salda/lagenhet-3rum-vasterhaninge-haninge-kommun-abylundsvagen-67-543028268661470781,69-70m²,2026-03-14T19:57:01.569071
771817862659777765,https://www.hemnet.se/salda/lagenhet-3rum-gamla-staden-lidkopings-kommun-prostgatan-6e-771817862659777765,69-70m²,2026-03-14T19:57:01.569073
8692657515897447749,"https://www.hemnet.se/salda/lagenhet-3rum-sodermalm-zinkensdamm-stockholms-kommun-brannkyrkagatan-91,-2-tr-8692657515897447749",69-70m²,2026-03-14T19:57:01.569074
3400394560681535814,https://www.hemnet.se/salda/lagenhet-2rum-liljeholmen-jonkopings-kommun-ostra-storgatan-122a-3400394560681535814,69-70m²,2026-03-14T19:57:01.569075
4851567613079810500,https://www.hemnet.se/salda/lagenhet-2rum-or-sundbybergs-kommun-orsvangen-11-4851567613079810500,69-70m²,2026-03-14T19:57:01.569077
5438862582554618226,https://www.hemnet.se/salda/lagenhet-3rum-bjarred-sjosidan-lomma-kommun-lobovagen-2-5438862582554618226,69-70m²,2026-03-14T19:57:01.569078
2913219964231331945,"https://www.hemnet.se/salda/lagenhet-3rum-aspudden-stockholms-kommun-sverkersgatan-2,-van-6-av-6-2913219964231331945",69-70m²,2026-03-14T19:57:01.569079
8786298104487869418,https://www.hemnet.se/salda/lagenhet-3rum-vastra-gislaved-gislaveds-kommun-norra-storgatan-3b-8786298104487869418,69-70m²,2026-03-14T19:57:01.569081
3231949755290618074,"https://www.hemnet.se/salda/lagenhet-3rum-skrea-herting-hjortsberg-falkenbergs-kommun-hjortvagen-8,-lgh-nr-1504-3231949755290618074",69-70m²,2026-03-14T19:57:01.569083
3615978420227225456,"https://www.hemnet.se/salda/lagenhet-2,5rum-slussen-malmo-kommun-fredriksbergsgatan-4-3615978420227225456",69-70m²,2026-03-14T19:57:01.569084
4233093047199337763,https://www.hemnet.se/salda/lagenhet-4rum-are-sadeln-are-kommun-sadelvagen-68d-4233093047199337763,69-70m²,2026-03-14T19:57:01.569085
6572961582213997823,"https://www.hemnet.se/salda/lagenhet-3rum-skrea-herting-hjortsberg-falkenbergs-kommun-hjortvagen-8,-lgh-nr-1304-6572961582213997823",69-70m²,2026-03-14T19:57:01.569087
1616383701141626296,https://www.hemnet.se/salda/lagenhet-3rum-grind-norrtalje-kommun-grindvagen-14a-1616383701141626296,69-70m²,2026-03-14T19:57:01.569088
5093428812270479581,https://www.hemnet.se/salda/lagenhet-2rum-hallsta-eskilstuna-kommun-ryningsbergsvagen-12d-5093428812270479581,69-70m²,2026-03-14T19:57:01.569089
7197452725078057373,https://www.hemnet.se/salda/lagenhet-3rum-funkabo-kalmar-kommun-jagarevagen-6a-7197452725078057373,69-70m²,2026-03-14T19:57:01.569090
738863005781587966,https://www.hemnet.se/salda/lagenhet-2rum-gamla-rasunda-solna-kommun-uppfartsvagen-7-738863005781587966,69-70m²,2026-03-14T19:57:01.569092
3587974086538270114,https://www.hemnet.se/salda/lagenhet-2rum-svartbacken-uppsala-kommun-skoldungagatan-43-3587974086538270114,69-70m²,2026-03-14T19:57:01.569093
7484419528193066217,https://www.hemnet.se/salda/lagenhet-3rum-lindholmen-goteborgs-kommun-lindholmshamnen-38-7484419528193066217,69-70m²,2026-03-14T19:57:01.569094
3804095942975889903,https://www.hemnet.se/salda/lagenhet-3rum-sommarro-uppsala-kommun-lindsbergsgatan-11c-3804095942975889903,69-70m²,2026-03-14T19:57:01.569096
1600911859847859351,https://www.hemnet.se/salda/lagenhet-2rum-orebro-orebro-kommun-tradgardsgatan-23-1600911859847859351,69-70m²,2026-03-14T19:57:01.569097
6468364044741464926,https://www.hemnet.se/salda/lagenhet-3rum-romberga-enkopings-kommun-samskarbogatan-13-6468364044741464926,69-70m²,2026-03-14T19:57:01.569099
1495434521127050698,https://www.hemnet.se/salda/lagenhet-2rum-soderkulla-malmo-kommun-ormvraksgatan-60-1495434521127050698,69-70m²,2026-03-14T19:57:01.569100
5696657966121762961,https://www.hemnet.se/salda/lagenhet-2rum-vannas-vannas-kommun-hovslagargatan-20n-5696657966121762961,69-70m²,2026-03-14T19:57:01.569101
67884241487642816,https://www.hemnet.se/salda/lagenhet-2rum-oster-orebro-kommun-oskarstorget-16c-67884241487642816,69-70m²,2026-03-14T19:57:01.569102
8533829339553154358,"https://www.hemnet.se/salda/lagenhet-3rum-telefonplan-stockholms-kommun-huvudfabriksgatan-8,-5-tr-8533829339553154358",69-70m²,2026-03-14T19:57:01.569104
2274619495918978163,https://www.hemnet.se/salda/lagenhet-2rum-dalby-lunds-kommun-skolgatan-3-2274619495918978163,69-70m²,2026-03-14T19:57:01.569105
471255958334396529,https://www.hemnet.se/salda/lagenhet-3rum-bromma-beckomberga-stockholms-kommun-beckomberga-angsvag-41-471255958334396529,69-70m²,2026-03-14T19:57:01.569107
5554151055106416367,https://www.hemnet.se/salda/lagenhet-3rum-vaster-lunds-kommun-mollegatan-16-5554151055106416367,69-70m²,2026-03-14T19:57:01.569108
5084007317921389575,https://www.hemnet.se/salda/lagenhet-2rum-sodra-ekkallan-linkopings-kommun-rotegatan-6-5084007317921389575,69-70m²,2026-03-14T19:57:01.569109
2821269219145257701,"https://www.hemnet.se/salda/lagenhet-2,5rum-sodermalm-stockholms-kommun-tideliusgatan-41-2821269219145257701",69-70m²,2026-03-14T19:57:01.569110
55789365368063183,"https://www.hemnet.se/salda/lagenhet-2rum-katarina-stockholms-kommun-asogatan-109,-7-tr-55789365368063183",69-70m²,2026-03-14T19:57:01.569112
552709051242545453,https://www.hemnet.se/salda/lagenhet-3rum-lorensberg-goteborgs-kommun-cederbourgsgatan-9-552709051242545453,69-70m²,2026-03-14T19:57:01.569124
2599647026686549066,https://www.hemnet.se/salda/lagenhet-2rum-trelleborg-centralt-trelleborgs-kommun-nygatan-29-2599647026686549066,69-70m²,2026-03-14T19:57:01.569126
3634314804168481746,https://www.hemnet.se/salda/lagenhet-3rum-ostermalm-finspangs-kommun-auroravagen-7a-3634314804168481746,69-70m²,2026-03-14T19:57:01.569127
6752854032609486990,"https://www.hemnet.se/salda/lagenhet-2rum-katarina-stockholms-kommun-siargatan-9,-2tr-6752854032609486990",69-70m²,2026-03-14T19:57:01.569128
7616016622438089742,https://www.hemnet.se/salda/lagenhet-3rum-sandakern-umea-kommun-sandakersgatan-11b-7616016622438089742,69-70m²,2026-03-14T19:57:01.569129
8952677225882709659,https://www.hemnet.se/salda/lagenhet-3rum-enskede-stureby-stockholms-kommun-backaskiftsvagen-9-8952677225882709659,69-70m²,2026-03-14T19:57:01.569131
6297180176721192092,https://www.hemnet.se/salda/lagenhet-3rum-hornstull-stockholms-kommun-bergsunds-strand-27-6297180176721192092,69-70m²,2026-03-14T19:57:01.569132
5404629566769954567,https://www.hemnet.se/salda/lagenhet-2rum-lomma-lomma-kommun-strandangsgatan-3-5404629566769954567,69-70m²,2026-03-14T19:57:01.569133
5192704318048585605,https://www.hemnet.se/salda/lagenhet-3rum-vara-vara-kommun-almgatan-2-a-lgh-1102-5192704318048585605,69-70m²,2026-03-14T19:57:01.569135
4134058966932507939,https://www.hemnet.se/salda/lagenhet-2rum-blekan-ronneby-kommun-ovre-brunnsvagen-75a-4134058966932507939,69-70m²,2026-03-14T19:57:01.569136
2920294027629688300,https://www.hemnet.se/salda/lagenhet-3rum-naset-lidingo-kommun-kallangsvagen-71-2920294027629688300,69-70m²,2026-03-14T19:57:01.569137
653207940383740862,https://www.hemnet.se/salda/lagenhet-3rum-alphyddan-nacka-kommun-alphyddevagen-13-653207940383740862,69-70m²,2026-03-14T19:57:01.569138
8330512633056806238,https://www.hemnet.se/salda/lagenhet-3rum-skonsmon-sundsvalls-kommun-skonsmogatan-38a-8330512633056806238,69-70m²,2026-03-14T19:57:01.569140
1635934656412347352,"https://www.hemnet.se/salda/lagenhet-2,5rum-barrsatra-sandvikens-kommun-sveavagen-9-1635934656412347352",69-70m²,2026-03-14T19:57:01.569141
5080733367232525470,https://www.hemnet.se/salda/lagenhet-2rum-stockholm-sodermalm-stockholms-kommun-bondegatan-22-5080733367232525470,69-70m²,2026-03-14T19:57:01.569142
8524071193503653728,https://www.hemnet.se/salda/lagenhet-3rum-malmo-malmo-kommun-andreegatan-9b-8524071193503653728,69-70m²,2026-03-14T19:57:01.569143
7132960251549612774,https://www.hemnet.se/salda/lagenhet-3rum-nyckelberget-kopings-kommun-mariebergsgatan-26a-7132960251549612774,69-70m²,2026-03-14T19:57:01.569145
8697045750543305117,https://www.hemnet.se/salda/lagenhet-2rum-birka-nacka-kommun-ungdomsvagen-3-8697045750543305117,69-70m²,2026-03-14T19:57:01.569146
5672438212259862832,https://www.hemnet.se/salda/lagenhet-3rum-davidshall-malmo-kommun-helmfeltsgatan-9b-5672438212259862832,69-70m²,2026-03-14T19:57:01.569147
1718416971488957946,https://www.hemnet.se/salda/lagenhet-2rum-ostermalm-stockholms-kommun-banergatan-48-1718416971488957946,69-70m²,2026-03-14T19:57:01.569148
4969946323848823300,https://www.hemnet.se/salda/lagenhet-3rum-brunnsang-sodertalje-kommun-elsarostigen-8-4969946323848823300,69-70m²,2026-03-14T19:57:01.569150
618827459070500151,https://www.hemnet.se/salda/lagenhet-3rum-annedal-stockholms-kommun-mariehallstorget-6-618827459070500151,69-70m²,2026-03-14T19:57:01.569151
59903629574063489,"https://www.hemnet.se/salda/lagenhet-2,5rum-gardet-stockholms-kommun-sandhamnsgatan-53-59903629574063489",69-70m²,2026-03-14T19:57:01.569152
7497671253927634106,https://www.hemnet.se/salda/lagenhet-3rum-ulriksdal-solna-kommun-drottning-kristinas-esplanad-65-7497671253927634106,69-70m²,2026-03-14T19:57:01.569154
5951323543365161650,https://www.hemnet.se/salda/lagenhet-2rum-centralt-norrkopings-kommun-kristinagatan-18-5951323543365161650,69-70m²,2026-03-14T19:57:01.569155
2369464716287525966,https://www.hemnet.se/salda/lagenhet-3rum-hofors-hofors-kommun-skraddargatan-26-2369464716287525966,69-70m²,2026-03-14T19:57:01.569156
4437453062451953359,https://www.hemnet.se/salda/lagenhet-2rum-naset-lidingo-kommun-kallangsvagen-18a-4437453062451953359,69-70m²,2026-03-14T19:57:01.569158
2953402584310536290,https://www.hemnet.se/salda/lagenhet-2rum-stuvsta-centrum-huddinge-kommun-stationsvagen-33-2953402584310536290,69-70m²,2026-03-14T19:57:01.569159
1225057596194100424,"https://www.hemnet.se/salda/lagenhet-2,5rum-vasastan-atlas-stockholms-kommun-volundsgatan-10-1225057596194100424",69-70m²,2026-03-14T19:57:01.569160
1195513906040279738,https://www.hemnet.se/salda/lagenhet-2rum-karlsdal-vasteras-kommun-fogdegatan-3b-1195513906040279738,69-70m²,2026-03-14T19:57:01.569161
5296439481536481285,https://www.hemnet.se/salda/lagenhet-2rum-ribersborg-malmo-kommun-carl-hillsgatan-3a-5296439481536481285,69-70m²,2026-03-14T19:57:01.569163
5033624592925399079,https://www.hemnet.se/salda/lagenhet-3rum-ranagard-halmstads-kommun-kalvstigen-17a-5033624592925399079,69-70m²,2026-03-14T19:57:01.569164
5369977614371799366,https://www.hemnet.se/salda/lagenhet-2rum-bunkeflo-malmo-kommun-sadelmakarebyn-7c-5369977614371799366,69-70m²,2026-03-14T19:57:01.569165
1252567481076138255,https://www.hemnet.se/salda/lagenhet-3rum-centralt-ornskoldsvik-ornskoldsviks-kommun-angermanlandsgatan-14a-1252567481076138255,69-70m²,2026-03-14T19:57:01.569167
8444372865142683317,https://www.hemnet.se/salda/lagenhet-3rum-jonsered-partille-kommun-lansmansvagen-7a-8444372865142683317,69-70m²,2026-03-14T19:57:01.569168
4753743718038489987,https://www.hemnet.se/salda/lagenhet-2rum-vigelsjo-norrtalje-kommun-vigelsjovagen-9b-4753743718038489987,69-70m²,2026-03-14T19:57:01.569169
3693245051209319449,"https://www.hemnet.se/salda/lagenhet-2,5rum-norrtalje-stad-vigelsjo-norrtalje-kommun-vigelsjovagen-7b-3693245051209319449",69-70m²,2026-03-14T19:57:01.569171
2058510555885954068,https://www.hemnet.se/salda/lagenhet-3rum-linnestaden-goteborgs-kommun-rosengatan-3a-2058510555885954068,69-70m²,2026-03-14T19:57:01.569172
1243135043645919734,https://www.hemnet.se/salda/lagenhet-2rum-vasastan-roda-bergen-stockholms-kommun-gavlegatan-5-1243135043645919734,69-70m²,2026-03-14T19:57:01.569173
6673822813215323460,https://www.hemnet.se/salda/lagenhet-2rum-olskroken-goteborgs-kommun-norra-gubberogatan-19b-6673822813215323460,69-70m²,2026-03-14T19:57:01.569174
857285152859105843,https://www.hemnet.se/salda/lagenhet-3rum-dammfri-malmo-kommun-mariedalsvagen-56b-857285152859105843,69-70m²,2026-03-14T19:57:01.569176
3654457708199794149,https://www.hemnet.se/salda/lagenhet-2rum-centrum-ulricehamns-kommun-nygatan-12b-3654457708199794149,69-70m²,2026-03-14T19:57:01.569177
1698732053455615323,https://www.hemnet.se/salda/lagenhet-4rum-are-sadeln-are-kommun-sadelvagen-70a-1698732053455615323,69-70m²,2026-03-14T19:57:01.569178
4312865708771093701,https://www.hemnet.se/salda/lagenhet-3rum-soder-uddevalla-kommun-packhusgatan-10c-4312865708771093701,69-70m²,2026-03-14T19:57:01.569179
5289215986724019312,https://www.hemnet.se/salda/lagenhet-3rum-bromma-beckomberga-stockholms-kommun-beckomberga-skogsvag-2-5289215986724019312,69-70m²,2026-03-14T19:57:01.569181
1022994810906937931,https://www.hemnet.se/salda/lagenhet-2rum-vastergarden-vallentuna-kommun-vastergarden-239-1022994810906937931,69-70m²,2026-03-14T19:57:01.569182
1528561013611131849,"https://www.hemnet.se/salda/lagenhet-4rum-sofia-stockholms-kommun-tegelviksgatan-30,-4-tr-1528561013611131849",69-70m²,2026-03-14T19:57:01.569184
1515825935783404619,https://www.hemnet.se/salda/lagenhet-4rum-midsommarkransen-telefonplan-stockholms-kommun-cedergrensvagen-24-1515825935783404619,69-70m²,2026-03-14T19:57:01.569185
5911559134166971254,https://www.hemnet.se/salda/lagenhet-3rum-kevinge-danderyds-kommun-kevingeringen-26-5911559134166971254,69-70m²,2026-03-14T19:57:01.569186
7889141811441406156,https://www.hemnet.se/salda/lagenhet-2rum-bro-centrum-upplands-bro-kommun-blomstervagen-1-7889141811441406156,69-70m²,2026-03-14T19:57:01.569187
1640515793916295355,https://www.hemnet.se/salda/lagenhet-3rum-centralt-sandvikens-kommun-smala-vagen-1a-1640515793916295355,69-70m²,2026-03-14T19:57:01.569189
8177224085956078268,"https://www.hemnet.se/salda/lagenhet-2rum-sodermalm-stockholms-kommun-lignagatan-7,-3tr-8177224085956078268",69-70m²,2026-03-14T19:57:01.569190
1234428266718602418,https://www.hemnet.se/salda/lagenhet-2rum-nacka-strand-nacka-kommun-augustendalsvagen-24-1234428266718602418,69-70m²,2026-03-14T19:57:01.569191
4585433468269961294,https://www.hemnet.se/salda/lagenhet-3rum-vasastan-stockholms-kommun-ingemarsgatan-3b-4585433468269961294,69-70m²,2026-03-14T19:57:01.569193
4434297369808281015,https://www.hemnet.se/salda/lagenhet-2rum-dammfri-malmo-kommun-korsorvagen-14b-4434297369808281015,69-70m²,2026-03-14T19:57:01.569194
5634736639447422253,https://www.hemnet.se/salda/lagenhet-3rum-tynnered-goteborgs-kommun-topasgatan-62-5634736639447422253,69-70m²,2026-03-14T19:57:01.569195
6826801265928743534,https://www.hemnet.se/salda/lagenhet-4rum-asa-centrum-kungsbacka-kommun-asa-villavag-40b-6826801265928743534,69-70m²,2026-03-14T19:57:01.569196
1140459972871687806,https://www.hemnet.se/salda/lagenhet-2rum-lomma-tatort-lomma-kommun-centrumgatan-17-1140459972871687806,69-70m²,2026-03-14T19:57:01.569198
3882562573090250972,https://www.hemnet.se/salda/lagenhet-3rum-ostlyckan-alingsas-kommun-kometgatan-6a-3882562573090250972,69-70m²,2026-03-14T19:57:01.569199
4285424740930127118,https://www.hemnet.se/salda/lagenhet-3rum-vasastan-stockholms-kommun-rorstrandsgatan-64-4285424740930127118,69-70m²,2026-03-14T19:57:01.569200
6810338333874917407,https://www.hemnet.se/salda/lagenhet-2rum-kallhall-jarfalla-kommun-filarvagen-3-6810338333874917407,69-70m²,2026-03-14T19:57:01.569202
4703567554705039871,https://www.hemnet.se/salda/lagenhet-3rum-centrala-sollentuna-sollentuna-kommun-sollentunavagen-136-4703567554705039871,69-70m²,2026-03-14T19:57:01.569203
4837008539221479443,https://www.hemnet.se/salda/lagenhet-3rum-ockero-ockero-kommun-skolvagen-4-4837008539221479443,69-70m²,2026-03-14T19:57:01.569204
4958960584074213690,https://www.hemnet.se/salda/lagenhet-3rum-vastertorp-norrtalje-kommun-dianastigen-5a-4958960584074213690,69-70m²,2026-03-14T19:57:01.569205
5966276868776291076,https://www.hemnet.se/salda/lagenhet-2rum-nacka-forum-nacka-kommun-serenadvagen-32-5966276868776291076,69-70m²,2026-03-14T19:57:01.569207
35907077248166191,"https://www.hemnet.se/salda/lagenhet-4rum-tandadalen,-salen-malung-salens-kommun-fjallsasen-8a-35907077248166191",69-70m²,2026-03-14T19:57:01.569208
3177510246360864339,"https://www.hemnet.se/salda/lagenhet-2,5rum-gamla-masthugget-goteborgs-kommun-backegatan-24-3177510246360864339",69-70m²,2026-03-14T19:57:01.569209
6907245638332154462,https://www.hemnet.se/salda/lagenhet-2rum-unnerod-uddevalla-kommun-ostanvindsvagen-6-6907245638332154462,69-70m²,2026-03-14T19:57:01.569211
3419480030930998541,"https://www.hemnet.se/salda/lagenhet-3rum-vasastan-stockholms-kommun-eastmansvagen-17,-3-tr-3419480030930998541",69-70m²,2026-03-14T19:57:01.569212
5139285128989797563,https://www.hemnet.se/salda/lagenhet-3rum-ostermalm-finspangs-kommun-sodra-storangsvagen-60a-5139285128989797563,69-70m²,2026-03-14T19:57:01.569213
7537902230857440737,https://www.hemnet.se/salda/lagenhet-3rum-bulltofta-malmo-kommun-ahrenbergsgatan-10-7537902230857440737,69-70m²,2026-03-14T19:57:01.569215
6293332542376758987,https://www.hemnet.se/salda/lagenhet-3rum-lund-centrum-lunds-kommun-gronegatan-19a-6293332542376758987,69-70m²,2026-03-14T19:57:01.569216
1664116723128276772,https://www.hemnet.se/salda/lagenhet-3rum-vallingby-johannelund-stockholms-kommun-rabattvagen-42-1664116723128276772,69-70m²,2026-03-14T19:57:01.569217
51119245013263725,https://www.hemnet.se/salda/lagenhet-3rum-ruddalen-goteborgs-kommun-gitarrgatan-1-51119245013263725,69-70m²,2026-03-14T19:57:01.569219
4710614511600076252,https://www.hemnet.se/salda/lagenhet-3rum-skacklinge-botkyrka-kommun-skacklingevagen-49-4710614511600076252,69-70m²,2026-03-14T19:57:01.569220
5571012220747609173,https://www.hemnet.se/salda/lagenhet-2rum-jakobsberg-jarfalla-kommun-allmogevagen-4-5571012220747609173,69-70m²,2026-03-14T19:57:01.569221
2718893908190362600,https://www.hemnet.se/salda/lagenhet-3rum-sturefors-linkopings-kommun-blaeldsbagen-33a-2718893908190362600,69-70m²,2026-03-14T19:57:01.569222
4325934371586802116,https://www.hemnet.se/salda/lagenhet-3rum-sandtorp-norrkopings-kommun-ellen-mobergs-gata-16-4325934371586802116,69-70m²,2026-03-14T19:57:01.569224
1543949174101307467,https://www.hemnet.se/salda/lagenhet-3rum-vasastan-stockholms-kommun-birger-jarlsgatan-79-1543949174101307467,69-70m²,2026-03-14T19:57:01.569225
5747472764421028257,https://www.hemnet.se/salda/lagenhet-3rum-fruangen-stockholms-kommun-barbro-alvings-gata-3-5747472764421028257,69-70m²,2026-03-14T19:57:01.569226
9135737128292893093,https://www.hemnet.se/salda/lagenhet-3rum-vastra-skogen-solna-kommun-bangatan-1b-9135737128292893093,69-70m²,2026-03-14T19:57:01.569227
8869436561707835404,"https://www.hemnet.se/salda/lagenhet-2,5rum-vasastan-sankt-eriksplan-stockholms-kommun-sankt-eriksgatan-66,-2tr-6tr-mot-gard-8869436561707835404",69-70m²,2026-03-14T19:57:01.569229
7477147820772338241,"https://www.hemnet.se/salda/lagenhet-3rum-rasunda-solna-kommun-plogvagen-2,-van-1-7477147820772338241",69-70m²,2026-03-14T19:57:01.569230
8258269716607476255,https://www.hemnet.se/salda/lagenhet-2rum-kasernhojden-karlstads-kommun-kasernhojden-11b-8258269716607476255,69-70m²,2026-03-14T19:57:01.569232
1243107670256450149,https://www.hemnet.se/salda/lagenhet-3rum-strommensberg-goteborgs-kommun-kobergsgatan-29-1243107670256450149,69-70m²,2026-03-14T19:57:01.569233
6300080986122777852,"https://www.hemnet.se/salda/lagenhet-2,5rum-haga-vasteras-kommun-haga-parkgata-19b-6300080986122777852",69-70m²,2026-03-14T19:57:01.569234
204634250465130607,https://www.hemnet.se/salda/lagenhet-2rum-lund-centrum-lunds-kommun-finalgatan-17b-204634250465130607,69-70m²,2026-03-14T19:57:01.569235
1141359585158874024,https://www.hemnet.se/salda/lagenhet-2rum-gottsunda-uppsala-kommun-cellovagen-5p-1141359585158874024,69-70m²,2026-03-14T19:57:01.569236
4107296149589786970,"https://www.hemnet.se/salda/lagenhet-3rum-huvudsta-solna-kommun-polhemsgatan-5a,-3-tr-4107296149589786970",69-70m²,2026-03-14T19:57:01.569238
1932174622309451711,https://www.hemnet.se/salda/lagenhet-4rum-hagerstensasen-stockholms-kommun-dymlingsgrand-9-1932174622309451711,69-70m²,2026-03-14T19:57:01.569239
1911750604469145600,https://www.hemnet.se/salda/lagenhet-3rum-falhagen-uppsala-kommun-osterangsgatan-24c-1911750604469145600,69-70m²,2026-03-14T19:57:01.569240
3001726710260553551,https://www.hemnet.se/salda/lagenhet-3rum-kapellgardet-uppsala-kommun-orgelgatan-8-3001726710260553551,69-70m²,2026-03-14T19:57:01.569241
3418953693056207421,https://www.hemnet.se/salda/lagenhet-3rum-vasastan-stockholms-kommun-sigtunagatan-13a-3418953693056207421,69-70m²,2026-03-14T19:57:01.569243
6539685097797001106,https://www.hemnet.se/salda/lagenhet-2rum-sodermalm-stockholms-kommun-ljustergrand-5-6539685097797001106,69-70m²,2026-03-14T19:57:01.569244
6611881903021980373,https://www.hemnet.se/salda/lagenhet-2rum-stenhagen-uppsala-kommun-stenhagsvagen-166-6611881903021980373,69-70m²,2026-03-14T19:57:01.569245
4605333894693986225,https://www.hemnet.se/salda/lagenhet-3rum-gideonsberg-vasteras-kommun-blomstergatan-18-4605333894693986225,69-70m²,2026-03-14T19:57:01.569246
2327154772334536772,https://www.hemnet.se/salda/lagenhet-3rum-nya-hovas-goteborgs-kommun-hedtangsvagen-23-2327154772334536772,69-70m²,2026-03-14T19:57:01.569247
3387329444150503345,https://www.hemnet.se/salda/lagenhet-2rum-bagaregarden-goteborgs-kommun-gustavsplatsen-1i-3387329444150503345,69-70m²,2026-03-14T19:57:01.569249
5241688540227722747,https://www.hemnet.se/salda/lagenhet-3rum-hjallbo-goteborgs-kommun-hjallbogardet-40-5241688540227722747,69-70m²,2026-03-14T19:57:01.569250
6448760432927593818,https://www.hemnet.se/salda/lagenhet-3rum-krokslatt-molndals-kommun-dalhemsgatan-10b-6448760432927593818,69-70m²,2026-03-14T19:57:01.569251
6594888067579501631,https://www.hemnet.se/salda/lagenhet-2rum-norr-eskilstuna-kommun-alfeltsgatan-1c-6594888067579501631,69-70m²,2026-03-14T19:57:01.569252
446628080424486648,"https://www.hemnet.se/salda/lagenhet-3,5rum-bromma-blackeberg-stockholms-kommun-holbergsgatan-125-446628080424486648",69-70m²,2026-03-14T19:57:01.569254
7957305537062131307,https://www.hemnet.se/salda/lagenhet-3rum-fruangen-stockholms-kommun-agnes-lagerstedts-gata-12-7957305537062131307,69-70m²,2026-03-14T19:57:01.569255
2831713239843074092,https://www.hemnet.se/salda/lagenhet-3rum-huvudsta-solna-kommun-slaggbacken-2-van-5-5-2831713239843074092,69-70m²,2026-03-14T19:57:01.569256
8382799393968021588,https://www.hemnet.se/salda/lagenhet-3rum-krokslatt-molndals-kommun-soltorpsgatan-27b-8382799393968021588,69-70m²,2026-03-14T19:57:01.569257
5733828736176283434,https://www.hemnet.se/salda/lagenhet-2rum-ljusstaden-kalmar-kommun-lech-walesas-gata-47b-5733828736176283434,69-70m²,2026-03-14T19:57:01.569259
4688496903279992243,https://www.hemnet.se/salda/lagenhet-3rum-breared-varbergs-kommun-kalkstensgatan-2-4688496903279992243,69-70m²,2026-03-14T19:57:01.569260
6972872588870877973,https://www.hemnet.se/salda/lagenhet-2rum-grind-norrtalje-kommun-tunvagen-8e-6972872588870877973,69-70m²,2026-03-14T19:57:01.569261
7664828088931339502,https://www.hemnet.se/salda/lagenhet-3rum-mariekall-sodertalje-kommun-mariekallgatan-46-7664828088931339502,69-70m²,2026-03-14T19:57:01.569262
7609887284018992727,https://www.hemnet.se/salda/lagenhet-3rum-grind-norrtalje-kommun-grindvagen-14b-7609887284018992727,69-70m²,2026-03-14T19:57:01.569264
6418351330128377851,https://www.hemnet.se/salda/lagenhet-2rum-gamla-vattersnas-jonkopings-kommun-brynjegatan-3-6418351330128377851,69-70m²,2026-03-14T19:57:01.569265
214062278140443394,https://www.hemnet.se/salda/lagenhet-2rum-stenhagen-uppsala-kommun-stenhagsvagen-162-214062278140443394,69-70m²,2026-03-14T19:57:01.569266
1908162243563915848,https://www.hemnet.se/salda/lagenhet-3rum-olympia-helsingborgs-kommun-s-t-peders-gata-13-1908162243563915848,69-70m²,2026-03-14T19:57:01.569268
5832713720442817328,https://www.hemnet.se/salda/lagenhet-3rum-segeltorp-huddinge-kommun-varnstigen-7-5832713720442817328,69-70m²,2026-03-14T19:57:01.569269
8170756268006130635,"https://www.hemnet.se/salda/lagenhet-3rum-norrmalm-city-stockholms-kommun-hollandargatan-9a,-2tr-8170756268006130635",69-70m²,2026-03-14T19:57:01.569270
5817636688127200735,https://www.hemnet.se/salda/lagenhet-3rum-haga-vasteras-kommun-norra-skjutbanegatan-14e-5817636688127200735,69-70m²,2026-03-14T19:57:01.569271
7046910771505371083,https://www.hemnet.se/salda/lagenhet-3rum-sickla-nacka-kommun-sickla-industrivag-26-7046910771505371083,69-70m²,2026-03-14T19:57:01.569273
5428482068260419124,https://www.hemnet.se/salda/lagenhet-3rum-ulvsunda-stockholms-kommun-ulvsundavagen-44-5428482068260419124,69-70m²,2026-03-14T19:57:01.569274
8350884722310859146,https://www.hemnet.se/salda/lagenhet-3rum-ostra-lugnet-vaxjo-kommun-olsbergsvagen-59b-8350884722310859146,69-70m²,2026-03-14T19:57:01.569275
1955607028083513614,https://www.hemnet.se/salda/lagenhet-3rum-centrum-lunds-kommun-flormansgatan-10-1955607028083513614,69-70m²,2026-03-14T19:57:01.569276
6094942245831806519,https://www.hemnet.se/salda/lagenhet-3rum-sjodalen-huddinge-kommun-solfagravagen-17-6094942245831806519,69-70m²,2026-03-14T19:57:01.569278
6338413517993629063,https://www.hemnet.se/salda/lagenhet-3rum-limhamn-malmo-kommun-alggatan-47-a-6338413517993629063,69-70m²,2026-03-14T19:57:01.569279
387578700874240463,https://www.hemnet.se/salda/lagenhet-3rum-centrala-hisingen-hildedal-goteborgs-kommun-frukttradsgatan-7-387578700874240463,69-70m²,2026-03-14T19:57:01.569280
3072807929157635177,"https://www.hemnet.se/salda/lagenhet-3rum-arenastaden-solna-kommun-evenemangsgatan-34,-vaning-15-3072807929157635177",69-70m²,2026-03-14T19:57:01.569282
920515182248016985,https://www.hemnet.se/salda/lagenhet-3rum-villan-angelholms-kommun-asbogatan-33b-920515182248016985,69-70m²,2026-03-14T19:57:01.569283
4427841519717726025,https://www.hemnet.se/salda/lagenhet-3rum-haga-falu-kommun-hagagatan-7f-4427841519717726025,69-70m²,2026-03-14T19:57:01.569284
6224825098944516697,https://www.hemnet.se/salda/lagenhet-3rum-fruangen-stockholms-kommun-lotta-svards-grand-16-6224825098944516697,69-70m²,2026-03-14T19:57:01.569286
6266898833941682714,https://www.hemnet.se/salda/lagenhet-2rum-lunden-skovde-kommun-lundenvagen-21b-6266898833941682714,69-70m²,2026-03-14T19:57:01.569287
7384566661149633750,https://www.hemnet.se/salda/lagenhet-3rum-liljeholmen-stockholms-kommun-nybohovsbacken-52-7384566661149633750,69-70m²,2026-03-14T19:57:01.569288
5153588020705476954,https://www.hemnet.se/salda/lagenhet-3rum-rotebro-sollentuna-kommun-timotejvagen-11-5153588020705476954,69-70m²,2026-03-14T19:57:01.569290
6334419799808117502,"https://www.hemnet.se/salda/lagenhet-3rum-sodermalm-mariatorget-stockholms-kommun-timmermansgatan-39,-entreplan-6334419799808117502",69-70m²,2026-03-14T19:57:01.569291
7305179040051578370,https://www.hemnet.se/salda/lagenhet-3rum-mariekall-sodertalje-kommun-mariekallgatan-44-7305179040051578370,69-70m²,2026-03-14T19:57:01.569292
6457281998534941211,https://www.hemnet.se/salda/lagenhet-2rum-sverige-centralt-lage-stambytt-duschrum-inglasad-balkong-i-soderlage-6457281998534941211,69-70m²,2026-03-14T19:57:01.569294
3953551180269298617,"https://www.hemnet.se/salda/lagenhet-3,5rum-gustavsberg-farstadal-varmdo-kommun-rekordvagen-7-3953551180269298617",69-70m²,2026-03-14T19:57:01.569295
8805976502066022497,https://www.hemnet.se/salda/lagenhet-3rum-vaster-city-jonkopings-kommun-lasarettsgatan-12-8805976502066022497,69-70m²,2026-03-14T19:57:01.569296
1279139970477782821,https://www.hemnet.se/salda/lagenhet-3rum-arenaparken-lunds-kommun-finalgatan-3-1279139970477782821,69-70m²,2026-03-14T19:57:01.569298
341283050052393715,"https://www.hemnet.se/salda/lagenhet-2,5rum-sodra-omradet-kalmar-kommun-stensbergsvagen-54d-341283050052393715",69-70m²,2026-03-14T19:57:01.569299
3146048021410847647,https://www.hemnet.se/salda/lagenhet-2rum-centrala-marsta-sigtuna-kommun-sodergatan-14-55-boende-3146048021410847647,69-70m²,2026-03-14T19:57:01.569300
2052851268199015845,https://www.hemnet.se/salda/lagenhet-3rum-ruddalen-goteborgs-kommun-fiolgatan-10-2052851268199015845,69-70m²,2026-03-14T19:57:01.569302
7101198871178131998,https://www.hemnet.se/salda/lagenhet-2rum-karls-aby-karlskoga-kommun-faktorivagen-8c-7101198871178131998,69-70m²,2026-03-14T19:57:01.569303
1975976687054722877,https://www.hemnet.se/salda/lagenhet-3rum-vasastan-stockholms-kommun-odengatan-71-1975976687054722877,69-70m²,2026-03-14T19:57:01.569304
5421235858958613984,https://www.hemnet.se/salda/lagenhet-3rum-solna-jarvastaden-solna-kommun-vatmarksvagen-62-5421235858958613984,69-70m²,2026-03-14T19:57:01.569305
5582061344670230808,https://www.hemnet.se/salda/lagenhet-3rum-kanikenasholmen-yttre-hamn-karlstads-kommun-kanikenasbanken-31-5582061344670230808,69-70m²,2026-03-14T19:57:01.569307
4706861628306636062,https://www.hemnet.se/salda/lagenhet-3rum-tegelbruket-svedala-kommun-mastaregrand-48-4706861628306636062,69-70m²,2026-03-14T19:57:01.569308
2009127172919811094,https://www.hemnet.se/salda/lagenhet-2rum-flogsta-ekeby-uppsala-kommun-helsingforsgatan-77-2009127172919811094,69-70m²,2026-03-14T19:57:01.569309
7902721607909030680,https://www.hemnet.se/salda/lagenhet-2rum-ed-centrum-dals-eds-kommun-hantverkaregatan-12-lgh-1103-7902721607909030680,69-70m²,2026-03-14T19:57:01.569311
3442986480724548868,"https://www.hemnet.se/salda/lagenhet-2,5rum-liljeholmskajen-stockholms-kommun-onologgatan-4-3442986480724548868",69-70m²,2026-03-14T19:57:01.569312
6523550735709558190,https://www.hemnet.se/salda/lagenhet-3rum-ostra-sorgenfri-malmo-kommun-ostra-farmvagen-42d-6523550735709558190,69-70m²,2026-03-14T19:57:01.569313
2712909288261108699,https://www.hemnet.se/salda/lagenhet-3rum-centrala-vasby-upplands-vasby-kommun-herrgardsvagen-12b-2712909288261108699,69-70m²,2026-03-14T19:57:01.569315
4926130233945806957,"https://www.hemnet.se/salda/lagenhet-3rum-frosunda-solna-kommun-gustav-iii-s-boulevard-81,-3-tr-4926130233945806957",69-70m²,2026-03-14T19:57:01.569316
8908155714718269952,https://www.hemnet.se/salda/lagenhet-3rum-hogsbo-hojd-goteborgs-kommun-sjupundsgatan-41-8908155714718269952,69-70m²,2026-03-14T19:57:01.569317
3868289932343219905,"https://www.hemnet.se/salda/lagenhet-2,5rum-klintbacken-lulea-kommun-klintvagen-313b-3868289932343219905",69-70m²,2026-03-14T19:57:01.569319
8429890819114196174,https://www.hemnet.se/salda/lagenhet-2rum-kungsholmen-stockholms-kommun-norra-agnegatan-32-8429890819114196174,69-70m²,2026-03-14T19:57:01.569320
262865118070308823,https://www.hemnet.se/salda/lagenhet-3rum-abrahamsberg-stockholms-kommun-arkitektvagen-75-262865118070308823,69-70m²,2026-03-14T19:57:01.569321
5865436293722515733,https://www.hemnet.se/salda/lagenhet-3rum-stensjon-molndals-kommun-larssons-berg-6-5865436293722515733,69-70m²,2026-03-14T19:57:01.569322
2373342480259434256,"https://www.hemnet.se/salda/lagenhet-3,5rum-bromma-blackeberg-stockholms-kommun-holbergsgatan-148-2373342480259434256",69-70m²,2026-03-14T19:57:01.569324
125166708787416756,https://www.hemnet.se/salda/lagenhet-2rum-arvika-arvika-kommun-skolgatan-9a-125166708787416756,69-70m²,2026-03-14T19:57:01.569325
7338777693820759070,https://www.hemnet.se/salda/lagenhet-3rum-centrum-ystads-kommun-thorssons-vag-15-7338777693820759070,69-70m²,2026-03-14T19:57:01.569326
7724740467631022047,https://www.hemnet.se/salda/lagenhet-2rum-gultzauudden-lulea-kommun-tjarhovsgatan-18a-7724740467631022047,69-70m²,2026-03-14T19:57:01.569328
4905223426644259688,"https://www.hemnet.se/salda/lagenhet-2,5rum-nedre-gardet-ostermalm-stockholms-kommun-skeppargatan-92,-4tr-4905223426644259688",69-70m²,2026-03-14T19:57:01.569329
1999319497282662635,https://www.hemnet.se/salda/lagenhet-3rum-sundbyberg-lilla-alby-sundbybergs-kommun-albygatan-117-1999319497282662635,69-70m²,2026-03-14T19:57:01.569330
141132731198442269,https://www.hemnet.se/salda/lagenhet-3rum-sickla-nacka-kommun-atlasvagen-39-141132731198442269,69-70m²,2026-03-14T19:57:01.569331
8135249280576555245,https://www.hemnet.se/salda/lagenhet-3rum-bifrost-molndals-kommun-axgatan-10-8135249280576555245,69-70m²,2026-03-14T19:57:01.569333
570267100759388037,https://www.hemnet.se/salda/lagenhet-2rum-hornstull-stockholms-kommun-lorensbergsgatan-1a-570267100759388037,69-70m²,2026-03-14T19:57:01.569334
2142527449041749236,https://www.hemnet.se/salda/lagenhet-3rum-hogberget-ludvika-kommun-generatorgatan-3a-2142527449041749236,69-70m²,2026-03-14T19:57:01.569335
8939840630906812657,https://www.hemnet.se/salda/lagenhet-3rum-sundbyberg-ursvik-sundbybergs-kommun-ursviks-alle-55-8939840630906812657,69-70m²,2026-03-14T19:57:01.569336
3718491075270281909,"https://www.hemnet.se/salda/lagenhet-2,5rum-svedmyra-enskede-stockholms-kommun-enskedevagen-164-3718491075270281909",69-70m²,2026-03-14T19:57:01.569338
7958645592522461840,https://www.hemnet.se/salda/lagenhet-2rum-billdal-skintebo-goteborgs-kommun-bredangen-41-7958645592522461840,69-70m²,2026-03-14T19:57:01.569339
684169655839112231,https://www.hemnet.se/salda/lagenhet-2rum-tagaborg-helsingborgs-kommun-hjalmar-forsbergs-gata-12-684169655839112231,69-70m²,2026-03-14T19:57:01.569340
8415883855012977585,https://www.hemnet.se/salda/lagenhet-3rum-jakobsberg-jarfalla-kommun-veckovagen-33-8415883855012977585,69-70m²,2026-03-14T19:57:01.569341
1762118390805639693,https://www.hemnet.se/salda/lagenhet-3rum-bandhagen-stockholms-kommun-sjosavagen-99-1762118390805639693,69-70m²,2026-03-14T19:57:01.569343
2355942399364242710,https://www.hemnet.se/salda/lagenhet-2rum-tollare-nacka-kommun-tollare-strand-9-2355942399364242710,69-70m²,2026-03-14T19:57:01.569344
4057456364212471112,https://www.hemnet.se/salda/lagenhet-3rum-malen-bastads-kommun-kopmansgatan-105b-4057456364212471112,69-70m²,2026-03-14T19:57:01.569345
6486236626804011595,https://www.hemnet.se/salda/lagenhet-2rum-soderkulla-malmo-kommun-ormvraksgatan-64-6486236626804011595,69-70m²,2026-03-14T19:57:01.569346
8549487684417400855,https://www.hemnet.se/salda/lagenhet-2rum-tegelhagen-sollentuna-kommun-skogstorpsvagen-172-8549487684417400855,69-70m²,2026-03-14T19:57:01.569348
8608563091625409120,https://www.hemnet.se/salda/lagenhet-3rum-resecentrum-karlshamns-kommun-kolonigatan-15-8608563091625409120,69-70m²,2026-03-14T19:57:01.569349
7231977925779821153,https://www.hemnet.se/salda/lagenhet-3rum-hammarbyhojden-stockholms-kommun-lidkopingsvagen-31-7231977925779821153,69-70m²,2026-03-14T19:57:01.569350
114358182785365968,https://www.hemnet.se/salda/lagenhet-3rum-bromma-beckomberga-stockholms-kommun-soderberga-alle-8-114358182785365968,69-70m²,2026-03-14T19:57:01.569351
5380220896791803391,"https://www.hemnet.se/salda/lagenhet-2rum-liljeholmen-stockholms-kommun-liljeholmstorget-8,-van-6-6-5380220896791803391",69-70m²,2026-03-14T19:57:01.569352
213993655363742261,https://www.hemnet.se/salda/lagenhet-3rum-nydala-malmo-kommun-rodkullastigen-5b-213993655363742261,69-70m²,2026-03-14T19:57:01.569354
7641680792499360369,https://www.hemnet.se/salda/lagenhet-2rum-lombolo-kiruna-kommun-tarfalavagen-9-b-7641680792499360369,69-70m²,2026-03-14T19:57:01.569355
4601012008745131567,https://www.hemnet.se/salda/lagenhet-2rum-centrum-linkopings-kommun-drottninggatan-2-4601012008745131567,69-70m²,2026-03-14T19:57:01.569356
3819728541863048882,"https://www.hemnet.se/salda/lagenhet-3rum-vasastan-hagastaden-stockholms-kommun-hagaesplanaden-61,-6tr-3819728541863048882",69-70m²,2026-03-14T19:57:01.569357
1908755544611874546,https://www.hemnet.se/salda/lagenhet-3rum-hogsbo-goteborgs-kommun-marklandsgatan-61-1908755544611874546,69-70m²,2026-03-14T19:57:01.569359
3406124986798556681,https://www.hemnet.se/salda/lagenhet-3rum-jakobsberg-jarfalla-kommun-nibblevagen-8c-3406124986798556681,69-70m²,2026-03-14T19:57:01.569360
5746006337703708758,https://www.hemnet.se/salda/lagenhet-3rum-bohusgarden-uddevalla-kommun-skandiavagen-4b-5746006337703708758,69-70m²,2026-03-14T19:57:01.569361
174953776589407056,https://www.hemnet.se/salda/lagenhet-3rum-centrum-varvet-lulea-kommun-residensgatan-6d-174953776589407056,69-70m²,2026-03-14T19:57:01.569362
1573569272442022323,https://www.hemnet.se/salda/lagenhet-3rum-grimsta-stockholms-kommun-gulddragargrand-50-1573569272442022323,69-70m²,2026-03-14T19:57:01.569364
5175133237216520333,"https://www.hemnet.se/salda/lagenhet-2rum-liljeholmen-stockholms-kommun-liljeholmstorget-54,-4tr-5175133237216520333",69-70m²,2026-03-14T19:57:01.569365
165753460139152542,https://www.hemnet.se/salda/lagenhet-3rum-molndal-stensjon-molndals-kommun-larssons-berg-8-165753460139152542,69-70m²,2026-03-14T19:57:01.569367
5797288413704108972,https://www.hemnet.se/salda/lagenhet-3rum-jakobsberg-jarfalla-kommun-veckovagen-65-5797288413704108972,69-70m²,2026-03-14T19:57:01.569368
4567841750946244136,https://www.hemnet.se/salda/lagenhet-3rum-gamla-ostberga-stureby-stockholms-kommun-stamgatan-86-4567841750946244136,69-70m²,2026-03-14T19:57:01.569369
8621860409617193286,https://www.hemnet.se/salda/lagenhet-4rum-are-by-are-kommun-arevagen-196a-8621860409617193286,69-70m²,2026-03-14T19:57:01.569371
4999527208989700232,https://www.hemnet.se/salda/lagenhet-3rum-bulltofta-malmo-kommun-ahrenbergsgatan-10-4999527208989700232,69-70m²,2026-03-14T19:57:01.569372
1658695429725122860,https://www.hemnet.se/salda/lagenhet-3rum-vastberga-telefonplan-stockholms-kommun-dansbanevagen-43-1658695429725122860,69-70m²,2026-03-14T19:57:01.569374
8819637860169397357,https://www.hemnet.se/salda/lagenhet-3rum-falhagen-uppsala-kommun-s-t-goransgatan-33-c-8819637860169397357,69-70m²,2026-03-14T19:57:01.569375
3166754622881286931,https://www.hemnet.se/salda/lagenhet-3rum-gamla-ostberga-stockholms-kommun-stamgatan-75-3166754622881286931,69-70m²,2026-03-14T19:57:01.569376
571637024275163602,https://www.hemnet.se/salda/lagenhet-3rum-molndal-molndals-kommun-dalhemsgatan-10j-571637024275163602,69-70m²,2026-03-14T19:57:01.569378
2247330425404307039,https://www.hemnet.se/salda/lagenhet-2rum-jarfalla-jarfalla-kommun-kallhallsleden-16-2247330425404307039,69-70m²,2026-03-14T19:57:01.569379
5551418642596888979,https://www.hemnet.se/salda/lagenhet-3rum-eriksberg-uppsala-kommun-stigbergsplan-3-5551418642596888979,69-70m²,2026-03-14T19:57:01.569380
3751428215428542431,"https://www.hemnet.se/salda/lagenhet-2rum-lillsjon-upplands-bro-kommun-kristallstigen-2,-2-tr-3751428215428542431",69-70m²,2026-03-14T19:57:01.569382
4013346025495295159,https://www.hemnet.se/salda/lagenhet-2rum-kneippen-norrkopings-kommun-lotgatan-25-4013346025495295159,69-70m²,2026-03-14T19:57:01.569383
4510544750426315506,https://www.hemnet.se/salda/lagenhet-4rum-are-sadeln-are-kommun-sadelvagen-35b-4510544750426315506,69-70m²,2026-03-14T19:57:01.569384
1288729619824023167,https://www.hemnet.se/salda/lagenhet-2rum-centralt-norrkopings-kommun-tunnbindaregatan-32-1288729619824023167,69-70m²,2026-03-14T19:57:01.569386
1343182692984609226,https://www.hemnet.se/salda/lagenhet-3rum-nobeltorget-malmo-kommun-vitemollegatan-12a-1343182692984609226,69-70m²,2026-03-14T19:57:01.569387
3159863616854617549,https://www.hemnet.se/salda/lagenhet-2rum-karrdal-sollentuna-kommun-lomvagen-58-3159863616854617549,69-70m²,2026-03-14T19:57:01.569388
1533784893143606287,https://www.hemnet.se/salda/lagenhet-2rum-frosunda-solna-kommun-gustav-iii-s-boulevard-157-1533784893143606287,69-70m²,2026-03-14T19:57:01.569390
4643831028928944052,https://www.hemnet.se/salda/lagenhet-2rum-rotebro-sollentuna-kommun-sturevagen-50b-4643831028928944052,69-70m²,2026-03-14T19:57:01.569391
4693313876780145383,"https://www.hemnet.se/salda/lagenhet-2rum-katarina-stockholms-kommun-asogatan-109,-6-tr-4693313876780145383",69-70m²,2026-03-14T19:57:01.569392
4398569525906874738,https://www.hemnet.se/salda/lagenhet-2rum-unnerod-uddevalla-kommun-ostanvindsvagen-2-4398569525906874738,69-70m²,2026-03-14T19:57:01.569394
3069491215614740587,https://www.hemnet.se/salda/lagenhet-3rum-centralt-ornskoldsviks-kommun-angermanlandsgatan-14a-3069491215614740587,69-70m²,2026-03-14T19:57:01.569395
78709322861379037,https://www.hemnet.se/salda/lagenhet-3rum-vagnharad-trosa-kommun-fansakersvagen-17a-78709322861379037,69-70m²,2026-03-14T19:57:01.569396
8396913619300278910,https://www.hemnet.se/salda/lagenhet-3rum-segevang-malmo-kommun-kronetorpsgatan-74a-8396913619300278910,69-70m²,2026-03-14T19:57:01.569398
3780729033178407576,https://www.hemnet.se/salda/lagenhet-3rum-minneberg-stockholms-kommun-svartviksslingan-15-3780729033178407576,69-70m²,2026-03-14T19:57:01.569399
7882541796363962105,"https://www.hemnet.se/salda/lagenhet-2,5rum-huddinge-huddinge-kommun-vaktstigen-5a-7882541796363962105",69-70m²,2026-03-14T19:57:01.569400
7451478965491762334,https://www.hemnet.se/salda/lagenhet-3rum-sturefors-linkopings-kommun-blaeldsbagen-45b-7451478965491762334,69-70m²,2026-03-14T19:57:01.569402
6750115633468990673,https://www.hemnet.se/salda/lagenhet-4rum-stureby-stockholms-kommun-skonviksvagen-317-6750115633468990673,69-70m²,2026-03-14T19:57:01.569403
6326805311366397211,"https://www.hemnet.se/salda/lagenhet-2,5rum-sodermalm-stockholms-kommun-rutger-fuchsgatan-1-6326805311366397211",69-70m²,2026-03-14T19:57:01.569404
3376742056171610096,https://www.hemnet.se/salda/lagenhet-3rum-ostberga-stockholms-kommun-stamgatan-32-3376742056171610096,69-70m²,2026-03-14T19:57:01.569406
8218307441542956057,https://www.hemnet.se/salda/lagenhet-2rum-bromma-nockebyhov-stockholms-kommun-gubbkarrsvagen-15-8218307441542956057,69-70m²,2026-03-14T19:57:01.569407
3849437145266676706,https://www.hemnet.se/salda/lagenhet-3rum-ullstorp-kungalvs-kommun-korpvagen-287-3849437145266676706,69-70m²,2026-03-14T19:57:01.569408
4300409940968379206,https://www.hemnet.se/salda/lagenhet-3rum-kevinge-danderyds-kommun-kevingeringen-51-4300409940968379206,69-70m²,2026-03-14T19:57:01.569409
5613111467803510995,https://www.hemnet.se/salda/lagenhet-3rum-norrliden-sundsvalls-kommun-baldersvagen-60-5613111467803510995,69-70m²,2026-03-14T19:57:01.569411
4000905908295548810,https://www.hemnet.se/salda/lagenhet-2rum-sodra-sandby-lunds-kommun-forsamlingsgatan-25-4000905908295548810,69-70m²,2026-03-14T19:57:01.569412
3121090794672157246,https://www.hemnet.se/salda/lagenhet-3rum-stadsdel-norr-ostersunds-kommun-litsvagen-2-b-3121090794672157246,69-70m²,2026-03-14T19:57:01.569413
3903775781423331925,https://www.hemnet.se/salda/lagenhet-3rum-forum-nacka-nacka-kommun-per-hallstroms-vag-6-3903775781423331925,69-70m²,2026-03-14T19:57:01.569415
7359459081909495919,https://www.hemnet.se/salda/lagenhet-2rum-arenastaden-solna-kommun-evenemangsgatan-12-7359459081909495919,69-70m²,2026-03-14T19:57:01.569416
4791120032942238591,https://www.hemnet.se/salda/lagenhet-3rum-alvsjobadet-stockholms-kommun-lillhagsvagen-8-4791120032942238591,69-70m²,2026-03-14T19:57:01.569417
638898786634016259,https://www.hemnet.se/salda/lagenhet-3rum-jakobsberg-jarfalla-kommun-veckovagen-41-638898786634016259,69-70m²,2026-03-14T19:57:01.569418
1617445179993794287,https://www.hemnet.se/salda/lagenhet-3rum-oppeby-nykopings-kommun-regeringsvagen-41-1617445179993794287,69-70m²,2026-03-14T19:57:01.569420
2882668969200718870,"https://www.hemnet.se/salda/lagenhet-2rum-huvudsta-solna-kommun-huvudstagatan-29,-1-tr-2882668969200718870",69-70m²,2026-03-14T19:57:01.569421
333409047982116606,https://www.hemnet.se/salda/lagenhet-3rum-anneberg-kungsbacka-kommun-mortvagen-12-333409047982116606,69-70m²,2026-03-14T19:57:01.569422
902117945460676227,https://www.hemnet.se/salda/lagenhet-3rum-centrala-hisingen-goteborgs-kommun-virvelvindsgatan-26-902117945460676227,69-70m²,2026-03-14T19:57:01.569423
8959147540181756047,https://www.hemnet.se/salda/lagenhet-3rum-norrbole-skelleftea-kommun-stenkilsgatan-46d-8959147540181756047,69-70m²,2026-03-14T19:57:01.569425
5735893968786081009,https://www.hemnet.se/salda/lagenhet-3rum-soderhamn-soderhamns-kommun-norrtullsgatan-31a-5735893968786081009,69-70m²,2026-03-14T19:57:01.569426
7916254861556105638,https://www.hemnet.se/salda/lagenhet-3rum-ekudden-nacka-kommun-ekuddsvagen-4-7916254861556105638,69-70m²,2026-03-14T19:57:01.569427
7026923979923655390,https://www.hemnet.se/salda/lagenhet-3rum-bohusgarden-uddevalla-kommun-skandiavagen-4-b-7026923979923655390,69-70m²,2026-03-14T19:57:01.569429
333525664968231595,"https://www.hemnet.se/salda/lagenhet-3rum-hogdalen-stockholms-kommun-harpsundsvagen-80a,-1-tr-333525664968231595",69-70m²,2026-03-14T19:57:01.569430
7079707048830664229,https://www.hemnet.se/salda/lagenhet-2rum-katarina-stockholms-kommun-asogatan-109-7079707048830664229,69-70m²,2026-03-14T19:57:01.569431
859925072772135776,https://www.hemnet.se/salda/lagenhet-3rum-sturefors-linkopings-kommun-blaeldsbagen-47a-859925072772135776,69-70m²,2026-03-14T19:57:01.569433
3787116825344118550,https://www.hemnet.se/salda/lagenhet-3rum-vastra-orminge-nacka-kommun-utovagen-24-3787116825344118550,69-70m²,2026-03-14T19:57:01.569434
4261782386237448968,https://www.hemnet.se/salda/lagenhet-3rum-hammarby-sjostad-stockholms-kommun-batbyggargatan-1-4261782386237448968,69-70m²,2026-03-14T19:57:01.569435
9088440875528571195,"https://www.hemnet.se/salda/lagenhet-3rum-arsta-stockholms-kommun-jarnlundsvagen-23,-3tr-9088440875528571195",69-70m²,2026-03-14T19:57:01.569437
4372485574684973908,https://www.hemnet.se/salda/lagenhet-3rum-stockholm-stockholms-kommun-sickla-kanalgata-47-4372485574684973908,69-70m²,2026-03-14T19:57:01.569438
8921148431142212493,https://www.hemnet.se/salda/lagenhet-3rum-astorp-astorps-kommun-storgatan-4c-8921148431142212493,69-70m²,2026-03-14T19:57:01.569439
2372619436079207401,https://www.hemnet.se/salda/lagenhet-3rum-vasastaden-goteborgs-kommun-viktoriagatan-12c-2372619436079207401,69-70m²,2026-03-14T19:57:01.569440
2151624226144345719,"https://www.hemnet.se/salda/lagenhet-3rum-aspudden-stockholms-kommun-husabyvagen-39,-1-tr-2151624226144345719",69-70m²,2026-03-14T19:57:01.569442
5672294488054312536,https://www.hemnet.se/salda/lagenhet-3rum-centrum-gavle-kommun-sockerbruksgatan-46-5672294488054312536,69-70m²,2026-03-14T19:57:01.569443
3207712963593717689,https://www.hemnet.se/salda/lagenhet-2rum-gamla-kalgarden-jonkopings-kommun-gelbgjutargatan-13-3207712963593717689,69-70m²,2026-03-14T19:57:01.569444
1402339734609518264,https://www.hemnet.se/salda/lagenhet-2rum-centrala-ostersund-ostersunds-kommun-storsjostraket-14-1402339734609518264,69-70m²,2026-03-14T19:57:01.569445
3096780718207012127,https://www.hemnet.se/salda/lagenhet-2rum-karstorp-vasterviks-kommun-markorgatan-23a-3096780718207012127,69-70m²,2026-03-14T19:57:01.569447
2044246817992968553,https://www.hemnet.se/salda/lagenhet-3rum-salabacke-uppsala-kommun-johannesbacksgatan-93-2044246817992968553,69-70m²,2026-03-14T19:57:01.569448
4248761980322904820,https://www.hemnet.se/salda/lagenhet-3rum-hagernas-taby-kommun-radarvagen-20-4248761980322904820,69-70m²,2026-03-14T19:57:01.569449
5829510779658330855,https://www.hemnet.se/salda/lagenhet-2rum-vasastan-stockholms-kommun-odengatan-71-5829510779658330855,69-70m²,2026-03-14T19:57:01.569450
5406735098021187409,https://www.hemnet.se/salda/lagenhet-3rum-fagersta-fagersta-kommun-floravagen-9d-5406735098021187409,69-70m²,2026-03-14T19:57:01.569452
2821301410691990592,https://www.hemnet.se/salda/lagenhet-3rum-tynnered-goteborgs-kommun-topasgatan-74-2821301410691990592,69-70m²,2026-03-14T19:57:01.569453
6745096364287836363,https://www.hemnet.se/salda/lagenhet-2rum-axelsberg-ornsberg-stockholms-kommun-selmedalsringen-16-6745096364287836363,69-70m²,2026-03-14T19:57:01.569454
8419983032460753432,https://www.hemnet.se/salda/lagenhet-3rum-ostermalm-stockholms-kommun-valhallavagen-4b-8419983032460753432,69-70m²,2026-03-14T19:57:01.569455
3053680826539256687,https://www.hemnet.se/salda/lagenhet-2rum-falkagard-falkenbergs-kommun-ormvraksvagen-11g-3053680826539256687,69-70m²,2026-03-14T19:57:01.569457
7128481161680845320,https://www.hemnet.se/salda/lagenhet-3rum-hagastaden-stockholms-kommun-ninni-kronbergs-gata-28-7128481161680845320,69-70m²,2026-03-14T19:57:01.569458
8521457968615933858,https://www.hemnet.se/salda/lagenhet-3rum-arenastaden-solna-kommun-evenemangsgatan-40-8521457968615933858,69-70m²,2026-03-14T19:57:01.569459
8193614852188279738,https://www.hemnet.se/salda/lagenhet-2rum-jeppsagard-staffanstorps-kommun-jeppsagard-6c-8193614852188279738,69-70m²,2026-03-14T19:57:01.569461
1907686923437589529,https://www.hemnet.se/salda/lagenhet-3rum-herrhagen-karlstads-kommun-vasagatan-17b-1907686923437589529,69-70m²,2026-03-14T19:57:01.569462
8947721168042791994,https://www.hemnet.se/salda/lagenhet-2rum-lomma-centralt-lomma-kommun-centrumgatan-2-8947721168042791994,69-70m²,2026-03-14T19:57:01.569463
2271329822821625471,https://www.hemnet.se/salda/lagenhet-2rum-hille-gavle-kommun-persbackavandan-12-d-2271329822821625471,69-70m²,2026-03-14T19:57:01.569464
4347381852683853215,"https://www.hemnet.se/salda/lagenhet-3rum-sickla-alle-nacka-kommun-sickla-alle-61,-1-tr-4347381852683853215",69-70m²,2026-03-14T19:57:01.569466
870742169883717458,https://www.hemnet.se/salda/lagenhet-3rum-alvsjobadet-stockholms-kommun-lillhagsvagen-36-870742169883717458,69-70m²,2026-03-14T19:57:01.569467
6714172893241075753,https://www.hemnet.se/salda/lagenhet-2rum-anderstorp-skelleftea-kommun-frogatan-288-6714172893241075753,69-70m²,2026-03-14T19:57:01.569468
6663697681572132068,https://www.hemnet.se/salda/lagenhet-3rum-arenaparken-lunds-kommun-finalgatan-3-6663697681572132068,69-70m²,2026-03-14T19:57:01.569470
5272007804833765779,https://www.hemnet.se/salda/lagenhet-3rum-haga-vasteras-kommun-norra-skjutbanegatan-25a-5272007804833765779,69-70m²,2026-03-14T19:57:01.569471
4603820749806608737,https://www.hemnet.se/salda/lagenhet-3rum-edsberg-sollentuna-kommun-kruthornsvagen-32b-4603820749806608737,69-70m²,2026-03-14T19:57:01.569472
8382848939037610005,https://www.hemnet.se/salda/lagenhet-2rum-sundby-park-strangnas-kommun-sundbyvagen-36a-8382848939037610005,69-70m²,2026-03-14T19:57:01.569474
418846087661445053,https://www.hemnet.se/salda/lagenhet-3rum-vipelyckan-lunds-kommun-vipeholms-alle-55-418846087661445053,69-70m²,2026-03-14T19:57:01.569475
6014347255626299485,https://www.hemnet.se/salda/lagenhet-2rum-luossavaara-kiruna-kommun-dubengatan-29a-6014347255626299485,69-70m²,2026-03-14T19:57:01.569476
5361154553920778602,https://www.hemnet.se/salda/lagenhet-2rum-sodermalm-sofia-stockholms-kommun-tralgrand-6-5361154553920778602,69-70m²,2026-03-14T19:57:01.569478
7395190095816509777,https://www.hemnet.se/salda/lagenhet-2rum-marsta-centralt-sigtuna-kommun-sodergatan-12-7395190095816509777,69-70m²,2026-03-14T19:57:01.569479
4720892505971260274,https://www.hemnet.se/salda/lagenhet-3rum-telefonplan-stockholms-kommun-huvudfabriksgatan-2-4720892505971260274,69-70m²,2026-03-14T19:57:01.569480
4747947442388934321,https://www.hemnet.se/salda/lagenhet-3rum-kungsangen-sala-kommun-bergslagsgatan-24c-4747947442388934321,69-70m²,2026-03-14T19:57:01.569481
2372365875253476664,https://www.hemnet.se/salda/lagenhet-3rum-majorna-goteborgs-kommun-seglaregatan-17-2372365875253476664,69-70m²,2026-03-14T19:57:01.569483
9103882100175973525,"https://www.hemnet.se/salda/lagenhet-3rum-arsta-stockholms-kommun-svardlangsvagen-53,-3tr-9103882100175973525",69-70m²,2026-03-14T19:57:01.569484
5992157809527122714,https://www.hemnet.se/salda/lagenhet-2rum-landskrona-saturnus-landskrona-kommun-foreningsgatan-66-5992157809527122714,69-70m²,2026-03-14T19:57:01.569485
3340511253568275809,https://www.hemnet.se/salda/lagenhet-3rum-jarnbrott-goteborgs-kommun-bildradiogatan-8b-3340511253568275809,69-70m²,2026-03-14T19:57:01.569487
4677907470896217023,https://www.hemnet.se/salda/lagenhet-3rum-naset-lidingo-kommun-kallangsvagen-51-4677907470896217023,69-70m²,2026-03-14T19:57:01.569488
2099777523022370324,https://www.hemnet.se/salda/lagenhet-3rum-raa-helsingborgs-kommun-kielergatan-28b-2099777523022370324,69-70m²,2026-03-14T19:57:01.569489
2230280128753044715,https://www.hemnet.se/salda/lagenhet-3rum-centrala-hisingen-goteborgs-kommun-virvelvindsgatan-28-2230280128753044715,69-70m²,2026-03-14T19:57:01.569490
2621042014862100068,https://www.hemnet.se/salda/lagenhet-3rum-eneborg-helsingborgs-kommun-malmogatan-4-a-2621042014862100068,69-70m²,2026-03-14T19:57:01.569492
5563826055744054969,https://www.hemnet.se/salda/lagenhet-3rum-jarvastaden-solna-kommun-brotorpsvagen-4-5563826055744054969,69-70m²,2026-03-14T19:57:01.569493
1288340741106037154,"https://www.hemnet.se/salda/lagenhet-3rum-spanga-solhem-stockholms-kommun-dagsverksvagen-193,-van-2-1288340741106037154",69-70m²,2026-03-14T19:57:01.569494
355729055511800491,https://www.hemnet.se/salda/lagenhet-3rum-gunsta-uppsala-kommun-hjulaxelvagen-108-355729055511800491,69-70m²,2026-03-14T19:57:01.569496
5536544075164691182,https://www.hemnet.se/salda/lagenhet-2rum-ekhagen-norra-djurgarden-stockholms-kommun-docentbacken-1a-5536544075164691182,69-70m²,2026-03-14T19:57:01.569497
6130037565835578149,https://www.hemnet.se/salda/lagenhet-3rum-hogdalen-stockholms-kommun-harpsundsvagen-84a-6130037565835578149,69-70m²,2026-03-14T19:57:01.569498
1229596877888748591,https://www.hemnet.se/salda/lagenhet-3rum-jakobsberg-jarfalla-kommun-veckovagen-59-1229596877888748591,69-70m²,2026-03-14T19:57:01.569500
835547283298790902,"https://www.hemnet.se/salda/lagenhet-4rum-hundfjallet,-salen-malung-salens-kommun-trolldalen-70d-835547283298790902",69-70m²,2026-03-14T19:57:01.569501
9098453976793459665,"https://www.hemnet.se/salda/lagenhet-2,5rum-loten-uppsala-kommun-lings-vag-63-9098453976793459665",69-70m²,2026-03-14T19:57:01.569502
2228983419464765285,https://www.hemnet.se/salda/lagenhet-3rum-baggeby-lidingo-kommun-baggebytorget-1-2228983419464765285,69-70m²,2026-03-14T19:57:01.569503
1751072840881868809,https://www.hemnet.se/salda/lagenhet-3rum-getberget-skelleftea-kommun-getbergsvagen-14-1751072840881868809,69-70m²,2026-03-14T19:57:01.569505
5373356041655986542,https://www.hemnet.se/salda/lagenhet-3rum-bomhus-gavle-kommun-solgardsgatan-20-a-5373356041655986542,69-70m²,2026-03-14T19:57:01.569506
4173527152788897300,https://www.hemnet.se/salda/lagenhet-3rum-eneby-karlshov-norrkopings-kommun-ulriksdalsgatan-9-4173527152788897300,69-70m²,2026-03-14T19:57:01.569507
6699202379377668986,https://www.hemnet.se/salda/lagenhet-3rum-bjorkhagen-stockholms-kommun-simrishamnsvagen-21-6699202379377668986,69-70m²,2026-03-14T19:57:01.569508
4782300019921746896,https://www.hemnet.se/salda/lagenhet-2rum-sundsvall-sundsvalls-kommun-klippgatan-14-4782300019921746896,69-70m²,2026-03-14T19:57:01.569510
1544471984353199884,https://www.hemnet.se/salda/lagenhet-3rum-torsvik-lidingo-kommun-torsvikssvangen-10-1544471984353199884,69-70m²,2026-03-14T19:57:01.569511
1683583669549072102,https://www.hemnet.se/salda/lagenhet-3rum-jakobsberg-jarfalla-kommun-manadsvagen-58-1683583669549072102,69-70m²,2026-03-14T19:57:01.569512
4309181831354598338,https://www.hemnet.se/salda/lagenhet-3rum-mariestrand-mariehem-umea-kommun-mariehemsvagen-142-4309181831354598338,69-70m²,2026-03-14T19:57:01.569513
6079788371686774629,"https://www.hemnet.se/salda/lagenhet-4rum-katarina-sofia-stockholms-kommun-duvnasgatan-5b,-gardshus,-6079788371686774629",69-70m²,2026-03-14T19:57:01.569515
6848363336816187095,https://www.hemnet.se/salda/lagenhet-3rum-ostberga-stockholms-kommun-stamgatan-79-6848363336816187095,69-70m²,2026-03-14T19:57:01.569516
7731010873135018910,https://www.hemnet.se/salda/lagenhet-3rum-handen-haninge-kommun-vallagrand-16-7731010873135018910,69-70m²,2026-03-14T19:57:01.569517
9090884413751799358,https://www.hemnet.se/salda/lagenhet-2rum-billdal-goteborgs-kommun-backangen-27-9090884413751799358,69-70m²,2026-03-14T19:57:01.569519
2560497236137352609,https://www.hemnet.se/salda/lagenhet-3rum-mariehall-stockholms-kommun-svalvagen-3-2560497236137352609,69-70m²,2026-03-14T19:57:01.569520
7099808757038461216,https://www.hemnet.se/salda/lagenhet-3rum-fresta-upplands-vasby-kommun-ekebyvagen-8-e-7099808757038461216,69-70m²,2026-03-14T19:57:01.569521
8557220714337109468,https://www.hemnet.se/salda/lagenhet-2rum-satra-gavle-kommun-vinbarsvagen-209b-8557220714337109468,69-70m²,2026-03-14T19:57:01.569522
3907529684077352053,https://www.hemnet.se/salda/lagenhet-3rum-nya-stan-karlshamns-kommun-norra-fogdelyckegatan-14-3907529684077352053,69-70m²,2026-03-14T19:57:01.569524
6682180467299200394,https://www.hemnet.se/salda/lagenhet-3rum-norr-eskilstuna-kommun-ostergatan-8a-6682180467299200394,69-70m²,2026-03-14T19:57:01.569525
8812284691895246634,https://www.hemnet.se/salda/lagenhet-3rum-thorildsplan-kungsholmen-stockholms-kommun-kristinebergsvagen-4-8812284691895246634,69-70m²,2026-03-14T19:57:01.569526
2771350730598053302,https://www.hemnet.se/salda/lagenhet-3rum-halsinggarden-falu-kommun-humlevagen-4b-2771350730598053302,69-70m²,2026-03-14T19:57:01.569528
6955544386064145233,https://www.hemnet.se/salda/lagenhet-3rum-vasastan-stockholms-kommun-robert-almstromsgatan-5-6955544386064145233,69-70m²,2026-03-14T19:57:01.569529
4033907936085884109,https://www.hemnet.se/salda/lagenhet-3rum-bandhagen-hogdalen-stockholms-kommun-harpsundsvagen-141-4033907936085884109,69-70m²,2026-03-14T19:57:01.569530
613140451183112096,https://www.hemnet.se/salda/lagenhet-3rum-sorberge-timra-kommun-lejonvagen-12-b-613140451183112096,69-70m²,2026-03-14T19:57:01.569531
656758215844735685,https://www.hemnet.se/salda/lagenhet-2rum-stenkullen-lerums-kommun-bagarevagen-9-656758215844735685,69-70m²,2026-03-14T19:57:01.569533
6686556960826760432,https://www.hemnet.se/salda/lagenhet-3rum-vallingby-parkstad-racksta-stockholms-kommun-funasgatan-6-6686556960826760432,69-70m²,2026-03-14T19:57:01.570057
1019824450379816792,https://www.hemnet.se/salda/lagenhet-3rum-norra-guldheden-goteborgs-kommun-vildapelsgatan-1a-1019824450379816792,69-70m²,2026-03-14T19:57:01.570060
2067229343762579428,https://www.hemnet.se/salda/lagenhet-2rum-ekkallan-linkopings-kommun-rotegatan-2-2067229343762579428,69-70m²,2026-03-14T19:57:01.570061
7752684230704157425,"https://www.hemnet.se/salda/lagenhet-3rum-arsta-gullmarsplan-stockholms-kommun-steningevagen-3,-5tr-7752684230704157425",69-70m²,2026-03-14T19:57:01.570063
5267902828218567703,https://www.hemnet.se/salda/lagenhet-2rum-centralt-falu-kommun-sturegatan-90a-5267902828218567703,69-70m²,2026-03-14T19:57:01.570064
1001486642384311416,"https://www.hemnet.se/salda/lagenhet-3rum-hammarbyhojden-stockholms-kommun-alingsasvagen-30,-2tr-1001486642384311416",69-70m²,2026-03-14T19:57:01.570066
1469683405422212205,https://www.hemnet.se/salda/lagenhet-3rum-hasselby-stockholms-kommun-astrakangatan-89-1469683405422212205,69-70m²,2026-03-14T19:57:01.570067
4736006021560714262,https://www.hemnet.se/salda/lagenhet-3rum-danderyd-danderyds-kommun-kevingeringen-17-4736006021560714262,69-70m²,2026-03-14T19:57:01.570068
4873711140777057872,https://www.hemnet.se/salda/lagenhet-3rum-centrala-hisingen-goteborgs-kommun-vindragaregatan-10e-4873711140777057872,69-70m²,2026-03-14T19:57:01.570069
429741921420173447,https://www.hemnet.se/salda/lagenhet-2rum-save-goteborgs-kommun-brunstorps-by-66-429741921420173447,69-70m²,2026-03-14T19:57:01.570071
8579643490750857413,https://www.hemnet.se/salda/lagenhet-2rum-malmen-kalmar-kommun-smalandsgatan-19b-8579643490750857413,69-70m²,2026-03-14T19:57:01.570072
1863863046502199858,https://www.hemnet.se/salda/lagenhet-3rum-sickla-nacka-kommun-atlasvagen-39-1863863046502199858,69-70m²,2026-03-14T19:57:01.570073
8722445295849481222,https://www.hemnet.se/salda/lagenhet-3rum-grossgardet-norrtalje-kommun-esplanaden-16-b-8722445295849481222,69-70m²,2026-03-14T19:57:01.570075
7693861802639218455,https://www.hemnet.se/salda/lagenhet-3rum-soder-gavle-kommun-kalhagsgatan-2-7693861802639218455,69-70m²,2026-03-14T19:57:01.570076
6678122537893318964,https://www.hemnet.se/salda/lagenhet-3rum-vastra-orminge-nacka-kommun-utovagen-18-6678122537893318964,69-70m²,2026-03-14T19:57:01.570077
6444660386562133068,"https://www.hemnet.se/salda/lagenhet-2rum-vasastan-stockholms-kommun-dalagatan-41,-van-6-6-6444660386562133068",69-70m²,2026-03-14T19:57:01.570078
6334190058865465962,https://www.hemnet.se/salda/lagenhet-3rum-frosunda-solna-kommun-anders-lundstroms-gata-24-6334190058865465962,69-70m²,2026-03-14T19:57:01.570080
7488132620873711001,https://www.hemnet.se/salda/lagenhet-3rum-maria-stockholms-kommun-fatburs-kvarngata-23-7488132620873711001,69-70m²,2026-03-14T19:57:01.570081
2808204247005816313,https://www.hemnet.se/salda/lagenhet-3rum-elineberg-helsingborgs-kommun-domaregatan-3b-2808204247005816313,69-70m²,2026-03-14T19:57:01.570082
4133374019655483210,https://www.hemnet.se/salda/lagenhet-3rum-norra-farjestad-jagartorpet-karlstads-kommun-norra-infarten-94k-4133374019655483210,69-70m²,2026-03-14T19:57:01.570084
6439367121788406500,"https://www.hemnet.se/salda/lagenhet-2,5rum-gardet-stockholms-kommun-sandhamnsgatan-49,-1-tr-6439367121788406500",69-70m²,2026-03-14T19:57:01.570085
7715190479006819320,https://www.hemnet.se/salda/lagenhet-3rum-tagaborg-helsingborgs-kommun-aschebergsgatan-14a-7715190479006819320,69-70m²,2026-03-14T19:57:01.570086
1434761341713598840,https://www.hemnet.se/salda/lagenhet-3rum-vikhem-staffanstorps-kommun-vikhems-bygata-110-1434761341713598840,69-70m²,2026-03-14T19:57:01.570087
5300831312336188104,https://www.hemnet.se/salda/lagenhet-2rum-verkstadson-motala-kommun-verkstadsvagen-111b-5300831312336188104,69-70m²,2026-03-14T19:57:01.570089
7047930580776251511,https://www.hemnet.se/salda/lagenhet-3rum-centrala-hisingen-goteborgs-kommun-langstromsgatan-5f-7047930580776251511,69-70m²,2026-03-14T19:57:01.570090
5807512349075774089,https://www.hemnet.se/salda/lagenhet-2rum-medvaga-borlange-kommun-uppfartsvagen-18c-5807512349075774089,69-70m²,2026-03-14T19:57:01.570091
4551289934235585921,https://www.hemnet.se/salda/lagenhet-3rum-tannefors-linkopings-kommun-gamla-tanneforsvagen-84b-4551289934235585921,69-70m²,2026-03-14T19:57:01.570092
8494577018951019119,https://www.hemnet.se/salda/lagenhet-3rum-centrum-kungalvs-kommun-selma-lagerlofs-gata-7-8494577018951019119,69-70m²,2026-03-14T19:57:01.570094
7476183839466307947,https://www.hemnet.se/salda/lagenhet-2rum-skraddarbacken-borlange-kommun-skottmors-vag-13-b-7476183839466307947,69-70m²,2026-03-14T19:57:01.570095
2660385043186460,https://www.hemnet.se/salda/lagenhet-2rum-centrum-enkopings-kommun-kungsgatan-7-2660385043186460,69-70m²,2026-03-14T19:57:01.570096
618611706786841586,https://www.hemnet.se/salda/lagenhet-2rum-kungsangen-lillsjon-upplands-bro-kommun-kristallstigen-3-618611706786841586,69-70m²,2026-03-14T19:57:01.570097
1677759654740564954,"https://www.hemnet.se/salda/lagenhet-2,5rum-bunkeflostrand-malmo-kommun-vagnmakarebyn-2d-1677759654740564954",69-70m²,2026-03-14T19:57:01.570099
7603362815575163348,https://www.hemnet.se/salda/lagenhet-3rum-bjarred-hogsater-lomma-kommun-lobovagen-1-7603362815575163348,69-70m²,2026-03-14T19:57:01.570100
1002690721256970792,https://www.hemnet.se/salda/lagenhet-2rum-sickla-nacka-kommun-sickla-alle-63-1002690721256970792,69-70m²,2026-03-14T19:57:01.570101
1510593297313165983,https://www.hemnet.se/salda/lagenhet-3rum-kevinge-danderyds-kommun-kevingeringen-37-1510593297313165983,69-70m²,2026-03-14T19:57:01.570102
727961699993991898,https://www.hemnet.se/salda/lagenhet-3rum-skovde-skovde-kommun-henrik-gjutares-gata-26b-727961699993991898,69-70m²,2026-03-14T19:57:01.570104
7160502492124826894,https://www.hemnet.se/salda/lagenhet-3rum-kirseberg-malmo-kommun-lundavagen-41-7160502492124826894,69-70m²,2026-03-14T19:57:01.570105
39437201315384100,"https://www.hemnet.se/salda/lagenhet-2,5rum-sundsvall-centrum-sundsvalls-kommun-kopmangatan-4-39437201315384100",69-70m²,2026-03-14T19:57:01.570106
9137140335161867204,https://www.hemnet.se/salda/lagenhet-3rum-eneborg-helsingborgs-kommun-malmogatan-4a-9137140335161867204,69-70m²,2026-03-14T19:57:01.570107
3022583267053450090,https://www.hemnet.se/salda/lagenhet-3rum-gamla-filmstaden-solna-kommun-greta-garbos-vag-21b-3022583267053450090,69-70m²,2026-03-14T19:57:01.570109
8537815304914203978,https://www.hemnet.se/salda/lagenhet-2rum-centrala-akersberga-osterakers-kommun-bergavagen-72-8537815304914203978,69-70m²,2026-03-14T19:57:01.570110
2098568886606795803,https://www.hemnet.se/salda/lagenhet-3rum-hagsatra-stockholms-kommun-porlabacken-35-2098568886606795803,69-70m²,2026-03-14T19:57:01.570111
4655355111729322606,https://www.hemnet.se/salda/lagenhet-3rum-rosenhaga-skovde-kommun-rosenhagavagen-10c-4655355111729322606,69-70m²,2026-03-14T19:57:01.570124
61099194275939557,"https://www.hemnet.se/salda/lagenhet-3rum-gamla-ostberga-alvsjo-stockholms-kommun-stamgatan-34,-van-2-61099194275939557",69-70m²,2026-03-14T19:57:01.570125
4817721701847155553,https://www.hemnet.se/salda/lagenhet-3rum-bosgarden-molndals-kommun-hagakersgatan-10c-4817721701847155553,69-70m²,2026-03-14T19:57:01.570126
6508883512087302446,https://www.hemnet.se/salda/lagenhet-2rum-nacka-forum-nacka-kommun-kantatvagen-9-6508883512087302446,69-70m²,2026-03-14T19:57:01.570127
3542108280409057992,"https://www.hemnet.se/salda/lagenhet-2rum-sodermalm-stockholms-kommun-swedenborgsgatan-24,-van-4-3542108280409057992",69-70m²,2026-03-14T19:57:01.570129
6797417387777695514,"https://www.hemnet.se/salda/lagenhet-2,5rum-nacka-forum-nacka-kommun-serenadvagen-13b-6797417387777695514",69-70m²,2026-03-14T19:57:01.570130
5607642254422361942,"https://www.hemnet.se/salda/lagenhet-3rum-sodermalm-sofia-stockholms-kommun-metargatan-7,-van-3-av-3,-5607642254422361942",69-70m²,2026-03-14T19:57:01.570132
4675664668205320785,https://www.hemnet.se/salda/lagenhet-3rum-alvsjo-stockholms-kommun-solberga-angsvag-9-4675664668205320785,69-70m²,2026-03-14T19:57:01.570133
2282693074233248092,https://www.hemnet.se/salda/lagenhet-3rum-kevingeringen-danderyds-kommun-kevingeringen-13-2282693074233248092,69-70m²,2026-03-14T19:57:01.570134
2042709658444933349,"https://www.hemnet.se/salda/lagenhet-3rum-city-norrmalm-stockholms-kommun-regeringsgatan-70d,-4-tr-2042709658444933349",69-70m²,2026-03-14T19:57:01.570136
291964063033354767,https://www.hemnet.se/salda/lagenhet-3rum-vallingby-grimsta-stockholms-kommun-kanngjutargrand-30-291964063033354767,69-70m²,2026-03-14T19:57:01.570137
9010856129259248857,https://www.hemnet.se/salda/lagenhet-3rum-linnestaden-goteborgs-kommun-olivedalsgatan-16-9010856129259248857,69-70m²,2026-03-14T19:57:01.570138
7093154252262077680,https://www.hemnet.se/salda/lagenhet-2rum-ryd-skovde-kommun-barkvagen-51b-7093154252262077680,69-70m²,2026-03-14T19:57:01.570140
6765333595986552614,https://www.hemnet.se/salda/lagenhet-3rum-hofors-hofors-kommun-goklundsvagen-16-6765333595986552614,69-70m²,2026-03-14T19:57:01.570141
2102004474922564954,https://www.hemnet.se/salda/lagenhet-3rum-centrum-rattviks-kommun-skolgatan-16d-2102004474922564954,69-70m²,2026-03-14T19:57:01.570142
5604727498356242926,https://www.hemnet.se/salda/lagenhet-3rum-mariekall-sodertalje-kommun-syrengatan-11-5604727498356242926,69-70m²,2026-03-14T19:57:01.570143
5411211849758152864,https://www.hemnet.se/salda/lagenhet-3rum-surte-ale-kommun-cykelgrand-4d-5411211849758152864,69-70m²,2026-03-14T19:57:01.570145
9146484269627608494,https://www.hemnet.se/salda/lagenhet-3rum-frosunda-solna-kommun-signe-tillischgatan-15-9146484269627608494,69-70m²,2026-03-14T19:57:01.570146
4425590846057990015,https://www.hemnet.se/salda/lagenhet-3rum-ytterby-nordtag-kungalvs-kommun-olles-gata-11-4425590846057990015,69-70m²,2026-03-14T19:57:01.570147
9021595519975754666,https://www.hemnet.se/salda/lagenhet-4rum-linnestaden-goteborgs-kommun-fjarde-langgatan-6b-9021595519975754666,69-70m²,2026-03-14T19:57:01.570149
7510649839049784290,https://www.hemnet.se/salda/lagenhet-3rum-grondal-stockholms-kommun-lovholmsvagen-88-7510649839049784290,69-70m²,2026-03-14T19:57:01.570150
7564084117745418351,https://www.hemnet.se/salda/lagenhet-3rum-centralt-solleftea-solleftea-kommun-gardesgatan-90d-7564084117745418351,69-70m²,2026-03-14T19:57:01.570151
1558280964134176793,https://www.hemnet.se/salda/lagenhet-2rum-rydeback-helsingborgs-kommun-frosogatan-17-1558280964134176793,69-70m²,2026-03-14T19:57:01.570153
3699194581562236558,https://www.hemnet.se/salda/lagenhet-3rum-ovre-bryggardsgardet-norrtalje-kommun-tibeliusgatan-18-3699194581562236558,69-70m²,2026-03-14T19:57:01.570154
1127620565405219980,https://www.hemnet.se/salda/lagenhet-3rum-kevinge-danderyds-kommun-kevingeringen-31-1127620565405219980,69-70m²,2026-03-14T19:57:01.570155
7241301667517976572,https://www.hemnet.se/salda/lagenhet-3rum-mariekall-sodertalje-kommun-mariekallgatan-42-7241301667517976572,69-70m²,2026-03-14T19:57:01.570157
1613418508969019717,https://www.hemnet.se/salda/lagenhet-3rum-strommensberg-goteborgs-kommun-kobergsgatan-13-1613418508969019717,69-70m²,2026-03-14T19:57:01.570158
4729882615134319183,https://www.hemnet.se/salda/lagenhet-3rum-karlstorp-trollhattans-kommun-karlstorpsvagen-91-4729882615134319183,69-70m²,2026-03-14T19:57:01.570159
3319797194163569934,https://www.hemnet.se/salda/lagenhet-3rum-biskopsgarden-goteborgs-kommun-regnvadersgatan-24-3319797194163569934,69-70m²,2026-03-14T19:57:01.570160
8588073582524358118,https://www.hemnet.se/salda/lagenhet-3rum-vastra-orminge-nacka-kommun-utovagen-22-8588073582524358118,69-70m²,2026-03-14T19:57:01.570162
8537884549741491000,https://www.hemnet.se/salda/lagenhet-2rum-hjarup-staffanstorps-kommun-centrumstigen-4b-8537884549741491000,69-70m²,2026-03-14T19:57:01.570163
6003092632444488178,https://www.hemnet.se/salda/lagenhet-4rum-are-by-are-kommun-sankt-olavs-vag-30e-6003092632444488178,69-70m²,2026-03-14T19:57:01.570164
2362992361742658003,https://www.hemnet.se/salda/lagenhet-3rum-lindesberg-lindesbergs-kommun-bondskogsvagen-43b-2362992361742658003,69-70m²,2026-03-14T19:57:01.570166
7530869413224415580,https://www.hemnet.se/salda/lagenhet-2rum-hjorthagen-stockholms-kommun-dianavagen-29-7530869413224415580,69-70m²,2026-03-14T19:57:01.570167
8204262251518331272,https://www.hemnet.se/salda/lagenhet-2rum-jonkoping-vaster-jonkopings-kommun-lagermansgatan-5-8204262251518331272,69-70m²,2026-03-14T19:57:01.570168
3069945867653772231,https://www.hemnet.se/salda/lagenhet-2rum-alidhem-umea-kommun-kemigrand-14-3069945867653772231,69-70m²,2026-03-14T19:57:01.570169
1295891449007650369,https://www.hemnet.se/salda/lagenhet-2rum-centralt-sandvikens-kommun-valhallavagen-21a-1295891449007650369,69-70m²,2026-03-14T19:57:01.570171
5175752765662603590,https://www.hemnet.se/salda/lagenhet-3rum-luthagen-uppsala-kommun-luthagsesplanaden-26a-5175752765662603590,69-70m²,2026-03-14T19:57:01.570172
1447904361118218482,https://www.hemnet.se/salda/lagenhet-3rum-centrum-enkopings-kommun-torggatan-18a-1447904361118218482,69-70m²,2026-03-14T19:57:01.570173
971266918625099218,https://www.hemnet.se/salda/lagenhet-3rum-majorna-goteborgs-kommun-kabelgatan-14-971266918625099218,69-70m²,2026-03-14T19:57:01.570175
5224014721262672072,https://www.hemnet.se/salda/lagenhet-3rum-surbrunnen-ystads-kommun-maskinistgatan-9b-5224014721262672072,69-70m²,2026-03-14T19:57:01.570177
7671549219119222954,https://www.hemnet.se/salda/lagenhet-69m2-bohus-ale-kommun-sorgardsvagen-12-7671549219119222954,69-70m²,2026-03-14T19:57:01.570178
6594851976741763368,https://www.hemnet.se/salda/lagenhet-2rum-centralt-kungalvs-kommun-vendergatan-11-6594851976741763368,69-70m²,2026-03-14T19:57:01.570180
4941418784795876023,https://www.hemnet.se/salda/lagenhet-2rum-viggestorp-nyhem-hogby-finspangs-kommun-oxhagsvagen-1a-4941418784795876023,69-70m²,2026-03-14T19:57:01.570181
1596353012665621053,https://www.hemnet.se/salda/lagenhet-3rum-vasastan-stockholms-kommun-dalagatan-35d-1596353012665621053,69-70m²,2026-03-14T19:57:01.570182
7969890626890757560,https://www.hemnet.se/salda/lagenhet-3rum-karlstorp-trollhattans-kommun-karlstorpsvagen-93-7969890626890757560,69-70m²,2026-03-14T19:57:01.570183
2403232873776204278,https://www.hemnet.se/salda/lagenhet-3rum-hovshaga-vaxjo-kommun-krusbarsvagen-22-2403232873776204278,69-70m²,2026-03-14T19:57:01.570185
6071567884023026374,https://www.hemnet.se/salda/lagenhet-3rum-majorna-goteborgs-kommun-kabelgatan-16-6071567884023026374,69-70m²,2026-03-14T19:57:01.570186
6439374672568651621,https://www.hemnet.se/salda/lagenhet-3rum-centrala-hisingen-goteborgs-kommun-kastvindsgatan-1-6439374672568651621,69-70m²,2026-03-14T19:57:01.570187
3335608763440591235,https://www.hemnet.se/salda/lagenhet-3rum-danderyd-kevinge-sjoutsikt-danderyds-kommun-kevingeringen-49-3335608763440591235,69-70m²,2026-03-14T19:57:01.570189
3588836976236288789,https://www.hemnet.se/salda/lagenhet-3rum-stenkulla-nykopings-kommun-jupitervagen-17-3588836976236288789,69-70m²,2026-03-14T19:57:01.570190
3626962787213656364,"https://www.hemnet.se/salda/lagenhet-2rum-sodermalm-sofo-stockholms-kommun-folkungagatan-82,-4tr-3626962787213656364",69-70m²,2026-03-14T19:57:01.570191
3215093845541123357,https://www.hemnet.se/salda/lagenhet-2rum-herrhagen-karlstads-kommun-varmlandsgatan-9-3215093845541123357,69-70m²,2026-03-14T19:57:01.570193
100532477834943561,https://www.hemnet.se/salda/lagenhet-2rum-centralt-ornskoldsvik-ornskoldsviks-kommun-jarvstagatan-26f-100532477834943561,69-70m²,2026-03-14T19:57:01.570194
8829824157896984750,https://www.hemnet.se/salda/lagenhet-2rum-dalby-lunds-kommun-skolgatan-5-8829824157896984750,69-70m²,2026-03-14T19:57:01.570195
2046158660802703027,https://www.hemnet.se/salda/lagenhet-3rum-centralt-ornskoldsviks-kommun-angermanlandsgatan-14b-2046158660802703027,69-70m²,2026-03-14T19:57:01.570196
7349255222418577719,https://www.hemnet.se/salda/lagenhet-3rum-centrum-lulea-kommun-sandviksgatan-40b-7349255222418577719,69-70m²,2026-03-14T19:57:01.570198
5575161914821135846,https://www.hemnet.se/salda/lagenhet-3rum-allarp-laholms-kommun-valhallavagen-6c-5575161914821135846,69-70m²,2026-03-14T19:57:01.570199
1399584060898680949,https://www.hemnet.se/salda/lagenhet-2rum-fimmelstangen-vasterviks-kommun-stora-tradgardsgatan-13c-1399584060898680949,69-70m²,2026-03-14T19:57:01.570200
5097270451783238196,https://www.hemnet.se/salda/lagenhet-2rum-soder-gavle-kommun-kaserngatan-62-5097270451783238196,69-70m²,2026-03-14T19:57:01.570201
8249084721948507571,https://www.hemnet.se/salda/lagenhet-3rum-vega-haninge-kommun-gaffelseglet-25-8249084721948507571,69-70m²,2026-03-14T19:57:01.570203
1493850787210256686,https://www.hemnet.se/salda/lagenhet-3rum-molndal-bosgarden-molndals-kommun-djaknegatan-3a-1493850787210256686,69-70m²,2026-03-14T19:57:01.570204
5038838052640222978,https://www.hemnet.se/salda/lagenhet-3rum-kungsladugard-goteborgs-kommun-slottsskogsgatan-75-5038838052640222978,69-70m²,2026-03-14T19:57:01.570205
9058793685136787231,https://www.hemnet.se/salda/lagenhet-2rum-oxie-malmo-kommun-stensakervagen-215-9058793685136787231,69-70m²,2026-03-14T19:57:01.570206
7015004619098450772,https://www.hemnet.se/salda/lagenhet-3rum-marieborg-vasterviks-kommun-albert-tengers-vag-51a-7015004619098450772,69-70m²,2026-03-14T19:57:01.570208
1049331809107008949,https://www.hemnet.se/salda/lagenhet-3rum-centralt-ljungby-kommun-harabergsplan-1a-1049331809107008949,69-70m²,2026-03-14T19:57:01.570209
3016510570080612420,"https://www.hemnet.se/salda/lagenhet-3rum-naset-lidingo-kommun-kallangsvagen-14,-2-tr-3016510570080612420",69-70m²,2026-03-14T19:57:01.570210
4547412259391712990,https://www.hemnet.se/salda/lagenhet-3rum-hakanstorp-malmo-kommun-skoldgatan-6c-4547412259391712990,69-70m²,2026-03-14T19:57:01.570211
9034898038559727189,https://www.hemnet.se/salda/lagenhet-3rum-kungsholmen-thorildsplan-stockholms-kommun-drottningholmsvagen-78-9034898038559727189,69-70m²,2026-03-14T19:57:01.570213
4060130459707933537,https://www.hemnet.se/salda/lagenhet-2rum-kapellgardet-uppsala-kommun-torngatan-28-4060130459707933537,69-70m²,2026-03-14T19:57:01.570214
8366337581731583077,https://www.hemnet.se/salda/lagenhet-4rum-gamla-raslatt-jonkopings-kommun-varnamovagen-32-8366337581731583077,69-70m²,2026-03-14T19:57:01.570215
7812998815601350986,https://www.hemnet.se/salda/lagenhet-2rum-havstenshult-mullsjo-kommun-larkgatan-9-7812998815601350986,69-70m²,2026-03-14T19:57:01.570216
6857948965325820518,https://www.hemnet.se/salda/lagenhet-3rum-hagerstensasen-stockholms-kommun-riksdalervagen-9-6857948965325820518,69-70m²,2026-03-14T19:57:01.570218
8489125201078238626,https://www.hemnet.se/salda/lagenhet-3rum-s-t-knut-malmo-kommun-master-palmsgatan-4c-8489125201078238626,69-70m²,2026-03-14T19:57:01.570219
5844765718182917524,https://www.hemnet.se/salda/lagenhet-3rum-jakobsberg-jarfalla-kommun-manadsvagen-34-5844765718182917524,69-70m²,2026-03-14T19:57:01.570220
6023905385089428547,https://www.hemnet.se/salda/lagenhet-2rum-centrum-lulea-kommun-kopmangatan-16-6023905385089428547,69-70m²,2026-03-14T19:57:01.570221
2312342388812983967,https://www.hemnet.se/salda/lagenhet-3rum-sturefors-linkopings-kommun-blaeldsbagen-47d-2312342388812983967,69-70m²,2026-03-14T19:57:01.570223
2036280882085216993,https://www.hemnet.se/salda/lagenhet-3rum-gideonsberg-vasteras-kommun-blomstergatan-10-2036280882085216993,69-70m²,2026-03-14T19:57:01.570224
5397944545499189627,https://www.hemnet.se/salda/lagenhet-2rum-norrby-boras-kommun-norrgatan-12-5397944545499189627,69-70m²,2026-03-14T19:57:01.570225
8609349466189443175,https://www.hemnet.se/salda/lagenhet-3rum-aspudden-stockholms-kommun-ivar-vidfamnes-gata-12-8609349466189443175,69-70m²,2026-03-14T19:57:01.570227
9055169634709855162,https://www.hemnet.se/salda/lagenhet-3rum-tumba-botkyrka-kommun-lantjagarvagen-46b-9055169634709855162,69-70m²,2026-03-14T19:57:01.570228
8717803575064915945,https://www.hemnet.se/salda/lagenhet-3rum-alvsjo-stockholms-kommun-gotalandsvagen-247-8717803575064915945,69-70m²,2026-03-14T19:57:01.570229
3687998299912361191,"https://www.hemnet.se/salda/lagenhet-2,5rum-stenhagen-uppsala-kommun-stenhagsvagen-166,-van-2-2-3687998299912361191",69-70m²,2026-03-14T19:57:01.570231
4927139965372263669,https://www.hemnet.se/salda/lagenhet-2rum-vaster-park-orebro-kommun-karlsgatan-32-l-4927139965372263669,69-70m²,2026-03-14T19:57:01.570232
4334230878512120974,https://www.hemnet.se/salda/lagenhet-3rum-anneberg-alafors-alvsaker-kungsbacka-kommun-forellvagen-5-4334230878512120974,69-70m²,2026-03-14T19:57:01.570233
9220425375583641814,https://www.hemnet.se/salda/lagenhet-2rum-malmslatt-linkopings-kommun-karna-centrum-10-9220425375583641814,69-70m²,2026-03-14T19:57:01.570235
3509406326336128305,https://www.hemnet.se/salda/lagenhet-2rum-centrum-lulea-kommun-kungsgatan-6a-3509406326336128305,69-70m²,2026-03-14T19:57:01.570236
3927579461529039252,https://www.hemnet.se/salda/lagenhet-3rum-bagarmossen-stockholms-kommun-kolbacksgrand-18-3927579461529039252,69-70m²,2026-03-14T19:57:01.570237
8361163075792420414,https://www.hemnet.se/salda/lagenhet-3rum-nya-staden-lidkopings-kommun-de-la-gardievagen-5d-8361163075792420414,69-70m²,2026-03-14T19:57:01.570239
2817940752118587974,"https://www.hemnet.se/salda/lagenhet-3rum-vasastan-stockholms-kommun-vikingagatan-7,-1-tr,-2817940752118587974",69-70m²,2026-03-14T19:57:01.570240
36781483669822268,https://www.hemnet.se/salda/lagenhet-2rum-vasterhaninge-haninge-kommun-solhemsvagen-9-36781483669822268,69-70m²,2026-03-14T19:57:01.570241
5443941274077403556,https://www.hemnet.se/salda/lagenhet-3rum-centrum-kungalvs-kommun-frakne-grand-12-5443941274077403556,69-70m²,2026-03-14T19:57:01.570243
1962984375609567755,https://www.hemnet.se/salda/lagenhet-3rum-vaster-lunds-kommun-trastvagen-6b-1962984375609567755,69-70m²,2026-03-14T19:57:01.570244
6053417539789922619,https://www.hemnet.se/salda/lagenhet-3rum-ostermalm-stockholms-kommun-nybrogatan-73a-6053417539789922619,69-70m²,2026-03-14T19:57:01.570245
1682895460422318703,https://www.hemnet.se/salda/lagenhet-2rum-grind-norrtalje-kommun-tunvagen-8-c-1682895460422318703,69-70m²,2026-03-14T19:57:01.570247
1737821775806212053,https://www.hemnet.se/salda/lagenhet-3rum-vipeholmsparken-lunds-kommun-vipeholms-alle-51-1737821775806212053,69-70m²,2026-03-14T19:57:01.570248
1169867715254607263,https://www.hemnet.se/salda/lagenhet-3rum-byttorp-boras-kommun-fjallgatan-2a-1169867715254607263,69-70m²,2026-03-14T19:57:01.570249
2392968986053639502,https://www.hemnet.se/salda/lagenhet-2rum-ulleraker-uppsala-kommun-henry-saldes-vag-16-2392968986053639502,69-70m²,2026-03-14T19:57:01.570251
461648492827006360,https://www.hemnet.se/salda/lagenhet-3rum-norrgard-kalmar-kommun-stagneliusgatan-24d-461648492827006360,69-70m²,2026-03-14T19:57:01.570252
382790938909192398,https://www.hemnet.se/salda/lagenhet-3rum-odakra-helsingborgs-kommun-plutogatan-21-382790938909192398,69-70m²,2026-03-14T19:57:01.570253
2828402190678733104,https://www.hemnet.se/salda/lagenhet-3rum-nacka-strand-nacka-kommun-fabrikorvagen-4a-2828402190678733104,69-70m²,2026-03-14T19:57:01.570254
3182726293577890509,https://www.hemnet.se/salda/lagenhet-3rum-elinelund-malmo-kommun-systerbrunnsvagen-13-3182726293577890509,69-70m²,2026-03-14T19:57:01.570256
9184650077664553140,https://www.hemnet.se/salda/lagenhet-3rum-druvefors-boras-kommun-kyrkogardsgatan-13-9184650077664553140,69-70m²,2026-03-14T19:57:01.570257
7786838671102454073,https://www.hemnet.se/salda/lagenhet-3rum-edsberg-sollentuna-kommun-kruthornsvagen-46b-7786838671102454073,69-70m²,2026-03-14T19:57:01.570258
7626284468180701,"https://www.hemnet.se/salda/lagenhet-3rum-midsommarkransen-stockholms-kommun-svandammsvagen-17a,-van-4-4-7626284468180701",69-70m²,2026-03-14T19:57:01.570260
8400761545962566763,https://www.hemnet.se/salda/lagenhet-3rum-ekhagen-jonkopings-kommun-tornrosgatan-29-8400761545962566763,69-70m²,2026-03-14T19:57:01.570261
307377066346494602,https://www.hemnet.se/salda/lagenhet-2rum-teleborg-vaxjo-kommun-skiftesvagen-45-307377066346494602,69-70m²,2026-03-14T19:57:01.570262
7068518958791018575,https://www.hemnet.se/salda/lagenhet-3rum-asa-oskarshamns-kommun-furuvagen-12d-7068518958791018575,69-70m²,2026-03-14T19:57:01.570264
819766628828924723,https://www.hemnet.se/salda/lagenhet-3rum-ulricehamn-ulricehamns-kommun-storgatan-53-819766628828924723,69-70m²,2026-03-14T19:57:01.570265
7320019098575417532,https://www.hemnet.se/salda/lagenhet-2rum-midsommarkransen-stockholms-kommun-radiusbacken-23-7320019098575417532,69-70m²,2026-03-14T19:57:01.570266
7362495565436225424,https://www.hemnet.se/salda/lagenhet-3rum-vasastan-birkastan-stockholms-kommun-bravallagatan-9a-7362495565436225424,69-70m²,2026-03-14T19:57:01.570267
1319025623230258762,https://www.hemnet.se/salda/lagenhet-4rum-are-by-are-kommun-arevagen-130b-1319025623230258762,69-70m²,2026-03-14T19:57:01.570269
8291504199840434880,https://www.hemnet.se/salda/lagenhet-3rum-norr-helsingborgs-kommun-cederstromsgatan-4-8291504199840434880,69-70m²,2026-03-14T19:57:01.570270
4218956358755224432,https://www.hemnet.se/salda/lagenhet-3rum-vasastan-stockholms-kommun-hagagatan-12a-4218956358755224432,69-70m²,2026-03-14T19:57:01.570271
5919239093614903740,https://www.hemnet.se/salda/lagenhet-4rum-hammarbyhojden-blasut-stockholms-kommun-astorpsringen-19-5919239093614903740,69-70m²,2026-03-14T19:57:01.570273
5081992676674909704,https://www.hemnet.se/salda/lagenhet-3rum-rosenhaga-skovde-kommun-rosenhagavagen-12-a-5081992676674909704,69-70m²,2026-03-14T19:57:01.570274
5582135157117964132,https://www.hemnet.se/salda/lagenhet-3rum-hagsatra-stockholms-kommun-porlabacken-39-5582135157117964132,69-70m²,2026-03-14T19:57:01.570275
3512140625811250946,"https://www.hemnet.se/salda/lagenhet-3rum-stureby-enskede-stockholms-kommun-sagverksgatan-118,-3-tr-3512140625811250946",69-70m²,2026-03-14T19:57:01.570277
6894474820425236851,https://www.hemnet.se/salda/lagenhet-3rum-sodermalm-maria-stockholms-kommun-rosenlundsgatan-20-6894474820425236851,69-70m²,2026-03-14T19:57:01.570278
139868689147420335,https://www.hemnet.se/salda/lagenhet-3rum-sundbyberg-sundbybergs-kommun-duvkullavagen-42a-139868689147420335,69-70m²,2026-03-14T19:57:01.570279
7619304103178685148,https://www.hemnet.se/salda/lagenhet-3rum-froson-ostersunds-kommun-hornsgatan-15a-7619304103178685148,69-70m²,2026-03-14T19:57:01.570280
1993494238438055925,https://www.hemnet.se/salda/lagenhet-3rum-kvarnbergsplan-huddinge-kommun-solfagravagen-17-1993494238438055925,69-70m²,2026-03-14T19:57:01.570282
1998637159981695998,https://www.hemnet.se/salda/lagenhet-3rum-centralt-solleftea-solleftea-kommun-gardesgatan-90a-1998637159981695998,69-70m²,2026-03-14T19:57:01.570283
1580370176488589088,https://www.hemnet.se/salda/lagenhet-3rum-falhagen-uppsala-kommun-ymergatan-24a-1580370176488589088,69-70m²,2026-03-14T19:57:01.570284
1681962752898783241,https://www.hemnet.se/salda/lagenhet-3rum-ruddalen-goteborgs-kommun-musikvagen-12-1681962752898783241,69-70m²,2026-03-14T19:57:01.570286
2457523819261200932,https://www.hemnet.se/salda/lagenhet-2rum-vasastaden-goteborgs-kommun-erik-dahlbergsgatan-35c-2457523819261200932,69-70m²,2026-03-14T19:57:01.570287
9032848140021777554,https://www.hemnet.se/salda/lagenhet-2rum-sodermalm-sofia-stockholms-kommun-metargatan-7-9032848140021777554,69-70m²,2026-03-14T19:57:01.570288
5855432681957020018,https://www.hemnet.se/salda/lagenhet-3rum-tumba-botkyrka-kommun-storvretsvagen-110-5855432681957020018,69-70m²,2026-03-14T19:57:01.570290
431581571929038207,https://www.hemnet.se/salda/lagenhet-3rum-vallingby-parkstad-racksta-stockholms-kommun-funasgatan-8-van-2-431581571929038207,69-70m²,2026-03-14T19:57:01.570291
2941738348732757455,https://www.hemnet.se/salda/lagenhet-2rum-centrum-nyatorp-halmstads-kommun-snostorpsvagen-10b-2941738348732757455,69-70m²,2026-03-14T19:57:01.570292
8730707769331486559,https://www.hemnet.se/salda/lagenhet-3rum-angelholm-centrum-angelholms-kommun-ronnegatan-4-8730707769331486559,69-70m²,2026-03-14T19:57:01.570294
5178365922367754409,"https://www.hemnet.se/salda/lagenhet-3rum-bollnas,-gardet-bollnas-kommun-laroverksgatan-44-c-5178365922367754409",69-70m²,2026-03-14T19:57:01.570295
1746207812189971789,https://www.hemnet.se/salda/lagenhet-2rum-centrum-halmstads-kommun-stockenbergsgatan-7-1746207812189971789,69-70m²,2026-03-14T19:57:01.570296
8144613437282618789,https://www.hemnet.se/salda/lagenhet-3rum-odakra-helsingborgs-kommun-plutogatan-23-8144613437282618789,69-70m²,2026-03-14T19:57:01.570298
6008569061836275044,https://www.hemnet.se/salda/lagenhet-3rum-norrgard-kalmar-kommun-norrgardsgatan-7b-6008569061836275044,69-70m²,2026-03-14T19:57:01.570299
2155693727434597481,https://www.hemnet.se/salda/lagenhet-2rum-anderstorp-skelleftea-kommun-fabodgatan-92-2155693727434597481,69-70m²,2026-03-14T19:57:01.570300
8712989898745863373,https://www.hemnet.se/salda/lagenhet-3rum-visby-haga-gotlands-kommun-allegatan-30-8712989898745863373,69-70m²,2026-03-14T19:57:01.570301
974408641115468973,https://www.hemnet.se/salda/lagenhet-4rum-bjornrike-harjedalens-kommun-bjornrike-blastervallsvagen-30a-974408641115468973,69-70m²,2026-03-14T19:57:01.570303
1732457091306953776,https://www.hemnet.se/salda/lagenhet-2rum-centrum-uppsala-kommun-s-t-olofsgatan-28-a-1732457091306953776,69-70m²,2026-03-14T19:57:01.570304
7553737265384931380,https://www.hemnet.se/salda/lagenhet-3rum-ostberga-stockholms-kommun-stamgatan-38-7553737265384931380,69-70m²,2026-03-14T19:57:01.570305
5602503568913462538,https://www.hemnet.se/salda/lagenhet-2rum-lunden-skovde-kommun-lundenvagen-35a-5602503568913462538,69-70m²,2026-03-14T19:57:01.570307
1453686375302553639,https://www.hemnet.se/salda/lagenhet-2rum-ramlosa-helsingborgs-kommun-fridas-gata-34d-1453686375302553639,69-70m²,2026-03-14T19:57:01.570308
627027852928841768,https://www.hemnet.se/salda/lagenhet-3rum-aspudden-stockholms-kommun-blommensbergsvagen-163-627027852928841768,69-70m²,2026-03-14T19:57:01.570310
4365119471790877560,https://www.hemnet.se/salda/lagenhet-3rum-grondal-stockholms-kommun-fregattvagen-52-4365119471790877560,69-70m²,2026-03-14T19:57:01.570311
258921315438143259,https://www.hemnet.se/salda/lagenhet-4rum-vega-haninge-kommun-vega-alle-79-258921315438143259,69-70m²,2026-03-14T19:57:01.570312
1425793353481607746,https://www.hemnet.se/salda/lagenhet-3rum-hakanstorp-malmo-kommun-klubbegatan-10b-1425793353481607746,69-70m²,2026-03-14T19:57:01.570313
4030702310096076921,"https://www.hemnet.se/salda/lagenhet-2,5rum-sodermalm-stockholms-kommun-stigbergsgatan-32b,-4tr-4030702310096076921",69-70m²,2026-03-14T19:57:01.570315
2832491102897119198,"https://www.hemnet.se/salda/lagenhet-2,5rum-luthagen-uppsala-kommun-luthagsesplanaden-26c-2832491102897119198",69-70m²,2026-03-14T19:57:01.570316
2521342829743947348,https://www.hemnet.se/salda/lagenhet-2rum-djurangen-kalmar-kommun-djurangsvagen-82b-2521342829743947348,69-70m²,2026-03-14T19:57:01.570317
4330668005371804845,"https://www.hemnet.se/salda/lagenhet-2rum-nacka-centrum-nacka-kommun-serenadvagen-38,-van-6-6-4330668005371804845",69-70m²,2026-03-14T19:57:01.570319
2717303657095941824,https://www.hemnet.se/salda/lagenhet-3rum-johannelund-anestad-linkopings-kommun-johannelundsvagen-6-2717303657095941824,69-70m²,2026-03-14T19:57:01.570320
7437735359709277346,https://www.hemnet.se/salda/lagenhet-3rum-valberg-karlstads-kommun-cordvagen-4-a-7437735359709277346,69-70m²,2026-03-14T19:57:01.570321
7236727792136643798,https://www.hemnet.se/salda/lagenhet-3rum-vaster-vaxjo-kommun-vintervagen-5b-7236727792136643798,69-70m²,2026-03-14T19:57:01.570322
2573079397923842806,"https://www.hemnet.se/salda/lagenhet-2,5rum-bromma-beckomberga-stockholms-kommun-soderberga-alle-52-2573079397923842806",69-70m²,2026-03-14T19:57:01.570324
7255299413117691949,"https://www.hemnet.se/salda/lagenhet-3rum-spanga-bromsten-stockholms-kommun-faltvagen-20,-3-7255299413117691949",69-70m²,2026-03-14T19:57:01.570325
6110155372896677906,"https://www.hemnet.se/salda/lagenhet-2,5rum-rotsunda-sollentuna-kommun-rotsundagardsvagen-8-6110155372896677906",69-70m²,2026-03-14T19:57:01.570326
3584648795568228201,https://www.hemnet.se/salda/lagenhet-2rum-sundsvall-sodermalm-ostermalm-sundsvalls-kommun-hogbergsgatan-5a-3584648795568228201,69-70m²,2026-03-14T19:57:01.570327
584248952829710651,https://www.hemnet.se/salda/lagenhet-2rum-centralt-strangnas-kommun-eskilsgatan-1-584248952829710651,69-70m²,2026-03-14T19:57:01.570329
4792648567811811311,https://www.hemnet.se/salda/lagenhet-2rum-sjoberg-sollentuna-kommun-sidensvansvagen-81-4792648567811811311,69-70m²,2026-03-14T19:57:01.570330
9200027963819676721,https://www.hemnet.se/salda/lagenhet-3rum-turinge-nykvarns-kommun-gammeltorpsvagen-2b-9200027963819676721,69-70m²,2026-03-14T19:57:01.570331
6120998727485057790,https://www.hemnet.se/salda/lagenhet-3rum-hagalund-borlange-kommun-roda-vagen-19-6120998727485057790,69-70m²,2026-03-14T19:57:01.570332
2317038819915958835,https://www.hemnet.se/salda/lagenhet-3rum-centralt-norrtalje-kommun-gokvagen-5-a-2317038819915958835,69-70m²,2026-03-14T19:57:01.570334
6844842598442131512,https://www.hemnet.se/salda/lagenhet-2rum-runo-osterakers-kommun-slussbrovagen-6-6844842598442131512,69-70m²,2026-03-14T19:57:01.570335
3779170916192401865,https://www.hemnet.se/salda/lagenhet-3rum-handen-haninge-kommun-vallagrand-16-3779170916192401865,69-70m²,2026-03-14T19:57:01.570336
6187781593670563978,https://www.hemnet.se/salda/lagenhet-2rum-ostermalm-stockholms-kommun-bragevagen-6-6187781593670563978,69-70m²,2026-03-14T19:57:01.570337
2236890828962654415,https://www.hemnet.se/salda/lagenhet-2rum-vendelso-haninge-kommun-albatrossvagen-96-2236890828962654415,69-70m²,2026-03-14T19:57:01.570338
1762599739849013762,https://www.hemnet.se/salda/lagenhet-2rum-alidhem-umea-kommun-kemigrand-28-1762599739849013762,69-70m²,2026-03-14T19:57:01.570340
6052953862077016474,https://www.hemnet.se/salda/lagenhet-2rum-centrum-slottshojden-helsingborgs-kommun-rektorsgatan-12-6052953862077016474,69-70m²,2026-03-14T19:57:01.570341
6571500499013678988,https://www.hemnet.se/salda/lagenhet-2rum-hasto-karlskrona-kommun-herrgardsvagen-1b-6571500499013678988,69-70m²,2026-03-14T19:57:01.570342
6119046285035599367,"https://www.hemnet.se/salda/lagenhet-2rum-karrdal-sollentuna-kommun-lomvagen-661,-2-tr,-6119046285035599367",69-70m²,2026-03-14T19:57:01.570344
7382388306335784931,"https://www.hemnet.se/salda/lagenhet-3rum-nasbypark-ornstigen-taby-kommun-ornstigen-25,-1tr-7382388306335784931",69-70m²,2026-03-14T19:57:01.570345
1825885445697107995,https://www.hemnet.se/salda/lagenhet-3rum-solbacka-norrtalje-kommun-junovagen-8c-1825885445697107995,69-70m²,2026-03-14T19:57:01.570346
3697295448476447477,https://www.hemnet.se/salda/lagenhet-3rum-vasastan-stockholms-kommun-dobelnsgatan-41-3697295448476447477,69-70m²,2026-03-14T19:57:01.570348
983111248251457617,https://www.hemnet.se/salda/lagenhet-4rum-enskede-stureby-stockholms-kommun-skonviksvagen-303-983111248251457617,69-70m²,2026-03-14T19:57:01.570349
9222329374976986173,"https://www.hemnet.se/salda/lagenhet-3,5rum-varnhem-malmo-kommun-mellangatan-4b-9222329374976986173",69-70m²,2026-03-14T19:57:01.570350
2786215152649447264,https://www.hemnet.se/salda/lagenhet-3rum-bergnaset-lulea-kommun-bergnasvagen-15-a-2786215152649447264,69-70m²,2026-03-14T19:57:01.570352
5983849647180329321,https://www.hemnet.se/salda/lagenhet-3rum-molndal-toltorpsdalen-molndals-kommun-toltorpsgatan-39b-5983849647180329321,69-70m²,2026-03-14T19:57:01.570353
3662215035197907065,https://www.hemnet.se/salda/lagenhet-3rum-norr-orebro-kommun-rynningsbergsgatan-2-3662215035197907065,69-70m²,2026-03-14T19:57:01.570354
6893378882901932930,https://www.hemnet.se/salda/lagenhet-3rum-sofieberg-halmstads-kommun-frokentorpsvagen-35-6893378882901932930,69-70m²,2026-03-14T19:57:01.570355
1570201580558607962,"https://www.hemnet.se/salda/lagenhet-3rum-gamla-rasunda-solna-kommun-rasundavagen-117a,-1-tr-1570201580558607962",69-70m²,2026-03-14T19:57:01.570357
6857021289757744114,https://www.hemnet.se/salda/lagenhet-3rum-raa-helsingborgs-kommun-raavagen-93-6857021289757744114,69-70m²,2026-03-14T19:57:01.570358
6605372368502659033,https://www.hemnet.se/salda/lagenhet-3rum-sodra-nynashamn-nynashamns-kommun-landgangen-5-6605372368502659033,69-70m²,2026-03-14T19:57:01.570360
661583605556907018,https://www.hemnet.se/salda/lagenhet-3rum-ringstorp-helsingborgs-kommun-ryttmastaregatan-7b-661583605556907018,69-70m²,2026-03-14T19:57:01.570361
5461295298631898049,https://www.hemnet.se/salda/lagenhet-3rum-boras-boras-kommun-norrgatan-12-5461295298631898049,69-70m²,2026-03-14T19:57:01.570362
7362279890908128552,"https://www.hemnet.se/salda/lagenhet-3rum-karrdal-sollentuna-kommun-lomvagen-609,-bv-7362279890908128552",69-70m²,2026-03-14T19:57:01.570363
2228270464537848841,https://www.hemnet.se/salda/lagenhet-3rum-gamla-staden-lidkopings-kommun-ostbygatan-24c-2228270464537848841,69-70m²,2026-03-14T19:57:01.570365
7293977486599424250,https://www.hemnet.se/salda/lagenhet-2rum-vellinge-vellinge-kommun-severin-cavallinsgatan-16d-7293977486599424250,69-70m²,2026-03-14T19:57:01.570366
733831620321361230,https://www.hemnet.se/salda/lagenhet-3rum-alvsjo-orby-slott-stockholms-kommun-gimmerstavagen-27-733831620321361230,69-70m²,2026-03-14T19:57:01.570367
4799968954554959419,https://www.hemnet.se/salda/lagenhet-3rum-almedal-goteborgs-kommun-helmutsrogatan-3b-4799968954554959419,69-70m²,2026-03-14T19:57:01.570369
481500981938269725,"https://www.hemnet.se/salda/lagenhet-3rum-skrea-herting-hjortsberg-falkenbergs-kommun-hjortvagen-8,-lgh-nr-1602-481500981938269725",69-70m²,2026-03-14T19:57:01.570370
8895589068444026816,https://www.hemnet.se/salda/lagenhet-2rum-kungsangen-uppsala-kommun-siktargatan-24-8895589068444026816,69-70m²,2026-03-14T19:57:01.570371
5372102708205361004,https://www.hemnet.se/salda/lagenhet-3rum-alphyddan-nacka-kommun-alphyddevagen-13-5372102708205361004,69-70m²,2026-03-14T19:57:01.570373
8332847937098397545,https://www.hemnet.se/salda/lagenhet-2rum-kungsangen-svartviken-upplands-bro-kommun-kungsvagen-6b-8332847937098397545,69-70m²,2026-03-14T19:57:01.570374
6656417120166301058,https://www.hemnet.se/salda/lagenhet-4rum-bjornrike-harjedalens-kommun-bjornrike-blastervallsvagen-42f-6656417120166301058,69-70m²,2026-03-14T19:57:01.570375
1812370375876839222,https://www.hemnet.se/salda/lagenhet-3rum-vastra-frolunda-goteborgs-kommun-fiolgatan-6-1812370375876839222,69-70m²,2026-03-14T19:57:01.570377
7469795786055721522,https://www.hemnet.se/salda/lagenhet-3rum-ostberga-stockholms-kommun-stamgatan-29-7469795786055721522,69-70m²,2026-03-14T19:57:01.570378
7650992974070643904,https://www.hemnet.se/salda/lagenhet-2rum-majorna-goteborgs-kommun-bangatan-10d-7650992974070643904,69-70m²,2026-03-14T19:57:01.570379
5852061793336967052,https://www.hemnet.se/salda/lagenhet-3rum-hammarkullen-goteborgs-kommun-hammarkullegatan-6-5852061793336967052,69-70m²,2026-03-14T19:57:01.570381
7867706333625229726,https://www.hemnet.se/salda/lagenhet-3rum-ovre-bryggardsgardet-norrtalje-kommun-tibeliusgatan-20-7867706333625229726,69-70m²,2026-03-14T19:57:01.570382
8029894901628047486,https://www.hemnet.se/salda/lagenhet-2rum-sundsvall-bosvedjan-sundsvalls-kommun-bagevagen-27b-8029894901628047486,69-70m²,2026-03-14T19:57:01.570384
7407519645498709377,"https://www.hemnet.se/salda/lagenhet-2rum-linne-goteborgs-kommun-nordenskioldsgatan-10,-van-10-10-7407519645498709377",69-70m²,2026-03-14T19:57:01.570385
1950545657486366287,https://www.hemnet.se/salda/lagenhet-2rum-motala-motala-kommun-strandvagen-34a-1950545657486366287,69-70m²,2026-03-14T19:57:01.570386
6593823427869215041,https://www.hemnet.se/salda/lagenhet-3rum-limhamns-sjostad-malmo-kommun-kolsyregatan-9-6593823427869215041,69-70m²,2026-03-14T19:57:01.570388
6882391871165034713,https://www.hemnet.se/salda/lagenhet-2rum-katarina-stockholms-kommun-asogatan-107-6882391871165034713,69-70m²,2026-03-14T19:57:01.570389
8534121653151876756,https://www.hemnet.se/salda/lagenhet-2rum-centralt-norrkopings-kommun-olai-kyrkogata-15a-8534121653151876756,69-70m²,2026-03-14T19:57:01.570390
3288112102422054827,https://www.hemnet.se/salda/lagenhet-2rum-hjallbo-goteborgs-kommun-hjallbogardet-51-3288112102422054827,69-70m²,2026-03-14T19:57:01.570392
3162436695494469224,https://www.hemnet.se/salda/lagenhet-3rum-hagsatra-stockholms-kommun-porlabacken-35-3162436695494469224,69-70m²,2026-03-14T19:57:01.570393
826481356218670509,https://www.hemnet.se/salda/lagenhet-3rum-centrala-hisingen-goteborgs-kommun-virvelvindsgatan-26-826481356218670509,69-70m²,2026-03-14T19:57:01.570395
3129056243933981407,https://www.hemnet.se/salda/lagenhet-3rum-rorsjostaden-malmo-kommun-lojtnantsgatan-14-3129056243933981407,69-70m²,2026-03-14T19:57:01.570396
7017090458697980971,https://www.hemnet.se/salda/lagenhet-4rum-bjornrike-harjedalens-kommun-bjornrike-blastervallsvagen-32c-7017090458697980971,69-70m²,2026-03-14T19:57:01.570397
7273568792580038876,https://www.hemnet.se/salda/lagenhet-3rum-norra-faladen-lunds-kommun-skarpskyttevagen-20e-7273568792580038876,69-70m²,2026-03-14T19:57:01.570399
7635936852918772965,https://www.hemnet.se/salda/lagenhet-3rum-aby-angar-vallentuna-kommun-haggatan-8-7635936852918772965,69-70m²,2026-03-14T19:57:01.570400
5657582439949957121,https://www.hemnet.se/salda/lagenhet-3rum-oxelosund-centrum-oxelosunds-kommun-tradgardsgatan-11-5657582439949957121,69-70m²,2026-03-14T19:57:01.570401
7243148026929704062,https://www.hemnet.se/salda/lagenhet-2rum-karrdal-sollentuna-kommun-lomvagen-605-7243148026929704062,69-70m²,2026-03-14T19:57:01.570402
6962374640617571732,https://www.hemnet.se/salda/lagenhet-3rum-odakra-helsingborgs-kommun-plutogatan-21-6962374640617571732,69-70m²,2026-03-14T19:57:01.570404
3835812206957484608,https://www.hemnet.se/salda/lagenhet-2rum-centralt-amals-kommun-norra-langgatan-5-3835812206957484608,69-70m²,2026-03-14T19:57:01.570405
845385245383890087,"https://www.hemnet.se/salda/lagenhet-2rum-tumba-botkyrka-kommun-munkhattevagen-27b,-1tr-845385245383890087",69-70m²,2026-03-14T19:57:01.570406
3181858353408482242,https://www.hemnet.se/salda/lagenhet-2rum-nacka-forum-nacka-kommun-serenadvagen-14-3181858353408482242,69-70m²,2026-03-14T19:57:01.570407
915249657166350261,https://www.hemnet.se/salda/lagenhet-4rum-tegefjall-are-kommun-kyrkangesvagen-5f-915249657166350261,69-70m²,2026-03-14T19:57:01.570409
556399161457428333,https://www.hemnet.se/salda/lagenhet-3rum-grondal-stockholms-kommun-lustigkullavagen-4-556399161457428333,69-70m²,2026-03-14T19:57:01.570410
5334517242290963165,"https://www.hemnet.se/salda/lagenhet-4rum-naset-lidingo-kommun-kallangsvagen-34,-8-tr-5334517242290963165",69-70m²,2026-03-14T19:57:01.570411
5511919210857085511,https://www.hemnet.se/salda/lagenhet-3rum-lango-karlskrona-kommun-arkitektgatan-4e-5511919210857085511,69-70m²,2026-03-14T19:57:01.570413
5277388946766162243,https://www.hemnet.se/salda/lagenhet-2rum-storvreta-uppsala-kommun-morgonvagen-3-5277388946766162243,69-70m²,2026-03-14T19:57:01.570414
2757528076263041719,https://www.hemnet.se/salda/lagenhet-2rum-nora-nora-kommun-radmansgatan-4b-2757528076263041719,69-70m²,2026-03-14T19:57:01.570415
1612369907976425591,"https://www.hemnet.se/salda/lagenhet-2,5rum-kungsholmen-stockholms-kommun-jakob-westinsgatan-7,-4tr-1612369907976425591",69-70m²,2026-03-14T19:57:01.570418
7145734527952230939,https://www.hemnet.se/salda/lagenhet-4rum-stoten-malung-salens-kommun-ranchen-fjallbyplatan-201d-7145734527952230939,69-70m²,2026-03-14T19:57:01.570420
3062969351191528915,"https://www.hemnet.se/salda/lagenhet-1,5rum-umea-centrum-umea-kommun-radhusesplanaden-17d-3062969351191528915",69-70m²,2026-03-14T19:57:01.570422
3883546427746955723,"https://www.hemnet.se/salda/lagenhet-3,5rum-grondal-liljeholmen-stockholms-kommun-lovholmsvagen-19-3883546427746955723",69-70m²,2026-03-14T19:57:01.570424
3374469605035652318,https://www.hemnet.se/salda/lagenhet-3rum-centralt-linkopings-kommun-kullagatan-4a-3374469605035652318,69-70m²,2026-03-14T19:57:01.570426
5095899771174656562,https://www.hemnet.se/salda/lagenhet-2rum-jeppsagard-staffanstorps-kommun-jeppsagard-6c-5095899771174656562,69-70m²,2026-03-14T19:57:01.570427
3082971052458126836,https://www.hemnet.se/salda/lagenhet-3rum-kvillebacken-goteborgs-kommun-langangen-17a-3082971052458126836,69-70m²,2026-03-14T19:57:01.570429
7807900508154733246,https://www.hemnet.se/salda/lagenhet-3rum-vastertorp-stockholms-kommun-slalomvagen-5-7807900508154733246,69-70m²,2026-03-14T19:57:01.570430
6115174344415979690,https://www.hemnet.se/salda/lagenhet-3rum-lillangshamnen-hammaro-kommun-lillangsvagen-6f-6115174344415979690,69-70m²,2026-03-14T19:57:01.570431
1536591400869496309,https://www.hemnet.se/salda/lagenhet-3rum-farmarstigen-tyreso-kommun-kyndelgrand-8-1536591400869496309,69-70m²,2026-03-14T19:57:01.570432
5058604665413413795,https://www.hemnet.se/salda/lagenhet-3rum-farsna-norrtalje-kommun-farsnagatan-22a-5058604665413413795,69-70m²,2026-03-14T19:57:01.570433
13499741190979587,https://www.hemnet.se/salda/lagenhet-3rum-bohusgarden-uddevalla-kommun-skandiavagen-6b-13499741190979587,69-70m²,2026-03-14T19:57:01.570435
2834085400250883111,https://www.hemnet.se/salda/lagenhet-2rum-soderkulla-malmo-kommun-ormvraksgatan-46-2834085400250883111,69-70m²,2026-03-14T19:57:01.570436
7209740799124086029,https://www.hemnet.se/salda/lagenhet-2rum-teleborg-vaxjo-kommun-skiftesvagen-157-7209740799124086029,69-70m²,2026-03-14T19:57:01.570437
5962658331529886533,https://www.hemnet.se/salda/lagenhet-3rum-ullstorp-kungalvs-kommun-ringvaltvagen-70e-5962658331529886533,69-70m²,2026-03-14T19:57:01.570438
5420191798219157474,https://www.hemnet.se/salda/lagenhet-3rum-gullmarsplan-stockholms-kommun-gullmarsplan-13-5420191798219157474,69-70m²,2026-03-14T19:57:01.570440
7468859041679773212,https://www.hemnet.se/salda/lagenhet-4rum-are-tegefjall-are-kommun-tegebacksvagen-17h-7468859041679773212,69-70m²,2026-03-14T19:57:01.570441
7267398914352586602,https://www.hemnet.se/salda/lagenhet-3rum-bromma-blackeberg-stockholms-kommun-holbergsgatan-67-7267398914352586602,69-70m²,2026-03-14T19:57:01.570442
8526316831914064415,https://www.hemnet.se/salda/lagenhet-3rum-torslanda-kvisljungeby-goteborgs-kommun-fatabursvagen-6-8526316831914064415,69-70m²,2026-03-14T19:57:01.570443
8999552955250993525,https://www.hemnet.se/salda/lagenhet-3rum-alingsas-centralt-alingsas-kommun-kungsgatan-43a-8999552955250993525,69-70m²,2026-03-14T19:57:01.570445
1828623715946558792,https://www.hemnet.se/salda/lagenhet-3rum-vega-haninge-kommun-vega-alle-79-1828623715946558792,69-70m²,2026-03-14T19:57:01.570446
9099599617988653285,https://www.hemnet.se/salda/lagenhet-3rum-skaggetorp-linkopings-kommun-storgarden-25-9099599617988653285,69-70m²,2026-03-14T19:57:01.570447
8667124866711579281,https://www.hemnet.se/salda/lagenhet-2rum-dalvik-jonkopings-kommun-jutevagen-12-8667124866711579281,69-70m²,2026-03-14T19:57:01.570448
87236625739580207,https://www.hemnet.se/salda/lagenhet-2rum-fimmelstangen-vasterviks-kommun-stora-tradgardsgatan-15a-87236625739580207,69-70m²,2026-03-14T19:57:01.570450
4348110068249157223,https://www.hemnet.se/salda/lagenhet-3rum-saltsjobaden-nacka-kommun-syrenparken-12-4348110068249157223,69-70m²,2026-03-14T19:57:01.570451
7593035707768869479,https://www.hemnet.se/salda/lagenhet-3rum-ulricehamn-ulricehamns-kommun-lindangsvagen-41a-7593035707768869479,69-70m²,2026-03-14T19:57:01.570452
8110667895431718508,https://www.hemnet.se/salda/lagenhet-3rum-arno-nykopings-kommun-rosenhillsvagen-3-a-8110667895431718508,69-70m²,2026-03-14T19:57:01.570453
5288541609035255554,https://www.hemnet.se/salda/lagenhet-2rum-nyhamn-landskrona-kommun-badhusgatan-23-5288541609035255554,69-70m²,2026-03-14T19:57:01.570455
9194455910654279997,https://www.hemnet.se/salda/lagenhet-3rum-jakobsberg-jarfalla-kommun-veckovagen-43-9194455910654279997,69-70m²,2026-03-14T19:57:01.570456
4716446129574255151,https://www.hemnet.se/salda/lagenhet-2rum-vastergarden-vallentuna-kommun-vastergarden-35-bottenplan-4716446129574255151,69-70m²,2026-03-14T19:57:01.570457
3814481593872619702,https://www.hemnet.se/salda/lagenhet-2rum-martens-falad-lunds-kommun-kollegievagen-144-3814481593872619702,69-70m²,2026-03-14T19:57:01.570458
5259796808812650972,https://www.hemnet.se/salda/lagenhet-2rum-oxelosund-centrum-oxelosunds-kommun-oxelogatan-18a-5259796808812650972,69-70m²,2026-03-14T19:57:01.570460
5017137017741849315,https://www.hemnet.se/salda/lagenhet-2rum-herrhagen-karlstads-kommun-varmlandsgatan-9-5017137017741849315,69-70m²,2026-03-14T19:57:01.570461
6583946066124112570,https://www.hemnet.se/salda/lagenhet-3rum-tegelhagen-sollentuna-kommun-skogstorpsvagen-186-6583946066124112570,69-70m²,2026-03-14T19:57:01.570462
6629890915256880378,"https://www.hemnet.se/salda/lagenhet-2,5rum-fasserod-uddevalla-kommun-blidvadersgrand-1d-6629890915256880378",69-70m²,2026-03-14T19:57:01.570464
8075153136201364580,"https://www.hemnet.se/salda/lagenhet-3rum-hornstull-stockholms-kommun-heleneborgsgatan-6a,-5-5-tr-8075153136201364580",69-70m²,2026-03-14T19:57:01.570465
5689337220067014560,https://www.hemnet.se/salda/lagenhet-3rum-haga-vasteras-kommun-norra-skjutbanegatan-25b-5689337220067014560,69-70m²,2026-03-14T19:57:01.570466
8293092446514331270,https://www.hemnet.se/salda/lagenhet-2rum-rasunda-solna-kommun-plogvagen-6-8293092446514331270,69-70m²,2026-03-14T19:57:01.570468
5089648383710681381,https://www.hemnet.se/salda/lagenhet-3rum-soder-hasthaga-varbergs-kommun-liedbergs-vag-5-5089648383710681381,69-70m²,2026-03-14T19:57:01.570469
132416544286449029,https://www.hemnet.se/salda/lagenhet-3rum-ornaset-lulea-kommun-krongardsringen-24-132416544286449029,69-70m²,2026-03-14T19:57:01.570470
407754621830277650,https://www.hemnet.se/salda/lagenhet-3rum-galgberget-falu-kommun-blystigen-11e-407754621830277650,69-70m²,2026-03-14T19:57:01.570472
2311758660525662700,https://www.hemnet.se/salda/lagenhet-2rum-limhamn-sjostaden-malmo-kommun-glasbrukskajen-10b-2311758660525662700,69-70m²,2026-03-14T19:57:01.570473
3819790758836672966,https://www.hemnet.se/salda/lagenhet-3rum-sjobo-boras-kommun-bjorkhemsgatan-55-3819790758836672966,69-70m²,2026-03-14T19:57:01.570474
2391752260645327439,https://www.hemnet.se/salda/lagenhet-3rum-torsvik-lidingo-kommun-torsvikssvangen-16-2391752260645327439,69-70m²,2026-03-14T19:57:01.570476
1154885434610865148,https://www.hemnet.se/salda/lagenhet-2rum-viken-karlstads-kommun-stinsgatan-6-1154885434610865148,69-70m²,2026-03-14T19:57:01.570477
6501013878102138282,https://www.hemnet.se/salda/lagenhet-3rum-trangsund-huddinge-kommun-tornslingan-49-6501013878102138282,69-70m²,2026-03-14T19:57:01.570478
7922489549146594738,https://www.hemnet.se/salda/lagenhet-3rum-malarhojden-stockholms-kommun-klubbacken-16-7922489549146594738,69-70m²,2026-03-14T19:57:01.570480
5368930361046597571,https://www.hemnet.se/salda/lagenhet-3rum-ostberga-stockholms-kommun-stamgatan-35-5368930361046597571,69-70m²,2026-03-14T19:57:01.570481
8474548051813755623,https://www.hemnet.se/salda/lagenhet-3rum-centrum-skara-kommun-skaraborgsgatan-25-c-8474548051813755623,69-70m²,2026-03-14T19:57:01.570482
5226622953693210330,https://www.hemnet.se/salda/lagenhet-1rum-norrmalm-stockholms-kommun-kungsgatan-51-5226622953693210330,69-70m²,2026-03-14T19:57:01.570483
1737516505120980562,"https://www.hemnet.se/salda/lagenhet-3rum-alvsjo-stockholms-kommun-gotalandsvagen-249,-van-1-1737516505120980562",69-70m²,2026-03-14T19:57:01.570485
6222312608620824334,https://www.hemnet.se/salda/lagenhet-3rum-hakanstorp-malmo-kommun-skoldgatan-4c-6222312608620824334,69-70m²,2026-03-14T19:57:01.570486
751600578772683640,https://www.hemnet.se/salda/lagenhet-2rum-attekulla-helsingborgs-kommun-barnstensgatan-36b-751600578772683640,69-70m²,2026-03-14T19:57:01.570487
5064166282405542235,"https://www.hemnet.se/salda/lagenhet-3rum-rudviken-solna-c-solna-kommun-solgatan-36,-van-5-5-5064166282405542235",69-70m²,2026-03-14T19:57:01.570489
8501348874134207060,https://www.hemnet.se/salda/lagenhet-3rum-ostermalm-gardet-stockholms-kommun-valhallavagen-155-8501348874134207060,69-70m²,2026-03-14T19:57:01.570490
5480296466960292092,https://www.hemnet.se/salda/lagenhet-2rum-inre-hamn-karlstads-kommun-bogsprotsgatan-21b-5480296466960292092,69-70m²,2026-03-14T19:57:01.570491
3689907076509706012,https://www.hemnet.se/salda/lagenhet-3rum-solna-solna-kommun-tottvagen-4a-3689907076509706012,69-70m²,2026-03-14T19:57:01.570492
6384489715995434998,https://www.hemnet.se/salda/lagenhet-3rum-arsta-stockholms-kommun-skalderviksplan-3-6384489715995434998,69-70m²,2026-03-14T19:57:01.570494
2638917245359092142,https://www.hemnet.se/salda/lagenhet-3rum-vasastaden-goteborgs-kommun-karl-gustavsgatan-7a-2638917245359092142,69-70m²,2026-03-14T19:57:01.570495
4498237078964735079,https://www.hemnet.se/salda/lagenhet-3rum-vastberga-telefonplan-stockholms-kommun-tombolavagen-7-4498237078964735079,69-70m²,2026-03-14T19:57:01.570496
1551653635261612894,https://www.hemnet.se/salda/lagenhet-3rum-hallstavik-norrtalje-kommun-ljungvagen-12-a-1551653635261612894,69-70m²,2026-03-14T19:57:01.570498
5393832719800579485,https://www.hemnet.se/salda/lagenhet-2rum-kvanum-vara-kommun-smedjegardsgatan-4e-5393832719800579485,69-70m²,2026-03-14T19:57:01.570499
5738087932636581952,https://www.hemnet.se/salda/lagenhet-2rum-nya-linero-lunds-kommun-munins-vag-10-5738087932636581952,69-70m²,2026-03-14T19:57:01.570500
5671109007393951760,"https://www.hemnet.se/salda/lagenhet-4rum-sofia-stockholms-kommun-ringvagen-126,-6tr-5671109007393951760",69-70m²,2026-03-14T19:57:01.570502
563218497272375142,https://www.hemnet.se/salda/lagenhet-2rum-centrala-halmstad-vaster-halmstads-kommun-vapnovagen-9-563218497272375142,69-70m²,2026-03-14T19:57:01.570503
3835081347995818501,https://www.hemnet.se/salda/lagenhet-3rum-kapellgardet-uppsala-kommun-djaknegatan-40-3835081347995818501,69-70m²,2026-03-14T19:57:01.570504
9088641516536366100,https://www.hemnet.se/salda/lagenhet-3rum-uppsala-uppsala-kommun-gustaf-kjellbergs-vag-24-9088641516536366100,69-70m²,2026-03-14T19:57:01.570506
343084876767354494,https://www.hemnet.se/salda/lagenhet-3rum-bagarmossen-stockholms-kommun-rusthallarvagen-151-343084876767354494,69-70m²,2026-03-14T19:57:01.570507
9074637118548256956,"https://www.hemnet.se/salda/lagenhet-3,5rum-vastra-orminge-nacka-kommun-ormingeringen-38-9074637118548256956",69-70m²,2026-03-14T19:57:01.570508
8672321157851701677,https://www.hemnet.se/salda/lagenhet-3rum-viken-hoganas-kommun-lilly-hakanssons-gata-2b-8672321157851701677,69-70m²,2026-03-14T19:57:01.570510
3134987936630769422,https://www.hemnet.se/salda/lagenhet-3rum-hasthagen-varmdo-kommun-hovslagarvagen-23-3134987936630769422,69-70m²,2026-03-14T19:57:01.570511
5362296840857929838,https://www.hemnet.se/salda/lagenhet-3rum-arvidstorp-falkenbergs-kommun-karrets-vag-9c-5362296840857929838,69-70m²,2026-03-14T19:57:01.570512
8509540617261514557,"https://www.hemnet.se/salda/lagenhet-3,5rum-vallingby-centrum-stockholms-kommun-kirunagatan-44-8509540617261514557",69-70m²,2026-03-14T19:57:01.570513
1974394296098561530,https://www.hemnet.se/salda/lagenhet-3rum-spanga-centrum-stockholms-kommun-dagsverksvagen-245-1974394296098561530,69-70m²,2026-03-14T19:57:01.570515
8522346382195012297,"https://www.hemnet.se/salda/lagenhet-2rum-gardet-stockholms-kommun-osthammarsgatan-70b,-5-tr-8522346382195012297",69-70m²,2026-03-14T19:57:01.570516
473211013966689437,https://www.hemnet.se/salda/lagenhet-2rum-karrdal-sollentuna-kommun-lomvagen-617-473211013966689437,69-70m²,2026-03-14T19:57:01.570517
4217844881882467079,https://www.hemnet.se/salda/lagenhet-3rum-sundbyberg-ursvik-sundbybergs-kommun-milstensvagen-50-4217844881882467079,69-70m²,2026-03-14T19:57:01.570519
3078019641825505742,https://www.hemnet.se/salda/lagenhet-3rum-byttorp-boras-kommun-vindelgatan-24-3078019641825505742,69-70m²,2026-03-14T19:57:01.570520
364286155261900854,https://www.hemnet.se/salda/lagenhet-2rum-linnestaden-goteborgs-kommun-nordhemsgatan-68b-364286155261900854,69-70m²,2026-03-14T19:57:01.570521
2115810973103405477,https://www.hemnet.se/salda/lagenhet-3rum-centrum-varvet-lulea-kommun-residensgatan-4a-2115810973103405477,69-70m²,2026-03-14T19:57:01.570522
8338522231082474442,https://www.hemnet.se/salda/lagenhet-3rum-centralt-sandvikens-kommun-smedsgatan-8b-8338522231082474442,69-70m²,2026-03-14T19:57:01.570524
6505239505170375060,https://www.hemnet.se/salda/lagenhet-3rum-centrum-varvet-lulea-kommun-vastra-varvsgatan-22a-6505239505170375060,69-70m²,2026-03-14T19:57:01.570525
6093277982900616384,"https://www.hemnet.se/salda/lagenhet-2rum-ostermalm-stockholms-kommun-linnegatan-27,-2-tr-6093277982900616384",69-70m²,2026-03-14T19:57:01.570526
4053240149361616748,https://www.hemnet.se/salda/lagenhet-3rum-munksjostaden-jonkopings-kommun-vaggerydsgatan-16-4053240149361616748,69-70m²,2026-03-14T19:57:01.570527
1815818637429320835,https://www.hemnet.se/salda/lagenhet-4rum-lilleby-goteborgs-kommun-nya-alvegardsvagen-27f-1815818637429320835,69-70m²,2026-03-14T19:57:01.570529
105621859587589016,https://www.hemnet.se/salda/lagenhet-3rum-majorna-goteborgs-kommun-kabelgatan-18-105621859587589016,69-70m²,2026-03-14T19:57:01.570530
6681637065163610284,"https://www.hemnet.se/salda/lagenhet-2rum-sodermalm-mariatorget-stockholms-kommun-hornsgatan-43,-1-tr-6681637065163610284",69-70m²,2026-03-14T19:57:01.570531
8736339704877920894,https://www.hemnet.se/salda/lagenhet-3rum-sjobo-boras-kommun-barnhemsgatan-48-8736339704877920894,69-70m²,2026-03-14T19:57:01.570532
20767474347632213,https://www.hemnet.se/salda/lagenhet-3rum-sundbyberg-ursvik-sundbybergs-kommun-stallgatan-13-20767474347632213,69-70m²,2026-03-14T19:57:01.570534
2885825211980696474,https://www.hemnet.se/salda/lagenhet-3rum-villan-angelholms-kommun-asbogatan-33a-2885825211980696474,69-70m²,2026-03-14T19:57:01.570535
7035628693855004273,https://www.hemnet.se/salda/lagenhet-3rum-kungsholmen-stockholms-kommun-industrigatan-10-7035628693855004273,69-70m²,2026-03-14T19:57:01.570536
9031810629166148230,https://www.hemnet.se/salda/lagenhet-3rum-edsberg-sollentuna-kommun-ribbings-vag-14a-9031810629166148230,69-70m²,2026-03-14T19:57:01.570537
8012586523864685323,https://www.hemnet.se/salda/lagenhet-3rum-johannesfred-stockholms-kommun-stangjarnsvagen-13-8012586523864685323,69-70m²,2026-03-14T19:57:01.570539
7844720216666279847,"https://www.hemnet.se/salda/lagenhet-2rum-soderberga-stockholms-kommun-soderberga-alle-66,-van-3-7844720216666279847",69-70m²,2026-03-14T19:57:01.570540
66100535311868122,https://www.hemnet.se/salda/lagenhet-3rum-oregrund-osthammars-kommun-langgatan-37b-66100535311868122,69-70m²,2026-03-14T19:57:01.570541
7188589038402441663,https://www.hemnet.se/salda/lagenhet-2rum-tagaborg-helsingborgs-kommun-kvarnholmsgatan-7-7188589038402441663,69-70m²,2026-03-14T19:57:01.570542
2047945024396811994,https://www.hemnet.se/salda/lagenhet-3rum-mariestrand-umea-kommun-mariehemsvagen-136-2047945024396811994,69-70m²,2026-03-14T19:57:01.570544
6783108050220404918,https://www.hemnet.se/salda/lagenhet-3rum-odenslund-ostersunds-kommun-allegatan-24h-6783108050220404918,69-70m²,2026-03-14T19:57:01.570545
6103335714599748673,https://www.hemnet.se/salda/lagenhet-3rum-tingvalla-trollhattans-kommun-bangardsgatan-7-6103335714599748673,69-70m²,2026-03-14T19:57:01.570546
2660519172575897090,https://www.hemnet.se/salda/lagenhet-3rum-city-vasteras-kommun-brahegatan-10b-2660519172575897090,69-70m²,2026-03-14T19:57:01.570547
900966440754237082,https://www.hemnet.se/salda/lagenhet-3rum-bjornrike-harjedalens-kommun-bjornrike-blastervallsvagen-42b-900966440754237082,69-70m²,2026-03-14T19:57:01.570549
1798996809609012294,https://www.hemnet.se/salda/lagenhet-2rum-vasastan-stockholms-kommun-sankt-eriksgatan-66-1798996809609012294,69-70m²,2026-03-14T19:57:01.570550
6580489945301767249,https://www.hemnet.se/salda/lagenhet-3rum-sodra-brannan-harnosands-kommun-krokvagen-12-b-6580489945301767249,69-70m²,2026-03-14T19:57:01.570551
8165813425078611020,https://www.hemnet.se/salda/lagenhet-3rum-centrala-hisingen-wieselgrensplatsen-goteborgs-kommun-virvelvindsgatan-24-8165813425078611020,69-70m²,2026-03-14T19:57:01.570553
2831823100129477210,https://www.hemnet.se/salda/lagenhet-2rum-soder-gavle-kommun-sodra-kopparslagargatan-13a-2831823100129477210,69-70m²,2026-03-14T19:57:01.570554
6516884297497414047,https://www.hemnet.se/salda/lagenhet-3rum-ostberga-stockholms-kommun-stamgatan-26-6516884297497414047,69-70m²,2026-03-14T19:57:01.570555
2640580419580588138,https://www.hemnet.se/salda/lagenhet-2rum-bromma-mariehall-stockholms-kommun-annedalsvagen-54-2640580419580588138,69-70m²,2026-03-14T19:57:01.570557
6296497029268500340,https://www.hemnet.se/salda/lagenhet-3rum-skarsatra-lidingo-kommun-pyrolavagen-26-6296497029268500340,69-70m²,2026-03-14T19:57:01.570558
5159817130804448039,https://www.hemnet.se/salda/lagenhet-3rum-vastra-orminge-nacka-kommun-ormingeringen-36-5159817130804448039,69-70m²,2026-03-14T19:57:01.570559
1837829763954082704,https://www.hemnet.se/salda/lagenhet-3rum-eriksberg-uppsala-kommun-granitvagen-24a-1837829763954082704,69-70m²,2026-03-14T19:57:01.570560
8536499656208355501,https://www.hemnet.se/salda/lagenhet-3rum-kirseberg-malmo-kommun-sandbackegatan-7b-8536499656208355501,69-70m²,2026-03-14T19:57:01.570562
8834719707958477194,https://www.hemnet.se/salda/lagenhet-3rum-kungsangen-jonkopings-kommun-tellusgatan-3-8834719707958477194,69-70m²,2026-03-14T19:57:01.570563
2997213105871477016,https://www.hemnet.se/salda/lagenhet-3rum-hagsatra-stockholms-kommun-klockhammarsgrand-2-2997213105871477016,69-70m²,2026-03-14T19:57:01.570564
8268618164303631509,https://www.hemnet.se/salda/lagenhet-3rum-stureby-enskede-stockholms-kommun-skonviksvagen-303-8268618164303631509,69-70m²,2026-03-14T19:57:01.570566
5304600615573844706,https://www.hemnet.se/salda/lagenhet-2rum-centralt-norrkopings-kommun-tunnbindaregatan-30-5304600615573844706,69-70m²,2026-03-14T19:57:01.570567
5785668413230334184,https://www.hemnet.se/salda/lagenhet-2rum-fristad-boras-kommun-sodra-parkvagen-3k-5785668413230334184,69-70m²,2026-03-14T19:57:01.570568
6545222965082983590,https://www.hemnet.se/salda/lagenhet-2rum-bohus-ale-kommun-sorgardsvagen-14-6545222965082983590,69-70m²,2026-03-14T19:57:01.570569
8146930236146090292,https://www.hemnet.se/salda/lagenhet-2rum-jarvastaden-solna-kommun-lekparksgatan-2-8146930236146090292,69-70m²,2026-03-14T19:57:01.570571
8012409127313253914,https://www.hemnet.se/salda/lagenhet-3rum-farsna-norrtalje-kommun-farsnagatan-10b-8012409127313253914,69-70m²,2026-03-14T19:57:01.570572
8743616920615405154,"https://www.hemnet.se/salda/lagenhet-3rum-centralt,-trelleborg-trelleborgs-kommun-klorupsvagen-8a-8743616920615405154",69-70m²,2026-03-14T19:57:01.570573
8368050659674184639,https://www.hemnet.se/salda/lagenhet-3rum-jakobsberg-jarfalla-kommun-veckovagen-33-8368050659674184639,69-70m²,2026-03-14T19:57:01.570575
2012500945322716541,"https://www.hemnet.se/salda/lagenhet-3rum-bromma-mariehall-stockholms-kommun-alpvagen-20,-van-5-2012500945322716541",69-70m²,2026-03-14T19:57:01.570576
6336976011934817663,https://www.hemnet.se/salda/lagenhet-2rum-arenaparken-lunds-kommun-finalgatan-15c-6336976011934817663,69-70m²,2026-03-14T19:57:01.570577
2824295093666720264,https://www.hemnet.se/salda/lagenhet-2rum-vasastaden-goteborgs-kommun-erik-dahlbergsgatan-31a-2824295093666720264,69-70m²,2026-03-14T19:57:01.570579
7663089035519166170,https://www.hemnet.se/salda/lagenhet-3rum-rotebro-sollentuna-kommun-sturevagen-50b-7663089035519166170,69-70m²,2026-03-14T19:57:01.570580
2968818820754248450,https://www.hemnet.se/salda/lagenhet-3rum-are-by-are-kommun-kallvagen-13-2968818820754248450,69-70m²,2026-03-14T19:57:01.570581
2275421658378338094,"https://www.hemnet.se/salda/lagenhet-3rum-bromma-blackeberg-stockholms-kommun-holbergsgatan-106,-3-3tr-2275421658378338094",69-70m²,2026-03-14T19:57:01.570583
478937933012626282,https://www.hemnet.se/salda/lagenhet-3rum-kevinge-danderyds-kommun-kevingeringen-23-478937933012626282,69-70m²,2026-03-14T19:57:01.570584
7111907166251438659,https://www.hemnet.se/salda/lagenhet-2rum-centrum-uppsala-kommun-sankt-olofsgatan-28b-7111907166251438659,69-70m²,2026-03-14T19:57:01.570585
4638052032597829364,https://www.hemnet.se/salda/lagenhet-3rum-vallingby-grimsta-stockholms-kommun-kanngjutargrand-28-4638052032597829364,69-70m²,2026-03-14T19:57:01.570587
4658944887609924099,https://www.hemnet.se/salda/lagenhet-2rum-kusmark-skelleftea-kommun-halmgrand-9-4658944887609924099,69-70m²,2026-03-14T19:57:01.570588
8906949755476077743,"https://www.hemnet.se/salda/lagenhet-2rum-nacka-sickla-jarla-sjo-nacka-kommun-garverigrand-15,-5tr-8906949755476077743",69-70m²,2026-03-14T19:57:01.570589
3967847265050330275,https://www.hemnet.se/salda/lagenhet-2rum-centrum-ystads-kommun-thorssons-vag-15-3967847265050330275,69-70m²,2026-03-14T19:57:01.570591
2450208350761169907,https://www.hemnet.se/salda/lagenhet-2rum-henriksdalsberget-nacka-kommun-henriksdalsringen-109-2450208350761169907,69-70m²,2026-03-14T19:57:01.570592
611444042519911235,https://www.hemnet.se/salda/lagenhet-3rum-sodermalm-katarina-stockholms-kommun-asogatan-102-611444042519911235,69-70m²,2026-03-14T19:57:01.570593
5210538063896628206,https://www.hemnet.se/salda/lagenhet-2rum-alidhem-umea-kommun-kemigrand-21-5210538063896628206,69-70m²,2026-03-14T19:57:01.570595
2071767122625508645,https://www.hemnet.se/salda/lagenhet-2rum-ostermalm-stockholms-kommun-valhallavagen-50-2071767122625508645,69-70m²,2026-03-14T19:57:01.570596
2091187475625444378,https://www.hemnet.se/salda/lagenhet-3rum-ostberga-stockholms-kommun-stamgatan-24-2091187475625444378,69-70m²,2026-03-14T19:57:01.570597
2586521841953015470,https://www.hemnet.se/salda/lagenhet-3rum-centrala-hisingen-goteborgs-kommun-sven-agne-larssons-vag-1-2586521841953015470,69-70m²,2026-03-14T19:57:01.570599
4426733626883228343,https://www.hemnet.se/salda/lagenhet-3rum-centrala-hisingen-goteborgs-kommun-vindragaregatan-8c-4426733626883228343,69-70m²,2026-03-14T19:57:01.570600
6665785822796614776,https://www.hemnet.se/salda/lagenhet-3rum-ostberga-stockholms-kommun-stamgatan-46-6665785822796614776,69-70m²,2026-03-14T19:57:01.570601
6853406862766868745,https://www.hemnet.se/salda/lagenhet-3rum-hagalund-borlange-kommun-roda-vagen-17-6853406862766868745,69-70m²,2026-03-14T19:57:01.570603
3467553149605624768,https://www.hemnet.se/salda/lagenhet-2rum-bromma-blackeberg-stockholms-kommun-drachmannsgatan-34-3467553149605624768,69-70m²,2026-03-14T19:57:01.570604
5806136134739492664,https://www.hemnet.se/salda/lagenhet-4rum-klockarfjallet-harjedalens-kommun-vemdalsskalet-tysta-stigen-34b-5806136134739492664,69-70m²,2026-03-14T19:57:01.570606
8281004356850853747,https://www.hemnet.se/salda/lagenhet-2rum-husensjo-helsingborgs-kommun-husensjovagen-53c-8281004356850853747,69-70m²,2026-03-14T19:57:01.570607
1196080067630922301,https://www.hemnet.se/salda/lagenhet-3rum-strommensberg-goteborgs-kommun-kobergsgatan-13-1196080067630922301,69-70m²,2026-03-14T19:57:01.570608
7846236205099382782,https://www.hemnet.se/salda/lagenhet-3rum-hogsbo-goteborgs-kommun-marklandsgatan-69-7846236205099382782,69-70m²,2026-03-14T19:57:01.570610
7282112634818206668,https://www.hemnet.se/salda/lagenhet-3rum-taby-centrum-taby-kommun-stockholmsvagen-166c-7282112634818206668,69-70m²,2026-03-14T19:57:01.570611
8230314105704853588,https://www.hemnet.se/salda/lagenhet-3rum-dunteberget-motala-kommun-vinnerstadsvagen-17d-8230314105704853588,69-70m²,2026-03-14T19:57:01.570612
4800442474044505614,https://www.hemnet.se/salda/lagenhet-3rum-bjuv-bjuvs-kommun-varen-12b-4800442474044505614,69-70m²,2026-03-14T19:57:01.570614
933318586584733463,https://www.hemnet.se/salda/lagenhet-3rum-vasterhaninge-haninge-kommun-abylundsvagen-63-933318586584733463,69-70m²,2026-03-14T19:57:01.570615
837170157888854682,https://www.hemnet.se/salda/lagenhet-2rum-soderkulla-malmo-kommun-ormvraksgatan-46-837170157888854682,69-70m²,2026-03-14T19:57:01.570616
7800340070198230671,https://www.hemnet.se/salda/lagenhet-3rum-rotebro-sollentuna-kommun-vasavagen-80-b-7800340070198230671,69-70m²,2026-03-14T19:57:01.570617
8801774872413558932,https://www.hemnet.se/salda/lagenhet-2rum-hyllie-malmo-kommun-friggs-grand-14-8801774872413558932,69-70m²,2026-03-14T19:57:01.570619
4336287601219612472,https://www.hemnet.se/salda/lagenhet-3rum-gamlestaden-goteborgs-kommun-skaragatan-9a-4336287601219612472,69-70m²,2026-03-14T19:57:01.570620
546649681836860206,https://www.hemnet.se/salda/lagenhet-2rum-tyreso-tyreso-kommun-vidablicksvagen-62-546649681836860206,69-70m²,2026-03-14T19:57:01.570622
4789986517341396694,https://www.hemnet.se/salda/lagenhet-3rum-centralt-karlskoga-kommun-bohultsgatan-4a-4789986517341396694,69-70m²,2026-03-14T19:57:01.570623
5082645679170941577,https://www.hemnet.se/salda/lagenhet-2rum-kungsholmen-stockholms-kommun-fleminggatan-63-5082645679170941577,69-70m²,2026-03-14T19:57:01.570624
6266916368396070282,https://www.hemnet.se/salda/lagenhet-3rum-kungsholmen-thorildsplan-stockholms-kommun-kristinebergsvagen-50-6266916368396070282,69-70m²,2026-03-14T19:57:01.570625
195263308568837329,https://www.hemnet.se/salda/lagenhet-3rum-centrum-trollhattans-kommun-spannmalsgatan-10a-195263308568837329,69-70m²,2026-03-14T19:57:01.570627
4488126303711442961,"https://www.hemnet.se/salda/lagenhet-2,5rum-gryta-vasteras-kommun-syrenvagen-121-4488126303711442961",69-70m²,2026-03-14T19:57:01.570628
6257750730906266346,"https://www.hemnet.se/salda/lagenhet-3rum-skrea-herting-hjortsberg-falkenbergs-kommun-hjortvagen-8,-lgh-nr-1604-6257750730906266346",69-70m²,2026-03-14T19:57:01.570630
1408042558988431105,https://www.hemnet.se/salda/lagenhet-3rum-slussen-falu-kommun-strandvagen-31a-1408042558988431105,69-70m²,2026-03-14T19:57:01.570631
741044021598355329,https://www.hemnet.se/salda/lagenhet-3rum-annestad-malmo-kommun-sadelmakarebyn-7b-741044021598355329,69-70m²,2026-03-14T19:57:01.570633
6173481905000568306,"https://www.hemnet.se/salda/lagenhet-3rum-skrea-herting-hjortsberg-falkenbergs-kommun-hjortvagen-8,-lgh-nr-1204-6173481905000568306",69-70m²,2026-03-14T19:57:01.570634
6575830686712035710,https://www.hemnet.se/salda/lagenhet-2rum-centralt-strommen-norrkopings-kommun-tunnbindaregatan-30-6575830686712035710,69-70m²,2026-03-14T19:57:01.570635
4288461232538465655,"https://www.hemnet.se/salda/lagenhet-2,5rum-sodermalm-katarina-sofia-stockholms-kommun-asogatan-198,-1tr-4288461232538465655",69-70m²,2026-03-14T19:57:01.570637
5069446782158290563,"https://www.hemnet.se/salda/lagenhet-3rum-rudviken-solna-c-solna-kommun-solgatan-36,-van-3-5069446782158290563",69-70m²,2026-03-14T19:57:01.570638
5264785301240617958,https://www.hemnet.se/salda/lagenhet-3rum-varby-huddinge-kommun-lammholmsbacken-215-5264785301240617958,69-70m²,2026-03-14T19:57:01.570639
6432445343017750635,https://www.hemnet.se/salda/lagenhet-2rum-vaxjo-teleborg-vaxjo-kommun-skiftesvagen-29-6432445343017750635,69-70m²,2026-03-14T19:57:01.570641
9171226390221251474,https://www.hemnet.se/salda/lagenhet-4rum-are-by-are-kommun-arevagen-130b-9171226390221251474,69-70m²,2026-03-14T19:57:01.570642
403117613210501390,https://www.hemnet.se/salda/lagenhet-2rum-ruddalen-goteborgs-kommun-musikvagen-6a-403117613210501390,69-70m²,2026-03-14T19:57:01.570643
5055097534071839142,https://www.hemnet.se/salda/lagenhet-3rum-kabo-uppsala-kommun-dobelnsgatan-1b-5055097534071839142,69-70m²,2026-03-14T19:57:01.570644
6147730420119845851,https://www.hemnet.se/salda/lagenhet-4rum-spanga-bromsten-stockholms-kommun-erik-tegels-vag-25-6147730420119845851,69-70m²,2026-03-14T19:57:01.570646
359122290299421175,https://www.hemnet.se/salda/lagenhet-2rum-trollbacken-tyreso-kommun-liljegrand-30-359122290299421175,69-70m²,2026-03-14T19:57:01.570647
1575732933640535876,"https://www.hemnet.se/salda/lagenhet-3rum-vasastan-stockholms-kommun-idungatan-5,-1tr-1575732933640535876",69-70m²,2026-03-14T19:57:01.570648
8019510494611285028,https://www.hemnet.se/salda/lagenhet-4rum-klappen-malung-salens-kommun-klappgatan-1226a-8019510494611285028,69-70m²,2026-03-14T19:57:01.570649
5628723050338994648,https://www.hemnet.se/salda/lagenhet-3rum-norra-djurgardsstaden-stockholms-kommun-settergatan-8-5628723050338994648,69-70m²,2026-03-14T19:57:01.570651
1160573869881980046,https://www.hemnet.se/salda/lagenhet-3rum-brunnsang-sodertalje-kommun-elsarostigen-4-1160573869881980046,69-70m²,2026-03-14T19:57:01.570652
6655781865375837743,https://www.hemnet.se/salda/lagenhet-3rum-gideonsberg-vasteras-kommun-blomstergatan-4-6655781865375837743,69-70m²,2026-03-14T19:57:01.570653
8944942975561697652,"https://www.hemnet.se/salda/lagenhet-2rum-vasastan-vasaparken-stockholms-kommun-observatoriegatan-14,-4tr-8944942975561697652",69-70m²,2026-03-14T19:57:01.570654
1761117166169120307,https://www.hemnet.se/salda/lagenhet-3rum-gunsta-uppsala-kommun-hjulaxelvagen-74-1761117166169120307,69-70m²,2026-03-14T19:57:01.570656
8078866431572704738,https://www.hemnet.se/salda/lagenhet-3rum-dalaplan-malmo-kommun-smalandsgatan-19a-8078866431572704738,69-70m²,2026-03-14T19:57:01.570657
3589155713360485331,https://www.hemnet.se/salda/lagenhet-3rum-hedemora-hedemora-kommun-stationsgatan-16a-3589155713360485331,69-70m²,2026-03-14T19:57:01.570658
3764206218579378094,https://www.hemnet.se/salda/lagenhet-3rum-centrum-alingsas-kommun-gardesgatan-11-3764206218579378094,69-70m²,2026-03-14T19:57:01.570659
5027374647278620204,https://www.hemnet.se/salda/lagenhet-3rum-granlunda-trelleborgs-kommun-borgmastaregatan-1c-5027374647278620204,69-70m²,2026-03-14T19:57:01.570661
8518581288844666837,https://www.hemnet.se/salda/lagenhet-3rum-taby-centrum-taby-kommun-goran-elgfelts-gata-1-a-8518581288844666837,69-70m²,2026-03-14T19:57:01.570662
6099134627040629656,"https://www.hemnet.se/salda/lagenhet-2rum-nacka-strand-nacka-kommun-augustendalsvagen-24,-van-4-6099134627040629656",69-70m²,2026-03-14T19:57:01.570663
8893079007177803265,https://www.hemnet.se/salda/lagenhet-3rum-kviberg-goteborgs-kommun-generalsgatan-8-8893079007177803265,69-70m²,2026-03-14T19:57:01.570664
7586390231911824863,https://www.hemnet.se/salda/lagenhet-3rum-bramaregarden-goteborgs-kommun-myntgatan-15b-7586390231911824863,69-70m²,2026-03-14T19:57:01.570666
2756672587509571544,"https://www.hemnet.se/salda/lagenhet-3rum-bromma-mariehall-stockholms-kommun-alpvagen-20,-van-7-7-2756672587509571544",69-70m²,2026-03-14T19:57:01.570667
3511612658705908904,https://www.hemnet.se/salda/lagenhet-3rum-tolered-goteborgs-kommun-scholandersgatan-1e-3511612658705908904,69-70m²,2026-03-14T19:57:01.570668
6338002922682626751,https://www.hemnet.se/salda/lagenhet-3rum-lonngarden-malmo-kommun-uddeholmsgatan-32c-6338002922682626751,69-70m²,2026-03-14T19:57:01.570670
1692985585772627215,https://www.hemnet.se/salda/lagenhet-3rum-brunnshog-lunds-kommun-solbjerstorget-2-1692985585772627215,69-70m²,2026-03-14T19:57:01.570671
9131242931572610794,https://www.hemnet.se/salda/lagenhet-3rum-gideonsberg-vasteras-kommun-blomstergatan-10-9131242931572610794,69-70m²,2026-03-14T19:57:01.570672
2374772495293443741,https://www.hemnet.se/salda/lagenhet-2rum-karrdal-sollentuna-kommun-lomvagen-659-2374772495293443741,69-70m²,2026-03-14T19:57:01.570673
5029638548860515368,https://www.hemnet.se/salda/lagenhet-3rum-biskopsgarden-goteborgs-kommun-onskevadersgatan-13-5029638548860515368,69-70m²,2026-03-14T19:57:01.570675
5567141905959402559,https://www.hemnet.se/salda/lagenhet-3rum-telefonplan-stockholms-kommun-snickerigatan-11-5567141905959402559,69-70m²,2026-03-14T19:57:01.570676
1261178505757635197,"https://www.hemnet.se/salda/lagenhet-3rum-kungsholmen-stockholms-kommun-celsiusgatan-5,-2,5tr-1261178505757635197",69-70m²,2026-03-14T19:57:01.570677
8856381768063328521,https://www.hemnet.se/salda/lagenhet-3rum-uttran-botkyrka-kommun-kyrkvardsplan-6-8856381768063328521,69-70m²,2026-03-14T19:57:01.570679
1458621775270185683,"https://www.hemnet.se/salda/lagenhet-3rum-skrea-herting-hjortsberg-falkenbergs-kommun-hjortvagen-8,-lgh-nr-1104-1458621775270185683",69-70m²,2026-03-14T19:57:01.570680
6195860412686593673,https://www.hemnet.se/salda/lagenhet-3rum-sankt-jorgen-goteborgs-kommun-sankt-jorgens-vag-28a-6195860412686593673,69-70m²,2026-03-14T19:57:01.570681
2326896312413784737,https://www.hemnet.se/salda/lagenhet-2rum-ling-uppsala-kommun-lings-vag-57-2326896312413784737,69-70m²,2026-03-14T19:57:01.570683
19272222476428939,https://www.hemnet.se/salda/lagenhet-3rum-nya-staden-lidkopings-kommun-esplanaden-5d-19272222476428939,69-70m²,2026-03-14T19:57:01.570684
7674592081560439903,https://www.hemnet.se/salda/lagenhet-2rum-kolback-hallstahammars-kommun-stationsgatan-6b-7674592081560439903,69-70m²,2026-03-14T19:57:01.570685
2407651208796638336,"https://www.hemnet.se/salda/lagenhet-3rum-bastad-bastads-kommun-aromavagen-54,-lgh-1102-2407651208796638336",69-70m²,2026-03-14T19:57:01.570687
1376468616053030337,https://www.hemnet.se/salda/lagenhet-3rum-orrangen-oskarshamns-kommun-kyrkogardsgatan-14f-1376468616053030337,69-70m²,2026-03-14T19:57:01.570688
2202773831866987010,"https://www.hemnet.se/salda/lagenhet-3rum-vasastan-odenplan-stockholms-kommun-hagagatan-30,-2-tr-2202773831866987010",69-70m²,2026-03-14T19:57:01.570689
174040084687699157,"https://www.hemnet.se/salda/lagenhet-3rum-stureby-enskede-stockholms-kommun-skonviksvagen-305,-2-tr-174040084687699157",69-70m²,2026-03-14T19:57:01.570690
2051647710216320825,https://www.hemnet.se/salda/lagenhet-3rum-bandhagen-hogdalen-stockholms-kommun-skebokvarnsvagen-292-2051647710216320825,69-70m²,2026-03-14T19:57:01.570692
4423165000732099430,https://www.hemnet.se/salda/lagenhet-2rum-storvreta-uppsala-kommun-morgonvagen-30-4423165000732099430,69-70m²,2026-03-14T19:57:01.570693
323225626901458517,https://www.hemnet.se/salda/lagenhet-2rum-city-malmo-kommun-carlsgatan-33b-323225626901458517,69-70m²,2026-03-14T19:57:01.570694
7847235524453922259,"https://www.hemnet.se/salda/lagenhet-2,5rum-norr-orebro-kommun-rynningegatan-2b-7847235524453922259",69-70m²,2026-03-14T19:57:01.570695
7805925234406406992,https://www.hemnet.se/salda/lagenhet-3rum-kvarnholmen-nacka-kommun-kvarnholmsvagen-96-7805925234406406992,69-70m²,2026-03-14T19:57:01.570697
1353164747284349922,"https://www.hemnet.se/salda/lagenhet-2,5rum-vasastan-stockholms-kommun-torsgatan-71-1353164747284349922",69-70m²,2026-03-14T19:57:01.570698
6712038092646866046,https://www.hemnet.se/salda/lagenhet-3rum-torslanda-lilleby-goteborgs-kommun-nya-alvegardsvagen-15-6712038092646866046,69-70m²,2026-03-14T19:57:01.570699
8563182442500300498,https://www.hemnet.se/salda/lagenhet-2rum-alliero-sundsvalls-kommun-ludvigsbergsvagen-22b-8563182442500300498,69-70m²,2026-03-14T19:57:01.570701
3299682055100077373,https://www.hemnet.se/salda/lagenhet-3rum-sodermalm-nytorget-stockholms-kommun-sodermannagatan-21-3299682055100077373,69-70m²,2026-03-14T19:57:01.570702
6548075525123200371,"https://www.hemnet.se/salda/lagenhet-2rum-grondal-stockholms-kommun-sjobjornsvagen-1,-5tr-6548075525123200371",69-70m²,2026-03-14T19:57:01.570703
7292752976019742108,https://www.hemnet.se/salda/lagenhet-3rum-kvarnbergsplan-huddinge-kommun-solfagravagen-13-7292752976019742108,69-70m²,2026-03-14T19:57:01.570704
319241880126836794,https://www.hemnet.se/salda/lagenhet-2rum-hallstavik-norrtalje-kommun-ljungvagen-12a-319241880126836794,69-70m²,2026-03-14T19:57:01.570706
9200600184501255050,https://www.hemnet.se/salda/lagenhet-3rum-karrtorp-stockholms-kommun-arkovagen-1-9200600184501255050,69-70m²,2026-03-14T19:57:01.570707
4448049535089536132,https://www.hemnet.se/salda/lagenhet-3rum-stureby-stockholms-kommun-tussmotevagen-192-b-4448049535089536132,69-70m²,2026-03-14T19:57:01.570708
6643626854874113849,"https://www.hemnet.se/salda/lagenhet-3rum-hornsbergs-strand-stockholms-kommun-franzengatan-80,-8-tr-6643626854874113849",69-70m²,2026-03-14T19:57:01.570710
6774698560703995819,https://www.hemnet.se/salda/lagenhet-2rum-skultorp-skovde-kommun-klagstorpsvagen-33d-6774698560703995819,69-70m²,2026-03-14T19:57:01.570711
585181737731014558,https://www.hemnet.se/salda/lagenhet-3rum-centrum-varnamo-kommun-flintgatan-7-f-585181737731014558,69-70m²,2026-03-14T19:57:01.570712
1544567506294985428,https://www.hemnet.se/salda/lagenhet-2rum-bohus-ale-kommun-sorgardsvagen-4-1544567506294985428,69-70m²,2026-03-14T19:57:01.570713
5099244739236191833,https://www.hemnet.se/salda/lagenhet-3rum-bulltofta-malmo-kommun-ahrenbergsgatan-12-5099244739236191833,69-70m²,2026-03-14T19:57:01.570715
944559001493391531,https://www.hemnet.se/salda/lagenhet-3rum-ulricehamn-ulricehamns-kommun-malmgrensgatan-2-a-944559001493391531,69-70m²,2026-03-14T19:57:01.570716
2575613246778454653,https://www.hemnet.se/salda/lagenhet-2rum-jeppsagard-staffanstorps-kommun-jeppsagard-8a-2575613246778454653,69-70m²,2026-03-14T19:57:01.570717
828995305939482077,"https://www.hemnet.se/salda/lagenhet-2rum-ostermalm-stockholms-kommun-brahegatan-39,-entreplan-828995305939482077",69-70m²,2026-03-14T19:57:01.570719
3121358344568830984,https://www.hemnet.se/salda/lagenhet-3rum-gruvlyckan-karlstads-kommun-gruvgangen-85-3121358344568830984,69-70m²,2026-03-14T19:57:01.570720
482606081291166546,https://www.hemnet.se/salda/lagenhet-3rum-fruangen-stockholms-kommun-lotta-svards-grand-16-482606081291166546,69-70m²,2026-03-14T19:57:01.570721
3392564026975262966,https://www.hemnet.se/salda/lagenhet-3rum-kolla-parkstad-kungsbacka-kommun-onyxvagen-2-3392564026975262966,69-70m²,2026-03-14T19:57:01.570722
4650945006455283483,https://www.hemnet.se/salda/lagenhet-3rum-lorensberg-goteborgs-kommun-tegnersgatan-21-4650945006455283483,69-70m²,2026-03-14T19:57:01.570724
5985565131522120704,https://www.hemnet.se/salda/lagenhet-3rum-baggeby-lidingo-kommun-baggebytorget-1-5985565131522120704,69-70m²,2026-03-14T19:57:01.570725
3940378430006428463,https://www.hemnet.se/salda/lagenhet-3rum-kalleback-goteborgs-kommun-graddgatan-7-3940378430006428463,69-70m²,2026-03-14T19:57:01.570726
395619762952187237,https://www.hemnet.se/salda/lagenhet-3rum-bandhagen-hogdalen-stockholms-kommun-harpsundsvagen-103-395619762952187237,69-70m²,2026-03-14T19:57:01.570727
4354916036560872341,https://www.hemnet.se/salda/lagenhet-3rum-gotalunden-trollhattans-kommun-kaflegatan-7c-4354916036560872341,69-70m²,2026-03-14T19:57:01.570729
1766151862922021002,https://www.hemnet.se/salda/lagenhet-3rum-astorp-astorps-kommun-storgatan-4b-1766151862922021002,69-70m²,2026-03-14T19:57:01.570730
3273706447879855827,https://www.hemnet.se/salda/lagenhet-2rum-haninge-haninge-kommun-vallavagen-201-3273706447879855827,69-70m²,2026-03-14T19:57:01.570731
3881456838139999362,https://www.hemnet.se/salda/lagenhet-3rum-ronninge-salems-kommun-skogsrovagen-7-3881456838139999362,69-70m²,2026-03-14T19:57:01.570732
4709495402319244159,https://www.hemnet.se/salda/lagenhet-2rum-centralt-arboga-kommun-skepparegrand-12-c-4709495402319244159,69-70m²,2026-03-14T19:57:01.570734
8423252855930303746,https://www.hemnet.se/salda/lagenhet-3rum-berghem-umea-kommun-nydalavagen-12-8423252855930303746,69-70m²,2026-03-14T19:57:01.570735
7516789841606195843,"https://www.hemnet.se/salda/lagenhet-3rum-vallingby-centrum-stockholms-kommun-arevagen-13,-2-tr-7516789841606195843",69-70m²,2026-03-14T19:57:01.570736
927102663673709483,https://www.hemnet.se/salda/lagenhet-3rum-bromma-blackeberg-stockholms-kommun-wergelandsgatan-34-927102663673709483,69-70m²,2026-03-14T19:57:01.570738
5755364485841830928,https://www.hemnet.se/salda/lagenhet-3rum-hogsbo-goteborgs-kommun-sjupundsgatan-41-5755364485841830928,69-70m²,2026-03-14T19:57:01.570739
7224563805413089115,https://www.hemnet.se/salda/lagenhet-2rum-nobel-malmo-kommun-lantmannagatan-3b-7224563805413089115,69-70m²,2026-03-14T19:57:01.570740
3068716149374592013,https://www.hemnet.se/salda/lagenhet-3rum-vendelso-haninge-kommun-vendelsomalmsvagen-193-3068716149374592013,69-70m²,2026-03-14T19:57:01.570741
470560298299453426,https://www.hemnet.se/salda/lagenhet-3rum-bjorndammen-partille-kommun-bisittarevagen-32-470560298299453426,69-70m²,2026-03-14T19:57:01.570743
3851075298841173735,https://www.hemnet.se/salda/lagenhet-3rum-kungsholmen-stockholms-kommun-pontonjargatan-5-3851075298841173735,69-70m²,2026-03-14T19:57:01.570744
1938443943484632884,https://www.hemnet.se/salda/lagenhet-3rum-tegefjall-are-kommun-kyrkangesvagen-6e-1938443943484632884,69-70m²,2026-03-14T19:57:01.570745
7266476039092697767,https://www.hemnet.se/salda/lagenhet-3rum-gamlestaden-goteborgs-kommun-gotaholmsgatan-25-7266476039092697767,69-70m²,2026-03-14T19:57:01.570746
1550992483144555508,https://www.hemnet.se/salda/lagenhet-3rum-skarsatra-lidingo-kommun-pyrolavagen-28-1550992483144555508,69-70m²,2026-03-14T19:57:01.570748
8196517335807654185,"https://www.hemnet.se/salda/lagenhet-3rum-nedre-gardet-stockholms-kommun-lojtnantsgatan-3,-7-trappor-8196517335807654185",69-70m²,2026-03-14T19:57:01.570749
9126564949253585934,https://www.hemnet.se/salda/lagenhet-3rum-centrala-vaxholm-vaxholms-kommun-hamngatan-43-9126564949253585934,69-70m²,2026-03-14T19:57:01.570750
2401883889804625664,"https://www.hemnet.se/salda/lagenhet-3,5rum-hasselby-gard-stockholms-kommun-loviselundsvagen-13,-lgh-54-2401883889804625664",69-70m²,2026-03-14T19:57:01.570751
4942635227075172373,https://www.hemnet.se/salda/lagenhet-3rum-alvsjo-gamla-ostberga-stockholms-kommun-stamgatan-8-4942635227075172373,69-70m²,2026-03-14T19:57:01.570753
3278745549725201105,https://www.hemnet.se/salda/lagenhet-2rum-saltsjoqvarn-nacka-kommun-sjokvarnsbacken-6-3278745549725201105,69-70m²,2026-03-14T19:57:01.570754
9002590231633002263,https://www.hemnet.se/salda/lagenhet-3rum-vastra-frolunda-goteborgs-kommun-topasgatan-72-9002590231633002263,69-70m²,2026-03-14T19:57:01.570755
7686615125646414149,https://www.hemnet.se/salda/lagenhet-3rum-telefonplan-midsommarkransen-stockholms-kommun-huvudfabriksgatan-2-7686615125646414149,69-70m²,2026-03-14T19:57:01.570757
5882782109460693155,https://www.hemnet.se/salda/lagenhet-3rum-inre-hamn-karlstads-kommun-kanikenasbanken-10-d-5882782109460693155,69-70m²,2026-03-14T19:57:01.570758
1196700221670393272,https://www.hemnet.se/salda/lagenhet-3rum-centrala-hisingen-goteborgs-kommun-fyrkloversgatan-11-1196700221670393272,69-70m²,2026-03-14T19:57:01.570760
3988140545592321349,"https://www.hemnet.se/salda/lagenhet-3rum-rasunda-solna-kommun-rasundavagen-160,-6tr-3988140545592321349",69-70m²,2026-03-14T19:57:01.570761
6796802891092894834,https://www.hemnet.se/salda/lagenhet-3rum-bromma-blackeberg-stockholms-kommun-sigrid-undsets-gata-24-6796802891092894834,69-70m²,2026-03-14T19:57:01.570762
3309425070514593702,https://www.hemnet.se/salda/lagenhet-3rum-gamla-ostberga-stockholms-kommun-stamgatan-35-3309425070514593702,69-70m²,2026-03-14T19:57:01.570764
1234855947073468259,https://www.hemnet.se/salda/lagenhet-3rum-sodermalm-sofia-stockholms-kommun-sodermannagatan-68-1234855947073468259,69-70m²,2026-03-14T19:57:01.570765
4372322276502492136,"https://www.hemnet.se/salda/lagenhet-2rum-lilla-essingen-stockholms-kommun-primusgatan-98,-4tr-4372322276502492136",69-70m²,2026-03-14T19:57:01.570767
2041805561142849507,https://www.hemnet.se/salda/lagenhet-3rum-arenastaden-solna-kommun-evenemangsgatan-40-2041805561142849507,69-70m²,2026-03-14T19:57:01.570768
2467575316021742240,https://www.hemnet.se/salda/lagenhet-3rum-norr-amals-kommun-laroverksgatan-17e-2467575316021742240,69-70m²,2026-03-14T19:57:01.570769
3381166333179672330,https://www.hemnet.se/salda/lagenhet-3rum-bulltofta-malmo-kommun-carl-flormansgatan-21-3381166333179672330,69-70m²,2026-03-14T19:57:01.570771
5933695174575795740,"https://www.hemnet.se/salda/lagenhet-2rum-sodermalm-stockholms-kommun-siargatan-11,-4-tr-5933695174575795740",69-70m²,2026-03-14T19:57:01.570772
6454206398982597664,https://www.hemnet.se/salda/lagenhet-3rum-vasastan-stockholms-kommun-tulegatan-33-6454206398982597664,69-70m²,2026-03-14T19:57:01.570774
2842662991013946892,"https://www.hemnet.se/salda/lagenhet-3rum-kevinge-danderyds-kommun-kevingeringen-12,-2-tr-2842662991013946892",69-70m²,2026-03-14T19:57:01.570775
2861087432614633144,https://www.hemnet.se/salda/lagenhet-2rum-centralt-sodermalm-orebro-kommun-sodermalmsallen-36-2861087432614633144,69-70m²,2026-03-14T19:57:01.570777
4912048552902735818,https://www.hemnet.se/salda/lagenhet-3rum-farsna-norrtalje-kommun-farsnagatan-8-e-4912048552902735818,69-70m²,2026-03-14T19:57:01.570778
2428032722165131342,https://www.hemnet.se/salda/lagenhet-3rum-norrmalm-stockholms-kommun-herkulesgatan-24-2428032722165131342,69-70m²,2026-03-14T19:57:01.570779
1637545805161989624,https://www.hemnet.se/salda/lagenhet-3rum-ulvsunda-stockholms-kommun-ulvsundavagen-44-1637545805161989624,69-70m²,2026-03-14T19:57:01.570781
1915355179732042281,https://www.hemnet.se/salda/lagenhet-2rum-viggestorp-finspangs-kommun-fridhemsvagen-27d-1915355179732042281,69-70m²,2026-03-14T19:57:01.570782
8394198629128987282,https://www.hemnet.se/salda/lagenhet-2rum-arenaparken-lunds-kommun-finalgatan-15c-8394198629128987282,69-70m²,2026-03-14T19:57:01.570783
222805591255925815,https://www.hemnet.se/salda/lagenhet-3rum-eskilstuna-norr-eskilstuna-kommun-vasbergsgatan-12a-222805591255925815,69-70m²,2026-03-14T19:57:01.570785
5819278884218537269,"https://www.hemnet.se/salda/lagenhet-2rum-jarntorget-85,-gamla-stan-stockholms-kommun-jarntorget-85-5819278884218537269",69-70m²,2026-03-14T19:57:01.570787
6367668720258991944,https://www.hemnet.se/salda/lagenhet-3rum-gideonsberg-vasteras-kommun-kungsljusgatan-13-6367668720258991944,69-70m²,2026-03-14T19:57:01.570788
4163467408723763091,https://www.hemnet.se/salda/lagenhet-3rum-kvarnholmen-nacka-kommun-kvarnholmsvagen-96-4163467408723763091,69-70m²,2026-03-14T19:57:01.570789
7546675598804265540,https://www.hemnet.se/salda/lagenhet-3rum-segevang-malmo-kommun-kronetorpsgatan-52a-7546675598804265540,69-70m²,2026-03-14T19:57:01.570791
2585187083648704991,https://www.hemnet.se/salda/lagenhet-3rum-orgryte-goteborgs-kommun-birkagatan-45c-2585187083648704991,69-70m²,2026-03-14T19:57:01.570792
6489529616183328356,https://www.hemnet.se/salda/lagenhet-3rum-riksten-botkyrka-kommun-flygarvagen-4-6489529616183328356,69-70m²,2026-03-14T19:57:01.570794
3419603206801207798,https://www.hemnet.se/salda/lagenhet-3rum-bosgarden-molndals-kommun-djaknegatan-3a-3419603206801207798,69-70m²,2026-03-14T19:57:01.570795
7257219563496831272,https://www.hemnet.se/salda/lagenhet-3rum-spanga-bromsten-stockholms-kommun-erik-tegels-vag-29-7257219563496831272,69-70m²,2026-03-14T19:57:01.570797
2128670954353489782,https://www.hemnet.se/salda/lagenhet-2rum-apoteksskogen-upplands-vasby-kommun-holmvagen-3-2128670954353489782,69-70m²,2026-03-14T19:57:01.570798
8636542719814068930,https://www.hemnet.se/salda/lagenhet-2rum-ranten-falkopings-kommun-sten-sturegatan-3i-8636542719814068930,69-70m²,2026-03-14T19:57:01.570800
961723586403262862,https://www.hemnet.se/salda/lagenhet-3rum-harnon-harnosands-kommun-salstensgrand-5-e-961723586403262862,69-70m²,2026-03-14T19:57:01.570801
4939510717082330433,https://www.hemnet.se/salda/lagenhet-3rum-ostanas-kopings-kommun-ostanasgatan-17-4939510717082330433,69-70m²,2026-03-14T19:57:01.570802
4126387510352215219,https://www.hemnet.se/salda/lagenhet-3rum-bosgarden-molndals-kommun-piltegatan-3b-4126387510352215219,69-70m²,2026-03-14T19:57:01.570804
7225547161698160251,https://www.hemnet.se/salda/lagenhet-3rum-sjobo-boras-kommun-bjorkhemsgatan-49-7225547161698160251,69-70m²,2026-03-14T19:57:01.570805
8389461765846904168,https://www.hemnet.se/salda/lagenhet-3rum-bro-rosenangarna-upplands-bro-kommun-vaxthusvagen-15-8389461765846904168,69-70m²,2026-03-14T19:57:01.570807
8944433021553463981,https://www.hemnet.se/salda/lagenhet-2rum-stenhagen-uppsala-kommun-stenhagsvagen-154-8944433021553463981,69-70m²,2026-03-14T19:57:01.570808
1461270772863069081,https://www.hemnet.se/salda/lagenhet-2rum-vasastaden-goteborgs-kommun-karl-gustavsgatan-7b-1461270772863069081,69-70m²,2026-03-14T19:57:01.570810
214891312472323818,https://www.hemnet.se/salda/lagenhet-3rum-haga-vasteras-kommun-haga-parkgata-23b-214891312472323818,69-70m²,2026-03-14T19:57:01.570812
8577747428469603791,https://www.hemnet.se/salda/lagenhet-2rum-hallunda-botkyrka-kommun-tre-kallors-vag-5-8577747428469603791,69-70m²,2026-03-14T19:57:01.570813
959683795395581602,https://www.hemnet.se/salda/lagenhet-2rum-backalyckan-jonkopings-kommun-asenvagen-2-959683795395581602,69-70m²,2026-03-14T19:57:01.570814
2544504179039774935,https://www.hemnet.se/salda/lagenhet-2rum-lund-centrum-lunds-kommun-bokbindaregatan-4-2544504179039774935,69-70m²,2026-03-14T19:57:01.570816
1193054578957543166,https://www.hemnet.se/salda/lagenhet-3rum-alvsjo-gamla-ostberga-stockholms-kommun-stamgatan-39-1193054578957543166,69-70m²,2026-03-14T19:57:01.570817
9037433004878423498,https://www.hemnet.se/salda/lagenhet-3rum-sickla-nacka-kommun-atlasvagen-39-9037433004878423498,69-70m²,2026-03-14T19:57:01.570819
990786453852686064,https://www.hemnet.se/salda/lagenhet-2rum-hisings-backa-goteborgs-kommun-sagogangen-11-990786453852686064,69-70m²,2026-03-14T19:57:01.570820
7488516645305351964,"https://www.hemnet.se/salda/lagenhet-3rum-rasunda-solna-kommun-tottvagen-4a,-bv-7488516645305351964",69-70m²,2026-03-14T19:57:01.570821
6913548710605576860,https://www.hemnet.se/salda/lagenhet-3rum-ostermalm-stockholms-kommun-karlavagen-121-6913548710605576860,69-70m²,2026-03-14T19:57:01.570823
6536106564130863828,https://www.hemnet.se/salda/lagenhet-2rum-onsala-kungsbacka-kommun-lilla-enens-vag-1a-6536106564130863828,69-70m²,2026-03-14T19:57:01.570824
3397287643108566656,https://www.hemnet.se/salda/lagenhet-3rum-sodra-brannan-harnosands-kommun-krokvagen-12b-3397287643108566656,69-70m²,2026-03-14T19:57:01.570825
383335229262853757,"https://www.hemnet.se/salda/lagenhet-2,5rum-vasastan-odenplan-stockholms-kommun-vegagatan-5-383335229262853757",69-70m²,2026-03-14T19:57:01.570827
5414242354844395255,https://www.hemnet.se/salda/lagenhet-3rum-paradiset-nybro-kommun-norra-langgatan-27a-5414242354844395255,69-70m²,2026-03-14T19:57:01.570828
7545734686553816242,https://www.hemnet.se/salda/lagenhet-3rum-nacka-strand-nacka-kommun-augustendalsvagen-26-7545734686553816242,69-70m²,2026-03-14T19:57:01.570830
3450897061739038513,https://www.hemnet.se/salda/lagenhet-2rum-orkelljunga-orkelljunga-kommun-ekholmsvagen-16-b-3450897061739038513,69-70m²,2026-03-14T19:57:01.570831
6307049852433967502,https://www.hemnet.se/salda/lagenhet-3rum-bulltofta-malmo-kommun-ahrenbergsgatan-12-6307049852433967502,69-70m²,2026-03-14T19:57:01.570832
138710172139317598,https://www.hemnet.se/salda/lagenhet-2rum-centralt-harjedalens-kommun-jamtlandsgatan-29c-138710172139317598,69-70m²,2026-03-14T19:57:01.570834
5442980931894803129,https://www.hemnet.se/salda/lagenhet-3rum-almedal-goteborgs-kommun-ebbe-lieberathsgatan-16a-5442980931894803129,69-70m²,2026-03-14T19:57:01.570835
3105861966501754092,https://www.hemnet.se/salda/lagenhet-3rum-centralt-strangnas-kommun-sundkarlsbacken-5b-3105861966501754092,69-70m²,2026-03-14T19:57:01.570836
642191125684933965,https://www.hemnet.se/salda/lagenhet-3rum-rikstens-friluftsstad-botkyrka-kommun-flygarvagen-4-642191125684933965,69-70m²,2026-03-14T19:57:01.570838
5960367800086407982,https://www.hemnet.se/salda/lagenhet-3rum-jarna-sodertalje-kommun-hagagatan-26-5960367800086407982,69-70m²,2026-03-14T19:57:01.570839
1160446488729174744,"https://www.hemnet.se/salda/lagenhet-3rum-vasastan-sibirien-stockholms-kommun-birger-jarlsgatan-103a,-3-tr-1160446488729174744",69-70m²,2026-03-14T19:57:01.570841
6321203960564042255,https://www.hemnet.se/salda/lagenhet-3rum-ostberga-stockholms-kommun-stamgatan-77-6321203960564042255,69-70m²,2026-03-14T19:57:01.570842
4377765626658486812,https://www.hemnet.se/salda/lagenhet-3rum-halsinggarden-falu-kommun-bjornbarsvagen-6d-4377765626658486812,69-70m²,2026-03-14T19:57:01.570843
8109526901741403153,https://www.hemnet.se/salda/lagenhet-2rum-kasernhojden-karlstads-kommun-kasernhojden-11b-8109526901741403153,69-70m²,2026-03-14T19:57:01.570845
8089643445827306168,https://www.hemnet.se/salda/lagenhet-2rum-centralt-eskilstuna-kommun-strandgatan-2a-8089643445827306168,69-70m²,2026-03-14T19:57:01.570846
7126744852795104314,https://www.hemnet.se/salda/lagenhet-2rum-nacka-strand-nacka-kommun-augustendalsvagen-30-7126744852795104314,69-70m²,2026-03-14T19:57:01.570847
3836351237026245219,https://www.hemnet.se/salda/lagenhet-3rum-vaxnas-karlstads-kommun-stenhagsgatan-4d-3836351237026245219,69-70m²,2026-03-14T19:57:01.570848
2994211884172348060,https://www.hemnet.se/salda/lagenhet-3rum-majorna-goteborgs-kommun-seglaregatan-19-2994211884172348060,69-70m²,2026-03-14T19:57:01.570850
1430129876425757093,https://www.hemnet.se/salda/lagenhet-3rum-bromma-beckomberga-stockholms-kommun-beckomberga-skogsvag-4-1430129876425757093,69-70m²,2026-03-14T19:57:01.570851
4760055540263675471,https://www.hemnet.se/salda/lagenhet-3rum-abolid-jonkopings-kommun-abolidsringen-74-4760055540263675471,69-70m²,2026-03-14T19:57:01.570853
385387621772010051,https://www.hemnet.se/salda/lagenhet-2rum-hyllie-malmo-kommun-friggs-grand-16-385387621772010051,69-70m²,2026-03-14T19:57:01.570854
6982007805798021346,"https://www.hemnet.se/salda/lagenhet-3rum-sodermalm-stockholms-kommun-fatburs-kvarngata-18,-3-tr-6982007805798021346",69-70m²,2026-03-14T19:57:01.570855
823585689155649843,https://www.hemnet.se/salda/lagenhet-3rum-hantverkarbacken-sandvikens-kommun-hantverkarbacken-13-823585689155649843,69-70m²,2026-03-14T19:57:01.570857
4585315840887396917,https://www.hemnet.se/salda/lagenhet-3rum-druvefors-boras-kommun-kyrkogardsgatan-15-4585315840887396917,69-70m²,2026-03-14T19:57:01.570858
2223302744093205755,https://www.hemnet.se/salda/lagenhet-3rum-ulricehamn-ulricehamns-kommun-borasvagen-17b-2223302744093205755,69-70m²,2026-03-14T19:57:01.570859
3906010527450158522,"https://www.hemnet.se/salda/lagenhet-2rum-arenastaden-solna-kommun-evenemangsgatan-10,-van-3-3906010527450158522",69-70m²,2026-03-14T19:57:01.570861
7669819731990280296,https://www.hemnet.se/salda/lagenhet-2rum-sodermalm-stockholms-kommun-fatburs-brunnsgata-28-7669819731990280296,69-70m²,2026-03-14T19:57:01.570862
6954596568202035461,https://www.hemnet.se/salda/lagenhet-2rum-nacka-strand-nacka-kommun-augustendalsvagen-24-6954596568202035461,69-70m²,2026-03-14T19:57:01.570863
3708087517768931307,https://www.hemnet.se/salda/lagenhet-3rum-kungsholmen-stockholms-kommun-pipersgatan-45-3708087517768931307,69-70m²,2026-03-14T19:57:01.570865
5168827048354560584,https://www.hemnet.se/salda/lagenhet-3rum-ostertalje-sodertalje-kommun-rimfrostvagen-13u-5168827048354560584,69-70m²,2026-03-14T19:57:01.570866
2648092859674544927,https://www.hemnet.se/salda/lagenhet-2rum-centralt-arvika-kommun-viksgatan-13-a-2648092859674544927,69-70m²,2026-03-14T19:57:01.570867
3406416603530575874,https://www.hemnet.se/salda/lagenhet-3rum-hovmantorp-lessebo-kommun-fiskaregatan-2b-3406416603530575874,69-70m²,2026-03-14T19:57:01.570869
5715698845121022267,https://www.hemnet.se/salda/lagenhet-3rum-centrum-uddevalla-kommun-stromstadsvagen-4c-5715698845121022267,69-70m²,2026-03-14T19:57:01.570870
4420583579028024185,"https://www.hemnet.se/salda/lagenhet-3,5rum-bagarmossen-stockholms-kommun-voxnegrand-4-4420583579028024185",69-70m²,2026-03-14T19:57:01.570871
9124075781338807878,https://www.hemnet.se/salda/lagenhet-3rum-ruddalen-goteborgs-kommun-basungatan-17-9124075781338807878,69-70m²,2026-03-14T19:57:01.570873
6777912305025974048,https://www.hemnet.se/salda/lagenhet-3rum-almhog-malmo-kommun-rodkullastigen-11-a-6777912305025974048,69-70m²,2026-03-14T19:57:01.570874
662870552852647383,https://www.hemnet.se/salda/lagenhet-3rum-helsingborg-centrum-helsingborgs-kommun-himmelriksgranden-4a-662870552852647383,69-70m²,2026-03-14T19:57:01.570875
1948417696277506696,https://www.hemnet.se/salda/lagenhet-3rum-orgryte-goteborgs-kommun-birkagatan-24c-1948417696277506696,69-70m²,2026-03-14T19:57:01.570876
3291737842313986279,https://www.hemnet.se/salda/lagenhet-3rum-knivsta-centralt-knivsta-kommun-lertagsvagen-23e-3291737842313986279,69-70m²,2026-03-14T19:57:01.570878
1413515629639926271,https://www.hemnet.se/salda/lagenhet-3rum-gamla-limhamn-malmo-kommun-ostra-ansgarigatan-95e-1413515629639926271,69-70m²,2026-03-14T19:57:01.570879
6295963014967828919,https://www.hemnet.se/salda/lagenhet-2rum-sodra-nynashamn-nynashamns-kommun-bogvagen-25-6295963014967828919,69-70m²,2026-03-14T19:57:01.570880
7040189298095607227,https://www.hemnet.se/salda/lagenhet-3rum-bagarmossen-stockholms-kommun-voxnegrand-17-7040189298095607227,69-70m²,2026-03-14T19:57:01.570882
2414041716283145994,https://www.hemnet.se/salda/lagenhet-3rum-karlstorp-trollhattans-kommun-karlstorpsvagen-95-2414041716283145994,69-70m²,2026-03-14T19:57:01.570883
8705771321227754033,https://www.hemnet.se/salda/lagenhet-3rum-lindholmen-goteborgs-kommun-lindholmsallen-22b-8705771321227754033,69-70m²,2026-03-14T19:57:01.570884
2655507362690183312,https://www.hemnet.se/salda/lagenhet-3rum-ljungby-ljungby-kommun-harabergsgatan-3a-2655507362690183312,69-70m²,2026-03-14T19:57:01.570885
53177022036794150,https://www.hemnet.se/salda/lagenhet-3rum-sjobo-boras-kommun-barnhemsgatan-26-53177022036794150,69-70m²,2026-03-14T19:57:01.570886
3312713349753013694,https://www.hemnet.se/salda/lagenhet-2rum-trosso-karlskrona-kommun-ronnebygatan-9d-3312713349753013694,69-70m²,2026-03-14T19:57:01.570888
8189885945085949951,https://www.hemnet.se/salda/lagenhet-3rum-jakobsberg-jarfalla-kommun-manadsvagen-36-8189885945085949951,69-70m²,2026-03-14T19:57:01.570889
5732583287135426205,https://www.hemnet.se/salda/lagenhet-3rum-ostersund-ostersunds-kommun-norra-torlandsgatan-15b-5732583287135426205,69-70m²,2026-03-14T19:57:01.570890
822939883561898032,https://www.hemnet.se/salda/lagenhet-2rum-centralt-linkopings-kommun-nygatan-46-822939883561898032,69-70m²,2026-03-14T19:57:01.570891
4059607197806738811,https://www.hemnet.se/salda/lagenhet-2rum-almedal-johanneberg-goteborgs-kommun-thorburnsgatan-4-4059607197806738811,69-70m²,2026-03-14T19:57:01.570894
3350763458950864357,https://www.hemnet.se/salda/lagenhet-3rum-nyckelberget-kopings-kommun-mariebergsgatan-28b-3350763458950864357,69-70m²,2026-03-14T19:57:01.570895
1838114377777103440,https://www.hemnet.se/salda/lagenhet-3rum-paradiset-nybro-kommun-jakobsgatan-32a-1838114377777103440,69-70m²,2026-03-14T19:57:01.570897
6665292998615992408,https://www.hemnet.se/salda/lagenhet-3rum-segevang-malmo-kommun-kronetorpsgatan-64f-6665292998615992408,69-70m²,2026-03-14T19:57:01.570898
3111751990697747672,https://www.hemnet.se/salda/lagenhet-2rum-korsta-sundsvalls-kommun-klippgatan-27-3111751990697747672,69-70m²,2026-03-14T19:57:01.570900
1287756726015801526,https://www.hemnet.se/salda/lagenhet-3rum-norrgard-kalmar-kommun-stagneliusgatan-20c-1287756726015801526,69-70m²,2026-03-14T19:57:01.570901
2284702983952330842,"https://www.hemnet.se/salda/lagenhet-2,5rum-hallstahammar-hallstahammars-kommun-osttunagatan-5-2284702983952330842",69-70m²,2026-03-14T19:57:01.570902
2389304438893669580,"https://www.hemnet.se/salda/lagenhet-2,5rum-kungsholmen-stockholms-kommun-hjarnegatan-8,-1-tr-2389304438893669580",69-70m²,2026-03-14T19:57:01.570904
6978335525006869526,https://www.hemnet.se/salda/lagenhet-2rum-bohuslan-uddevalla-kommun-ostanvindsvagen-4-6978335525006869526,69-70m²,2026-03-14T19:57:01.570905
5833784606411949955,https://www.hemnet.se/salda/lagenhet-3rum-hofors-centralt-hofors-kommun-ronningsgatan-31a-5833784606411949955,69-70m²,2026-03-14T19:57:01.570906
373314786472890906,https://www.hemnet.se/salda/lagenhet-2rum-gottsunda-uppsala-kommun-cellovagen-118-373314786472890906,69-70m²,2026-03-14T19:57:01.570907
9139042227063913326,https://www.hemnet.se/salda/lagenhet-3rum-vastra-hamnen-malmo-kommun-einar-hansens-esplanad-30a-9139042227063913326,69-70m²,2026-03-14T19:57:01.570909
5722917475500955453,https://www.hemnet.se/salda/lagenhet-3rum-aspudden-stockholms-kommun-fageltorget-167-5722917475500955453,69-70m²,2026-03-14T19:57:01.570910
841545317984988163,https://www.hemnet.se/salda/lagenhet-3rum-bromma-blackeberg-stockholms-kommun-sigrid-undsets-gata-24-841545317984988163,69-70m²,2026-03-14T19:57:01.570911
4325446995361695301,https://www.hemnet.se/salda/lagenhet-2rum-city-malmo-kommun-carlsgatan-33b-4325446995361695301,69-70m²,2026-03-14T19:57:01.570913
311688259768937528,https://www.hemnet.se/salda/lagenhet-3rum-centrum-halmstads-kommun-karlsrovagen-8-311688259768937528,69-70m²,2026-03-14T19:57:01.570914
9020548058387869282,"https://www.hemnet.se/salda/lagenhet-2rum-vasastan-stockholms-kommun-surbrunnsgatan-54,-2tr-9020548058387869282",69-70m²,2026-03-14T19:57:01.570915
364439671336194185,https://www.hemnet.se/salda/lagenhet-3rum-bromma-blackeberg-stockholms-kommun-holbergsgatan-90-364439671336194185,69-70m²,2026-03-14T19:57:01.570916
1075655684536960365,https://www.hemnet.se/salda/lagenhet-2rum-vasastaden-stockholms-kommun-idungatan-5-1075655684536960365,69-70m²,2026-03-14T19:57:01.570918
1925827527328375476,https://www.hemnet.se/salda/lagenhet-3rum-biskopsgarden-goteborgs-kommun-onskevadersgatan-37-1925827527328375476,69-70m²,2026-03-14T19:57:01.570919
3224344142676794719,"https://www.hemnet.se/salda/lagenhet-2,5rum-myrangen-huddinge-kommun-kortvingevagen-1d-3224344142676794719",69-70m²,2026-03-14T19:57:01.570920
5839743859581597677,"https://www.hemnet.se/salda/lagenhet-2,5rum-vasastan-vasaparken-stockholms-kommun-sigtunagatan-16-5839743859581597677",69-70m²,2026-03-14T19:57:01.570922
5791331811578729154,https://www.hemnet.se/salda/lagenhet-3rum-centralt-sandvikens-kommun-sveavagen-14b-5791331811578729154,69-70m²,2026-03-14T19:57:01.570923
1446088899220754501,https://www.hemnet.se/salda/lagenhet-3rum-hagalund-borlange-kommun-engelbrektsgatan-30d-1446088899220754501,69-70m²,2026-03-14T19:57:01.570924
44076626575973221,https://www.hemnet.se/salda/lagenhet-3rum-trosa-trosa-kommun-byggvagen-13e-44076626575973221,69-70m²,2026-03-14T19:57:01.570925
6092474727267334904,https://www.hemnet.se/salda/lagenhet-3rum-molndal-bosgarden-molndals-kommun-piltegatan-5-b-6092474727267334904,69-70m²,2026-03-14T19:57:01.570927
3947707903173067394,https://www.hemnet.se/salda/lagenhet-3rum-huvudsta-solna-kommun-slaggbacken-3-3947707903173067394,69-70m²,2026-03-14T19:57:01.570928
2852231028335416353,"https://www.hemnet.se/salda/lagenhet-2rum-katarina-stockholms-kommun-asogatan-104,-3tr-2852231028335416353",69-70m²,2026-03-14T19:57:01.570930
4572970135388494397,https://www.hemnet.se/salda/lagenhet-3rum-druvefors-boras-kommun-kyrkogardsgatan-12-4572970135388494397,69-70m²,2026-03-14T19:57:01.570931
6480926062015958263,https://www.hemnet.se/salda/lagenhet-2rum-linnestaden-goteborgs-kommun-nordhemsgatan-74a-6480926062015958263,69-70m²,2026-03-14T19:57:01.570932
1858449622007932928,"https://www.hemnet.se/salda/lagenhet-3rum-bandhagen-stockholms-kommun-skeppstavagen-23,-van-1-1858449622007932928",69-70m²,2026-03-14T19:57:01.570933
912233473422299477,https://www.hemnet.se/salda/lagenhet-2rum-kasernhojden-karlstads-kommun-kasernhojden-13a-912233473422299477,69-70m²,2026-03-14T19:57:01.570935
1517240619834895971,https://www.hemnet.se/salda/lagenhet-3rum-avesta-avesta-kommun-myrgatan-40b-1517240619834895971,69-70m²,2026-03-14T19:57:01.570936
8960904829717155895,https://www.hemnet.se/salda/lagenhet-3rum-filipstad-filipstads-kommun-hantverksgatan-16-b-8960904829717155895,69-70m²,2026-03-14T19:57:01.570937
7683501070128932198,https://www.hemnet.se/salda/lagenhet-3rum-trangsund-huddinge-kommun-tornslingan-47-7683501070128932198,69-70m²,2026-03-14T19:57:01.570939
5439929715879961867,https://www.hemnet.se/salda/lagenhet-3rum-kapellgardet-uppsala-kommun-rabyvagen-80-5439929715879961867,69-70m²,2026-03-14T19:57:01.570940
8124144640029772841,https://www.hemnet.se/salda/lagenhet-3rum-gardet-mariestads-kommun-hertig-karls-gata-15-8124144640029772841,69-70m²,2026-03-14T19:57:01.570941
2617713027300950449,https://www.hemnet.se/salda/lagenhet-4rum-bjornrike-harjedalens-kommun-bjornrike-ovre-tallstigan-4a-2617713027300950449,69-70m²,2026-03-14T19:57:01.570942
1421443452530609778,https://www.hemnet.se/salda/lagenhet-3rum-kungsholmen-fridhemsplan-stockholms-kommun-fridhemsgatan-62-1421443452530609778,69-70m²,2026-03-14T19:57:01.570944
4231098831033766548,https://www.hemnet.se/salda/lagenhet-3rum-edsberg-sollentuna-kommun-ribbings-vag-18b-4231098831033766548,69-70m²,2026-03-14T19:57:01.570945
2884279472386117867,https://www.hemnet.se/salda/lagenhet-3rum-vasterhaninge-abylund-haninge-kommun-kvartarvagen-135-2884279472386117867,69-70m²,2026-03-14T19:57:01.570947
6339484925912230949,https://www.hemnet.se/salda/lagenhet-3rum-vastra-hamnen-malmo-kommun-marsgrand-19-6339484925912230949,69-70m²,2026-03-14T19:57:01.570948
4285733321464069044,https://www.hemnet.se/salda/lagenhet-3rum-eskilstuna-soder-eskilstuna-kommun-kopmangatan-28-4285733321464069044,69-70m²,2026-03-14T19:57:01.570949
6759864263753052039,https://www.hemnet.se/salda/lagenhet-3rum-centrum-oxelosunds-kommun-sjogatan-10a-6759864263753052039,69-70m²,2026-03-14T19:57:01.570950
5356158139907448544,https://www.hemnet.se/salda/lagenhet-3rum-trangsund-huddinge-kommun-tornslingan-45-5356158139907448544,69-70m²,2026-03-14T19:57:01.570952
3037644160806301320,https://www.hemnet.se/salda/lagenhet-3rum-centrum-enkopings-kommun-torggatan-18a-3037644160806301320,69-70m²,2026-03-14T19:57:01.570953
3255709372660991542,https://www.hemnet.se/salda/lagenhet-2rum-tannefors-linkopings-kommun-gamla-tanneforsvagen-84c-3255709372660991542,69-70m²,2026-03-14T19:57:01.570954
322713120178215907,https://www.hemnet.se/salda/lagenhet-2rum-kvissleby-sundsvalls-kommun-alvgatan-14b-322713120178215907,69-70m²,2026-03-14T19:57:01.570955
5536449922625092244,https://www.hemnet.se/salda/lagenhet-3rum-paradiset-almhults-kommun-vinbarsvagen-11d-5536449922625092244,69-70m²,2026-03-14T19:57:01.570957
3508268778030668215,https://www.hemnet.se/salda/lagenhet-2rum-rorsjostaden-malmo-kommun-stenbocksgatan-2-3508268778030668215,69-70m²,2026-03-14T19:57:01.570958
5829850725824832086,https://www.hemnet.se/salda/lagenhet-3rum-ludvika-marnas-ludvika-kommun-ostra-storgatan-30a-5829850725824832086,69-70m²,2026-03-14T19:57:01.570959
1478379863084439108,https://www.hemnet.se/salda/lagenhet-4rum-torslanda-lilleby-goteborgs-kommun-nya-alvegardsvagen-23d-1478379863084439108,69-70m²,2026-03-14T19:57:01.570961
3155505470432310123,"https://www.hemnet.se/salda/lagenhet-2,5rum-bromma-beckomberga-stockholms-kommun-soderberga-alle-60-3155505470432310123",69-70m²,2026-03-14T19:57:01.570962
1520880595162845005,https://www.hemnet.se/salda/lagenhet-3rum-vaxholm-vaxholms-kommun-kulladalsvagen-17-1520880595162845005,69-70m²,2026-03-14T19:57:01.570963
5658816742116141556,https://www.hemnet.se/salda/lagenhet-3rum-druvefors-boras-kommun-kyrkogardsgatan-17-5658816742116141556,69-70m²,2026-03-14T19:57:01.570964
3462280893595758242,https://www.hemnet.se/salda/lagenhet-3rum-ostra-sala-sala-kommun-kungsangsgatan-5c-3462280893595758242,69-70m²,2026-03-14T19:57:01.570966
3781149883901043490,https://www.hemnet.se/salda/lagenhet-3rum-heleneholm-malmo-kommun-rodkullastigen-9a-3781149883901043490,69-70m²,2026-03-14T19:57:01.570967
4465580560398462337,https://www.hemnet.se/salda/lagenhet-2rum-toltorpsdalen-molndals-kommun-fallstromsgatan-14-a-4465580560398462337,69-70m²,2026-03-14T19:57:01.570968
8860222187574510095,https://www.hemnet.se/salda/lagenhet-3rum-aspudden-stockholms-kommun-sverkersgatan-6-8860222187574510095,69-70m²,2026-03-14T19:57:01.570970
178439539420377136,https://www.hemnet.se/salda/lagenhet-2rum-centralt-vast-pa-stan-sundsvalls-kommun-vastra-allen-9-178439539420377136,69-70m²,2026-03-14T19:57:01.570971
349502224100259130,"https://www.hemnet.se/salda/lagenhet-3rum-hagerstensasen-stockholms-kommun-riksdalervagen-9,-8-tr-349502224100259130",69-70m²,2026-03-14T19:57:01.570972
1537949041279405380,https://www.hemnet.se/salda/lagenhet-3rum-aspudden-stockholms-kommun-sverkersgatan-2-1537949041279405380,69-70m²,2026-03-14T19:57:01.570973
6866887603970813645,https://www.hemnet.se/salda/lagenhet-4rum-vendelso-haninge-kommun-virkesvagen-24-6866887603970813645,69-70m²,2026-03-14T19:57:01.570975
4892304892187114389,https://www.hemnet.se/salda/lagenhet-3rum-stenkulla-nykopings-kommun-jupitervagen-17-4892304892187114389,69-70m²,2026-03-14T19:57:01.570976
6190544244253709158,"https://www.hemnet.se/salda/lagenhet-2rum-henriksdalsringen-nacka-kommun-henriksdalsringen-23,-2-tr-6190544244253709158",69-70m²,2026-03-14T19:57:01.570977
205004124248370456,https://www.hemnet.se/salda/lagenhet-2rum-ribersborg-malmo-kommun-beritta-gurrisgatan-1b-205004124248370456,69-70m²,2026-03-14T19:57:01.570979
2614768377286766211,"https://www.hemnet.se/salda/lagenhet-2,5rum-vastertorp-stockholms-kommun-vastertorpsvagen-80-2614768377286766211",69-70m²,2026-03-14T19:57:01.570980
6120529791156814905,"https://www.hemnet.se/salda/lagenhet-3rum-rasunda-solna-kommun-hasselstigen-4,-1-tr-6120529791156814905",69-70m²,2026-03-14T19:57:01.570981
299219408625899990,https://www.hemnet.se/salda/lagenhet-3rum-eriksberg-uppsala-kommun-stigbergsplan-5-299219408625899990,69-70m²,2026-03-14T19:57:01.570982
7822531424842156439,https://www.hemnet.se/salda/lagenhet-3rum-vikingstad-linkopings-kommun-gudruns-gata-8d-7822531424842156439,69-70m²,2026-03-14T19:57:01.570984
8815402507020174020,https://www.hemnet.se/salda/lagenhet-3rum-danderyd-danderyds-kommun-satraangsvagen-106-8815402507020174020,69-70m²,2026-03-14T19:57:01.570985
8097823075189954147,https://www.hemnet.se/salda/lagenhet-2rum-sjoberg-sollentuna-kommun-sidensvansvagen-28-8097823075189954147,69-70m²,2026-03-14T19:57:01.570986
534524886500157674,https://www.hemnet.se/salda/lagenhet-3rum-gardet-ostermalm-stockholms-kommun-osthammarsgatan-64-534524886500157674,69-70m²,2026-03-14T19:57:01.570987
764759023295833839,https://www.hemnet.se/salda/lagenhet-2rum-arenastaden-solna-kommun-evenemangsgatan-6-764759023295833839,69-70m²,2026-03-14T19:57:01.570988
4999623211687794557,https://www.hemnet.se/salda/lagenhet-3rum-centralt-oster-orebro-kommun-sidvallsgatan-3-4999623211687794557,69-70m²,2026-03-14T19:57:01.570990
3763356053832655732,https://www.hemnet.se/salda/lagenhet-3rum-sodermalm-stockholms-kommun-ringvagen-130-3763356053832655732,69-70m²,2026-03-14T19:57:01.570991
540518520437474269,https://www.hemnet.se/salda/lagenhet-3rum-ulricehamn-ulricehamns-kommun-bangardsgatan-8-540518520437474269,69-70m²,2026-03-14T19:57:01.570992
3803522536837929253,https://www.hemnet.se/salda/lagenhet-3rum-bunkeflostrand-malmo-kommun-sadelmakarebyn-4d-3803522536837929253,69-70m²,2026-03-14T19:57:01.570993
1933000094643207230,https://www.hemnet.se/salda/lagenhet-3rum-hantverkarbacken-sandvikens-kommun-gesallvagen-12-1933000094643207230,69-70m²,2026-03-14T19:57:01.570995
4995360499530742164,https://www.hemnet.se/salda/lagenhet-3rum-berga-djursholm-danderyds-kommun-berga-backe-10-4995360499530742164,69-70m²,2026-03-14T19:57:01.570996
6914271606160357198,https://www.hemnet.se/salda/lagenhet-3rum-tradgardsstaden-skovde-kommun-stenmursgatan-26a-6914271606160357198,69-70m²,2026-03-14T19:57:01.570998
2218514351225081508,https://www.hemnet.se/salda/lagenhet-3rum-centrum-gallivare-kommun-schaktmastaregatan-10b-2218514351225081508,69-70m²,2026-03-14T19:57:01.570999
8378835715989423798,"https://www.hemnet.se/salda/lagenhet-2,5rum-ronningen-hofors-kommun-ronningsgatan-30b-8378835715989423798",69-70m²,2026-03-14T19:57:01.571000
6308001678650420763,https://www.hemnet.se/salda/lagenhet-3rum-tynnered-goteborgs-kommun-briljantgatan-67-6308001678650420763,69-70m²,2026-03-14T19:57:01.571002
7951671567339175647,"https://www.hemnet.se/salda/lagenhet-2,5rum-kapellgardet-uppsala-kommun-rabyvagen-82-7951671567339175647",69-70m²,2026-03-14T19:57:01.571003
8469301676373090889,https://www.hemnet.se/salda/lagenhet-3rum-bromma-blackeberg-stockholms-kommun-holbergsgatan-119-8469301676373090889,69-70m²,2026-03-14T19:57:01.571004
6118864212182893194,https://www.hemnet.se/salda/lagenhet-2rum-ulricehamn-ulricehamns-kommun-bangardsgatan-4-6118864212182893194,69-70m²,2026-03-14T19:57:01.571006
6247735279055814323,https://www.hemnet.se/salda/lagenhet-3rum-vemdalsskalet-harjedalens-kommun-vemdalsskalet-skalspassvagen-32b-6247735279055814323,69-70m²,2026-03-14T19:57:01.571007
7287800943534875873,https://www.hemnet.se/salda/lagenhet-2rum-limhamns-sjostad-malmo-kommun-barlastgatan-28-7287800943534875873,69-70m²,2026-03-14T19:57:01.571009
7129483282875950570,https://www.hemnet.se/salda/lagenhet-2rum-sigtuna-sigtuna-kommun-tvillingbackarna-12-7129483282875950570,69-70m²,2026-03-14T19:57:01.571010
8166974078735744277,"https://www.hemnet.se/salda/lagenhet-2,5rum-gamla-vaster-malmo-kommun-skomakaregatan-10a-8166974078735744277",69-70m²,2026-03-14T19:57:01.571011
7116448610408749388,https://www.hemnet.se/salda/lagenhet-3rum-sjobo-boras-kommun-barnhemsgatan-50-7116448610408749388,69-70m²,2026-03-14T19:57:01.571013
4850197282921443276,https://www.hemnet.se/salda/lagenhet-3rum-kalleback-goteborgs-kommun-ostgatan-18-4850197282921443276,69-70m²,2026-03-14T19:57:01.571014
8116776699421252419,https://www.hemnet.se/salda/lagenhet-3rum-getingen-kalmar-kommun-kaptensgatan-7a-8116776699421252419,69-70m²,2026-03-14T19:57:01.571015
4277666571152145669,"https://www.hemnet.se/salda/lagenhet-3rum-hogdalen-stockholms-kommun-stenkvistavagen-16,-2-tr-4277666571152145669",69-70m²,2026-03-14T19:57:01.571017
8761331084550190880,https://www.hemnet.se/salda/lagenhet-3rum-stockholm-solna-kommun-jungfrudansen-29-8761331084550190880,69-70m²,2026-03-14T19:57:01.571018
5417711011669655492,https://www.hemnet.se/salda/lagenhet-3rum-fagelbacken-malmo-kommun-fagelbacksgatan-14-a-5417711011669655492,69-70m²,2026-03-14T19:57:01.571019
3324176262578341515,https://www.hemnet.se/salda/lagenhet-3rum-liljeholmen-jonkopings-kommun-lillgatan-14-3324176262578341515,69-70m²,2026-03-14T19:57:01.571020
4002811109607405157,https://www.hemnet.se/salda/lagenhet-3rum-farjegardarna-borlange-kommun-vastra-alvslingan-3a-4002811109607405157,69-70m²,2026-03-14T19:57:01.571022
3650105941410262395,https://www.hemnet.se/salda/lagenhet-3rum-strommensberg-goteborgs-kommun-kobergsgatan-13-3650105941410262395,69-70m²,2026-03-14T19:57:01.571023
6057452037398562305,https://www.hemnet.se/salda/lagenhet-3rum-alvsjo-stockholms-kommun-gamla-huddingevagen-446-6057452037398562305,69-70m²,2026-03-14T19:57:01.571024
6187750023115102139,https://www.hemnet.se/salda/lagenhet-3rum-soder-kristianstads-kommun-sadelmakaregatan-4b-6187750023115102139,69-70m²,2026-03-14T19:57:01.571026
115746125835603737,https://www.hemnet.se/salda/lagenhet-3rum-henriksdalsberget-nacka-kommun-henriksdalsringen-3-115746125835603737,69-70m²,2026-03-14T19:57:01.571027
458749623262274214,https://www.hemnet.se/salda/lagenhet-4rum-vega-haninge-kommun-vega-alle-79-458749623262274214,69-70m²,2026-03-14T19:57:01.571028
7140921364440802057,https://www.hemnet.se/salda/lagenhet-3rum-parkstaden-kristianstads-kommun-lasarettsboulevarden-18d-7140921364440802057,69-70m²,2026-03-14T19:57:01.571030
1634338559681599970,https://www.hemnet.se/salda/lagenhet-4rum-midsommarkransen-telefonplan-stockholms-kommun-radiusbacken-31-1634338559681599970,69-70m²,2026-03-14T19:57:01.571031
3344184274168097153,https://www.hemnet.se/salda/lagenhet-3rum-segevang-malmo-kommun-kronetorpsgatan-50-a-3344184274168097153,69-70m²,2026-03-14T19:57:01.571032
8695429232103086480,https://www.hemnet.se/salda/lagenhet-2rum-rorsjostaden-malmo-kommun-amiralsgatan-4a-8695429232103086480,69-70m²,2026-03-14T19:57:01.571034
2992665021663128836,https://www.hemnet.se/salda/lagenhet-3rum-hammarby-sjostad-stockholms-kommun-sickla-kanalgata-79-2992665021663128836,69-70m²,2026-03-14T19:57:01.571035
249360872637622567,https://www.hemnet.se/salda/lagenhet-2rum-sodermalm-stockholms-kommun-swedenborgsgatan-25-249360872637622567,69-70m²,2026-03-14T19:57:01.571037
578701386252506718,https://www.hemnet.se/salda/lagenhet-2rum-oster-orebro-kommun-restalundsvagen-16a-578701386252506718,69-70m²,2026-03-14T19:57:01.571038
8109052314404833675,https://www.hemnet.se/salda/lagenhet-2rum-sundbyberg-sundbybergs-kommun-orsvangen-5-8109052314404833675,69-70m²,2026-03-14T19:57:01.571039
3175146858619006558,https://www.hemnet.se/salda/lagenhet-3rum-kallhall-jarfalla-kommun-filarvagen-1-3175146858619006558,69-70m²,2026-03-14T19:57:01.571040
1187080117225934630,https://www.hemnet.se/salda/lagenhet-3rum-karrtorp-stockholms-kommun-arkovagen-27-1187080117225934630,69-70m²,2026-03-14T19:57:01.571042
700500115664788125,https://www.hemnet.se/salda/lagenhet-3rum-ingared-alingsas-kommun-lindekullegatan-63b-700500115664788125,69-70m²,2026-03-14T19:57:01.571043
3214401243533531358,https://www.hemnet.se/salda/lagenhet-3rum-falkoping-falkopings-kommun-wetterlinsgatan-26b-3214401243533531358,69-70m²,2026-03-14T19:57:01.571044
7259253340272971696,https://www.hemnet.se/salda/lagenhet-3rum-centrum-kungalvs-kommun-selma-lagerlofs-gata-7-7259253340272971696,69-70m²,2026-03-14T19:57:01.571046
8314446920269850076,https://www.hemnet.se/salda/lagenhet-3rum-ytterby-kungalvs-kommun-odlingsgatan-23-8314446920269850076,69-70m²,2026-03-14T19:57:01.571047
561288797014738320,https://www.hemnet.se/salda/lagenhet-3rum-centrum-falu-kommun-nybrogatan-17a-561288797014738320,69-70m²,2026-03-14T19:57:01.571048
8393476668818091604,https://www.hemnet.se/salda/lagenhet-2rum-soderkulla-malmo-kommun-ormvraksgatan-19-8393476668818091604,69-70m²,2026-03-14T19:57:01.571050
9160205756675235525,"https://www.hemnet.se/salda/lagenhet-3rum-gamla-ostberga-alvsjo-stockholms-kommun-stamgatan-22,-van-2-9160205756675235525",69-70m²,2026-03-14T19:57:01.571051
2362077009091223576,"https://www.hemnet.se/salda/lagenhet-2,5rum-vasastan-roda-bergen-stockholms-kommun-rodabergsgatan-6,-2tr-2362077009091223576",69-70m²,2026-03-14T19:57:01.571053
4803533977966451001,https://www.hemnet.se/salda/lagenhet-3rum-ellstorp-malmo-kommun-idaborgsgatan-51-4803533977966451001,69-70m²,2026-03-14T19:57:01.571054
4632300557223663425,https://www.hemnet.se/salda/lagenhet-3rum-jakobsberg-jarfalla-kommun-manadsvagen-38-4632300557223663425,69-70m²,2026-03-14T19:57:01.571055
3415733925541874201,https://www.hemnet.se/salda/lagenhet-3rum-ytterby-kungalvs-kommun-odlingsgatan-16-3415733925541874201,69-70m²,2026-03-14T19:57:01.571056
4326652110881001230,"https://www.hemnet.se/salda/lagenhet-3rum-hasselby-strand-stockholms-kommun-mirabellbacken-5,-3tr-4326652110881001230",69-70m²,2026-03-14T19:57:01.571058
7992325760154309959,https://www.hemnet.se/salda/lagenhet-3rum-sodermalm-hogalid-stockholms-kommun-heleneborgsgatan-20-7992325760154309959,69-70m²,2026-03-14T19:57:01.571059
6224866263458133643,"https://www.hemnet.se/salda/lagenhet-2rum-herrhagen-uppsala-kommun-herrhagsvagen-409a,-van-3-3-6224866263458133643",69-70m²,2026-03-14T19:57:01.571060
9102061890822067558,https://www.hemnet.se/salda/lagenhet-3rum-hakanstorp-malmo-kommun-klubbegatan-10b-9102061890822067558,69-70m²,2026-03-14T19:57:01.571062
4838132122011832868,https://www.hemnet.se/salda/lagenhet-3rum-inre-hamn-karlstads-kommun-bogsprotsgatan-21a-4838132122011832868,69-70m²,2026-03-14T19:57:01.571063
3700574150841270022,https://www.hemnet.se/salda/lagenhet-3rum-norrangen-jonkopings-kommun-fogdegatan-11-3700574150841270022,69-70m²,2026-03-14T19:57:01.571064
8040117072194312309,https://www.hemnet.se/salda/lagenhet-3rum-arvidstorp-falkenbergs-kommun-karrets-vag-9b-8040117072194312309,69-70m²,2026-03-14T19:57:01.571065
3334148390433847903,https://www.hemnet.se/salda/lagenhet-3rum-avesta-avesta-kommun-myrgatan-40a-3334148390433847903,69-70m²,2026-03-14T19:57:01.571067
968848784773932240,"https://www.hemnet.se/salda/lagenhet-3rum-aspudden-stockholms-kommun-hertigvagen-16,-1tr-968848784773932240",69-70m²,2026-03-14T19:57:01.571068
3369997599515911895,https://www.hemnet.se/salda/lagenhet-2rum-hallstavik-norrtalje-kommun-kusbyvagen-29b-3369997599515911895,69-70m²,2026-03-14T19:57:01.571069
5583340009320217889,https://www.hemnet.se/salda/lagenhet-3rum-tessin-nykopings-kommun-olaus-martinis-vag-6-5583340009320217889,69-70m²,2026-03-14T19:57:01.571070
2171035595895166956,https://www.hemnet.se/salda/lagenhet-3rum-haga-vasteras-kommun-norra-skjutbanegatan-25f-2171035595895166956,69-70m²,2026-03-14T19:57:01.571072
7173217609741287055,https://www.hemnet.se/salda/lagenhet-3rum-danderyd-danderyds-kommun-kevingeringen-18-7173217609741287055,69-70m²,2026-03-14T19:57:01.571073
2873153819217544348,https://www.hemnet.se/salda/lagenhet-3rum-vallingby-centrum-stockholms-kommun-jamtlandsgatan-84-2873153819217544348,69-70m²,2026-03-14T19:57:01.571074
7661814791242353438,https://www.hemnet.se/salda/lagenhet-4rum-are-tegefjall-are-kommun-kyrkangesvagen-8f-7661814791242353438,69-70m²,2026-03-14T19:57:01.571076
8415053267178396960,https://www.hemnet.se/salda/lagenhet-3rum-edsbyn-ovanakers-kommun-sporthallsvagen-3a-8415053267178396960,69-70m²,2026-03-14T19:57:01.571077
253235492917999280,"https://www.hemnet.se/salda/lagenhet-3,5rum-hasselby-gard-stockholms-kommun-loviselundsvagen-17-253235492917999280",69-70m²,2026-03-14T19:57:01.571078
5572323103107126344,https://www.hemnet.se/salda/lagenhet-3rum-johanneberg-goteborgs-kommun-gyllenkrooksgatan-15-5572323103107126344,69-70m²,2026-03-14T19:57:01.571079
2418351036091087767,https://www.hemnet.se/salda/lagenhet-3rum-arsta-stockholms-kommun-skontorpsvagen-9-2418351036091087767,69-70m²,2026-03-14T19:57:01.571081
1352270867885251833,https://www.hemnet.se/salda/lagenhet-3rum-hogsbo-goteborgs-kommun-marklandsgatan-71-1352270867885251833,69-70m²,2026-03-14T19:57:01.571082
7021203869543869717,https://www.hemnet.se/salda/lagenhet-2rum-jarna-sodertalje-kommun-ronnvagen-15a-7021203869543869717,69-70m²,2026-03-14T19:57:01.571083
5478078797430921378,https://www.hemnet.se/salda/lagenhet-3rum-paradiset-partille-kommun-paradisvagen-6-5478078797430921378,69-70m²,2026-03-14T19:57:01.571084
9031033089391787273,https://www.hemnet.se/salda/lagenhet-2rum-vasastan-stockholms-kommun-halsingegatan-14c-9031033089391787273,69-70m²,2026-03-14T19:57:01.571086
1730868307224659147,"https://www.hemnet.se/salda/lagenhet-2,5rum-ostermalm-stockholms-kommun-grev-magnigatan-15b,-3-tr-og,-1730868307224659147",69-70m²,2026-03-14T19:57:01.571087
8745115407856854055,"https://www.hemnet.se/salda/lagenhet-3rum-bagarmossen-stockholms-kommun-emagatan-30,-1tr-8745115407856854055",69-70m²,2026-03-14T19:57:01.571088
7440609693082399060,https://www.hemnet.se/salda/lagenhet-3rum-vastra-hamnen-malmo-kommun-vastra-varvsgatan-18c-7440609693082399060,69-70m²,2026-03-14T19:57:01.571090
6533853758000208891,https://www.hemnet.se/salda/lagenhet-2rum-rimbo-norrtalje-kommun-landstormsvagen-10-d-6533853758000208891,69-70m²,2026-03-14T19:57:01.571091
8937980863221424736,https://www.hemnet.se/salda/lagenhet-3rum-karlberg-karlskoga-kommun-ferlinsvagen-18a-8937980863221424736,69-70m²,2026-03-14T19:57:01.571092
7932542153534917547,https://www.hemnet.se/salda/lagenhet-2rum-djupviken-pitea-kommun-klumgatan-4a-7932542153534917547,69-70m²,2026-03-14T19:57:01.571093
5812922026622700453,https://www.hemnet.se/salda/lagenhet-3rum-farjestaden-morbylanga-kommun-rylgatan-1b-5812922026622700453,69-70m²,2026-03-14T19:57:01.571094
4865729715871362322,https://www.hemnet.se/salda/lagenhet-3rum-traslovs-tradgardsstad-varbergs-kommun-arboretumgatan-5-4865729715871362322,69-70m²,2026-03-14T19:57:01.571096
1252760645935250025,"https://www.hemnet.se/salda/lagenhet-2,5rum-grondal-stockholms-kommun-ekensbergsvagen-17,-3tr-1252760645935250025",69-70m²,2026-03-14T19:57:01.571097
5945748011515607911,https://www.hemnet.se/salda/lagenhet-3rum-rosendal-uppsala-kommun-torgny-segerstedts-alle-30-5945748011515607911,69-70m²,2026-03-14T19:57:01.571099
805580729724735023,https://www.hemnet.se/salda/lagenhet-3rum-centrum-vaxjo-kommun-liedbergsgatan-47-805580729724735023,69-70m²,2026-03-14T19:57:01.571100
973804488557479185,"https://www.hemnet.se/salda/lagenhet-3,5rum-kapellgardet-uppsala-kommun-djaknegatan-27b-973804488557479185",69-70m²,2026-03-14T19:57:01.571101
9144237530953463414,https://www.hemnet.se/salda/lagenhet-2rum-falkagard-falkenbergs-kommun-ormvraksvagen-13a-9144237530953463414,69-70m²,2026-03-14T19:57:01.571103
1249230010828498800,https://www.hemnet.se/salda/lagenhet-3rum-johanneberg-goteborgs-kommun-volrat-thamsgatan-7a-1249230010828498800,69-70m²,2026-03-14T19:57:01.571104
3552795442187525805,https://www.hemnet.se/salda/lagenhet-3rum-angered-gardsten-goteborgs-kommun-salviatorget-2-3552795442187525805,69-70m²,2026-03-14T19:57:01.571105
234926783751589176,https://www.hemnet.se/salda/lagenhet-3rum-svartviken-upplands-bro-kommun-svartviksbacken-15d-234926783751589176,69-70m²,2026-03-14T19:57:01.571106
8797914480943754777,https://www.hemnet.se/salda/lagenhet-3rum-bromma-beckomberga-stockholms-kommun-beckomberga-angsvag-39-8797914480943754777,69-70m²,2026-03-14T19:57:01.571108
4218660684574539906,https://www.hemnet.se/salda/lagenhet-3rum-vallingby-grimsta-stockholms-kommun-kanngjutargrand-28-4218660684574539906,69-70m²,2026-03-14T19:57:01.571109
8276073348712578476,https://www.hemnet.se/salda/lagenhet-3rum-marnas-hammarbacken-ludvika-kommun-ostra-storgatan-28-c-8276073348712578476,69-70m²,2026-03-14T19:57:01.571110
1986555578137101022,https://www.hemnet.se/salda/lagenhet-2rum-saltsjoqvarn-nacka-kommun-sjokvarnsbacken-6-1986555578137101022,69-70m²,2026-03-14T19:57:01.571112
5680799633813235583,https://www.hemnet.se/salda/lagenhet-3rum-elinegard-malmo-kommun-systerbrunnsvagen-11-5680799633813235583,69-70m²,2026-03-14T19:57:01.571123
200470394599508997,https://www.hemnet.se/salda/lagenhet-3rum-kvarnholmen-nacka-kommun-kvarnholmsvagen-100-200470394599508997,69-70m²,2026-03-14T19:57:01.571124
6753258882654042035,https://www.hemnet.se/salda/lagenhet-3rum-arenaparken-lunds-kommun-finalgatan-3-6753258882654042035,69-70m²,2026-03-14T19:57:01.571125
834787332294138735,"https://www.hemnet.se/salda/lagenhet-3rum-vadstena-centralt-vadstena-kommun-riddargatan-4e,-lgh-1002-834787332294138735",69-70m²,2026-03-14T19:57:01.571127
6398364503171438312,https://www.hemnet.se/salda/lagenhet-3rum-arsta-stockholms-kommun-malgomajvagen-12-6398364503171438312,69-70m²,2026-03-14T19:57:01.571128
3642419247101717028,"https://www.hemnet.se/salda/lagenhet-2,5rum-falhagen-uppsala-kommun-sankt-goransgatan-31a-3642419247101717028",69-70m²,2026-03-14T19:57:01.571130
1278336779768830408,https://www.hemnet.se/salda/lagenhet-2rum-hunnemara-karlshamns-kommun-rosenvagen-20-1278336779768830408,69-70m²,2026-03-14T19:57:01.571131
4815537919274199348,"https://www.hemnet.se/salda/lagenhet-2rum-bromma-traneberg-stockholms-kommun-tranebergsvagen-54,-3tr-4815537919274199348",69-70m²,2026-03-14T19:57:01.571132
7873251763399386774,https://www.hemnet.se/salda/lagenhet-3rum-slottsstaden-malmo-kommun-vastra-kristinelundsvagen-37b-7873251763399386774,69-70m²,2026-03-14T19:57:01.571133
5809040352976055059,https://www.hemnet.se/salda/lagenhet-2rum-kungshojd-goteborgs-kommun-arsenalsgatan-8b-5809040352976055059,69-70m²,2026-03-14T19:57:01.571135
4648146251161924805,https://www.hemnet.se/salda/lagenhet-3rum-nasbypark-taby-kommun-koltrastvagen-1-4648146251161924805,69-70m²,2026-03-14T19:57:01.571136
368431207853932389,https://www.hemnet.se/salda/lagenhet-3rum-sodermalm-stockholms-kommun-ostgotagatan-87b-368431207853932389,69-70m²,2026-03-14T19:57:01.571137
9072645177685927936,https://www.hemnet.se/salda/lagenhet-4rum-tegefjall-are-kommun-tegebacksvagen-11a-9072645177685927936,69-70m²,2026-03-14T19:57:01.571139
2569248573877062858,https://www.hemnet.se/salda/lagenhet-3rum-vaster-lunds-kommun-masvagen-12b-2569248573877062858,69-70m²,2026-03-14T19:57:01.571140
7812412510189507749,https://www.hemnet.se/salda/lagenhet-4rum-tegefjall-are-kommun-tegebacksvagen-1f-7812412510189507749,69-70m²,2026-03-14T19:57:01.571141
397851648131224213,https://www.hemnet.se/salda/lagenhet-2rum-kungsangen-jonkopings-kommun-tellusgatan-9-397851648131224213,69-70m²,2026-03-14T19:57:01.571142
5043554053774208099,"https://www.hemnet.se/salda/lagenhet-2rum-ballstaberg-vallentuna-kommun-svampskogsvagen-19,-1tr-5043554053774208099",69-70m²,2026-03-14T19:57:01.571144
4567096362428259402,https://www.hemnet.se/salda/lagenhet-2rum-centralt-oster-orebro-kommun-nygatan-48-4567096362428259402,69-70m²,2026-03-14T19:57:01.571145
5326351854494066270,https://www.hemnet.se/salda/lagenhet-3rum-hammarbyhojden-stockholms-kommun-astorpsringen-15-5326351854494066270,69-70m²,2026-03-14T19:57:01.571146
1451756611810219549,"https://www.hemnet.se/salda/lagenhet-3rum-vasastan-stockholms-kommun-frejgatan-101,-5tr-1451756611810219549",69-70m²,2026-03-14T19:57:01.571148
7678572324989241264,https://www.hemnet.se/salda/lagenhet-3rum-norra-faladen-lunds-kommun-skarpskyttevagen-28a-7678572324989241264,69-70m²,2026-03-14T19:57:01.571149
6790671674290639725,https://www.hemnet.se/salda/lagenhet-2rum-gardet-stockholms-kommun-lojtnantsgatan-3-6790671674290639725,69-70m²,2026-03-14T19:57:01.571150
5845165517834952762,https://www.hemnet.se/salda/lagenhet-2rum-davidshall-malmo-kommun-fersens-vag-22-5845165517834952762,69-70m²,2026-03-14T19:57:01.571151
9061482450393466173,https://www.hemnet.se/salda/lagenhet-2rum-eriksberg-botkyrka-kommun-tre-kallors-vag-9-9061482450393466173,69-70m²,2026-03-14T19:57:01.571153
1002066345911839583,https://www.hemnet.se/salda/lagenhet-2rum-ulleraker-uppsala-kommun-henry-saldes-vag-4-1002066345911839583,69-70m²,2026-03-14T19:57:01.571154
4023668735023573386,"https://www.hemnet.se/salda/lagenhet-2rum-rasunda-solna-kommun-garvis-carlssons-gata-4,-5-tr-4023668735023573386",69-70m²,2026-03-14T19:57:01.571155
2229878203507420751,"https://www.hemnet.se/salda/lagenhet-2,5rum-hogsbo-goteborgs-kommun-handelsmyntet-14-2229878203507420751",69-70m²,2026-03-14T19:57:01.571157
7653118590784081359,https://www.hemnet.se/salda/lagenhet-2rum-granloholm-sundsvalls-kommun-malmovagen-86-7653118590784081359,69-70m²,2026-03-14T19:57:01.571158
978346542194186147,https://www.hemnet.se/salda/lagenhet-3rum-bandhagen-hogdalen-stockholms-kommun-sjosavagen-69-978346542194186147,69-70m²,2026-03-14T19:57:01.571159
7154479647365110290,https://www.hemnet.se/salda/lagenhet-3rum-lansmansgarden-goteborgs-kommun-varmfrontsgatan-10-7154479647365110290,69-70m²,2026-03-14T19:57:01.571160
5311015434245013708,https://www.hemnet.se/salda/lagenhet-2rum-linne-goteborgs-kommun-plantagegatan-7b-5311015434245013708,69-70m²,2026-03-14T19:57:01.571162
6477666979558384393,https://www.hemnet.se/salda/lagenhet-3rum-vellinge-vellinge-kommun-malmovagen-17a-6477666979558384393,69-70m²,2026-03-14T19:57:01.571163
4348859221283506037,https://www.hemnet.se/salda/lagenhet-3rum-centrum-alingsas-kommun-gardesgatan-11-4348859221283506037,69-70m²,2026-03-14T19:57:01.571164
3031427008622604528,https://www.hemnet.se/salda/lagenhet-3rum-torsvik-herserud-lidingo-kommun-torsvikssvangen-30-3031427008622604528,69-70m²,2026-03-14T19:57:01.571166
6310837150778182555,https://www.hemnet.se/salda/lagenhet-3rum-vastra-orminge-nacka-kommun-utovagen-5-6310837150778182555,69-70m²,2026-03-14T19:57:01.571167
1329594247750743983,https://www.hemnet.se/salda/lagenhet-2rum-ljusstaden-kalmar-kommun-lech-walesas-gata-42-1329594247750743983,69-70m²,2026-03-14T19:57:01.571169
6596067707238090261,https://www.hemnet.se/salda/lagenhet-2rum-karrdal-sollentuna-kommun-lomvagen-629-6596067707238090261,69-70m²,2026-03-14T19:57:01.571170
6104713115007088242,https://www.hemnet.se/salda/lagenhet-3rum-zakrisdal-karlstads-kommun-zakrisdalsudden-48a-6104713115007088242,69-70m²,2026-03-14T19:57:01.571171
8881304743704909200,https://www.hemnet.se/salda/lagenhet-3rum-centralt-varbergs-kommun-falkenbergsgatan-6-8881304743704909200,69-70m²,2026-03-14T19:57:01.571173
5630082043633267018,https://www.hemnet.se/salda/lagenhet-2rum-soderkulla-malmo-kommun-ormvraksgatan-64-5630082043633267018,69-70m²,2026-03-14T19:57:01.571174
9221676359322868521,https://www.hemnet.se/salda/lagenhet-2rum-sandhem-trollhattans-kommun-halvors-vag-143-9221676359322868521,69-70m²,2026-03-14T19:57:01.571175
5217364862553147596,"https://www.hemnet.se/salda/lagenhet-2,5rum-norrtalje-stad-vigelsjo-norrtalje-kommun-vigelsjovagen-9a-5217364862553147596",69-70m²,2026-03-14T19:57:01.571177
4240664657486718963,"https://www.hemnet.se/salda/lagenhet-3rum-arsta-gullmarsplan-stockholms-kommun-skontorpsvagen-9,-8tr-4240664657486718963",69-70m²,2026-03-14T19:57:01.571178
702972748741261675,https://www.hemnet.se/salda/lagenhet-3rum-ingared-alingsas-kommun-lindekullegatan-59b-702972748741261675,69-70m²,2026-03-14T19:57:01.571179
6676172984620384287,https://www.hemnet.se/salda/lagenhet-3rum-visby-med-omnejd-gotlands-kommun-vibble-tvinnaregatan-57-6676172984620384287,69-70m²,2026-03-14T19:57:01.571181
1433890788213177511,https://www.hemnet.se/salda/lagenhet-3rum-trandared-boras-kommun-trandaredsgatan-31-1433890788213177511,69-70m²,2026-03-14T19:57:01.571183
7918907139093360700,https://www.hemnet.se/salda/lagenhet-2rum-alidhem-umea-kommun-kemigrand-19-7918907139093360700,69-70m²,2026-03-14T19:57:01.571184
7817961230104350983,https://www.hemnet.se/salda/lagenhet-3rum-romberga-enkopings-kommun-samskarbogatan-13-7817961230104350983,69-70m²,2026-03-14T19:57:01.571185
5146328069519639533,https://www.hemnet.se/salda/lagenhet-2rum-dalvik-jonkopings-kommun-dalviksringen-31-5146328069519639533,69-70m²,2026-03-14T19:57:01.571186
3863091568185143217,https://www.hemnet.se/salda/lagenhet-3rum-neglinge-saltsjobaden-nacka-kommun-sturevagen-1a-3863091568185143217,69-70m²,2026-03-14T19:57:01.571188
7288343943813350601,"https://www.hemnet.se/salda/lagenhet-2,5rum-kungsholmen-stockholms-kommun-svarvargatan-18-7288343943813350601",69-70m²,2026-03-14T19:57:01.571189
2050347715414581014,https://www.hemnet.se/salda/lagenhet-3rum-gardsten-goteborgs-kommun-salviadalen-33-2050347715414581014,69-70m²,2026-03-14T19:57:01.571191
629253651326089804,https://www.hemnet.se/salda/lagenhet-3rum-norrtalje-hamn-norrtalje-kommun-brannasgatan-11-629253651326089804,69-70m²,2026-03-14T19:57:01.571192
4929279768257710424,https://www.hemnet.se/salda/lagenhet-3rum-naset-lidingo-kommun-kallangsvagen-32-4929279768257710424,69-70m²,2026-03-14T19:57:01.571193
7304944124672581848,https://www.hemnet.se/salda/lagenhet-3rum-malmen-kalmar-kommun-smalandsgatan-12c-7304944124672581848,69-70m²,2026-03-14T19:57:01.571194
4516673438289922104,https://www.hemnet.se/salda/lagenhet-3rum-bergshamra-solna-kommun-bjornstigen-103-4516673438289922104,69-70m²,2026-03-14T19:57:01.571196
3872079041263191625,https://www.hemnet.se/salda/lagenhet-3rum-salabacke-uppsala-kommun-johannesbacksgatan-93-3872079041263191625,69-70m²,2026-03-14T19:57:01.571197
522040263952403622,https://www.hemnet.se/salda/lagenhet-2rum-centralt-vanersborgs-kommun-edsgatan-4-522040263952403622,69-70m²,2026-03-14T19:57:01.571198
4334823778379357237,"https://www.hemnet.se/salda/lagenhet-2,5rum-centrum-uddevalla-kommun-kungsgatan-16c-4334823778379357237",69-70m²,2026-03-14T19:57:01.571200
3188582427930800666,https://www.hemnet.se/salda/lagenhet-3rum-centrala-boden-bodens-kommun-soldatgatan-4-b-3188582427930800666,69-70m²,2026-03-14T19:57:01.571201
3774927536377352855,"https://www.hemnet.se/salda/lagenhet-2rum-frosunda-solna-kommun-anders-lundstroms-gata-8,-3-tr-3774927536377352855",69-70m²,2026-03-14T19:57:01.571202
6701115632802229118,https://www.hemnet.se/salda/lagenhet-3rum-as-krokoms-kommun-tors-vag-54-6701115632802229118,69-70m²,2026-03-14T19:57:01.571204
3622840091558392930,"https://www.hemnet.se/salda/lagenhet-2,5rum-smedby-upplands-vasby-kommun-ryttargatan-353-3622840091558392930",69-70m²,2026-03-14T19:57:01.571205
5649283502632322557,https://www.hemnet.se/salda/lagenhet-3rum-naset-lidingo-kommun-kallangsvagen-36-5649283502632322557,69-70m²,2026-03-14T19:57:01.571206
4240884165725584657,https://www.hemnet.se/salda/lagenhet-3rum-tibro-tibro-kommun-kvarnvagen-1f-4240884165725584657,69-70m²,2026-03-14T19:57:01.571207
1000417055858080459,https://www.hemnet.se/salda/lagenhet-2rum-solhaga-orebro-kommun-solursgrand-9-1000417055858080459,69-70m²,2026-03-14T19:57:01.571209
2630665345564930130,https://www.hemnet.se/salda/lagenhet-3rum-centrum-lulea-kommun-tullgatan-12-2630665345564930130,69-70m²,2026-03-14T19:57:01.571210
8649195992619752711,"https://www.hemnet.se/salda/lagenhet-3rum-vallingby-johannelund-stockholms-kommun-rabattvagen-44,-1-tr-8649195992619752711",69-70m²,2026-03-14T19:57:01.571211
4409972601621358441,https://www.hemnet.se/salda/lagenhet-3rum-edsberg-sollentuna-kommun-kruthornsvagen-34a-4409972601621358441,69-70m²,2026-03-14T19:57:01.571212
97536996992839419,https://www.hemnet.se/salda/lagenhet-3rum-eriksberg-uppsala-kommun-stigbergsplan-3-97536996992839419,69-70m²,2026-03-14T19:57:01.571214
7426606141767007341,https://www.hemnet.se/salda/lagenhet-3rum-centrala-hisingen-goteborgs-kommun-virvelvindsgatan-28-7426606141767007341,69-70m²,2026-03-14T19:57:01.571215
4815247436713728537,https://www.hemnet.se/salda/lagenhet-3rum-centrala-sundbyberg-sundbybergs-kommun-sturegatan-14-4815247436713728537,69-70m²,2026-03-14T19:57:01.571216
5692722791522455365,https://www.hemnet.se/salda/lagenhet-3rum-centrala-sundbyberg-sundbybergs-kommun-humblegatan-31b-5692722791522455365,69-70m²,2026-03-14T19:57:01.571217
8149109211312616747,"https://www.hemnet.se/salda/lagenhet-2rum-sjoberg-sollentuna-kommun-sidensvansvagen-34,-5-5-tr-8149109211312616747",69-70m²,2026-03-14T19:57:01.571219
2230337841984194157,"https://www.hemnet.se/salda/lagenhet-2rum-sodermalm-katarina-stockholms-kommun-sodermannagatan-52,-4-tr-2230337841984194157",69-70m²,2026-03-14T19:57:01.571220
8809215019642461916,https://www.hemnet.se/salda/lagenhet-2rum-vendelsomalm-haninge-kommun-klarabergsvagen-14a-8809215019642461916,69-70m²,2026-03-14T19:57:01.571221
2946544713719309778,https://www.hemnet.se/salda/lagenhet-3rum-centrum-trollhattans-kommun-drottninggatan-46a-2946544713719309778,69-70m²,2026-03-14T19:57:01.571223
3495642178341250619,https://www.hemnet.se/salda/lagenhet-3rum-biskopsgarden-goteborgs-kommun-onskevadersgatan-9-3495642178341250619,69-70m²,2026-03-14T19:57:01.571224
142118709589912017,https://www.hemnet.se/salda/lagenhet-2rum-vasastaden-skovde-kommun-vasagatan-2b-142118709589912017,69-70m²,2026-03-14T19:57:01.571225
3261161271729903378,"https://www.hemnet.se/salda/lagenhet-2,5rum-centralt-sandvikens-kommun-valhallavagen-21b-3261161271729903378",69-70m²,2026-03-14T19:57:01.571226
6091647391090355590,"https://www.hemnet.se/salda/lagenhet-2rum-hammarby-sjostad-stockholms-kommun-stapelgatan-4,-5-tr-6091647391090355590",69-70m²,2026-03-14T19:57:01.571228
8481090796750215819,https://www.hemnet.se/salda/lagenhet-2rum-soderkulla-malmo-kommun-ormvraksgatan-40-8481090796750215819,69-70m²,2026-03-14T19:57:01.571229
8656727888784227465,https://www.hemnet.se/salda/lagenhet-3rum-angered-gardsten-goteborgs-kommun-salviadalen-4-8656727888784227465,69-70m²,2026-03-14T19:57:01.571230
7567561297239965692,https://www.hemnet.se/salda/lagenhet-3rum-centrala-sundbyberg-sundbybergs-kommun-duvgrand-6-7567561297239965692,69-70m²,2026-03-14T19:57:01.571231
9076700358836504080,"https://www.hemnet.se/salda/lagenhet-3,5rum-centrala-sundbyberg-sundbybergs-kommun-fagelsangen-2a-9076700358836504080",69-70m²,2026-03-14T19:57:01.571232
4430146970370176385,"https://www.hemnet.se/salda/lagenhet-3rum-gideonsberg-vasteras-kommun-kungsljusgatan-11,-72224-vasteras-4430146970370176385",69-70m²,2026-03-14T19:57:01.571234
3195943072182098394,https://www.hemnet.se/salda/lagenhet-2rum-vendelsomalm-haninge-kommun-klarabergsvagen-1a-3195943072182098394,69-70m²,2026-03-14T19:57:01.571235
1780605683744198038,"https://www.hemnet.se/salda/lagenhet-2rum-arenastaden-solna-kommun-evenemangsgatan-12,-van-3-1780605683744198038",69-70m²,2026-03-14T19:57:01.571236
6267837622083633049,https://www.hemnet.se/salda/lagenhet-2rum-norrtalje-norrtalje-kommun-tunvagen-8a-6267837622083633049,69-70m²,2026-03-14T19:57:01.571238
4250735906218742315,https://www.hemnet.se/salda/lagenhet-3rum-ruddalen-goteborgs-kommun-fiolgatan-2-4250735906218742315,69-70m²,2026-03-14T19:57:01.571239
6028396455342127706,https://www.hemnet.se/salda/lagenhet-3rum-vallingby-grimsta-stockholms-kommun-kanngjutargrand-28-6028396455342127706,69-70m²,2026-03-14T19:57:01.571240
6899843883725567909,https://www.hemnet.se/salda/lagenhet-3rum-ostra-lugnet-vaxjo-kommun-meteorvagen-57-6899843883725567909,69-70m²,2026-03-14T19:57:01.571242
2946703317451784818,https://www.hemnet.se/salda/lagenhet-3rum-barstad-hammaro-kommun-blabarsvagen-3d-2946703317451784818,69-70m²,2026-03-14T19:57:01.571243
8271990645297150392,https://www.hemnet.se/salda/lagenhet-3rum-brunna-park-upplands-bro-kommun-hjartstensvagen-11-8271990645297150392,69-70m²,2026-03-14T19:57:01.571245
2997885665241355708,https://www.hemnet.se/salda/lagenhet-2rum-fimmelstangen-vasterviks-kommun-stora-tradgardsgatan-17m-2997885665241355708,69-70m²,2026-03-14T19:57:01.571247
1522582347339001691,"https://www.hemnet.se/salda/lagenhet-3rum-kevinge-danderyds-kommun-kevingeringen-23,-3tr-1522582347339001691",69-70m²,2026-03-14T19:57:01.571248
3531326457947687,https://www.hemnet.se/salda/lagenhet-2rum-vasastan-stockholms-kommun-surbrunnsgatan-59-3531326457947687,69-70m²,2026-03-14T19:57:01.571250
430046529268653252,https://www.hemnet.se/salda/lagenhet-3rum-sundbyberg-ursvik-sundbybergs-kommun-ursviks-alle-21-430046529268653252,69-70m²,2026-03-14T19:57:01.571251
6299881321351798921,https://www.hemnet.se/salda/lagenhet-3rum-molndal-bosgarden-molndals-kommun-hagakersgatan-10c-6299881321351798921,69-70m²,2026-03-14T19:57:01.571253
7695605792015771725,https://www.hemnet.se/salda/lagenhet-3rum-sommarro-uppsala-kommun-norbyvagen-46a-7695605792015771725,69-70m²,2026-03-14T19:57:01.571255
5368831527665885756,https://www.hemnet.se/salda/lagenhet-3rum-akeslund-stockholms-kommun-spannvagen-38-5368831527665885756,69-70m²,2026-03-14T19:57:01.571257
9221701581178064439,https://www.hemnet.se/salda/lagenhet-3rum-annestad-malmo-kommun-sadelmakarebyn-7b-9221701581178064439,69-70m²,2026-03-14T19:57:01.571258
5622358366873264190,https://www.hemnet.se/salda/lagenhet-3rum-hallstavik-norrtalje-kommun-ljungvagen-9b-5622358366873264190,69-70m²,2026-03-14T19:57:01.571259
2399488126682110024,https://www.hemnet.se/salda/lagenhet-3rum-majorna-goteborgs-kommun-kabelgatan-8-2399488126682110024,69-70m²,2026-03-14T19:57:01.571260
293895427856853606,https://www.hemnet.se/salda/lagenhet-2rum-viken-karlstads-kommun-rosenbadsgatan-7-293895427856853606,69-70m²,2026-03-14T19:57:01.571262
5321526135811311410,https://www.hemnet.se/salda/lagenhet-3rum-gamla-enskede-stockholms-kommun-nynasvagen-375-b-5321526135811311410,69-70m²,2026-03-14T19:57:01.571263
8793369344082438390,https://www.hemnet.se/salda/lagenhet-2rum-or-sundbybergs-kommun-orsvangen-13-8793369344082438390,69-70m²,2026-03-14T19:57:01.571264
5310106051289432564,https://www.hemnet.se/salda/lagenhet-2rum-alvsjo-stockholms-kommun-solberga-angsvag-14-5310106051289432564,69-70m²,2026-03-14T19:57:01.571266
9062987803542475571,https://www.hemnet.se/salda/lagenhet-3rum-farsna-norrtalje-kommun-farsnagatan-24-b-9062987803542475571,69-70m²,2026-03-14T19:57:01.571267
3194379937820320492,https://www.hemnet.se/salda/lagenhet-3rum-huvudsta-solna-kommun-slaggbacken-7-3194379937820320492,69-70m²,2026-03-14T19:57:01.571268
6122399965316536178,https://www.hemnet.se/salda/lagenhet-3rum-taby-centrum-taby-kommun-tiundagrand-4a-6122399965316536178,69-70m²,2026-03-14T19:57:01.571269
2899951930611396696,"https://www.hemnet.se/salda/lagenhet-2rum-karrdal-sollentuna-kommun-lomvagen-611,-bv-2899951930611396696",69-70m²,2026-03-14T19:57:01.571271
2775898456435340368,https://www.hemnet.se/salda/lagenhet-3rum-angered-gardsten-goteborgs-kommun-salviadalen-7-2775898456435340368,69-70m²,2026-03-14T19:57:01.571272
6195519250027304269,https://www.hemnet.se/salda/lagenhet-3rum-fristaden-solna-kommun-huvudstagatan-3b-6195519250027304269,69-70m²,2026-03-14T19:57:01.571273
1557442996179158709,https://www.hemnet.se/salda/lagenhet-3rum-teleborg-vaxjo-kommun-apotekare-reinholds-vag-7b-1557442996179158709,69-70m²,2026-03-14T19:57:01.571274
5436293110105399679,https://www.hemnet.se/salda/lagenhet-3rum-ytterby-kungalvs-kommun-odlingsgatan-6-5436293110105399679,69-70m²,2026-03-14T19:57:01.571276
6263973429725094483,https://www.hemnet.se/salda/lagenhet-3rum-nasbypark-taby-kommun-eskadervagen-46-6263973429725094483,69-70m²,2026-03-14T19:57:01.571277
5802961647311753724,https://www.hemnet.se/salda/lagenhet-4rum-angarna-tegefjall-are-kommun-tegebacksvagen-7g-5802961647311753724,69-70m²,2026-03-14T19:57:01.571278
9068483861332127548,https://www.hemnet.se/salda/lagenhet-3rum-soderhamn-centrum-soderhamns-kommun-norrtullsgatan-31b-9068483861332127548,69-70m²,2026-03-14T19:57:01.571280
2699787248054368942,"https://www.hemnet.se/salda/lagenhet-3rum-hogalid-stockholms-kommun-lignagatan-7,-3-tr-2699787248054368942",69-70m²,2026-03-14T19:57:01.571281
6394607713155990754,https://www.hemnet.se/salda/lagenhet-2rum-sodermalm-hogalid-stockholms-kommun-lorensbergsgatan-1a-6394607713155990754,69-70m²,2026-03-14T19:57:01.571282
4815415442525005888,https://www.hemnet.se/salda/lagenhet-3rum-karrtorp-stockholms-kommun-fyrskeppsvagen-108-4815415442525005888,69-70m²,2026-03-14T19:57:01.571284
903626530883257054,"https://www.hemnet.se/salda/lagenhet-3rum-vendelsomalm-haninge-kommun-vendelsomalmsvagen-217,-van-3-av-3-903626530883257054",69-70m²,2026-03-14T19:57:01.571285
1487022159249904752,https://www.hemnet.se/salda/lagenhet-4rum-bagarmossen-stockholms-kommun-kolbacksgrand-20-1487022159249904752,69-70m²,2026-03-14T19:57:01.571286
2554962637858039181,https://www.hemnet.se/salda/lagenhet-2rum-alvangen-ale-kommun-gruvasvagen-28-2554962637858039181,69-70m²,2026-03-14T19:57:01.571288
4897583190640902725,https://www.hemnet.se/salda/lagenhet-3rum-arsta-stockholms-kommun-svardlangsvagen-47-4897583190640902725,69-70m²,2026-03-14T19:57:01.571289
9167976955337318480,https://www.hemnet.se/salda/lagenhet-2rum-norr-eskilstuna-kommun-heljestrandsgatan-13a-9167976955337318480,69-70m²,2026-03-14T19:57:01.571290
6541545092234422149,https://www.hemnet.se/salda/lagenhet-2rum-centrum-falu-kommun-sturegatan-100a-6541545092234422149,69-70m²,2026-03-14T19:57:01.571291
7263080494297406811,https://www.hemnet.se/salda/lagenhet-3rum-torslanda-lassby-goteborgs-kommun-fatabursvagen-8-7263080494297406811,69-70m²,2026-03-14T19:57:01.571293
3495606118886259456,https://www.hemnet.se/salda/lagenhet-2rum-norra-faladen-lunds-kommun-skarpskyttevagen-4a-3495606118886259456,69-70m²,2026-03-14T19:57:01.571294
3337148124315508519,https://www.hemnet.se/salda/lagenhet-3rum-ruddalen-goteborgs-kommun-gitarrgatan-3-3337148124315508519,69-70m²,2026-03-14T19:57:01.571295
3407210104845646376,https://www.hemnet.se/salda/lagenhet-3rum-kungsholmen-stockholms-kommun-fleminggatan-70-3407210104845646376,69-70m²,2026-03-14T19:57:01.571297
5690865782392740344,https://www.hemnet.se/salda/lagenhet-2rum-bergshamra-solna-kommun-odlingsvagen-5-5690865782392740344,69-70m²,2026-03-14T19:57:01.571298
5502650290276212067,https://www.hemnet.se/salda/lagenhet-3rum-soder-ostersunds-kommun-radhusgatan-122-5502650290276212067,69-70m²,2026-03-14T19:57:01.571299
4044239628012308594,https://www.hemnet.se/salda/lagenhet-2rum-ullstamma-linkopings-kommun-bronsaldersgatan-13-4044239628012308594,69-70m²,2026-03-14T19:57:01.571300
5952319125813454510,https://www.hemnet.se/salda/lagenhet-2rum-sodra-gotland-gotlands-kommun-hablingbo-hallbjans-4-5952319125813454510,69-70m²,2026-03-14T19:57:01.571302
8868319403503477589,https://www.hemnet.se/salda/lagenhet-3rum-huskvarna-soder-jonkopings-kommun-angsbergsvagen-3-8868319403503477589,69-70m²,2026-03-14T19:57:01.571303
5128909216636875664,https://www.hemnet.se/salda/lagenhet-3rum-arsta-stockholms-kommun-ymsenvagen-8-5128909216636875664,69-70m²,2026-03-14T19:57:01.571304
6572454380076333665,https://www.hemnet.se/salda/lagenhet-3rum-duvkullen-linkopings-kommun-ekhagagatan-70-6572454380076333665,69-70m²,2026-03-14T19:57:01.571305
1771124931605859866,https://www.hemnet.se/salda/lagenhet-3rum-oppeby-nykopings-kommun-linnevagen-12a-1771124931605859866,69-70m²,2026-03-14T19:57:01.571307
6978017291600271695,https://www.hemnet.se/salda/lagenhet-2rum-alidhem-umea-kommun-kemigrand-18-6978017291600271695,69-70m²,2026-03-14T19:57:01.571308
107940588788873007,https://www.hemnet.se/salda/lagenhet-3rum-bromma-blackeberg-stockholms-kommun-holbergsgatan-81-107940588788873007,69-70m²,2026-03-14T19:57:01.571309
560497749404301657,https://www.hemnet.se/salda/lagenhet-2rum-lundby-mjolby-kommun-stjarngatan-11-560497749404301657,69-70m²,2026-03-14T19:57:01.571310
3691278803601064183,https://www.hemnet.se/salda/lagenhet-3rum-aspudden-stockholms-kommun-hertigvagen-2-3691278803601064183,69-70m²,2026-03-14T19:57:01.571312
4281542319286109228,https://www.hemnet.se/salda/lagenhet-3rum-hagsatra-stockholms-kommun-klockhammarsgrand-2-4281542319286109228,69-70m²,2026-03-14T19:57:01.571313
2470716452994071461,"https://www.hemnet.se/salda/lagenhet-3,5rum-osterhaninge-haninge-kommun-albatrossvagen-227-2470716452994071461",69-70m²,2026-03-14T19:57:01.571314
5267458720440585085,https://www.hemnet.se/salda/lagenhet-2rum-roback-umea-kommun-kragvagen-107-5267458720440585085,69-70m²,2026-03-14T19:57:01.571316
1598622801014471837,https://www.hemnet.se/salda/lagenhet-4rum-sickla-nacka-kommun-atlasvagen-39-1598622801014471837,69-70m²,2026-03-14T19:57:01.571317
7872039519216781336,https://www.hemnet.se/salda/lagenhet-3rum-centralt-oster-nykopings-kommun-periodgangen-5a-7872039519216781336,69-70m²,2026-03-14T19:57:01.571318
2988157569244859332,https://www.hemnet.se/salda/lagenhet-3rum-stocksund-danderyds-kommun-sikrenovagen-8-2988157569244859332,69-70m²,2026-03-14T19:57:01.571320
7144080461510189028,https://www.hemnet.se/salda/lagenhet-3rum-biskopsgarden-goteborgs-kommun-vintervadersgatan-7-7144080461510189028,69-70m²,2026-03-14T19:57:01.571321
3633590980781710243,https://www.hemnet.se/salda/lagenhet-3rum-savja-uppsala-kommun-smalandsvagen-73-3633590980781710243,69-70m²,2026-03-14T19:57:01.571322
6083715481328166998,https://www.hemnet.se/salda/lagenhet-3rum-naset-lidingo-kommun-kallangsvagen-32-6083715481328166998,69-70m²,2026-03-14T19:57:01.571324
5118504756137699263,"https://www.hemnet.se/salda/lagenhet-3rum-kevinge-danderyds-kommun-kevingeringen-24,-1tr-5118504756137699263",69-70m²,2026-03-14T19:57:01.571325
3454359660462652531,https://www.hemnet.se/salda/lagenhet-2rum-arenastaden-solna-kommun-evenemangsgatan-8-3454359660462652531,69-70m²,2026-03-14T19:57:01.571326
795842116112431200,"https://www.hemnet.se/salda/lagenhet-3,5rum-bromma-beckomberga-stockholms-kommun-styresman-sanders-vag-8-795842116112431200",69-70m²,2026-03-14T19:57:01.571327
8110651026094059863,https://www.hemnet.se/salda/lagenhet-3rum-alvsjo-orby-slott-stockholms-kommun-vibyholmsvagen-11-8110651026094059863,69-70m²,2026-03-14T19:57:01.571329
5321731292576677446,https://www.hemnet.se/salda/lagenhet-3rum-ulriksdal-solna-kommun-galoppvagen-14-5321731292576677446,69-70m²,2026-03-14T19:57:01.571330
1766570143522673794,https://www.hemnet.se/salda/lagenhet-3rum-lunden-goteborgs-kommun-de-geersgatan-20-1766570143522673794,69-70m²,2026-03-14T19:57:01.571331
219527205427893318,https://www.hemnet.se/salda/lagenhet-3rum-alphyddan-nacka-kommun-alphyddevagen-15-219527205427893318,69-70m²,2026-03-14T19:57:01.571332
6411522035335782653,https://www.hemnet.se/salda/lagenhet-3rum-munksjostaden-jonkopings-kommun-vaggerydsgatan-16-6411522035335782653,69-70m²,2026-03-14T19:57:01.571333
3556524793553700043,https://www.hemnet.se/salda/lagenhet-3rum-knivsta-knivsta-kommun-lertagsvagen-32e-3556524793553700043,69-70m²,2026-03-14T19:57:01.571335
1686354739949571860,"https://www.hemnet.se/salda/lagenhet-3rum-arsta-stockholms-kommun-malgomajvagen-6,-3tr-1686354739949571860",69-70m²,2026-03-14T19:57:01.571336
227591347983871599,https://www.hemnet.se/salda/lagenhet-3rum-uddevalla-centrum-uddevalla-kommun-regementsvagen-2-227591347983871599,69-70m²,2026-03-14T19:57:01.571337
3683397234067185108,https://www.hemnet.se/salda/lagenhet-2rum-s-t-knut-malmo-kommun-s-t-knuts-torg-12-3683397234067185108,69-70m²,2026-03-14T19:57:01.571339
6477986055640519385,https://www.hemnet.se/salda/lagenhet-3rum-soderhamn-centrum-soderhamns-kommun-ringvagen-3b-6477986055640519385,69-70m²,2026-03-14T19:57:01.571340
1337872604085851842,https://www.hemnet.se/salda/lagenhet-3rum-bagarmossen-stockholms-kommun-voxnegrand-24-1337872604085851842,69-70m²,2026-03-14T19:57:01.571341
2719401662716381840,https://www.hemnet.se/salda/lagenhet-3rum-ystad-ystads-kommun-sankt-hans-torg-1a-2719401662716381840,69-70m²,2026-03-14T19:57:01.571342
370748086683624617,https://www.hemnet.se/salda/lagenhet-3rum-centralt-norrtalje-kommun-esplanaden-14b-370748086683624617,69-70m²,2026-03-14T19:57:01.571344
4559646030440975009,https://www.hemnet.se/salda/lagenhet-3rum-norrgard-kalmar-kommun-stagneliusgatan-24d-4559646030440975009,69-70m²,2026-03-14T19:57:01.571345
2771430142574109750,"https://www.hemnet.se/salda/lagenhet-2,5rum-lorensberg-goteborgs-kommun-burgardsgatan-12-2771430142574109750",69-70m²,2026-03-14T19:57:01.571346
8819561300584093603,https://www.hemnet.se/salda/lagenhet-2rum-centrum-rattviks-kommun-knihsgatan-7b-8819561300584093603,69-70m²,2026-03-14T19:57:01.571348
1556087973962871845,https://www.hemnet.se/salda/lagenhet-2rum-vasastaden-stockholms-kommun-karlbergsvagen-80a-1556087973962871845,69-70m²,2026-03-14T19:57:01.571349
8158130885936928380,https://www.hemnet.se/salda/lagenhet-3rum-tumba-botkyrka-kommun-kyrkvardsplan-12-8158130885936928380,69-70m²,2026-03-14T19:57:01.571350
5115836047280610137,"https://www.hemnet.se/salda/lagenhet-2rum-vasastan-stockholms-kommun-vanadisvagen-4,-4tr-5115836047280610137",69-70m²,2026-03-14T19:57:01.571352
8181260763898683515,"https://www.hemnet.se/salda/lagenhet-3rum-karrtorp-stockholms-kommun-arkovagen-27,-2tr-8181260763898683515",69-70m²,2026-03-14T19:57:01.571353
8903384151960276914,"https://www.hemnet.se/salda/lagenhet-3,5rum-kirseberg-malmo-kommun-saarisvagen-2a-8903384151960276914",69-70m²,2026-03-14T19:57:01.571354
2235106962282819302,https://www.hemnet.se/salda/lagenhet-3rum-farjestaden-centralt-morbylanga-kommun-rylgatan5b-2235106962282819302,69-70m²,2026-03-14T19:57:01.571356
7700080893428163407,https://www.hemnet.se/salda/lagenhet-3rum-ostanas-kopings-kommun-furuvagen-14-7700080893428163407,69-70m²,2026-03-14T19:57:01.571357
6109730692638663921,"https://www.hemnet.se/salda/lagenhet-3rum-ruddalen,-vastra-frolunda-goteborgs-kommun-gitarrgatan-3-6109730692638663921",69-70m²,2026-03-14T19:57:01.571358
8803781811942050432,https://www.hemnet.se/salda/lagenhet-3rum-hammarby-sjostad-stockholms-kommun-virkesvagen-5a-8803781811942050432,69-70m²,2026-03-14T19:57:01.571360
9180682726225620638,https://www.hemnet.se/salda/lagenhet-3rum-centralt-soder-hudiksvalls-kommun-reffelmansvagen-1d-9180682726225620638,69-70m²,2026-03-14T19:57:01.571361
3805187086103235503,"https://www.hemnet.se/salda/lagenhet-2,5rum-eneby-norrkopings-kommun-reenstiernagatan-32-3805187086103235503",69-70m²,2026-03-14T19:57:01.571362
8739776160763528609,https://www.hemnet.se/salda/lagenhet-2rum-ling-uppsala-kommun-lings-vag-49-8739776160763528609,69-70m²,2026-03-14T19:57:01.571364
4069404195671624980,https://www.hemnet.se/salda/lagenhet-3rum-hersby-lidingo-kommun-karlavagen-31a-4069404195671624980,69-70m²,2026-03-14T19:57:01.571365
5439543277002637013,https://www.hemnet.se/salda/lagenhet-3rum-malen-bastads-kommun-kopmansgatan-105b-5439543277002637013,69-70m²,2026-03-14T19:57:01.571366
6059116249623757913,https://www.hemnet.se/salda/lagenhet-3rum-sodermalm-maria-stockholms-kommun-repslagargatan-25-6059116249623757913,69-70m²,2026-03-14T19:57:01.571368
2213766034714336122,https://www.hemnet.se/salda/lagenhet-3rum-norr-helsingborgs-kommun-cederstromsgatan-2-2213766034714336122,69-70m²,2026-03-14T19:57:01.571369
7472957509243451784,https://www.hemnet.se/salda/lagenhet-2rum-ballstaberg-vallentuna-kommun-svampskogsvagen-19-7472957509243451784,69-70m²,2026-03-14T19:57:01.571370
2549249937320928672,https://www.hemnet.se/salda/lagenhet-3rum-karrtorp-stockholms-kommun-arkovagen-5-2549249937320928672,69-70m²,2026-03-14T19:57:01.571372
4606801571445403450,https://www.hemnet.se/salda/lagenhet-3rum-paradiset-nybro-kommun-jakobsgatan-23-a-4606801571445403450,69-70m²,2026-03-14T19:57:01.571373
8054887579929172928,"https://www.hemnet.se/salda/lagenhet-2,5rum-sodermalm-stockholms-kommun-fatburs-kvarngata-9,-1-tr-8054887579929172928",69-70m²,2026-03-14T19:57:01.571375
144511424469191671,https://www.hemnet.se/salda/lagenhet-3rum-telefonplan-vastberga-stockholms-kommun-dansbanevagen-47-144511424469191671,69-70m²,2026-03-14T19:57:01.571376
6239609906981226221,https://www.hemnet.se/salda/lagenhet-3rum-stora-essingen-kungsholmen-stockholms-kommun-essingestraket-21-6239609906981226221,69-70m²,2026-03-14T19:57:01.571378
1809176630463143800,https://www.hemnet.se/salda/lagenhet-3rum-alvsjo-centrum-stockholms-kommun-gotalandsvagen-245-2tr-1809176630463143800,69-70m²,2026-03-14T19:57:01.571379
2018628158405161019,https://www.hemnet.se/salda/lagenhet-3rum-vallastaden-linkopings-kommun-kunskapslanken-54-2018628158405161019,69-70m²,2026-03-14T19:57:01.571380
8610518723147386551,https://www.hemnet.se/salda/lagenhet-3rum-arsta-stockholms-kommun-ymsenvagen-8-8610518723147386551,69-70m²,2026-03-14T19:57:01.571382
1324362723725571347,https://www.hemnet.se/salda/lagenhet-3rum-holmsund-umea-kommun-centralgatan-17f-1324362723725571347,69-70m²,2026-03-14T19:57:01.571383
2844397045254328202,https://www.hemnet.se/salda/lagenhet-3rum-soder-ulricehamns-kommun-malmgrensgatan-2a-2844397045254328202,69-70m²,2026-03-14T19:57:01.571384
2223585241787109098,https://www.hemnet.se/salda/lagenhet-3rum-bunkeflostrand-malmo-kommun-sadelmakarebyn-2a-2223585241787109098,69-70m²,2026-03-14T19:57:01.571386
4555704835817258516,https://www.hemnet.se/salda/lagenhet-2rum-eneby-centrum-norrkopings-kommun-reenstiernagatan-24-4555704835817258516,69-70m²,2026-03-14T19:57:01.571387
1552771992710334984,"https://www.hemnet.se/salda/lagenhet-2,5rum-limhamns-sjostad-malmo-kommun-limhamns-stationsvag-39-1552771992710334984",69-70m²,2026-03-14T19:57:01.571388
6036073747003808503,https://www.hemnet.se/salda/lagenhet-3rum-tynnered-goteborgs-kommun-topasgatan-72-6036073747003808503,69-70m²,2026-03-14T19:57:01.571389
5982646344857370523,https://www.hemnet.se/salda/lagenhet-2rum-bifrost-molndals-kommun-vetekornsgatan-17-5982646344857370523,69-70m²,2026-03-14T19:57:01.571391
6919183018105768723,https://www.hemnet.se/salda/lagenhet-3rum-johannesfred-stockholms-kommun-stangjarnsvagen-13-6919183018105768723,69-70m²,2026-03-14T19:57:01.571392
4107430156488080747,https://www.hemnet.se/salda/lagenhet-3rum-tynnered-goteborgs-kommun-topasgatan-64-4107430156488080747,69-70m²,2026-03-14T19:57:01.571393
5591974907938139229,https://www.hemnet.se/salda/lagenhet-3rum-sundbyberg-sundbybergs-kommun-vattugatan-9-5591974907938139229,69-70m²,2026-03-14T19:57:01.571394
7607412006781046589,https://www.hemnet.se/salda/lagenhet-3rum-hassleholm-vaster-hassleholms-kommun-gethornskroken-5a-7607412006781046589,69-70m²,2026-03-14T19:57:01.571396
1953555325727350675,https://www.hemnet.se/salda/lagenhet-3rum-salabacke-uppsala-kommun-murargatan-22-d-1953555325727350675,69-70m²,2026-03-14T19:57:01.571397
8439096345275377396,https://www.hemnet.se/salda/lagenhet-2rum-hisings-backa-goteborgs-kommun-sagogangen-21-8439096345275377396,69-70m²,2026-03-14T19:57:01.571398
4236999108607045234,https://www.hemnet.se/salda/lagenhet-2rum-peru-lidhem-vasterviks-kommun-stora-tradgardsgatan-15b-4236999108607045234,69-70m²,2026-03-14T19:57:01.571400
643018812958670514,https://www.hemnet.se/salda/lagenhet-3rum-grabo-gotlands-kommun-sjudarevagen-4c-643018812958670514,69-70m²,2026-03-14T19:57:01.571401
3500691772017126253,https://www.hemnet.se/salda/lagenhet-3rum-centrum-karlsborgs-kommun-karleksstigen-15-3500691772017126253,69-70m²,2026-03-14T19:57:01.571402
1629929725447508574,https://www.hemnet.se/salda/lagenhet-3rum-breared-varbergs-kommun-marmorgatan-86-1629929725447508574,69-70m²,2026-03-14T19:57:01.571403
6527483457427575269,https://www.hemnet.se/salda/lagenhet-2rum-bifrost-molndals-kommun-axgatan-4-6527483457427575269,69-70m²,2026-03-14T19:57:01.571405
5419209923023065788,https://www.hemnet.se/salda/lagenhet-3rum-vasterhaninge-haninge-kommun-ringvagen-72-5419209923023065788,69-70m²,2026-03-14T19:57:01.571406
8988599606290812681,https://www.hemnet.se/salda/lagenhet-3rum-vastra-orminge-nacka-kommun-utovagen-10-8988599606290812681,69-70m²,2026-03-14T19:57:01.571407
8302136251412311640,https://www.hemnet.se/salda/lagenhet-3rum-trangsund-huddinge-kommun-tornslingan-45-8302136251412311640,69-70m²,2026-03-14T19:57:01.571409
3140814716224423875,https://www.hemnet.se/salda/lagenhet-3rum-centrala-vasby-upplands-vasby-kommun-herrgardsvagen-10b-3140814716224423875,69-70m²,2026-03-14T19:57:01.571410
3359521164273149989,https://www.hemnet.se/salda/lagenhet-3rum-angered-goteborgs-kommun-salviadalen-11-3359521164273149989,69-70m²,2026-03-14T19:57:01.571411
3674556833872569209,"https://www.hemnet.se/salda/lagenhet-2,5rum-onsta-gryta-vasteras-kommun-syrenvagen-89-3674556833872569209",69-70m²,2026-03-14T19:57:01.571413
5180493576230995201,"https://www.hemnet.se/salda/lagenhet-3rum-skrea-herting-hjortsberg-falkenbergs-kommun-hjortvagen-8,-lgh-nr-1402-5180493576230995201",69-70m²,2026-03-14T19:57:01.571414
8807917197865701473,https://www.hemnet.se/salda/lagenhet-3rum-bromma-blackeberg-stockholms-kommun-ibsengatan-82-8807917197865701473,69-70m²,2026-03-14T19:57:01.571415
5212493845786117331,https://www.hemnet.se/salda/lagenhet-3rum-hakanstorp-malmo-kommun-skoldgatan-2c-5212493845786117331,69-70m²,2026-03-14T19:57:01.571417
8314699865235034208,https://www.hemnet.se/salda/lagenhet-3rum-centralt-kalmar-kommun-lindolundsgatan-1-8314699865235034208,69-70m²,2026-03-14T19:57:01.571418
1269236554227300805,"https://www.hemnet.se/salda/lagenhet-3rum-racksta-vallingby-parkstad-stockholms-kommun-funasgatan-6,-van-4-0245-1302-1269236554227300805",69-70m²,2026-03-14T19:57:01.571420
6626055327168088729,https://www.hemnet.se/salda/lagenhet-3rum-bro-jursta-upplands-bro-kommun-miklagardsvagen-52d-6626055327168088729,69-70m²,2026-03-14T19:57:01.571421
2228016904759472817,"https://www.hemnet.se/salda/lagenhet-3rum-solna-karolinska-solna-kommun-solnavagen-15d,-van-4-2228016904759472817",69-70m²,2026-03-14T19:57:01.571422
6524177412366767737,https://www.hemnet.se/salda/lagenhet-2rum-or-sundbybergs-kommun-orsvangen-3-6524177412366767737,69-70m²,2026-03-14T19:57:01.571423
2249156098570211267,https://www.hemnet.se/salda/lagenhet-3rum-vallingby-grimsta-stockholms-kommun-gulddragargrand-52-2249156098570211267,69-70m²,2026-03-14T19:57:01.571425
1047060002374082468,https://www.hemnet.se/salda/lagenhet-3rum-molndal-molndals-kommun-stenbrogatan-2b-1047060002374082468,69-70m²,2026-03-14T19:57:01.571426
367266930226465871,https://www.hemnet.se/salda/lagenhet-3rum-kungsladugard-goteborgs-kommun-slottsskogsgatan-75-367266930226465871,69-70m²,2026-03-14T19:57:01.571427
6672757690056117719,https://www.hemnet.se/salda/lagenhet-3rum-lovskatan-lulea-kommun-genvagen-10-6672757690056117719,69-70m²,2026-03-14T19:57:01.571428
1680469967273748350,https://www.hemnet.se/salda/lagenhet-3rum-ruddalen-goteborgs-kommun-musikvagen-40-1680469967273748350,69-70m²,2026-03-14T19:57:01.571430
8597353981035629611,https://www.hemnet.se/salda/lagenhet-2rum-centralt-kalmar-kommun-jutegatan-11b-8597353981035629611,69-70m²,2026-03-14T19:57:01.571431
1995952070515784685,https://www.hemnet.se/salda/lagenhet-3rum-hakanstorp-malmo-kommun-skoldgatan-4c-1995952070515784685,69-70m²,2026-03-14T19:57:01.571432
5903514870362343400,"https://www.hemnet.se/salda/lagenhet-3,5rum-hasselby-gard-stockholms-kommun-loviselundsvagen-9,-lgh-41-5903514870362343400",69-70m²,2026-03-14T19:57:01.571433
2272218466945829696,"https://www.hemnet.se/salda/lagenhet-3rum-vasastan-stockholms-kommun-odengatan-71,-4-tr-2272218466945829696",69-70m²,2026-03-14T19:57:01.571435
6058579759531652871,https://www.hemnet.se/salda/lagenhet-3rum-landala-egnahem-goteborgs-kommun-egnahemsvagen-24a-6058579759531652871,69-70m²,2026-03-14T19:57:01.571436
6340941354214965213,https://www.hemnet.se/salda/lagenhet-2rum-klippan-klippans-kommun-krikavagen-2d-6340941354214965213,69-70m²,2026-03-14T19:57:01.571437
5855059446864834173,https://www.hemnet.se/salda/lagenhet-3rum-skacklinge-botkyrka-kommun-storvretsvagen-110-5855059446864834173,69-70m²,2026-03-14T19:57:01.571438
2978329155340449401,https://www.hemnet.se/salda/lagenhet-3rum-hyllie-malmo-kommun-bures-gata-19a-2978329155340449401,69-70m²,2026-03-14T19:57:01.571439
3903396579891792300,https://www.hemnet.se/salda/lagenhet-2rum-barkaro-vasteras-kommun-barkaro-bygata-22d-3903396579891792300,69-70m²,2026-03-14T19:57:01.571441
3442015516597370075,https://www.hemnet.se/salda/lagenhet-3rum-vikingstad-linkopings-kommun-sivs-gata-7b-3442015516597370075,69-70m²,2026-03-14T19:57:01.571442
1075841609851969351,https://www.hemnet.se/salda/lagenhet-3rum-vasastan-stockholms-kommun-tomtebogatan-11a-1075841609851969351,69-70m²,2026-03-14T19:57:01.571443
6392795455896404436,https://www.hemnet.se/salda/lagenhet-3rum-goteborg-goteborgs-kommun-astris-gata-58-6392795455896404436,69-70m²,2026-03-14T19:57:01.571444
1842270075296173943,https://www.hemnet.se/salda/lagenhet-2rum-sollentuna-karrdal-sollentuna-kommun-lomvagen-623-1842270075296173943,69-70m²,2026-03-14T19:57:01.571446
5504524350398903166,https://www.hemnet.se/salda/lagenhet-2rum-huvudsta-solna-kommun-huvudstagatan-29-5504524350398903166,69-70m²,2026-03-14T19:57:01.571447
8139579704414270399,https://www.hemnet.se/salda/lagenhet-2rum-stenhagen-uppsala-kommun-kullerstensvagen-2-8139579704414270399,69-70m²,2026-03-14T19:57:01.571448
6803731349494419986,https://www.hemnet.se/salda/lagenhet-3rum-rasunda-solna-kommun-rasundavagen-162-6803731349494419986,69-70m²,2026-03-14T19:57:01.571449
5425354091591314610,"https://www.hemnet.se/salda/lagenhet-3rum-hogalid-stockholms-kommun-brannkyrkagatan-73,-2,5tr-5425354091591314610",69-70m²,2026-03-14T19:57:01.571451
1718525050393694095,https://www.hemnet.se/salda/lagenhet-3rum-pildammarna-malmo-kommun-roskildevagen-27-e-1718525050393694095,69-70m²,2026-03-14T19:57:01.571452
1058942848763060515,https://www.hemnet.se/salda/lagenhet-3rum-gideonsberg-vasteras-kommun-blomstergatan-2-1058942848763060515,69-70m²,2026-03-14T19:57:01.571453
2387434487747087925,https://www.hemnet.se/salda/lagenhet-3rum-kortedala-goteborgs-kommun-kortedala-torg-6b-2387434487747087925,69-70m²,2026-03-14T19:57:01.571454
6564442711329582463,https://www.hemnet.se/salda/lagenhet-3rum-gunnesbo-lunds-kommun-rudeboksvagen-86-6564442711329582463,69-70m²,2026-03-14T19:57:01.571456
9186616349586883795,https://www.hemnet.se/salda/lagenhet-4rum-tegefjall-are-kommun-kyrkangesvagen-10d-9186616349586883795,69-70m²,2026-03-14T19:57:01.571457
6006530325205000122,"https://www.hemnet.se/salda/lagenhet-3rum-midsommarkransen-telefonplan-stockholms-kommun-mikrofonvagen-21,-2-tr-6006530325205000122",69-70m²,2026-03-14T19:57:01.571459
4362272086766219518,https://www.hemnet.se/salda/lagenhet-3rum-kalltorp-goteborgs-kommun-sanatoriegatan-16a-4362272086766219518,69-70m²,2026-03-14T19:57:01.571460
2104745680759517445,https://www.hemnet.se/salda/lagenhet-3rum-satra-ang-danderyds-kommun-satraangsvagen-122-2104745680759517445,69-70m²,2026-03-14T19:57:01.571462
4698843290307352064,https://www.hemnet.se/salda/lagenhet-3rum-tynnered-goteborgs-kommun-briljantgatan-89-4698843290307352064,69-70m²,2026-03-14T19:57:01.571463
3321688389498433470,https://www.hemnet.se/salda/lagenhet-3rum-hjorthagen-stockholms-kommun-dianavagen-22-3321688389498433470,69-70m²,2026-03-14T19:57:01.571464
4064582042539736804,https://www.hemnet.se/salda/lagenhet-3rum-skarmarbrink-stockholms-kommun-pelargatan-11-4064582042539736804,69-70m²,2026-03-14T19:57:01.571466
9157526364550897123,https://www.hemnet.se/salda/lagenhet-3rum-danderyd-danderyds-kommun-kevingeringen-17-9157526364550897123,69-70m²,2026-03-14T19:57:01.571467
4555248198152527628,https://www.hemnet.se/salda/lagenhet-3rum-sorby-eklunda-orebro-kommun-restalundsvagen-73-4555248198152527628,69-70m²,2026-03-14T19:57:01.571469
918629577244691253,https://www.hemnet.se/salda/lagenhet-3rum-ornskoldsvik-staden-ornskoldsviks-kommun-angermanlandsgatan-14b-918629577244691253,69-70m²,2026-03-14T19:57:01.571470
8674867496819095455,https://www.hemnet.se/salda/lagenhet-2rum-s-t-knut-mollevangen-malmo-kommun-helsingborgsgatan-5-8674867496819095455,69-70m²,2026-03-14T19:57:01.571471
2340203756483127822,https://www.hemnet.se/salda/lagenhet-2rum-tegnerlunden-vasteras-kommun-folkparksgatan-4-2340203756483127822,69-70m²,2026-03-14T19:57:01.571473
4072259343980062432,https://www.hemnet.se/salda/lagenhet-3rum-jarvastaden-solna-kommun-fridensborgsvagen-109b-4072259343980062432,69-70m²,2026-03-14T19:57:01.571474
714811810745264673,https://www.hemnet.se/salda/lagenhet-2rum-unnerod-uddevalla-kommun-ostanvindsvagen-2-714811810745264673,69-70m²,2026-03-14T19:57:01.571475
1565648174681781180,https://www.hemnet.se/salda/lagenhet-3rum-finnboda-hamn-nacka-kommun-finnboda-varvsvag-10d-1565648174681781180,69-70m²,2026-03-14T19:57:01.571477
6924976441798521600,https://www.hemnet.se/salda/lagenhet-2rum-ulriksdal-solna-kommun-gyllene-hastens-torg-9-6924976441798521600,69-70m²,2026-03-14T19:57:01.571478
8196643859118665844,https://www.hemnet.se/salda/lagenhet-2rum-gamla-filmstaden-solna-kommun-greta-garbos-vag-21b-8196643859118665844,69-70m²,2026-03-14T19:57:01.571480
3372190718172695885,https://www.hemnet.se/salda/lagenhet-2rum-hagaberg-linkopings-kommun-kompanigatan-44-3372190718172695885,69-70m²,2026-03-14T19:57:01.571481
6219796300554389972,https://www.hemnet.se/salda/lagenhet-2rum-grind-norrtalje-kommun-tunvagen-8-f-6219796300554389972,69-70m²,2026-03-14T19:57:01.571482
4864371862524883508,https://www.hemnet.se/salda/lagenhet-2rum-centralt-norrkopings-kommun-olai-kyrkogata-15b-4864371862524883508,69-70m²,2026-03-14T19:57:01.571484
356736299717632242,https://www.hemnet.se/salda/lagenhet-3rum-nyatorp-gustavsfalt-halmstads-kommun-korngatan-5-356736299717632242,69-70m²,2026-03-14T19:57:01.571485
1408654311518215015,https://www.hemnet.se/salda/lagenhet-2rum-vasastan-birkastan-stockholms-kommun-norrbackagatan-26a-1408654311518215015,69-70m²,2026-03-14T19:57:01.571486
5400106516091840075,https://www.hemnet.se/salda/lagenhet-3rum-goteborg-goteborgs-kommun-kabelgatan-14-5400106516091840075,69-70m²,2026-03-14T19:57:01.571487
3873062119216199402,https://www.hemnet.se/salda/lagenhet-3rum-ronninge-salems-kommun-skogsrovagen-3-3873062119216199402,69-70m²,2026-03-14T19:57:01.571489
4701211357692056315,https://www.hemnet.se/salda/lagenhet-2rum-lundby-mjolby-kommun-stjarngatan-13-4701211357692056315,69-70m²,2026-03-14T19:57:01.571490
490098184456723526,"https://www.hemnet.se/salda/lagenhet-3rum-skondal-stockholms-kommun-kubbegatan-22-,-van-1-490098184456723526",69-70m²,2026-03-14T19:57:01.571491
2956086726591324904,https://www.hemnet.se/salda/lagenhet-3rum-dockan-malmo-kommun-lagatan-17-2956086726591324904,69-70m²,2026-03-14T19:57:01.571493
4069678751771855018,https://www.hemnet.se/salda/lagenhet-4rum-hogdalen-stockholms-kommun-skebokvarnsvagen-319-4069678751771855018,69-70m²,2026-03-14T19:57:01.571494
1377664973712876848,https://www.hemnet.se/salda/lagenhet-3rum-rasunda-solna-kommun-vintervagen-41-1377664973712876848,69-70m²,2026-03-14T19:57:01.571495
5621534896018311214,https://www.hemnet.se/salda/lagenhet-3rum-ingared-alingsas-kommun-ingaredsgatan-29-5621534896018311214,69-70m²,2026-03-14T19:57:01.571496
6024928932564915553,"https://www.hemnet.se/salda/lagenhet-3,5rum-karrtorp-stockholms-kommun-vikstensvagen-13-6024928932564915553",69-70m²,2026-03-14T19:57:01.571498
4879808156260738627,https://www.hemnet.se/salda/lagenhet-3rum-vastertorp-hagerstensasen-stockholms-kommun-skidvagen-21-4879808156260738627,69-70m²,2026-03-14T19:57:01.571499
9143468844387121269,https://www.hemnet.se/salda/lagenhet-2rum-gimonas-umea-kommun-porfyrvagen-9-9143468844387121269,69-70m²,2026-03-14T19:57:01.571500
5814648168766810280,https://www.hemnet.se/salda/lagenhet-2rum-grondal-malmo-kommun-per-albin-hanssons-vag-61b-5814648168766810280,69-70m²,2026-03-14T19:57:01.571502
8872726179438618143,https://www.hemnet.se/salda/lagenhet-2rum-karrdal-sollentuna-kommun-lomvagen-617-8872726179438618143,69-70m²,2026-03-14T19:57:01.571503
8483887862955167324,https://www.hemnet.se/salda/lagenhet-3rum-brunnsang-sodertalje-kommun-elsarostigen-8-8483887862955167324,69-70m²,2026-03-14T19:57:01.571504
6101662681521347737,"https://www.hemnet.se/salda/lagenhet-3rum-nacka-kvarnholmen-nacka-kommun-tre-kronors-vag-54,-4tr-6101662681521347737",69-70m²,2026-03-14T19:57:01.571506
5872084689914465579,https://www.hemnet.se/salda/lagenhet-3rum-ostberga-stockholms-kommun-stamgatan-46-5872084689914465579,69-70m²,2026-03-14T19:57:01.571507
4306463284254011122,"https://www.hemnet.se/salda/lagenhet-2,5rum-slottsstaden-malmo-kommun-vastra-kristinelundsvagen-37b-4306463284254011122",69-70m²,2026-03-14T19:57:01.571508
6943159220895260610,https://www.hemnet.se/salda/lagenhet-3rum-munksjostaden-jonkopings-kommun-vaggerydsgatan-16-6943159220895260610,69-70m²,2026-03-14T19:57:01.571510
7927555713096707795,https://www.hemnet.se/salda/lagenhet-2rum-vaster-jonkopings-kommun-hamngatan-7-7927555713096707795,69-70m²,2026-03-14T19:57:01.571511
5644485279031549521,https://www.hemnet.se/salda/lagenhet-2rum-sodermalm-sundsvalls-kommun-neptunigatan-11-b-5644485279031549521,69-70m²,2026-03-14T19:57:01.571512
6543106468920259506,https://www.hemnet.se/salda/lagenhet-3rum-vikhem-staffanstorps-kommun-vikhems-bygata-85-6543106468920259506,69-70m²,2026-03-14T19:57:01.571514
3975150193505078938,https://www.hemnet.se/salda/lagenhet-3rum-druvefors-boras-kommun-druveforsvagen-18-3975150193505078938,69-70m²,2026-03-14T19:57:01.571515
2057477855760710432,https://www.hemnet.se/salda/lagenhet-3rum-bagen-skara-kommun-djurgardsvagen-13-a-2057477855760710432,69-70m²,2026-03-14T19:57:01.571516
3971369258657149097,https://www.hemnet.se/salda/lagenhet-2rum-lunden-skovde-kommun-lundenvagen-15a-3971369258657149097,69-70m²,2026-03-14T19:57:01.571517
7325194460759831426,https://www.hemnet.se/salda/lagenhet-2rum-gamla-rasunda-solna-kommun-rasundavagen-117b-7325194460759831426,69-70m²,2026-03-14T19:57:01.571519
6803497597461883877,"https://www.hemnet.se/salda/lagenhet-2,5rum-soderkulla-malmo-kommun-ormvraksgatan-29-6803497597461883877",69-70m²,2026-03-14T19:57:01.571520
5837086410633658059,https://www.hemnet.se/salda/lagenhet-3rum-kvillebacken-goteborgs-kommun-sven-agne-larssons-vag-3-5837086410633658059,69-70m²,2026-03-14T19:57:01.571521
1969078464213751100,https://www.hemnet.se/salda/lagenhet-2rum-vastra-orminge-nacka-kommun-ormingeringen-20-1969078464213751100,69-70m²,2026-03-14T19:57:01.571523
2201234171463402828,https://www.hemnet.se/salda/lagenhet-3rum-salabacke-uppsala-kommun-murargatan-18d-2201234171463402828,69-70m²,2026-03-14T19:57:01.571524
1967315359509863942,https://www.hemnet.se/salda/lagenhet-3rum-sandmollan-trelleborgs-kommun-klorupsvagen-8c-1967315359509863942,69-70m²,2026-03-14T19:57:01.571525
5448804278434130194,https://www.hemnet.se/salda/lagenhet-2rum-vasastaden-goteborgs-kommun-storgatan-27b-5448804278434130194,69-70m²,2026-03-14T19:57:01.571526
7448641977316320426,https://www.hemnet.se/salda/lagenhet-3rum-jakobsberg-jarfalla-kommun-manadsvagen-34-7448641977316320426,69-70m²,2026-03-14T19:57:01.571528
7856637255453807855,https://www.hemnet.se/salda/lagenhet-2rum-stadskarnan-heleneborg-uddevalla-kommun-tant-bruns-vag-80-7856637255453807855,69-70m²,2026-03-14T19:57:01.571529
7572138197593427505,https://www.hemnet.se/salda/lagenhet-3rum-hallstavik-norrtalje-kommun-gamlebovagen-3b-7572138197593427505,69-70m²,2026-03-14T19:57:01.571530
5298429153372751921,"https://www.hemnet.se/salda/lagenhet-2,5rum-karlsdal-vasteras-kommun-fogdegatan-1a-5298429153372751921",69-70m²,2026-03-14T19:57:01.571532
232540421173307737,https://www.hemnet.se/salda/lagenhet-2rum-drangsmark-skelleftea-kommun-jaktgatan-4a-232540421173307737,69-70m²,2026-03-14T19:57:01.571533
5525045152397381449,https://www.hemnet.se/salda/lagenhet-2rum-vasastan-norrmalm-stockholms-kommun-drottninggatan-90b-5525045152397381449,69-70m²,2026-03-14T19:57:01.571534
4316263436477294921,https://www.hemnet.se/salda/lagenhet-3rum-danderyd-danderyds-kommun-kevingeringen-15-4316263436477294921,69-70m²,2026-03-14T19:57:01.571535
1606273963557455834,"https://www.hemnet.se/salda/lagenhet-2rum-sodermalm-reimersholme-stockholms-kommun-reimersholmsgatan-49,-3-tr-1606273963557455834",69-70m²,2026-03-14T19:57:01.571537
3088068063607652189,https://www.hemnet.se/salda/lagenhet-3rum-ranagard-halmstads-kommun-kalvstigen-17c-3088068063607652189,69-70m²,2026-03-14T19:57:01.571539
9039629439392413602,https://www.hemnet.se/salda/lagenhet-2rum-vasastan-stockholms-kommun-sankt-eriksgatan-65-9039629439392413602,69-70m²,2026-03-14T19:57:01.571540
7188860400753580437,https://www.hemnet.se/salda/lagenhet-3rum-aspudden-stockholms-kommun-sverkersgatan-6-7188860400753580437,69-70m²,2026-03-14T19:57:01.571542
4598098114477039357,https://www.hemnet.se/salda/lagenhet-3rum-fredriksdal-helsingborgs-kommun-fyrverkaregatan-12a-4598098114477039357,69-70m²,2026-03-14T19:57:01.571543
5120508238033990881,https://www.hemnet.se/salda/lagenhet-3rum-frolunda-goteborgs-kommun-lergoksgatan-15-5120508238033990881,69-70m²,2026-03-14T19:57:01.571544
6086214910398397609,https://www.hemnet.se/salda/lagenhet-3rum-tjuvkil-kungalvs-kommun-porsholmsvagen-43-6086214910398397609,69-70m²,2026-03-14T19:57:01.571545
2716276307234443583,https://www.hemnet.se/salda/lagenhet-4rum-klockarfjallet-harjedalens-kommun-vemdalsskalet-tysta-stigen-40b-2716276307234443583,69-70m²,2026-03-14T19:57:01.571547
3221252580494317778,https://www.hemnet.se/salda/lagenhet-2rum-mollevangen-lunds-kommun-mollevangsvagen-10b-3221252580494317778,69-70m²,2026-03-14T19:57:01.571548
2477391207557263654,https://www.hemnet.se/salda/lagenhet-2rum-bankeryd-jonkopings-kommun-nyarpsgatan-5-2477391207557263654,69-70m²,2026-03-14T19:57:01.571549
1724087730676197791,https://www.hemnet.se/salda/lagenhet-3rum-kalltorp-goteborgs-kommun-wingardsgatan-9a-1724087730676197791,69-70m²,2026-03-14T19:57:01.571550
2841598363507601888,https://www.hemnet.se/salda/lagenhet-3rum-norrliden-sundsvalls-kommun-baldersvagen-60-2841598363507601888,69-70m²,2026-03-14T19:57:01.571552
7064508619010851460,"https://www.hemnet.se/salda/lagenhet-3rum-arsta-gullmarsplan-stockholms-kommun-ymsenvagen-8,-van-4-7064508619010851460",69-70m²,2026-03-14T19:57:01.571553
1547569239002551674,https://www.hemnet.se/salda/lagenhet-3rum-arsta-stockholms-kommun-malgomajvagen-9-1547569239002551674,69-70m²,2026-03-14T19:57:01.571554
2342722000041445416,https://www.hemnet.se/salda/lagenhet-3rum-vendelso-haninge-kommun-virkesvagen-86-2342722000041445416,69-70m²,2026-03-14T19:57:01.571555
3767580661753545229,"https://www.hemnet.se/salda/lagenhet-5rum-hundfjallet,-salen-malung-salens-kommun-trollbacken-3-3767580661753545229",69-70m²,2026-03-14T19:57:01.571557
1134003380214928320,https://www.hemnet.se/salda/lagenhet-3rum-visby-gotlands-kommun-s-ta-katarinagatan-4-1134003380214928320,69-70m²,2026-03-14T19:57:01.571558
3055483501180317445,https://www.hemnet.se/salda/lagenhet-2rum-centrum-vaxjo-kommun-norrtullsgatan-10-3055483501180317445,69-70m²,2026-03-14T19:57:01.571560
4019978581710048809,https://www.hemnet.se/salda/lagenhet-3rum-svartviken-upplands-bro-kommun-svartviksbacken-9d-4019978581710048809,69-70m²,2026-03-14T19:57:01.571561
491830897072602996,https://www.hemnet.se/salda/lagenhet-3rum-nacka-strand-nacka-kommun-augustendalsvagen-24-491830897072602996,69-70m²,2026-03-14T19:57:01.571562
549949094553394336,https://www.hemnet.se/salda/lagenhet-3rum-vastberga-telefonplan-stockholms-kommun-tombolavagen-9-549949094553394336,69-70m²,2026-03-14T19:57:01.571564
719306092030387018,https://www.hemnet.se/salda/lagenhet-2rum-trollbacken-skalsatra-tyreso-kommun-vidablicksvagen-74-719306092030387018,69-70m²,2026-03-14T19:57:01.571565
588796307180456850,"https://www.hemnet.se/salda/lagenhet-3,5rum-vasastan-stockholms-kommun-hagagatan-7-588796307180456850",69-70m²,2026-03-14T19:57:01.571567
3041314356317533053,https://www.hemnet.se/salda/lagenhet-4rum-angarna-tegefors-are-kommun-kyrkangesvagen-5d-3041314356317533053,69-70m²,2026-03-14T19:57:01.571568
1921902560337364726,https://www.hemnet.se/salda/lagenhet-2rum-kvissleby-sundsvalls-kommun-affarsgatan-2e-1921902560337364726,69-70m²,2026-03-14T19:57:01.571569
1066963288664083610,https://www.hemnet.se/salda/lagenhet-2rum-kungsangen-uppsala-kommun-kungsangsgatan-57a-1066963288664083610,69-70m²,2026-03-14T19:57:01.571571
6082718121755417324,https://www.hemnet.se/salda/lagenhet-3rum-henriksdalsberget-nacka-kommun-henriksdalsringen-21-6082718121755417324,69-70m²,2026-03-14T19:57:01.571572
7144303109006184494,https://www.hemnet.se/salda/lagenhet-3rum-ekhagen-stockholms-kommun-ekhagsvagen-12-7144303109006184494,69-70m²,2026-03-14T19:57:01.571574
2408300192363961854,https://www.hemnet.se/salda/lagenhet-3rum-soder-arboga-kommun-munkgatan-15-2408300192363961854,69-70m²,2026-03-14T19:57:01.571575
6040888708771906867,https://www.hemnet.se/salda/lagenhet-3rum-gamla-norr-vasterviks-kommun-nedre-norrtullsgatan-2b-6040888708771906867,69-70m²,2026-03-14T19:57:01.571576
3858673063961137119,https://www.hemnet.se/salda/lagenhet-2rum-timmerslatt-partille-kommun-timmerslatt-39e-3858673063961137119,69-70m²,2026-03-14T19:57:01.571578
5767994434657726633,https://www.hemnet.se/salda/lagenhet-3rum-hasselby-sodra-villastad-stockholms-kommun-mirabellbacken-11-5767994434657726633,69-70m²,2026-03-14T19:57:01.571579
5234515322013295754,https://www.hemnet.se/salda/lagenhet-2rum-skalsatra-tyreso-kommun-vidablicksvagen-12-5234515322013295754,69-70m²,2026-03-14T19:57:01.571581
8040875203958912650,https://www.hemnet.se/salda/lagenhet-3rum-gryta-vasteras-kommun-labradorvagen-64-8040875203958912650,69-70m²,2026-03-14T19:57:01.571582
8519023543915372841,"https://www.hemnet.se/salda/lagenhet-2rum-vasastan-stockholms-kommun-luntmakargatan-69a,-1tr-og-8519023543915372841",69-70m²,2026-03-14T19:57:01.571583
4711106582643908045,https://www.hemnet.se/salda/lagenhet-3rum-bullermyren-hagalund-borlange-kommun-vasagatan-14-c-4711106582643908045,69-70m²,2026-03-14T19:57:01.571585
458124404830353868,"https://www.hemnet.se/salda/lagenhet-2rum-vasastan-stockholms-kommun-sveavagen-131,-5tr-458124404830353868",69-70m²,2026-03-14T19:57:01.571586
1135838230819642908,https://www.hemnet.se/salda/lagenhet-2rum-tynnered-goteborgs-kommun-bergkristallsgatan-38-1135838230819642908,69-70m²,2026-03-14T19:57:01.571587
7655371176422554178,"https://www.hemnet.se/salda/lagenhet-3rum-centrala-hisingen-goteborgs-kommun-virvelvindsgatan-26,-vaning-9-7655371176422554178",69-70m²,2026-03-14T19:57:01.571589
6177971807942446250,https://www.hemnet.se/salda/lagenhet-3rum-lovskatan-lulea-kommun-genvagen-4-6177971807942446250,69-70m²,2026-03-14T19:57:01.571590
5874233779414914797,https://www.hemnet.se/salda/lagenhet-3rum-hofors-centralt-hofors-kommun-goklundsvagen-14-5874233779414914797,69-70m²,2026-03-14T19:57:01.571592
8219609229672806404,https://www.hemnet.se/salda/lagenhet-3rum-stureby-stockholms-kommun-skonviksvagen-313-8219609229672806404,69-70m²,2026-03-14T19:57:01.571593
6898749985327105434,https://www.hemnet.se/salda/lagenhet-3rum-rasunda-solna-kommun-vasavagen-29-6898749985327105434,69-70m²,2026-03-14T19:57:01.571594
6468322945292726405,https://www.hemnet.se/salda/lagenhet-3rum-vasastan-stockholms-kommun-birger-jarlsgatan-113a-6468322945292726405,69-70m²,2026-03-14T19:57:01.571595
4348600398611029717,https://www.hemnet.se/salda/lagenhet-2rum-solna-arenastaden-solna-kommun-evenemangsgatan-6-4348600398611029717,69-70m²,2026-03-14T19:57:01.571597
7195902647742343970,https://www.hemnet.se/salda/lagenhet-3rum-centralt-arboga-kommun-osterled-6a-7195902647742343970,69-70m²,2026-03-14T19:57:01.571598
2616002594778320066,"https://www.hemnet.se/salda/lagenhet-2,5rum-sodermalm-mariatorget-stockholms-kommun-bellmansgatan-15-2616002594778320066",69-70m²,2026-03-14T19:57:01.571599
8619070761341467391,https://www.hemnet.se/salda/lagenhet-3rum-bergshamra-solna-kommun-ripstigen-6-8619070761341467391,69-70m²,2026-03-14T19:57:01.571601
5081772811078458030,https://www.hemnet.se/salda/lagenhet-2rum-salto-karlskrona-kommun-utovagen-10a-5081772811078458030,69-70m²,2026-03-14T19:57:01.571602
2291901183646982823,https://www.hemnet.se/salda/lagenhet-3rum-ostra-lugnet-vaxjo-kommun-olsbergsvagen-2c-2291901183646982823,69-70m²,2026-03-14T19:57:01.571603
8610618561243709670,https://www.hemnet.se/salda/lagenhet-3rum-skara-skara-kommun-valhallagatan-12-8610618561243709670,69-70m²,2026-03-14T19:57:01.571605
1907903526172797986,https://www.hemnet.se/salda/lagenhet-2rum-husensjo-helsingborgs-kommun-husensjovagen-59b-1907903526172797986,69-70m²,2026-03-14T19:57:01.571606
4951103220605170274,"https://www.hemnet.se/salda/lagenhet-2rum-vasastan-odenplan-stockholms-kommun-idungatan-8,-1,5tr,-4951103220605170274",69-70m²,2026-03-14T19:57:01.571607
5403255242568930967,https://www.hemnet.se/salda/lagenhet-2rum-skaggetorp-linkopings-kommun-storgarden-3-5403255242568930967,69-70m²,2026-03-14T19:57:01.571609
7171221046592284328,https://www.hemnet.se/salda/lagenhet-3rum-bromma-blackeberg-stockholms-kommun-grundtvigsgatan-17-7171221046592284328,69-70m²,2026-03-14T19:57:01.571610
8058987045358089137,https://www.hemnet.se/salda/lagenhet-2rum-skaggetorp-linkopings-kommun-storgarden-13-8058987045358089137,69-70m²,2026-03-14T19:57:01.571611
3014260662352749414,https://www.hemnet.se/salda/lagenhet-2rum-vasterhaninge-haninge-kommun-solhemsvagen-13-3014260662352749414,69-70m²,2026-03-14T19:57:01.571612
9044436169261443857,https://www.hemnet.se/salda/lagenhet-3rum-eriksbo-goteborgs-kommun-hjallbogardet-54-9044436169261443857,69-70m²,2026-03-14T19:57:01.571614
1372764673547601185,https://www.hemnet.se/salda/lagenhet-3rum-jarvastaden-solna-kommun-jarva-skjutbanevag-48-1372764673547601185,69-70m²,2026-03-14T19:57:01.571615
6821293158222738761,https://www.hemnet.se/salda/lagenhet-2rum-vasastaden-linkopings-kommun-sturegatan-10-6821293158222738761,69-70m²,2026-03-14T19:57:01.571616
1178872487138552234,https://www.hemnet.se/salda/lagenhet-3rum-ruddalen-goteborgs-kommun-musikvagen-36-1178872487138552234,69-70m²,2026-03-14T19:57:01.571618
4219856488004633199,https://www.hemnet.se/salda/lagenhet-3rum-centralt-sandvikens-kommun-hyttgatan-13a-4219856488004633199,69-70m²,2026-03-14T19:57:01.571619
3245804144389254817,https://www.hemnet.se/salda/lagenhet-3rum-skelleftehamn-skelleftea-kommun-hammargatan-16-3245804144389254817,69-70m²,2026-03-14T19:57:01.571620
4340745854334789367,https://www.hemnet.se/salda/lagenhet-2rum-tegelhagen-sollentuna-kommun-skogstorpsvagen-10-4340745854334789367,69-70m²,2026-03-14T19:57:01.571622
1459976803480695598,"https://www.hemnet.se/salda/lagenhet-3rum-viksjo-jarfalla-kommun-agronomgrand-6,-entreplan-1459976803480695598",69-70m²,2026-03-14T19:57:01.571623
3806281102347648010,https://www.hemnet.se/salda/lagenhet-3rum-centrala-sundbyberg-sundbybergs-kommun-ursviksvagen-10-a-3806281102347648010,69-70m²,2026-03-14T19:57:01.571624
2660711618726273590,https://www.hemnet.se/salda/lagenhet-2rum-bromma-blackeberg-stockholms-kommun-drachmannsgatan-36-2660711618726273590,69-70m²,2026-03-14T19:57:01.571626
2905485507323739961,https://www.hemnet.se/salda/lagenhet-3rum-tuve-goteborgs-kommun-vastra-gunnesgarde-37-2905485507323739961,69-70m²,2026-03-14T19:57:01.571627
8155359680261917427,"https://www.hemnet.se/salda/lagenhet-3rum-hersby-lidingo-kommun-karlavagen-31b,-4-tr-8155359680261917427",69-70m²,2026-03-14T19:57:01.571629
2394224847548511875,https://www.hemnet.se/salda/lagenhet-2rum-centralt-apoteksskogen-upplands-vasby-kommun-holmvagen-19-2394224847548511875,69-70m²,2026-03-14T19:57:01.571630
3310479764766485282,https://www.hemnet.se/salda/lagenhet-2rum-centrum-solvesborgs-kommun-s-t-ibbsgatan-7a-3310479764766485282,69-70m²,2026-03-14T19:57:01.571632
8454894448078050956,https://www.hemnet.se/salda/lagenhet-2rum-norra-faladen-lunds-kommun-skarpskyttevagen-24d-8454894448078050956,69-70m²,2026-03-14T19:57:01.571633
7308451078195013352,https://www.hemnet.se/salda/lagenhet-2rum-kvarnbergsplan-centrala-huddinge-huddinge-kommun-lannavagen-10c-7308451078195013352,69-70m²,2026-03-14T19:57:01.571635
1446132148559996610,https://www.hemnet.se/salda/lagenhet-3rum-alingsas-centralt-alingsas-kommun-gardesgatan-11-1446132148559996610,69-70m²,2026-03-14T19:57:01.571636
4946694222934670858,https://www.hemnet.se/salda/lagenhet-3rum-annestad-malmo-kommun-sadelmakarebyn-2b-4946694222934670858,69-70m²,2026-03-14T19:57:01.571637
5031513598746527742,https://www.hemnet.se/salda/lagenhet-3rum-lorensborg-malmo-kommun-lorensborgsgatan-7b-5031513598746527742,69-70m²,2026-03-14T19:57:01.571639
8429482423050034022,https://www.hemnet.se/salda/lagenhet-4rum-tegefjall-are-kommun-tegebacksvagen-7b-8429482423050034022,69-70m²,2026-03-14T19:57:01.571640
4390328669847923999,https://www.hemnet.se/salda/lagenhet-3rum-henriksdalsberget-nacka-kommun-henriksdalsringen-21-4390328669847923999,69-70m²,2026-03-14T19:57:01.571642
7437153409807439395,https://www.hemnet.se/salda/lagenhet-3rum-korsta-sundsvalls-kommun-klippgatan-14-7437153409807439395,69-70m²,2026-03-14T19:57:01.571643
6444527819088603815,"https://www.hemnet.se/salda/lagenhet-2,5rum-vastertorp-stockholms-kommun-vastertorpsvagen-82,-3tr-6444527819088603815",69-70m²,2026-03-14T19:57:01.571645
3500600874029873611,"https://www.hemnet.se/salda/lagenhet-3,5rum-askim-goteborgs-kommun-sosbacken-48-3500600874029873611",69-70m²,2026-03-14T19:57:01.571646
4426059778804059736,https://www.hemnet.se/salda/lagenhet-3rum-dotorp-falkopings-kommun-dotorpsgatan-60a-4426059778804059736,69-70m²,2026-03-14T19:57:01.571647
7898654088063662385,https://www.hemnet.se/salda/lagenhet-3rum-finntorp-nacka-kommun-tallidsvagen-9a-7898654088063662385,69-70m²,2026-03-14T19:57:01.571649
4388196229552044552,https://www.hemnet.se/salda/lagenhet-3rum-skarsatra-lidingo-kommun-pyrolavagen-26-4388196229552044552,69-70m²,2026-03-14T19:57:01.571650
2005700044741190407,https://www.hemnet.se/salda/lagenhet-3rum-bromma-beckomberga-stockholms-kommun-beckomberga-skogsvag-4-2005700044741190407,69-70m²,2026-03-14T19:57:01.571652
947972332024848703,https://www.hemnet.se/salda/lagenhet-3rum-jarfalla-jarfalla-kommun-kopparvagen-20-947972332024848703,69-70m²,2026-03-14T19:57:01.571653
7706603412928872076,https://www.hemnet.se/salda/lagenhet-3rum-vastra-frolunda-goteborgs-kommun-lergoksgatan-17-7706603412928872076,69-70m²,2026-03-14T19:57:01.571655
4640895175882308756,https://www.hemnet.se/salda/lagenhet-3rum-storskogen-sundbybergs-kommun-mariagatan-6-4640895175882308756,69-70m²,2026-03-14T19:57:01.571656
8119439640668270628,https://www.hemnet.se/salda/lagenhet-3rum-ulricehamn-ulricehamns-kommun-norra-strandgatan-3a-8119439640668270628,69-70m²,2026-03-14T19:57:01.571658
1620921109164037573,https://www.hemnet.se/salda/lagenhet-3rum-jungfruplatsen-molndals-kommun-stenbrogatan-2c-1620921109164037573,69-70m²,2026-03-14T19:57:01.571659
4187048337567064638,https://www.hemnet.se/salda/lagenhet-3rum-fagelbo-nykopings-kommun-fagelbovagen-1b-4187048337567064638,69-70m²,2026-03-14T19:57:01.571660
7631939113918236514,https://www.hemnet.se/salda/lagenhet-3rum-sodermalm-maria-stockholms-kommun-rosenlundsgatan-20-7631939113918236514,69-70m²,2026-03-14T19:57:01.571662
2674426612108235766,https://www.hemnet.se/salda/lagenhet-2rum-korsta-sundsvalls-kommun-klippgatan-9-2674426612108235766,69-70m²,2026-03-14T19:57:01.571663
162486247052042969,https://www.hemnet.se/salda/lagenhet-3rum-barkarbystaden-jarfalla-kommun-drakengatan-1-162486247052042969,69-70m²,2026-03-14T19:57:01.571664
3267403115002163782,https://www.hemnet.se/salda/lagenhet-3rum-blomangen-tegelplan-ostersunds-kommun-norra-torlandsgatan-17-b-3267403115002163782,69-70m²,2026-03-14T19:57:01.571666
1982555595040388956,https://www.hemnet.se/salda/lagenhet-3rum-ritorp-oxelgrenshagen-sodertalje-kommun-elsarostigen-8-1982555595040388956,69-70m²,2026-03-14T19:57:01.571667
983702255179126735,https://www.hemnet.se/salda/lagenhet-3rum-hogaborg-helsingborgs-kommun-gasverksgatan-53-983702255179126735,69-70m²,2026-03-14T19:57:01.571669
2442532114325530928,https://www.hemnet.se/salda/lagenhet-2rum-centralt-ostersunds-kommun-ringvagen-20-p-2442532114325530928,69-70m²,2026-03-14T19:57:01.571670
1803284227514673182,"https://www.hemnet.se/salda/lagenhet-2,5rum-sodermalm-stockholms-kommun-fatburs-kvarngata-21-1803284227514673182",69-70m²,2026-03-14T19:57:01.571672
3736944732113392107,https://www.hemnet.se/salda/lagenhet-2rum-centralt-halmstads-kommun-bryngelshusgatan-2-3736944732113392107,69-70m²,2026-03-14T19:57:01.571673
7959024649460500359,https://www.hemnet.se/salda/lagenhet-3rum-nyby-uppsala-kommun-leopoldsgatan-19-7959024649460500359,69-70m²,2026-03-14T19:57:01.571674
6682485171012251650,https://www.hemnet.se/salda/lagenhet-2rum-gottsunda-uppsala-kommun-cellovagen-5g-6682485171012251650,69-70m²,2026-03-14T19:57:01.571676
1271843098380459779,https://www.hemnet.se/salda/lagenhet-3rum-vega-haninge-kommun-gaffelseglet-25-1271843098380459779,69-70m²,2026-03-14T19:57:01.571677
2570498083534572870,https://www.hemnet.se/salda/lagenhet-3rum-gamla-limhamn-malmo-kommun-alggatan-47a-2570498083534572870,69-70m²,2026-03-14T19:57:01.571678
238775902463126318,https://www.hemnet.se/salda/lagenhet-3rum-arvidstorp-falkenbergs-kommun-brattens-vag-8-b-238775902463126318,69-70m²,2026-03-14T19:57:01.571680
8836170642997371941,https://www.hemnet.se/salda/lagenhet-3rum-linkoping-linkopings-kommun-gamla-tanneforsvagen-84e-8836170642997371941,69-70m²,2026-03-14T19:57:01.571681
2769852714268279655,"https://www.hemnet.se/salda/lagenhet-3rum-hersby-lidingo-kommun-vasavagen-5,-bv-2769852714268279655",69-70m²,2026-03-14T19:57:01.571682
2351440344081105676,https://www.hemnet.se/salda/lagenhet-3rum-aspudden-stockholms-kommun-blommensbergsvagen-163-2351440344081105676,69-70m²,2026-03-14T19:57:01.571684
7463281675611893136,"https://www.hemnet.se/salda/lagenhet-2rum-tollare,-nacka-nacka-kommun-tollare-strand-9-7463281675611893136",69-70m²,2026-03-14T19:57:01.571685
5565632309218884711,https://www.hemnet.se/salda/lagenhet-3rum-rasunda-solna-kommun-vasavagen-6-5565632309218884711,69-70m²,2026-03-14T19:57:01.571686
2617935622699829233,https://www.hemnet.se/salda/lagenhet-3rum-karleken-halmstads-kommun-frokentorpsvagen-71-2617935622699829233,69-70m²,2026-03-14T19:57:01.571688
3064118415987345817,https://www.hemnet.se/salda/lagenhet-3rum-olsbacka-gavle-kommun-mardvagen-3-3064118415987345817,69-70m²,2026-03-14T19:57:01.571689
3921031990472347995,https://www.hemnet.se/salda/lagenhet-3rum-mariestrand-umea-kommun-mariehemsvagen-132-3921031990472347995,69-70m²,2026-03-14T19:57:01.571690
4589605160608209535,https://www.hemnet.se/salda/lagenhet-3rum-ovre-vasastaden-linkopings-kommun-slojdgatan-6-4589605160608209535,69-70m²,2026-03-14T19:57:01.571692
5387633035322050471,https://www.hemnet.se/salda/lagenhet-3rum-johanneberg-goteborgs-kommun-spaldingsgatan-9-5387633035322050471,69-70m²,2026-03-14T19:57:01.571693
8068821566857114771,"https://www.hemnet.se/salda/lagenhet-3,5rum-askim-goteborgs-kommun-holmbacken-3-8068821566857114771",69-70m²,2026-03-14T19:57:01.571694
1241305509072416327,https://www.hemnet.se/salda/lagenhet-2rum-odenslund-ostersunds-kommun-brunflovagen-23c-1241305509072416327,69-70m²,2026-03-14T19:57:01.571696
3047684137287176012,https://www.hemnet.se/salda/lagenhet-2rum-centrala-sundbyberg-sundbybergs-kommun-friluftsvagen-27c-3047684137287176012,69-70m²,2026-03-14T19:57:01.571697
7784665921575820760,https://www.hemnet.se/salda/lagenhet-3rum-centralt-kavlinge-kommun-hogsvagen-1d-7784665921575820760,69-70m²,2026-03-14T19:57:01.571698
7653760037647024315,https://www.hemnet.se/salda/lagenhet-2rum-ostermalm-stockholms-kommun-vartavagen-23-7653760037647024315,69-70m²,2026-03-14T19:57:01.571699
5759228392081111857,https://www.hemnet.se/salda/lagenhet-2rum-lunden-skovde-kommun-lundenvagen-29c-5759228392081111857,69-70m²,2026-03-14T19:57:01.571701
790801221600902325,https://www.hemnet.se/salda/lagenhet-2rum-centrum-vasteras-kommun-linnegatan-6-790801221600902325,69-70m²,2026-03-14T19:57:01.571702
1582787292957515179,"https://www.hemnet.se/salda/lagenhet-3rum-kungsholmen-stockholms-kommun-industrigatan-10,-4-tr-1582787292957515179",69-70m²,2026-03-14T19:57:01.571704
6465653808218479965,https://www.hemnet.se/salda/lagenhet-2rum-hallby-eskilstuna-kommun-oknavagen-49b-6465653808218479965,69-70m²,2026-03-14T19:57:01.571705
2058099260553016989,https://www.hemnet.se/salda/lagenhet-3rum-tullinge-botkyrka-kommun-nibblevagen-4-2058099260553016989,69-70m²,2026-03-14T19:57:01.571706
1971169474160561357,https://www.hemnet.se/salda/lagenhet-3rum-berghem-umea-kommun-nydalavagen-12-1971169474160561357,69-70m²,2026-03-14T19:57:01.571707
8521035789400568787,"https://www.hemnet.se/salda/lagenhet-2,5rum-gustavsberg-hasthagen-varmdo-kommun-hovslagarvagen-21-8521035789400568787",69-70m²,2026-03-14T19:57:01.571709
2656971060835380930,https://www.hemnet.se/salda/lagenhet-3rum-teg-umea-kommun-kronovagen-7a-2656971060835380930,69-70m²,2026-03-14T19:57:01.571710
7270085265940431753,https://www.hemnet.se/salda/lagenhet-3rum-centrum-vallentuna-kommun-tvarvagen-1-7270085265940431753,69-70m²,2026-03-14T19:57:01.571711
3658085293950241943,https://www.hemnet.se/salda/lagenhet-3rum-ektorp-saltangen-nacka-kommun-fasanvagen-34-3658085293950241943,69-70m²,2026-03-14T19:57:01.571713
4834939751329224546,"https://www.hemnet.se/salda/lagenhet-2,5rum-skoghall-hammaro-kommun-spelvagen-19-4834939751329224546",69-70m²,2026-03-14T19:57:01.571714
8182154851186633625,https://www.hemnet.se/salda/lagenhet-3rum-dalaberg-uddevalla-kommun-carl-rosens-grand-12-8182154851186633625,69-70m²,2026-03-14T19:57:01.571715
98965429729556154,https://www.hemnet.se/salda/lagenhet-3rum-nasby-park-taby-kommun-koltrastvagen-2e-98965429729556154,69-70m²,2026-03-14T19:57:01.571717
8866168083934014560,https://www.hemnet.se/salda/lagenhet-3rum-slottsstaden-malmo-kommun-regementsgatan-27f-8866168083934014560,69-70m²,2026-03-14T19:57:01.571718
7795276395582435380,https://www.hemnet.se/salda/lagenhet-2rum-centrum-helsingborgs-kommun-kullagatan-37-7795276395582435380,69-70m²,2026-03-14T19:57:01.571719
3204463598085664332,https://www.hemnet.se/salda/lagenhet-2rum-haga-norra-solna-kommun-andersvagen-6-3204463598085664332,69-70m²,2026-03-14T19:57:01.571721
1687473766633067371,https://www.hemnet.se/salda/lagenhet-4rum-are-by-are-kommun-arevagen-130a-1687473766633067371,69-70m²,2026-03-14T19:57:01.571722
8080008305757384032,https://www.hemnet.se/salda/lagenhet-2rum-liljeholmen-jonkopings-kommun-lillgatan-10-8080008305757384032,69-70m²,2026-03-14T19:57:01.571723
6604744030414175418,https://www.hemnet.se/salda/lagenhet-3rum-centrum-ulricehamns-kommun-storgatan-51-6604744030414175418,69-70m²,2026-03-14T19:57:01.571725
1793057959327965060,https://www.hemnet.se/salda/lagenhet-4rum-tegefors-tegefjall-are-kommun-kyrkangesvagen-2c-1793057959327965060,69-70m²,2026-03-14T19:57:01.571726
1579998549601686677,"https://www.hemnet.se/salda/lagenhet-2,5rum-sodermalm-katarina-sofia-stockholms-kommun-bohusgatan-29,-4tr-1579998549601686677",69-70m²,2026-03-14T19:57:01.571727
8544959142444267512,https://www.hemnet.se/salda/lagenhet-3rum-vallda-kungsbacka-kommun-dyrestensvagen-81e-8544959142444267512,69-70m²,2026-03-14T19:57:01.571728
136270937351150961,https://www.hemnet.se/salda/lagenhet-3rum-telefonplan-stockholms-kommun-tellusgangen-32-136270937351150961,69-70m²,2026-03-14T19:57:01.571730
4167718599213280974,https://www.hemnet.se/salda/lagenhet-3rum-britsarvet-falu-kommun-britsarvsvagen-11b-4167718599213280974,69-70m²,2026-03-14T19:57:01.571731
2439633310349925172,https://www.hemnet.se/salda/lagenhet-3rum-gubbangen-stockholms-kommun-cirkelvagen-8-2439633310349925172,69-70m²,2026-03-14T19:57:01.571732
7551781572983067309,https://www.hemnet.se/salda/lagenhet-3rum-vaxnas-karlstads-kommun-hagalundsvagen-36d-7551781572983067309,69-70m²,2026-03-14T19:57:01.571733
3905816343081815003,https://www.hemnet.se/salda/lagenhet-3rum-ornskoldsvik-ornskoldsviks-kommun-angermanlandsgatan-14b-3905816343081815003,69-70m²,2026-03-14T19:57:01.571735
5755962493427016780,https://www.hemnet.se/salda/lagenhet-3rum-bandhagen-stockholms-kommun-kallforsvagen-25-5755962493427016780,69-70m²,2026-03-14T19:57:01.571736
8494423410800853685,"https://www.hemnet.se/salda/lagenhet-2,5rum-s-t-knut-malmo-kommun-henrik-smithsgatan-7-8494423410800853685",69-70m²,2026-03-14T19:57:01.571738
8213428636551321034,https://www.hemnet.se/salda/lagenhet-3rum-centrum-ulricehamns-kommun-lindangsvagen-39-b-8213428636551321034,69-70m²,2026-03-14T19:57:01.571739
1109160788183866720,https://www.hemnet.se/salda/lagenhet-2rum-city-malmo-kommun-gasverksgatan-5-1109160788183866720,69-70m²,2026-03-14T19:57:01.571740
1648744890373681058,https://www.hemnet.se/salda/lagenhet-3rum-gunnesbo-lunds-kommun-rudeboksvagen-4-1648744890373681058,69-70m²,2026-03-14T19:57:01.571741
4798662990575432805,https://www.hemnet.se/salda/lagenhet-3rum-stenkumlet-sandvikens-kommun-smala-vagen-1b-4798662990575432805,69-70m²,2026-03-14T19:57:01.571743
134300669531260541,https://www.hemnet.se/salda/lagenhet-3rum-lugnet-vaxjo-kommun-olsbergsvagen-1c-134300669531260541,69-70m²,2026-03-14T19:57:01.571744
507437908160153382,"https://www.hemnet.se/salda/lagenhet-3rum-vallingby-centrum-stockholms-kommun-abiskovagen-6,-van-7-507437908160153382",69-70m²,2026-03-14T19:57:01.571745
7588655221986553549,https://www.hemnet.se/salda/lagenhet-3rum-centrum-boras-kommun-norrgatan-14-7588655221986553549,69-70m²,2026-03-14T19:57:01.571747
4623228863774981483,https://www.hemnet.se/salda/lagenhet-3rum-centrala-bastad-bastads-kommun-klinkehogsvagen-9b-4623228863774981483,69-70m²,2026-03-14T19:57:01.571748
6610125472722465684,https://www.hemnet.se/salda/lagenhet-3rum-biskopsgarden-goteborgs-kommun-onskevadersgatan-39-6610125472722465684,69-70m²,2026-03-14T19:57:01.571749
1196459129202238708,"https://www.hemnet.se/salda/lagenhet-3rum-ostermalm-stockholms-kommun-riddargatan-21,-4-tr-1196459129202238708",69-70m²,2026-03-14T19:57:01.571751
3132381107897355873,https://www.hemnet.se/salda/lagenhet-3rum-centrala-sundbyberg-sundbybergs-kommun-fredsgatan-2a-3132381107897355873,69-70m²,2026-03-14T19:57:01.571752
6433496931290318842,https://www.hemnet.se/salda/lagenhet-3rum-farsta-strand-stockholms-kommun-eksharadsgatan-89-6433496931290318842,69-70m²,2026-03-14T19:57:01.571753
4808965066485127574,"https://www.hemnet.se/salda/lagenhet-3rum-jakobsberg-jarfalla-kommun-manadsvagen-52,-2-tr,-4808965066485127574",69-70m²,2026-03-14T19:57:01.571755
1385341561020939929,"https://www.hemnet.se/salda/lagenhet-2,5rum-sodermalm-stockholms-kommun-asogatan-161-1385341561020939929",69-70m²,2026-03-14T19:57:01.571756
4673442164297921094,https://www.hemnet.se/salda/lagenhet-2rum-vrena-nykopings-kommun-tarnovagen-27a-4673442164297921094,69-70m²,2026-03-14T19:57:01.571757
2944339110086029424,"https://www.hemnet.se/salda/lagenhet-3rum-kungholmen-stockholms-kommun-fleminggatan-45,-3-tr-2944339110086029424",69-70m²,2026-03-14T19:57:01.571759
5431217530902286078,https://www.hemnet.se/salda/lagenhet-3rum-centralt-ornskoldsvik-ornskoldsviks-kommun-skogsgatan-5a-5431217530902286078,69-70m²,2026-03-14T19:57:01.571760
912323634534791067,https://www.hemnet.se/salda/lagenhet-3rum-bandhagen-hogdalen-stockholms-kommun-sjosavagen-69-912323634534791067,69-70m²,2026-03-14T19:57:01.571761
8706121374620809387,https://www.hemnet.se/salda/lagenhet-2rum-djurangen-kalmar-kommun-djurangsvagen-74b-8706121374620809387,69-70m²,2026-03-14T19:57:01.571762
6626560696726962659,https://www.hemnet.se/salda/lagenhet-2rum-hogaborg-helsingborgs-kommun-faktorsgatan-13-6626560696726962659,69-70m²,2026-03-14T19:57:01.571764
7773600562504362534,https://www.hemnet.se/salda/lagenhet-3rum-norra-nybro-nybro-kommun-mellangatan-5b-7773600562504362534,69-70m²,2026-03-14T19:57:01.571765
6792141196380657586,https://www.hemnet.se/salda/lagenhet-3rum-flatas-hogsbo-goteborgs-kommun-marklandsgatan-69-6792141196380657586,69-70m²,2026-03-14T19:57:01.571766
4935678221996170296,https://www.hemnet.se/salda/lagenhet-3rum-fruangen-stockholms-kommun-kata-dalstroms-gata-10-4935678221996170296,69-70m²,2026-03-14T19:57:01.571768
6636815141815183220,https://www.hemnet.se/salda/lagenhet-2rum-laggarhult-katrineholms-kommun-tybbletorpsvagen-2b-6636815141815183220,69-70m²,2026-03-14T19:57:01.571769
7883992527205138145,https://www.hemnet.se/salda/lagenhet-3rum-hagalund-borlange-kommun-parkgatan-9-7883992527205138145,69-70m²,2026-03-14T19:57:01.571770
206994052737127083,https://www.hemnet.se/salda/lagenhet-2rum-hjortsberg-falkenbergs-kommun-hemvarnsvagen-15-206994052737127083,69-70m²,2026-03-14T19:57:01.571771
6261944470852191131,https://www.hemnet.se/salda/lagenhet-3rum-bromma-mariehall-stockholms-kommun-alpvagen-22-6261944470852191131,69-70m²,2026-03-14T19:57:01.571773
5772071667874761254,https://www.hemnet.se/salda/lagenhet-3rum-stadsskogen-alingsas-kommun-bergakungsgatan-12b-5772071667874761254,69-70m²,2026-03-14T19:57:01.571774
6703635843279217727,https://www.hemnet.se/salda/lagenhet-3rum-hagalund-borlange-kommun-hallsjovagen-19-6703635843279217727,69-70m²,2026-03-14T19:57:01.571775
3646581053453773168,https://www.hemnet.se/salda/lagenhet-3rum-gangsatra-lidingo-kommun-lillakersvagen-2b-3646581053453773168,69-70m²,2026-03-14T19:57:01.571776
5542623587303825692,https://www.hemnet.se/salda/lagenhet-3rum-vingaker-vingakers-kommun-vasagatan-5a-5542623587303825692,69-70m²,2026-03-14T19:57:01.571778
8475661337910886246,https://www.hemnet.se/salda/lagenhet-3rum-centrum-ulricehamns-kommun-storgatan-55-8475661337910886246,69-70m²,2026-03-14T19:57:01.571779
4807932444010362499,https://www.hemnet.se/salda/lagenhet-3rum-kungsholmen-stockholms-kommun-alstromergatan-8b-4807932444010362499,69-70m²,2026-03-14T19:57:01.571780
3181236148026573669,https://www.hemnet.se/salda/lagenhet-3rum-liljeholmen-jonkopings-kommun-lillgatan-14-3181236148026573669,69-70m²,2026-03-14T19:57:01.571781
7937705127938289170,https://www.hemnet.se/salda/lagenhet-2rum-hallsta-eskilstuna-kommun-ryningsbergsvagen-12d-7937705127938289170,69-70m²,2026-03-14T19:57:01.571782
6462177768959702773,https://www.hemnet.se/salda/lagenhet-2rum-nybro-falu-kommun-hyttgatan-68b-6462177768959702773,69-70m²,2026-03-14T19:57:01.571784
5668860799425443478,https://www.hemnet.se/salda/lagenhet-2rum-dalaberg-uddevalla-kommun-tant-bruns-vag-89-5668860799425443478,69-70m²,2026-03-14T19:57:01.571785
5116076003507360341,https://www.hemnet.se/salda/lagenhet-2rum-sodra-nynashamn-nynashamns-kommun-landgangen-11-5116076003507360341,69-70m²,2026-03-14T19:57:01.571786
8450567311474121388,https://www.hemnet.se/salda/lagenhet-2rum-kapellgardet-uppsala-kommun-torngatan-38-8450567311474121388,69-70m²,2026-03-14T19:57:01.571787
3362800410958542520,https://www.hemnet.se/salda/lagenhet-3rum-eneborg-helsingborgs-kommun-handelsmansgatan-1a-3362800410958542520,69-70m²,2026-03-14T19:57:01.571789
5493268811053918488,"https://www.hemnet.se/salda/lagenhet-2,5rum-luthagen-uppsala-kommun-geijersgatan-17b-5493268811053918488",69-70m²,2026-03-14T19:57:01.571790
6044657299757364346,"https://www.hemnet.se/salda/lagenhet-3rum-vasastan-stockholms-kommun-wallingatan-31,-5tr-6044657299757364346",69-70m²,2026-03-14T19:57:01.571791
4018669397279912774,https://www.hemnet.se/salda/lagenhet-3rum-ostberga-stockholms-kommun-stamgatan-82-4018669397279912774,69-70m²,2026-03-14T19:57:01.571792
65839621610394249,https://www.hemnet.se/salda/lagenhet-3rum-surte-ale-kommun-cykelgrand-4h-65839621610394249,69-70m²,2026-03-14T19:57:01.571794
9133666504021756614,https://www.hemnet.se/salda/lagenhet-3rum-vastra-frolunda-goteborgs-kommun-topasgatan-88-9133666504021756614,69-70m²,2026-03-14T19:57:01.571795
1742052460311594900,https://www.hemnet.se/salda/lagenhet-2rum-johanneberg-goteborgs-kommun-pontus-wiknersgatan-9-1742052460311594900,69-70m²,2026-03-14T19:57:01.571796
6009366261625623615,https://www.hemnet.se/salda/lagenhet-3rum-eriksberg-uppsala-kommun-stigbergsplan-7-6009366261625623615,69-70m²,2026-03-14T19:57:01.571798
1230819716723174723,https://www.hemnet.se/salda/lagenhet-2rum-odensvi-vasteras-kommun-kumlagatan-3-1230819716723174723,69-70m²,2026-03-14T19:57:01.571799
3637497238756874006,https://www.hemnet.se/salda/lagenhet-2rum-centralt-nissastrand-halmstads-kommun-torntorget-6b-3637497238756874006,69-70m²,2026-03-14T19:57:01.571800
4290867647844681671,https://www.hemnet.se/salda/lagenhet-2rum-dalby-lunds-kommun-skolgatan-3-4290867647844681671,69-70m²,2026-03-14T19:57:01.571802
4716624751804959711,https://www.hemnet.se/salda/lagenhet-3rum-tumba-botkyrka-kommun-skacklingevagen-43-4716624751804959711,69-70m²,2026-03-14T19:57:01.571803
7935162421894391143,"https://www.hemnet.se/salda/lagenhet-3rum-vendelsomalm-haninge-kommun-vendelsomalmsvagen-199,-1-2-trappa-7935162421894391143",69-70m²,2026-03-14T19:57:01.571804
3791506833040939812,https://www.hemnet.se/salda/lagenhet-3rum-centralt-halmstads-kommun-sodra-vagen-19-3791506833040939812,69-70m²,2026-03-14T19:57:01.571806
4991408006855017915,https://www.hemnet.se/salda/lagenhet-2rum-davidshall-malmo-kommun-ostra-ronneholmsvagen-15-4991408006855017915,69-70m²,2026-03-14T19:57:01.571807
935028485253942103,https://www.hemnet.se/salda/lagenhet-2rum-tuve-goteborgs-kommun-vastra-gunnesgarde-25-935028485253942103,69-70m²,2026-03-14T19:57:01.571808
8893888406605257025,https://www.hemnet.se/salda/lagenhet-3rum-molndal-stensjon-molndals-kommun-larssons-berg-12-8893888406605257025,69-70m²,2026-03-14T19:57:01.571809
8943955256180166199,https://www.hemnet.se/salda/lagenhet-3rum-osby-centralt-osby-kommun-skogsgatan-8c-8943955256180166199,69-70m²,2026-03-14T19:57:01.571811
7021856867558315553,https://www.hemnet.se/salda/lagenhet-3rum-varnhem-malmo-kommun-vargatan-17-7021856867558315553,69-70m²,2026-03-14T19:57:01.571812
4732540367845319056,https://www.hemnet.se/salda/lagenhet-3rum-berghem-umea-kommun-skidsparet-13-4732540367845319056,69-70m²,2026-03-14T19:57:01.571813
5101505293538197563,https://www.hemnet.se/salda/lagenhet-4rum-angarna-tegefors-are-kommun-kyrkangesvagen-7e-5101505293538197563,69-70m²,2026-03-14T19:57:01.571815
6724875405635949260,https://www.hemnet.se/salda/lagenhet-2rum-blasbo-vasteras-kommun-sankta-ursulas-vag-2ab-6724875405635949260,69-70m²,2026-03-14T19:57:01.571816
4490917220770916606,https://www.hemnet.se/salda/lagenhet-3rum-dalenum-lidingo-kommun-periskopvagen-17-4490917220770916606,69-70m²,2026-03-14T19:57:01.571817
139920295661230248,https://www.hemnet.se/salda/lagenhet-4rum-bromma-blackeberg-stockholms-kommun-holbergsgatan-75-139920295661230248,69-70m²,2026-03-14T19:57:01.571818
2878238455757969374,https://www.hemnet.se/salda/lagenhet-3rum-ronninge-salems-kommun-skogsrovagen-3-2878238455757969374,69-70m²,2026-03-14T19:57:01.571820
8157000456228110190,https://www.hemnet.se/salda/lagenhet-3rum-tyreso-centrum-tyreso-kommun-bollmoravagen-10-8157000456228110190,69-70m²,2026-03-14T19:57:01.571821
596248081100985938,https://www.hemnet.se/salda/lagenhet-3rum-odakra-helsingborgs-kommun-hagmarksgatan-4e-596248081100985938,69-70m²,2026-03-14T19:57:01.571822
1625472768638149126,https://www.hemnet.se/salda/lagenhet-3rum-sjobo-boras-kommun-barnhemsgatan-38-1625472768638149126,69-70m²,2026-03-14T19:57:01.571823
7551061231819823469,https://www.hemnet.se/salda/lagenhet-3rum-hammarbyhojden-stockholms-kommun-astorpsringen-19-7551061231819823469,69-70m²,2026-03-14T19:57:01.571825
2215193002440873584,https://www.hemnet.se/salda/lagenhet-2rum-korsta-sundsvalls-kommun-klippgatan-13-2215193002440873584,69-70m²,2026-03-14T19:57:01.571826
92207825148574021,https://www.hemnet.se/salda/lagenhet-3rum-ovre-vasastaden-linkopings-kommun-nordengatan-5b-92207825148574021,69-70m²,2026-03-14T19:57:01.571827
6836419603408057391,https://www.hemnet.se/salda/lagenhet-3rum-huvudsta-solna-kommun-slaggbacken-3-6836419603408057391,69-70m²,2026-03-14T19:57:01.571829
5708305029578611825,https://www.hemnet.se/salda/lagenhet-3rum-segevang-malmo-kommun-kronetorpsgatan-68a-5708305029578611825,69-70m²,2026-03-14T19:57:01.571830
8898507722899399869,https://www.hemnet.se/salda/lagenhet-2rum-sondrum-halmstads-kommun-palsbovagen-9d-8898507722899399869,69-70m²,2026-03-14T19:57:01.571831
6678761455493683195,https://www.hemnet.se/salda/lagenhet-3rum-bromma-blackeberg-stockholms-kommun-holbergsgatan-126-6678761455493683195,69-70m²,2026-03-14T19:57:01.571832
7610990944433030586,https://www.hemnet.se/salda/lagenhet-2rum-granloholm-sundsvalls-kommun-malmovagen-71-7610990944433030586,69-70m²,2026-03-14T19:57:01.571834
3503023268941080861,"https://www.hemnet.se/salda/lagenhet-3rum-arsta-stockholms-kommun-malgomajvagen-21,-2-tr-3503023268941080861",69-70m²,2026-03-14T19:57:01.571835
1214089971496439532,https://www.hemnet.se/salda/lagenhet-3rum-bagarmossen-stockholms-kommun-kolbacksgrand-16-1214089971496439532,69-70m²,2026-03-14T19:57:01.571836
8556325016978677330,"https://www.hemnet.se/salda/lagenhet-2,5rum-vasastan-odenplan-stockholms-kommun-kungstensgatan-35a-8556325016978677330",69-70m²,2026-03-14T19:57:01.571838
1478936037879258010,https://www.hemnet.se/salda/lagenhet-3rum-handen-haninge-kommun-vallagrand-16-1478936037879258010,69-70m²,2026-03-14T19:57:01.571839
