property_id,url,area_range,scraped_at
3023508373857359118,https://www.hemnet.se/salda/lagenhet-3rum-kungshojd-goteborgs-kommun-kungsgatan-9b-3023508373857359118,90-91m²,2026-03-16T11:59:16.340830
4636351683744979202,https://www.hemnet.se/salda/lagenhet-4rum-klosters-falad-lunds-kommun-vildgasvagen-25a-4636351683744979202,90-91m²,2026-03-16T11:59:16.340839
66710406707287062,https://www.hemnet.se/salda/lagenhet-3rum-ringstorp-helsingborgs-kommun-ryttmastaregatan-13d-66710406707287062,90-91m²,2026-03-16T11:59:16.340842
8288797078599695438,https://www.hemnet.se/salda/lagenhet-4rum-sodertorn-oskarshamns-kommun-tallvagen-24-8288797078599695438,90-91m²,2026-03-16T11:59:16.340844
9187673834319084995,https://www.hemnet.se/salda/lagenhet-4rum-hyllie-malmo-kommun-hyllie-boulevard-9d-9187673834319084995,90-91m²,2026-03-16T11:59:16.340846
5507742240008319815,https://www.hemnet.se/salda/lagenhet-4rum-furunaset-pitea-kommun-skihagestigen-3-a-5507742240008319815,90-91m²,2026-03-16T11:59:16.340849
1093446768328454521,https://www.hemnet.se/salda/lagenhet-3rum-biskopshagen-vaxjo-kommun-sodra-allen-3-1093446768328454521,90-91m²,2026-03-16T11:59:16.340851
4767755136121559722,https://www.hemnet.se/salda/lagenhet-3rum-centrala-handen-haninge-kommun-sleipnervagen-67-4767755136121559722,90-91m²,2026-03-16T11:59:16.340853
4870649509358957528,https://www.hemnet.se/salda/lagenhet-4rum-skene-marks-kommun-marbogatan-7a-4870649509358957528,90-91m²,2026-03-16T11:59:16.340855
928504881260698989,https://www.hemnet.se/salda/lagenhet-4rum-bagarmossen-stockholms-kommun-lagavagen-18-928504881260698989,90-91m²,2026-03-16T11:59:16.340857
3574925668773445793,https://www.hemnet.se/salda/lagenhet-3rum-hokopinge-vellinge-kommun-backhusvagen-7-3574925668773445793,90-91m²,2026-03-16T11:59:16.340860
274269526037930599,"https://www.hemnet.se/salda/lagenhet-4rum-botkyrka-norsborg-botkyrka-kommun-ragvagen-7,-7-tr-274269526037930599",90-91m²,2026-03-16T11:59:16.340862
1509985766156407613,https://www.hemnet.se/salda/lagenhet-3rum-brunstorp-jonkopings-kommun-sikvagen-6-1509985766156407613,90-91m²,2026-03-16T11:59:16.340864
5187335238192110511,https://www.hemnet.se/salda/lagenhet-4rum-handen-haninge-kommun-vallavagen-73-5187335238192110511,90-91m²,2026-03-16T11:59:16.340867
6857749668163852458,https://www.hemnet.se/salda/lagenhet-3rum-backadal-angelholms-kommun-liljegatan-34-6857749668163852458,90-91m²,2026-03-16T11:59:16.340869
8270893617514187300,"https://www.hemnet.se/salda/lagenhet-4rum-skytteholm-solna-kommun-framnasbacken-9,-van-4-8270893617514187300",90-91m²,2026-03-16T11:59:16.340872
8698248230576288471,https://www.hemnet.se/salda/lagenhet-4rum-vasterhaninge-haninge-kommun-ringvagen-35-8698248230576288471,90-91m²,2026-03-16T11:59:16.340875
2499939834680047942,"https://www.hemnet.se/salda/lagenhet-4rum-spanga-bromstensstaden-stockholms-kommun-skogangsvagen-32,-1-tr-2499939834680047942",90-91m²,2026-03-16T11:59:16.340878
1590624983231894499,"https://www.hemnet.se/salda/lagenhet-4rum-centrala-haninge-haninge-kommun-sleipnervagen-81,-vaning-1-av-3,-1590624983231894499",90-91m²,2026-03-16T11:59:16.340881
1291081124905740456,https://www.hemnet.se/salda/lagenhet-3rum-vasastan-stockholms-kommun-radmansgatan-74-1291081124905740456,90-91m²,2026-03-16T11:59:16.340883
766717531309294356,https://www.hemnet.se/salda/lagenhet-3rum-vasastan-stockholms-kommun-birger-jarlsgatan-117-766717531309294356,90-91m²,2026-03-16T11:59:16.340886
7223152833096538259,https://www.hemnet.se/salda/lagenhet-3rum-sickla-nacka-kommun-sickla-alle-47-7223152833096538259,90-91m²,2026-03-16T11:59:16.340888
1340070214067809150,https://www.hemnet.se/salda/lagenhet-3rum-orminge-centrum-nacka-kommun-edovagen-26c-1340070214067809150,90-91m²,2026-03-16T11:59:16.340891
5749946878649908095,https://www.hemnet.se/salda/lagenhet-4rum-taby-centrum-taby-kommun-akerbyvagen-372-5749946878649908095,90-91m²,2026-03-16T11:59:16.340893
8823296319266638838,https://www.hemnet.se/salda/lagenhet-4rum-bolinder-strand-jarfalla-kommun-maskinistvagen-12-8823296319266638838,90-91m²,2026-03-16T11:59:16.340896
8015171597968923003,"https://www.hemnet.se/salda/lagenhet-3,5rum-visattra-huddinge-kommun-mangardsvagen-22-8015171597968923003",90-91m²,2026-03-16T11:59:16.340898
4187776707652266950,https://www.hemnet.se/salda/lagenhet-4rum-lindholmen-goteborgs-kommun-gotaverksgatan-20-4187776707652266950,90-91m²,2026-03-16T11:59:16.340900
3438750293609929591,https://www.hemnet.se/salda/lagenhet-3rum-alderholmen-gavle-kommun-redargatan-1-3438750293609929591,90-91m²,2026-03-16T11:59:16.340903
981074783103573322,https://www.hemnet.se/salda/lagenhet-3rum-hovslatt-jonkopings-kommun-vastra-hallstorpsvagen-39-981074783103573322,90-91m²,2026-03-16T11:59:16.340905
2464704477022097078,https://www.hemnet.se/salda/lagenhet-3rum-nasby-slottspark-taby-kommun-nasbyviksgrand-12-2464704477022097078,90-91m²,2026-03-16T11:59:16.340908
2402602590280916983,https://www.hemnet.se/salda/lagenhet-3rum-fiskeback-goteborgs-kommun-halleflundregatan-42-2402602590280916983,90-91m²,2026-03-16T11:59:16.340911
6275170435934912676,"https://www.hemnet.se/salda/lagenhet-3rum-nacka-kvarnholmen-nacka-kommun-mjolnarvagen-22,-9-tr-6275170435934912676",90-91m²,2026-03-16T11:59:16.340914
7647675402864784038,https://www.hemnet.se/salda/lagenhet-3rum-nya-staden-lidkopings-kommun-stenportsgatan-70a-7647675402864784038,90-91m²,2026-03-16T11:59:16.340916
3768132113887941049,https://www.hemnet.se/salda/lagenhet-3rum-gamla-norr-vaxjo-kommun-gamla-norrvagen-194-3768132113887941049,90-91m²,2026-03-16T11:59:16.340919
6906737379215271954,"https://www.hemnet.se/salda/lagenhet-3rum-kungsholmen-stockholms-kommun-sankt-eriksgatan-23,-5-tr-6906737379215271954",90-91m²,2026-03-16T11:59:16.340922
4298210737058167823,https://www.hemnet.se/salda/lagenhet-3rum-arlov-burlovs-kommun-tagvirkesgatan-2-4298210737058167823,90-91m²,2026-03-16T11:59:16.340924
6313570045001116429,https://www.hemnet.se/salda/lagenhet-3rum-akeslund-stockholms-kommun-tunnlandsvagen-93-6313570045001116429,90-91m²,2026-03-16T11:59:16.340926
1066824333147637267,https://www.hemnet.se/salda/lagenhet-3rum-centrum-vasteras-kommun-stora-gatan-44c-1066824333147637267,90-91m²,2026-03-16T11:59:16.340929
4169081104322289330,https://www.hemnet.se/salda/lagenhet-3rum-sundsvall-centrum-sundsvalls-kommun-tradgardsgatan-32b-4169081104322289330,90-91m²,2026-03-16T11:59:16.340931
873172995995128955,https://www.hemnet.se/salda/lagenhet-3rum-centralt-kungalvs-kommun-herr-arnes-gata-8-873172995995128955,90-91m²,2026-03-16T11:59:16.340934
3321188780259326193,https://www.hemnet.se/salda/lagenhet-3rum-centralt-norrtalje-kommun-galles-grand-6a-3321188780259326193,90-91m²,2026-03-16T11:59:16.340936
1033748203850429498,https://www.hemnet.se/salda/lagenhet-4rum-norra-frosunda-solna-kommun-master-simons-vag-12-1033748203850429498,90-91m²,2026-03-16T11:59:16.340940
6395624648508908542,https://www.hemnet.se/salda/lagenhet-5rum-bandhagen-stockholms-kommun-trollesundsvagen-29-6395624648508908542,90-91m²,2026-03-16T11:59:16.340942
5380019576933000858,https://www.hemnet.se/salda/lagenhet-3rum-sodertorn-oskarshamns-kommun-tallvagen-8-5380019576933000858,90-91m²,2026-03-16T11:59:16.340945
2459414379576934381,https://www.hemnet.se/salda/lagenhet-3rum-centrum-nyhamn-landskrona-kommun-kungsgatan-5-2459414379576934381,90-91m²,2026-03-16T11:59:16.340947
5296792250168997214,https://www.hemnet.se/salda/lagenhet-3rum-centrum-nyhamn-landskrona-kommun-kungsgatan-5-5296792250168997214,90-91m²,2026-03-16T11:59:16.340949
5920919913756642978,"https://www.hemnet.se/salda/lagenhet-3rum-skytteholm-solna-kommun-ankdammsgatan-4,-3-3-tr-5920919913756642978",90-91m²,2026-03-16T11:59:16.340952
5269964547213376581,https://www.hemnet.se/salda/lagenhet-4rum-centrala-stan-skelleftea-kommun-repslagargrand-5-5269964547213376581,90-91m²,2026-03-16T11:59:16.340954
2805601533694939690,https://www.hemnet.se/salda/lagenhet-4rum-beckomberga-stockholms-kommun-beckomberga-angsvag-41-2805601533694939690,90-91m²,2026-03-16T11:59:16.340956
1274906910654644087,https://www.hemnet.se/salda/lagenhet-3rum-arlov-burlovs-kommun-tagvirkesgatan-2-1274906910654644087,90-91m²,2026-03-16T11:59:16.340958
1734374857928480369,https://www.hemnet.se/salda/lagenhet-4rum-jarnakra-lunds-kommun-jarnakravagen-25a-1734374857928480369,90-91m²,2026-03-16T11:59:16.340961
275785445843521694,https://www.hemnet.se/salda/lagenhet-4rum-liljeholmen-stockholms-kommun-nybodaringen-33-275785445843521694,90-91m²,2026-03-16T11:59:16.340963
3111768195687344310,https://www.hemnet.se/salda/lagenhet-4rum-kapelle-tureborg-uddevalla-kommun-ostbergsvagen-7-3111768195687344310,90-91m²,2026-03-16T11:59:16.340966
7992524975309700096,https://www.hemnet.se/salda/lagenhet-4rum-rudviken-solna-kommun-vastra-vagen-15-7992524975309700096,90-91m²,2026-03-16T11:59:16.340969
2028615106467265904,https://www.hemnet.se/salda/lagenhet-4rum-centrala-vasby-upplands-vasby-kommun-forsgrand-3-2028615106467265904,90-91m²,2026-03-16T11:59:16.340971
8973908135975365340,https://www.hemnet.se/salda/lagenhet-4rum-vigelsjo-norrtalje-kommun-vigelsjovagen-6a-8973908135975365340,90-91m²,2026-03-16T11:59:16.340974
4228759326871746936,https://www.hemnet.se/salda/lagenhet-4rum-vastra-orminge-nacka-kommun-ormingeringen-47b-4228759326871746936,90-91m²,2026-03-16T11:59:16.340976
61733033266507403,https://www.hemnet.se/salda/lagenhet-4rum-handen-haninge-kommun-vallavagen-169-61733033266507403,90-91m²,2026-03-16T11:59:16.340979
3393835750888280722,"https://www.hemnet.se/salda/lagenhet-4rum-hornstull-stockholms-kommun-drakenbergsgatan-19,-8-tr-3393835750888280722",90-91m²,2026-03-16T11:59:16.340981
6800655917592281407,https://www.hemnet.se/salda/lagenhet-4rum-vadergatorna-uppsala-kommun-dimgatan-7-6800655917592281407,90-91m²,2026-03-16T11:59:16.340983
3332449453152085981,"https://www.hemnet.se/salda/lagenhet-3,5rum-vasastan-stockholms-kommun-sveavagen-139-3332449453152085981",90-91m²,2026-03-16T11:59:16.340986
6193817604387743296,https://www.hemnet.se/salda/lagenhet-4rum-marsta-centralt-sigtuna-kommun-satunavagen-17c-6193817604387743296,90-91m²,2026-03-16T11:59:16.340988
4601116517085271035,https://www.hemnet.se/salda/lagenhet-3rum-kalleback-goteborgs-kommun-smorgatan-102-4601116517085271035,90-91m²,2026-03-16T11:59:16.340991
315040713613356559,https://www.hemnet.se/salda/lagenhet-4rum-stabby-luthagen-uppsala-kommun-prastgardsgatan-9-a-315040713613356559,90-91m²,2026-03-16T11:59:16.340993
5886722272030927976,https://www.hemnet.se/salda/lagenhet-3rum-centrum-uppsala-kommun-skolgatan-22a-5886722272030927976,90-91m²,2026-03-16T11:59:16.340995
9073217312252231180,https://www.hemnet.se/salda/lagenhet-4rum-vallingby-centrum-stockholms-kommun-jamtlandsgatan-88-9073217312252231180,90-91m²,2026-03-16T11:59:16.340998
5140607801564284208,https://www.hemnet.se/salda/lagenhet-4rum-vipeholmsparken-lunds-kommun-vipeholms-alle-53-5140607801564284208,90-91m²,2026-03-16T11:59:16.341000
8354790377795525601,https://www.hemnet.se/salda/lagenhet-4rum-ornsberg-aspudden-stockholms-kommun-instrumentvagen-26-8354790377795525601,90-91m²,2026-03-16T11:59:16.341003
7056585147023706351,https://www.hemnet.se/salda/lagenhet-3rum-vastra-eriksberg-goteborgs-kommun-monsungatan-72-7056585147023706351,90-91m²,2026-03-16T11:59:16.341005
759012894871580283,https://www.hemnet.se/salda/lagenhet-4rum-sandarna-fixfabriken-goteborgs-kommun-guldkallegatan-40-759012894871580283,90-91m²,2026-03-16T11:59:16.341008
7254726944898496145,https://www.hemnet.se/salda/lagenhet-3rum-linnestaden-goteborgs-kommun-tredje-langgatan-25-7254726944898496145,90-91m²,2026-03-16T11:59:16.341010
7404614605480001720,https://www.hemnet.se/salda/lagenhet-3rum-rud-karlstads-kommun-mossgatan-177-7404614605480001720,90-91m²,2026-03-16T11:59:16.341013
5103743782718641361,"https://www.hemnet.se/salda/lagenhet-3rum-centrala-handen-haninge-kommun-sleipnervagen-47,-1-tr-5103743782718641361",90-91m²,2026-03-16T11:59:16.341016
7099896023402960588,https://www.hemnet.se/salda/lagenhet-4rum-vaxjo-vikaholm-vaxjo-kommun-vikaholmsallen-59a-7099896023402960588,90-91m²,2026-03-16T11:59:16.341019
7443809908847332241,https://www.hemnet.se/salda/lagenhet-3rum-handen-haninge-kommun-sleipnervagen-27-7443809908847332241,90-91m²,2026-03-16T11:59:16.341022
4321716659997674360,https://www.hemnet.se/salda/lagenhet-4rum-mariehall-stockholms-kommun-mariehallsvagen-6-4321716659997674360,90-91m²,2026-03-16T11:59:16.341024
6223100227314013974,"https://www.hemnet.se/salda/lagenhet-3rum-hogalid-stockholms-kommun-borgargatan-2,-5-tr-6223100227314013974",90-91m²,2026-03-16T11:59:16.341027
2939257419732128664,https://www.hemnet.se/salda/lagenhet-4rum-sodertorn-oskarshamns-kommun-tallvagen-10-2939257419732128664,90-91m²,2026-03-16T11:59:16.341031
7938509053402494251,https://www.hemnet.se/salda/lagenhet-3rum-brynas-gavle-kommun-brynasgatan-99-7938509053402494251,90-91m²,2026-03-16T11:59:16.341033
1330737080811579535,https://www.hemnet.se/salda/lagenhet-4rum-trandared-boras-kommun-kallhagsgatan-37-1330737080811579535,90-91m²,2026-03-16T11:59:16.341036
7680328294565867399,"https://www.hemnet.se/salda/lagenhet-4rum-hammarbyhojden-stockholms-kommun-paternostervagen-74,-1-tr-7680328294565867399",90-91m²,2026-03-16T11:59:16.341038
4554523704284884932,https://www.hemnet.se/salda/lagenhet-3rum-haga-karlstads-kommun-hagagatan-8i-4554523704284884932,90-91m²,2026-03-16T11:59:16.341041
8876645378554119106,https://www.hemnet.se/salda/lagenhet-4rum-bodal-lidingo-kommun-bodalsvagen-22-8876645378554119106,90-91m²,2026-03-16T11:59:16.341043
545657915782914462,https://www.hemnet.se/salda/lagenhet-3rum-soder-gavle-kommun-murengatan-20-a-545657915782914462,90-91m²,2026-03-16T11:59:16.341046
2116471983128609309,"https://www.hemnet.se/salda/lagenhet-3,5rum-bromma-minneberg-stockholms-kommun-svartviksslingan-27,-van-3-2116471983128609309",90-91m²,2026-03-16T11:59:16.341049
7973562615587819570,https://www.hemnet.se/salda/lagenhet-4rum-ekero-centrum-ekero-kommun-pramvagen-6d-7973562615587819570,90-91m²,2026-03-16T11:59:16.341051
654424726484140244,https://www.hemnet.se/salda/lagenhet-4rum-centrum-uppsala-uppsala-kommun-kungsgatan-37c-654424726484140244,90-91m²,2026-03-16T11:59:16.341054
6871851928005684594,https://www.hemnet.se/salda/lagenhet-4rum-funkabo-kalmar-kommun-jagarevagen-6b-6871851928005684594,90-91m²,2026-03-16T11:59:16.341056
2241968741684992081,"https://www.hemnet.se/salda/lagenhet-3rum-hagerstenshamnen-stockholms-kommun-selmedalsringen-20,-van-3-av-5-2241968741684992081",90-91m²,2026-03-16T11:59:16.341059
5187421249853643666,"https://www.hemnet.se/salda/lagenhet-4rum-farsta-strand-stockholms-kommun-filipstadsbacken-46,8tr-5187421249853643666",90-91m²,2026-03-16T11:59:16.341062
2230106260411234943,https://www.hemnet.se/salda/lagenhet-4rum-barkarbystaden-jarfalla-kommun-barkarbyvagen-82-2230106260411234943,90-91m²,2026-03-16T11:59:16.341064
2883330267329846016,https://www.hemnet.se/salda/lagenhet-4rum-ladugardsgardet-stockholms-kommun-sandhamnsgatan-75f-2883330267329846016,90-91m²,2026-03-16T11:59:16.341067
284305293849022653,"https://www.hemnet.se/salda/lagenhet-3rum-ostermalm-stockholms-kommun-narvavagen-20,-2tr-284305293849022653",90-91m²,2026-03-16T11:59:16.341070
3772432699685206704,https://www.hemnet.se/salda/lagenhet-4rum-vastra-orminge-nacka-kommun-utovagen-25-3772432699685206704,90-91m²,2026-03-16T11:59:16.341073
2064172104452298386,"https://www.hemnet.se/salda/lagenhet-3,5rum-visattra-huddinge-kommun-mangardsvagen-28-2064172104452298386",90-91m²,2026-03-16T11:59:16.341076
6141960321781504531,https://www.hemnet.se/salda/lagenhet-3rum-arlov-burlovs-kommun-hantverkaregatan-24f-6141960321781504531,90-91m²,2026-03-16T11:59:16.341079
7519306565617595172,https://www.hemnet.se/salda/lagenhet-4rum-handen-haninge-kommun-sleipnervagen-101-7519306565617595172,90-91m²,2026-03-16T11:59:16.341081
5300964888270384207,https://www.hemnet.se/salda/lagenhet-3rum-city-vasteras-kommun-stora-gatan-2c-5300964888270384207,90-91m²,2026-03-16T11:59:16.341085
1480155962262009953,https://www.hemnet.se/salda/lagenhet-3rum-sommarro-uppsala-kommun-norbyvagen-46c-1480155962262009953,90-91m²,2026-03-16T11:59:16.341087
2285164133933254997,https://www.hemnet.se/salda/lagenhet-3rum-korsta-sundsvalls-kommun-klippgatan-25-2285164133933254997,90-91m²,2026-03-16T11:59:16.341090
4811240679014122169,https://www.hemnet.se/salda/lagenhet-4rum-prastgardsmarken-upplands-vasby-kommun-tellusgrand-19-4811240679014122169,90-91m²,2026-03-16T11:59:16.341091
4845900313446671683,https://www.hemnet.se/salda/lagenhet-4rum-haninge-haninge-kommun-vallavagen-15-4845900313446671683,90-91m²,2026-03-16T11:59:16.341093
9140697792500406733,"https://www.hemnet.se/salda/lagenhet-3rum-ostermalm-stockholms-kommun-ostermalmsgatan-80,-3tr-9140697792500406733",90-91m²,2026-03-16T11:59:16.341094
4718096340439178821,https://www.hemnet.se/salda/lagenhet-4rum-lofsdalen-by-harjedalens-kommun-tjadervagen-28b-4718096340439178821,90-91m²,2026-03-16T11:59:16.341096
1221746104136225044,https://www.hemnet.se/salda/lagenhet-4rum-ostanas-kopings-kommun-ostanasgatan-17-1221746104136225044,90-91m²,2026-03-16T11:59:16.341097
7588943654725648412,https://www.hemnet.se/salda/lagenhet-4rum-kviberg-goteborgs-kommun-anna-branzells-gata-18-7588943654725648412,90-91m²,2026-03-16T11:59:16.341099
1398776261843076245,https://www.hemnet.se/salda/lagenhet-4rum-centralt-klippans-kommun-torggatan-65e-1398776261843076245,90-91m²,2026-03-16T11:59:16.341100
2426487443177865770,https://www.hemnet.se/salda/lagenhet-3rum-vastra-orminge-nacka-kommun-edovagen-14c-2426487443177865770,90-91m²,2026-03-16T11:59:16.341102
1663160973129354110,"https://www.hemnet.se/salda/lagenhet-3rum-frosunda-solna-kommun-gustav-iii-s-boulevard-159,-van-6-1663160973129354110",90-91m²,2026-03-16T11:59:16.341104
7400209187708891776,https://www.hemnet.se/salda/lagenhet-3rum-centralt-ostersunds-kommun-brunnsgrand-3-7400209187708891776,90-91m²,2026-03-16T11:59:16.341105
8966867712980470408,https://www.hemnet.se/salda/lagenhet-3rum-brandholmen-nykopings-kommun-idrottsvagen-75-8966867712980470408,90-91m²,2026-03-16T11:59:16.341107
6080415942271302343,https://www.hemnet.se/salda/lagenhet-4rum-gideonsberg-vasteras-kommun-siggesborgsgatan-7a-6080415942271302343,90-91m²,2026-03-16T11:59:16.341108
836131423443783218,https://www.hemnet.se/salda/lagenhet-4rum-hogsbo-goteborgs-kommun-skapplandsgatan-13-836131423443783218,90-91m²,2026-03-16T11:59:16.341110
8703799366540434475,https://www.hemnet.se/salda/lagenhet-4rum-danderyd-danderyds-kommun-satraangsvagen-118-8703799366540434475,90-91m²,2026-03-16T11:59:16.341111
453323873326016222,https://www.hemnet.se/salda/lagenhet-3rum-linnestaden-goteborgs-kommun-kastellgatan-19-453323873326016222,90-91m²,2026-03-16T11:59:16.341113
5871661908915051433,https://www.hemnet.se/salda/lagenhet-3rum-orminge-nacka-kommun-edovagen-14b-5871661908915051433,90-91m²,2026-03-16T11:59:16.341114
6468870973924288306,https://www.hemnet.se/salda/lagenhet-3rum-linnestaden-goteborgs-kommun-ovre-djupedalsgatan-11a-6468870973924288306,90-91m²,2026-03-16T11:59:16.341116
327098516448372505,https://www.hemnet.se/salda/lagenhet-4rum-centrala-ostersund-ostersunds-kommun-biblioteksgatan-22-327098516448372505,90-91m²,2026-03-16T11:59:16.341117
4634839838848914511,https://www.hemnet.se/salda/lagenhet-3rum-strandangen-jonkopings-kommun-ceciliagatan-56-4634839838848914511,90-91m²,2026-03-16T11:59:16.341118
6492068977881443076,https://www.hemnet.se/salda/lagenhet-3rum-sodermalm-stockholms-kommun-katarina-vastra-kyrkogata-6a-6492068977881443076,90-91m²,2026-03-16T11:59:16.341120
7169488040897437204,https://www.hemnet.se/salda/lagenhet-4rum-flatas-goteborgs-kommun-stenkastsgatan-7-7169488040897437204,90-91m²,2026-03-16T11:59:16.341121
8778046262038088395,"https://www.hemnet.se/salda/lagenhet-3rum-vasastan-stockholms-kommun-radmansgatan-43,-4tr-8778046262038088395",90-91m²,2026-03-16T11:59:16.341123
238011981630841015,"https://www.hemnet.se/salda/lagenhet-3,5rum-gamla-filmstaden-solna-kommun-greta-garbos-vag-16-238011981630841015",90-91m²,2026-03-16T11:59:16.341124
5304607081855414818,https://www.hemnet.se/salda/lagenhet-3rum-vasteras-vasteras-kommun-morkullegatan-20-5304607081855414818,90-91m²,2026-03-16T11:59:16.341125
4322591762429241118,https://www.hemnet.se/salda/lagenhet-4rum-bromma-alvik-appelviken-stockholms-kommun-alviksvagen-7-4322591762429241118,90-91m²,2026-03-16T11:59:16.341127
727159361720648770,https://www.hemnet.se/salda/lagenhet-3rum-centrum-enkopings-kommun-lilla-vagen-9-727159361720648770,90-91m²,2026-03-16T11:59:16.341128
6856681320697082761,https://www.hemnet.se/salda/lagenhet-3rum-kungsangen-centrum-upplands-bro-kommun-tallrisvagen-2-6856681320697082761,90-91m²,2026-03-16T11:59:16.341130
9155684262797840179,"https://www.hemnet.se/salda/lagenhet-3rum-vasastan-stockholms-kommun-tulegatan-35a,-2tr-9155684262797840179",90-91m²,2026-03-16T11:59:16.341131
8441133670913002299,https://www.hemnet.se/salda/lagenhet-3rum-ostermalm-stockholms-kommun-linnegatan-25-8441133670913002299,90-91m²,2026-03-16T11:59:16.341132
5086988660072169503,https://www.hemnet.se/salda/lagenhet-3rum-sodra-ekkallan-linkopings-kommun-rotegatan-8-5086988660072169503,90-91m²,2026-03-16T11:59:16.341134
937536591398871911,https://www.hemnet.se/salda/lagenhet-4rum-centrala-vasby-upplands-vasby-kommun-optimusvagen-6a-937536591398871911,90-91m²,2026-03-16T11:59:16.341135
4306632494380748322,https://www.hemnet.se/salda/lagenhet-3rum-mjolkudden-lulea-kommun-mjolkuddsvagen-261-4306632494380748322,90-91m²,2026-03-16T11:59:16.341137
7734552744539633937,https://www.hemnet.se/salda/lagenhet-4rum-ostra-kanalstaden-osterakers-kommun-osterskarsvagen-12-b-7734552744539633937,90-91m²,2026-03-16T11:59:16.341138
8135909809004775438,"https://www.hemnet.se/salda/lagenhet-3,5rum-vasastan-sibirien-stockholms-kommun-roslagsgatan-33-a,-4tr-8135909809004775438",90-91m²,2026-03-16T11:59:16.341139
6618226087076504298,https://www.hemnet.se/salda/lagenhet-4rum-kungalv-centrum-kungalvs-kommun-kongahallagatan-45-6618226087076504298,90-91m²,2026-03-16T11:59:16.341141
7405444490870632160,https://www.hemnet.se/salda/lagenhet-4rum-masthugget-goteborgs-kommun-kjellmansgatan-3-7405444490870632160,90-91m²,2026-03-16T11:59:16.341143
5550343483044516563,"https://www.hemnet.se/salda/lagenhet-4,5rum-tureberg-sollentuna-kommun-kamomillvagen-6-5550343483044516563",90-91m²,2026-03-16T11:59:16.341144
1622519746352641724,https://www.hemnet.se/salda/lagenhet-4rum-vasastaden-stockholms-kommun-norrbackagatan-33-1622519746352641724,90-91m²,2026-03-16T11:59:16.341145
303892393097521824,https://www.hemnet.se/salda/lagenhet-4rum-hisings-backa-goteborgs-kommun-marbackagatan-9-303892393097521824,90-91m²,2026-03-16T11:59:16.341147
6823412611212810440,https://www.hemnet.se/salda/lagenhet-3rum-junkaremalen-tranas-kommun-sofia-dahlbergs-gata-5-6823412611212810440,90-91m²,2026-03-16T11:59:16.341148
890858193929789213,https://www.hemnet.se/salda/lagenhet-5rum-uddevalla-uddevalla-kommun-vastgotavagen-18b-890858193929789213,90-91m²,2026-03-16T11:59:16.341149
4318581076772396312,https://www.hemnet.se/salda/lagenhet-3rum-sodra-ekkallan-linkopings-kommun-rotegatan-2-4318581076772396312,90-91m²,2026-03-16T11:59:16.341151
1078282390953685172,https://www.hemnet.se/salda/lagenhet-4rum-beckomberga-stockholms-kommun-beckomberga-alle-15-1078282390953685172,90-91m²,2026-03-16T11:59:16.341152
894303397165691373,https://www.hemnet.se/salda/lagenhet-4rum-nacka-tollare-nacka-kommun-tollare-strand-9-894303397165691373,90-91m²,2026-03-16T11:59:16.341153
4432132379457588093,https://www.hemnet.se/salda/lagenhet-4rum-trangsund-huddinge-kommun-dalarovagen-23-4432132379457588093,90-91m²,2026-03-16T11:59:16.341155
1496547185121689189,https://www.hemnet.se/salda/lagenhet-4rum-elinegard-malmo-kommun-hogatan-11-1496547185121689189,90-91m²,2026-03-16T11:59:16.341156
2255321897215144874,https://www.hemnet.se/salda/lagenhet-4rum-haga-sandbyhov-norrkopings-kommun-doktor-butlers-gata-13-2255321897215144874,90-91m²,2026-03-16T11:59:16.341157
8310758062375768977,https://www.hemnet.se/salda/lagenhet-4rum-lunden-goteborgs-kommun-sankt-pauli-trappor-8-e-8310758062375768977,90-91m²,2026-03-16T11:59:16.341159
7669876450969855040,https://www.hemnet.se/salda/lagenhet-4rum-handen-haninge-kommun-vallavagen-205-7669876450969855040,90-91m²,2026-03-16T11:59:16.341160
3985488572617866549,https://www.hemnet.se/salda/lagenhet-3rum-huskvarna-jonkopings-kommun-sikvagen-6-3985488572617866549,90-91m²,2026-03-16T11:59:16.341162
1954273407741386111,https://www.hemnet.se/salda/lagenhet-3rum-langedrag-goteborgs-kommun-saltholmsgatan-25-1954273407741386111,90-91m²,2026-03-16T11:59:16.341163
4840582209777131281,https://www.hemnet.se/salda/lagenhet-3rum-nyhamn-landskrona-kommun-badhusgatan-5-4840582209777131281,90-91m²,2026-03-16T11:59:16.341165
4203355192185393379,https://www.hemnet.se/salda/lagenhet-4rum-farsta-stockholms-kommun-torsbygatan-34-4203355192185393379,90-91m²,2026-03-16T11:59:16.341166
1765989970408355404,"https://www.hemnet.se/salda/lagenhet-4rum-vallingby-parkstad-racksta-stockholms-kommun-ostersundsgatan-4,-van-1-22015-1005-1765989970408355404",90-91m²,2026-03-16T11:59:16.341168
5560227314476990300,https://www.hemnet.se/salda/lagenhet-4rum-storfors-pitea-kommun-korsnabbsvagen-11-5560227314476990300,90-91m²,2026-03-16T11:59:16.341169
1744608797099023043,https://www.hemnet.se/salda/lagenhet-4rum-sodermalm-stockholms-kommun-brannkyrkagatan-90-1744608797099023043,90-91m²,2026-03-16T11:59:16.341171
7065790249722231700,https://www.hemnet.se/salda/lagenhet-3rum-sodertorp-malmo-kommun-arkitektgatan-3-7065790249722231700,90-91m²,2026-03-16T11:59:16.341172
5073750955563634206,https://www.hemnet.se/salda/lagenhet-3rum-luthagen-uppsala-kommun-luthagsesplanaden-24c-5073750955563634206,90-91m²,2026-03-16T11:59:16.341173
6070962733391636220,https://www.hemnet.se/salda/lagenhet-3rum-linne-goteborgs-kommun-andra-langgatan-8a-6070962733391636220,90-91m²,2026-03-16T11:59:16.341175
9159662668920007909,https://www.hemnet.se/salda/lagenhet-3rum-jarnakra-lunds-kommun-mellanvangsvagen-7-9159662668920007909,90-91m²,2026-03-16T11:59:16.341176
663447717309566779,https://www.hemnet.se/salda/lagenhet-4rum-djurangen-kalmar-kommun-grenvagen-10-663447717309566779,90-91m²,2026-03-16T11:59:16.341177
9197228319763215546,"https://www.hemnet.se/salda/lagenhet-3rum-kronan-lulea-kommun-kompanivagen-21,-van-8-9197228319763215546",90-91m²,2026-03-16T11:59:16.341179
2389792807987351715,"https://www.hemnet.se/salda/lagenhet-3rum-vasastan-stockholms-kommun-roslagsgatan-40d,-van-4-5-2389792807987351715",90-91m²,2026-03-16T11:59:16.341180
6114920948304059610,https://www.hemnet.se/salda/lagenhet-3rum-gottfridsberg-centralt-linkopings-kommun-vastanagatan-14b-6114920948304059610,90-91m²,2026-03-16T11:59:16.341182
986299803470650375,https://www.hemnet.se/salda/lagenhet-4rum-liljeholmskajen-arstaberg-stockholms-kommun-packrumsgatan-2-986299803470650375,90-91m²,2026-03-16T11:59:16.341183
5218570963657321497,"https://www.hemnet.se/salda/lagenhet-3rum-vasastan-odenplan-sankt-eriksplan-stockholms-kommun-gastrikegatan-14,-4-4tr-5218570963657321497",90-91m²,2026-03-16T11:59:16.341185
1348752315297185461,https://www.hemnet.se/salda/lagenhet-4rum-grossgardet-norrtalje-kommun-gotgatan-14a-1348752315297185461,90-91m²,2026-03-16T11:59:16.341186
5819424753748948526,https://www.hemnet.se/salda/lagenhet-3rum-fimmelstangen-vasterviks-kommun-stora-tradgardsgatan-13d-5819424753748948526,90-91m²,2026-03-16T11:59:16.341187
6181269942157297557,https://www.hemnet.se/salda/lagenhet-4rum-kungsangen-industristaden-uppsala-kommun-muningatan-6-6181269942157297557,90-91m²,2026-03-16T11:59:16.341188
6718890188853754572,"https://www.hemnet.se/salda/lagenhet-3rum-hudiksvall-hudiksvalls-kommun-kalhagsgatan-1a,-van-2-6718890188853754572",90-91m²,2026-03-16T11:59:16.341189
1500230756634209747,"https://www.hemnet.se/salda/lagenhet-4rum-kungsholmen-stockholms-kommun-kungsholms-strand-103,-3-tr-1500230756634209747",90-91m²,2026-03-16T11:59:16.341191
4887927231777882014,https://www.hemnet.se/salda/lagenhet-4rum-helenelund-sollentuna-kommun-stupvagen-19-4887927231777882014,90-91m²,2026-03-16T11:59:16.341192
5024563442792136685,https://www.hemnet.se/salda/lagenhet-3rum-ostermalm-stockholms-kommun-lill-jans-plan-3-5024563442792136685,90-91m²,2026-03-16T11:59:16.341194
8117260360268916487,https://www.hemnet.se/salda/lagenhet-3rum-vastra-hamnen-malmo-kommun-lilla-varvsgatan-35c-8117260360268916487,90-91m²,2026-03-16T11:59:16.341195
3382538173400863320,https://www.hemnet.se/salda/lagenhet-3rum-dockan-malmo-kommun-dockgatan-49a-3382538173400863320,90-91m²,2026-03-16T11:59:16.341197
6568611550190942528,https://www.hemnet.se/salda/lagenhet-4rum-centralt-amals-kommun-jarngatan-2f-6568611550190942528,90-91m²,2026-03-16T11:59:16.341198
4489457664394813178,"https://www.hemnet.se/salda/lagenhet-3,5rum-centrala-tyreso-tyreso-kommun-siklojevagen-18-4489457664394813178",90-91m²,2026-03-16T11:59:16.341200
8780049848481142742,https://www.hemnet.se/salda/lagenhet-3rum-genarp-lunds-kommun-ekesvangsvagen-8b-8780049848481142742,90-91m²,2026-03-16T11:59:16.341201
1949020441123185747,https://www.hemnet.se/salda/lagenhet-3rum-berga-strandpark-kalmar-kommun-tallhagsvagen-69-1949020441123185747,90-91m²,2026-03-16T11:59:16.341203
7982122565753233811,https://www.hemnet.se/salda/lagenhet-3rum-ostervarn-malmo-kommun-ostervarnsgatan-3b-7982122565753233811,90-91m²,2026-03-16T11:59:16.341204
1409743854878590366,https://www.hemnet.se/salda/lagenhet-3rum-norrstrand-karlstads-kommun-norrstrandsgatan-71-d-1409743854878590366,90-91m²,2026-03-16T11:59:16.341205
5702595808403820975,https://www.hemnet.se/salda/lagenhet-4rum-prastgardsmarken-prasthagen-upplands-vasby-kommun-neptunigrand-21-5702595808403820975,90-91m²,2026-03-16T11:59:16.341207
2253417432256404486,https://www.hemnet.se/salda/lagenhet-3rum-onsta-gryta-vasteras-kommun-stockrosvagen-2-2253417432256404486,90-91m²,2026-03-16T11:59:16.341209
7877098508925557709,https://www.hemnet.se/salda/lagenhet-4rum-solna-centrum-solna-kommun-solnavagen-29f-7877098508925557709,90-91m²,2026-03-16T11:59:16.341210
5749880866821501534,https://www.hemnet.se/salda/lagenhet-3rum-visattra-angar-huddinge-kommun-mangardsvagen-23-5749880866821501534,90-91m²,2026-03-16T11:59:16.341212
2929802461151027720,https://www.hemnet.se/salda/lagenhet-4rum-askim-goteborgs-kommun-kobbeslatten-10-2929802461151027720,90-91m²,2026-03-16T11:59:16.341213
4797222923082127709,"https://www.hemnet.se/salda/lagenhet-4rum-huvudsta-solna-kommun-storgatan-56,-1-tr-4797222923082127709",90-91m²,2026-03-16T11:59:16.341215
2771980627119168238,https://www.hemnet.se/salda/lagenhet-3rum-mjolkudden-lulea-kommun-mjolkuddsvagen-177-2771980627119168238,90-91m²,2026-03-16T11:59:16.341217
6295553489057698814,"https://www.hemnet.se/salda/lagenhet-6rum-lindvallen,-salen-malung-salens-kommun-martebacken-63c-6295553489057698814",90-91m²,2026-03-16T11:59:16.341218
1685387613573299482,https://www.hemnet.se/salda/lagenhet-3rum-centrum-falu-kommun-sturegatan-97a-1685387613573299482,90-91m²,2026-03-16T11:59:16.341220
7473988414780448447,https://www.hemnet.se/salda/lagenhet-3rum-ulricehamn-ulricehamns-kommun-prastgardsgatan-11-334-7473988414780448447,90-91m²,2026-03-16T11:59:16.341221
9202126653051649735,https://www.hemnet.se/salda/lagenhet-3rum-sorkastet-kristinehamns-kommun-andgatan-10b-9202126653051649735,90-91m²,2026-03-16T11:59:16.341223
4513964352029934278,https://www.hemnet.se/salda/lagenhet-4rum-handen-haninge-kommun-sleipnervagen-61-4513964352029934278,90-91m²,2026-03-16T11:59:16.341224
6726809097494173826,https://www.hemnet.se/salda/lagenhet-3rum-ostermalm-nedre-gardet-stockholms-kommun-kallskarsgatan-5-4-tr-6726809097494173826,90-91m²,2026-03-16T11:59:16.341226
1511313679068485798,https://www.hemnet.se/salda/lagenhet-4rum-vasastaden-goteborgs-kommun-storgatan-21-b-1511313679068485798,90-91m²,2026-03-16T11:59:16.341227
4315748393043135458,https://www.hemnet.se/salda/lagenhet-3rum-varberg-stockholms-kommun-varbergsvagen-195-van-3-6-4315748393043135458,90-91m²,2026-03-16T11:59:16.341228
3440262034018680593,https://www.hemnet.se/salda/lagenhet-3rum-jarla-sjo-nacka-kommun-gustaf-de-lavals-vag-18-3440262034018680593,90-91m²,2026-03-16T11:59:16.341230
3699524504568803430,https://www.hemnet.se/salda/lagenhet-4rum-bagarmossen-stockholms-kommun-bergsradsvagen-12-3699524504568803430,90-91m²,2026-03-16T11:59:16.341232
8668962440834690954,"https://www.hemnet.se/salda/lagenhet-3,5rum-haga-karlstads-kommun-hagagatan-8i-8668962440834690954",90-91m²,2026-03-16T11:59:16.341233
9094958891019961553,https://www.hemnet.se/salda/lagenhet-3rum-bulltofta-malmo-kommun-sallerupsvagen-210b-9094958891019961553,90-91m²,2026-03-16T11:59:16.341235
8323097907760582994,https://www.hemnet.se/salda/lagenhet-4rum-norby-uppsala-kommun-tryffelvagen-40-8323097907760582994,90-91m²,2026-03-16T11:59:16.341236
7654976544158723454,https://www.hemnet.se/salda/lagenhet-3rum-norra-gryta-vasteras-kommun-syrenvagen-8-7654976544158723454,90-91m²,2026-03-16T11:59:16.341237
3178849712986503618,https://www.hemnet.se/salda/lagenhet-4rum-rosendal-uppsala-kommun-torgny-segerstedts-alle-93a-3178849712986503618,90-91m²,2026-03-16T11:59:16.341239
752970305096222904,https://www.hemnet.se/salda/lagenhet-4rum-hagaborg-karlstads-kommun-tolvmansgatan-29-752970305096222904,90-91m²,2026-03-16T11:59:16.341240
5727858632830549042,https://www.hemnet.se/salda/lagenhet-4rum-sodra-gottsunda-uppsala-kommun-eksatravagen-108-5727858632830549042,90-91m²,2026-03-16T11:59:16.341242
2131580662572032589,https://www.hemnet.se/salda/lagenhet-3rum-rabylund-lunds-kommun-agronomvagen-6-2131580662572032589,90-91m²,2026-03-16T11:59:16.341243
647588298932743569,https://www.hemnet.se/salda/lagenhet-4rum-stenungsund-tatort-stenungsunds-kommun-vastergardsvagen-4-647588298932743569,90-91m²,2026-03-16T11:59:16.341245
1805676210708804052,https://www.hemnet.se/salda/lagenhet-3rum-vastra-orminge-nacka-kommun-ormingeringen-14a-1805676210708804052,90-91m²,2026-03-16T11:59:16.341246
5985341372156493884,https://www.hemnet.se/salda/lagenhet-3rum-kvarnholmen-kalmar-kommun-proviantgatan-19-5985341372156493884,90-91m²,2026-03-16T11:59:16.341248
5933939709486579719,https://www.hemnet.se/salda/lagenhet-4rum-aker-nassjo-kommun-runedalsgatan-4b-5933939709486579719,90-91m²,2026-03-16T11:59:16.341249
8273829907593651446,"https://www.hemnet.se/salda/lagenhet-3rum-vasastan-odenplan-stockholms-kommun-gastrikegatan-14,-4tr-8273829907593651446",90-91m²,2026-03-16T11:59:16.341251
2184130066468022383,https://www.hemnet.se/salda/lagenhet-4rum-minneberg-stockholms-kommun-svartviksslingan-45-2184130066468022383,90-91m²,2026-03-16T11:59:16.341252
8416591152557216402,https://www.hemnet.se/salda/lagenhet-3rum-centralt-solvesborgs-kommun-nygatan-35-8416591152557216402,90-91m²,2026-03-16T11:59:16.341254
1223996479083101516,https://www.hemnet.se/salda/lagenhet-3rum-vasastan-sibirien-stockholms-kommun-surbrunnsgatan-26-1223996479083101516,90-91m²,2026-03-16T11:59:16.341255
6535863758469884737,https://www.hemnet.se/salda/lagenhet-3rum-centralt-stadsdel-norr-ostersunds-kommun-kanslihusgrand-10-6535863758469884737,90-91m²,2026-03-16T11:59:16.341257
1020741909188555458,https://www.hemnet.se/salda/lagenhet-4rum-centrum-uppsala-kommun-dragarbrunnsgatan-62-1020741909188555458,90-91m²,2026-03-16T11:59:16.341259
4992537372708863131,"https://www.hemnet.se/salda/lagenhet-3,5rum-kviberg-goteborgs-kommun-ingeborg-hammarskjolds-gata-56-4992537372708863131",90-91m²,2026-03-16T11:59:16.341260
996029287061998113,https://www.hemnet.se/salda/lagenhet-4rum-sundbyberg-ursvik-sundbybergs-kommun-marieborgsgatan-67-996029287061998113,90-91m²,2026-03-16T11:59:16.341261
6392644337652459182,https://www.hemnet.se/salda/lagenhet-4rum-djurangen-kalmar-kommun-grenvagen-2-6392644337652459182,90-91m²,2026-03-16T11:59:16.341263
1968940980491137298,"https://www.hemnet.se/salda/lagenhet-3,5rum-gamla-masthugget-goteborgs-kommun-paradisgatan-21-a-1968940980491137298",90-91m²,2026-03-16T11:59:16.341264
1935470323176758003,https://www.hemnet.se/salda/lagenhet-4rum-roslags-nasby-taby-kommun-nasbylundsvagen-22-1935470323176758003,90-91m²,2026-03-16T11:59:16.341266
7594163967990609310,https://www.hemnet.se/salda/lagenhet-3rum-gardet-ostermalm-stockholms-kommun-kallskarsgatan-5-7594163967990609310,90-91m²,2026-03-16T11:59:16.341267
5868004683065623115,https://www.hemnet.se/salda/lagenhet-3rum-klippan-goteborgs-kommun-klippan-1h-5868004683065623115,90-91m²,2026-03-16T11:59:16.341268
4572136872907296472,"https://www.hemnet.se/salda/lagenhet-4rum-nasbypark-taby-kommun-kalltorpsvagen-23,-3tr-4572136872907296472",90-91m²,2026-03-16T11:59:16.341270
1779279285445347768,https://www.hemnet.se/salda/lagenhet-4rum-villastaden-gavle-kommun-majorsgatan-3-b-1779279285445347768,90-91m²,2026-03-16T11:59:16.341271
3712629158626798775,https://www.hemnet.se/salda/lagenhet-3rum-centrala-gagnefs-kommun-skogsstigen-7b-3712629158626798775,90-91m²,2026-03-16T11:59:16.341273
2090373201863589882,https://www.hemnet.se/salda/lagenhet-4rum-hallsberg-hallsbergs-kommun-ostra-storgatan-32-2090373201863589882,90-91m²,2026-03-16T11:59:16.341274
465453538574084900,https://www.hemnet.se/salda/lagenhet-4rum-jakobsberg-jarfalla-kommun-engelbrektsvagen-16b-465453538574084900,90-91m²,2026-03-16T11:59:16.341276
3885984517172181749,https://www.hemnet.se/salda/lagenhet-3rum-viksjo-jarfalla-kommun-axvagen-69-3885984517172181749,90-91m²,2026-03-16T11:59:16.341277
4438662190650388465,"https://www.hemnet.se/salda/lagenhet-3rum-nacka-kvarnholmen-nacka-kommun-mjolnarvagen-6a,-2-tr-4438662190650388465",90-91m²,2026-03-16T11:59:16.341279
1138565633564298526,https://www.hemnet.se/salda/lagenhet-4rum-sandyhov-norrkopings-kommun-blommelundsallen-1-1138565633564298526,90-91m²,2026-03-16T11:59:16.341280
1328731235524569080,"https://www.hemnet.se/salda/lagenhet-4rum-vasastan-stockholms-kommun-norrtullsgatan-25b,-3tr-1328731235524569080",90-91m²,2026-03-16T11:59:16.341282
3050195712282600670,https://www.hemnet.se/salda/lagenhet-4rum-centrum-enkopings-kommun-lilla-vagen-16-3050195712282600670,90-91m²,2026-03-16T11:59:16.341283
5023591383215636979,https://www.hemnet.se/salda/lagenhet-4rum-almedal-johanneberg-goteborgs-kommun-scoutgatan-8-5023591383215636979,90-91m²,2026-03-16T11:59:16.341285
1043942167627733718,https://www.hemnet.se/salda/lagenhet-4rum-sandbyhov-norrkopings-kommun-sysslomansgangen-12-1043942167627733718,90-91m²,2026-03-16T11:59:16.341286
2759210130927475279,https://www.hemnet.se/salda/lagenhet-3rum-bergshamra-solna-kommun-bergshamra-alle-65-2759210130927475279,90-91m²,2026-03-16T11:59:16.341288
6422857149643316359,https://www.hemnet.se/salda/lagenhet-4rum-oster-gotlands-kommun-irisdalsgatan-14-6422857149643316359,90-91m²,2026-03-16T11:59:16.341289
67573970032713900,https://www.hemnet.se/salda/lagenhet-4rum-centralt-grossgardet-norrtalje-kommun-gotgatan-14a-67573970032713900,90-91m²,2026-03-16T11:59:16.341291
9061171677599026193,https://www.hemnet.se/salda/lagenhet-4rum-vastra-orminge-nacka-kommun-ormingeringen-42-9061171677599026193,90-91m²,2026-03-16T11:59:16.341292
5478407495988420978,"https://www.hemnet.se/salda/lagenhet-2,5rum-centrum-eskilstuna-kommun-lindtorpsgatan-2-5478407495988420978",90-91m²,2026-03-16T11:59:16.341294
4134015037555701953,https://www.hemnet.se/salda/lagenhet-3rum-ljustero-osterakers-kommun-havsbadsvagen-2c-4134015037555701953,90-91m²,2026-03-16T11:59:16.341295
3643296918774817763,https://www.hemnet.se/salda/lagenhet-3rum-mjolkudden-lulea-kommun-mjolkuddsvagen-227-3643296918774817763,90-91m²,2026-03-16T11:59:16.341296
4464803998696512341,https://www.hemnet.se/salda/lagenhet-4rum-bjorkhagen-hammarbyhojden-stockholms-kommun-bastadsvagen-21-4464803998696512341,90-91m²,2026-03-16T11:59:16.341298
3893486474125188882,https://www.hemnet.se/salda/lagenhet-3rum-ango-kalmar-kommun-sparregatan-13-3893486474125188882,90-91m²,2026-03-16T11:59:16.341299
2630417587298878342,https://www.hemnet.se/salda/lagenhet-4rum-askim-goteborgs-kommun-kobbeslatten-10-2630417587298878342,90-91m²,2026-03-16T11:59:16.341300
6330022548074001185,https://www.hemnet.se/salda/lagenhet-2rum-orminge-nacka-kommun-ormingeringen-25a-6330022548074001185,90-91m²,2026-03-16T11:59:16.341302
3133128755603493509,https://www.hemnet.se/salda/lagenhet-3rum-vasterhaninge-haninge-kommun-bjornvagen-28-bv-med-egen-uteplats-3133128755603493509,90-91m²,2026-03-16T11:59:16.341303
454315310107557766,https://www.hemnet.se/salda/lagenhet-4rum-centrala-tyreso-tyreso-kommun-sikvagen-9-454315310107557766,90-91m²,2026-03-16T11:59:16.341305
4215629073265786696,https://www.hemnet.se/salda/lagenhet-4rum-baggeby-bodal-lidingo-kommun-bodalsvagen-12-4215629073265786696,90-91m²,2026-03-16T11:59:16.341306
2064703820652108826,https://www.hemnet.se/salda/lagenhet-4rum-korseberg-vanersborgs-kommun-bryggvagen-10d-2064703820652108826,90-91m²,2026-03-16T11:59:16.341307
5746673910684442406,https://www.hemnet.se/salda/lagenhet-4rum-bjorkekarr-goteborgs-kommun-smorslatten-30-5746673910684442406,90-91m²,2026-03-16T11:59:16.341309
6441261784622431015,https://www.hemnet.se/salda/lagenhet-3rum-centrum-uddevalla-kommun-tradgardsgatan-5-6441261784622431015,90-91m²,2026-03-16T11:59:16.341310
886397430669160551,"https://www.hemnet.se/salda/lagenhet-4rum-bromma-annedal-stockholms-kommun-tappvagen-31f,-van-6-med-terrass-886397430669160551",90-91m²,2026-03-16T11:59:16.341311
3558679481389412410,"https://www.hemnet.se/salda/lagenhet-3,5rum-kviberg-goteborgs-kommun-ingeborg-hammarskjolds-gata-56-3558679481389412410",90-91m²,2026-03-16T11:59:16.341313
2214393404267389197,https://www.hemnet.se/salda/lagenhet-4rum-bandhagen-stockholms-kommun-skebokvarnsvagen-51b-2214393404267389197,90-91m²,2026-03-16T11:59:16.341314
5989674329522998223,https://www.hemnet.se/salda/lagenhet-3rum-centrum-galgberget-halmstads-kommun-ridhusgatan-8-5989674329522998223,90-91m²,2026-03-16T11:59:16.341315
278478038219019500,https://www.hemnet.se/salda/lagenhet-4rum-solna-centrum-solna-kommun-solnavagen-29j-278478038219019500,90-91m²,2026-03-16T11:59:16.341317
4664376006039743889,https://www.hemnet.se/salda/lagenhet-4rum-bergshamra-solna-kommun-ripstigen-8-4664376006039743889,90-91m²,2026-03-16T11:59:16.341318
1897391100030030936,https://www.hemnet.se/salda/lagenhet-3rum-bulltofta-husie-malmo-kommun-sallerupsvagen-214f-1897391100030030936,90-91m²,2026-03-16T11:59:16.341319
5067507200127467717,https://www.hemnet.se/salda/lagenhet-4rum-bagarmossen-stockholms-kommun-atravagen-14-5067507200127467717,90-91m²,2026-03-16T11:59:16.341320
641694671778660240,"https://www.hemnet.se/salda/lagenhet-4rum-spanga-bromstensstaden-stockholms-kommun-skogangsvagen-40,-3-tr-641694671778660240",90-91m²,2026-03-16T11:59:16.341322
5176436941367205607,https://www.hemnet.se/salda/lagenhet-4rum-kalgarden-jonkopings-kommun-stenhuggargatan-1-5176436941367205607,90-91m²,2026-03-16T11:59:16.341323
4888404417103743542,https://www.hemnet.se/salda/lagenhet-4rum-vasastan-stockholms-kommun-norrbackagatan-31-4888404417103743542,90-91m²,2026-03-16T11:59:16.341325
3344242678394117589,https://www.hemnet.se/salda/lagenhet-3rum-backadal-angelholms-kommun-liljegatan-16-3344242678394117589,90-91m²,2026-03-16T11:59:16.341326
6276639432823697469,https://www.hemnet.se/salda/lagenhet-3rum-linnestaden-goteborgs-kommun-nordhemsgatan-45c-6276639432823697469,90-91m²,2026-03-16T11:59:16.341327
5074993762882098855,"https://www.hemnet.se/salda/lagenhet-3rum-vasastan-stockholms-kommun-dalagatan-30,-4-tr-5074993762882098855",90-91m²,2026-03-16T11:59:16.341329
7085057006735096717,https://www.hemnet.se/salda/lagenhet-3rum-jordbro-haninge-kommun-hoglundavagen-23-7085057006735096717,90-91m²,2026-03-16T11:59:16.341330
6530066313676388541,"https://www.hemnet.se/salda/lagenhet-4rum-botkyrka-brunna-botkyrka-kommun-tomtbergavagen-106,-1-tr-6530066313676388541",90-91m²,2026-03-16T11:59:16.341331
6593028547437871343,"https://www.hemnet.se/salda/lagenhet-3rum-fjallmon,-torvalla-ostersunds-kommun-vastfjallvagen-1-6593028547437871343",90-91m²,2026-03-16T11:59:16.341332
6439762590979805121,https://www.hemnet.se/salda/lagenhet-3rum-sofia-stockholms-kommun-bohusgatan-27-6439762590979805121,90-91m²,2026-03-16T11:59:16.341334
5847263747784923856,https://www.hemnet.se/salda/lagenhet-3rum-frosunda-solna-kommun-pomonagatan-4-5847263747784923856,90-91m²,2026-03-16T11:59:16.341335
1589375996907647677,https://www.hemnet.se/salda/lagenhet-4rum-lindholmen-goteborgs-kommun-gotaverksgatan-20-1589375996907647677,90-91m²,2026-03-16T11:59:16.341336
4868382153559029940,"https://www.hemnet.se/salda/lagenhet-4rum-liljeholmskajen-stockholms-kommun-sjoviksbacken-47,-5-tr-4868382153559029940",90-91m²,2026-03-16T11:59:16.341338
2321356464737809866,https://www.hemnet.se/salda/lagenhet-4rum-hallunda-norsborg-botkyrka-kommun-tomtbergavagen-52-1tr-2321356464737809866,90-91m²,2026-03-16T11:59:16.341339
7967785513991792722,https://www.hemnet.se/salda/lagenhet-6rum-orrliden-malung-salens-kommun-hjortstigen-21c-7967785513991792722,90-91m²,2026-03-16T11:59:16.341340
4168926180669899290,https://www.hemnet.se/salda/lagenhet-4rum-oster-malarstrand-notudden-vasteras-kommun-notuddsallen-7-4168926180669899290,90-91m²,2026-03-16T11:59:16.341342
933062859963445644,https://www.hemnet.se/salda/lagenhet-4rum-brynas-gavle-kommun-brynasgatan-71-933062859963445644,90-91m²,2026-03-16T11:59:16.341343
2343657028799809319,https://www.hemnet.se/salda/lagenhet-4rum-fronasomradet-gnesta-kommun-margretedalsvagen-9-2343657028799809319,90-91m²,2026-03-16T11:59:16.341344
6842589227176318812,https://www.hemnet.se/salda/lagenhet-4rum-vastertorp-stockholms-kommun-stortloppsvagen-42-6842589227176318812,90-91m²,2026-03-16T11:59:16.341346
2536035209627755603,https://www.hemnet.se/salda/lagenhet-3rum-rynningeasen-orebro-kommun-hindergardsgatan-8i-2536035209627755603,90-91m²,2026-03-16T11:59:16.341347
2294375661136431504,"https://www.hemnet.se/salda/lagenhet-4rum-botkyrka-hallunda-botkyrka-kommun-linvagen-15,-6tr-2294375661136431504",90-91m²,2026-03-16T11:59:16.341348
1815080899418067909,https://www.hemnet.se/salda/lagenhet-4rum-vellinge-vellinge-kommun-borjesgangen-6a-1815080899418067909,90-91m²,2026-03-16T11:59:16.341350
8350565837127900208,https://www.hemnet.se/salda/lagenhet-4rum-vastra-orminge-nacka-kommun-edovagen-22a-8350565837127900208,90-91m²,2026-03-16T11:59:16.341351
4443136489609579200,https://www.hemnet.se/salda/lagenhet-4rum-kungsbacka-kungsbacka-kommun-bjorkrisvagen-26-4443136489609579200,90-91m²,2026-03-16T11:59:16.341353
24289898239366129,https://www.hemnet.se/salda/lagenhet-4rum-hisings-backa-goteborgs-kommun-ovralidsgatan-21-24289898239366129,90-91m²,2026-03-16T11:59:16.341354
3338172320630662238,https://www.hemnet.se/salda/lagenhet-3rum-centralt-eskilstuna-kommun-jarnvagsplan-2-a-3338172320630662238,90-91m²,2026-03-16T11:59:16.341355
7578441857436143061,https://www.hemnet.se/salda/lagenhet-4rum-johannesborg-kalmar-kommun-falkenbergsvagen-31-7578441857436143061,90-91m²,2026-03-16T11:59:16.341357
7980891739284210974,"https://www.hemnet.se/salda/lagenhet-4rum-vasastan-hagastaden-stockholms-kommun-alfhild-tamms-gata-5,-5tr-7980891739284210974",90-91m²,2026-03-16T11:59:16.341358
1087870239727862569,"https://www.hemnet.se/salda/lagenhet-4rum-botkyrka-brunna-botkyrka-kommun-tomtbergavagen-39,-markplan-1087870239727862569",90-91m²,2026-03-16T11:59:16.341360
1192139971614185993,https://www.hemnet.se/salda/lagenhet-3rum-alingsas-centralt-alingsas-kommun-plangatan-3d-1192139971614185993,90-91m²,2026-03-16T11:59:16.341361
8710674400380420947,https://www.hemnet.se/salda/lagenhet-3rum-vasastan-stockholms-kommun-tulegatan-22-8710674400380420947,90-91m²,2026-03-16T11:59:16.341362
668000698361019251,https://www.hemnet.se/salda/lagenhet-4rum-odenslunda-upplands-vasby-kommun-heimdalsvagen-45-668000698361019251,90-91m²,2026-03-16T11:59:16.341364
9039056920417672487,"https://www.hemnet.se/salda/lagenhet-3rum-ostermalm-stockholms-kommun-artillerigatan-28b,-3tr-9039056920417672487",90-91m²,2026-03-16T11:59:16.341365
65998005039335953,https://www.hemnet.se/salda/lagenhet-4rum-soderberga-alle-stockholms-kommun-soderberga-alle-36-65998005039335953,90-91m²,2026-03-16T11:59:16.341366
8797353980207981229,"https://www.hemnet.se/salda/lagenhet-3,5rum-centrala-tyreso-tyreso-kommun-siklojevagen-22-8797353980207981229",90-91m²,2026-03-16T11:59:16.341368
4103347793241756062,https://www.hemnet.se/salda/lagenhet-4rum-taby-centrum-taby-kommun-marknadsvagen-93-4103347793241756062,90-91m²,2026-03-16T11:59:16.341369
3613263848811660425,https://www.hemnet.se/salda/lagenhet-3rum-triangeln-malmo-kommun-s-t-johannesgatan-3f-3613263848811660425,90-91m²,2026-03-16T11:59:16.341370
5068405916373429907,https://www.hemnet.se/salda/lagenhet-3rum-sundsvall-sundsvalls-kommun-klippgatan-25-5068405916373429907,90-91m²,2026-03-16T11:59:16.341372
1920121457549105780,https://www.hemnet.se/salda/lagenhet-4rum-enogla-enkopings-kommun-voltgatan-7-1920121457549105780,90-91m²,2026-03-16T11:59:16.341373
4102434345368910352,https://www.hemnet.se/salda/lagenhet-4rum-satra-ang-danderyds-kommun-satraangsvagen-116-4102434345368910352,90-91m²,2026-03-16T11:59:16.341375
7143328498279398832,https://www.hemnet.se/salda/lagenhet-4rum-lundby-mjolby-kommun-ekgatan-13a-7143328498279398832,90-91m²,2026-03-16T11:59:16.341376
6224360655255341121,https://www.hemnet.se/salda/lagenhet-3rum-brunstorp-huskvarna-jonkopings-kommun-sikvagen-12-6224360655255341121,90-91m²,2026-03-16T11:59:16.341377
4183354667661032930,https://www.hemnet.se/salda/lagenhet-4rum-norrtalje-centrum-norrtalje-kommun-galles-grand-6-a-4183354667661032930,90-91m²,2026-03-16T11:59:16.341379
1318130066897364462,https://www.hemnet.se/salda/lagenhet-4rum-slussen-malmo-kommun-ostra-forstadsgatan-17a-1318130066897364462,90-91m²,2026-03-16T11:59:16.341380
9165661464408448693,https://www.hemnet.se/salda/lagenhet-3rum-kungsangen-uppsala-kommun-tullgarnsgatan-23-9165661464408448693,90-91m²,2026-03-16T11:59:16.341381
3432133485053050711,https://www.hemnet.se/salda/lagenhet-3rum-sannegardshamnen-goteborgs-kommun-miraallen-1-3432133485053050711,90-91m²,2026-03-16T11:59:16.341383
497749045311649668,https://www.hemnet.se/salda/lagenhet-5rum-minneberg-stockholms-kommun-svartviksslingan-69-497749045311649668,90-91m²,2026-03-16T11:59:16.341384
5857419469379743330,https://www.hemnet.se/salda/lagenhet-4rum-salem-salems-kommun-emanuel-birkes-vag-2-5857419469379743330,90-91m²,2026-03-16T11:59:16.341386
734629456572518092,https://www.hemnet.se/salda/lagenhet-3rum-centralt-trelleborgs-kommun-nygatan-88-734629456572518092,90-91m²,2026-03-16T11:59:16.341387
3443630961771316286,https://www.hemnet.se/salda/lagenhet-3rum-minneberg-bromma-stockholms-kommun-svartviksslingan-94-1tr-3443630961771316286,90-91m²,2026-03-16T11:59:16.341389
7192372038047716219,https://www.hemnet.se/salda/lagenhet-3rum-rickomberga-uppsala-kommun-polhemsgatan-6-7192372038047716219,90-91m²,2026-03-16T11:59:16.341390
564938924007450792,https://www.hemnet.se/salda/lagenhet-5rum-are-bjornen-are-kommun-bjornen-algen-5a-564938924007450792,90-91m²,2026-03-16T11:59:16.341392
1503594480158527694,"https://www.hemnet.se/salda/lagenhet-4rum-sodermalm-katarina-stockholms-kommun-blekingegatan-18,-van-5-1503594480158527694",90-91m²,2026-03-16T11:59:16.341393
3448428675353110478,https://www.hemnet.se/salda/lagenhet-3rum-arlov-burlovs-kommun-tagvirkesgatan-8-3448428675353110478,90-91m²,2026-03-16T11:59:16.341394
1725483456716732624,"https://www.hemnet.se/salda/lagenhet-4rum-tumba-botkyrka-kommun-skacklingevagen-39,-1tr-1725483456716732624",90-91m²,2026-03-16T11:59:16.341396
7852204526241034092,"https://www.hemnet.se/salda/lagenhet-4rum-alvsjo-stockholms-kommun-solberga-hagvag-13,-5-tr-7852204526241034092",90-91m²,2026-03-16T11:59:16.341397
669743163420110212,https://www.hemnet.se/salda/lagenhet-4rum-skutskar-alvkarleby-kommun-brannhagen-8a-669743163420110212,90-91m²,2026-03-16T11:59:16.341398
554051999150036793,https://www.hemnet.se/salda/lagenhet-4rum-luthagen-stabby-uppsala-kommun-tiundagatan-48-b-554051999150036793,90-91m²,2026-03-16T11:59:16.341400
3869298246552975720,"https://www.hemnet.se/salda/lagenhet-4rum-annedal-stockholms-kommun-tappvagen-31f,-van-8-8-3869298246552975720",90-91m²,2026-03-16T11:59:16.341401
759275299848967062,https://www.hemnet.se/salda/lagenhet-4rum-kungsangen-uppsala-kommun-kungsgatan-91b-759275299848967062,90-91m²,2026-03-16T11:59:16.341403
941210025980110239,"https://www.hemnet.se/salda/lagenhet-4rum-handen-haninge-kommun-tuvvagen-19,-4tr-hiss-941210025980110239",90-91m²,2026-03-16T11:59:16.341404
2068314515161345794,https://www.hemnet.se/salda/lagenhet-4rum-kalmar-kalmar-kommun-stamvagen-26-2068314515161345794,90-91m²,2026-03-16T11:59:16.341405
2898909534684481424,https://www.hemnet.se/salda/lagenhet-4rum-alvsbacka-skelleftea-kommun-ostra-nygatan-93a-2898909534684481424,90-91m²,2026-03-16T11:59:16.341407
1047696001422384028,https://www.hemnet.se/salda/lagenhet-4rum-vastra-orminge-nacka-kommun-ormingeringen-48b-1047696001422384028,90-91m²,2026-03-16T11:59:16.341408
1124754087062849452,https://www.hemnet.se/salda/lagenhet-4rum-norra-asum-kristianstads-kommun-navvagen-31b-1124754087062849452,90-91m²,2026-03-16T11:59:16.341410
2421541405440312054,https://www.hemnet.se/salda/lagenhet-4rum-sodermalm-stockholms-kommun-ringvagen-41b-2421541405440312054,90-91m²,2026-03-16T11:59:16.341411
5533537276443485857,https://www.hemnet.se/salda/lagenhet-3rum-dockan-malmo-kommun-isbergs-gata-24-5533537276443485857,90-91m²,2026-03-16T11:59:16.341413
7852848248638728279,https://www.hemnet.se/salda/lagenhet-3rum-linne-goteborgs-kommun-sveagatan-11-7852848248638728279,90-91m²,2026-03-16T11:59:16.341414
5639928536686391368,https://www.hemnet.se/salda/lagenhet-3rum-liljeholmen-jonkopings-kommun-rosenbergsgatan-9-5639928536686391368,90-91m²,2026-03-16T11:59:16.341415
7923027284181700250,https://www.hemnet.se/salda/lagenhet-4rum-nordanby-garde-vasteras-kommun-bangatan-45-7923027284181700250,90-91m²,2026-03-16T11:59:16.341417
1077645891578694583,https://www.hemnet.se/salda/lagenhet-3rum-jarntorget-orebro-kommun-storgatan-10-c-1077645891578694583,90-91m²,2026-03-16T11:59:16.341418
5967304655030258225,"https://www.hemnet.se/salda/lagenhet-4rum-malmaberg-sandgardet-vasteras-kommun-kabelgatan-2c,-72336-vasteras-5967304655030258225",90-91m²,2026-03-16T11:59:16.341420
6698683451488533270,"https://www.hemnet.se/salda/lagenhet-3,5rum-kviberg-goteborgs-kommun-anna-branzells-gata-10-6698683451488533270",90-91m²,2026-03-16T11:59:16.341422
8543147389996842535,https://www.hemnet.se/salda/lagenhet-3rum-centrum-aby-park-vallentuna-kommun-murstensvagen-87-8543147389996842535,90-91m²,2026-03-16T11:59:16.341423
811415170620710841,https://www.hemnet.se/salda/lagenhet-4rum-tullinge-centrum-botkyrka-kommun-nyangsvagen-11-811415170620710841,90-91m²,2026-03-16T11:59:16.341424
8873683014852249925,https://www.hemnet.se/salda/lagenhet-4rum-bergshamra-solna-kommun-ripstigen-4-8873683014852249925,90-91m²,2026-03-16T11:59:16.341426
5632619759379637645,https://www.hemnet.se/salda/lagenhet-3rum-centrum-lunds-kommun-tullgatan-3a-5632619759379637645,90-91m²,2026-03-16T11:59:16.341443
5445774268831858305,https://www.hemnet.se/salda/lagenhet-4rum-salem-salems-kommun-mosshagestigen-43-5445774268831858305,90-91m²,2026-03-16T11:59:16.341445
191871314283929359,https://www.hemnet.se/salda/lagenhet-3rum-vastra-hamnen-malmo-kommun-barometergatan-80-191871314283929359,90-91m²,2026-03-16T11:59:16.341447
1628874119407300239,https://www.hemnet.se/salda/lagenhet-4rum-centralt-oxelosund-oxelosunds-kommun-sjogatan-2d-1628874119407300239,90-91m²,2026-03-16T11:59:16.341448
7335232864361686831,https://www.hemnet.se/salda/lagenhet-3rum-kampen-vaxjo-kommun-sunamans-vag-21-7335232864361686831,90-91m²,2026-03-16T11:59:16.341450
3310383346092731343,https://www.hemnet.se/salda/lagenhet-3rum-rydeback-helsingborgs-kommun-rydebacks-stationsgata-5-3310383346092731343,90-91m²,2026-03-16T11:59:16.341451
2254706914102687346,https://www.hemnet.se/salda/lagenhet-4rum-falhagen-uppsala-kommun-hjalmar-brantingsgatan-29-2254706914102687346,90-91m²,2026-03-16T11:59:16.341452
1080234158223755817,https://www.hemnet.se/salda/lagenhet-4rum-gideonsberg-skallberget-vasteras-kommun-blomstergatan-11-1080234158223755817,90-91m²,2026-03-16T11:59:16.341454
8770480347631545311,https://www.hemnet.se/salda/lagenhet-4rum-jakobsberg-jarfalla-kommun-engelbrektsvagen-18a-8770480347631545311,90-91m²,2026-03-16T11:59:16.341455
436802414641436320,https://www.hemnet.se/salda/lagenhet-2rum-boras-boras-kommun-vasterlanggatan-12-436802414641436320,90-91m²,2026-03-16T11:59:16.341457
1350186425441568849,https://www.hemnet.se/salda/lagenhet-4rum-rosengarden-vallentuna-kommun-rosengardsvagen-41-1350186425441568849,90-91m²,2026-03-16T11:59:16.341458
351758260756253785,"https://www.hemnet.se/salda/lagenhet-3rum-norra-djurgardsstaden-stockholms-kommun-hogviltsgatan-10,-2tr-351758260756253785",90-91m²,2026-03-16T11:59:16.341460
7068746892794927068,https://www.hemnet.se/salda/lagenhet-4rum-filipstad-filipstads-kommun-farnebogatan-13a-7068746892794927068,90-91m²,2026-03-16T11:59:16.341461
140770513115320085,https://www.hemnet.se/salda/lagenhet-4rum-hovas-goteborgs-kommun-bjorklundavagen-4-140770513115320085,90-91m²,2026-03-16T11:59:16.341462
6611606050733079798,https://www.hemnet.se/salda/lagenhet-4rum-brynas-gavle-kommun-brynasgatan-99-6611606050733079798,90-91m²,2026-03-16T11:59:16.341464
1206293274952030686,https://www.hemnet.se/salda/lagenhet-3rum-vastra-orminge-nacka-kommun-ormingeringen-10c-1206293274952030686,90-91m²,2026-03-16T11:59:16.341465
3120548302147277119,https://www.hemnet.se/salda/lagenhet-2rum-gamla-stan-eskilstuna-kommun-kopmangatan-11b-3120548302147277119,90-91m²,2026-03-16T11:59:16.341466
9077990928318724847,https://www.hemnet.se/salda/lagenhet-4rum-centrala-handen-haninge-kommun-sleipnervagen-39-9077990928318724847,90-91m²,2026-03-16T11:59:16.341468
9092230337944844544,https://www.hemnet.se/salda/lagenhet-4rum-viksjo-jarfalla-kommun-axvagen-43-9092230337944844544,90-91m²,2026-03-16T11:59:16.341469
5700609699360152127,https://www.hemnet.se/salda/lagenhet-4rum-hamnen-nykopings-kommun-tullkammargrand-9-5700609699360152127,90-91m²,2026-03-16T11:59:16.341470
3970414924622397155,https://www.hemnet.se/salda/lagenhet-4rum-alvsjobadet-stockholms-kommun-lillhagsvagen-24-3970414924622397155,90-91m²,2026-03-16T11:59:16.341472
7286041920979700178,https://www.hemnet.se/salda/lagenhet-4rum-olofstrom-olofstroms-kommun-vilboksvagen-15b-7286041920979700178,90-91m²,2026-03-16T11:59:16.341473
2221876537980977490,https://www.hemnet.se/salda/lagenhet-4rum-rosengarden-vallentuna-kommun-rosengardsvagen-49-2221876537980977490,90-91m²,2026-03-16T11:59:16.341474
8330941983437987159,https://www.hemnet.se/salda/lagenhet-3rum-dammfri-malmo-kommun-korsorvagen-4a-8330941983437987159,90-91m²,2026-03-16T11:59:16.341475
6404128050376634132,https://www.hemnet.se/salda/lagenhet-4rum-luthagen-uppsala-kommun-prastgardsgatan-19a-6404128050376634132,90-91m²,2026-03-16T11:59:16.341477
4190785561593864191,https://www.hemnet.se/salda/lagenhet-3rum-hammarby-sjostad-stockholms-kommun-rorgangargatan-21-4190785561593864191,90-91m²,2026-03-16T11:59:16.341478
7145978826740247099,https://www.hemnet.se/salda/lagenhet-3rum-kristianstad-soder-kristianstads-kommun-vaverigatan-1a-7145978826740247099,90-91m²,2026-03-16T11:59:16.341480
8362085269478655089,https://www.hemnet.se/salda/lagenhet-4rum-roslags-nasby-taby-kommun-nasbyvagen-6b-8362085269478655089,90-91m²,2026-03-16T11:59:16.341481
4008942384396167809,https://www.hemnet.se/salda/lagenhet-3rum-handen-haninge-kommun-vallavagen-19-4008942384396167809,90-91m²,2026-03-16T11:59:16.341482
4334753248512447109,https://www.hemnet.se/salda/lagenhet-4rum-nacka-strand-nacka-kommun-tandkulevagen-33-4334753248512447109,90-91m²,2026-03-16T11:59:16.341484
3295174333447525700,https://www.hemnet.se/salda/lagenhet-4rum-osterplan-orebro-kommun-isgatan-11-3295174333447525700,90-91m²,2026-03-16T11:59:16.341485
3436322235778239480,https://www.hemnet.se/salda/lagenhet-4rum-oxhagen-kalmar-kommun-oxhagsvagen-6b-3436322235778239480,90-91m²,2026-03-16T11:59:16.341487
2083955772248773515,https://www.hemnet.se/salda/lagenhet-4rum-lindo-norrkopings-kommun-aktergatan-12-2083955772248773515,90-91m²,2026-03-16T11:59:16.341488
3824016783116760468,https://www.hemnet.se/salda/lagenhet-4rum-centrala-ystad-ystads-kommun-mariagatan-7-d-3824016783116760468,90-91m²,2026-03-16T11:59:16.341489
1555791087536946714,https://www.hemnet.se/salda/lagenhet-4rum-nacka-strand-nacka-kommun-lokomobilvagen-2g-1555791087536946714,90-91m²,2026-03-16T11:59:16.341491
1657833549452644083,https://www.hemnet.se/salda/lagenhet-3rum-vastra-orminge-nacka-kommun-ormingeringen-49d-1657833549452644083,90-91m²,2026-03-16T11:59:16.341492
922359423408690394,"https://www.hemnet.se/salda/lagenhet-3,5rum-centrum-vasteras-kommun-mimergatan-6b-922359423408690394",90-91m²,2026-03-16T11:59:16.341494
7263933777479299247,https://www.hemnet.se/salda/lagenhet-4rum-porson-lulea-kommun-forskarvagen-51-7263933777479299247,90-91m²,2026-03-16T11:59:16.341495
8236486739968953128,"https://www.hemnet.se/salda/lagenhet-4,5rum-jarlaberg-nacka-kommun-fyrspannsvagen-43-8236486739968953128",90-91m²,2026-03-16T11:59:16.341496
3997053062600488791,https://www.hemnet.se/salda/lagenhet-4rum-strandstaden-lomma-kommun-esplanaden-14-3997053062600488791,90-91m²,2026-03-16T11:59:16.341498
3300454897523752270,https://www.hemnet.se/salda/lagenhet-4rum-centrala-tyreso-tyreso-kommun-myggdalsvagen-92-3300454897523752270,90-91m²,2026-03-16T11:59:16.341499
378378555664363635,https://www.hemnet.se/salda/lagenhet-3rum-stadskarnan-heleneborg-uddevalla-kommun-vindfallegatan-31-378378555664363635,90-91m²,2026-03-16T11:59:16.341500
6791227213409982220,https://www.hemnet.se/salda/lagenhet-4rum-dalaberg-uddevalla-kommun-vindfallegatan-7-6791227213409982220,90-91m²,2026-03-16T11:59:16.341502
4236747194816858493,https://www.hemnet.se/salda/lagenhet-4rum-alvsbacka-skelleftea-kommun-ostra-nygatan-93b-4236747194816858493,90-91m²,2026-03-16T11:59:16.341503
7735749463176642061,https://www.hemnet.se/salda/lagenhet-3rum-floda-lerums-kommun-ornevinges-vag-1-a-7735749463176642061,90-91m²,2026-03-16T11:59:16.341505
5648660951988268434,https://www.hemnet.se/salda/lagenhet-2rum-ostermalm-kristianstads-kommun-foreningsgatan-9a-5648660951988268434,90-91m²,2026-03-16T11:59:16.341506
7821995187572778588,https://www.hemnet.se/salda/lagenhet-3rum-triangeln-malmo-kommun-s-t-johannesgatan-3f-7821995187572778588,90-91m²,2026-03-16T11:59:16.341507
6011070218319581859,https://www.hemnet.se/salda/lagenhet-3rum-centrum-halmstads-kommun-hvitfeldtsgatan-17b-6011070218319581859,90-91m²,2026-03-16T11:59:16.341509
6656409259258896669,https://www.hemnet.se/salda/lagenhet-3rum-centrala-tyreso-tyreso-kommun-myggdalsvagen-18-6656409259258896669,90-91m²,2026-03-16T11:59:16.341510
8311695304457370658,https://www.hemnet.se/salda/lagenhet-4rum-vasastan-stockholms-kommun-dalagatan-35c-8311695304457370658,90-91m²,2026-03-16T11:59:16.341511
8632697381488033650,https://www.hemnet.se/salda/lagenhet-3rum-kvarnholmen-nacka-kommun-mjolnarvagen-8a-8632697381488033650,90-91m²,2026-03-16T11:59:16.341513
2126728934773817628,https://www.hemnet.se/salda/lagenhet-4rum-cv-staden-orebro-kommun-cv-gatan-101-2126728934773817628,90-91m²,2026-03-16T11:59:16.341514
4232119875167761225,https://www.hemnet.se/salda/lagenhet-4rum-centrala-handen-haninge-kommun-sleipnervagen-31-4232119875167761225,90-91m²,2026-03-16T11:59:16.341515
6411008775398581763,https://www.hemnet.se/salda/lagenhet-3rum-rindo-vaxholms-kommun-treuddsvagen-16-6411008775398581763,90-91m²,2026-03-16T11:59:16.341517
1788663653745671309,https://www.hemnet.se/salda/lagenhet-3rum-vellinge-vellinge-kommun-astrakangatan-4c-1788663653745671309,90-91m²,2026-03-16T11:59:16.341518
1851619022621915243,https://www.hemnet.se/salda/lagenhet-4rum-tomtebo-umea-kommun-sagovagen-2d-1851619022621915243,90-91m²,2026-03-16T11:59:16.341519
771155755566193252,https://www.hemnet.se/salda/lagenhet-3rum-raby-vasteras-kommun-morkullegatan-32-771155755566193252,90-91m²,2026-03-16T11:59:16.341521
6001708269960667229,https://www.hemnet.se/salda/lagenhet-4rum-bolinder-strand-jarfalla-kommun-birger-dahlerus-vag-5-6001708269960667229,90-91m²,2026-03-16T11:59:16.341522
2232657855054171196,https://www.hemnet.se/salda/lagenhet-4rum-satra-ang-danderyds-kommun-satraangsvagen-118-2232657855054171196,90-91m²,2026-03-16T11:59:16.341523
2471742598250361922,https://www.hemnet.se/salda/lagenhet-3rum-hammarby-sjostad-stockholms-kommun-heliosgatan-50-2471742598250361922,90-91m²,2026-03-16T11:59:16.341525
2664816949432641196,https://www.hemnet.se/salda/lagenhet-4rum-onsjo-vanersborgs-kommun-hovslagargatan-25-2664816949432641196,90-91m²,2026-03-16T11:59:16.341526
4142641863638964326,https://www.hemnet.se/salda/lagenhet-4rum-nacka-strand-nacka-kommun-tandkulevagen-33-4142641863638964326,90-91m²,2026-03-16T11:59:16.341527
3821333847370407842,https://www.hemnet.se/salda/lagenhet-3rum-kalleback-goteborgs-kommun-smorgatan-102-3821333847370407842,90-91m²,2026-03-16T11:59:16.341529
2987714910667260975,https://www.hemnet.se/salda/lagenhet-4rum-bjornrike-harjedalens-kommun-bjornrike-grizzlyvagen-5a-2987714910667260975,90-91m²,2026-03-16T11:59:16.341530
2318727777879859155,https://www.hemnet.se/salda/lagenhet-4rum-hisings-backa-goteborgs-kommun-olshammarsgatan-8-2318727777879859155,90-91m²,2026-03-16T11:59:16.341531
7134813643949931696,"https://www.hemnet.se/salda/lagenhet-3,5rum-bromolla-bromolla-kommun-tians-vag-18-c-7134813643949931696",90-91m²,2026-03-16T11:59:16.341534
6925590613950421867,https://www.hemnet.se/salda/lagenhet-4rum-limhamns-sjostad-malmo-kommun-limhamns-stationsvag-27-6925590613950421867,90-91m²,2026-03-16T11:59:16.341535
5058978107452937110,https://www.hemnet.se/salda/lagenhet-3rum-centrum-halmstads-kommun-sven-jonsons-gata-3-5058978107452937110,90-91m²,2026-03-16T11:59:16.341537
5588038221300591641,https://www.hemnet.se/salda/lagenhet-4rum-vastra-orminge-nacka-kommun-ormingeringen-13a-5588038221300591641,90-91m²,2026-03-16T11:59:16.341538
7015958589747866256,https://www.hemnet.se/salda/lagenhet-4rum-centrum-skelleftea-kommun-repslagargrand-5-7015958589747866256,90-91m²,2026-03-16T11:59:16.341539
7803563357693266077,https://www.hemnet.se/salda/lagenhet-4rum-dockan-malmo-kommun-lovartsgatan-5-7803563357693266077,90-91m²,2026-03-16T11:59:16.341541
8053158932832231350,https://www.hemnet.se/salda/lagenhet-4rum-hagastaden-vasastan-stockholms-kommun-torsplan-10-8053158932832231350,90-91m²,2026-03-16T11:59:16.341542
575439237547169771,https://www.hemnet.se/salda/lagenhet-4rum-vastra-sjostaden-ystads-kommun-trombgatan-14-575439237547169771,90-91m²,2026-03-16T11:59:16.341543
656806943083104516,https://www.hemnet.se/salda/lagenhet-3rum-bulltofta-malmo-kommun-sallerupsvagen-218-a-656806943083104516,90-91m²,2026-03-16T11:59:16.341545
1616840661831626202,https://www.hemnet.se/salda/lagenhet-3rum-kalleback-goteborgs-kommun-smorgatan-102-1616840661831626202,90-91m²,2026-03-16T11:59:16.341546
2904413473782161591,https://www.hemnet.se/salda/lagenhet-3rum-vreta-kloster-linkopings-kommun-kallgardsvagen-5a-2904413473782161591,90-91m²,2026-03-16T11:59:16.341547
539641455302510371,https://www.hemnet.se/salda/lagenhet-2rum-kungsbacka-kungsbacka-kommun-odens-vag-16-539641455302510371,90-91m²,2026-03-16T11:59:16.341548
1933386569517576877,https://www.hemnet.se/salda/lagenhet-4rum-alvesta-vaster-alvesta-kommun-odlingsvagen-43-1933386569517576877,90-91m²,2026-03-16T11:59:16.341550
7935622515403161352,https://www.hemnet.se/salda/lagenhet-3rum-handen-haninge-kommun-sleipnervagen-37-7935622515403161352,90-91m²,2026-03-16T11:59:16.341551
5064361050052019475,https://www.hemnet.se/salda/lagenhet-4rum-centrala-hisingen-goteborgs-kommun-parmmataregatan-10-5064361050052019475,90-91m²,2026-03-16T11:59:16.341552
7080748577509819906,https://www.hemnet.se/salda/lagenhet-4rum-centrala-handen-haninge-kommun-sleipnervagen-73-7080748577509819906,90-91m²,2026-03-16T11:59:16.341554
364473287443493025,https://www.hemnet.se/salda/lagenhet-3rum-rabylund-lunds-kommun-agronomvagen-2-364473287443493025,90-91m²,2026-03-16T11:59:16.341555
6490117117650016971,https://www.hemnet.se/salda/lagenhet-3rum-s-t-knut-malmo-kommun-disponentgatan-1-6490117117650016971,90-91m²,2026-03-16T11:59:16.341556
1920419231844456945,https://www.hemnet.se/salda/lagenhet-3rum-hollviken-vellinge-kommun-ivars-vag-2-1920419231844456945,90-91m²,2026-03-16T11:59:16.341558
205893390771325280,https://www.hemnet.se/salda/lagenhet-4rum-kortedala-goteborgs-kommun-fullmanegatan-16-205893390771325280,90-91m²,2026-03-16T11:59:16.341559
3447076514966654310,https://www.hemnet.se/salda/lagenhet-4rum-kolsva-kopings-kommun-bergslagsvagen-121-a-3447076514966654310,90-91m²,2026-03-16T11:59:16.341560
8642799742708495116,https://www.hemnet.se/salda/lagenhet-3rum-brynas-gavle-kommun-brynasgatan-81-8642799742708495116,90-91m²,2026-03-16T11:59:16.341562
7060937758452372684,https://www.hemnet.se/salda/lagenhet-3rum-centrum-helsingborgs-kommun-nedre-langvinkelsgatan-14-7060937758452372684,90-91m²,2026-03-16T11:59:16.341563
8056806791135656659,https://www.hemnet.se/salda/lagenhet-3rum-haga-umea-kommun-solvandan-2b-8056806791135656659,90-91m²,2026-03-16T11:59:16.341565
7229726083887428427,https://www.hemnet.se/salda/lagenhet-4rum-vasterslatt-umea-kommun-nackrosvagen-4-7229726083887428427,90-91m²,2026-03-16T11:59:16.341566
141305550419251867,https://www.hemnet.se/salda/lagenhet-4rum-bromma-beckomberga-stockholms-kommun-beckomberga-alle-15-141305550419251867,90-91m²,2026-03-16T11:59:16.341568
74597206989437321,https://www.hemnet.se/salda/lagenhet-4rum-centrum-gavle-kommun-hantverkargatan-27b-74597206989437321,90-91m²,2026-03-16T11:59:16.341569
644592939269453856,https://www.hemnet.se/salda/lagenhet-4rum-satra-ang-danderyds-kommun-satraangsvagen-132-644592939269453856,90-91m²,2026-03-16T11:59:16.341570
8196407827740784156,https://www.hemnet.se/salda/lagenhet-4rum-centrum-uppsala-kommun-dragarbrunnsgatan-62-van-6-6-8196407827740784156,90-91m²,2026-03-16T11:59:16.341572
6185988174356362912,"https://www.hemnet.se/salda/lagenhet-3,5rum-gamla-masthugget-goteborgs-kommun-paradisgatan-21a-6185988174356362912",90-91m²,2026-03-16T11:59:16.341573
1289534982274824084,https://www.hemnet.se/salda/lagenhet-3rum-kapellgardet-uppsala-kommun-portalgatan-4d-1289534982274824084,90-91m²,2026-03-16T11:59:16.341574
2234183422495877,"https://www.hemnet.se/salda/lagenhet-3rum-ostermalm-stockholms-kommun-oxenstiernsgatan-35,-6tr-2234183422495877",90-91m²,2026-03-16T11:59:16.341576
3040316951382206141,https://www.hemnet.se/salda/lagenhet-3rum-nedre-haga-sundsvalls-kommun-skonsbergsvagen-19l-3040316951382206141,90-91m²,2026-03-16T11:59:16.341577
8547700556837752316,"https://www.hemnet.se/salda/lagenhet-4rum-botkyrka-hallunda-botkyrka-kommun-vickervagen-12,-6tr-8547700556837752316",90-91m²,2026-03-16T11:59:16.341578
753111218183331690,"https://www.hemnet.se/salda/lagenhet-3,5rum-centrum-ludvika-kommun-engelbrektsgatan-24a-753111218183331690",90-91m²,2026-03-16T11:59:16.341580
8616012104517733518,https://www.hemnet.se/salda/lagenhet-4rum-vasastan-birkastan-stockholms-kommun-vikingagatan-26-8616012104517733518,90-91m²,2026-03-16T11:59:16.341581
8771803903213788945,"https://www.hemnet.se/salda/lagenhet-3,5rum-vastra-orminge-nacka-kommun-ormingeringen-60b-8771803903213788945",90-91m²,2026-03-16T11:59:16.341582
7609068556841400543,https://www.hemnet.se/salda/lagenhet-3rum-ulvsunda-stockholms-kommun-ulvsundavagen-34-7609068556841400543,90-91m²,2026-03-16T11:59:16.341584
3086596609890400304,https://www.hemnet.se/salda/lagenhet-3rum-stenso-nacka-kommun-oxelvagen-51-3086596609890400304,90-91m²,2026-03-16T11:59:16.341585
1842200851840354041,https://www.hemnet.se/salda/lagenhet-2rum-linnestaden-goteborgs-kommun-andra-langgatan-4c-1842200851840354041,90-91m²,2026-03-16T11:59:16.341586
3226429647537814444,https://www.hemnet.se/salda/lagenhet-4rum-gustavsberg-porslinskvarteren-varmdo-kommun-wilhelm-kages-gata-50b-3226429647537814444,90-91m²,2026-03-16T11:59:16.341588
6192298161860766026,https://www.hemnet.se/salda/lagenhet-4rum-ekerum-borgholms-kommun-golfbyvagen-140-6192298161860766026,90-91m²,2026-03-16T11:59:16.341589
8311631173080279468,"https://www.hemnet.se/salda/lagenhet-3rum-nacka-kvarnholmen-nacka-kommun-mjolnarvagen-4b,-8tr-8311631173080279468",90-91m²,2026-03-16T11:59:16.341591
1124679736828906736,https://www.hemnet.se/salda/lagenhet-3rum-mjolkudden-ankarkronan-lulea-kommun-mjolkuddsvagen-207-1124679736828906736,90-91m²,2026-03-16T11:59:16.341592
4137948184077386249,https://www.hemnet.se/salda/lagenhet-4rum-alvsjostaden-stockholms-kommun-armborstvagen-20-4137948184077386249,90-91m²,2026-03-16T11:59:16.341593
3597442786456201495,https://www.hemnet.se/salda/lagenhet-4rum-viksjo-jarfalla-kommun-axvagen-17-3597442786456201495,90-91m²,2026-03-16T11:59:16.341595
9179647022240698408,https://www.hemnet.se/salda/lagenhet-4rum-askim-goteborgs-kommun-kobbeslatten-10-9179647022240698408,90-91m²,2026-03-16T11:59:16.341596
4412942774555242547,https://www.hemnet.se/salda/lagenhet-4rum-arsta-stockholms-kommun-skedviksvagen-48-4412942774555242547,90-91m²,2026-03-16T11:59:16.341685
3318481653156379097,https://www.hemnet.se/salda/lagenhet-4rum-limhamn-malmo-kommun-vastra-bernadottesgatan-25b-3318481653156379097,90-91m²,2026-03-16T11:59:16.341687
3913944513980115828,"https://www.hemnet.se/salda/lagenhet-4rum-hornstull-stockholms-kommun-drakenbergsgatan-19,-4-tr-3913944513980115828",90-91m²,2026-03-16T11:59:16.341689
1600912190168946404,"https://www.hemnet.se/salda/lagenhet-3rum-lilla-essingen-stockholms-kommun-luxgatan-27,-1tr-1600912190168946404",90-91m²,2026-03-16T11:59:16.341690
6252310932380892793,https://www.hemnet.se/salda/lagenhet-4rum-akersberga-centralt-osterakers-kommun-kungsangsvagen-1-6252310932380892793,90-91m²,2026-03-16T11:59:16.341691
6449675089225144853,https://www.hemnet.se/salda/lagenhet-4rum-handen-haninge-kommun-vallavagen-41-6449675089225144853,90-91m²,2026-03-16T11:59:16.341693
1860387453565337576,https://www.hemnet.se/salda/lagenhet-4rum-minneberg-stockholms-kommun-svartviksslingan-96-1860387453565337576,90-91m²,2026-03-16T11:59:16.341694
9211696539831859058,"https://www.hemnet.se/salda/lagenhet-4rum-botkyrka-hallunda-botkyrka-kommun-vetevagen-5,-6tr-9211696539831859058",90-91m²,2026-03-16T11:59:16.341695
783093525328590072,https://www.hemnet.se/salda/lagenhet-3rum-norra-asum-kristianstads-kommun-tobias-kraaks-vag-7a-783093525328590072,90-91m²,2026-03-16T11:59:16.341697
6587326700037342009,"https://www.hemnet.se/salda/lagenhet-3,5rum-balsta-centrum-habo-kommun-appelvagen-3-6587326700037342009",90-91m²,2026-03-16T11:59:16.341698
6179483541958457392,https://www.hemnet.se/salda/lagenhet-3rum-centralt-sandvikens-kommun-stationsgatan-17-6179483541958457392,90-91m²,2026-03-16T11:59:16.341699
2158004115194010580,https://www.hemnet.se/salda/lagenhet-3rum-taby-centrum-taby-kommun-akerbyvagen-216-2158004115194010580,90-91m²,2026-03-16T11:59:16.341701
9122801822351955381,https://www.hemnet.se/salda/lagenhet-4rum-kolla-kungsbacka-kommun-gnejsvagen-70-9122801822351955381,90-91m²,2026-03-16T11:59:16.341702
5142060695510961669,https://www.hemnet.se/salda/lagenhet-3rum-asumtorp-kristianstads-kommun-faster-elisabeths-vag-2b-5142060695510961669,90-91m²,2026-03-16T11:59:16.341703
8527662169603966675,https://www.hemnet.se/salda/lagenhet-3rum-kungsbacka-kungsbacka-kommun-odens-vag-16-8527662169603966675,90-91m²,2026-03-16T11:59:16.341705
7197156431721893111,https://www.hemnet.se/salda/lagenhet-4rum-hisings-backa-goteborgs-kommun-palmtragatan-2-7197156431721893111,90-91m²,2026-03-16T11:59:16.341706
4057853988359902092,https://www.hemnet.se/salda/lagenhet-3rum-rud-karlstads-kommun-mossgatan-191-4057853988359902092,90-91m²,2026-03-16T11:59:16.341707
1553678485248315361,https://www.hemnet.se/salda/lagenhet-4rum-vast-pa-stan-hedlunda-umea-kommun-hedlundavagen-5a-1553678485248315361,90-91m²,2026-03-16T11:59:16.341708
618280326676697216,"https://www.hemnet.se/salda/lagenhet-4rum-centrala-sundbyberg-sundbybergs-kommun-hogklintavagen-12,-2-tr-618280326676697216",90-91m²,2026-03-16T11:59:16.341710
2372515678582795526,"https://www.hemnet.se/salda/lagenhet-3,5rum-lansmansgarden-goteborgs-kommun-varmfrontsgatan-12-2372515678582795526",90-91m²,2026-03-16T11:59:16.341711
7319767085603327386,https://www.hemnet.se/salda/lagenhet-3rum-dockan-malmo-kommun-dockgatan-49a-7319767085603327386,90-91m²,2026-03-16T11:59:16.341712
4107453528856146370,https://www.hemnet.se/salda/lagenhet-3rum-aspudden-ornsberg-stockholms-kommun-allan-edwalls-gata-2-4107453528856146370,90-91m²,2026-03-16T11:59:16.341714
5851437633675051811,https://www.hemnet.se/salda/lagenhet-4rum-hisings-backa-goteborgs-kommun-ovralidsgatan-17-5851437633675051811,90-91m²,2026-03-16T11:59:16.341715
4003447379372540559,https://www.hemnet.se/salda/lagenhet-4rum-pantarholmen-karlskrona-kommun-landsvagsgatan-12e-4003447379372540559,90-91m²,2026-03-16T11:59:16.341716
6765894176271408576,"https://www.hemnet.se/salda/lagenhet-4rum-tyreso-centrum-tyreso-kommun-sikvagen-11,-5-tr-6765894176271408576",90-91m²,2026-03-16T11:59:16.341717
3339015145003269014,https://www.hemnet.se/salda/lagenhet-4rum-centrala-hisingen-goteborgs-kommun-jagaregatan-2a-3339015145003269014,90-91m²,2026-03-16T11:59:16.341719
7318747798092712802,"https://www.hemnet.se/salda/lagenhet-4rum-taby-centrum-taby-kommun-marknadsvagen-143,-2tr-7318747798092712802",90-91m²,2026-03-16T11:59:16.341720
4004170032666671232,https://www.hemnet.se/salda/lagenhet-4rum-fagelsangen-norrtalje-kommun-knutbyvagen-41-4004170032666671232,90-91m²,2026-03-16T11:59:16.341721
7732814712536365235,https://www.hemnet.se/salda/lagenhet-3rum-klostergarden-lunds-kommun-tordonsvagen-4g-7732814712536365235,90-91m²,2026-03-16T11:59:16.341723
1330824815431810205,https://www.hemnet.se/salda/lagenhet-4rum-rasunda-solna-kommun-lovgatan-68-1330824815431810205,90-91m²,2026-03-16T11:59:16.341724
924325676455674759,"https://www.hemnet.se/salda/lagenhet-3,5rum-bromma-minneberg-stockholms-kommun-svartviksslingan-19-924325676455674759",90-91m²,2026-03-16T11:59:16.341725
3549839738881256499,https://www.hemnet.se/salda/lagenhet-4rum-liljeholmskajen-sjovikshojden-stockholms-kommun-sturehillsvagen-5-3549839738881256499,90-91m²,2026-03-16T11:59:16.341727
708186925971048285,https://www.hemnet.se/salda/lagenhet-4rum-molndal-molndals-kommun-hagakersgatan-7b-708186925971048285,90-91m²,2026-03-16T11:59:16.341728
6730192121761362624,"https://www.hemnet.se/salda/lagenhet-3,5rum-visattra-huddinge-kommun-mangardsvagen-23-6730192121761362624",90-91m²,2026-03-16T11:59:16.341729
771139046484521743,https://www.hemnet.se/salda/lagenhet-3rum-billdal-goteborgs-kommun-sjobackevagen-6-771139046484521743,90-91m²,2026-03-16T11:59:16.341731
8186544779389609609,https://www.hemnet.se/salda/lagenhet-4rum-gamla-vattersnas-jonkopings-kommun-sodra-apollovagen-45-8186544779389609609,90-91m²,2026-03-16T11:59:16.341732
5755545884251355542,https://www.hemnet.se/salda/lagenhet-3rum-ursvik-sundbybergs-kommun-forskargrand-22-5755545884251355542,90-91m²,2026-03-16T11:59:16.341733
8323764635026496075,https://www.hemnet.se/salda/lagenhet-4rum-ronninge-salems-kommun-ronningevagen-5-8323764635026496075,90-91m²,2026-03-16T11:59:16.341734
4750794148666412824,"https://www.hemnet.se/salda/lagenhet-3,5rum-sofielund-malmo-kommun-sevedsplan-11g-4750794148666412824",90-91m²,2026-03-16T11:59:16.341736
1446507892642232497,https://www.hemnet.se/salda/lagenhet-4rum-brannhagen-alvkarleby-kommun-brannhagen-8a-1446507892642232497,90-91m²,2026-03-16T11:59:16.341737
4491229269325012033,https://www.hemnet.se/salda/lagenhet-3rum-hyllie-malmo-kommun-dagvattengatan-8c-4491229269325012033,90-91m²,2026-03-16T11:59:16.341738
5428162571757152052,https://www.hemnet.se/salda/lagenhet-4rum-orgryte-goteborgs-kommun-backeliden-1-b-5428162571757152052,90-91m²,2026-03-16T11:59:16.341739
203549325737894455,"https://www.hemnet.se/salda/lagenhet-3rum-hammarby-sjostad-stockholms-kommun-hammarby-kaj-22,-van-4-203549325737894455",90-91m²,2026-03-16T11:59:16.341741
4846894007405445734,https://www.hemnet.se/salda/lagenhet-4rum-umea-umea-kommun-sagovagen-24c-4846894007405445734,90-91m²,2026-03-16T11:59:16.341742
3161789692234184636,https://www.hemnet.se/salda/lagenhet-3rum-mjolkudden-ankarkronan-lulea-kommun-mjolkuddsvagen-263-3161789692234184636,90-91m²,2026-03-16T11:59:16.341743
4487500040985065552,https://www.hemnet.se/salda/lagenhet-4rum-orminge-nacka-kommun-edovagen-14c-4487500040985065552,90-91m²,2026-03-16T11:59:16.341744
4191891177990074022,https://www.hemnet.se/salda/lagenhet-4rum-anderstorp-gislaveds-kommun-paradisvagen-9a-4191891177990074022,90-91m²,2026-03-16T11:59:16.341746
763498328470941567,https://www.hemnet.se/salda/lagenhet-3rum-vilbergen-norrkopings-kommun-kalkstensgatan-8-763498328470941567,90-91m²,2026-03-16T11:59:16.341747
4259827527966211393,https://www.hemnet.se/salda/lagenhet-4rum-elinegard-malmo-kommun-rafsgatan-14-4259827527966211393,90-91m²,2026-03-16T11:59:16.341748
5066495906351942827,https://www.hemnet.se/salda/lagenhet-3rum-karlskrona-karlskrona-kommun-ostergatan-5a-5066495906351942827,90-91m²,2026-03-16T11:59:16.341749
8125960765844408534,https://www.hemnet.se/salda/lagenhet-4rum-hisings-karra-goteborgs-kommun-lillekarr-sodra-198-8125960765844408534,90-91m²,2026-03-16T11:59:16.341750
853998222716483132,"https://www.hemnet.se/salda/lagenhet-3rum-mellbystrand-mellersta-delen-laholms-kommun-stora-strandvagen-2a,-lgh-1201-853998222716483132",90-91m²,2026-03-16T11:59:16.341752
5845422899994581541,"https://www.hemnet.se/salda/lagenhet-4rum-rasunda-solna-kommun-lovgatan-68,-1tr-5845422899994581541",90-91m²,2026-03-16T11:59:16.341753
7922250224604021802,"https://www.hemnet.se/salda/lagenhet-3rum-aby-park-vallentuna-kommun-murstensvagen-115,-1-tr,-7922250224604021802",90-91m²,2026-03-16T11:59:16.341755
756785549706860119,https://www.hemnet.se/salda/lagenhet-3rum-ljustero-osterakers-kommun-danebovagen-9e-756785549706860119,90-91m²,2026-03-16T11:59:16.341756
5942390070080661871,"https://www.hemnet.se/salda/lagenhet-4rum-hasselby-strand-stockholms-kommun-maltesholmsvagen-153,-9tr-5942390070080661871",90-91m²,2026-03-16T11:59:16.341757
4352489020449867737,https://www.hemnet.se/salda/lagenhet-4rum-sodermalm-stockholms-kommun-tideliusgatan-59-4352489020449867737,90-91m²,2026-03-16T11:59:16.341759
7317068596756818662,https://www.hemnet.se/salda/lagenhet-3rum-soder-gavle-kommun-murengatan-20-a-7317068596756818662,90-91m²,2026-03-16T11:59:16.341760
3476679484151178902,https://www.hemnet.se/salda/lagenhet-3rum-fallhagen-boxholms-kommun-holavedsplan-7-3476679484151178902,90-91m²,2026-03-16T11:59:16.341761
6426237433438148938,"https://www.hemnet.se/salda/lagenhet-4rum-farsta-strand-stockholms-kommun-eksharadsgatan-81,-2tr-6426237433438148938",90-91m²,2026-03-16T11:59:16.341762
1279787137228712671,https://www.hemnet.se/salda/lagenhet-4rum-vellinge-centralt-vellinge-kommun-storgatan-8a-1279787137228712671,90-91m²,2026-03-16T11:59:16.341764
8484233935396415839,"https://www.hemnet.se/salda/lagenhet-3,5rum-hagerstenshamnen-stockholms-kommun-selmedalsringen-13-8484233935396415839",90-91m²,2026-03-16T11:59:16.341765
1361726612707414121,"https://www.hemnet.se/salda/lagenhet-4rum-bromma-annedal-stockholms-kommun-annedalsvagen-54,-1-tr-1361726612707414121",90-91m²,2026-03-16T11:59:16.341766
3666074199523554006,https://www.hemnet.se/salda/lagenhet-5rum-vasterhaninge-haninge-kommun-ringvagen-67-3666074199523554006,90-91m²,2026-03-16T11:59:16.341767
2954486124247356862,https://www.hemnet.se/salda/lagenhet-4rum-finnboda-hamn-nacka-kommun-finnboda-parkvag-8-2954486124247356862,90-91m²,2026-03-16T11:59:16.341769
8725585419935258234,https://www.hemnet.se/salda/lagenhet-4rum-granby-uppsala-kommun-tovadersgatan-15-b-8725585419935258234,90-91m²,2026-03-16T11:59:16.341770
6908652307150992114,https://www.hemnet.se/salda/lagenhet-3rum-linnestaden-goteborgs-kommun-sveagatan-11-6908652307150992114,90-91m²,2026-03-16T11:59:16.341771
6986812513765065848,https://www.hemnet.se/salda/lagenhet-4rum-alvsbacka-skelleftea-kommun-ostra-nygatan-93c-6986812513765065848,90-91m²,2026-03-16T11:59:16.341773
8467091829666818733,https://www.hemnet.se/salda/lagenhet-4rum-centralt-linkopings-kommun-drottninggatan-36a-8467091829666818733,90-91m²,2026-03-16T11:59:16.341774
345792633074209655,https://www.hemnet.se/salda/lagenhet-4rum-fredriksdal-vasatorp-helsingborgs-kommun-fyrverkaregatan-14b-345792633074209655,90-91m²,2026-03-16T11:59:16.341775
5848405073756614512,https://www.hemnet.se/salda/lagenhet-4rum-ramlosa-helsingborgs-kommun-brunnsparken-varmbadhuset-1-5848405073756614512,90-91m²,2026-03-16T11:59:16.341776
7687316689783561671,https://www.hemnet.se/salda/lagenhet-3rum-centralt-norrtull-norrkopings-kommun-slottsgatan-128-7687316689783561671,90-91m²,2026-03-16T11:59:16.341778
6473562605988645646,https://www.hemnet.se/salda/lagenhet-4rum-alvsjostaden-stockholms-kommun-sandalettgatan-26-6473562605988645646,90-91m²,2026-03-16T11:59:16.341779
7167388334342360019,https://www.hemnet.se/salda/lagenhet-3rum-ribersborg-malmo-kommun-kilian-zollsgatan-15c-7167388334342360019,90-91m²,2026-03-16T11:59:16.341781
1957111608291496481,https://www.hemnet.se/salda/lagenhet-3rum-fronas-gnesta-kommun-margretedalsvagen-9-1957111608291496481,90-91m²,2026-03-16T11:59:16.341782
6074366375262541096,https://www.hemnet.se/salda/lagenhet-4rum-grangesberg-ludvika-kommun-kyrkbacken-52-b-6074366375262541096,90-91m²,2026-03-16T11:59:16.341783
7539657336744705945,"https://www.hemnet.se/salda/lagenhet-3,5rum-kviberg-goteborgs-kommun-ingeborg-hammarskjolds-gata-56-7539657336744705945",90-91m²,2026-03-16T11:59:16.341785
7331712393445076343,https://www.hemnet.se/salda/lagenhet-4rum-taby-centrum-taby-kommun-marknadsvagen-171-7331712393445076343,90-91m²,2026-03-16T11:59:16.341786
1521243296621897344,https://www.hemnet.se/salda/lagenhet-4rum-bolinder-strand-jarfalla-kommun-birger-dahlerus-vag-5-1521243296621897344,90-91m²,2026-03-16T11:59:16.341788
1669817007739415890,https://www.hemnet.se/salda/lagenhet-4rum-vastra-orminge-nacka-kommun-ormingeringen-12a-2-2-tr-1669817007739415890,90-91m²,2026-03-16T11:59:16.341789
4192814690701716060,https://www.hemnet.se/salda/lagenhet-3rum-linnestaden-goteborgs-kommun-sveagatan-11-4192814690701716060,90-91m²,2026-03-16T11:59:16.341790
7394135381836679220,https://www.hemnet.se/salda/lagenhet-4rum-dockan-malmo-kommun-dockgatan-31-7394135381836679220,90-91m²,2026-03-16T11:59:16.341791
5477427327018698141,https://www.hemnet.se/salda/lagenhet-3rum-brunstorp-jonkopings-kommun-sikvagen-12-5477427327018698141,90-91m²,2026-03-16T11:59:16.341793
3693805358301496653,https://www.hemnet.se/salda/lagenhet-4rum-fanna-enkopings-kommun-parkgatan-47d-3693805358301496653,90-91m²,2026-03-16T11:59:16.341794
937579845073442134,https://www.hemnet.se/salda/lagenhet-4rum-enskededalen-stockholms-kommun-kyrkogardsvagen-137-937579845073442134,90-91m²,2026-03-16T11:59:16.341795
4031308021889335231,https://www.hemnet.se/salda/lagenhet-3rum-centrala-tyreso-tyreso-kommun-siklojevagen-18-4031308021889335231,90-91m²,2026-03-16T11:59:16.341797
7149483519566806004,https://www.hemnet.se/salda/lagenhet-4rum-centralt-finspangs-kommun-kalkugnsvagen-15a-7149483519566806004,90-91m²,2026-03-16T11:59:16.341798
2034232700808538099,https://www.hemnet.se/salda/lagenhet-3rum-nasby-slottspark-taby-kommun-kadettens-gata-10-2034232700808538099,90-91m²,2026-03-16T11:59:16.341800
6185956805734596646,https://www.hemnet.se/salda/lagenhet-4rum-centralt-oster-nykopings-kommun-ostra-bergsgatan-25-6185956805734596646,90-91m²,2026-03-16T11:59:16.341801
2786284429890243367,https://www.hemnet.se/salda/lagenhet-3rum-jarvastaden-solna-kommun-fridensborgsvagen-27-2786284429890243367,90-91m²,2026-03-16T11:59:16.341803
6636734326040583658,https://www.hemnet.se/salda/lagenhet-4rum-hestra-gislaveds-kommun-mogatan-7c-6636734326040583658,90-91m²,2026-03-16T11:59:16.341804
7019577258793258369,https://www.hemnet.se/salda/lagenhet-3rum-visby-gotlands-kommun-byrumsgatan-12a-7019577258793258369,90-91m²,2026-03-16T11:59:16.341805
7198705911626463033,https://www.hemnet.se/salda/lagenhet-3rum-brynas-gavle-kommun-brynasgatan-89-7198705911626463033,90-91m²,2026-03-16T11:59:16.341807
9058852573050792404,https://www.hemnet.se/salda/lagenhet-3rum-centrum-uppsala-kommun-samaritergrand-1-9058852573050792404,90-91m²,2026-03-16T11:59:16.341808
2019313517575300895,https://www.hemnet.se/salda/lagenhet-4rum-bodal-lidingo-kommun-bodalsvagen-12-2019313517575300895,90-91m²,2026-03-16T11:59:16.341809
5726482664239146539,https://www.hemnet.se/salda/lagenhet-4rum-bromma-beckomberga-stockholms-kommun-beckomberga-alle-27-5726482664239146539,90-91m²,2026-03-16T11:59:16.341811
4620386001584722281,https://www.hemnet.se/salda/lagenhet-3rum-brynas-gavle-kommun-brynasgatan-77-4620386001584722281,90-91m²,2026-03-16T11:59:16.341812
2487099399171224343,https://www.hemnet.se/salda/lagenhet-3rum-dalaberg-uddevalla-kommun-vindfallegatan-31-2487099399171224343,90-91m²,2026-03-16T11:59:16.341813
4093343612495868170,https://www.hemnet.se/salda/lagenhet-4rum-odenslunda-upplands-vasby-kommun-fruangsvagen-86-4093343612495868170,90-91m²,2026-03-16T11:59:16.341815
825362123037917743,https://www.hemnet.se/salda/lagenhet-4rum-salem-salems-kommun-mosshagestigen-48-825362123037917743,90-91m²,2026-03-16T11:59:16.341816
7358462561124650036,https://www.hemnet.se/salda/lagenhet-3rum-luthagen-uppsala-kommun-sysslomansgatan-31b-7358462561124650036,90-91m²,2026-03-16T11:59:16.341817
5349366156303852933,https://www.hemnet.se/salda/lagenhet-4rum-rud-karlstads-kommun-mossgatan-189-5349366156303852933,90-91m²,2026-03-16T11:59:16.341819
103316720984504919,https://www.hemnet.se/salda/lagenhet-3rum-centrum-jakobsberg-vasteras-kommun-asgatan-4h-103316720984504919,90-91m²,2026-03-16T11:59:16.341820
6173298947183886354,https://www.hemnet.se/salda/lagenhet-4rum-centralt-gavle-kommun-hantverkargatan-27b-6173298947183886354,90-91m²,2026-03-16T11:59:16.341821
3347722013629853144,https://www.hemnet.se/salda/lagenhet-3rum-huvudsta-solna-kommun-slaggbacken-2-3347722013629853144,90-91m²,2026-03-16T11:59:16.341823
8168270026885929455,https://www.hemnet.se/salda/lagenhet-3rum-korsta-sundsvalls-kommun-klippgatan-29-8168270026885929455,90-91m²,2026-03-16T11:59:16.341824
2922854858331895980,https://www.hemnet.se/salda/lagenhet-4rum-visby-innerstad-gotlands-kommun-hastgatan-10-b-2922854858331895980,90-91m²,2026-03-16T11:59:16.341825
8703791604476736541,https://www.hemnet.se/salda/lagenhet-3rum-norr-eskilstuna-kommun-ostra-storgatan-10-8703791604476736541,90-91m²,2026-03-16T11:59:16.341826
541299227637865481,"https://www.hemnet.se/salda/lagenhet-3rum-katarina-stockholms-kommun-blekingegatan-4,-2-tr-541299227637865481",90-91m²,2026-03-16T11:59:16.341828
1264310483414942271,https://www.hemnet.se/salda/lagenhet-3rum-nyhamn-landskrona-kommun-badhusgatan-27-1264310483414942271,90-91m²,2026-03-16T11:59:16.341829
2748335100597431820,https://www.hemnet.se/salda/lagenhet-4rum-silverdal-sollentuna-kommun-krogers-promenad-27-2748335100597431820,90-91m²,2026-03-16T11:59:16.341830
503434141775746713,https://www.hemnet.se/salda/lagenhet-4rum-jarvastaden-solna-kommun-fridensborgsvagen-117-503434141775746713,90-91m²,2026-03-16T11:59:16.341832
5668706463847861179,https://www.hemnet.se/salda/lagenhet-3rum-kungsholmen-radhuset-stockholms-kommun-norra-agnegatan-39-5668706463847861179,90-91m²,2026-03-16T11:59:16.341833
687675941972303480,https://www.hemnet.se/salda/lagenhet-4rum-olofstrom-olofstroms-kommun-vilboksvagen-13d-687675941972303480,90-91m²,2026-03-16T11:59:16.341835
5923748804165114855,https://www.hemnet.se/salda/lagenhet-3rum-upplands-vasby-upplands-vasby-kommun-centralvagen-20-5923748804165114855,90-91m²,2026-03-16T11:59:16.341836
4797000668162511995,https://www.hemnet.se/salda/lagenhet-4rum-farsta-strand-stockholms-kommun-filipstadsbacken-46-4797000668162511995,90-91m²,2026-03-16T11:59:16.341838
242187081586069283,"https://www.hemnet.se/salda/lagenhet-3,5rum-hoganas-uppsala-kommun-s-t-olofsgatan-31a-242187081586069283",90-91m²,2026-03-16T11:59:16.341839
5586190448272068982,https://www.hemnet.se/salda/lagenhet-4rum-tomtebo-umea-kommun-sagovagen-2d-5586190448272068982,90-91m²,2026-03-16T11:59:16.341840
6802823839950683773,https://www.hemnet.se/salda/lagenhet-3rum-linnestaden-goteborgs-kommun-sveagatan-11-6802823839950683773,90-91m²,2026-03-16T11:59:16.341841
7393524788856688801,https://www.hemnet.se/salda/lagenhet-3rum-centrala-ostersund-ostersunds-kommun-nedre-hantverksgatan-2-7393524788856688801,90-91m²,2026-03-16T11:59:16.341843
7015720706963404747,"https://www.hemnet.se/salda/lagenhet-4rum-hagastaden-stockholms-kommun-valfrid-palmgrens-gata-1,-9-tr-7015720706963404747",90-91m²,2026-03-16T11:59:16.341844
3926996104821715106,https://www.hemnet.se/salda/lagenhet-4rum-granby-uppsala-kommun-regngatan-2-3926996104821715106,90-91m²,2026-03-16T11:59:16.341846
4608880038195969596,"https://www.hemnet.se/salda/lagenhet-4rum-botkyrka-hallunda-botkyrka-kommun-tradesvagen-2,-3tr-4608880038195969596",90-91m²,2026-03-16T11:59:16.341847
4867701887926626652,https://www.hemnet.se/salda/lagenhet-4rum-grondal-stockholms-kommun-storsegelvagen-10-4867701887926626652,90-91m²,2026-03-16T11:59:16.341848
8295419261293308694,https://www.hemnet.se/salda/lagenhet-3rum-kungsholmen-nedre-kungsholmen-stockholms-kommun-kungsholmsgatan-15-8295419261293308694,90-91m²,2026-03-16T11:59:16.341849
2430450728112656240,"https://www.hemnet.se/salda/lagenhet-4rum-botkyrka-hallunda-botkyrka-kommun-havrevagen-2,-markplan-2430450728112656240",90-91m²,2026-03-16T11:59:16.341851
5532133108356485378,https://www.hemnet.se/salda/lagenhet-3rum-lund-centrum-lunds-kommun-spolegatan-22-5532133108356485378,90-91m²,2026-03-16T11:59:16.341852
5509749124918186502,https://www.hemnet.se/salda/lagenhet-3rum-karlsdal-vasteras-kommun-johanneshojden-2-5509749124918186502,90-91m²,2026-03-16T11:59:16.341853
8132821877126392885,https://www.hemnet.se/salda/lagenhet-5rum-storhogna-bergs-kommun-merakvagen-13b-8132821877126392885,90-91m²,2026-03-16T11:59:16.341854
7829549151756141410,https://www.hemnet.se/salda/lagenhet-3rum-or-sundbybergs-kommun-logdansvagen-38-7829549151756141410,90-91m²,2026-03-16T11:59:16.341856
5742696015548204975,https://www.hemnet.se/salda/lagenhet-4rum-tomtebo-umea-kommun-kalhagsvagen-28d-5742696015548204975,90-91m²,2026-03-16T11:59:16.341857
1733475642467255701,https://www.hemnet.se/salda/lagenhet-4rum-odenslund-odenskog-ostersunds-kommun-brunflovagen-48a-1733475642467255701,90-91m²,2026-03-16T11:59:16.341858
1478651746614766463,https://www.hemnet.se/salda/lagenhet-4rum-orebro-orebro-kommun-lertagsgatan-54-1478651746614766463,90-91m²,2026-03-16T11:59:16.341859
2162448310319155385,https://www.hemnet.se/salda/lagenhet-4rum-centrala-sundbyberg-sundbybergs-kommun-jarnvagsgatan-58-2162448310319155385,90-91m²,2026-03-16T11:59:16.341861
7392770749168556513,https://www.hemnet.se/salda/lagenhet-3rum-sommarro-uppsala-kommun-norbyvagen-46b-7392770749168556513,90-91m²,2026-03-16T11:59:16.341862
6138297348266550306,https://www.hemnet.se/salda/lagenhet-3rum-vastra-orminge-nacka-kommun-ormingeringen-55-b-1-tr-6138297348266550306,90-91m²,2026-03-16T11:59:16.341864
370382775342282451,"https://www.hemnet.se/salda/lagenhet-4rum-aspudden-stockholms-kommun-botvidsgatan-3,-vindsetage-370382775342282451",90-91m²,2026-03-16T11:59:16.341865
8702216909595129599,https://www.hemnet.se/salda/lagenhet-4rum-johannelund-linkopings-kommun-skogslyckegatan-56-8702216909595129599,90-91m²,2026-03-16T11:59:16.341866
5609891009551458577,https://www.hemnet.se/salda/lagenhet-3rum-vastra-orminge-nacka-kommun-ormingeringen-38-5609891009551458577,90-91m²,2026-03-16T11:59:16.341868
7399276924884658010,https://www.hemnet.se/salda/lagenhet-4rum-kapellgardet-uppsala-kommun-portalgatan-52-7399276924884658010,90-91m²,2026-03-16T11:59:16.341869
2471222895443051763,https://www.hemnet.se/salda/lagenhet-3rum-oregrund-osthammars-kommun-strandgatan-36a-2471222895443051763,90-91m²,2026-03-16T11:59:16.341870
699691170039370278,https://www.hemnet.se/salda/lagenhet-3rum-ostermalm-kristianstads-kommun-lonbladsgatan-5c-699691170039370278,90-91m²,2026-03-16T11:59:16.341871
817144521971428021,https://www.hemnet.se/salda/lagenhet-4rum-essingeoarna-stockholms-kommun-stenshallsvagen-13-1van-817144521971428021,90-91m²,2026-03-16T11:59:16.341873
2560484850206256375,https://www.hemnet.se/salda/lagenhet-4rum-johannelund-linkopings-kommun-skogslyckegatan-33-2560484850206256375,90-91m²,2026-03-16T11:59:16.341874
377010659375355169,https://www.hemnet.se/salda/lagenhet-4rum-vastra-skogen-solna-kommun-huvudstalundsvagen-8-377010659375355169,90-91m²,2026-03-16T11:59:16.341875
6903144142166170573,https://www.hemnet.se/salda/lagenhet-4rum-byttorp-boras-kommun-fjallgatan-1-c-6903144142166170573,90-91m²,2026-03-16T11:59:16.341877
1367602987977745056,https://www.hemnet.se/salda/lagenhet-3rum-nynashamn-nynashamns-kommun-backluravagen-91-1367602987977745056,90-91m²,2026-03-16T11:59:16.341878
481294811718693447,"https://www.hemnet.se/salda/lagenhet-4rum-hagernas-taby-kommun-flygkarsvagen-23,-van-4-481294811718693447",90-91m²,2026-03-16T11:59:16.341880
5851502711962436787,https://www.hemnet.se/salda/lagenhet-4rum-haninge-haninge-kommun-vallavagen-15-5851502711962436787,90-91m²,2026-03-16T11:59:16.341881
4985332901665748181,https://www.hemnet.se/salda/lagenhet-3rum-svarte-ystads-kommun-schottisgatan-26b-4985332901665748181,90-91m²,2026-03-16T11:59:16.341882
2731208420838790741,"https://www.hemnet.se/salda/lagenhet-3rum-ostermalm-stockholms-kommun-fredrikshovsgatan-5,-accept-juridisk-pers,-2731208420838790741",90-91m²,2026-03-16T11:59:16.341884
7897102397918570802,"https://www.hemnet.se/salda/lagenhet-4rum-lillsjon-upplands-bro-kommun-kristallstigen-4,-entreplan-7897102397918570802",90-91m²,2026-03-16T11:59:16.341885
7024671487106295206,https://www.hemnet.se/salda/lagenhet-4rum-dammfri-malmo-kommun-ribevagen-11b-7024671487106295206,90-91m²,2026-03-16T11:59:16.341887
2759509313329769499,https://www.hemnet.se/salda/lagenhet-4rum-anderstorp-gislaveds-kommun-paradisvagen-9b-2759509313329769499,90-91m²,2026-03-16T11:59:16.341888
7049037941556385192,https://www.hemnet.se/salda/lagenhet-4rum-hokopinge-vellinge-kommun-backhusvagen-38-7049037941556385192,90-91m²,2026-03-16T11:59:16.341890
7333006991549730592,https://www.hemnet.se/salda/lagenhet-4rum-ormesta-orebro-kommun-olofsgatan-9-7333006991549730592,90-91m²,2026-03-16T11:59:16.341891
3279844611836813805,"https://www.hemnet.se/salda/lagenhet-4,5rum-sodermalm-stockholms-kommun-hallandsgatan-24-3279844611836813805",90-91m²,2026-03-16T11:59:16.341892
6658792879933938633,https://www.hemnet.se/salda/lagenhet-4rum-norra-frosunda-solna-kommun-master-simons-vag-12-6658792879933938633,90-91m²,2026-03-16T11:59:16.341893
4560385198307898156,https://www.hemnet.se/salda/lagenhet-3rum-kungsholmen-stockholms-kommun-pilgatan-19-a-4560385198307898156,90-91m²,2026-03-16T11:59:16.341894
2698246440183192345,https://www.hemnet.se/salda/lagenhet-3rum-dockan-malmo-kommun-dockgatan-49-a-2698246440183192345,90-91m²,2026-03-16T11:59:16.341896
5195109133622918615,https://www.hemnet.se/salda/lagenhet-4rum-nyckelberget-kopings-kommun-odensvivagen-2a-5195109133622918615,90-91m²,2026-03-16T11:59:16.341897
452775222999725157,https://www.hemnet.se/salda/lagenhet-3rum-ostermalm-stockholms-kommun-banergatan-50-452775222999725157,90-91m²,2026-03-16T11:59:16.341898
7664386854370282304,https://www.hemnet.se/salda/lagenhet-3rum-odenslund-ostersunds-kommun-skolgatan-2-7664386854370282304,90-91m²,2026-03-16T11:59:16.341899
7771930007608522481,https://www.hemnet.se/salda/lagenhet-4rum-brunnshog-lunds-kommun-brunnshogsgatan-43-7771930007608522481,90-91m²,2026-03-16T11:59:16.341901
8193421957932035149,https://www.hemnet.se/salda/lagenhet-4rum-alta-sodra-hedvigslund-nacka-kommun-anemonvagen-36-8193421957932035149,90-91m²,2026-03-16T11:59:16.341902
1584367544192251283,https://www.hemnet.se/salda/lagenhet-4rum-hallunda-botkyrka-kommun-vetevagen-13-markplan-1584367544192251283,90-91m²,2026-03-16T11:59:16.341903
7795313214249971566,https://www.hemnet.se/salda/lagenhet-3rum-simrishamn-simrishamns-kommun-brevduvegatan-11-7795313214249971566,90-91m²,2026-03-16T11:59:16.341904
71474663965337674,https://www.hemnet.se/salda/lagenhet-3rum-visby-gotlands-kommun-irisdalsgatan-68-71474663965337674,90-91m²,2026-03-16T11:59:16.341906
2891021958737625054,"https://www.hemnet.se/salda/lagenhet-4rum-kapellgardet-uppsala-kommun-margit-sahlins-gata-1,-van-3-2891021958737625054",90-91m²,2026-03-16T11:59:16.341907
7302396857261945070,https://www.hemnet.se/salda/lagenhet-3rum-bromma-sodra-angby-stockholms-kommun-farjestadsvagen-4c-7302396857261945070,90-91m²,2026-03-16T11:59:16.341909
8746615965710567768,"https://www.hemnet.se/salda/lagenhet-4rum-tollare-nacka-kommun-tollare-strand-7,-5-tr-8746615965710567768",90-91m²,2026-03-16T11:59:16.341910
1000712760934179082,https://www.hemnet.se/salda/lagenhet-4rum-orminge-nacka-kommun-utovagen-11-1000712760934179082,90-91m²,2026-03-16T11:59:16.341911
4432898368634782459,https://www.hemnet.se/salda/lagenhet-4rum-ekeby-uppsala-kommun-reykjaviksgatan-50-4432898368634782459,90-91m²,2026-03-16T11:59:16.341912
7480259189623533658,https://www.hemnet.se/salda/lagenhet-3rum-fimmelstangen-vasterviks-kommun-stora-tradgardsgatan-13m-7480259189623533658,90-91m²,2026-03-16T11:59:16.341914
1312933427320905334,https://www.hemnet.se/salda/lagenhet-4rum-norrtorn-oskarshamns-kommun-norrbackavagen-18-1312933427320905334,90-91m²,2026-03-16T11:59:16.341915
4295872719323382747,https://www.hemnet.se/salda/lagenhet-4rum-brynas-gavle-kommun-brynasgatan-109-4295872719323382747,90-91m²,2026-03-16T11:59:16.341916
6564689284773238021,https://www.hemnet.se/salda/lagenhet-4rum-branno-goteborgs-kommun-vassdalsvagen-12a-6564689284773238021,90-91m²,2026-03-16T11:59:16.341917
8635681681358580573,https://www.hemnet.se/salda/lagenhet-4rum-roslags-nasby-taby-kommun-nasbylundsvagen-18-8635681681358580573,90-91m²,2026-03-16T11:59:16.341919
2848760468826131106,"https://www.hemnet.se/salda/lagenhet-3rum-sodermalm-maria-hogalid-stockholms-kommun-bellmansgatan-5,-4-tr-2848760468826131106",90-91m²,2026-03-16T11:59:16.341920
2122332878224939767,https://www.hemnet.se/salda/lagenhet-3rum-gryta-vasteras-kommun-julrosvagen-24-2122332878224939767,90-91m²,2026-03-16T11:59:16.341921
4805475284668256699,https://www.hemnet.se/salda/lagenhet-4rum-aby-vasterhaninge-haninge-kommun-ringvagen-51-4805475284668256699,90-91m²,2026-03-16T11:59:16.341922
235080626491104461,https://www.hemnet.se/salda/lagenhet-4rum-centrum-uppsala-kommun-skolgatan-20b-235080626491104461,90-91m²,2026-03-16T11:59:16.341924
2813837131261980130,https://www.hemnet.se/salda/lagenhet-3rum-dockan-malmo-kommun-isbergs-gata-24-2813837131261980130,90-91m²,2026-03-16T11:59:16.341925
4292127035765041038,https://www.hemnet.se/salda/lagenhet-4rum-bromma-beckomberga-stockholms-kommun-beckomberga-angsvag-22-4292127035765041038,90-91m²,2026-03-16T11:59:16.341926
3831870485596395316,https://www.hemnet.se/salda/lagenhet-4rum-vast-pa-stan-umea-kommun-vastra-brinkvagen-15-3831870485596395316,90-91m²,2026-03-16T11:59:16.341927
7556519466400735862,https://www.hemnet.se/salda/lagenhet-4rum-uppsala-uppsala-kommun-oslogatan-3-7556519466400735862,90-91m²,2026-03-16T11:59:16.341929
8201488045218048750,https://www.hemnet.se/salda/lagenhet-3rum-hyllie-malmo-kommun-hyllie-vattenparksgata-33-8201488045218048750,90-91m²,2026-03-16T11:59:16.341930
1101522968154771916,https://www.hemnet.se/salda/lagenhet-3rum-nyhamn-landskrona-kommun-badhusgatan-27-1101522968154771916,90-91m²,2026-03-16T11:59:16.341931
3323885868718230012,https://www.hemnet.se/salda/lagenhet-4rum-botkyrka-norsborg-botkyrka-kommun-vetevagen-5-markplan-3323885868718230012,90-91m²,2026-03-16T11:59:16.341933
8457040302005411668,https://www.hemnet.se/salda/lagenhet-3rum-bergshamra-solna-kommun-bergshamra-alle-59-8457040302005411668,90-91m²,2026-03-16T11:59:16.341934
4235580981709836966,https://www.hemnet.se/salda/lagenhet-3rum-haninge-haninge-kommun-sleipnervagen-59-4235580981709836966,90-91m²,2026-03-16T11:59:16.341935
450318783002663833,https://www.hemnet.se/salda/lagenhet-4rum-berghem-umea-kommun-skidsparet-3a-450318783002663833,90-91m²,2026-03-16T11:59:16.341937
7679688193084591063,https://www.hemnet.se/salda/lagenhet-4rum-kungsholmen-stockholms-kommun-scheelegatan-40c-7679688193084591063,90-91m²,2026-03-16T11:59:16.341938
6337083899432363079,https://www.hemnet.se/salda/lagenhet-3rum-centrum-karlsdal-vasteras-kommun-johanneshojden-4-6337083899432363079,90-91m²,2026-03-16T11:59:16.341939
1937551247964819840,https://www.hemnet.se/salda/lagenhet-4rum-brandholmen-nykopings-kommun-fotbollsvagen-2-1937551247964819840,90-91m²,2026-03-16T11:59:16.341940
3695072712771744667,https://www.hemnet.se/salda/lagenhet-3rum-boxholm-boxholms-kommun-holavedsplan-27-3695072712771744667,90-91m²,2026-03-16T11:59:16.341942
6244377990880739697,https://www.hemnet.se/salda/lagenhet-3rum-floda-lerums-kommun-floda-alle-13-b-6244377990880739697,90-91m²,2026-03-16T11:59:16.341943
2224297465810725984,https://www.hemnet.se/salda/lagenhet-3rum-gamla-vaster-malmo-kommun-repslagaregatan-11-2224297465810725984,90-91m²,2026-03-16T11:59:16.341944
2975124922349558404,https://www.hemnet.se/salda/lagenhet-4rum-vastra-hamnen-malmo-kommun-bomgatan-14-2975124922349558404,90-91m²,2026-03-16T11:59:16.341946
70273383385914180,https://www.hemnet.se/salda/lagenhet-3rum-torslanda-amhult-goteborgs-kommun-gosta-andrees-gata-14-70273383385914180,90-91m²,2026-03-16T11:59:16.341947
7750067843176055260,https://www.hemnet.se/salda/lagenhet-3rum-trosa-trosa-kommun-ostra-langgatan-79h-7750067843176055260,90-91m²,2026-03-16T11:59:16.341949
2791508127444185118,https://www.hemnet.se/salda/lagenhet-4rum-karrtorp-stockholms-kommun-karrtorpsvagen-26-d-2791508127444185118,90-91m²,2026-03-16T11:59:16.341950
4542364547861191791,https://www.hemnet.se/salda/lagenhet-3rum-inre-hamn-karlstads-kommun-redaretorget-1-4542364547861191791,90-91m²,2026-03-16T11:59:16.341951
7829229094650007821,https://www.hemnet.se/salda/lagenhet-4rum-eriksberg-goteborgs-kommun-fritiof-anderssons-gata-1-7829229094650007821,90-91m²,2026-03-16T11:59:16.341953
5269569242867822209,https://www.hemnet.se/salda/lagenhet-4rum-anderslov-trelleborgs-kommun-skolgatan-3b-5269569242867822209,90-91m²,2026-03-16T11:59:16.341954
5896739568433226986,https://www.hemnet.se/salda/lagenhet-4rum-bjorkhagen-stockholms-kommun-bastadsvagen-19-5896739568433226986,90-91m²,2026-03-16T11:59:16.341955
2808822774563948419,https://www.hemnet.se/salda/lagenhet-3rum-centrum-alingsas-kommun-kungsgatan-43a-2808822774563948419,90-91m²,2026-03-16T11:59:16.341956
2966374816935838818,https://www.hemnet.se/salda/lagenhet-4rum-tingvalla-trollhattans-kommun-elviusgatan-2-2966374816935838818,90-91m²,2026-03-16T11:59:16.341958
2465139840923293024,https://www.hemnet.se/salda/lagenhet-3rum-centralt-falu-kommun-sturegatan-97b-2465139840923293024,90-91m²,2026-03-16T11:59:16.341959
2933474371197889000,https://www.hemnet.se/salda/lagenhet-3rum-ronninge-salems-kommun-ronninge-torg-13-2933474371197889000,90-91m²,2026-03-16T11:59:16.341960
8166826065850520512,https://www.hemnet.se/salda/lagenhet-4rum-bergshamra-solna-kommun-ripstigen-6-8166826065850520512,90-91m²,2026-03-16T11:59:16.341961
2837024646818861907,https://www.hemnet.se/salda/lagenhet-3rum-centrala-ostersund-ostersunds-kommun-storgatan-63c-2837024646818861907,90-91m²,2026-03-16T11:59:16.341963
5688513904815933342,https://www.hemnet.se/salda/lagenhet-4rum-mauritzberg-norrkopings-kommun-grips-vag-19a-5688513904815933342,90-91m²,2026-03-16T11:59:16.341964
5232192444206216915,https://www.hemnet.se/salda/lagenhet-4rum-taby-centrum-taby-kommun-marknadsvagen-33-5232192444206216915,90-91m²,2026-03-16T11:59:16.341965
7818755353384659229,https://www.hemnet.se/salda/lagenhet-3rum-luthagen-rickomberga-uppsala-kommun-sysslomansgatan-31b-7818755353384659229,90-91m²,2026-03-16T11:59:16.341966
5756565216353811080,https://www.hemnet.se/salda/lagenhet-3rum-vaster-park-orebro-kommun-karlsgatan-32f-5756565216353811080,90-91m²,2026-03-16T11:59:16.341968
6973238882285208611,https://www.hemnet.se/salda/lagenhet-4rum-sala-backe-uppsala-kommun-johannesbacksgatan-84a-6973238882285208611,90-91m²,2026-03-16T11:59:16.341969
6007580930525314211,https://www.hemnet.se/salda/lagenhet-4rum-landvetter-harryda-kommun-solbo-64-6007580930525314211,90-91m²,2026-03-16T11:59:16.341970
6270085533074449520,https://www.hemnet.se/salda/lagenhet-4rum-akeslund-stockholms-kommun-stopvagen-89-6270085533074449520,90-91m²,2026-03-16T11:59:16.341972
4494861962603059437,"https://www.hemnet.se/salda/lagenhet-4rum-hogsbo-goteborgs-kommun-kapplandsgatan-70,-1-tr-4494861962603059437",90-91m²,2026-03-16T11:59:16.341973
1353157637960354728,https://www.hemnet.se/salda/lagenhet-2rum-helsingborg-centrum-helsingborgs-kommun-karlsgatan-1a-1353157637960354728,90-91m²,2026-03-16T11:59:16.341974
6514988510895233995,https://www.hemnet.se/salda/lagenhet-3rum-torpa-jonkopings-kommun-daltorpsvagen-3a-6514988510895233995,90-91m²,2026-03-16T11:59:16.341976
3889347643274817531,https://www.hemnet.se/salda/lagenhet-3rum-karlsdal-centralt-vasteras-kommun-johanneshojden-4-3889347643274817531,90-91m²,2026-03-16T11:59:16.341977
4433880144647827832,"https://www.hemnet.se/salda/lagenhet-4rum-hersby-lidingo-kommun-frimurarevagen-16,-1-tr-4433880144647827832",90-91m²,2026-03-16T11:59:16.341978
8162692527886881234,"https://www.hemnet.se/salda/lagenhet-4rum-farsta-stockholms-kommun-torsbygatan-20,-7tr-8162692527886881234",90-91m²,2026-03-16T11:59:16.341979
6110609179799285670,https://www.hemnet.se/salda/lagenhet-3rum-gamla-huvudsta-solna-kommun-polhemsgatan-11-6110609179799285670,90-91m²,2026-03-16T11:59:16.341981
5597002107593341758,https://www.hemnet.se/salda/lagenhet-5rum-prastgardsmarken-upplands-vasby-kommun-tellusgrand-24-5597002107593341758,90-91m²,2026-03-16T11:59:16.341983
2307652546536345290,https://www.hemnet.se/salda/lagenhet-3rum-finnberget-nacka-kommun-finnbergsvagen-68-2307652546536345290,90-91m²,2026-03-16T11:59:16.341984
6946695774176307355,https://www.hemnet.se/salda/lagenhet-4rum-minneberg-stockholms-kommun-svartviksslingan-37-6946695774176307355,90-91m²,2026-03-16T11:59:16.341985
968540138750670029,https://www.hemnet.se/salda/lagenhet-4rum-vasterhaninge-haninge-kommun-ringvagen-53-968540138750670029,90-91m²,2026-03-16T11:59:16.341987
6131500616991809354,https://www.hemnet.se/salda/lagenhet-4rum-kungsholmen-stockholms-kommun-hantverkargatan-44-6131500616991809354,90-91m²,2026-03-16T11:59:16.341988
7143135856456974007,https://www.hemnet.se/salda/lagenhet-4rum-djupadal-malmo-kommun-hogsakerringen-56-7143135856456974007,90-91m²,2026-03-16T11:59:16.341989
6745217044451448394,https://www.hemnet.se/salda/lagenhet-3rum-tullinge-botkyrka-kommun-nyangsvagen-13-6745217044451448394,90-91m²,2026-03-16T11:59:16.341990
490486859763050095,https://www.hemnet.se/salda/lagenhet-4rum-raby-vasteras-kommun-morkullegatan-26-490486859763050095,90-91m²,2026-03-16T11:59:16.341992
2908004991685038176,https://www.hemnet.se/salda/lagenhet-4rum-salabacke-uppsala-kommun-svardsliljegatan-4-2908004991685038176,90-91m²,2026-03-16T11:59:16.341993
310595815070632056,https://www.hemnet.se/salda/lagenhet-4rum-ostra-kanalstaden-osterakers-kommun-kungsangsvagen-5-310595815070632056,90-91m²,2026-03-16T11:59:16.341994
4474722278435636420,https://www.hemnet.se/salda/lagenhet-4rum-vastra-orminge-nacka-kommun-ormingeringen-29a-4474722278435636420,90-91m²,2026-03-16T11:59:16.341996
5294488463637963275,"https://www.hemnet.se/salda/lagenhet-3rum-vasastan-stockholms-kommun-frejgatan-40,-3tr-5294488463637963275",90-91m²,2026-03-16T11:59:16.341997
3681968362506528238,https://www.hemnet.se/salda/lagenhet-4rum-roslags-nasby-taby-kommun-nasbyvagen-12-3681968362506528238,90-91m²,2026-03-16T11:59:16.341999
6832590306152716677,https://www.hemnet.se/salda/lagenhet-4rum-viksjo-jarfalla-kommun-axvagen-3-6832590306152716677,90-91m²,2026-03-16T11:59:16.342000
7182248509266032513,https://www.hemnet.se/salda/lagenhet-4rum-hammarby-sjostad-stockholms-kommun-forskeppsgatan-3-7182248509266032513,90-91m²,2026-03-16T11:59:16.342001
6387400945356510872,https://www.hemnet.se/salda/lagenhet-4rum-lindholmen-goteborgs-kommun-gotaverksgatan-20-6387400945356510872,90-91m²,2026-03-16T11:59:16.342003
5295303085719626203,https://www.hemnet.se/salda/lagenhet-4rum-korseberg-vanersborgs-kommun-sjobodsvagen-5-a-5295303085719626203,90-91m²,2026-03-16T11:59:16.342004
7747746639501279997,"https://www.hemnet.se/salda/lagenhet-3rum-kungsholmen-radhuset-stockholms-kommun-scheelegatan-38a,-6tr-7747746639501279997",90-91m²,2026-03-16T11:59:16.342007
8966212056359393105,https://www.hemnet.se/salda/lagenhet-4rum-inre-hamn-karlstads-kommun-bogsprotsgatan-21b-8966212056359393105,90-91m²,2026-03-16T11:59:16.342008
8026548904201368449,https://www.hemnet.se/salda/lagenhet-4rum-lund-centrum-lunds-kommun-sodra-vagen-15-8026548904201368449,90-91m²,2026-03-16T11:59:16.342009
3857507383312042530,https://www.hemnet.se/salda/lagenhet-3rum-sundsvall-korsta-sundsvalls-kommun-klippgatan-25-3857507383312042530,90-91m²,2026-03-16T11:59:16.342011
5346650861497824141,https://www.hemnet.se/salda/lagenhet-3rum-habo-centralt-habo-kommun-hjovagen-31a-5346650861497824141,90-91m²,2026-03-16T11:59:16.342012
6226156392099310222,https://www.hemnet.se/salda/lagenhet-4rum-salem-salems-kommun-emanuel-birkes-vag-2-6226156392099310222,90-91m²,2026-03-16T11:59:16.342013
6104548647505797891,https://www.hemnet.se/salda/lagenhet-4rum-naset-lidingo-kommun-kallangsvagen-18b-6104548647505797891,90-91m²,2026-03-16T11:59:16.342015
7689396632841278582,https://www.hemnet.se/salda/lagenhet-4rum-centrala-tyreso-tyreso-kommun-myggdalsvagen-64-7689396632841278582,90-91m²,2026-03-16T11:59:16.342016
450569806797519346,https://www.hemnet.se/salda/lagenhet-4rum-tullinge-botkyrka-kommun-nyangsvagen-9-450569806797519346,90-91m²,2026-03-16T11:59:16.342017
3589641243569272964,https://www.hemnet.se/salda/lagenhet-3rum-ekhagen-jonkopings-kommun-hagtornsgatan-9-3589641243569272964,90-91m²,2026-03-16T11:59:16.342019
6936206141015950293,https://www.hemnet.se/salda/lagenhet-4rum-botkyrka-hallunda-botkyrka-kommun-havrevagen-7-6936206141015950293,90-91m²,2026-03-16T11:59:16.342020
8056267065035533820,https://www.hemnet.se/salda/lagenhet-4rum-ekero-sandudden-ekero-kommun-singelgrand-1-8056267065035533820,90-91m²,2026-03-16T11:59:16.342022
8937179196853148322,"https://www.hemnet.se/salda/lagenhet-3rum-hornsbergs-strand-stockholms-kommun-nordenflychtsvagen-64,-11-tr-8937179196853148322",90-91m²,2026-03-16T11:59:16.342023
609857672856996141,https://www.hemnet.se/salda/lagenhet-4rum-torslanda-amhult-goteborgs-kommun-amhults-byvag-23-609857672856996141,90-91m²,2026-03-16T11:59:16.342025
469141267009996969,https://www.hemnet.se/salda/lagenhet-4rum-huvudsta-solna-kommun-storgatan-54-469141267009996969,90-91m²,2026-03-16T11:59:16.342026
1070561305180120243,https://www.hemnet.se/salda/lagenhet-3rum-centrum-nissastrand-halmstads-kommun-egon-ostlunds-gata-2-1070561305180120243,90-91m²,2026-03-16T11:59:16.342027
896658619487723594,https://www.hemnet.se/salda/lagenhet-3rum-telefonplan-midsommarkransen-stockholms-kommun-tellusborgsvagen-96-896658619487723594,90-91m²,2026-03-16T11:59:16.342029
6956698984762560274,"https://www.hemnet.se/salda/lagenhet-4rum-rasunda-solna-kommun-backvagen-10,-1-tr-6956698984762560274",90-91m²,2026-03-16T11:59:16.342030
246559571211092699,https://www.hemnet.se/salda/lagenhet-3rum-kvarnholmen-nacka-kommun-mjolnarvagen-4b-246559571211092699,90-91m²,2026-03-16T11:59:16.342031
7857728012015391105,https://www.hemnet.se/salda/lagenhet-4rum-sovestad-ystads-kommun-brantebacksvagen-11-7857728012015391105,90-91m²,2026-03-16T11:59:16.342033
4753869372859868593,https://www.hemnet.se/salda/lagenhet-4rum-centrum-ystads-kommun-mariagatan-7d-4753869372859868593,90-91m²,2026-03-16T11:59:16.342034
9107974477197395111,https://www.hemnet.se/salda/lagenhet-3rum-centralt-falu-kommun-blindgatan-1f-9107974477197395111,90-91m²,2026-03-16T11:59:16.342036
6484735897524299148,https://www.hemnet.se/salda/lagenhet-4rum-salabacke-uppsala-kommun-svardsliljegatan-2-6484735897524299148,90-91m²,2026-03-16T11:59:16.342037
7010648723042260811,https://www.hemnet.se/salda/lagenhet-4rum-stavre-trollhattans-kommun-peter-baggegatan-2a-7010648723042260811,90-91m²,2026-03-16T11:59:16.342039
3313175841845685204,https://www.hemnet.se/salda/lagenhet-4rum-trosso-karlskrona-kommun-alamedan-12-3313175841845685204,90-91m²,2026-03-16T11:59:16.342040
3475889672832136654,https://www.hemnet.se/salda/lagenhet-4rum-askim-goteborgs-kommun-kobbeslatten-6-3475889672832136654,90-91m²,2026-03-16T11:59:16.342041
4930858511764517493,https://www.hemnet.se/salda/lagenhet-4rum-hisings-backa-goteborgs-kommun-ekebygatan-14-4930858511764517493,90-91m²,2026-03-16T11:59:16.342043
9109883406351512491,https://www.hemnet.se/salda/lagenhet-3rum-soder-orebro-kommun-kungsgatan-52a-9109883406351512491,90-91m²,2026-03-16T11:59:16.342044
5940748098195274871,https://www.hemnet.se/salda/lagenhet-4rum-ovre-johannelund-linkopings-kommun-skogslyckegatan-56-5940748098195274871,90-91m²,2026-03-16T11:59:16.342046
3740577303869292391,https://www.hemnet.se/salda/lagenhet-3rum-turbo-sala-kommun-mariebergsgatan-41-3740577303869292391,90-91m²,2026-03-16T11:59:16.342047
2853981383786320424,https://www.hemnet.se/salda/lagenhet-4rum-bromma-beckomberga-stockholms-kommun-soderberga-alle-42-2853981383786320424,90-91m²,2026-03-16T11:59:16.342048
1544170818285867922,https://www.hemnet.se/salda/lagenhet-3rum-centrum-sala-kommun-kalgardsgatan-10a-1544170818285867922,90-91m²,2026-03-16T11:59:16.342050
8123144828007481305,https://www.hemnet.se/salda/lagenhet-2rum-djurangen-kalmar-kommun-djurangsvagen-70a-8123144828007481305,90-91m²,2026-03-16T11:59:16.342051
892941541608984156,https://www.hemnet.se/salda/lagenhet-4rum-roslags-nasby-taby-kommun-nasbylundsvagen-20-892941541608984156,90-91m²,2026-03-16T11:59:16.342052
1963270938528186733,https://www.hemnet.se/salda/lagenhet-4rum-kvarntorget-landskrona-kommun-bytaregatan-1d-1963270938528186733,90-91m²,2026-03-16T11:59:16.342054
3361546467977144547,https://www.hemnet.se/salda/lagenhet-4rum-tollare-nacka-kommun-tollare-strand-7-3361546467977144547,90-91m²,2026-03-16T11:59:16.342055
848553177287406730,https://www.hemnet.se/salda/lagenhet-3rum-rosenlund-jonkopings-kommun-hermansvagen-13b-848553177287406730,90-91m²,2026-03-16T11:59:16.342056
2029215354656966331,https://www.hemnet.se/salda/lagenhet-4rum-bandhagen-stockholms-kommun-skebokvarnsvagen-51d-2029215354656966331,90-91m²,2026-03-16T11:59:16.342058
1959071719195270832,https://www.hemnet.se/salda/lagenhet-3rum-nissastrand-halmstads-kommun-nissabogatan-2-1959071719195270832,90-91m²,2026-03-16T11:59:16.342059
4335487117151453074,https://www.hemnet.se/salda/lagenhet-4rum-kungalv-centralt-kungalvs-kommun-trollhattevagen-16f-4335487117151453074,90-91m²,2026-03-16T11:59:16.342061
6926104085135948199,https://www.hemnet.se/salda/lagenhet-4rum-sickla-nacka-kommun-atlasvagen-61-6926104085135948199,90-91m²,2026-03-16T11:59:16.342062
2428184236659783895,https://www.hemnet.se/salda/lagenhet-3rum-kista-stockholms-kommun-borgarfjordsgatan-21a-2428184236659783895,90-91m²,2026-03-16T11:59:16.342063
1420833766864028069,https://www.hemnet.se/salda/lagenhet-4rum-salabacke-uppsala-kommun-kallparksgatan-4-1420833766864028069,90-91m²,2026-03-16T11:59:16.342065
7698300614893549075,https://www.hemnet.se/salda/lagenhet-4rum-centrala-handen-haninge-kommun-sleipnervagen-67-7698300614893549075,90-91m²,2026-03-16T11:59:16.342066
1762996146428780478,https://www.hemnet.se/salda/lagenhet-4rum-mjolby-mjolby-kommun-ekgatan-17b-1762996146428780478,90-91m²,2026-03-16T11:59:16.342068
2192858783991574209,https://www.hemnet.se/salda/lagenhet-4rum-salabacke-uppsala-kommun-fyrislundsgatan-37b-2192858783991574209,90-91m²,2026-03-16T11:59:16.342069
2813282597275349412,https://www.hemnet.se/salda/lagenhet-3rum-stadsdel-norr-ostersunds-kommun-kanslihusgrand-8b-2813282597275349412,90-91m²,2026-03-16T11:59:16.342070
2012441416644900404,"https://www.hemnet.se/salda/lagenhet-4rum-edsangen-sollentuna-kommun-sormlandsvagen-4,-5-tr-2012441416644900404",90-91m²,2026-03-16T11:59:16.342072
8140845184793486804,"https://www.hemnet.se/salda/lagenhet-3,5rum-sofielund-malmo-kommun-rasmusgatan-26-8140845184793486804",90-91m²,2026-03-16T11:59:16.342073
8153295538465034545,https://www.hemnet.se/salda/lagenhet-4rum-kvarnback-hoors-kommun-koriandervagen-9h-8153295538465034545,90-91m²,2026-03-16T11:59:16.342074
4072963270240589514,https://www.hemnet.se/salda/lagenhet-4rum-liljeholmen-stockholms-kommun-marieviksgatan-45-4072963270240589514,90-91m²,2026-03-16T11:59:16.342076
2991539732855493597,"https://www.hemnet.se/salda/lagenhet-4rum-beckomberga-stockholms-kommun-beckomberga-alle-15,-van-3-2991539732855493597",90-91m²,2026-03-16T11:59:16.342077
7046858645680484998,"https://www.hemnet.se/salda/lagenhet-4rum-sodermalm-stockholms-kommun-assessorsgatan-16a,-3tr-7046858645680484998",90-91m²,2026-03-16T11:59:16.342078
5807197609477875388,https://www.hemnet.se/salda/lagenhet-4rum-tollare-nacka-kommun-tollare-strand-9-5807197609477875388,90-91m²,2026-03-16T11:59:16.342079
1223431198203690538,"https://www.hemnet.se/salda/lagenhet-4rum-husby-stockholms-kommun-narviksgatan-3,-5-tr-1223431198203690538",90-91m²,2026-03-16T11:59:16.342081
5848795978440506621,https://www.hemnet.se/salda/lagenhet-4rum-tullen-boras-kommun-fjallgatan-41-a-5848795978440506621,90-91m²,2026-03-16T11:59:16.342082
6839099644137862762,https://www.hemnet.se/salda/lagenhet-4rum-sodermalm-stockholms-kommun-wollmar-yxkullsgatan-38-6839099644137862762,90-91m²,2026-03-16T11:59:16.342083
3940696842495737393,https://www.hemnet.se/salda/lagenhet-4rum-sodermalm-hogalid-stockholms-kommun-yttersta-tvargrand-4-3940696842495737393,90-91m²,2026-03-16T11:59:16.342085
1441804021068650060,https://www.hemnet.se/salda/lagenhet-3rum-kviberg-goteborgs-kommun-rustmastaregatan-25-1441804021068650060,90-91m²,2026-03-16T11:59:16.342086
4482784321408890578,https://www.hemnet.se/salda/lagenhet-3rum-vastra-orminge-nacka-kommun-ormingeringen-57e-4482784321408890578,90-91m²,2026-03-16T11:59:16.342088
8752078695790460089,https://www.hemnet.se/salda/lagenhet-3rum-mjolkudden-lulea-kommun-mjolkuddsvagen-255-8752078695790460089,90-91m²,2026-03-16T11:59:16.342089
8471923137182251039,https://www.hemnet.se/salda/lagenhet-3rum-sodermalm-maria-stockholms-kommun-bengt-ekehjelmsgatan-5-8471923137182251039,90-91m²,2026-03-16T11:59:16.342090
3298572494867701655,https://www.hemnet.se/salda/lagenhet-4rum-kungsangen-uppsala-kommun-muningatan-4-3298572494867701655,90-91m²,2026-03-16T11:59:16.342092
6175255358544721461,https://www.hemnet.se/salda/lagenhet-4rum-landskrona-centrum-landskrona-kommun-appelblomsgatan-3-6175255358544721461,90-91m²,2026-03-16T11:59:16.342093
576370481703399868,https://www.hemnet.se/salda/lagenhet-4rum-slottsstaden-malmo-kommun-beridaregatan-4-576370481703399868,90-91m²,2026-03-16T11:59:16.342094
3819263809750119624,https://www.hemnet.se/salda/lagenhet-4rum-vendelso-haninge-kommun-soderbytorpsgatan-4-3819263809750119624,90-91m²,2026-03-16T11:59:16.342095
2258479379578477630,https://www.hemnet.se/salda/lagenhet-3rum-kallkallan-lulea-kommun-lingonstigen-27-2258479379578477630,90-91m²,2026-03-16T11:59:16.342097
7449222005577858571,https://www.hemnet.se/salda/lagenhet-4rum-skarpnack-stockholms-kommun-pilvingegatan-48-7449222005577858571,90-91m²,2026-03-16T11:59:16.342098
5163314485021669569,https://www.hemnet.se/salda/lagenhet-3rum-onsta-gryta-vasteras-kommun-labradorvagen-99-5163314485021669569,90-91m²,2026-03-16T11:59:16.342099
3536701123158476331,https://www.hemnet.se/salda/lagenhet-4rum-centrala-huddinge-huddinge-kommun-klockarvagen-10-3536701123158476331,90-91m²,2026-03-16T11:59:16.342101
6497014744312416266,https://www.hemnet.se/salda/lagenhet-3rum-finnberget-saltsjohojden-nacka-kommun-finnbergsvagen-64-6497014744312416266,90-91m²,2026-03-16T11:59:16.342102
1672901189014124399,https://www.hemnet.se/salda/lagenhet-3rum-husie-malmo-kommun-mor-marnas-vag-96b-1672901189014124399,90-91m²,2026-03-16T11:59:16.342104
5656900776608834355,"https://www.hemnet.se/salda/lagenhet-3,5rum-huvudsta-solna-kommun-slaggbacken-3-5656900776608834355",90-91m²,2026-03-16T11:59:16.342105
7414112965538970663,https://www.hemnet.se/salda/lagenhet-3rum-hagerstensasen-stockholms-kommun-boktryckarvagen-12-7414112965538970663,90-91m²,2026-03-16T11:59:16.342106
5981103635937691715,"https://www.hemnet.se/salda/lagenhet-2,5rum-lorensberg-goteborgs-kommun-sodra-vagen-34a-5981103635937691715",90-91m²,2026-03-16T11:59:16.342107
3080361386688266709,https://www.hemnet.se/salda/lagenhet-3rum-sjoberg-sollentuna-kommun-sidensvansvagen-42-3080361386688266709,90-91m²,2026-03-16T11:59:16.342109
6266146839116993432,https://www.hemnet.se/salda/lagenhet-4rum-industristaden-kungsangen-uppsala-kommun-kungsgatan-91-d-6266146839116993432,90-91m²,2026-03-16T11:59:16.342110
8188237951150866148,https://www.hemnet.se/salda/lagenhet-4rum-centralt-upplands-vasby-kommun-tegelvagen-1c-8188237951150866148,90-91m²,2026-03-16T11:59:16.342112
143574804388410397,https://www.hemnet.se/salda/lagenhet-4rum-brynas-gavle-kommun-brynasgatan-69-143574804388410397,90-91m²,2026-03-16T11:59:16.342113
770268039999830759,https://www.hemnet.se/salda/lagenhet-4rum-taby-centrum-taby-kommun-marknadsvagen-89-770268039999830759,90-91m²,2026-03-16T11:59:16.342114
9033298602631977126,https://www.hemnet.se/salda/lagenhet-4rum-tullinge-botkyrka-kommun-nyangsvagen-19-9033298602631977126,90-91m²,2026-03-16T11:59:16.342116
5657082315799913887,https://www.hemnet.se/salda/lagenhet-3rum-centralt-stenungsunds-kommun-stenunge-alle-19-5657082315799913887,90-91m²,2026-03-16T11:59:16.342117
1896337066298262772,https://www.hemnet.se/salda/lagenhet-3rum-skytteholm-solna-kommun-ankdammsgatan-4-1896337066298262772,90-91m²,2026-03-16T11:59:16.342118
5808738776385421367,https://www.hemnet.se/salda/lagenhet-3rum-centralt-uddevalla-kommun-blomgatan-4d-5808738776385421367,90-91m²,2026-03-16T11:59:16.342119
4072116544197950823,https://www.hemnet.se/salda/lagenhet-4rum-sunnersta-uppsala-kommun-gragasvagen-12-4072116544197950823,90-91m²,2026-03-16T11:59:16.342121
1487869350741427344,https://www.hemnet.se/salda/lagenhet-3rum-norr-helsingborgs-kommun-palsgatan-11-1487869350741427344,90-91m²,2026-03-16T11:59:16.342122
7267870468882066822,https://www.hemnet.se/salda/lagenhet-3rum-haga-norrkopings-kommun-taborsbergsvagen-13-7267870468882066822,90-91m²,2026-03-16T11:59:16.342123
5992179989163871944,https://www.hemnet.se/salda/lagenhet-3rum-rynningeasen-orebro-kommun-kaserngarden-16-5992179989163871944,90-91m²,2026-03-16T11:59:16.342125
369978642594924948,https://www.hemnet.se/salda/lagenhet-4rum-anderslov-trelleborgs-kommun-hedgatan-9a-369978642594924948,90-91m²,2026-03-16T11:59:16.342126
9057425935626791938,https://www.hemnet.se/salda/lagenhet-4rum-sodra-nynashamn-nynashamns-kommun-bogvagen-95-9057425935626791938,90-91m²,2026-03-16T11:59:16.342127
1510378027553400207,https://www.hemnet.se/salda/lagenhet-4rum-ostermalm-stockholms-kommun-floragatan-15b-1510378027553400207,90-91m²,2026-03-16T11:59:16.342128
5423224335507227715,https://www.hemnet.se/salda/lagenhet-3rum-ostermalm-stockholms-kommun-fryxellsgatan-3-5423224335507227715,90-91m²,2026-03-16T11:59:16.342130
3764258786652428079,https://www.hemnet.se/salda/lagenhet-4rum-alvesta-alvesta-kommun-odlingsvagen-33-3764258786652428079,90-91m²,2026-03-16T11:59:16.342131
7265433503913235277,https://www.hemnet.se/salda/lagenhet-4rum-vastra-orminge-nacka-kommun-ormingeringen-30b-7265433503913235277,90-91m²,2026-03-16T11:59:16.342132
8411981613791932825,https://www.hemnet.se/salda/lagenhet-3rum-minneberg-stockholms-kommun-svartviksslingan-27-8411981613791932825,90-91m²,2026-03-16T11:59:16.342134
8962102413638281856,https://www.hemnet.se/salda/lagenhet-4rum-trosso-karlskrona-kommun-alamedan-12-8962102413638281856,90-91m²,2026-03-16T11:59:16.342135
8427206529480338827,https://www.hemnet.se/salda/lagenhet-4rum-limhamns-sjostad-malmo-kommun-fernissagatan-6-8427206529480338827,90-91m²,2026-03-16T11:59:16.342136
178172418916818831,https://www.hemnet.se/salda/lagenhet-3rum-backdala-vasterdala-eslovs-kommun-fjardingsvagen-5-178172418916818831,90-91m²,2026-03-16T11:59:16.342137
1959943577726775099,"https://www.hemnet.se/salda/lagenhet-4rum-djursholm-danderyds-kommun-grimvagen-4,-1tr-1959943577726775099",90-91m²,2026-03-16T11:59:16.342139
2582707546318513822,https://www.hemnet.se/salda/lagenhet-3rum-huskvarna-brunstorp-jonkopings-kommun-sikvagen-12-2582707546318513822,90-91m²,2026-03-16T11:59:16.342140
8676168842268280534,https://www.hemnet.se/salda/lagenhet-4rum-kolla-parkstad-kungsbacka-kommun-granitvagen-23-8676168842268280534,90-91m²,2026-03-16T11:59:16.342141
4622303568618537220,https://www.hemnet.se/salda/lagenhet-4rum-gamla-sodra-gottsunda-uppsala-kommun-eksatravagen-132-4622303568618537220,90-91m²,2026-03-16T11:59:16.342143
2841483371691920908,https://www.hemnet.se/salda/lagenhet-4rum-osterplan-orebro-kommun-isgatan-3-2841483371691920908,90-91m²,2026-03-16T11:59:16.342144
2379311232277241322,https://www.hemnet.se/salda/lagenhet-3rum-sankt-ilian-enkopings-kommun-drottninggatan-2-2379311232277241322,90-91m²,2026-03-16T11:59:16.342145
674893426833765488,https://www.hemnet.se/salda/lagenhet-3rum-biskopshagen-vaxjo-kommun-sodra-allen-7-674893426833765488,90-91m²,2026-03-16T11:59:16.342147
5873991898558194242,https://www.hemnet.se/salda/lagenhet-4rum-handen-haninge-kommun-vallavagen-191-5873991898558194242,90-91m²,2026-03-16T11:59:16.342148
700132282593065007,https://www.hemnet.se/salda/lagenhet-3rum-visby-sodercentrum-gotlands-kommun-magasinsgatan-13-700132282593065007,90-91m²,2026-03-16T11:59:16.342149
6568834666015553047,https://www.hemnet.se/salda/lagenhet-4rum-tullinge-botkyrka-kommun-nyangsvagen-7-6568834666015553047,90-91m²,2026-03-16T11:59:16.342151
2810621491983135454,https://www.hemnet.se/salda/lagenhet-4rum-grimmered-goteborgs-kommun-tralasvagen-14a-2810621491983135454,90-91m²,2026-03-16T11:59:16.342152
4239498764302069403,https://www.hemnet.se/salda/lagenhet-3rum-mjolkudden-lulea-kommun-mjolkuddsvagen-173-4239498764302069403,90-91m²,2026-03-16T11:59:16.342153
8525404626880030738,https://www.hemnet.se/salda/lagenhet-4rum-norra-borstahusen-landskrona-kommun-appelblomsgatan-7-8525404626880030738,90-91m²,2026-03-16T11:59:16.342155
1646433123409284933,https://www.hemnet.se/salda/lagenhet-3rum-luthagen-uppsala-kommun-ringgatan-2-e-1646433123409284933,90-91m²,2026-03-16T11:59:16.342156
16492365865265053,https://www.hemnet.se/salda/lagenhet-4rum-bergviken-lulea-kommun-klippgatan-5-16492365865265053,90-91m²,2026-03-16T11:59:16.342157
5322564232461616943,https://www.hemnet.se/salda/lagenhet-4rum-rasunda-solna-kommun-backvagen-10-5322564232461616943,90-91m²,2026-03-16T11:59:16.342159
828638055690331938,https://www.hemnet.se/salda/lagenhet-4rum-centrala-tyreso-tyreso-kommun-myggdalsvagen-96-828638055690331938,90-91m²,2026-03-16T11:59:16.342161
8812967789747143942,https://www.hemnet.se/salda/lagenhet-3rum-kungsangens-centrum-upplands-bro-kommun-tallrisvagen-8-4tr-8812967789747143942,90-91m²,2026-03-16T11:59:16.342162
3836085988105863644,https://www.hemnet.se/salda/lagenhet-3rum-vasastan-stockholms-kommun-torsgrand-4-3836085988105863644,90-91m²,2026-03-16T11:59:16.342163
5974331136448422744,https://www.hemnet.se/salda/lagenhet-4rum-hovshaga-vaxjo-kommun-vingavagen-9l-5974331136448422744,90-91m²,2026-03-16T11:59:16.342165
8503671217413294712,https://www.hemnet.se/salda/lagenhet-4rum-alvsjobadet-stockholms-kommun-lillhagsvagen-18-8503671217413294712,90-91m²,2026-03-16T11:59:16.342166
6400324914460867352,"https://www.hemnet.se/salda/lagenhet-3rum-vasaparken-stockholms-kommun-gastrikegatan-14,-2-tr-6400324914460867352",90-91m²,2026-03-16T11:59:16.342167
6243895032401937051,https://www.hemnet.se/salda/lagenhet-3rum-dockan-malmo-kommun-dockgatan-3a-6243895032401937051,90-91m²,2026-03-16T11:59:16.342168
2859264530959224375,https://www.hemnet.se/salda/lagenhet-4rum-hyllie-malmo-kommun-dagvattengatan-8c-2859264530959224375,90-91m²,2026-03-16T11:59:16.342170
6752313352175369548,https://www.hemnet.se/salda/lagenhet-3rum-djurangen-kalmar-kommun-djurangsvagen-80b-6752313352175369548,90-91m²,2026-03-16T11:59:16.342171
327534439537262056,"https://www.hemnet.se/salda/lagenhet-4rum-alta-sodra-hedvigslund-nacka-kommun-anemonvagen-30,-2-tr-327534439537262056",90-91m²,2026-03-16T11:59:16.342173
8806856661283320937,https://www.hemnet.se/salda/lagenhet-3rum-floda-lerums-kommun-floda-alle-17-b-8806856661283320937,90-91m²,2026-03-16T11:59:16.342174
3494951722379538543,https://www.hemnet.se/salda/lagenhet-4rum-erikslust-malmo-kommun-kopenhamnsvagen-48c-3494951722379538543,90-91m²,2026-03-16T11:59:16.342175
6541353567487952516,https://www.hemnet.se/salda/lagenhet-3rum-lomma-hamn-lomma-kommun-kajgatan-4e-6541353567487952516,90-91m²,2026-03-16T11:59:16.342176
6607223299418338548,https://www.hemnet.se/salda/lagenhet-4rum-handen-haninge-kommun-vallavagen-73-6607223299418338548,90-91m²,2026-03-16T11:59:16.342177
7629978590013559585,https://www.hemnet.se/salda/lagenhet-3rum-odal-vilan-kristianstads-kommun-poppelvagen-17-7629978590013559585,90-91m²,2026-03-16T11:59:16.342179
3131252519953700049,"https://www.hemnet.se/salda/lagenhet-3,5rum-lorensberg-goteborgs-kommun-tegnersgatan-22-3131252519953700049",90-91m²,2026-03-16T11:59:16.342180
2945295055999156186,"https://www.hemnet.se/salda/lagenhet-4,5rum-rasunda-solna-kommun-backvagen-10-2945295055999156186",90-91m²,2026-03-16T11:59:16.342181
4963166016988720460,https://www.hemnet.se/salda/lagenhet-5rum-aby-haninge-kommun-ringvagen-69-4963166016988720460,90-91m²,2026-03-16T11:59:16.342183
489092723174707436,https://www.hemnet.se/salda/lagenhet-4rum-ostersund-centrum-ostersunds-kommun-brunnsgrand-3-489092723174707436,90-91m²,2026-03-16T11:59:16.342184
7210815627895505825,https://www.hemnet.se/salda/lagenhet-4rum-barkarbystaden-jarfalla-kommun-parkvagen-10-7210815627895505825,90-91m²,2026-03-16T11:59:16.342185
3016076529005576119,https://www.hemnet.se/salda/lagenhet-4rum-tveta-sodertalje-kommun-granovagen-60-3016076529005576119,90-91m²,2026-03-16T11:59:16.342186
1593720403232834365,https://www.hemnet.se/salda/lagenhet-4rum-sandarna-fixfabriken-goteborgs-kommun-guldkallegatan-40-1593720403232834365,90-91m²,2026-03-16T11:59:16.342188
8613404216064537180,https://www.hemnet.se/salda/lagenhet-4rum-lundby-mjolby-kommun-bjorkgatan-12b-8613404216064537180,90-91m²,2026-03-16T11:59:16.342189
5901458562626173777,https://www.hemnet.se/salda/lagenhet-4rum-mariatorget-stockholms-kommun-ekehjelmstorget-8-5901458562626173777,90-91m²,2026-03-16T11:59:16.342190
3161549248558062600,https://www.hemnet.se/salda/lagenhet-4rum-alvsjo-solberga-stockholms-kommun-kabelverksgatan-66-3161549248558062600,90-91m²,2026-03-16T11:59:16.342192
1099711784961367833,https://www.hemnet.se/salda/lagenhet-3rum-visby-bingeby-gotlands-kommun-irisdalsgatan-72-1099711784961367833,90-91m²,2026-03-16T11:59:16.342193
5857230015848824900,https://www.hemnet.se/salda/lagenhet-3rum-sandhamn-nynashamns-kommun-sjogangen-22-5857230015848824900,90-91m²,2026-03-16T11:59:16.342194
950623559242817791,https://www.hemnet.se/salda/lagenhet-4rum-hisings-backa-goteborgs-kommun-ekebygatan-18-950623559242817791,90-91m²,2026-03-16T11:59:16.342195
404012908525055920,https://www.hemnet.se/salda/lagenhet-3rum-bromma-nockebyhov-stockholms-kommun-tyska-bottens-vag-65-404012908525055920,90-91m²,2026-03-16T11:59:16.342197
508357678777699221,https://www.hemnet.se/salda/lagenhet-4rum-centrala-handen-haninge-kommun-vallavagen-111-508357678777699221,90-91m²,2026-03-16T11:59:16.342198
7849876041988093005,https://www.hemnet.se/salda/lagenhet-4rum-centrum-sala-kommun-kungsgatan-20b-7849876041988093005,90-91m²,2026-03-16T11:59:16.342199
4668999371331268406,"https://www.hemnet.se/salda/lagenhet-3rum-lilla-essingen-stockholms-kommun-primusgatan-58,-8tr-4668999371331268406",90-91m²,2026-03-16T11:59:16.342201
2201113702677128877,https://www.hemnet.se/salda/lagenhet-4rum-vastra-orminge-nacka-kommun-ormingeringen-18-2201113702677128877,90-91m²,2026-03-16T11:59:16.342202
7798183046927406707,https://www.hemnet.se/salda/lagenhet-4rum-botkyrka-hallunda-botkyrka-kommun-vickervagen-12-7798183046927406707,90-91m²,2026-03-16T11:59:16.342203
4159882041311041624,https://www.hemnet.se/salda/lagenhet-3rum-stadsskogen-alingsas-kommun-stadsskogsgatan-55-4159882041311041624,90-91m²,2026-03-16T11:59:16.342204
7782294395615097135,"https://www.hemnet.se/salda/lagenhet-4rum-midsommarkransen-stockholms-kommun-tellusborgsvagen-42,-van-1-7782294395615097135",90-91m²,2026-03-16T11:59:16.342206
2480014491340274144,https://www.hemnet.se/salda/lagenhet-4rum-centralt-linkopings-kommun-linnegatan-11b-2480014491340274144,90-91m²,2026-03-16T11:59:16.342207
7913146727696471632,https://www.hemnet.se/salda/lagenhet-4rum-centrala-handen-haninge-kommun-sleipnervagen-11-7913146727696471632,90-91m²,2026-03-16T11:59:16.342208
3282066082462950998,https://www.hemnet.se/salda/lagenhet-3rum-farsta-strand-stockholms-kommun-ullerudsbacken-51-3282066082462950998,90-91m²,2026-03-16T11:59:16.342209
3338099253712170101,https://www.hemnet.se/salda/lagenhet-3rum-pildammarna-malmo-kommun-roskildevagen-15b-3338099253712170101,90-91m²,2026-03-16T11:59:16.342211
4459534306712308665,https://www.hemnet.se/salda/lagenhet-5rum-storhogna-bergs-kommun-merakvagen-6b-4459534306712308665,90-91m²,2026-03-16T11:59:16.342212
7135935186067120670,https://www.hemnet.se/salda/lagenhet-3rum-centralt-linkopings-kommun-djurgardsgatan-29b-7135935186067120670,90-91m²,2026-03-16T11:59:16.342213
694559379883243123,https://www.hemnet.se/salda/lagenhet-4rum-industristaden-kungsangen-uppsala-kommun-muningatan-4-694559379883243123,90-91m²,2026-03-16T11:59:16.342214
4598538652396353193,https://www.hemnet.se/salda/lagenhet-4rum-brynas-gavle-kommun-brynasgatan-77-4598538652396353193,90-91m²,2026-03-16T11:59:16.342216
801249392592561703,https://www.hemnet.se/salda/lagenhet-4rum-dammfri-malmo-kommun-ribevagen-11b-801249392592561703,90-91m²,2026-03-16T11:59:16.342217
2570601821770117159,https://www.hemnet.se/salda/lagenhet-3rum-liljeholmskajen-stockholms-kommun-blekegatan-5-2570601821770117159,90-91m²,2026-03-16T11:59:16.342218
8310807035449697338,https://www.hemnet.se/salda/lagenhet-2rum-linnestaden-goteborgs-kommun-ovre-majorsgatan-8-8310807035449697338,90-91m²,2026-03-16T11:59:16.342219
8084845701142546978,https://www.hemnet.se/salda/lagenhet-3rum-vaxholm-vaxholms-kommun-vastra-kasernvagen-6-8084845701142546978,90-91m²,2026-03-16T11:59:16.342220
3138464476087902838,"https://www.hemnet.se/salda/lagenhet-4rum-bandhagen-stockholms-kommun-trollesundsvagen-29,-1tr-3138464476087902838",90-91m²,2026-03-16T11:59:16.342222
1975831276075552044,https://www.hemnet.se/salda/lagenhet-3rum-sibbarp-malmo-kommun-hammars-parkvag-7-1975831276075552044,90-91m²,2026-03-16T11:59:16.342223
2792939906784316185,https://www.hemnet.se/salda/lagenhet-3rum-rasunda-solna-kommun-solnavagen-110-2792939906784316185,90-91m²,2026-03-16T11:59:16.342224
5544693041151666200,https://www.hemnet.se/salda/lagenhet-4rum-taby-taby-kommun-nasbylundsvagen-16-5544693041151666200,90-91m²,2026-03-16T11:59:16.342225
5159726863589051293,"https://www.hemnet.se/salda/lagenhet-3,5rum-bergshamra-solna-kommun-ripstigen-1-5159726863589051293",90-91m²,2026-03-16T11:59:16.342227
9177817853063954572,https://www.hemnet.se/salda/lagenhet-4rum-skalby-kalmar-kommun-oxhagsvagen-6b-9177817853063954572,90-91m²,2026-03-16T11:59:16.342228
3525042162830916343,https://www.hemnet.se/salda/lagenhet-3rum-lilla-essingen-stockholms-kommun-primusgatan-62-3525042162830916343,90-91m²,2026-03-16T11:59:16.342229
5468378770025701839,https://www.hemnet.se/salda/lagenhet-3rum-norrtalje-hamn-norrtalje-kommun-angbatsgatan-5-5468378770025701839,90-91m²,2026-03-16T11:59:16.342231
2737595506516277406,https://www.hemnet.se/salda/lagenhet-4rum-kallhall-jarfalla-kommun-kallhallsleden-8b-2737595506516277406,90-91m²,2026-03-16T11:59:16.342232
1071657506663627500,https://www.hemnet.se/salda/lagenhet-3rum-gustavsberg-varmdo-kommun-chamottevagen-9-1071657506663627500,90-91m²,2026-03-16T11:59:16.342234
5536034137523693275,"https://www.hemnet.se/salda/lagenhet-4rum-centrala-handen-haninge-kommun-vallavagen-123,-13641-handen-5536034137523693275",90-91m²,2026-03-16T11:59:16.342235
4673634789949574210,https://www.hemnet.se/salda/lagenhet-4rum-nasbypark-taby-kommun-kalltorpsvagen-21-4673634789949574210,90-91m²,2026-03-16T11:59:16.342237
1960953339013826710,"https://www.hemnet.se/salda/lagenhet-4rum-kvarnholmen-nacka-kommun-sodra-vagen-39,-3-tr-1960953339013826710",90-91m²,2026-03-16T11:59:16.342238
8015844090600893622,https://www.hemnet.se/salda/lagenhet-4rum-taby-centrum-taby-kommun-marknadsvagen-175-8015844090600893622,90-91m²,2026-03-16T11:59:16.342240
5775912275753972167,https://www.hemnet.se/salda/lagenhet-3rum-fanna-enkopings-kommun-fannagatan-36-e-5775912275753972167,90-91m²,2026-03-16T11:59:16.342241
8632505028252220608,https://www.hemnet.se/salda/lagenhet-4rum-viksjo-jarfalla-kommun-axvagen-17-8632505028252220608,90-91m²,2026-03-16T11:59:16.342243
7569540305723339899,https://www.hemnet.se/salda/lagenhet-4rum-bjorkekarr-goteborgs-kommun-smorslatten-30-7569540305723339899,90-91m²,2026-03-16T11:59:16.342244
5772781090759601112,https://www.hemnet.se/salda/lagenhet-4rum-holmsund-umea-kommun-parkvagen-34-5772781090759601112,90-91m²,2026-03-16T11:59:16.342245
6152503811329525665,https://www.hemnet.se/salda/lagenhet-3rum-hollviken-vellinge-kommun-appelins-vag-4-6152503811329525665,90-91m²,2026-03-16T11:59:16.342247
1821031013915320895,https://www.hemnet.se/salda/lagenhet-3rum-norra-djurgardsstaden-stockholms-kommun-hogviltsgatan-10-1821031013915320895,90-91m²,2026-03-16T11:59:16.342248
2884675037120620569,"https://www.hemnet.se/salda/lagenhet-4rum-vasastan-stockholms-kommun-vastmannagatan-30,-1,5tr-2884675037120620569",90-91m²,2026-03-16T11:59:16.342250
2418300030186152604,https://www.hemnet.se/salda/lagenhet-3rum-gryta-vasteras-kommun-syrenvagen-7-2418300030186152604,90-91m²,2026-03-16T11:59:16.342251
4296297888949272757,https://www.hemnet.se/salda/lagenhet-3rum-centrum-gavle-kommun-sodra-slottsgatan-17c-4296297888949272757,90-91m²,2026-03-16T11:59:16.342252
1072039572364627345,https://www.hemnet.se/salda/lagenhet-4rum-hisings-backa-goteborgs-kommun-ekebygatan-10-1072039572364627345,90-91m²,2026-03-16T11:59:16.342253
4999571090613596020,https://www.hemnet.se/salda/lagenhet-3rum-lomma-strandstaden-lomma-kommun-hamnallen-5-4999571090613596020,90-91m²,2026-03-16T11:59:16.342255
5309342631773685839,https://www.hemnet.se/salda/lagenhet-4rum-edsbacka-edsviken-sollentuna-kommun-platavagen-36-5309342631773685839,90-91m²,2026-03-16T11:59:16.342256
1260507638585010951,https://www.hemnet.se/salda/lagenhet-4rum-skelleftea-skelleftea-kommun-repslagargrand-5-1260507638585010951,90-91m²,2026-03-16T11:59:16.342257
6572617555905300167,https://www.hemnet.se/salda/lagenhet-4rum-runby-backar-upplands-vasby-kommun-lovstavagen-76-6572617555905300167,90-91m²,2026-03-16T11:59:16.342258
7842994697801778480,https://www.hemnet.se/salda/lagenhet-4rum-lindholmen-goteborgs-kommun-gotaverksgatan-20-7842994697801778480,90-91m²,2026-03-16T11:59:16.342260
5294713408784476997,https://www.hemnet.se/salda/lagenhet-3rum-ostermalm-stockholms-kommun-frejgatan-6-5294713408784476997,90-91m²,2026-03-16T11:59:16.342261
5167038046073129522,https://www.hemnet.se/salda/lagenhet-4rum-gustavsberg-hasthagen-varmdo-kommun-hovslagarvagen-67-5167038046073129522,90-91m²,2026-03-16T11:59:16.342262
3589133486585423944,https://www.hemnet.se/salda/lagenhet-4rum-vasastaden-linkopings-kommun-krouthens-gata-13-3589133486585423944,90-91m²,2026-03-16T11:59:16.342264
6579451737138703358,https://www.hemnet.se/salda/lagenhet-4rum-sjobo-boras-kommun-bjorkhemsgatan-9-6579451737138703358,90-91m²,2026-03-16T11:59:16.342265
4043160572412990809,"https://www.hemnet.se/salda/lagenhet-3,5rum-centrala-sundbyberg-sundbybergs-kommun-fredsgatan-17-4043160572412990809",90-91m²,2026-03-16T11:59:16.342266
4264374899271620484,https://www.hemnet.se/salda/lagenhet-4rum-hallunda-norsborg-botkyrka-kommun-kornvagen-13-bv-4264374899271620484,90-91m²,2026-03-16T11:59:16.342267
6303698042213146460,https://www.hemnet.se/salda/lagenhet-4rum-sodra-gottsunda-uppsala-kommun-eksatravagen-138-6303698042213146460,90-91m²,2026-03-16T11:59:16.342269
942766832577412013,"https://www.hemnet.se/salda/lagenhet-3,5rum-ballstaberg-vallentuna-kommun-svampskogsvagen-41-942766832577412013",90-91m²,2026-03-16T11:59:16.342270
3647251921703083222,https://www.hemnet.se/salda/lagenhet-4rum-alvsjo-alvsjostaden-stockholms-kommun-kabelverksgatan-68-4tr-3647251921703083222,90-91m²,2026-03-16T11:59:16.342271
2155536993334481104,https://www.hemnet.se/salda/lagenhet-4rum-ursvik-sundbybergs-kommun-stallgatan-22-2155536993334481104,90-91m²,2026-03-16T11:59:16.342273
7089942444514388317,https://www.hemnet.se/salda/lagenhet-3rum-ostra-framby-falu-kommun-torkils-vag-11h-7089942444514388317,90-91m²,2026-03-16T11:59:16.342274
2666369607879991483,https://www.hemnet.se/salda/lagenhet-3rum-centrala-handen-haninge-kommun-vallavagen-15-2666369607879991483,90-91m²,2026-03-16T11:59:16.342275
1489516989467356360,https://www.hemnet.se/salda/lagenhet-4rum-beckomberga-stockholms-kommun-beckomberga-alle-5-1489516989467356360,90-91m²,2026-03-16T11:59:16.342277
3181087766584267887,https://www.hemnet.se/salda/lagenhet-4rum-viksjo-jarfalla-kommun-axvagen-3-3181087766584267887,90-91m²,2026-03-16T11:59:16.342278
3820718657373510413,https://www.hemnet.se/salda/lagenhet-3rum-aby-norrkopings-kommun-holms-vag-38-3820718657373510413,90-91m²,2026-03-16T11:59:16.342279
5969289548116716311,https://www.hemnet.se/salda/lagenhet-3rum-tyreso-tyreso-centrum-tyreso-kommun-axel-wennergrens-vag-18-3tr-5969289548116716311,90-91m²,2026-03-16T11:59:16.342281
3108454656923953333,https://www.hemnet.se/salda/lagenhet-3rum-gamla-stan-eskilstuna-kommun-kopmangatan-13-3108454656923953333,90-91m²,2026-03-16T11:59:16.342282
1016119621015824016,"https://www.hemnet.se/salda/lagenhet-4rum-sodermalm-stockholms-kommun-tideliusgrand-9,-van-4-5-1016119621015824016",90-91m²,2026-03-16T11:59:16.342283
5193808773666280956,https://www.hemnet.se/salda/lagenhet-3rum-limhamn-malmo-kommun-linnegatan-3a-5193808773666280956,90-91m²,2026-03-16T11:59:16.342284
2020383532911240546,https://www.hemnet.se/salda/lagenhet-4rum-dockan-malmo-kommun-dockgatan-43-2020383532911240546,90-91m²,2026-03-16T11:59:16.342286
5524778952476060865,https://www.hemnet.se/salda/lagenhet-4rum-centralt-nynashamns-kommun-centralgatan-2a-5524778952476060865,90-91m²,2026-03-16T11:59:16.342287
5875248487989641256,https://www.hemnet.se/salda/lagenhet-3rum-nasby-park-sjosidan-taby-kommun-dora-lamms-gata-12-5875248487989641256,90-91m²,2026-03-16T11:59:16.342288
2321400544977389849,https://www.hemnet.se/salda/lagenhet-3rum-drottningtorget-malmo-kommun-norra-vallgatan-4-2321400544977389849,90-91m²,2026-03-16T11:59:16.342290
2056461003132171626,https://www.hemnet.se/salda/lagenhet-3rum-korsta-sundsvalls-kommun-klippgatan-25-2056461003132171626,90-91m²,2026-03-16T11:59:16.342291
6440632916493034772,https://www.hemnet.se/salda/lagenhet-4rum-vallingby-parkstad-racksta-stockholms-kommun-ostersundsgatan-6-6440632916493034772,90-91m²,2026-03-16T11:59:16.342292
9073873384236617201,https://www.hemnet.se/salda/lagenhet-4rum-pitea-pitea-kommun-skihagestigen-2b-9073873384236617201,90-91m²,2026-03-16T11:59:16.342293
4950160362937035993,https://www.hemnet.se/salda/lagenhet-4rum-minneberg-stockholms-kommun-svartviksslingan-37-4950160362937035993,90-91m²,2026-03-16T11:59:16.342295
4349263381673282728,https://www.hemnet.se/salda/lagenhet-4rum-bromma-beckomberga-stockholms-kommun-soderberga-alle-44-4349263381673282728,90-91m²,2026-03-16T11:59:16.342296
2342276480347594872,https://www.hemnet.se/salda/lagenhet-5rum-prastgardsmarken-njursta-upplands-vasby-kommun-neptunigrand-31-2342276480347594872,90-91m²,2026-03-16T11:59:16.342297
9114274228633449660,https://www.hemnet.se/salda/lagenhet-4rum-minneberg-stockholms-kommun-svartviksslingan-102-9114274228633449660,90-91m²,2026-03-16T11:59:16.342299
3888227515249259685,https://www.hemnet.se/salda/lagenhet-5rum-storhogna-bergs-kommun-merakvagen-12a-3888227515249259685,90-91m²,2026-03-16T11:59:16.342300
3479270395079301397,https://www.hemnet.se/salda/lagenhet-3rum-slottsstaden-malmo-kommun-kopenhamnsvagen-11a-3479270395079301397,90-91m²,2026-03-16T11:59:16.342301
8867708448991661761,https://www.hemnet.se/salda/lagenhet-4rum-gamla-filmstaden-solna-kommun-edvin-adolphsons-vag-3-8867708448991661761,90-91m²,2026-03-16T11:59:16.342302
1985819988800424705,https://www.hemnet.se/salda/lagenhet-3rum-centrum-enkopings-kommun-kungsgatan-38-1985819988800424705,90-91m²,2026-03-16T11:59:16.342304
4820903756009263767,https://www.hemnet.se/salda/lagenhet-4rum-kungalv-centrum-kungalvs-kommun-kongahallagatan-40b-4820903756009263767,90-91m²,2026-03-16T11:59:16.342305
2985307680991903216,"https://www.hemnet.se/salda/lagenhet-3,5rum-kroksback-malmo-kommun-norrbacksgatan-1-2985307680991903216",90-91m²,2026-03-16T11:59:16.342306
905129567306883691,https://www.hemnet.se/salda/lagenhet-4rum-bagaregarden-goteborgs-kommun-waernsgatan-1c-905129567306883691,90-91m²,2026-03-16T11:59:16.342307
8915068849393753307,https://www.hemnet.se/salda/lagenhet-4rum-lundby-mjolby-kommun-bjorkgatan-16c-8915068849393753307,90-91m²,2026-03-16T11:59:16.342309
3721734588668106160,https://www.hemnet.se/salda/lagenhet-4rum-malmen-varnamo-kommun-gjuterigatan-22-3721734588668106160,90-91m²,2026-03-16T11:59:16.342310
1035827800213152896,https://www.hemnet.se/salda/lagenhet-4rum-huskvarna-norrangen-jonkopings-kommun-fogdegatan-9-1035827800213152896,90-91m²,2026-03-16T11:59:16.342311
7158862399430654056,https://www.hemnet.se/salda/lagenhet-5rum-norsborg-botkyrka-kommun-hundhamravagen-69-7158862399430654056,90-91m²,2026-03-16T11:59:16.342313
2001908228897700740,https://www.hemnet.se/salda/lagenhet-4rum-hudiksvall-hudiksvalls-kommun-vastra-tullgatan-30b-2001908228897700740,90-91m²,2026-03-16T11:59:16.342314
664393564395101328,https://www.hemnet.se/salda/lagenhet-4rum-centrala-sundbyberg-sundbybergs-kommun-eliegatan-10-664393564395101328,90-91m²,2026-03-16T11:59:16.342315
1544974477439466893,https://www.hemnet.se/salda/lagenhet-3rum-ladugardsangen-orebro-kommun-landbotorpsallen-21c-1544974477439466893,90-91m²,2026-03-16T11:59:16.342316
7698374876720720044,https://www.hemnet.se/salda/lagenhet-4rum-rosengarden-helsingborgs-kommun-skanegatan-14c-7698374876720720044,90-91m²,2026-03-16T11:59:16.342318
4508744430165756136,https://www.hemnet.se/salda/lagenhet-4rum-city-norrmalm-stockholms-kommun-regeringsgatan-70d-4508744430165756136,90-91m²,2026-03-16T11:59:16.342319
2727919659836113518,https://www.hemnet.se/salda/lagenhet-3rum-framre-luthagen-uppsala-kommun-sysslomansgatan-20b-2727919659836113518,90-91m²,2026-03-16T11:59:16.342320
4434799160264931158,https://www.hemnet.se/salda/lagenhet-4rum-kvarntorget-plorren-landskrona-kommun-bytaregatan-1b-4434799160264931158,90-91m²,2026-03-16T11:59:16.342322
3869177640714531716,https://www.hemnet.se/salda/lagenhet-4rum-molndal-aby-molndals-kommun-skrittgatan-1-b-3869177640714531716,90-91m²,2026-03-16T11:59:16.342323
1944209410501107483,https://www.hemnet.se/salda/lagenhet-3rum-eneby-park-norrkopings-kommun-skogvaktaregatan-25-1944209410501107483,90-91m²,2026-03-16T11:59:16.342325
4979389180118195118,https://www.hemnet.se/salda/lagenhet-3rum-hammarby-sjostad-stockholms-kommun-sickla-kanalgata-56-4979389180118195118,90-91m²,2026-03-16T11:59:16.342326
860388973996764342,https://www.hemnet.se/salda/lagenhet-4rum-tullinge-botkyrka-kommun-nyangsvagen-33-860388973996764342,90-91m²,2026-03-16T11:59:16.342327
5217378340428181057,https://www.hemnet.se/salda/lagenhet-3rum-oster-malarstrand-vasteras-kommun-klyvargatan-8-5217378340428181057,90-91m²,2026-03-16T11:59:16.342329
8124435781799055311,https://www.hemnet.se/salda/lagenhet-4rum-centrala-skara-skara-kommun-skaraborgsgatan-44-a-8124435781799055311,90-91m²,2026-03-16T11:59:16.342330
4810465286392890206,https://www.hemnet.se/salda/lagenhet-3rum-varnhem-malmo-kommun-sallerupsvagen-8-4810465286392890206,90-91m²,2026-03-16T11:59:16.342332
4154593118268212991,https://www.hemnet.se/salda/lagenhet-4rum-naset-lidingo-kommun-kallangsvagen-9-4154593118268212991,90-91m²,2026-03-16T11:59:16.342333
5901987190155806404,https://www.hemnet.se/salda/lagenhet-4rum-bolinder-strand-jarfalla-kommun-birger-dahlerus-vag-5-5901987190155806404,90-91m²,2026-03-16T11:59:16.342335
2822366980770411651,https://www.hemnet.se/salda/lagenhet-4rum-villastaden-gavle-kommun-majorsgatan-3-a-2822366980770411651,90-91m²,2026-03-16T11:59:16.342336
290847648377194588,https://www.hemnet.se/salda/lagenhet-3rum-handen-haninge-kommun-sleipnervagen-3-290847648377194588,90-91m²,2026-03-16T11:59:16.342337
5239070773471585609,https://www.hemnet.se/salda/lagenhet-4rum-odenslund-ostersunds-kommun-brunflovagen-48-h-5239070773471585609,90-91m²,2026-03-16T11:59:16.342338
8332687105563218868,https://www.hemnet.se/salda/lagenhet-4rum-notudden-vasteras-kommun-havsfrugatan-2-8332687105563218868,90-91m²,2026-03-16T11:59:16.342340
4906791856117225171,https://www.hemnet.se/salda/lagenhet-4rum-bodal-lidingo-kommun-bodalsvagen-12-4906791856117225171,90-91m²,2026-03-16T11:59:16.342341
5837070911927912914,"https://www.hemnet.se/salda/lagenhet-3rum-vasastan-stockholms-kommun-surbrunnsgatan-26,-2tr-5837070911927912914",90-91m²,2026-03-16T11:59:16.342343
5920601454008121539,https://www.hemnet.se/salda/lagenhet-3rum-centralt-norrkopings-kommun-garvaregatan-6a-5920601454008121539,90-91m²,2026-03-16T11:59:16.342344
4683026206415195611,https://www.hemnet.se/salda/lagenhet-4rum-hammarby-vasteras-kommun-narvavagen-39-4683026206415195611,90-91m²,2026-03-16T11:59:16.342345
7359003721309429172,https://www.hemnet.se/salda/lagenhet-4rum-vasastan-sibirien-stockholms-kommun-dobelnsgatan-58-7359003721309429172,90-91m²,2026-03-16T11:59:16.342347
9155557149422269178,https://www.hemnet.se/salda/lagenhet-3rum-danderyd-danderyds-kommun-bengt-farjares-vag-34-9155557149422269178,90-91m²,2026-03-16T11:59:16.342348
8187434857143702021,https://www.hemnet.se/salda/lagenhet-4rum-norby-uppsala-kommun-svampvagen-3-a-8187434857143702021,90-91m²,2026-03-16T11:59:16.342349
8656664042624702788,https://www.hemnet.se/salda/lagenhet-3rum-jordbro-haninge-kommun-hoglundavagen-25-8656664042624702788,90-91m²,2026-03-16T11:59:16.342351
1947884043267084341,https://www.hemnet.se/salda/lagenhet-4rum-kungsangen-uppsala-kommun-islandsgatan-12-1947884043267084341,90-91m²,2026-03-16T11:59:16.342352
42680218597382151,https://www.hemnet.se/salda/lagenhet-4rum-centralt-ostersunds-kommun-storsjostraket-22-42680218597382151,90-91m²,2026-03-16T11:59:16.342353
8667522699128148655,https://www.hemnet.se/salda/lagenhet-4rum-stureby-enskede-stockholms-kommun-bastuhagsvagen-57-8667522699128148655,90-91m²,2026-03-16T11:59:16.342355
7901018186263220477,https://www.hemnet.se/salda/lagenhet-4rum-hagalund-borlange-kommun-hagavagen-52-7901018186263220477,90-91m²,2026-03-16T11:59:16.342356
6087051250388132507,https://www.hemnet.se/salda/lagenhet-4rum-hagalund-borlange-kommun-tagtvagen-31-6087051250388132507,90-91m²,2026-03-16T11:59:16.342357
8109729523523270464,https://www.hemnet.se/salda/lagenhet-4rum-akersberga-centralt-osterakers-kommun-dansbanevagen-5-8109729523523270464,90-91m²,2026-03-16T11:59:16.342358
1537220502334065362,https://www.hemnet.se/salda/lagenhet-4rum-frosunda-solna-kommun-gustav-iii-s-boulevard-135-1537220502334065362,90-91m²,2026-03-16T11:59:16.342360
1163780205022108008,"https://www.hemnet.se/salda/lagenhet-4rum-vasastan-odenplan-stockholms-kommun-dalagatan-25a,-3tr,-1163780205022108008",90-91m²,2026-03-16T11:59:16.342361
6529122749847366424,https://www.hemnet.se/salda/lagenhet-4rum-jarfalla-jarfalla-kommun-jarfallavagen-92a-6529122749847366424,90-91m²,2026-03-16T11:59:16.342362
5534000864635903583,https://www.hemnet.se/salda/lagenhet-4rum-elinegard-malmo-kommun-hogatan-11-5534000864635903583,90-91m²,2026-03-16T11:59:16.342364
8903288423348624655,"https://www.hemnet.se/salda/lagenhet-3,5rum-kungsholmen-nedre-kungsholmen-stockholms-kommun-sankt-eriksgatan-8,-5-tr-8903288423348624655",90-91m²,2026-03-16T11:59:16.342365
742505603419260059,https://www.hemnet.se/salda/lagenhet-4rum-centrala-nacka-nacka-kommun-nya-gatan-20-742505603419260059,90-91m²,2026-03-16T11:59:16.342366
9156896670910394038,https://www.hemnet.se/salda/lagenhet-4rum-centrala-tyreso-tyreso-kommun-bollmoravagen-120-9156896670910394038,90-91m²,2026-03-16T11:59:16.342368
1574667259412992833,https://www.hemnet.se/salda/lagenhet-2rum-triangeln-malmo-kommun-klostergatan-1-1574667259412992833,90-91m²,2026-03-16T11:59:16.342369
3672597733008868144,https://www.hemnet.se/salda/lagenhet-3rum-nissastrand-halmstads-kommun-sven-jonsons-gata-5-3672597733008868144,90-91m²,2026-03-16T11:59:16.342370
4526837075833611999,https://www.hemnet.se/salda/lagenhet-4rum-naset-lidingo-kommun-kallangsvagen-7-4526837075833611999,90-91m²,2026-03-16T11:59:16.342371
3583493960156788095,https://www.hemnet.se/salda/lagenhet-3rum-ostermalm-stockholms-kommun-storgatan-34-3583493960156788095,90-91m²,2026-03-16T11:59:16.342373
1738087984418297330,https://www.hemnet.se/salda/lagenhet-4rum-vastra-skogen-solna-kommun-lundagatan-4b-1738087984418297330,90-91m²,2026-03-16T11:59:16.342374
9082204128728416694,https://www.hemnet.se/salda/lagenhet-3rum-hovshaga-vaxjo-kommun-astrakanvagen-21-9082204128728416694,90-91m²,2026-03-16T11:59:16.342375
2473479796274246302,https://www.hemnet.se/salda/lagenhet-3rum-gustavsberg-varmdo-kommun-hastskovagen-14-2473479796274246302,90-91m²,2026-03-16T11:59:16.342377
5737710096904317457,"https://www.hemnet.se/salda/lagenhet-3,5rum-pildammarna-malmo-kommun-roskildevagen-17-b-5737710096904317457",90-91m²,2026-03-16T11:59:16.342378
5663123764034604525,"https://www.hemnet.se/salda/lagenhet-4rum-husby-stockholms-kommun-stavangergatan-68,-5tr-5663123764034604525",90-91m²,2026-03-16T11:59:16.342379
85896123960675831,https://www.hemnet.se/salda/lagenhet-4rum-tagaborg-helsingborgs-kommun-wrangelsgatan-4-85896123960675831,90-91m²,2026-03-16T11:59:16.342381
2981034572484069147,"https://www.hemnet.se/salda/lagenhet-3,5rum-maria-stockholms-kommun-maria-prastgardsgata-20,-0,5-tr-2981034572484069147",90-91m²,2026-03-16T11:59:16.342383
151061037749918811,https://www.hemnet.se/salda/lagenhet-4rum-bromma-beckomberga-stockholms-kommun-beckomberga-angsvag-20-151061037749918811,90-91m²,2026-03-16T11:59:16.342384
4394803227189406570,https://www.hemnet.se/salda/lagenhet-3rum-hammarby-sjostad-stockholms-kommun-sickla-kanalgata-48-4394803227189406570,90-91m²,2026-03-16T11:59:16.342386
8892601420910823232,"https://www.hemnet.se/salda/lagenhet-3rum-tyreso-centrum-tyreso-kommun-axel-wennergrens-vag-12,-3-tr-8892601420910823232",90-91m²,2026-03-16T11:59:16.342387
5791589395325125066,https://www.hemnet.se/salda/lagenhet-4rum-bromma-stora-mossen-stockholms-kommun-lammelgrand-9-5791589395325125066,90-91m²,2026-03-16T11:59:16.342388
7683406876538713931,"https://www.hemnet.se/salda/lagenhet-2,5rum-gamlestaden-goteborgs-kommun-gamlestadstorget-30-7683406876538713931",90-91m²,2026-03-16T11:59:16.342390
1206770531906712351,https://www.hemnet.se/salda/lagenhet-4rum-centrala-vasby-upplands-vasby-kommun-bryggerivagen-1c-1206770531906712351,90-91m²,2026-03-16T11:59:16.342391
3122251066289548002,https://www.hemnet.se/salda/lagenhet-3rum-vasastaden-linkopings-kommun-konsistoriegatan-12b-3122251066289548002,90-91m²,2026-03-16T11:59:16.342392
8596866106636473704,"https://www.hemnet.se/salda/lagenhet-4rum-tyreso-centrum-tyreso-kommun-sikvagen-13,-5-tr-8596866106636473704",90-91m²,2026-03-16T11:59:16.342394
7963914462780077315,https://www.hemnet.se/salda/lagenhet-4rum-alvsjostaden-stockholms-kommun-kabelverksgatan-66-7963914462780077315,90-91m²,2026-03-16T11:59:16.342395
4537211348830653809,https://www.hemnet.se/salda/lagenhet-4rum-vastra-orminge-nacka-kommun-ormingeringen-16b-4537211348830653809,90-91m²,2026-03-16T11:59:16.342396
2484713775066987738,https://www.hemnet.se/salda/lagenhet-3rum-ostra-centrum-goteborgs-kommun-gustavsgatan-84-2484713775066987738,90-91m²,2026-03-16T11:59:16.342398
6958559395730591723,https://www.hemnet.se/salda/lagenhet-4rum-asen-filipstads-kommun-backvagen-36-6958559395730591723,90-91m²,2026-03-16T11:59:16.342399
5933396533799322711,https://www.hemnet.se/salda/lagenhet-4rum-soder-uddevalla-kommun-studievagen-5-5933396533799322711,90-91m²,2026-03-16T11:59:16.342400
1171252652068061642,https://www.hemnet.se/salda/lagenhet-4rum-boxholm-boxholms-kommun-holavedsplan-1-1171252652068061642,90-91m²,2026-03-16T11:59:16.342401
8952664443401084059,https://www.hemnet.se/salda/lagenhet-4rum-grondal-stockholms-kommun-storsegelvagen-12-8952664443401084059,90-91m²,2026-03-16T11:59:16.342403
3925208985772785548,https://www.hemnet.se/salda/lagenhet-4rum-ekhagen-stockholms-kommun-torphagsvagen-6-3925208985772785548,90-91m²,2026-03-16T11:59:16.342404
7682923860031366150,https://www.hemnet.se/salda/lagenhet-5rum-vasterhaninge-haninge-kommun-ringvagen-43-7682923860031366150,90-91m²,2026-03-16T11:59:16.342405
7995431949966787792,https://www.hemnet.se/salda/lagenhet-3rum-centrala-huddinge-huddinge-kommun-sjodalsvagen-26-7995431949966787792,90-91m²,2026-03-16T11:59:16.342406
2501216305738281896,https://www.hemnet.se/salda/lagenhet-4rum-alvsjostaden-stockholms-kommun-sandalettgatan-24-2501216305738281896,90-91m²,2026-03-16T11:59:16.342407
454546042823056252,https://www.hemnet.se/salda/lagenhet-4rum-hisings-backa-goteborgs-kommun-ovralidsgatan-21-454546042823056252,90-91m²,2026-03-16T11:59:16.342409
2533931992354436898,https://www.hemnet.se/salda/lagenhet-4rum-kopparberg-ljusnarsbergs-kommun-sprangarvagen-7g-2533931992354436898,90-91m²,2026-03-16T11:59:16.342410
4309084218169105469,https://www.hemnet.se/salda/lagenhet-4rum-skacklinge-botkyrka-kommun-skacklingevagen-59-4309084218169105469,90-91m²,2026-03-16T11:59:16.342411
4199067150955614993,https://www.hemnet.se/salda/lagenhet-3rum-byttorp-boras-kommun-vindelgatan-3c-4199067150955614993,90-91m²,2026-03-16T11:59:16.342412
7490709149125337464,https://www.hemnet.se/salda/lagenhet-4rum-vastra-orminge-nacka-kommun-ormingeringen-20-7490709149125337464,90-91m²,2026-03-16T11:59:16.342414
6133657586074101497,https://www.hemnet.se/salda/lagenhet-4rum-centralt-kungalvs-kommun-trollhattevagen-16f-6133657586074101497,90-91m²,2026-03-16T11:59:16.342415
2879910125736336415,https://www.hemnet.se/salda/lagenhet-3rum-orgryte-goteborgs-kommun-lillatorpsgatan-1a-2879910125736336415,90-91m²,2026-03-16T11:59:16.342416
5398542254805063995,https://www.hemnet.se/salda/lagenhet-3rum-norr-helsingborgs-kommun-margaretaplatsen-4-5398542254805063995,90-91m²,2026-03-16T11:59:16.342417
5913267535064910610,https://www.hemnet.se/salda/lagenhet-4rum-kungsbacka-kungsbacka-kommun-mor-eleonoras-vag-8-5913267535064910610,90-91m²,2026-03-16T11:59:16.342419
1669382178942554857,https://www.hemnet.se/salda/lagenhet-3rum-halmstad-centrum-halmstads-kommun-hvitfeldtsgatan-19b-1669382178942554857,90-91m²,2026-03-16T11:59:16.342420
7719597952645520483,https://www.hemnet.se/salda/lagenhet-4rum-segeltorp-huddinge-kommun-skansbergsvagen-44e-7719597952645520483,90-91m²,2026-03-16T11:59:16.342421
19328655610891442,https://www.hemnet.se/salda/lagenhet-4rum-bagaregarden-goteborgs-kommun-gustavsgatan-80-19328655610891442,90-91m²,2026-03-16T11:59:16.342422
8522351320347124700,https://www.hemnet.se/salda/lagenhet-4rum-hasselby-lovsta-alle-stockholms-kommun-astrakangatan-100-8522351320347124700,90-91m²,2026-03-16T11:59:16.342424
8654863499775693617,https://www.hemnet.se/salda/lagenhet-4rum-vastra-hamnen-malmo-kommun-vastra-varvsgatan-27-8654863499775693617,90-91m²,2026-03-16T11:59:16.342425
4744694183327126079,https://www.hemnet.se/salda/lagenhet-4rum-mjolkudden-lulea-kommun-munkebergsgatan-44-4744694183327126079,90-91m²,2026-03-16T11:59:16.342426
3833245908730096095,https://www.hemnet.se/salda/lagenhet-3rum-triangeln-malmo-kommun-friisgatan-6c-3833245908730096095,90-91m²,2026-03-16T11:59:16.342439
8437636630831620681,https://www.hemnet.se/salda/lagenhet-3rum-lorensberg-goteborgs-kommun-gotabergsgatan-16-8437636630831620681,90-91m²,2026-03-16T11:59:16.342440
6196542812377693230,https://www.hemnet.se/salda/lagenhet-3rum-botkyrka-hallunda-botkyrka-kommun-kornvagen-2-6196542812377693230,90-91m²,2026-03-16T11:59:16.342441
4664189930462279625,"https://www.hemnet.se/salda/lagenhet-3,5rum-raby-vasteras-kommun-morkullegatan-20-4664189930462279625",90-91m²,2026-03-16T11:59:16.342443
4294711966093086594,https://www.hemnet.se/salda/lagenhet-3rum-mjolkudden-lulea-kommun-mjolkuddsvagen-241-4294711966093086594,90-91m²,2026-03-16T11:59:16.342444
6952807883523411835,"https://www.hemnet.se/salda/lagenhet-4,5rum-falhagen-uppsala-kommun-oxelgatan-21-6952807883523411835",90-91m²,2026-03-16T11:59:16.342445
2744195759357505362,https://www.hemnet.se/salda/lagenhet-4rum-hisings-backa-goteborgs-kommun-heidenstams-gata-9-2744195759357505362,90-91m²,2026-03-16T11:59:16.342446
1631096303769815726,https://www.hemnet.se/salda/lagenhet-4rum-viksjo-jarfalla-kommun-axvagen-27-1631096303769815726,90-91m²,2026-03-16T11:59:16.342448
3971147828551890994,https://www.hemnet.se/salda/lagenhet-4rum-kalgarden-jonkopings-kommun-stenhuggargatan-1-3971147828551890994,90-91m²,2026-03-16T11:59:16.342449
4607647920138847074,https://www.hemnet.se/salda/lagenhet-4rum-farsta-stockholms-kommun-varmlandsvagen-9c-4607647920138847074,90-91m²,2026-03-16T11:59:16.342450
6206260818349648667,https://www.hemnet.se/salda/lagenhet-3rum-strand-arvika-kommun-skeppargatan-9e-6206260818349648667,90-91m²,2026-03-16T11:59:16.342451
5297235234635642704,"https://www.hemnet.se/salda/lagenhet-4rum-taby-centrum-taby-kommun-marknadsvagen-113,-2tr-5297235234635642704",90-91m²,2026-03-16T11:59:16.342453
1690297733251473495,https://www.hemnet.se/salda/lagenhet-4rum-vipelyckan-lunds-kommun-vipeholms-alle-55-1690297733251473495,90-91m²,2026-03-16T11:59:16.342454
3299485028579268541,https://www.hemnet.se/salda/lagenhet-4rum-norra-frosunda-solna-kommun-master-simons-vag-12-3299485028579268541,90-91m²,2026-03-16T11:59:16.342455
3795842297576399458,https://www.hemnet.se/salda/lagenhet-4rum-skogalund-nacka-kommun-klyvarevagen-46a-3795842297576399458,90-91m²,2026-03-16T11:59:16.342456
7699224690789243350,https://www.hemnet.se/salda/lagenhet-3rum-linnestaden-goteborgs-kommun-djupedalsgatan-4-7699224690789243350,90-91m²,2026-03-16T11:59:16.342458
2360524542266534553,"https://www.hemnet.se/salda/lagenhet-3rum-liljeholmskajen-stockholms-kommun-argangsgatan-4,-3-tr-2360524542266534553",90-91m²,2026-03-16T11:59:16.342459
1109277882640466187,https://www.hemnet.se/salda/lagenhet-3rum-huskvarna-norrangen-jonkopings-kommun-sikvagen-6-1109277882640466187,90-91m²,2026-03-16T11:59:16.342460
5221873510702268585,https://www.hemnet.se/salda/lagenhet-3rum-vrena-nykopings-kommun-tarnovagen-27b-5221873510702268585,90-91m²,2026-03-16T11:59:16.342462
2068284314320758531,https://www.hemnet.se/salda/lagenhet-4rum-tyreso-tyreso-kommun-myggdalsvagen-90-2068284314320758531,90-91m²,2026-03-16T11:59:16.342463
8330285738660593955,https://www.hemnet.se/salda/lagenhet-4rum-ovre-tega-kungalvs-kommun-storskiftegatan-56-8330285738660593955,90-91m²,2026-03-16T11:59:16.342464
2226946055296346026,https://www.hemnet.se/salda/lagenhet-3rum-gavle-strand-gavle-kommun-stuvaregatan-50-2226946055296346026,90-91m²,2026-03-16T11:59:16.342465
5340157156122550546,https://www.hemnet.se/salda/lagenhet-4rum-nasby-park-taby-kommun-kalltorpsvagen-23-5340157156122550546,90-91m²,2026-03-16T11:59:16.342467
2411236355890229959,https://www.hemnet.se/salda/lagenhet-3rum-klostergarden-lunds-kommun-sunnanvag-14i-2411236355890229959,90-91m²,2026-03-16T11:59:16.342468
3856465580484721484,https://www.hemnet.se/salda/lagenhet-3rum-ostra-framby-falu-kommun-torkils-vag-45f-3856465580484721484,90-91m²,2026-03-16T11:59:16.342469
6819737591701923300,"https://www.hemnet.se/salda/lagenhet-4rum-bodal-lidingo-kommun-bodalsvagen-14,-4-tr-6819737591701923300",90-91m²,2026-03-16T11:59:16.342471
4266958044161653123,https://www.hemnet.se/salda/lagenhet-3rum-gamla-vaster-malmo-kommun-grynbodgatan-15a-4266958044161653123,90-91m²,2026-03-16T11:59:16.342472
5914089652733304894,"https://www.hemnet.se/salda/lagenhet-4rum-botkyrka-norsborg-botkyrka-kommun-hundhamravagen-79,-markplan-5914089652733304894",90-91m²,2026-03-16T11:59:16.342473
3550125647160253864,"https://www.hemnet.se/salda/lagenhet-4rum-midsommarkransen-stockholms-kommun-midsommarvagen-47,-2tr-3550125647160253864",90-91m²,2026-03-16T11:59:16.342474
4830577277174653220,https://www.hemnet.se/salda/lagenhet-4rum-komarken-kungalvs-kommun-kongahallagatan-45-4830577277174653220,90-91m²,2026-03-16T11:59:16.342476
718045282300161254,https://www.hemnet.se/salda/lagenhet-4rum-odenslund-ostersunds-kommun-brunflovagen-48a-718045282300161254,90-91m²,2026-03-16T11:59:16.342477
8317159473100471869,https://www.hemnet.se/salda/lagenhet-3rum-ostermalm-stockholms-kommun-riddargatan-28b-8317159473100471869,90-91m²,2026-03-16T11:59:16.342478
1992105576797117732,https://www.hemnet.se/salda/lagenhet-4rum-berghem-umea-kommun-axtorpsvagen-19-1992105576797117732,90-91m²,2026-03-16T11:59:16.342479
9100867010035995163,"https://www.hemnet.se/salda/lagenhet-3rum-hornsbergs-strand-stockholms-kommun-lars-forssells-gata-31,-van-6-9100867010035995163",90-91m²,2026-03-16T11:59:16.342481
3640299305758993994,https://www.hemnet.se/salda/lagenhet-3rum-johanneberg-goteborgs-kommun-fridkullagatan-18d-3640299305758993994,90-91m²,2026-03-16T11:59:16.342482
1158054647443788943,https://www.hemnet.se/salda/lagenhet-3rum-huddinge-fullersta-huddinge-kommun-claras-grand-7e-1158054647443788943,90-91m²,2026-03-16T11:59:16.342483
7196939407510138994,https://www.hemnet.se/salda/lagenhet-4rum-bankeryd-hembo-jonkopings-kommun-sjoakravagen-105-7196939407510138994,90-91m²,2026-03-16T11:59:16.342485
1558202872129799355,https://www.hemnet.se/salda/lagenhet-4rum-sundsvall-sundsbruk-sundsvalls-kommun-johannedalsvagen-36-1558202872129799355,90-91m²,2026-03-16T11:59:16.342486
1004470702245496329,https://www.hemnet.se/salda/lagenhet-4rum-orminge-nacka-kommun-ormingeringen-57d-1004470702245496329,90-91m²,2026-03-16T11:59:16.342487
5703692786322842146,https://www.hemnet.se/salda/lagenhet-4rum-kolsva-kopings-kommun-bergslagsvagen-119-a-5703692786322842146,90-91m²,2026-03-16T11:59:16.342488
7830935038536860042,https://www.hemnet.se/salda/lagenhet-3rum-as-nora-kommun-byvagen-13-a-7830935038536860042,90-91m²,2026-03-16T11:59:16.342490
3105536168228579729,https://www.hemnet.se/salda/lagenhet-3rum-vasastan-s-t-eriksplan-stockholms-kommun-sankt-eriksplan-15-3105536168228579729,90-91m²,2026-03-16T11:59:16.342491
1177544451373088937,https://www.hemnet.se/salda/lagenhet-3rum-djurangen-kalmar-kommun-djurangsvagen-64b-1177544451373088937,90-91m²,2026-03-16T11:59:16.342492
5715635851281086985,https://www.hemnet.se/salda/lagenhet-4rum-hovas-goteborgs-kommun-skalldalsbacken-3-5715635851281086985,90-91m²,2026-03-16T11:59:16.342494
728178723098873326,https://www.hemnet.se/salda/lagenhet-4rum-city-vasteras-kommun-biskopsgatan-5a-728178723098873326,90-91m²,2026-03-16T11:59:16.342495
3285710600660723958,https://www.hemnet.se/salda/lagenhet-4rum-vasastaden-goteborgs-kommun-haga-kyrkogata-16b-3285710600660723958,90-91m²,2026-03-16T11:59:16.342497
4602248529039912639,https://www.hemnet.se/salda/lagenhet-3rum-sundbyberg-ursvik-sundbybergs-kommun-forskargrand-20-4602248529039912639,90-91m²,2026-03-16T11:59:16.342498
7160531907647752351,https://www.hemnet.se/salda/lagenhet-3rum-nedre-haga-sundsvalls-kommun-riddargatan-1b-7160531907647752351,90-91m²,2026-03-16T11:59:16.342500
2409474676104383365,https://www.hemnet.se/salda/lagenhet-4rum-naset-lidingo-kommun-kallangsvagen-7-2409474676104383365,90-91m²,2026-03-16T11:59:16.342501
2629698803690130679,"https://www.hemnet.se/salda/lagenhet-4rum-centrala-haninge-haninge-kommun-vallavagen-93,-1-tr-av-3-2629698803690130679",90-91m²,2026-03-16T11:59:16.342503
3705828988535879470,https://www.hemnet.se/salda/lagenhet-3rum-centrum-lunds-kommun-sodra-esplanaden-13a-3705828988535879470,90-91m²,2026-03-16T11:59:16.342504
9012906240737058732,https://www.hemnet.se/salda/lagenhet-4rum-rosendal-uppsala-kommun-torgny-segerstedts-alle-95a-9012906240737058732,90-91m²,2026-03-16T11:59:16.342506
4948169300968316407,https://www.hemnet.se/salda/lagenhet-3rum-alta-nacka-kommun-oxelvagen-57-4948169300968316407,90-91m²,2026-03-16T11:59:16.342507
8552960280282475992,https://www.hemnet.se/salda/lagenhet-4rum-osterplan-orebro-kommun-isgatan-11-8552960280282475992,90-91m²,2026-03-16T11:59:16.342508
6731978485007769766,https://www.hemnet.se/salda/lagenhet-3rum-snattringe-huddinge-kommun-bergakungsvagen-54-6731978485007769766,90-91m²,2026-03-16T11:59:16.342510
3094022982972280570,https://www.hemnet.se/salda/lagenhet-4rum-taby-centrum-taby-kommun-marknadsvagen-35-3094022982972280570,90-91m²,2026-03-16T11:59:16.342511
5060523858853315285,https://www.hemnet.se/salda/lagenhet-4rum-djursholm-danderyds-kommun-grimvagen-4-5060523858853315285,90-91m²,2026-03-16T11:59:16.342513
4925314653890465610,https://www.hemnet.se/salda/lagenhet-4rum-oster-orebro-kommun-isgatan-7-4925314653890465610,90-91m²,2026-03-16T11:59:16.342514
7051291489950903901,https://www.hemnet.se/salda/lagenhet-4rum-hagaborg-karlstads-kommun-tolvmansgatan-17-7051291489950903901,90-91m²,2026-03-16T11:59:16.342516
8116259830823159277,https://www.hemnet.se/salda/lagenhet-3rum-centrum-alingsas-kommun-plangatan-1a-8116259830823159277,90-91m²,2026-03-16T11:59:16.342517
5356464823343198308,https://www.hemnet.se/salda/lagenhet-3rum-karlberga-park-sodertalje-kommun-karlbergastigen-6-5356464823343198308,90-91m²,2026-03-16T11:59:16.342519
2853338821608979474,https://www.hemnet.se/salda/lagenhet-4rum-froson-ostersunds-kommun-frojavagen-11c-2853338821608979474,90-91m²,2026-03-16T11:59:16.342520
6941489692509194291,https://www.hemnet.se/salda/lagenhet-4rum-fagelbo-nykopings-kommun-fagelbovagen-23a-6941489692509194291,90-91m²,2026-03-16T11:59:16.342522
5457293316686170717,https://www.hemnet.se/salda/lagenhet-3rum-centralt-trollhattans-kommun-olof-palmes-gata-9a-5457293316686170717,90-91m²,2026-03-16T11:59:16.342523
7914523411738129260,https://www.hemnet.se/salda/lagenhet-3rum-vindfallet-uddevalla-kommun-vindfallegatan-13-7914523411738129260,90-91m²,2026-03-16T11:59:16.342525
613114646794212372,"https://www.hemnet.se/salda/lagenhet-4rum-kungsholmen-stora-essingen-stockholms-kommun-segelbatsvagen-10,-2-tr-613114646794212372",90-91m²,2026-03-16T11:59:16.342526
5622480703706505653,https://www.hemnet.se/salda/lagenhet-4rum-bollmora-tyreso-kommun-myggdalsvagen-64-5622480703706505653,90-91m²,2026-03-16T11:59:16.342528
5264030582891490319,https://www.hemnet.se/salda/lagenhet-3rum-ostermalm-kristianstads-kommun-lonbladsgatan-5c-5264030582891490319,90-91m²,2026-03-16T11:59:16.342529
1816923585029955799,https://www.hemnet.se/salda/lagenhet-3rum-varberg-stockholms-kommun-varbergsvagen-189-1816923585029955799,90-91m²,2026-03-16T11:59:16.342530
3443017505491480736,https://www.hemnet.se/salda/lagenhet-2rum-slottsstaden-malmo-kommun-kopenhamnsvagen-11a-3443017505491480736,90-91m²,2026-03-16T11:59:16.342532
7112489969514141962,https://www.hemnet.se/salda/lagenhet-4rum-odenslunda-upplands-vasby-kommun-fruangsvagen-42-7112489969514141962,90-91m²,2026-03-16T11:59:16.342533
3955303892451296265,https://www.hemnet.se/salda/lagenhet-4rum-nacka-ostra-nacka-kommun-klyvarevagen-66d-3955303892451296265,90-91m²,2026-03-16T11:59:16.342534
7215042887011966604,"https://www.hemnet.se/salda/lagenhet-3,5rum-bromma-akeslund-stockholms-kommun-tunnlandsvagen-93,-van-6-7215042887011966604",90-91m²,2026-03-16T11:59:16.342536
7924652902324451443,https://www.hemnet.se/salda/lagenhet-4rum-orminge-nacka-kommun-edovagen-12a-7924652902324451443,90-91m²,2026-03-16T11:59:16.342537
6062750803494133448,https://www.hemnet.se/salda/lagenhet-4rum-midsommarkransen-stockholms-kommun-midsommarvagen-41-6062750803494133448,90-91m²,2026-03-16T11:59:16.342538
3047914381638319416,https://www.hemnet.se/salda/lagenhet-4rum-are-bjornen-are-kommun-bjornenvagen-21c-andel-d-3047914381638319416,90-91m²,2026-03-16T11:59:16.342540
8438242274787926696,"https://www.hemnet.se/salda/lagenhet-4rum-hammarby-sjostad-stockholms-kommun-hammarbyterrassen-10,-3tr-8438242274787926696",90-91m²,2026-03-16T11:59:16.342541
6657215161083578470,"https://www.hemnet.se/salda/lagenhet-3rum-vasastan-hagastaden-stockholms-kommun-torsplan-10,-vaning-12-6657215161083578470",90-91m²,2026-03-16T11:59:16.342543
4347157222024483338,https://www.hemnet.se/salda/lagenhet-3rum-vasastaden-goteborgs-kommun-ovre-fogelbergsgatan-3-4347157222024483338,90-91m²,2026-03-16T11:59:16.342544
298987004229308955,https://www.hemnet.se/salda/lagenhet-3rum-nasby-slottspark-taby-kommun-kadettens-gata-8-298987004229308955,90-91m²,2026-03-16T11:59:16.342545
2908583465729054268,"https://www.hemnet.se/salda/lagenhet-4rum-tureberg-sollentuna-kommun-blaklockevagen-13,-6-tr-2908583465729054268",90-91m²,2026-03-16T11:59:16.342547
7862603442004746278,https://www.hemnet.se/salda/lagenhet-4rum-henriksdalsberget-nacka-kommun-henriksdalsringen-61-7862603442004746278,90-91m²,2026-03-16T11:59:16.342548
507443884233134400,https://www.hemnet.se/salda/lagenhet-3rum-klostergarden-lunds-kommun-tordonsvagen-4h-507443884233134400,90-91m²,2026-03-16T11:59:16.342549
1892292652504016666,https://www.hemnet.se/salda/lagenhet-3rum-rud-karlstads-kommun-mossgatan-181-1892292652504016666,90-91m²,2026-03-16T11:59:16.342551
3695497561443724749,https://www.hemnet.se/salda/lagenhet-4rum-prastgardsmarken-prasthagen-upplands-vasby-kommun-neptunigrand-56-3695497561443724749,90-91m²,2026-03-16T11:59:16.342552
1162763489581117853,https://www.hemnet.se/salda/lagenhet-4rum-roslags-nasby-taby-kommun-nasbyvagen-6b-1162763489581117853,90-91m²,2026-03-16T11:59:16.342554
4016052929506508119,https://www.hemnet.se/salda/lagenhet-4rum-drevvikstrand-huddinge-kommun-rondovagen-224-4016052929506508119,90-91m²,2026-03-16T11:59:16.342555
2356905203198040885,https://www.hemnet.se/salda/lagenhet-4rum-bremerlyckan-kalmar-kommun-frejagatan-4b-2356905203198040885,90-91m²,2026-03-16T11:59:16.342556
6454817096158005528,https://www.hemnet.se/salda/lagenhet-3rum-limhamns-sjostad-malmo-kommun-rosengrens-gata-21-6454817096158005528,90-91m²,2026-03-16T11:59:16.342558
4288066763678077999,https://www.hemnet.se/salda/lagenhet-5rum-gustavsberg-varmdo-kommun-kvarntorpsvagen-12-4288066763678077999,90-91m²,2026-03-16T11:59:16.342559
9154176905126133880,"https://www.hemnet.se/salda/lagenhet-3rum-gardet-stockholms-kommun-sandhamnsgatan-42d,-1-tr-9154176905126133880",90-91m²,2026-03-16T11:59:16.342561
1276222353099419911,https://www.hemnet.se/salda/lagenhet-3rum-ytterby-kungalvs-kommun-ytterby-torg-17-1276222353099419911,90-91m²,2026-03-16T11:59:16.342568
7033840805956313316,https://www.hemnet.se/salda/lagenhet-4rum-taby-taby-kommun-kadettens-gata-4-7033840805956313316,90-91m²,2026-03-16T11:59:16.342570
741148176705868944,https://www.hemnet.se/salda/lagenhet-4rum-industristaden-kungsangen-uppsala-kommun-islandsgatan-10-741148176705868944,90-91m²,2026-03-16T11:59:16.342571
1180543397442886416,https://www.hemnet.se/salda/lagenhet-3rum-industristaden-kungsangen-uppsala-kommun-skyttelgatan-21-1180543397442886416,90-91m²,2026-03-16T11:59:16.342573
7201454123721383737,https://www.hemnet.se/salda/lagenhet-3rum-hammarby-sjostad-stockholms-kommun-rorgangargatan-21-7201454123721383737,90-91m²,2026-03-16T11:59:16.342574
2005022853837536837,https://www.hemnet.se/salda/lagenhet-3rum-huvudsta-solna-kommun-slaggbacken-3-2005022853837536837,90-91m²,2026-03-16T11:59:16.342575
5973075378695828910,"https://www.hemnet.se/salda/lagenhet-4rum-trosso-karlskrona-kommun-norra-smedjegatan-35,-2tr-5973075378695828910",90-91m²,2026-03-16T11:59:16.342577
1231003857267431902,"https://www.hemnet.se/salda/lagenhet-3rum-hammarby-sjostad-stockholms-kommun-sickla-kanalgata-60,-3-tr-1231003857267431902",90-91m²,2026-03-16T11:59:16.342578
5802694251688321693,https://www.hemnet.se/salda/lagenhet-3rum-djurangen-kalmar-kommun-djurangsvagen-62a-5802694251688321693,90-91m²,2026-03-16T11:59:16.342579
2198519217505248311,https://www.hemnet.se/salda/lagenhet-3rum-haga-norra-solna-kommun-rasundavagen-29-2198519217505248311,90-91m²,2026-03-16T11:59:16.342581
9070410941777233792,"https://www.hemnet.se/salda/lagenhet-4rum-alvsjo-alvsjobadet-stockholms-kommun-lillhagsvagen-32,-2-tr-9070410941777233792",90-91m²,2026-03-16T11:59:16.342582
1446036198926954542,https://www.hemnet.se/salda/lagenhet-4rum-tulemarken-sundbybergs-kommun-furuvagen-24-1446036198926954542,90-91m²,2026-03-16T11:59:16.342583
78537152400437782,https://www.hemnet.se/salda/lagenhet-3rum-sundsvall-centrum-sundsvalls-kommun-tradgardsgatan-14-78537152400437782,90-91m²,2026-03-16T11:59:16.342584
1127194569204107517,https://www.hemnet.se/salda/lagenhet-3rum-centralt-falu-kommun-sturegatan-99b-1127194569204107517,90-91m²,2026-03-16T11:59:16.342586
9218567456615855993,https://www.hemnet.se/salda/lagenhet-3rum-munksundet-enkopings-kommun-kungsgatan-67-9218567456615855993,90-91m²,2026-03-16T11:59:16.342587
8376969252086591378,https://www.hemnet.se/salda/lagenhet-3rum-sodra-sallerup-malmo-kommun-mor-marnas-vag-96b-8376969252086591378,90-91m²,2026-03-16T11:59:16.342588
6093835549267734450,https://www.hemnet.se/salda/lagenhet-3rum-are-are-kommun-are-strand-5-b1-v-52-6093835549267734450,90-91m²,2026-03-16T11:59:16.342590
4474938491473019949,https://www.hemnet.se/salda/lagenhet-4rum-kviberg-goteborgs-kommun-margit-halls-gata-50-4474938491473019949,90-91m²,2026-03-16T11:59:16.342591
3092548473702245186,https://www.hemnet.se/salda/lagenhet-4rum-hovas-goteborgs-kommun-skalldalsbacken-8-3092548473702245186,90-91m²,2026-03-16T11:59:16.342592
1079359781535858952,https://www.hemnet.se/salda/lagenhet-3rum-gryta-vasteras-kommun-labradorvagen-65-1079359781535858952,90-91m²,2026-03-16T11:59:16.342594
164133709584250299,https://www.hemnet.se/salda/lagenhet-4rum-centralt-knivsta-kommun-klyvargatan-1-164133709584250299,90-91m²,2026-03-16T11:59:16.342595
6751191145055358979,https://www.hemnet.se/salda/lagenhet-3rum-centralt-norrkopings-kommun-slottsgatan-121-6751191145055358979,90-91m²,2026-03-16T11:59:16.342596
1292849150232186778,https://www.hemnet.se/salda/lagenhet-4rum-centrala-norrtalje-norrtalje-kommun-vigelsjovagen-4a-1292849150232186778,90-91m²,2026-03-16T11:59:16.342597
1099586866921258343,https://www.hemnet.se/salda/lagenhet-4rum-taby-centrum-taby-kommun-marknadsvagen-105-1099586866921258343,90-91m²,2026-03-16T11:59:16.342599
5185508819547213235,https://www.hemnet.se/salda/lagenhet-3rum-arsta-stockholms-kommun-skedviksvagen-48-5185508819547213235,90-91m²,2026-03-16T11:59:16.342600
7919971069050116888,https://www.hemnet.se/salda/lagenhet-3rum-falun-falu-kommun-sturegatan-97c-7919971069050116888,90-91m²,2026-03-16T11:59:16.342601
3326207717786270774,https://www.hemnet.se/salda/lagenhet-4rum-trosso-karlskrona-kommun-norra-smedjegatan-37-3326207717786270774,90-91m²,2026-03-16T11:59:16.342605
6525813496843624546,https://www.hemnet.se/salda/lagenhet-4rum-vastra-orminge-nacka-kommun-edovagen-22c-6525813496843624546,90-91m²,2026-03-16T11:59:16.342607
3231102017430304594,"https://www.hemnet.se/salda/lagenhet-3,5rum-tumba-botkyrka-kommun-langsvangen-49-3231102017430304594",90-91m²,2026-03-16T11:59:16.342608
741172359382256767,https://www.hemnet.se/salda/lagenhet-3rum-sodra-hammarbyhamnen-stockholms-kommun-lugnets-alle-31-741172359382256767,90-91m²,2026-03-16T11:59:16.342609
2174107395074773458,https://www.hemnet.se/salda/lagenhet-4rum-komarken-kungalvs-kommun-kongahallagatan-40b-2174107395074773458,90-91m²,2026-03-16T11:59:16.342610
7087720481588769644,https://www.hemnet.se/salda/lagenhet-4rum-anneberg-hammaro-kommun-annebergsvagen-27-7087720481588769644,90-91m²,2026-03-16T11:59:16.342612
6347496556220676992,https://www.hemnet.se/salda/lagenhet-3rum-centrum-falu-kommun-engelbrektsgatan-18d-6347496556220676992,90-91m²,2026-03-16T11:59:16.342613
7905474438872340517,https://www.hemnet.se/salda/lagenhet-4rum-odenslunda-upplands-vasby-kommun-heimdalsvagen-40-7905474438872340517,90-91m²,2026-03-16T11:59:16.342614
1366498965094234082,https://www.hemnet.se/salda/lagenhet-4rum-jarvastaden-solna-kommun-fridensborgsvagen-41-1366498965094234082,90-91m²,2026-03-16T11:59:16.342616
6023814786033330710,https://www.hemnet.se/salda/lagenhet-4rum-liljeholmskajen-arstaberg-stockholms-kommun-nybodaringen-29-6023814786033330710,90-91m²,2026-03-16T11:59:16.342617
7914054157375647911,https://www.hemnet.se/salda/lagenhet-3rum-hyllie-malmo-kommun-hyllie-vattenparksgata-33-7914054157375647911,90-91m²,2026-03-16T11:59:16.342618
8584391044041302299,https://www.hemnet.se/salda/lagenhet-3rum-ostra-framby-falu-kommun-torkils-vag-3f-8584391044041302299,90-91m²,2026-03-16T11:59:16.342620
5677746566590861626,https://www.hemnet.se/salda/lagenhet-4rum-kvarnback-hoors-kommun-koriandervagen-9b-5677746566590861626,90-91m²,2026-03-16T11:59:16.342621
2319186126249263000,https://www.hemnet.se/salda/lagenhet-3rum-visattra-huddinge-kommun-mangardsvagen-31-2319186126249263000,90-91m²,2026-03-16T11:59:16.342622
1698093195876331874,https://www.hemnet.se/salda/lagenhet-4rum-rasunda-solna-kommun-sjovagen-2-1698093195876331874,90-91m²,2026-03-16T11:59:16.342623
1099390970630534299,https://www.hemnet.se/salda/lagenhet-3rum-onsta-gryta-vasteras-kommun-julrosvagen-75-1099390970630534299,90-91m²,2026-03-16T11:59:16.342625
6824064392175800290,https://www.hemnet.se/salda/lagenhet-4rum-vasastaden-vasteras-kommun-kopingsvagen-3-6824064392175800290,90-91m²,2026-03-16T11:59:16.342626
7488540354069047632,https://www.hemnet.se/salda/lagenhet-3rum-brunstorp-jonkopings-kommun-sikvagen-6-7488540354069047632,90-91m²,2026-03-16T11:59:16.342627
3313937561257654395,https://www.hemnet.se/salda/lagenhet-4rum-centrala-vasby-upplands-vasby-kommun-tegelvagen-1c-3313937561257654395,90-91m²,2026-03-16T11:59:16.342628
2332233453388974592,https://www.hemnet.se/salda/lagenhet-4rum-lugnet-malmo-kommun-lugna-gatan-50-2332233453388974592,90-91m²,2026-03-16T11:59:16.342630
1617279176693341826,https://www.hemnet.se/salda/lagenhet-4rum-centrala-handen-haninge-kommun-sleipnervagen-3-1617279176693341826,90-91m²,2026-03-16T11:59:16.342631
7443377191221797971,https://www.hemnet.se/salda/lagenhet-4rum-bromma-stora-mossen-stockholms-kommun-lammelgrand-7-7443377191221797971,90-91m²,2026-03-16T11:59:16.342632
621412934142005291,https://www.hemnet.se/salda/lagenhet-4rum-almvik-malmo-kommun-tenorgatan-2-621412934142005291,90-91m²,2026-03-16T11:59:16.342633
250225852718735125,https://www.hemnet.se/salda/lagenhet-4rum-brynas-gavle-kommun-brynasgatan-111-250225852718735125,90-91m²,2026-03-16T11:59:16.342635
259032711988271625,https://www.hemnet.se/salda/lagenhet-4rum-jakobsberg-jarfalla-kommun-engelbrektsvagen-16a-259032711988271625,90-91m²,2026-03-16T11:59:16.342636
6198474258703770443,"https://www.hemnet.se/salda/lagenhet-4rum-botkyrka-hallunda-botkyrka-kommun-tomtbergavagen-43,-markplan-6198474258703770443",90-91m²,2026-03-16T11:59:16.342639
170685755481393296,https://www.hemnet.se/salda/lagenhet-3rum-linnestaden-goteborgs-kommun-tredje-langgatan-27-170685755481393296,90-91m²,2026-03-16T11:59:16.342641
2200136289318534319,https://www.hemnet.se/salda/lagenhet-4rum-centrum-gallivare-gallivare-kommun-dahlsgatan-2b-2200136289318534319,90-91m²,2026-03-16T11:59:16.342642
1976814731765016209,https://www.hemnet.se/salda/lagenhet-4rum-luthagen-uppsala-kommun-borjegatan-49-1976814731765016209,90-91m²,2026-03-16T11:59:16.342643
7269461580640382275,https://www.hemnet.se/salda/lagenhet-4rum-gamla-vaster-malmo-kommun-agnesgatan-12-7269461580640382275,90-91m²,2026-03-16T11:59:16.342644
758777515553835934,https://www.hemnet.se/salda/lagenhet-4rum-vasastan-hagastaden-stockholms-kommun-sonja-kovalevskys-gata-6-758777515553835934,90-91m²,2026-03-16T11:59:16.342646
9221963271923440131,https://www.hemnet.se/salda/lagenhet-4rum-klippan-klippans-kommun-torggatan-65b-9221963271923440131,90-91m²,2026-03-16T11:59:16.342647
6947865229223029258,https://www.hemnet.se/salda/lagenhet-4rum-centralt-gavle-kommun-brandstromsgatan-7-a-6947865229223029258,90-91m²,2026-03-16T11:59:16.342648
3715332708306519774,https://www.hemnet.se/salda/lagenhet-3rum-bodal-lidingo-kommun-bodalsvagen-22-3715332708306519774,90-91m²,2026-03-16T11:59:16.342649
5168185226198876224,https://www.hemnet.se/salda/lagenhet-4rum-vastra-orminge-nacka-kommun-ormingeringen-34-5168185226198876224,90-91m²,2026-03-16T11:59:16.342651
3603171755657086212,https://www.hemnet.se/salda/lagenhet-4rum-bandhagen-stockholms-kommun-trollesundsvagen-21-3603171755657086212,90-91m²,2026-03-16T11:59:16.342652
3455148386545079841,"https://www.hemnet.se/salda/lagenhet-3,5rum-gustavsberg-varmdo-kommun-mariagatan-9b-3455148386545079841",90-91m²,2026-03-16T11:59:16.342653
3700550610259748832,https://www.hemnet.se/salda/lagenhet-3rum-mariatorget-sodermalm-stockholms-kommun-hogbergsgatan-62e-3700550610259748832,90-91m²,2026-03-16T11:59:16.342654
679695972655646564,https://www.hemnet.se/salda/lagenhet-4rum-centralt-habo-kommun-malmgatan-2-679695972655646564,90-91m²,2026-03-16T11:59:16.342655
8496478232083419201,"https://www.hemnet.se/salda/lagenhet-3,5rum-sodermalm-katarina-sofia-stockholms-kommun-folkungagatan-69,-6tr-8496478232083419201",90-91m²,2026-03-16T11:59:16.342657
430131544317877270,https://www.hemnet.se/salda/lagenhet-4rum-soder-uddevalla-kommun-packhusgatan-16-lgh-5741-430131544317877270,90-91m²,2026-03-16T11:59:16.342658
4301596130701607849,https://www.hemnet.se/salda/lagenhet-4rum-vasastan-city-norrmalm-stockholms-kommun-radmansgatan-39a-4301596130701607849,90-91m²,2026-03-16T11:59:16.342659
5223731645023266987,https://www.hemnet.se/salda/lagenhet-4rum-alta-sodra-hedvigslund-nacka-kommun-buxbomsvagen-14-5223731645023266987,90-91m²,2026-03-16T11:59:16.342661
6460779852246160524,https://www.hemnet.se/salda/lagenhet-4rum-norra-nynashamn-nynashamns-kommun-varfruvagen-9-6460779852246160524,90-91m²,2026-03-16T11:59:16.342662
3271731282338458857,https://www.hemnet.se/salda/lagenhet-3rum-solna-rasunda-gamla-filmstaden-solna-kommun-mauritz-stillers-vag-6-3271731282338458857,90-91m²,2026-03-16T11:59:16.342664
5395441085478919890,https://www.hemnet.se/salda/lagenhet-3rum-gavle-strand-gavle-kommun-stuvaregatan-32-5395441085478919890,90-91m²,2026-03-16T11:59:16.342665
6052099030549012158,"https://www.hemnet.se/salda/lagenhet-3,5rum-kviberg-goteborgs-kommun-ingeborg-hammarskjolds-gata-58-6052099030549012158",90-91m²,2026-03-16T11:59:16.342666
5451666098240673186,https://www.hemnet.se/salda/lagenhet-3rum-hasthagen-malmo-kommun-vastra-ronneholmsvagen-31b-5451666098240673186,90-91m²,2026-03-16T11:59:16.342668
4309138323481016665,https://www.hemnet.se/salda/lagenhet-4rum-rosendal-uppsala-kommun-torgny-segerstedts-alle-28-4309138323481016665,90-91m²,2026-03-16T11:59:16.342669
2463706128952036488,"https://www.hemnet.se/salda/lagenhet-4,5rum-bromma-mariehall-stockholms-kommun-mariehallsvagen-30d-2463706128952036488",90-91m²,2026-03-16T11:59:16.342670
8357213231336105196,https://www.hemnet.se/salda/lagenhet-4rum-midsommarkransen-stockholms-kommun-cedergrensvagen-4-8357213231336105196,90-91m²,2026-03-16T11:59:16.342673
5484639840417909918,https://www.hemnet.se/salda/lagenhet-4rum-enebyberg-danderyds-kommun-skolvagen-23b-5484639840417909918,90-91m²,2026-03-16T11:59:16.342675
7122600074621690237,https://www.hemnet.se/salda/lagenhet-4rum-morbybacken-danderyds-kommun-axel-johnsons-vag-14-7122600074621690237,90-91m²,2026-03-16T11:59:16.342676
1312357375201628709,https://www.hemnet.se/salda/lagenhet-4rum-sjobo-boras-kommun-bjorkhemsgatan-9-1312357375201628709,90-91m²,2026-03-16T11:59:16.342677
8287524381876526787,"https://www.hemnet.se/salda/lagenhet-4rum-husby-stockholms-kommun-stavangergatan-54,-1-tr-8287524381876526787",90-91m²,2026-03-16T11:59:16.342679
6711548083589566507,https://www.hemnet.se/salda/lagenhet-3rum-mjolkudden-lulea-kommun-mjolkuddsvagen-197-6711548083589566507,90-91m²,2026-03-16T11:59:16.342682
3352941498402282253,https://www.hemnet.se/salda/lagenhet-3rum-torvalla-ostersunds-kommun-vastfjallvagen-3-3352941498402282253,90-91m²,2026-03-16T11:59:16.342683
2283910103444100052,"https://www.hemnet.se/salda/lagenhet-3,5rum-kroksback-malmo-kommun-norrbacksgatan-37-2283910103444100052",90-91m²,2026-03-16T11:59:16.342685
2473211417910129774,"https://www.hemnet.se/salda/lagenhet-3,5rum-slottstaden-malmo-kommun-regementsgatan-68b-2473211417910129774",90-91m²,2026-03-16T11:59:16.342686
1974179178222874664,https://www.hemnet.se/salda/lagenhet-3rum-lillaudden-vasteras-kommun-fyrtornsgatan-4-1974179178222874664,90-91m²,2026-03-16T11:59:16.342687
8410035568266132205,https://www.hemnet.se/salda/lagenhet-4rum-druvefors-boras-kommun-druveforsvagen-20-8410035568266132205,90-91m²,2026-03-16T11:59:16.342688
1069368146100923903,https://www.hemnet.se/salda/lagenhet-3rum-kista-stockholms-kommun-borgarfjordsgatan-21a-1069368146100923903,90-91m²,2026-03-16T11:59:16.342690
6730464512397232914,https://www.hemnet.se/salda/lagenhet-4rum-alta-nacka-kommun-oxelvagen-55-6730464512397232914,90-91m²,2026-03-16T11:59:16.342691
7911050888456365595,"https://www.hemnet.se/salda/lagenhet-4rum-skarpnack-stockholms-kommun-segelflygsgatan-12,-3-tr-7911050888456365595",90-91m²,2026-03-16T11:59:16.342692
6577271164334523540,https://www.hemnet.se/salda/lagenhet-4rum-kumla-centralt-kumla-kommun-torsgatan-11-6577271164334523540,90-91m²,2026-03-16T11:59:16.342693
8033356335995637479,https://www.hemnet.se/salda/lagenhet-4rum-runneryd-nassjo-kommun-sturegatan-38b-8033356335995637479,90-91m²,2026-03-16T11:59:16.342694
5801923480987898574,https://www.hemnet.se/salda/lagenhet-3rum-sodermalm-mariatorget-stockholms-kommun-mariatorget-4-5801923480987898574,90-91m²,2026-03-16T11:59:16.342696
4166646962063382097,"https://www.hemnet.se/salda/lagenhet-4rum-botkyrka-brunna-botkyrka-kommun-tomtbergavagen-63,-1tr-4166646962063382097",90-91m²,2026-03-16T11:59:16.342698
8703149989280989815,https://www.hemnet.se/salda/lagenhet-3rum-vastra-orminge-nacka-kommun-ormingeringen-10b-8703149989280989815,90-91m²,2026-03-16T11:59:16.342699
1394478571204633449,https://www.hemnet.se/salda/lagenhet-4rum-vaster-gavle-kommun-brandstromsgatan-7b-1394478571204633449,90-91m²,2026-03-16T11:59:16.342700
3967375362193408114,https://www.hemnet.se/salda/lagenhet-4rum-staffanstorp-staffanstorps-kommun-sockertoppen-4-3967375362193408114,90-91m²,2026-03-16T11:59:16.342701
4040367356082054912,"https://www.hemnet.se/salda/lagenhet-3rum-vasastan-birkastan-stockholms-kommun-tomtebogatan-53,-3-tr-4040367356082054912",90-91m²,2026-03-16T11:59:16.342703
2849069017874266209,https://www.hemnet.se/salda/lagenhet-3rum-vastra-hamnen-malmo-kommun-lilla-varvsgatan-1-2849069017874266209,90-91m²,2026-03-16T11:59:16.342704
5983961743135859104,https://www.hemnet.se/salda/lagenhet-3rum-vastra-kungsholmen-hornsberg-strand-stockholms-kommun-lars-forssells-gata-31-5983961743135859104,90-91m²,2026-03-16T11:59:16.342706
5430496140698681932,https://www.hemnet.se/salda/lagenhet-4rum-hjortmossen-trollhattans-kommun-horngatan-35-5430496140698681932,90-91m²,2026-03-16T11:59:16.342707
8621656335783614697,https://www.hemnet.se/salda/lagenhet-3rum-hammarby-sjostad-stockholms-kommun-hammarby-alle-157-8621656335783614697,90-91m²,2026-03-16T11:59:16.342708
3536437292638882896,"https://www.hemnet.se/salda/lagenhet-3,5rum-vasastan-birkastan-stockholms-kommun-sankt-eriksgatan-85c,-5-5-tr-3536437292638882896",90-91m²,2026-03-16T11:59:16.342712
3053116726218889996,https://www.hemnet.se/salda/lagenhet-4rum-djupadal-malmo-kommun-hogsakerringen-80-3053116726218889996,90-91m²,2026-03-16T11:59:16.342713
195698103975321087,https://www.hemnet.se/salda/lagenhet-4rum-vastra-hamnen-malmo-kommun-bomgatan-19-195698103975321087,90-91m²,2026-03-16T11:59:16.342714
7206354733750562429,https://www.hemnet.se/salda/lagenhet-3rum-trosso-karlskrona-kommun-skepparegatan-7-7206354733750562429,90-91m²,2026-03-16T11:59:16.342715
2918268133921631937,https://www.hemnet.se/salda/lagenhet-4rum-vasastan-birkastan-stockholms-kommun-norrbackagatan-33-2918268133921631937,90-91m²,2026-03-16T11:59:16.342717
7554660145826565066,https://www.hemnet.se/salda/lagenhet-4rum-gamla-nasby-kristianstads-kommun-kommendantsvagen-10-7554660145826565066,90-91m²,2026-03-16T11:59:16.342718
2549181924038500665,https://www.hemnet.se/salda/lagenhet-3rum-centrum-falu-kommun-sturegatan-97b-2549181924038500665,90-91m²,2026-03-16T11:59:16.342719
1548658136931599882,https://www.hemnet.se/salda/lagenhet-4rum-vallingby-parkstad-racksta-stockholms-kommun-ostersundsgatan-6-1548658136931599882,90-91m²,2026-03-16T11:59:16.342721
4787410895431477642,https://www.hemnet.se/salda/lagenhet-4rum-centralt-oster-orebro-kommun-isgatan-7-4787410895431477642,90-91m²,2026-03-16T11:59:16.342722
2898720438566603309,https://www.hemnet.se/salda/lagenhet-3rum-vasastaden-goteborgs-kommun-erik-dahlbergsgatan-12b-2898720438566603309,90-91m²,2026-03-16T11:59:16.342723
6026828202601292861,https://www.hemnet.se/salda/lagenhet-3rum-mjolkudden-lulea-kommun-mjolkuddsvagen-231-6026828202601292861,90-91m²,2026-03-16T11:59:16.342726
9158988520765997250,https://www.hemnet.se/salda/lagenhet-3rum-sodermalm-mariatorget-stockholms-kommun-swedenborgsgatan-4b-9158988520765997250,90-91m²,2026-03-16T11:59:16.342728
3664299845448026722,"https://www.hemnet.se/salda/lagenhet-3,5rum-norr-centrum-eskilstuna-kommun-ostra-storgatan-8-3664299845448026722",90-91m²,2026-03-16T11:59:16.342729
7515524635385820751,https://www.hemnet.se/salda/lagenhet-3rum-laholm-laholms-kommun-korvelgangen-30-7515524635385820751,90-91m²,2026-03-16T11:59:16.342730
2649807481912826601,https://www.hemnet.se/salda/lagenhet-4rum-trangsund-huddinge-kommun-dalarovagen-19-2649807481912826601,90-91m²,2026-03-16T11:59:16.342732
3611554201954922835,https://www.hemnet.se/salda/lagenhet-3rum-varnhem-malmo-kommun-ostervarnsgatan-3b-3611554201954922835,90-91m²,2026-03-16T11:59:16.342733
1855536786502261387,"https://www.hemnet.se/salda/lagenhet-4rum-kungsholmen-stockholms-kommun-norr-malarstrand-88,-3-tr-1855536786502261387",90-91m²,2026-03-16T11:59:16.342734
8064893274980320279,https://www.hemnet.se/salda/lagenhet-3rum-viksjo-jarfalla-kommun-axvagen-85-8064893274980320279,90-91m²,2026-03-16T11:59:16.342735
4018111432925087006,"https://www.hemnet.se/salda/lagenhet-4rum-spanga-bromsten-stockholms-kommun-skogangsvagen-31d,-van-5-4018111432925087006",90-91m²,2026-03-16T11:59:16.342737
3409184122158647177,"https://www.hemnet.se/salda/lagenhet-3rum-kista-stockholms-kommun-borgarfjordsgatan-21a,-van-35-35-3409184122158647177",90-91m²,2026-03-16T11:59:16.342738
3284339550212930478,https://www.hemnet.se/salda/lagenhet-3rum-hagerstenshamnen-stockholms-kommun-selmedalsringen-12-3284339550212930478,90-91m²,2026-03-16T11:59:16.342739
716443268797816128,https://www.hemnet.se/salda/lagenhet-4rum-minneberg-stockholms-kommun-svartviksslingan-112-716443268797816128,90-91m²,2026-03-16T11:59:16.342741
219241915046915293,https://www.hemnet.se/salda/lagenhet-3rum-tradgardsstaden-laholms-kommun-korvelgangen-41-219241915046915293,90-91m²,2026-03-16T11:59:16.342742
3343810001535369376,https://www.hemnet.se/salda/lagenhet-3rum-centrum-vaxjo-kommun-norrtullsgatan-10-3343810001535369376,90-91m²,2026-03-16T11:59:16.342743
5395908864175108255,https://www.hemnet.se/salda/lagenhet-3rum-sjoberg-sollentuna-kommun-sidensvansvagen-24-5395908864175108255,90-91m²,2026-03-16T11:59:16.342744
1550123957409061580,https://www.hemnet.se/salda/lagenhet-4rum-vaxholm-vaxholms-kommun-soderhamnsplan-1-1550123957409061580,90-91m²,2026-03-16T11:59:16.342746
3826387952616495451,"https://www.hemnet.se/salda/lagenhet-3rum-nacka-kvarnholmen-nacka-kommun-mjolnarvagen-6a,-6tr-3826387952616495451",90-91m²,2026-03-16T11:59:16.343303
4233515448264972374,https://www.hemnet.se/salda/lagenhet-4rum-centrala-strangnas-strangnas-kommun-tingstugatan-4a-4233515448264972374,90-91m²,2026-03-16T11:59:16.343305
1802238510395076347,"https://www.hemnet.se/salda/lagenhet-3,5rum-ronneholm-malmo-kommun-ostra-stallmastaregatan-1b-1802238510395076347",90-91m²,2026-03-16T11:59:16.343307
8644703722941598465,https://www.hemnet.se/salda/lagenhet-3rum-bromma-alvik-stockholms-kommun-gustavslundsvagen-149-e-8644703722941598465,90-91m²,2026-03-16T11:59:16.343308
4994540528725088656,https://www.hemnet.se/salda/lagenhet-4rum-hyllie-malmo-kommun-friggs-grand-4-4994540528725088656,90-91m²,2026-03-16T11:59:16.343309
880079774150025779,https://www.hemnet.se/salda/lagenhet-3rum-mjolkudden-lulea-kommun-mjolkuddsvagen-227-880079774150025779,90-91m²,2026-03-16T11:59:16.343311
5912064573820478171,https://www.hemnet.se/salda/lagenhet-3rum-karlsdal-vasteras-kommun-johanneshojden-4-5912064573820478171,90-91m²,2026-03-16T11:59:16.343312
4915590838531776478,https://www.hemnet.se/salda/lagenhet-3rum-brunstorp-huskvarna-jonkopings-kommun-sikvagen-12-4915590838531776478,90-91m²,2026-03-16T11:59:16.343313
6250113256258165339,https://www.hemnet.se/salda/lagenhet-4rum-stocksund-danderyds-kommun-bengt-farjares-vag-12a-6250113256258165339,90-91m²,2026-03-16T11:59:16.343315
8609926961803951724,https://www.hemnet.se/salda/lagenhet-3rum-ostermalm-stockholms-kommun-valhallavagen-80-8609926961803951724,90-91m²,2026-03-16T11:59:16.343316
7242823352008711203,"https://www.hemnet.se/salda/lagenhet-4rum-botkyrka-hallunda-botkyrka-kommun-tomtbergavagen-86,-bv-7242823352008711203",90-91m²,2026-03-16T11:59:16.343317
1129885699040536783,"https://www.hemnet.se/salda/lagenhet-3,5rum-bergshamra-solna-kommun-ripstigen-1-1129885699040536783",90-91m²,2026-03-16T11:59:16.343319
8965308654301763183,https://www.hemnet.se/salda/lagenhet-3rum-falun-centrum-falu-kommun-sturegatan-97c-8965308654301763183,90-91m²,2026-03-16T11:59:16.343320
1423876586651561412,https://www.hemnet.se/salda/lagenhet-4rum-grimmered-goteborgs-kommun-tralasvagen-14a-1423876586651561412,90-91m²,2026-03-16T11:59:16.343321
7114323373290507641,"https://www.hemnet.se/salda/lagenhet-4rum-bjorkhagen-stockholms-kommun-karlskronavagen-6a,-4tr-7114323373290507641",90-91m²,2026-03-16T11:59:16.343322
7560834896606204729,https://www.hemnet.se/salda/lagenhet-3rum-savast-bodens-kommun-tranga-gatan-68a-7560834896606204729,90-91m²,2026-03-16T11:59:16.343324
8420491274974429998,https://www.hemnet.se/salda/lagenhet-3rum-finnberget-nacka-nacka-kommun-finnbergsvagen-66-8420491274974429998,90-91m²,2026-03-16T11:59:16.343325
4128099076363505821,https://www.hemnet.se/salda/lagenhet-3rum-nacka-nacka-kommun-finnbergsvagen-62-4128099076363505821,90-91m²,2026-03-16T11:59:16.343327
2068474399669399322,https://www.hemnet.se/salda/lagenhet-4rum-osterplan-orebro-kommun-isgatan-11-2068474399669399322,90-91m²,2026-03-16T11:59:16.343329
3195199012259748905,https://www.hemnet.se/salda/lagenhet-3rum-hammarby-sjostad-stockholms-kommun-jan-inghes-torg-30-3195199012259748905,90-91m²,2026-03-16T11:59:16.343330
6739098720189538990,"https://www.hemnet.se/salda/lagenhet-3,5rum-vasastan-stockholms-kommun-tegnergatan-18,-5-tr,-vindsvaning-6739098720189538990",90-91m²,2026-03-16T11:59:16.343331
5363219709348151861,https://www.hemnet.se/salda/lagenhet-4rum-hornsbergs-strand-stockholms-kommun-par-lagerkvists-gata-18-5363219709348151861,90-91m²,2026-03-16T11:59:16.343333
2002957236527697122,https://www.hemnet.se/salda/lagenhet-4rum-centrum-gavle-kommun-brandstromsgatan-5-b-2002957236527697122,90-91m²,2026-03-16T11:59:16.343334
5299004995967822627,https://www.hemnet.se/salda/lagenhet-4rum-ultuna-uppsala-kommun-backlosavagen-3-5299004995967822627,90-91m²,2026-03-16T11:59:16.343335
6471316442552097990,https://www.hemnet.se/salda/lagenhet-3rum-gustavsberg-hasthagen-varmdo-kommun-hovslagarvagen-47-6471316442552097990,90-91m²,2026-03-16T11:59:16.343337
380669815368431601,https://www.hemnet.se/salda/lagenhet-4rum-rasunda-solna-kommun-charlottenburgsvagen-15-380669815368431601,90-91m²,2026-03-16T11:59:16.343338
777182707115425804,"https://www.hemnet.se/salda/lagenhet-3,5rum-rasunda-solna-kommun-parkvagen-8-777182707115425804",90-91m²,2026-03-16T11:59:16.343339
5161926038233833347,"https://www.hemnet.se/salda/lagenhet-3rum-kista-stockholms-kommun-borgarfjordsgatan-21-a,-vaning-18-5161926038233833347",90-91m²,2026-03-16T11:59:16.343341
455654458025875695,https://www.hemnet.se/salda/lagenhet-3rum-holmangen-vanersborgs-kommun-bjorkholmsgatan-5f-455654458025875695,90-91m²,2026-03-16T11:59:16.343342
7259641431466336798,https://www.hemnet.se/salda/lagenhet-4rum-hisings-backa-goteborgs-kommun-ovralidsgatan-15-7259641431466336798,90-91m²,2026-03-16T11:59:16.343343
2469462483541828743,https://www.hemnet.se/salda/lagenhet-3rum-mjolkudden-lulea-kommun-mjolkuddsvagen-165-2469462483541828743,90-91m²,2026-03-16T11:59:16.343344
7082796073561932800,https://www.hemnet.se/salda/lagenhet-4rum-kolsva-kopings-kommun-bergslagsvagen-117c-7082796073561932800,90-91m²,2026-03-16T11:59:16.343346
9217880415889517712,https://www.hemnet.se/salda/lagenhet-3rum-pildammarna-malmo-kommun-roskildevagen-11-a-9217880415889517712,90-91m²,2026-03-16T11:59:16.343347
3862910639003022924,"https://www.hemnet.se/salda/lagenhet-4rum-sodermalm-maria-stockholms-kommun-maria-bangata-17,-6tr-3862910639003022924",90-91m²,2026-03-16T11:59:16.343348
3744151607586444737,https://www.hemnet.se/salda/lagenhet-3rum-vastra-kajen-jonkopings-kommun-hamngatan-7-3744151607586444737,90-91m²,2026-03-16T11:59:16.343351
7907315934968838519,https://www.hemnet.se/salda/lagenhet-4rum-rosendal-uppsala-kommun-torgny-segerstedts-alle-9-7907315934968838519,90-91m²,2026-03-16T11:59:16.343358
2359020799176293553,https://www.hemnet.se/salda/lagenhet-4rum-sodermalm-stockholms-kommun-ringvagen-37-2359020799176293553,90-91m²,2026-03-16T11:59:16.343360
353104636626081887,https://www.hemnet.se/salda/lagenhet-4rum-torekov-golfbanan-bastads-kommun-alfred-svens-vag-6-353104636626081887,90-91m²,2026-03-16T11:59:16.343363
5782646258639482872,"https://www.hemnet.se/salda/lagenhet-4rum-hokarangen-stockholms-kommun-pepparvagen-60,-4-van-5782646258639482872",90-91m²,2026-03-16T11:59:16.343366
2234272928746995143,https://www.hemnet.se/salda/lagenhet-4rum-norrviken-sollentuna-kommun-skolvagen-7a-2234272928746995143,90-91m²,2026-03-16T11:59:16.343369
2852169536377542836,https://www.hemnet.se/salda/lagenhet-4rum-triangeln-malmo-kommun-mjolnaregatan-4-2852169536377542836,90-91m²,2026-03-16T11:59:16.343371
3697159561062017936,https://www.hemnet.se/salda/lagenhet-3rum-sorkastet-kristinehamns-kommun-andgatan-7a-3697159561062017936,90-91m²,2026-03-16T11:59:16.343373
2114923011261228526,https://www.hemnet.se/salda/lagenhet-3rum-granloholm-sundsvalls-kommun-stromstadsvagen-4-2114923011261228526,90-91m²,2026-03-16T11:59:16.343376
8867569536278344871,https://www.hemnet.se/salda/lagenhet-4rum-vikhem-staffanstorps-kommun-vikhems-bygata-102-8867569536278344871,90-91m²,2026-03-16T11:59:16.343379
2956491979892365247,"https://www.hemnet.se/salda/lagenhet-3rum-aspudden-stockholms-kommun-erik-segersalls-vag-9,-1tr-hiss-2956491979892365247",90-91m²,2026-03-16T11:59:16.343381
1218144606027577370,"https://www.hemnet.se/salda/lagenhet-3rum-vasastan-norrmalm-stockholms-kommun-roslagsgatan-8,-5-av-5-tr,-1218144606027577370",90-91m²,2026-03-16T11:59:16.343384
3853690375145994543,https://www.hemnet.se/salda/lagenhet-3rum-norrviken-bastads-kommun-kattviksvagen-289-3853690375145994543,90-91m²,2026-03-16T11:59:16.343386
8457481476520427475,https://www.hemnet.se/salda/lagenhet-3rum-centrala-ystad-ystads-kommun-fridhemsgatan-36b-8457481476520427475,90-91m²,2026-03-16T11:59:16.343389
211300479367262032,"https://www.hemnet.se/salda/lagenhet-3,5rum-lansmansgarden-goteborgs-kommun-varmfrontsgatan-12-211300479367262032",90-91m²,2026-03-16T11:59:16.343392
2003226838540575374,https://www.hemnet.se/salda/lagenhet-3rum-fronasomradet-gnesta-kommun-margretedalsvagen-9-2003226838540575374,90-91m²,2026-03-16T11:59:16.343395
8422308772989095534,https://www.hemnet.se/salda/lagenhet-4rum-kolsva-kopings-kommun-bergslagsvagen-119a-8422308772989095534,90-91m²,2026-03-16T11:59:16.343397
8258226676680086048,https://www.hemnet.se/salda/lagenhet-4rum-centralt-uppsala-kommun-dragarbrunnsgatan-62-8258226676680086048,90-91m²,2026-03-16T11:59:16.343400
1449083051656906617,https://www.hemnet.se/salda/lagenhet-4rum-gamla-nasby-kristianstads-kommun-kommendantsvagen-8-1449083051656906617,90-91m²,2026-03-16T11:59:16.343403
1251203172764630086,"https://www.hemnet.se/salda/lagenhet-4rum-spanga-bromstensstaden-stockholms-kommun-skogangsvagen-40,-1-tr-1251203172764630086",90-91m²,2026-03-16T11:59:16.343406
7459503165666773737,https://www.hemnet.se/salda/lagenhet-4rum-lindholmen-goteborgs-kommun-gotaverksgatan-20-7459503165666773737,90-91m²,2026-03-16T11:59:16.343408
3204888013982744393,https://www.hemnet.se/salda/lagenhet-4rum-centrala-hisingen-goteborgs-kommun-grona-annas-gata-9-3204888013982744393,90-91m²,2026-03-16T11:59:16.343409
4888803983549076327,https://www.hemnet.se/salda/lagenhet-3rum-gjuteriet-ystads-kommun-gjuterigatan-54-b-4888803983549076327,90-91m²,2026-03-16T11:59:16.343410
2964073728938146950,https://www.hemnet.se/salda/lagenhet-3rum-bergshamra-solna-kommun-abergssons-vag-43-2964073728938146950,90-91m²,2026-03-16T11:59:16.343412
4958498078130187477,https://www.hemnet.se/salda/lagenhet-3rum-rosenlund-jonkopings-kommun-hermansvagen-13a-4958498078130187477,90-91m²,2026-03-16T11:59:16.343413
7273883550109788969,https://www.hemnet.se/salda/lagenhet-5rum-brynas-gavle-kommun-brynasgatan-91-7273883550109788969,90-91m²,2026-03-16T11:59:16.343414
8720684998008835348,https://www.hemnet.se/salda/lagenhet-3rum-strandangen-jonkopings-kommun-strandangsgatan-9c-8720684998008835348,90-91m²,2026-03-16T11:59:16.343416
1333699596374018860,"https://www.hemnet.se/salda/lagenhet-3,5rum-ostermalm-vasteras-kommun-mimergatan-6b-1333699596374018860",90-91m²,2026-03-16T11:59:16.343417
6625069165466598575,https://www.hemnet.se/salda/lagenhet-4rum-liljeholmen-nybodahojden-stockholms-kommun-nybodaringen-61-6625069165466598575,90-91m²,2026-03-16T11:59:16.343419
2658889378963067010,"https://www.hemnet.se/salda/lagenhet-3rum-ostermalm-stockholms-kommun-ostermalmsgatan-80,-2tr-2658889378963067010",90-91m²,2026-03-16T11:59:16.343420
691498507547956179,"https://www.hemnet.se/salda/lagenhet-3rum-tibble-torg-upplands-bro-kommun-tibble-torg-5,-3tr-691498507547956179",90-91m²,2026-03-16T11:59:16.343421
6789456023027365303,https://www.hemnet.se/salda/lagenhet-4rum-huddinge-centrum-huddinge-kommun-edsvagen-1c-6789456023027365303,90-91m²,2026-03-16T11:59:16.343422
3222123153903661036,https://www.hemnet.se/salda/lagenhet-4rum-floda-lerums-kommun-conrad-von-dobelns-vag-4-a-3222123153903661036,90-91m²,2026-03-16T11:59:16.343424
7921559744996349362,https://www.hemnet.se/salda/lagenhet-3rum-ersboda-umea-kommun-traggrand-4-7921559744996349362,90-91m²,2026-03-16T11:59:16.343425
6142803853030231944,"https://www.hemnet.se/salda/lagenhet-4rum-spanga-bromstensstaden-stockholms-kommun-skogangsvagen-32,-2-tr-6142803853030231944",90-91m²,2026-03-16T11:59:16.343426
8116240976090086005,https://www.hemnet.se/salda/lagenhet-4rum-roslags-nasby-taby-kommun-ostra-banvagen-68-lgh-1803-8116240976090086005,90-91m²,2026-03-16T11:59:16.343439
2343993867682084860,https://www.hemnet.se/salda/lagenhet-4rum-gustavsberg-porslinskvarteren-varmdo-kommun-wilhelm-kages-gata-86-2343993867682084860,90-91m²,2026-03-16T11:59:16.343440
2922335922255826912,https://www.hemnet.se/salda/lagenhet-4rum-centrum-kungsangen-uppsala-kommun-muningatan-4-2922335922255826912,90-91m²,2026-03-16T11:59:16.343442
2445477370100452422,"https://www.hemnet.se/salda/lagenhet-4rum-norra-djurgardsstaden-stockholms-kommun-hogviltsgatan-10,-van-5-7-2445477370100452422",90-91m²,2026-03-16T11:59:16.343443
3492737162119974363,https://www.hemnet.se/salda/lagenhet-3rum-floda-lerums-kommun-floda-alle-5-c-3492737162119974363,90-91m²,2026-03-16T11:59:16.343444
260849752679712765,"https://www.hemnet.se/salda/lagenhet-4rum-nacka-nacka-kommun-vikdalsvagen-1,-1tr-260849752679712765",90-91m²,2026-03-16T11:59:16.343445
7556646887083251194,https://www.hemnet.se/salda/lagenhet-4rum-mjolkudden-lulea-kommun-munkebergsgatan-74-7556646887083251194,90-91m²,2026-03-16T11:59:16.343447
3899307726308158779,https://www.hemnet.se/salda/lagenhet-3rum-eriksberg-uppsala-kommun-stigbergsplan-1b-3899307726308158779,90-91m²,2026-03-16T11:59:16.343448
409010481873423390,https://www.hemnet.se/salda/lagenhet-3rum-herserud-lidingo-kommun-herserudsvagen-3-409010481873423390,90-91m²,2026-03-16T11:59:16.343449
7807447289810205533,https://www.hemnet.se/salda/lagenhet-4rum-hagsatra-stockholms-kommun-vintrosagatan-54-7807447289810205533,90-91m²,2026-03-16T11:59:16.343450
3140614527109022141,"https://www.hemnet.se/salda/lagenhet-4rum-aspudden-stockholms-kommun-olof-skotkonungs-vag-10,-2tr-3140614527109022141",90-91m²,2026-03-16T11:59:16.343452
3700429225399199768,https://www.hemnet.se/salda/lagenhet-4rum-hisings-karra-goteborgs-kommun-lillekarr-sodra-200-3700429225399199768,90-91m²,2026-03-16T11:59:16.343453
2491953127398649368,https://www.hemnet.se/salda/lagenhet-4rum-helenelund-sollentuna-kommun-stupvagen-17-2491953127398649368,90-91m²,2026-03-16T11:59:16.343458
554535379410900492,https://www.hemnet.se/salda/lagenhet-4rum-jakobsberg-soderdalen-jarfalla-kommun-jarfallavagen-92a-554535379410900492,90-91m²,2026-03-16T11:59:16.343459
7399085527318137608,https://www.hemnet.se/salda/lagenhet-3rum-vastra-hamnen-malmo-kommun-lilla-varvsgatan-1-7399085527318137608,90-91m²,2026-03-16T11:59:16.343460
5706797404705971991,https://www.hemnet.se/salda/lagenhet-4rum-hovshaga-vaxjo-kommun-vingavagen-7i-5706797404705971991,90-91m²,2026-03-16T11:59:16.343462
5137836121489034323,https://www.hemnet.se/salda/lagenhet-4rum-danderyd-danderyds-kommun-skolvagen-23b-5137836121489034323,90-91m²,2026-03-16T11:59:16.343463
2741819844774659614,https://www.hemnet.se/salda/lagenhet-3rum-floda-lerums-kommun-floda-alle-5-c-2741819844774659614,90-91m²,2026-03-16T11:59:16.343464
8410276627535823198,https://www.hemnet.se/salda/lagenhet-5rum-vaster-i11-vaxjo-kommun-kasernvagen-11a-8410276627535823198,90-91m²,2026-03-16T11:59:16.343466
9185239663306676520,https://www.hemnet.se/salda/lagenhet-4rum-byttorp-boras-kommun-fjallgatan-1c-9185239663306676520,90-91m²,2026-03-16T11:59:16.343467
3472456179974390411,https://www.hemnet.se/salda/lagenhet-4rum-fanna-enkopings-kommun-hejaregatan-10-3472456179974390411,90-91m²,2026-03-16T11:59:16.343468
8468665313106339342,"https://www.hemnet.se/salda/lagenhet-3,5rum-korsangsgardet-vasteras-kommun-tegnergatan-3-8468665313106339342",90-91m²,2026-03-16T11:59:16.343469
1123933061696535010,https://www.hemnet.se/salda/lagenhet-4rum-kallhall-jarfalla-kommun-kallhallsleden-8a-1123933061696535010,90-91m²,2026-03-16T11:59:16.343471
1433033455358091668,"https://www.hemnet.se/salda/lagenhet-3,5rum-raby-vasteras-kommun-morkullegatan-80-1433033455358091668",90-91m²,2026-03-16T11:59:16.343472
4102557663289418729,https://www.hemnet.se/salda/lagenhet-4rum-osby-osby-kommun-greve-holcks-vag-3d-4102557663289418729,90-91m²,2026-03-16T11:59:16.343473
6691070627115539756,https://www.hemnet.se/salda/lagenhet-4rum-sorbyangen-orebro-kommun-karlsdalsallen-47a-6691070627115539756,90-91m²,2026-03-16T11:59:16.343474
2283753045519246366,https://www.hemnet.se/salda/lagenhet-3rum-vellinge-vellinge-kommun-slottagardsgatan-3c-2283753045519246366,90-91m²,2026-03-16T11:59:16.343476
5996119987355731136,"https://www.hemnet.se/salda/lagenhet-4rum-vastra-orminge-nacka-kommun-ormingeringen-16b,-2-2-tr-5996119987355731136",90-91m²,2026-03-16T11:59:16.343477
1317788283785675885,https://www.hemnet.se/salda/lagenhet-3rum-centrum-lulea-kommun-smabatsgatan-6d-1317788283785675885,90-91m²,2026-03-16T11:59:16.343478
684226037098327227,https://www.hemnet.se/salda/lagenhet-3rum-sannegardshamnen-goteborgs-kommun-angaren-ediths-gata-11-684226037098327227,90-91m²,2026-03-16T11:59:16.343480
8698947011462867503,https://www.hemnet.se/salda/lagenhet-4rum-sickla-nacka-kommun-atlasvagen-61-8698947011462867503,90-91m²,2026-03-16T11:59:16.343481
6856845784034627837,"https://www.hemnet.se/salda/lagenhet-4rum-husby-stockholms-kommun-narviksgatan-11,-vaning-3-6856845784034627837",90-91m²,2026-03-16T11:59:16.343482
8515530336632596082,"https://www.hemnet.se/salda/lagenhet-4rum-liljeholmen-stockholms-kommun-nybohovsgrand-28,-van-3-8515530336632596082",90-91m²,2026-03-16T11:59:16.343484
1305329406378923581,https://www.hemnet.se/salda/lagenhet-3rum-ostermalm-stockholms-kommun-skeppargatan-25a-1305329406378923581,90-91m²,2026-03-16T11:59:16.343485
8160316052270790684,https://www.hemnet.se/salda/lagenhet-3rum-varnhem-malmo-kommun-nobelvagen-82-8160316052270790684,90-91m²,2026-03-16T11:59:16.343486
2220696550160956321,https://www.hemnet.se/salda/lagenhet-4rum-brynas-gavle-kommun-brynasgatan-109-2220696550160956321,90-91m²,2026-03-16T11:59:16.343487
4584129375718616955,https://www.hemnet.se/salda/lagenhet-4rum-alvsjo-alvsjobadet-stockholms-kommun-lillhagsvagen-32-4584129375718616955,90-91m²,2026-03-16T11:59:16.343488
7297968233754545629,"https://www.hemnet.se/salda/lagenhet-4rum-bromma-minneberg-stockholms-kommun-svartviksslingan-112,-van-4-7297968233754545629",90-91m²,2026-03-16T11:59:16.343490
4892805938181766315,https://www.hemnet.se/salda/lagenhet-4rum-tomtebo-umea-kommun-sagovagen-2a-4892805938181766315,90-91m²,2026-03-16T11:59:16.343493
1957881110551923072,https://www.hemnet.se/salda/lagenhet-4rum-bremerlyckan-kalmar-kommun-stensovagen-7b-1957881110551923072,90-91m²,2026-03-16T11:59:16.343494
7183027235838555458,https://www.hemnet.se/salda/lagenhet-3rum-mjolkudden-lulea-kommun-mjolkuddsvagen-177-7183027235838555458,90-91m²,2026-03-16T11:59:16.343496
3489188188944579562,https://www.hemnet.se/salda/lagenhet-3rum-hyllie-malmo-kommun-skrivaregatan-36-3489188188944579562,90-91m²,2026-03-16T11:59:16.343497
8883524734576217000,https://www.hemnet.se/salda/lagenhet-3rum-bergviken-lulea-kommun-bjorkgatan-39-8883524734576217000,90-91m²,2026-03-16T11:59:16.343498
6186248377319276786,https://www.hemnet.se/salda/lagenhet-4rum-kvarnholmen-kalmar-kommun-proviantgatan-19-6186248377319276786,90-91m²,2026-03-16T11:59:16.343499
8673296764574361145,https://www.hemnet.se/salda/lagenhet-3rum-tagaborg-helsingborgs-kommun-karl-x-gustavs-gata-25b-8673296764574361145,90-91m²,2026-03-16T11:59:16.343501
2174435448157040100,"https://www.hemnet.se/salda/lagenhet-4rum-taby-centrum-taby-kommun-marknadsvagen-47,-3-tr-2174435448157040100",90-91m²,2026-03-16T11:59:16.343502
7188815206576484329,https://www.hemnet.se/salda/lagenhet-4rum-varvsstaden-malmo-kommun-citadellsvagen-21c-7188815206576484329,90-91m²,2026-03-16T11:59:16.343503
6183303229460198804,https://www.hemnet.se/salda/lagenhet-4rum-eneborg-helsingborgs-kommun-skanegatan-14c-6183303229460198804,90-91m²,2026-03-16T11:59:16.343504
474408271818690709,https://www.hemnet.se/salda/lagenhet-4rum-sandtorp-norrkopings-kommun-gustaf-janzens-gata-8-474408271818690709,90-91m²,2026-03-16T11:59:16.343506
3322214902264743353,https://www.hemnet.se/salda/lagenhet-3rum-stadskarnan-vaxholms-kommun-tradgardsgatan-1e-3322214902264743353,90-91m²,2026-03-16T11:59:16.343507
541497880307774797,https://www.hemnet.se/salda/lagenhet-4rum-oster-knutby-norrtalje-kommun-knutbyvagen-43-541497880307774797,90-91m²,2026-03-16T11:59:16.343508
4338518253742609494,https://www.hemnet.se/salda/lagenhet-3rum-or-sundbybergs-kommun-logdansvagen-38-4338518253742609494,90-91m²,2026-03-16T11:59:16.343510
3138033933701939386,"https://www.hemnet.se/salda/lagenhet-4rum-bodal-lidingo-kommun-bodalsvagen-22,-entreplan-3138033933701939386",90-91m²,2026-03-16T11:59:16.343511
3360383970457964060,https://www.hemnet.se/salda/lagenhet-3rum-vastra-orminge-nacka-kommun-ormingeringen-49c-3360383970457964060,90-91m²,2026-03-16T11:59:16.343512
5781239229294592879,"https://www.hemnet.se/salda/lagenhet-3,5rum-raby-vasteras-kommun-morkullegatan-80-5781239229294592879",90-91m²,2026-03-16T11:59:16.343513
4288880735882895336,https://www.hemnet.se/salda/lagenhet-3rum-hasthagen-varmdo-kommun-hastskovagen-7-4288880735882895336,90-91m²,2026-03-16T11:59:16.343515
1725848503066356306,https://www.hemnet.se/salda/lagenhet-3rum-vinsta-stockholms-kommun-ullvidevagen-65-1725848503066356306,90-91m²,2026-03-16T11:59:16.343516
6701939503468676199,https://www.hemnet.se/salda/lagenhet-4rum-salem-salems-kommun-emanuel-birkes-vag-2-6701939503468676199,90-91m²,2026-03-16T11:59:16.343517
5094828237751890000,https://www.hemnet.se/salda/lagenhet-4rum-olofstrom-olofstroms-kommun-vilboksvagen-17e-5094828237751890000,90-91m²,2026-03-16T11:59:16.343518
6559979488931514976,https://www.hemnet.se/salda/lagenhet-4rum-farsta-stockholms-kommun-filipstadsbacken-50-6559979488931514976,90-91m²,2026-03-16T11:59:16.343520
4838130324004679337,https://www.hemnet.se/salda/lagenhet-4rum-vastra-orminge-nacka-kommun-ormingeringen-37-4838130324004679337,90-91m²,2026-03-16T11:59:16.343521
3787087429733489382,https://www.hemnet.se/salda/lagenhet-4rum-sockertoppen-staffanstorps-kommun-sockertoppen-6-3787087429733489382,90-91m²,2026-03-16T11:59:16.343522
1626668757794388687,https://www.hemnet.se/salda/lagenhet-3rum-ostermalm-stockholms-kommun-riddargatan-47-1626668757794388687,90-91m²,2026-03-16T11:59:16.343523
4573320651950033751,https://www.hemnet.se/salda/lagenhet-4rum-sodertorn-oskarshamns-kommun-tallvagen-24-4573320651950033751,90-91m²,2026-03-16T11:59:16.343527
4115277499321398550,https://www.hemnet.se/salda/lagenhet-4rum-fanna-enkopings-kommun-parkgatan-49d-4115277499321398550,90-91m²,2026-03-16T11:59:16.343528
3672940020820181678,https://www.hemnet.se/salda/lagenhet-3rum-skansen-fagersta-kommun-dalavagen-93-a-3672940020820181678,90-91m²,2026-03-16T11:59:16.343529
7891701484570390348,https://www.hemnet.se/salda/lagenhet-3rum-centrum-landskrona-kommun-kungsgatan-5-7891701484570390348,90-91m²,2026-03-16T11:59:16.343530
4944445114202305613,https://www.hemnet.se/salda/lagenhet-4rum-centrala-hisingen-goteborgs-kommun-rodlonnsgangen-34-4944445114202305613,90-91m²,2026-03-16T11:59:16.343532
1324842453479807085,https://www.hemnet.se/salda/lagenhet-4rum-rosengarden-vallentuna-kommun-rosengardsvagen-41-1324842453479807085,90-91m²,2026-03-16T11:59:16.343533
8113620244260109252,https://www.hemnet.se/salda/lagenhet-4rum-skogas-huddinge-kommun-rondovagen-222-8113620244260109252,90-91m²,2026-03-16T11:59:16.343534
5872881650472372628,https://www.hemnet.se/salda/lagenhet-4rum-centralt-norrkopings-kommun-butgatan-14-5872881650472372628,90-91m²,2026-03-16T11:59:16.343535
1485101,https://www.hemnet.se/salda/lagenhet-5rum-storhogna-bergs-kommun-antaresvagen-4a-1485101,90-91m²,2026-03-16T11:59:16.343537
7247913972470331176,"https://www.hemnet.se/salda/lagenhet-3rum-stockholm-vasastan-norrmalm-stockholms-kommun-radmansgatan-43,-3tr-7247913972470331176",90-91m²,2026-03-16T11:59:16.343538
5154355658293995343,https://www.hemnet.se/salda/lagenhet-5rum-stoten-malung-salens-kommun-granfjallstorget-3b-5154355658293995343,90-91m²,2026-03-16T11:59:16.343539
3143643461415516834,https://www.hemnet.se/salda/lagenhet-3rum-haninge-haninge-kommun-sleipnervagen-69-3143643461415516834,90-91m²,2026-03-16T11:59:16.343541
1513612019257630359,https://www.hemnet.se/salda/lagenhet-3rum-umedalen-umea-kommun-gladjens-grand-53-1513612019257630359,90-91m²,2026-03-16T11:59:16.343542
3174203937907909630,https://www.hemnet.se/salda/lagenhet-3rum-norra-faladen-lunds-kommun-parternas-grand-7-3174203937907909630,90-91m²,2026-03-16T11:59:16.343543
865997960887703708,https://www.hemnet.se/salda/lagenhet-4rum-akersberga-centralt-osterakers-kommun-osterskarsvagen-12-b-865997960887703708,90-91m²,2026-03-16T11:59:16.343545
7005017067706904847,https://www.hemnet.se/salda/lagenhet-4rum-handen-haninge-kommun-sleipnervagen-93-7005017067706904847,90-91m²,2026-03-16T11:59:16.343546
6806770123014627059,https://www.hemnet.se/salda/lagenhet-3rum-vasastan-stockholms-kommun-vegagatan-7-6806770123014627059,90-91m²,2026-03-16T11:59:16.343547
7982502366918446118,https://www.hemnet.se/salda/lagenhet-3rum-mjolkudden-lulea-kommun-mjolkuddsvagen-177-7982502366918446118,90-91m²,2026-03-16T11:59:16.343548
7751578909883292869,https://www.hemnet.se/salda/lagenhet-3rum-norr-vaxjo-kommun-gamla-norrvagen-72-7751578909883292869,90-91m²,2026-03-16T11:59:16.343550
4181742496013462929,https://www.hemnet.se/salda/lagenhet-4rum-centralt-gavle-kommun-hantverkargatan-27c-4181742496013462929,90-91m²,2026-03-16T11:59:16.343551
5857414797641816130,https://www.hemnet.se/salda/lagenhet-4rum-hov-vaxjo-kommun-dalbovagen-9a-5857414797641816130,90-91m²,2026-03-16T11:59:16.343552
8628916443750981896,https://www.hemnet.se/salda/lagenhet-4rum-sunnersta-uppsala-kommun-akervagen-7i-8628916443750981896,90-91m²,2026-03-16T11:59:16.343553
8561861046227988790,"https://www.hemnet.se/salda/lagenhet-4rum-vasastan-odenplan-stockholms-kommun-norrtullsgatan-25b,-5-tr-8561861046227988790",90-91m²,2026-03-16T11:59:16.343555
5599589331376606277,"https://www.hemnet.se/salda/lagenhet-4rum-kungsholmen-fridhemsplan-stockholms-kommun-fleminggatan-45,-3-tr-5599589331376606277",90-91m²,2026-03-16T11:59:16.343556
2622663680909809941,https://www.hemnet.se/salda/lagenhet-3rum-ostermalm-gardet-stockholms-kommun-blanchegatan-18-2622663680909809941,90-91m²,2026-03-16T11:59:16.343557
6103962233822873574,https://www.hemnet.se/salda/lagenhet-3rum-vasastan-stockholms-kommun-rorstrandsgatan-16-6103962233822873574,90-91m²,2026-03-16T11:59:16.343559
3117118107682532053,https://www.hemnet.se/salda/lagenhet-4rum-orgryte-goteborgs-kommun-lillatorpsgatan-1b-3117118107682532053,90-91m²,2026-03-16T11:59:16.343560
2870166460622173132,https://www.hemnet.se/salda/lagenhet-3rum-vasastan-atlas-stockholms-kommun-atlasmuren-16-2870166460622173132,90-91m²,2026-03-16T11:59:16.343562
8162023481794441877,"https://www.hemnet.se/salda/lagenhet-4rum-gustavsberg-farstadal-varmdo-kommun-rekordvagen-12,-1tr-8162023481794441877",90-91m²,2026-03-16T11:59:16.343563
6309322920614758032,https://www.hemnet.se/salda/lagenhet-4rum-hollviken-vellinge-kommun-ralsvagen-6c-6309322920614758032,90-91m²,2026-03-16T11:59:16.343564
7420430722184390597,https://www.hemnet.se/salda/lagenhet-4rum-centrala-marsta-sigtuna-kommun-satunavagen-11d-7420430722184390597,90-91m²,2026-03-16T11:59:16.343565
1185594436741519790,https://www.hemnet.se/salda/lagenhet-4rum-vastra-kattarp-malmo-kommun-jagersrovagen-15c-1185594436741519790,90-91m²,2026-03-16T11:59:16.343567
2371103370932540286,"https://www.hemnet.se/salda/lagenhet-3rum-solna-gamla-rasunda-solna-kommun-solnavagen-110,-1-tr-2371103370932540286",90-91m²,2026-03-16T11:59:16.343568
1878414111259921597,"https://www.hemnet.se/salda/lagenhet-3rum-nacka-finnberget-nacka-kommun-finnbergsvagen-62,-5tr-1878414111259921597",90-91m²,2026-03-16T11:59:16.343569
1981899026338374138,"https://www.hemnet.se/salda/lagenhet-4rum-taby-park-taby-kommun-boulevarden-61,-7-7-tr-1981899026338374138",90-91m²,2026-03-16T11:59:16.343571
2414568211680976404,https://www.hemnet.se/salda/lagenhet-3rum-brunstorp-huskvarna-jonkopings-kommun-sikvagen-6-2414568211680976404,90-91m²,2026-03-16T11:59:16.343572
7611247752016395401,https://www.hemnet.se/salda/lagenhet-4rum-maria-stockholms-kommun-magnus-ladulasgatan-45-7611247752016395401,90-91m²,2026-03-16T11:59:16.343573
3000031299414654787,"https://www.hemnet.se/salda/lagenhet-4rum-ojersjo-partille-kommun-langekarrsvagen-10,-van-4-4-3000031299414654787",90-91m²,2026-03-16T11:59:16.343574
894469159192257103,https://www.hemnet.se/salda/lagenhet-4rum-strandparken-nacka-kommun-stensovagen-20-894469159192257103,90-91m²,2026-03-16T11:59:16.343576
8770013034525074007,https://www.hemnet.se/salda/lagenhet-4rum-hisings-backa-goteborgs-kommun-ovralidsgatan-27-8770013034525074007,90-91m²,2026-03-16T11:59:16.343577
1346947621286868622,https://www.hemnet.se/salda/lagenhet-4rum-vardsatra-tomtebo-uppsala-kommun-eksatravagen-134-1346947621286868622,90-91m²,2026-03-16T11:59:16.343578
159046910544772945,https://www.hemnet.se/salda/lagenhet-3rum-sickla-alle-nacka-kommun-sickla-alle-41-159046910544772945,90-91m²,2026-03-16T11:59:16.343579
1139075505998189869,"https://www.hemnet.se/salda/lagenhet-4rum-granby-uppsala-kommun-solskensgatan-13,-bv-1139075505998189869",90-91m²,2026-03-16T11:59:16.343581
680999302460776875,https://www.hemnet.se/salda/lagenhet-3rum-onsta-gryta-vasteras-kommun-syrenvagen-57-680999302460776875,90-91m²,2026-03-16T11:59:16.343582
7663803724475423462,"https://www.hemnet.se/salda/lagenhet-3rum-vasastan-stockholms-kommun-ynglingagatan-17,-og-7663803724475423462",90-91m²,2026-03-16T11:59:16.343583
8980685270558436566,https://www.hemnet.se/salda/lagenhet-3rum-turbo-sala-kommun-mariebergsgatan-43-8980685270558436566,90-91m²,2026-03-16T11:59:16.343585
497187402065744107,https://www.hemnet.se/salda/lagenhet-4rum-stora-mossen-stockholms-kommun-lammelgrand-5-497187402065744107,90-91m²,2026-03-16T11:59:16.343586
5546999295059727061,https://www.hemnet.se/salda/lagenhet-3rum-kallkallan-lulea-kommun-lingonstigen-6-5546999295059727061,90-91m²,2026-03-16T11:59:16.343587
6324894921640211093,https://www.hemnet.se/salda/lagenhet-3rum-norra-gryta-vasteras-kommun-syrenvagen-90-6324894921640211093,90-91m²,2026-03-16T11:59:16.343589
502060679834465183,https://www.hemnet.se/salda/lagenhet-4rum-bromma-beckomberga-stockholms-kommun-backbornas-vag-39-502060679834465183,90-91m²,2026-03-16T11:59:16.343590
8825160128972117333,https://www.hemnet.se/salda/lagenhet-4rum-hisings-backa-goteborgs-kommun-ovralidsgatan-27-8825160128972117333,90-91m²,2026-03-16T11:59:16.343591
7663226644691800633,"https://www.hemnet.se/salda/lagenhet-4rum-vastra-skogen,-ingenting-solna-kommun-lundagatan-4a-7663226644691800633",90-91m²,2026-03-16T11:59:16.343592
5423599788673720778,https://www.hemnet.se/salda/lagenhet-2rum-city-malmo-kommun-henrik-smithsgatan-1-5423599788673720778,90-91m²,2026-03-16T11:59:16.343594
6354251748245480099,https://www.hemnet.se/salda/lagenhet-3rum-ostra-hamnen-vasteras-kommun-malargatan-4c-6354251748245480099,90-91m²,2026-03-16T11:59:16.343595
5834706873887956394,https://www.hemnet.se/salda/lagenhet-4rum-huskvarna-norrangen-jonkopings-kommun-strandvagen-16b-5834706873887956394,90-91m²,2026-03-16T11:59:16.343596
7212183809472888082,https://www.hemnet.se/salda/lagenhet-4rum-viksjo-jarfalla-kommun-axvagen-47-7212183809472888082,90-91m²,2026-03-16T11:59:16.343597
5103029219797932831,https://www.hemnet.se/salda/lagenhet-3rum-centrala-vara-vara-kommun-vastergatan-21-5103029219797932831,90-91m²,2026-03-16T11:59:16.343599
1095844931227117533,https://www.hemnet.se/salda/lagenhet-3rum-masthugget-goteborgs-kommun-asgatan-4-1095844931227117533,90-91m²,2026-03-16T11:59:16.343600
997178028518527254,"https://www.hemnet.se/salda/lagenhet-3,5rum-hagerstenshamnen-stockholms-kommun-instrumentvagen-43-997178028518527254",90-91m²,2026-03-16T11:59:16.343601
6922439263745709319,https://www.hemnet.se/salda/lagenhet-3rum-centrala-vargarda-vargarda-kommun-odlarvagen-5d-6922439263745709319,90-91m²,2026-03-16T11:59:16.343603
1291440633393465124,https://www.hemnet.se/salda/lagenhet-4rum-backa-hisings-backa-goteborgs-kommun-ovralidsgatan-23-1291440633393465124,90-91m²,2026-03-16T11:59:16.343604
5372607641262266269,https://www.hemnet.se/salda/lagenhet-4rum-haga-goteborgs-kommun-haga-ostergata-21-5372607641262266269,90-91m²,2026-03-16T11:59:16.343605
2346265375687323623,"https://www.hemnet.se/salda/lagenhet-4rum-jarvastaden-solna-kommun-dammtorps-alle-5,-5-5-tr-2346265375687323623",90-91m²,2026-03-16T11:59:16.343607
1489439005688144814,https://www.hemnet.se/salda/lagenhet-3rum-ostermalm-stockholms-kommun-grev-magnigatan-12-1489439005688144814,90-91m²,2026-03-16T11:59:16.343608
8332549254487991645,https://www.hemnet.se/salda/lagenhet-3rum-edsviken-sollentuna-kommun-nytorpsvagen-9b-8332549254487991645,90-91m²,2026-03-16T11:59:16.343609
6407616496524319120,https://www.hemnet.se/salda/lagenhet-3rum-backadal-angelholms-kommun-liljegatan-28-6407616496524319120,90-91m²,2026-03-16T11:59:16.343610
2631828417138152081,"https://www.hemnet.se/salda/lagenhet-3,5rum-gardet-stockholms-kommun-sandhamnsgatan-42e,-1-tr-2631828417138152081",90-91m²,2026-03-16T11:59:16.343612
8676489936047091502,https://www.hemnet.se/salda/lagenhet-4rum-vilbergen-norrkopings-kommun-kalkstensgatan-6-8676489936047091502,90-91m²,2026-03-16T11:59:16.343613
9194674955465064879,https://www.hemnet.se/salda/lagenhet-4rum-skara-skara-kommun-skaraborgsgatan-44b-9194674955465064879,90-91m²,2026-03-16T11:59:16.343614
4554312052425207288,https://www.hemnet.se/salda/lagenhet-3rum-gardet-stockholms-kommun-sandhamnsgatan-42b-4554312052425207288,90-91m²,2026-03-16T11:59:16.343615
1719839386176411871,https://www.hemnet.se/salda/lagenhet-4rum-gavle-gavle-kommun-norra-centralgatan-12-1719839386176411871,90-91m²,2026-03-16T11:59:16.343617
7661555999045976740,https://www.hemnet.se/salda/lagenhet-3rum-djurangen-kalmar-kommun-djurangsvagen-62a-7661555999045976740,90-91m²,2026-03-16T11:59:16.343618
7069810151764972560,"https://www.hemnet.se/salda/lagenhet-4,5rum-osterhaninge-haninge-kommun-vendelsomalmsvagen-104-7069810151764972560",90-91m²,2026-03-16T11:59:16.343619
2712521694201694288,https://www.hemnet.se/salda/lagenhet-4rum-tullinge-botkyrka-kommun-nyangsvagen-25-2712521694201694288,90-91m²,2026-03-16T11:59:16.343621
4809810861118776003,https://www.hemnet.se/salda/lagenhet-4rum-handen-haninge-kommun-sleipnervagen-79-4809810861118776003,90-91m²,2026-03-16T11:59:16.343622
113821062199913115,https://www.hemnet.se/salda/lagenhet-3rum-ribersborg-malmo-kommun-ernst-ahlgrensgatan-4b-113821062199913115,90-91m²,2026-03-16T11:59:16.343623
259131413943090773,"https://www.hemnet.se/salda/lagenhet-3rum-sjoberg-sollentuna-kommun-sidensvansvagen-67,-7tr-259131413943090773",90-91m²,2026-03-16T11:59:16.343624
365944953841218121,"https://www.hemnet.se/salda/lagenhet-3,5rum-visattra-huddinge-kommun-mangardsvagen-7-365944953841218121",90-91m²,2026-03-16T11:59:16.343626
1118936209268587242,https://www.hemnet.se/salda/lagenhet-4rum-bandhagen-hagsatra-stockholms-kommun-lillhagsvagen-6-1118936209268587242,90-91m²,2026-03-16T11:59:16.343627
6997635298994695306,https://www.hemnet.se/salda/lagenhet-4rum-hisings-backa-goteborgs-kommun-kavaljersgatan-20-6997635298994695306,90-91m²,2026-03-16T11:59:16.343628
7287342849031277764,https://www.hemnet.se/salda/lagenhet-4rum-alvsjostaden-stockholms-kommun-gotalandsvagen-251-7287342849031277764,90-91m²,2026-03-16T11:59:16.343629
2954637930111745500,https://www.hemnet.se/salda/lagenhet-3rum-enskede-stockholms-kommun-nynasvagen-342b-2954637930111745500,90-91m²,2026-03-16T11:59:16.343631
3598888645621332742,https://www.hemnet.se/salda/lagenhet-3rum-minneberg-stockholms-kommun-svartviksslingan-11-3598888645621332742,90-91m²,2026-03-16T11:59:16.343632
4230234020677243056,https://www.hemnet.se/salda/lagenhet-4rum-hammarby-sjostad-stockholms-kommun-hammarby-alle-119-4230234020677243056,90-91m²,2026-03-16T11:59:16.343633
5294324750606427690,https://www.hemnet.se/salda/lagenhet-4rum-kvarnberget-karlstads-kommun-kvarnbergsgatan-46-a-5294324750606427690,90-91m²,2026-03-16T11:59:16.343635
2115377807164858142,https://www.hemnet.se/salda/lagenhet-3rum-centralt-uddevalla-kommun-blomgatan-4d-2115377807164858142,90-91m²,2026-03-16T11:59:16.343636
6265715386841426236,"https://www.hemnet.se/salda/lagenhet-3rum-vasastan-stockholms-kommun-idungatan-1b,-4tr-6265715386841426236",90-91m²,2026-03-16T11:59:16.343637
2718067848733956942,https://www.hemnet.se/salda/lagenhet-4rum-sjobo-boras-kommun-bjorkhemsgatan-7-2718067848733956942,90-91m²,2026-03-16T11:59:16.343638
1121536959296712960,https://www.hemnet.se/salda/lagenhet-3rum-gryta-vasteras-kommun-julrosvagen-3-1121536959296712960,90-91m²,2026-03-16T11:59:16.343639
5020256594094943897,"https://www.hemnet.se/salda/lagenhet-4rum-nacka-strand-nacka-kommun-tandkulevagen-31,-lgh-1403-5020256594094943897",90-91m²,2026-03-16T11:59:16.343641
2489338260984036036,https://www.hemnet.se/salda/lagenhet-3rum-industristaden-uppsala-kommun-eldkvarnsgatan-7-2489338260984036036,90-91m²,2026-03-16T11:59:16.343642
3445802870395875972,https://www.hemnet.se/salda/lagenhet-3rum-furulund-partille-kommun-grenvagen-11-3445802870395875972,90-91m²,2026-03-16T11:59:16.343643
6850237408318716616,"https://www.hemnet.se/salda/lagenhet-4rum-liljeholmen-stockholms-kommun-nybohovsgrand-28,-3tr-6850237408318716616",90-91m²,2026-03-16T11:59:16.343645
3762021759679554554,https://www.hemnet.se/salda/lagenhet-3rum-hammarby-sjostad-stockholms-kommun-batbyggargatan-62-3762021759679554554,90-91m²,2026-03-16T11:59:16.343646
4131980879346076363,https://www.hemnet.se/salda/lagenhet-4rum-centralt-solleftea-solleftea-kommun-centrumplan-3a-4131980879346076363,90-91m²,2026-03-16T11:59:16.343647
7607746955841098279,https://www.hemnet.se/salda/lagenhet-4rum-brunnshog-lunds-kommun-solbjerstorget-4-7607746955841098279,90-91m²,2026-03-16T11:59:16.343648
6462240369363753050,https://www.hemnet.se/salda/lagenhet-4rum-vasterslatt-umea-kommun-nackrosvagen-22-6462240369363753050,90-91m²,2026-03-16T11:59:16.343650
336277065738191084,"https://www.hemnet.se/salda/lagenhet-3rum-vasastan-stockholms-kommun-karlbergsvagen-50,-2-tr-336277065738191084",90-91m²,2026-03-16T11:59:16.343651
7661260880543699867,https://www.hemnet.se/salda/lagenhet-4rum-tungelsta-haninge-kommun-lillgardsvagen-12-7661260880543699867,90-91m²,2026-03-16T11:59:16.343652
5311936867776939282,https://www.hemnet.se/salda/lagenhet-4rum-vimmerby-vimmerby-kommun-storgatan-7-5311936867776939282,90-91m²,2026-03-16T11:59:16.343654
1738301446619151090,"https://www.hemnet.se/salda/lagenhet-4rum-bromma-mariehall-stockholms-kommun-alpvagen-27,-6-tr,-1738301446619151090",90-91m²,2026-03-16T11:59:16.343655
1827762248242765012,https://www.hemnet.se/salda/lagenhet-4rum-alvsjostaden-stockholms-kommun-armborstvagen-20-1827762248242765012,90-91m²,2026-03-16T11:59:16.343656
9186491447831394886,https://www.hemnet.se/salda/lagenhet-4rum-norby-uppsala-kommun-svampvagen-5b-9186491447831394886,90-91m²,2026-03-16T11:59:16.343657
4514311673353959999,https://www.hemnet.se/salda/lagenhet-3rum-centralt-falu-kommun-sturegatan-97b-4514311673353959999,90-91m²,2026-03-16T11:59:16.343659
5453270312695745260,https://www.hemnet.se/salda/lagenhet-4rum-botkyrka-norsborg-botkyrka-kommun-hundhamravagen-37-5453270312695745260,90-91m²,2026-03-16T11:59:16.343660
6531902964716955183,"https://www.hemnet.se/salda/lagenhet-5rum-hundfjallet,-salen-malung-salens-kommun-trolldalen-38-b-6531902964716955183",90-91m²,2026-03-16T11:59:16.343661
8760871452412087442,https://www.hemnet.se/salda/lagenhet-4rum-hisings-backa-goteborgs-kommun-ekebygatan-8-8760871452412087442,90-91m²,2026-03-16T11:59:16.343662
4297537848593260587,https://www.hemnet.se/salda/lagenhet-3rum-klostergarden-lunds-kommun-tordonsvagen-4i-4297537848593260587,90-91m²,2026-03-16T11:59:16.343664
3992451946477916832,"https://www.hemnet.se/salda/lagenhet-4rum-bromma-stora-mossen-stockholms-kommun-lammelgrand-7,-van-4-3992451946477916832",90-91m²,2026-03-16T11:59:16.343665
8939805531258872392,https://www.hemnet.se/salda/lagenhet-4rum-nybodahojden-liljeholmen-stockholms-kommun-nybodaringen-73-8939805531258872392,90-91m²,2026-03-16T11:59:16.343666
3541558237093904243,https://www.hemnet.se/salda/lagenhet-3rum-vasastan-stockholms-kommun-sveavagen-39-3541558237093904243,90-91m²,2026-03-16T11:59:16.343667
5492957823205497631,https://www.hemnet.se/salda/lagenhet-3rum-ango-kalmar-kommun-sparregatan-13-5492957823205497631,90-91m²,2026-03-16T11:59:16.343669
64863255059731374,https://www.hemnet.se/salda/lagenhet-4rum-soder-uddevalla-kommun-packhusgatan-16-64863255059731374,90-91m²,2026-03-16T11:59:16.343670
4907018548754486448,https://www.hemnet.se/salda/lagenhet-3rum-korsta-sundsvalls-kommun-klippgatan-15-4907018548754486448,90-91m²,2026-03-16T11:59:16.343671
881472605275145162,https://www.hemnet.se/salda/lagenhet-3rum-handen-haninge-kommun-vallavagen-55-881472605275145162,90-91m²,2026-03-16T11:59:16.343672
773137217656476303,"https://www.hemnet.se/salda/lagenhet-3,5rum-sodra-ladugardsangen-orebro-kommun-gyrogatan-2b-773137217656476303",90-91m²,2026-03-16T11:59:16.343674
8009149017235212462,https://www.hemnet.se/salda/lagenhet-3rum-nykvarn-nykvarns-kommun-hokmossvagen-26g-8009149017235212462,90-91m²,2026-03-16T11:59:16.343675
7317886569991278682,https://www.hemnet.se/salda/lagenhet-3rum-limhamn-malmo-kommun-gronalundsgatan-8b-7317886569991278682,90-91m²,2026-03-16T11:59:16.343676
4225960818928601064,https://www.hemnet.se/salda/lagenhet-4rum-porson-lulea-kommun-forskarvagen-95-4225960818928601064,90-91m²,2026-03-16T11:59:16.343677
3752041422695634513,https://www.hemnet.se/salda/lagenhet-3rum-flogsta-ekeby-uppsala-kommun-oslogatan-15-3752041422695634513,90-91m²,2026-03-16T11:59:16.343679
7778406001959060015,"https://www.hemnet.se/salda/lagenhet-3rum-kungsangen-centrum-upplands-bro-kommun-tallrisvagen-2,-5-tr-7778406001959060015",90-91m²,2026-03-16T11:59:16.343680
394261924261208262,https://www.hemnet.se/salda/lagenhet-3rum-centrala-hisingen-goteborgs-kommun-myrekarrsvagen-1-394261924261208262,90-91m²,2026-03-16T11:59:16.343681
5364523128778971235,https://www.hemnet.se/salda/lagenhet-3rum-haggvik-sollentuna-kommun-smedjevagen-7-5364523128778971235,90-91m²,2026-03-16T11:59:16.343683
7565995248502596089,"https://www.hemnet.se/salda/lagenhet-3rum-viksjo-jarfalla-kommun-axvagen-69,-2-tr-7565995248502596089",90-91m²,2026-03-16T11:59:16.343684
6970740041948892308,https://www.hemnet.se/salda/lagenhet-4rum-farsta-stockholms-kommun-filipstadsbacken-46-6970740041948892308,90-91m²,2026-03-16T11:59:16.343685
4022053310510410905,https://www.hemnet.se/salda/lagenhet-3rum-eneborg-helsingborgs-kommun-direktorsgatan-22-4022053310510410905,90-91m²,2026-03-16T11:59:16.343687
3549398616666128388,https://www.hemnet.se/salda/lagenhet-3rum-haninge-haninge-kommun-sleipnervagen-67-3549398616666128388,90-91m²,2026-03-16T11:59:16.343688
8124657039001130533,"https://www.hemnet.se/salda/lagenhet-4rum-botkyrka-hallunda-botkyrka-kommun-kornvagen-13,-5tr-8124657039001130533",90-91m²,2026-03-16T11:59:16.343689
2285245378952838628,https://www.hemnet.se/salda/lagenhet-4rum-lomma-vinstorp-lomma-kommun-vinstorpsvagen-58-2285245378952838628,90-91m²,2026-03-16T11:59:16.343691
4456470378768835310,"https://www.hemnet.se/salda/lagenhet-3,5rum-kviberg-goteborgs-kommun-anna-branzells-gata-10-4456470378768835310",90-91m²,2026-03-16T11:59:16.343692
2650673217512041650,https://www.hemnet.se/salda/lagenhet-3rum-sannegardshamnen-goteborgs-kommun-ceresplatsen-15-2650673217512041650,90-91m²,2026-03-16T11:59:16.343694
5868241100196054081,https://www.hemnet.se/salda/lagenhet-3rum-ostermalm-stockholms-kommun-grev-turegatan-52b-5868241100196054081,90-91m²,2026-03-16T11:59:16.343695
4622086152050283366,https://www.hemnet.se/salda/lagenhet-3rum-centralt-nassjo-kommun-storgatan-55b-4622086152050283366,90-91m²,2026-03-16T11:59:16.343697
204974347360250861,https://www.hemnet.se/salda/lagenhet-4rum-centrala-tyreso-tyreso-kommun-sikvagen-9-204974347360250861,90-91m²,2026-03-16T11:59:16.343698
2652027338165844043,https://www.hemnet.se/salda/lagenhet-4rum-brynas-gavle-kommun-brynasgatan-77-2652027338165844043,90-91m²,2026-03-16T11:59:16.343699
5216166742794366232,https://www.hemnet.se/salda/lagenhet-3rum-krokslatt-molndals-kommun-gardegatan-2-e-5216166742794366232,90-91m²,2026-03-16T11:59:16.343701
2128249740596920580,https://www.hemnet.se/salda/lagenhet-4rum-onsjo-vanersborgs-kommun-husargatan-22-2128249740596920580,90-91m²,2026-03-16T11:59:16.343702
5871935595855751260,https://www.hemnet.se/salda/lagenhet-5rum-jakobsberg-jarfalla-kommun-dackevagen-21-5871935595855751260,90-91m²,2026-03-16T11:59:16.343703
7510852874801138869,https://www.hemnet.se/salda/lagenhet-5rum-minneberg-stockholms-kommun-svartviksslingan-71-7510852874801138869,90-91m²,2026-03-16T11:59:16.343705
6783355896098505923,"https://www.hemnet.se/salda/lagenhet-4rum-bromma-annedal-stockholms-kommun-tappvagen-31f,-terrass-6783355896098505923",90-91m²,2026-03-16T11:59:16.343706
5941952800612117640,https://www.hemnet.se/salda/lagenhet-4rum-bromma-minneberg-stockholms-kommun-svartviksslingan-11-5941952800612117640,90-91m²,2026-03-16T11:59:16.343707
5481432858159181153,https://www.hemnet.se/salda/lagenhet-4rum-gustavsberg-sodra-bruksgatorna-varmdo-kommun-kvarntorpsvagen-4a-5481432858159181153,90-91m²,2026-03-16T11:59:16.343709
7540223569115703216,https://www.hemnet.se/salda/lagenhet-4rum-kallhall-jarfalla-kommun-maskinistvagen-12-7540223569115703216,90-91m²,2026-03-16T11:59:16.343710
4756908125272569835,https://www.hemnet.se/salda/lagenhet-4rum-sodermalm-sofia-stockholms-kommun-skanegatan-93-4756908125272569835,90-91m²,2026-03-16T11:59:16.343712
6213766327503622305,https://www.hemnet.se/salda/lagenhet-3rum-bulltofta-friluftsstad-malmo-kommun-sallerupsvagen-218d-6213766327503622305,90-91m²,2026-03-16T11:59:16.343713
818094797476936434,https://www.hemnet.se/salda/lagenhet-3rum-s-t-knut-malmo-kommun-amiralsgatan-38-818094797476936434,90-91m²,2026-03-16T11:59:16.343714
8300482188252693650,"https://www.hemnet.se/salda/lagenhet-4rum-hagsatra,-alvsjobadet-stockholms-kommun-lillhagsvagen-32-8300482188252693650",90-91m²,2026-03-16T11:59:16.343716
8091452095516998742,https://www.hemnet.se/salda/lagenhet-4rum-almedal-goteborgs-kommun-ebbe-lieberathsgatan-33-a-8091452095516998742,90-91m²,2026-03-16T11:59:16.343717
5682595010180507601,https://www.hemnet.se/salda/lagenhet-4rum-bandhagen-stockholms-kommun-trollesundsvagen-21-5682595010180507601,90-91m²,2026-03-16T11:59:16.343719
4780050597481968895,https://www.hemnet.se/salda/lagenhet-4rum-alideberg-boras-kommun-skogshyddegatan-51-4780050597481968895,90-91m²,2026-03-16T11:59:16.343720
8080853801329032741,https://www.hemnet.se/salda/lagenhet-3rum-turbo-sala-kommun-mariebergsgatan-55-8080853801329032741,90-91m²,2026-03-16T11:59:16.343721
3372252206950626854,https://www.hemnet.se/salda/lagenhet-4rum-lillhamra-vasteras-kommun-vanortsgatan-3-3372252206950626854,90-91m²,2026-03-16T11:59:16.343723
7581606957040232339,https://www.hemnet.se/salda/lagenhet-4rum-hallunda-botkyrka-kommun-tomtbergavagen-50-7581606957040232339,90-91m²,2026-03-16T11:59:16.343724
3958669593095447004,https://www.hemnet.se/salda/lagenhet-3rum-centralt-solvesborgs-kommun-nygatan-35-3958669593095447004,90-91m²,2026-03-16T11:59:16.343726
271670491090199658,https://www.hemnet.se/salda/lagenhet-4rum-teg-umea-kommun-domarevagen-13-271670491090199658,90-91m²,2026-03-16T11:59:16.343727
8552722849240187481,https://www.hemnet.se/salda/lagenhet-5rum-salen-malung-salens-kommun-mountain-lodge-plaza-3c-8552722849240187481,90-91m²,2026-03-16T11:59:16.343728
2818700193110099516,https://www.hemnet.se/salda/lagenhet-3rum-runby-upplands-vasby-kommun-lovstavagen-76-2818700193110099516,90-91m²,2026-03-16T11:59:16.343730
478845623344198128,https://www.hemnet.se/salda/lagenhet-4rum-gustavsbergs-hamn-varmdo-kommun-wilhelm-kages-gata-66-478845623344198128,90-91m²,2026-03-16T11:59:16.343731
5413432018159422149,https://www.hemnet.se/salda/lagenhet-5rum-sodra-herrljunga-herrljunga-kommun-radhusvagen-6e-5413432018159422149,90-91m²,2026-03-16T11:59:16.343732
4859228810297079779,https://www.hemnet.se/salda/lagenhet-3rum-fimmelstangen-vasterviks-kommun-stora-tradgardsgatan-13n-4859228810297079779,90-91m²,2026-03-16T11:59:16.343734
852960340582996214,https://www.hemnet.se/salda/lagenhet-3rum-bollstanas-upplands-vasby-kommun-bjursvagen-14-852960340582996214,90-91m²,2026-03-16T11:59:16.343735
4072869280627674137,https://www.hemnet.se/salda/lagenhet-3rum-vastra-orminge-nacka-kommun-utovagen-12-4072869280627674137,90-91m²,2026-03-16T11:59:16.343737
4787155644386969038,https://www.hemnet.se/salda/lagenhet-3rum-sodra-nynashamn-nynashamns-kommun-bogvagen-41-4787155644386969038,90-91m²,2026-03-16T11:59:16.343738
51256673536458982,https://www.hemnet.se/salda/lagenhet-3rum-centrum-vasteras-kommun-karlsgatan-11c-51256673536458982,90-91m²,2026-03-16T11:59:16.343740
3421781069202532702,https://www.hemnet.se/salda/lagenhet-4rum-blasut-stockholms-kommun-garagevagen-32-3421781069202532702,90-91m²,2026-03-16T11:59:16.343741
4924947415555356996,https://www.hemnet.se/salda/lagenhet-3rum-centralt-nissastrand-halmstads-kommun-sven-jonsons-gata-5-4924947415555356996,90-91m²,2026-03-16T11:59:16.343743
200823776617605701,"https://www.hemnet.se/salda/lagenhet-4rum-bodal-lidingo-kommun-bodalsvagen-22,-2-tr-200823776617605701",90-91m²,2026-03-16T11:59:16.343744
6513142537305446034,https://www.hemnet.se/salda/lagenhet-4rum-ursvik-sundbybergs-kommun-forskargrand-24-6513142537305446034,90-91m²,2026-03-16T11:59:16.343745
2248993937128785595,"https://www.hemnet.se/salda/lagenhet-3,5rum-raby-vasteras-kommun-morkullegatan-80-2248993937128785595",90-91m²,2026-03-16T11:59:16.343747
2921008393330021910,https://www.hemnet.se/salda/lagenhet-3rum-linnestaden-goteborgs-kommun-plantagegatan-15-2921008393330021910,90-91m²,2026-03-16T11:59:16.343748
7480226384016162093,https://www.hemnet.se/salda/lagenhet-3rum-kallkallan-lulea-kommun-lingonstigen-12-7480226384016162093,90-91m²,2026-03-16T11:59:16.343749
3522913839513201858,https://www.hemnet.se/salda/lagenhet-3rum-nya-kungsgarden-angelholms-kommun-nordanvindsgatan-12e-3522913839513201858,90-91m²,2026-03-16T11:59:16.343751
7940077276543963230,https://www.hemnet.se/salda/lagenhet-3rum-s-t-ilian-enkopings-kommun-kryddgardsgatan-15b-7940077276543963230,90-91m²,2026-03-16T11:59:16.343752
6034956662927757519,"https://www.hemnet.se/salda/lagenhet-3rum-sodermalm-stockholms-kommun-assessorsgatan-16-a,-4-tr-6034956662927757519",90-91m²,2026-03-16T11:59:16.343754
2324326903601233238,https://www.hemnet.se/salda/lagenhet-4rum-enskede-stureby-stockholms-kommun-bastuhagsvagen-57-2324326903601233238,90-91m²,2026-03-16T11:59:16.343755
8835206260742802755,https://www.hemnet.se/salda/lagenhet-4rum-kolsva-kopings-kommun-bergslagsvagen-121c-8835206260742802755,90-91m²,2026-03-16T11:59:16.343756
3643024770115415276,https://www.hemnet.se/salda/lagenhet-4rum-orgryte-goteborgs-kommun-laboratoriegatan-24-3643024770115415276,90-91m²,2026-03-16T11:59:16.343758
7942623132337086952,"https://www.hemnet.se/salda/lagenhet-3rum-vasastan-stockholms-kommun-upplandsgatan-47,-3tr-7942623132337086952",90-91m²,2026-03-16T11:59:16.343759
1992528392551314866,https://www.hemnet.se/salda/lagenhet-4rum-johannelund-linkopings-kommun-skogslyckegatan-33-1992528392551314866,90-91m²,2026-03-16T11:59:16.343760
7584981659854654544,https://www.hemnet.se/salda/lagenhet-4rum-vastra-orminge-nacka-kommun-ormingeringen-16a-7584981659854654544,90-91m²,2026-03-16T11:59:16.343762
7918345309483747855,https://www.hemnet.se/salda/lagenhet-3rum-eriksberg-goteborgs-kommun-sorhallstorget-19-7918345309483747855,90-91m²,2026-03-16T11:59:16.343763
3817377294871303647,https://www.hemnet.se/salda/lagenhet-3rum-centralt-solvesborgs-kommun-nygatan-33-3817377294871303647,90-91m²,2026-03-16T11:59:16.343764
8006445609402457406,https://www.hemnet.se/salda/lagenhet-4rum-molndal-aby-molndals-kommun-skrittgatan-1a-8006445609402457406,90-91m²,2026-03-16T11:59:16.343766
3084256826757633508,"https://www.hemnet.se/salda/lagenhet-4rum-kungsholmen-stockholms-kommun-hjarnegatan-6,-2tr-3084256826757633508",90-91m²,2026-03-16T11:59:16.343768
1305234385216346019,https://www.hemnet.se/salda/lagenhet-3rum-centrum-alingsas-kommun-plangatan-1b-1305234385216346019,90-91m²,2026-03-16T11:59:16.343769
8159773678458036975,https://www.hemnet.se/salda/lagenhet-3rum-sodermalm-stockholms-kommun-tegelviksgatan-49-8159773678458036975,90-91m²,2026-03-16T11:59:16.343771
7648787537081416947,https://www.hemnet.se/salda/lagenhet-3rum-centrum-uppsala-kommun-ellegatan-3-7648787537081416947,90-91m²,2026-03-16T11:59:16.343772
7419115897626959101,https://www.hemnet.se/salda/lagenhet-4rum-fagelbo-vaster-oster-nykopings-kommun-ostra-bergsgatan-25-7419115897626959101,90-91m²,2026-03-16T11:59:16.343773
7011870276313442926,https://www.hemnet.se/salda/lagenhet-4rum-korseberg-vanersborgs-kommun-bryggvagen-1d-7011870276313442926,90-91m²,2026-03-16T11:59:16.343775
6984535891680489481,https://www.hemnet.se/salda/lagenhet-4rum-spanga-bromsten-stockholms-kommun-skogangsvagen-31d-6984535891680489481,90-91m²,2026-03-16T11:59:16.343776
5913909715123540658,https://www.hemnet.se/salda/lagenhet-3rum-riksten-botkyrka-kommun-flottiljvagen-169-5913909715123540658,90-91m²,2026-03-16T11:59:16.343777
1439732540513432255,"https://www.hemnet.se/salda/lagenhet-3rum-vasastan-stockholms-kommun-dalagatan-30,-1,5-tr-1439732540513432255",90-91m²,2026-03-16T11:59:16.343778
8343724582407761822,https://www.hemnet.se/salda/lagenhet-4rum-trosso-karlskrona-kommun-arklimastaregatan-31-8343724582407761822,90-91m²,2026-03-16T11:59:16.343780
6527653867418623150,https://www.hemnet.se/salda/lagenhet-3rum-nedre-gardet-stockholms-kommun-carl-akrells-gata-4-6527653867418623150,90-91m²,2026-03-16T11:59:16.343781
1596599840207150650,https://www.hemnet.se/salda/lagenhet-3rum-mjolkudden-lulea-kommun-mjolkuddsvagen-237-1596599840207150650,90-91m²,2026-03-16T11:59:16.343782
6691581909397963018,https://www.hemnet.se/salda/lagenhet-3rum-rynninge-orebro-kommun-kaserngarden-12-6691581909397963018,90-91m²,2026-03-16T11:59:16.343784
7857082149122113964,"https://www.hemnet.se/salda/lagenhet-3rum-hammarby-sjostad-stockholms-kommun-sickla-kanalgata-10,-2tr-7857082149122113964",90-91m²,2026-03-16T11:59:16.343785
6073285096878416941,https://www.hemnet.se/salda/lagenhet-4rum-savja-uppsala-kommun-stenbrohultsvagen-107-6073285096878416941,90-91m²,2026-03-16T11:59:16.343786
781769366285924530,https://www.hemnet.se/salda/lagenhet-4rum-helenelund-sollentuna-kommun-stupvagen-15-781769366285924530,90-91m²,2026-03-16T11:59:16.343787
5905658862344758305,https://www.hemnet.se/salda/lagenhet-4rum-kronan-lulea-kommun-kompanivagen-21-van-7-5905658862344758305,90-91m²,2026-03-16T11:59:16.343789
4093533033835285611,https://www.hemnet.se/salda/lagenhet-4rum-botkyrka-norsborg-botkyrka-kommun-hundhamravagen-80-4093533033835285611,90-91m²,2026-03-16T11:59:16.343790
6355364334002185232,https://www.hemnet.se/salda/lagenhet-3rum-pildammarna-malmo-kommun-roskildevagen-11c-6355364334002185232,90-91m²,2026-03-16T11:59:16.343792
5009017561264787079,https://www.hemnet.se/salda/lagenhet-4rum-bandhagen-stockholms-kommun-skebokvarnsvagen-51d-5009017561264787079,90-91m²,2026-03-16T11:59:16.343793
840932039502520091,https://www.hemnet.se/salda/lagenhet-3rum-framre-luthagen-fjardingen-uppsala-kommun-skolgatan-15-840932039502520091,90-91m²,2026-03-16T11:59:16.343794
6828650953134993639,https://www.hemnet.se/salda/lagenhet-4rum-filipstad-filipstads-kommun-backvagen-14-a-6828650953134993639,90-91m²,2026-03-16T11:59:16.343796
1686390415460650037,https://www.hemnet.se/salda/lagenhet-4rum-vasastaden-skovde-kommun-skaraborgsgatan-1-1686390415460650037,90-91m²,2026-03-16T11:59:16.343797
5028711395661182072,https://www.hemnet.se/salda/lagenhet-4rum-komarken-kungalvs-kommun-kongahallagatan-42a-5028711395661182072,90-91m²,2026-03-16T11:59:16.343800
4730946129384738637,https://www.hemnet.se/salda/lagenhet-3rum-dalaberg-uddevalla-kommun-vindfallegatan-7-4730946129384738637,90-91m²,2026-03-16T11:59:16.343802
241538049979034808,https://www.hemnet.se/salda/lagenhet-3rum-tradgardsstaden-laholms-kommun-korvelgangen-41-241538049979034808,90-91m²,2026-03-16T11:59:16.343803
2722359965442818243,https://www.hemnet.se/salda/lagenhet-3rum-fagelbacken-malmo-kommun-fagelbacksgatan-6h-2722359965442818243,90-91m²,2026-03-16T11:59:16.343804
8793604437311530134,https://www.hemnet.se/salda/lagenhet-3rum-sjoberg-sollentuna-kommun-sidensvansvagen-34-8793604437311530134,90-91m²,2026-03-16T11:59:16.343805
4210836353014665263,https://www.hemnet.se/salda/lagenhet-3rum-landskrona-landskrona-kommun-kavaljersgarden-31-4210836353014665263,90-91m²,2026-03-16T11:59:16.343806
1463870627660719368,https://www.hemnet.se/salda/lagenhet-4rum-hogsbo-goteborgs-kommun-lantmilsgatan-2-1463870627660719368,90-91m²,2026-03-16T11:59:16.343808
4191425338262665525,https://www.hemnet.se/salda/lagenhet-4rum-vega-haninge-kommun-storseglet-45-4191425338262665525,90-91m²,2026-03-16T11:59:16.343809
7524744345455496890,https://www.hemnet.se/salda/lagenhet-2rum-sodermalm-nytorget-stockholms-kommun-bjurholmsplan-26-7524744345455496890,90-91m²,2026-03-16T11:59:16.343810
9054987812495817290,https://www.hemnet.se/salda/lagenhet-3rum-centrum-uppsala-kommun-vaksalagatan-32-9054987812495817290,90-91m²,2026-03-16T11:59:16.343812
4901217152826135192,https://www.hemnet.se/salda/lagenhet-4rum-centralt-nassjo-kommun-storgatan-59a-4901217152826135192,90-91m²,2026-03-16T11:59:16.343813
8434043259117746772,https://www.hemnet.se/salda/lagenhet-4rum-anneberg-hammaro-kommun-annebergsvagen-8-8434043259117746772,90-91m²,2026-03-16T11:59:16.343814
1683660371939203220,https://www.hemnet.se/salda/lagenhet-3rum-sodertorp-malmo-kommun-ingenjorsgatan-26-1683660371939203220,90-91m²,2026-03-16T11:59:16.343816
5559290846270241273,https://www.hemnet.se/salda/lagenhet-4rum-ruddalen-goteborgs-kommun-musikvagen-8-5559290846270241273,90-91m²,2026-03-16T11:59:16.343817
6501812003064271052,https://www.hemnet.se/salda/lagenhet-4rum-huvudsta-ingenting-solna-kommun-huvudstalundsvagen-12-6501812003064271052,90-91m²,2026-03-16T11:59:16.343819
5626877591023558684,https://www.hemnet.se/salda/lagenhet-3rum-centrum-alingsas-kommun-plangatan-3b-5626877591023558684,90-91m²,2026-03-16T11:59:16.343820
540737420325747491,"https://www.hemnet.se/salda/lagenhet-4rum-tyreso-centrum-tyreso-kommun-myggdalsvagen-92,-1-tr-540737420325747491",90-91m²,2026-03-16T11:59:16.343821
8298403347609777031,https://www.hemnet.se/salda/lagenhet-5rum-visby-lyckaker-varnhem-gotlands-kommun-vindelbosgatan-31-8298403347609777031,90-91m²,2026-03-16T11:59:16.343822
2350663420202059325,https://www.hemnet.se/salda/lagenhet-4rum-kungsholmen-stora-essingen-stockholms-kommun-essinge-hogvag-21-2350663420202059325,90-91m²,2026-03-16T11:59:16.343824
1879119209263275793,https://www.hemnet.se/salda/lagenhet-3rum-centrala-sigtuna-sigtuna-kommun-varingavagen-12-1879119209263275793,90-91m²,2026-03-16T11:59:16.343825
6823002599826028612,https://www.hemnet.se/salda/lagenhet-3rum-finnberget-saltsjohojden-nacka-kommun-finnbergsvagen-64-6823002599826028612,90-91m²,2026-03-16T11:59:16.343827
485947747507296738,https://www.hemnet.se/salda/lagenhet-3rum-handen-haninge-kommun-vallavagen-191-485947747507296738,90-91m²,2026-03-16T11:59:16.343828
8053330383170269290,"https://www.hemnet.se/salda/lagenhet-3,5rum-gustavsberg-hasthagen-varmdo-kommun-hovslagarvagen-27-8053330383170269290",90-91m²,2026-03-16T11:59:16.343829
5989310526131094494,"https://www.hemnet.se/salda/lagenhet-4rum-nacka-strand-nacka-kommun-tandkulevagen-31,-lgh-1303-5989310526131094494",90-91m²,2026-03-16T11:59:16.343831
2127681103240289098,https://www.hemnet.se/salda/lagenhet-4rum-bromma-mariehall-stockholms-kommun-klintbacken-62b-2127681103240289098,90-91m²,2026-03-16T11:59:16.343832
8291630482750094456,https://www.hemnet.se/salda/lagenhet-4rum-bromma-beckomberga-stockholms-kommun-beckomberga-alle-15-8291630482750094456,90-91m²,2026-03-16T11:59:16.343834
3784622142535404257,https://www.hemnet.se/salda/lagenhet-4rum-kungsholmen-stockholms-kommun-mitisgatan-4-3784622142535404257,90-91m²,2026-03-16T11:59:16.343836
8743970094845909959,"https://www.hemnet.se/salda/lagenhet-2rum-nasby-park-sjosidan-taby-kommun-dora-lamms-gata-18,-2-tr-8743970094845909959",90-91m²,2026-03-16T11:59:16.343837
8183221190965440614,https://www.hemnet.se/salda/lagenhet-3rum-ramlosa-helsingborgs-kommun-sodra-brunnsvagen-60-8183221190965440614,90-91m²,2026-03-16T11:59:16.343839
618038712338781204,https://www.hemnet.se/salda/lagenhet-4rum-alta-sodra-hedvigslund-nacka-kommun-buxbomsvagen-12-618038712338781204,90-91m²,2026-03-16T11:59:16.343840
6997415733797599429,https://www.hemnet.se/salda/lagenhet-3rum-aby-park-vallentuna-kommun-takpannevagen-162-6997415733797599429,90-91m²,2026-03-16T11:59:16.343842
6353667291042892177,https://www.hemnet.se/salda/lagenhet-3rum-molndal-stensjon-molndals-kommun-tallkottegatan-45-6353667291042892177,90-91m²,2026-03-16T11:59:16.343843
6399098749977045256,https://www.hemnet.se/salda/lagenhet-3rum-hogalid-stockholms-kommun-folkskolegatan-22-c-6399098749977045256,90-91m²,2026-03-16T11:59:16.343846
6775855746514154407,https://www.hemnet.se/salda/lagenhet-4rum-jarvastaden-solna-kommun-honnorsgatan-14-6775855746514154407,90-91m²,2026-03-16T11:59:16.343848
3405711702653852076,https://www.hemnet.se/salda/lagenhet-4rum-bjornrike-harjedalens-kommun-bjornrike-grizzlyvagen-5g-3405711702653852076,90-91m²,2026-03-16T11:59:16.343849
1352944184038726768,https://www.hemnet.se/salda/lagenhet-3rum-trosso-karlskrona-kommun-skepparegatan-5-1352944184038726768,90-91m²,2026-03-16T11:59:16.343851
996247057762418025,https://www.hemnet.se/salda/lagenhet-4rum-centrala-handen-haninge-kommun-vallavagen-89-996247057762418025,90-91m²,2026-03-16T11:59:16.343852
7866210836110891748,https://www.hemnet.se/salda/lagenhet-4rum-bromma-mariehall-stockholms-kommun-klintbacken-78b-7866210836110891748,90-91m²,2026-03-16T11:59:16.343853
2237025008270680049,https://www.hemnet.se/salda/lagenhet-4rum-flatas-goteborgs-kommun-stenkastsgatan-5-2237025008270680049,90-91m²,2026-03-16T11:59:16.343855
6140586291938280337,https://www.hemnet.se/salda/lagenhet-3rum-oceanhamnen-helsingborgs-kommun-smugglargrand-6-6140586291938280337,90-91m²,2026-03-16T11:59:16.343856
4097828236581586734,https://www.hemnet.se/salda/lagenhet-4rum-centrala-stan-skelleftea-kommun-repslagargrand-6-4097828236581586734,90-91m²,2026-03-16T11:59:16.343857
305469968336437941,https://www.hemnet.se/salda/lagenhet-3rum-teg-umea-kommun-borgvagen-24-305469968336437941,90-91m²,2026-03-16T11:59:16.343858
8596193527388173845,https://www.hemnet.se/salda/lagenhet-4rum-rosenkalla-nykopings-kommun-erikslundsvagen-5-8596193527388173845,90-91m²,2026-03-16T11:59:16.343860
7036822426934802885,https://www.hemnet.se/salda/lagenhet-3rum-grubbe-umea-kommun-lagmansgatan-34b-7036822426934802885,90-91m²,2026-03-16T11:59:16.343861
1487557278887764186,https://www.hemnet.se/salda/lagenhet-3rum-stadsskogen-alingsas-kommun-stadsskogsgatan-28-1487557278887764186,90-91m²,2026-03-16T11:59:16.343862
4249755609619404925,https://www.hemnet.se/salda/lagenhet-3rum-alta-stenso-nacka-kommun-oxelvagen-57-4249755609619404925,90-91m²,2026-03-16T11:59:16.343864
3940774772748880338,https://www.hemnet.se/salda/lagenhet-4rum-jakobsberg-jarfalla-kommun-engelbrektsvagen-16b-3940774772748880338,90-91m²,2026-03-16T11:59:16.343865
1046986370414993093,https://www.hemnet.se/salda/lagenhet-4rum-sodertalje-sodertalje-kommun-asvagen-16-1046986370414993093,90-91m²,2026-03-16T11:59:16.343867
2802759584064989611,https://www.hemnet.se/salda/lagenhet-3rum-nasby-slottspark-taby-kommun-dora-lamms-gata-12-2802759584064989611,90-91m²,2026-03-16T11:59:16.343868
1447261535971062961,https://www.hemnet.se/salda/lagenhet-4rum-bjornen-are-kommun-bjornen-ugglan-3d-1447261535971062961,90-91m²,2026-03-16T11:59:16.343869
5770090723600705940,"https://www.hemnet.se/salda/lagenhet-3,5rum-vasastan-stockholms-kommun-idungatan-1b,-3tr-5770090723600705940",90-91m²,2026-03-16T11:59:16.343871
313379130576017875,https://www.hemnet.se/salda/lagenhet-4rum-sundbyberg-ursvik-sundbybergs-kommun-milstensvagen-33-313379130576017875,90-91m²,2026-03-16T11:59:16.343872
6181905085458891694,"https://www.hemnet.se/salda/lagenhet-3,5rum-centrala-tyreso-tyreso-kommun-siklojevagen-18-6181905085458891694",90-91m²,2026-03-16T11:59:16.343873
548255092898091385,https://www.hemnet.se/salda/lagenhet-3rum-centrala-vargarda-vargarda-kommun-odlarvagen-3d-548255092898091385,90-91m²,2026-03-16T11:59:16.343875
7676430425323497735,"https://www.hemnet.se/salda/lagenhet-3rum-nedre-haga-sundsvalls-kommun-skonsbergsvagen-19l,-van-4-7676430425323497735",90-91m²,2026-03-16T11:59:16.343876
4508521541600283254,https://www.hemnet.se/salda/lagenhet-4rum-savja-uppsala-kommun-olandsresan-3e-4508521541600283254,90-91m²,2026-03-16T11:59:16.343877
6360981263948530937,https://www.hemnet.se/salda/lagenhet-4rum-are-bjornen-are-kommun-bjornen-ugglan-3d-andel-e-6360981263948530937,90-91m²,2026-03-16T11:59:16.343879
204540277881657728,https://www.hemnet.se/salda/lagenhet-4rum-galgamarken-trosso-karlskrona-kommun-byggmastaregatan-6-204540277881657728,90-91m²,2026-03-16T11:59:16.343880
4796736880870795347,https://www.hemnet.se/salda/lagenhet-3rum-kungsholmen-stockholms-kommun-sankt-goransgatan-82-4796736880870795347,90-91m²,2026-03-16T11:59:16.343882
3081876884027585081,https://www.hemnet.se/salda/lagenhet-4rum-hisings-backa-goteborgs-kommun-ovralidsgatan-15-3081876884027585081,90-91m²,2026-03-16T11:59:16.343883
1830859399389090442,https://www.hemnet.se/salda/lagenhet-3rum-vaxholm-rindo-rindo-brygga-vaxholms-kommun-kustjagargrand-5-1830859399389090442,90-91m²,2026-03-16T11:59:16.343884
8712907227178608134,"https://www.hemnet.se/salda/lagenhet-4rum-bodal-lidingo-kommun-bodalsvagen-10,-2tr-8712907227178608134",90-91m²,2026-03-16T11:59:16.343886
8497168399423764994,https://www.hemnet.se/salda/lagenhet-4rum-stora-essingen-kungsholmen-stockholms-kommun-essinge-hogvag-21-8497168399423764994,90-91m²,2026-03-16T11:59:16.343887
1869273804277787786,https://www.hemnet.se/salda/lagenhet-3rum-hisings-karra-goteborgs-kommun-lillekarr-sodra-208-1869273804277787786,90-91m²,2026-03-16T11:59:16.343889
5133785532850407637,"https://www.hemnet.se/salda/lagenhet-4rum-hammarby-sjostad-stockholms-kommun-virkesvagen-5e,-pl4-5133785532850407637",90-91m²,2026-03-16T11:59:16.343890
7718309111077378008,"https://www.hemnet.se/salda/lagenhet-3rum-hammarby-sjostad-stockholms-kommun-heliosgatan-50,-van-3-7718309111077378008",90-91m²,2026-03-16T11:59:16.343892
5567391937646146332,https://www.hemnet.se/salda/lagenhet-4rum-vastra-orminge-nacka-kommun-ormingeringen-21-5567391937646146332,90-91m²,2026-03-16T11:59:16.343893
5223033552490842896,https://www.hemnet.se/salda/lagenhet-3rum-skarsatra-lidingo-kommun-pyrolavagen-46-5223033552490842896,90-91m²,2026-03-16T11:59:16.343894
7053783236207434873,https://www.hemnet.se/salda/lagenhet-3rum-raby-vasteras-kommun-morkullegatan-20-7053783236207434873,90-91m²,2026-03-16T11:59:16.343896
2137386965108082918,https://www.hemnet.se/salda/lagenhet-3rum-finnberget-nacka-kommun-finnbergsvagen-62-2137386965108082918,90-91m²,2026-03-16T11:59:16.343897
7575153770753001926,https://www.hemnet.se/salda/lagenhet-4rum-maria-stockholms-kommun-helgagatan-36f-7575153770753001926,90-91m²,2026-03-16T11:59:16.343899
2031674206603309121,"https://www.hemnet.se/salda/lagenhet-3rum-bromma-traneberg-stockholms-kommun-hunnebergsvagen-2,-3-4tr-2031674206603309121",90-91m²,2026-03-16T11:59:16.343900
7807670826702024085,https://www.hemnet.se/salda/lagenhet-5rum-taby-centrum-taby-kommun-marknadsvagen-53-7807670826702024085,90-91m²,2026-03-16T11:59:16.343901
13204328223138514,https://www.hemnet.se/salda/lagenhet-5rum-kortedala-goteborgs-kommun-fastlagsgatan-49-13204328223138514,90-91m²,2026-03-16T11:59:16.343903
1314132321202455279,https://www.hemnet.se/salda/lagenhet-4rum-norra-faladen-lunds-kommun-parternas-grand-45-1314132321202455279,90-91m²,2026-03-16T11:59:16.343904
149581264644588321,https://www.hemnet.se/salda/lagenhet-3rum-nynashamn-nynashamns-kommun-rodervagen-12-149581264644588321,90-91m²,2026-03-16T11:59:16.343906
2007609488671370553,https://www.hemnet.se/salda/lagenhet-4rum-smedslatten-stockholms-kommun-stromkarlsvagen-82-2007609488671370553,90-91m²,2026-03-16T11:59:16.343907
400291902484819952,https://www.hemnet.se/salda/lagenhet-4rum-ritorp-solna-kommun-namndemansgatan-8-400291902484819952,90-91m²,2026-03-16T11:59:16.343909
8100226112950529306,https://www.hemnet.se/salda/lagenhet-4rum-norra-liden-goteborgs-kommun-norra-liden-25-8100226112950529306,90-91m²,2026-03-16T11:59:16.343910
6585899432872877285,https://www.hemnet.se/salda/lagenhet-3rum-kungshojd-goteborgs-kommun-hvitfeldtsgatan-2b-6585899432872877285,90-91m²,2026-03-16T11:59:16.343912
8450387367938502418,https://www.hemnet.se/salda/lagenhet-4rum-norrtorn-oskarshamns-kommun-norrbackavagen-6-8450387367938502418,90-91m²,2026-03-16T11:59:16.343913
130843328634944644,https://www.hemnet.se/salda/lagenhet-3rum-kungsholmen-fridhemsplan-stockholms-kommun-inedalsgatan-23-130843328634944644,90-91m²,2026-03-16T11:59:16.343915
9037090460539521701,https://www.hemnet.se/salda/lagenhet-4rum-bollstanas-upplands-vasby-kommun-slanbarsvagen-45-9037090460539521701,90-91m²,2026-03-16T11:59:16.343916
6619532782337040178,https://www.hemnet.se/salda/lagenhet-4rum-taby-centrum-taby-kommun-stockholmsvagen-162e-6619532782337040178,90-91m²,2026-03-16T11:59:16.343917
6529912836905512197,https://www.hemnet.se/salda/lagenhet-4rum-taby-centrum-marknadsvagen-taby-kommun-marknadsvagen-113-6529912836905512197,90-91m²,2026-03-16T11:59:16.343919
2978441383743141356,"https://www.hemnet.se/salda/lagenhet-4rum-viksjo-jarfalla-kommun-axvagen-19,-1-tr-2978441383743141356",90-91m²,2026-03-16T11:59:16.343920
1408467559093571566,https://www.hemnet.se/salda/lagenhet-4rum-centrum-almhults-kommun-kvarngatan-7b-1408467559093571566,90-91m²,2026-03-16T11:59:16.343921
5577320636050473308,https://www.hemnet.se/salda/lagenhet-3rum-nacka-forum-nacka-kommun-romansvagen-31-5577320636050473308,90-91m²,2026-03-16T11:59:16.343923
4753433500471925455,https://www.hemnet.se/salda/lagenhet-4rum-hisings-backa-goteborgs-kommun-kavaljersgatan-30-4753433500471925455,90-91m²,2026-03-16T11:59:16.343924
4168829377141352599,"https://www.hemnet.se/salda/lagenhet-4rum-enskede-stureby-stockholms-kommun-bollstavagen-3,-1-tr-4168829377141352599",90-91m²,2026-03-16T11:59:16.343925
1233868378623280335,https://www.hemnet.se/salda/lagenhet-4rum-skarpnack-stockholms-kommun-varmfrontsgatan-11-1233868378623280335,90-91m²,2026-03-16T11:59:16.343927
3256242430156621748,"https://www.hemnet.se/salda/lagenhet-3rum-centralt-linkopings-kommun-drottninggatan-5,-linkoping-3256242430156621748",90-91m²,2026-03-16T11:59:16.343928
4683629906921190444,"https://www.hemnet.se/salda/lagenhet-4,5rum-alvsjo-herrangen-stockholms-kommun-langsjovagen-166d-4683629906921190444",90-91m²,2026-03-16T11:59:16.343929
724259740558897383,https://www.hemnet.se/salda/lagenhet-3rum-kronan-lulea-kommun-armevagen-19-724259740558897383,90-91m²,2026-03-16T11:59:16.343931
6796022681157798067,https://www.hemnet.se/salda/lagenhet-4rum-askim-goteborgs-kommun-kobbeslatten-6-6796022681157798067,90-91m²,2026-03-16T11:59:16.343932
5771630734807830482,https://www.hemnet.se/salda/lagenhet-4rum-vaster-lunds-kommun-doppingvagen-10c-5771630734807830482,90-91m²,2026-03-16T11:59:16.343933
4250314361905698523,"https://www.hemnet.se/salda/lagenhet-4rum-spanga-bromstensstaden-stockholms-kommun-akare-engstroms-vag-7,-uteplats-lgh-037-4250314361905698523",90-91m²,2026-03-16T11:59:16.343935
1818739685183196204,https://www.hemnet.se/salda/lagenhet-3rum-norra-botkyrka-botkyrka-kommun-havrevagen-10-markplan-1818739685183196204,90-91m²,2026-03-16T11:59:16.343936
1435669878503307735,https://www.hemnet.se/salda/lagenhet-4rum-centrala-handen-haninge-kommun-sleipnervagen-67-1435669878503307735,90-91m²,2026-03-16T11:59:16.343938
972660516896109871,https://www.hemnet.se/salda/lagenhet-3rum-eriksberg-goteborgs-kommun-monsungatan-72-972660516896109871,90-91m²,2026-03-16T11:59:16.343939
849205267914446448,https://www.hemnet.se/salda/lagenhet-4rum-haninge-c-haninge-kommun-vallavagen-17-849205267914446448,90-91m²,2026-03-16T11:59:16.343940
5704843535465681982,https://www.hemnet.se/salda/lagenhet-3rum-kapellgardet-uppsala-kommun-portalgatan-57-5704843535465681982,90-91m²,2026-03-16T11:59:16.343942
2781478421139948277,https://www.hemnet.se/salda/lagenhet-3rum-huskvarna-norrangen-jonkopings-kommun-sikvagen-12-2781478421139948277,90-91m²,2026-03-16T11:59:16.343943
7904800280763327956,https://www.hemnet.se/salda/lagenhet-4rum-sjobo-boras-kommun-bjorkhemsgatan-25-7904800280763327956,90-91m²,2026-03-16T11:59:16.343944
550588577781405622,https://www.hemnet.se/salda/lagenhet-4rum-ostermalm-stockholms-kommun-rigagatan-6-550588577781405622,90-91m²,2026-03-16T11:59:16.343946
5880607817936420968,https://www.hemnet.se/salda/lagenhet-4rum-centrum-uddevalla-kommun-blomgatan-4d-5880607817936420968,90-91m²,2026-03-16T11:59:16.343947
6693237152377856664,https://www.hemnet.se/salda/lagenhet-4rum-goteborg-goteborgs-kommun-norra-liden-29-6693237152377856664,90-91m²,2026-03-16T11:59:16.343948
8090285985087970873,https://www.hemnet.se/salda/lagenhet-4rum-vastra-hamnen-malmo-kommun-kostergrand-5a-8090285985087970873,90-91m²,2026-03-16T11:59:16.343950
1914297510492608756,"https://www.hemnet.se/salda/lagenhet-3,5rum-vaster-park-orebro-kommun-karlsgatan-32x-1914297510492608756",90-91m²,2026-03-16T11:59:16.343951
856386623942029087,https://www.hemnet.se/salda/lagenhet-4rum-taby-park-taby-kommun-sadelgatan-10-856386623942029087,90-91m²,2026-03-16T11:59:16.343953
251971591167376502,https://www.hemnet.se/salda/lagenhet-4rum-runby-upplands-vasby-kommun-lovstavagen-51-251971591167376502,90-91m²,2026-03-16T11:59:16.343954
4526638060404543523,https://www.hemnet.se/salda/lagenhet-3rum-visby-centralt-innerstan-gotlands-kommun-radstugugrand-2-4526638060404543523,90-91m²,2026-03-16T11:59:16.343956
6098470003041308987,https://www.hemnet.se/salda/lagenhet-3rum-ostermalm-stockholms-kommun-odengatan-21-6098470003041308987,90-91m²,2026-03-16T11:59:16.343957
558490713875923725,https://www.hemnet.se/salda/lagenhet-4rum-gangsatra-lidingo-kommun-lillakersvagen-26-558490713875923725,90-91m²,2026-03-16T11:59:16.343959
6984972876419077459,https://www.hemnet.se/salda/lagenhet-4rum-alta-sodra-hedvigslund-nacka-kommun-anemonvagen-28-6984972876419077459,90-91m²,2026-03-16T11:59:16.343960
6237604975203751763,https://www.hemnet.se/salda/lagenhet-4rum-tingvalla-trollhattans-kommun-elviusgatan-2-6237604975203751763,90-91m²,2026-03-16T11:59:16.343962
731292788534587361,https://www.hemnet.se/salda/lagenhet-4rum-kungsholmen-stockholm-stockholms-kommun-hornsbergs-strand-27a-731292788534587361,90-91m²,2026-03-16T11:59:16.343963
7088244156841170812,https://www.hemnet.se/salda/lagenhet-4rum-tuve-goteborgs-kommun-arvesgarde-15-7088244156841170812,90-91m²,2026-03-16T11:59:16.343964
4253432990698565551,"https://www.hemnet.se/salda/lagenhet-3,5rum-torpa-jonkopings-kommun-bruksgatan-2-4253432990698565551",90-91m²,2026-03-16T11:59:16.343966
5981877541690937402,https://www.hemnet.se/salda/lagenhet-3rum-centralt-linkopings-kommun-engelbrektsgatan-7a-5981877541690937402,90-91m²,2026-03-16T11:59:16.343967
6106532469416036597,https://www.hemnet.se/salda/lagenhet-4rum-torvmossen-alingsas-kommun-prasterydsvagen-34-6106532469416036597,90-91m²,2026-03-16T11:59:16.343969
334123711955828720,https://www.hemnet.se/salda/lagenhet-4rum-fanna-enkopings-kommun-parkgatan-47d-334123711955828720,90-91m²,2026-03-16T11:59:16.343970
8643818226793766275,https://www.hemnet.se/salda/lagenhet-3rum-sjoberg-sollentuna-kommun-sidensvansvagen-67-8643818226793766275,90-91m²,2026-03-16T11:59:16.343971
1318509328768742788,"https://www.hemnet.se/salda/lagenhet-3rum-centrala-tyreso-tyreso-kommun-myggdalsvagen-16,-van-6-1318509328768742788",90-91m²,2026-03-16T11:59:16.343973
5796072098051628751,https://www.hemnet.se/salda/lagenhet-3rum-helenelund-sollentuna-kommun-snickarevagen-1b-5796072098051628751,90-91m²,2026-03-16T11:59:16.343974
7035658981491962163,https://www.hemnet.se/salda/lagenhet-4rum-bjornen-are-kommun-bjornen-ornen-38a-7035658981491962163,90-91m²,2026-03-16T11:59:16.343976
3518023403937974735,https://www.hemnet.se/salda/lagenhet-4rum-brynas-gavle-kommun-brynasgatan-69-3518023403937974735,90-91m²,2026-03-16T11:59:16.343977
367529696117513528,https://www.hemnet.se/salda/lagenhet-3rum-kungsholmen-stockholms-kommun-kungsholmstorg-13b-367529696117513528,90-91m²,2026-03-16T11:59:16.343979
1381675662651311284,https://www.hemnet.se/salda/lagenhet-3rum-visby-sodercentrum-gotlands-kommun-byrumsgatan-12a-1381675662651311284,90-91m²,2026-03-16T11:59:16.343980
442876000955431548,https://www.hemnet.se/salda/lagenhet-4rum-visby-innerstad-gotlands-kommun-skeppargatan-15-442876000955431548,90-91m²,2026-03-16T11:59:16.343981
2765181523715996650,"https://www.hemnet.se/salda/lagenhet-4rum-arsta-stockholms-kommun-ymsenvagen-3,-5-tr-2765181523715996650",90-91m²,2026-03-16T11:59:16.343983
3038345914505676692,https://www.hemnet.se/salda/lagenhet-3rum-ostra-hamnen-vasteras-kommun-malargatan-4d-3038345914505676692,90-91m²,2026-03-16T11:59:16.343984
4141497386550195792,https://www.hemnet.se/salda/lagenhet-4rum-centrala-vasby-upplands-vasby-kommun-bryggerivagen-1c-4141497386550195792,90-91m²,2026-03-16T11:59:16.343986
878898442640965366,https://www.hemnet.se/salda/lagenhet-4rum-ovre-slotts-uppsala-kommun-s-t-johannesgatan-23c-878898442640965366,90-91m²,2026-03-16T11:59:16.343987
2462272087737175742,https://www.hemnet.se/salda/lagenhet-4rum-luthagen-stabby-uppsala-kommun-formgatan-9-2462272087737175742,90-91m²,2026-03-16T11:59:16.343988
449746627295618109,https://www.hemnet.se/salda/lagenhet-4rum-norra-djurgardsstaden-stockholms-kommun-jaktgatan-31-449746627295618109,90-91m²,2026-03-16T11:59:16.343990
6229807493395318806,https://www.hemnet.se/salda/lagenhet-4rum-gamlestaden-goteborgs-kommun-bunkebergsgatan-11-6229807493395318806,90-91m²,2026-03-16T11:59:16.343991
5904638444701924192,"https://www.hemnet.se/salda/lagenhet-4rum-nasby-park-taby-kommun-kuttervagen-8,-vaning-7-5904638444701924192",90-91m²,2026-03-16T11:59:16.343992
8613832871060435286,https://www.hemnet.se/salda/lagenhet-3rum-brunstorp-huskvarna-jonkopings-kommun-sikvagen-12-8613832871060435286,90-91m²,2026-03-16T11:59:16.343994
4870256931617967307,https://www.hemnet.se/salda/lagenhet-4rum-furulund-partille-kommun-stubbvagen-4-4870256931617967307,90-91m²,2026-03-16T11:59:16.343995
6357989969500968890,https://www.hemnet.se/salda/lagenhet-3rum-onsta-gryta-vasteras-kommun-syrenvagen-39-6357989969500968890,90-91m²,2026-03-16T11:59:16.343996
8260789185568576147,https://www.hemnet.se/salda/lagenhet-4rum-grondal-stockholms-kommun-ormbergsvagen-1-8260789185568576147,90-91m²,2026-03-16T11:59:16.343997
7575902045524852320,https://www.hemnet.se/salda/lagenhet-4rum-lerum-centrum-lerums-kommun-haegerstroms-vag-2g-7575902045524852320,90-91m²,2026-03-16T11:59:16.343999
5306775382601307328,https://www.hemnet.se/salda/lagenhet-4rum-minneberg-stockholms-kommun-svartviksslingan-73-5306775382601307328,90-91m²,2026-03-16T11:59:16.344000
8074197478258697,https://www.hemnet.se/salda/lagenhet-4rum-minneberg-stockholms-kommun-svartviksslingan-71-8074197478258697,90-91m²,2026-03-16T11:59:16.344001
2472300388119533210,https://www.hemnet.se/salda/lagenhet-3rum-vasteras-vasteras-kommun-stockrosvagen-1-2472300388119533210,90-91m²,2026-03-16T11:59:16.344003
4988400235274800083,https://www.hemnet.se/salda/lagenhet-4rum-nacka-centrum-nacka-kommun-nackabacken-15-4988400235274800083,90-91m²,2026-03-16T11:59:16.344004
1806767722094236126,https://www.hemnet.se/salda/lagenhet-3rum-huvudsta-solna-kommun-slaggbacken-3-1806767722094236126,90-91m²,2026-03-16T11:59:16.344006
4288349792441309725,https://www.hemnet.se/salda/lagenhet-3rum-solna-haga-norra-solna-kommun-hagavagen-10-4288349792441309725,90-91m²,2026-03-16T11:59:16.344007
3832768501079655996,https://www.hemnet.se/salda/lagenhet-3rum-kungsholmen-stockholms-kommun-pipersgatan-5-3832768501079655996,90-91m²,2026-03-16T11:59:16.344008
6637208274782836917,"https://www.hemnet.se/salda/lagenhet-4rum-botkyrka-hallunda-botkyrka-kommun-tomtbergavagen-44,-1tr-6637208274782836917",90-91m²,2026-03-16T11:59:16.344010
5948432731409291328,https://www.hemnet.se/salda/lagenhet-4rum-edsviken-sollentuna-kommun-snickarevagen-1a-5948432731409291328,90-91m²,2026-03-16T11:59:16.344011
1148088255877431656,https://www.hemnet.se/salda/lagenhet-4rum-handen-haninge-kommun-sleipnervagen-95-1148088255877431656,90-91m²,2026-03-16T11:59:16.344012
1362383150824032374,https://www.hemnet.se/salda/lagenhet-3rum-korsta-sundsvalls-kommun-klippgatan-25-1362383150824032374,90-91m²,2026-03-16T11:59:16.344013
6424218932015785042,https://www.hemnet.se/salda/lagenhet-4rum-centrala-hisingen-goteborgs-kommun-jagaregatan-2a-6424218932015785042,90-91m²,2026-03-16T11:59:16.344015
2660411501426412667,https://www.hemnet.se/salda/lagenhet-4rum-tullinge-botkyrka-kommun-nyangsvagen-9-2660411501426412667,90-91m²,2026-03-16T11:59:16.344016
8493006483734020947,https://www.hemnet.se/salda/lagenhet-4rum-hisings-backa-goteborgs-kommun-kavaljersgatan-26-8493006483734020947,90-91m²,2026-03-16T11:59:16.344017
7534499007239712525,https://www.hemnet.se/salda/lagenhet-3rum-larsberg-lidingo-kommun-larsbergsvagen-53-7534499007239712525,90-91m²,2026-03-16T11:59:16.344018
2853325050887233420,"https://www.hemnet.se/salda/lagenhet-2,5rum-ribersborg-malmo-kommun-erikstorpsgatan-3-2853325050887233420",90-91m²,2026-03-16T11:59:16.344019
7455832761525199626,"https://www.hemnet.se/salda/lagenhet-4rum-hersby-lidingo-kommun-kyrkvagen-32a,-3tr-7455832761525199626",90-91m²,2026-03-16T11:59:16.344021
2569757855736884595,https://www.hemnet.se/salda/lagenhet-4rum-bandhagen-stockholms-kommun-skebokvarnsvagen-51d-2569757855736884595,90-91m²,2026-03-16T11:59:16.344022
2666718590555135344,https://www.hemnet.se/salda/lagenhet-4rum-handen-haninge-kommun-sleipnervagen-103-2666718590555135344,90-91m²,2026-03-16T11:59:16.344023
5687107480845564515,https://www.hemnet.se/salda/lagenhet-4rum-tomtebo-umea-kommun-sagovagen-2a-5687107480845564515,90-91m²,2026-03-16T11:59:16.344025
8797406223822363893,https://www.hemnet.se/salda/lagenhet-4rum-ulvhall-strangnas-kommun-orrspelsvagen-2a-8797406223822363893,90-91m²,2026-03-16T11:59:16.344026
4560369027682578663,https://www.hemnet.se/salda/lagenhet-3rum-hallby-eskilstuna-kommun-oknavagen-153a-4560369027682578663,90-91m²,2026-03-16T11:59:16.344027
2085066612941124842,https://www.hemnet.se/salda/lagenhet-3rum-fronasomradet-gnesta-kommun-margretedalsvagen-9-2085066612941124842,90-91m²,2026-03-16T11:59:16.344028
9062473477377618650,"https://www.hemnet.se/salda/lagenhet-4rum-jarvastaden-solna-kommun-jarva-skjutbanevag-45,-entreplan-9062473477377618650",90-91m²,2026-03-16T11:59:16.344030
3709102889009659895,https://www.hemnet.se/salda/lagenhet-3rum-hogaborg-helsingborgs-kommun-faktorsgatan-9-3709102889009659895,90-91m²,2026-03-16T11:59:16.344031
966866064486031295,https://www.hemnet.se/salda/lagenhet-4rum-sodermalm-maria-stockholms-kommun-wollmar-yxkullsgatan-38-966866064486031295,90-91m²,2026-03-16T11:59:16.344032
7997511620427568412,https://www.hemnet.se/salda/lagenhet-4rum-dockan-malmo-kommun-dockgatan-23-7997511620427568412,90-91m²,2026-03-16T11:59:16.344034
4973567124505054085,https://www.hemnet.se/salda/lagenhet-4rum-osterskar-osterakers-kommun-lillovagen-2-4973567124505054085,90-91m²,2026-03-16T11:59:16.344035
4374457161914773765,https://www.hemnet.se/salda/lagenhet-4rum-haga-norra-solna-kommun-sylvangatan-15-4374457161914773765,90-91m²,2026-03-16T11:59:16.344036
3011934631310044886,https://www.hemnet.se/salda/lagenhet-3rum-vastra-kajen-jonkopings-kommun-hamngatan-7-3011934631310044886,90-91m²,2026-03-16T11:59:16.344037
925146439203947083,"https://www.hemnet.se/salda/lagenhet-2,5rum-rorsjostaden-malmo-kommun-celsiusgatan-4d-925146439203947083",90-91m²,2026-03-16T11:59:16.344039
3633619799170090227,https://www.hemnet.se/salda/lagenhet-3rum-vasastan-birkastan-stockholms-kommun-torsgatan-49-3633619799170090227,90-91m²,2026-03-16T11:59:16.344040
8076287027319463161,https://www.hemnet.se/salda/lagenhet-4rum-centrala-handen-haninge-kommun-tuvvagen-13-8076287027319463161,90-91m²,2026-03-16T11:59:16.344041
5750525389532292034,https://www.hemnet.se/salda/lagenhet-4rum-vaster-orebro-kommun-lertagsgatan-60-5750525389532292034,90-91m²,2026-03-16T11:59:16.344043
1638993863489035207,https://www.hemnet.se/salda/lagenhet-4rum-brannbo-sigtuna-kommun-falkvagen-18-1638993863489035207,90-91m²,2026-03-16T11:59:16.344044
1634386756285707343,https://www.hemnet.se/salda/lagenhet-4rum-haninge-c-haninge-kommun-sleipnervagen-27-1634386756285707343,90-91m²,2026-03-16T11:59:16.344045
6190902116256948660,https://www.hemnet.se/salda/lagenhet-3rum-kroksback-malmo-kommun-norrbacksgatan-37-6190902116256948660,90-91m²,2026-03-16T11:59:16.344046
1023591314043063155,https://www.hemnet.se/salda/lagenhet-3rum-luthagen-uppsala-kommun-ringgatan-2b-1023591314043063155,90-91m²,2026-03-16T11:59:16.344048
3362996158948739660,https://www.hemnet.se/salda/lagenhet-3rum-gardet-stockholms-kommun-erik-dahlbergsgatan-51-3362996158948739660,90-91m²,2026-03-16T11:59:16.344049
5903846700863612397,https://www.hemnet.se/salda/lagenhet-3rum-kungsholmen-stockholms-kommun-fridhemsgatan-55-5903846700863612397,90-91m²,2026-03-16T11:59:16.344050
3419207556256257149,https://www.hemnet.se/salda/lagenhet-3rum-norrmalm-stockholms-kommun-johannes-plan-5-3419207556256257149,90-91m²,2026-03-16T11:59:16.344051
2294917891602611727,https://www.hemnet.se/salda/lagenhet-4rum-nordanby-vasteras-kommun-bangatan-25-2294917891602611727,90-91m²,2026-03-16T11:59:16.344053
4782620414657680725,https://www.hemnet.se/salda/lagenhet-4rum-stora-ursvik-sundbybergs-kommun-stallgatan-22-4782620414657680725,90-91m²,2026-03-16T11:59:16.344054
583772307702010563,https://www.hemnet.se/salda/lagenhet-3rum-valla-linkopings-kommun-westmansgatan-68-583772307702010563,90-91m²,2026-03-16T11:59:16.344055
1189531423149059339,https://www.hemnet.se/salda/lagenhet-4rum-bremerlyckan-kalmar-kommun-stensovagen-7-b-1189531423149059339,90-91m²,2026-03-16T11:59:16.344057
959598347132483027,https://www.hemnet.se/salda/lagenhet-4rum-berghem-umea-kommun-axtorpsvagen-11-959598347132483027,90-91m²,2026-03-16T11:59:16.344058
588874461984548651,https://www.hemnet.se/salda/lagenhet-4rum-skogalundsklippan-nacka-kommun-skogalundsklippan-15-588874461984548651,90-91m²,2026-03-16T11:59:16.344059
3263892114683147612,https://www.hemnet.se/salda/lagenhet-3rum-ostermalm-stockholms-kommun-brahegatan-3-3263892114683147612,90-91m²,2026-03-16T11:59:16.344060
5008552762858829669,https://www.hemnet.se/salda/lagenhet-4rum-sandhamn-nynashamns-kommun-bogvagen-95-5008552762858829669,90-91m²,2026-03-16T11:59:16.344062
7827936981259800323,"https://www.hemnet.se/salda/lagenhet-3,5rum-orebro-orebro-kommun-termikgatan-45b-7827936981259800323",90-91m²,2026-03-16T11:59:16.344063
6921980378321971819,https://www.hemnet.se/salda/lagenhet-3rum-hovas-goteborgs-kommun-ugglegarden-10-6921980378321971819,90-91m²,2026-03-16T11:59:16.344065
2086236585494002089,https://www.hemnet.se/salda/lagenhet-4rum-ostra-staffasntorp-staffanstorps-kommun-sockertoppen-5-2086236585494002089,90-91m²,2026-03-16T11:59:16.344066
8970321858456682114,https://www.hemnet.se/salda/lagenhet-4rum-ostra-kanalstaden-osterakers-kommun-lillovagen-2-8970321858456682114,90-91m²,2026-03-16T11:59:16.344067
4571249091148537915,https://www.hemnet.se/salda/lagenhet-4rum-norby-uppsala-kommun-svampvagen-5-b-4571249091148537915,90-91m²,2026-03-16T11:59:16.344069
2574860276114219459,https://www.hemnet.se/salda/lagenhet-3rum-vastra-orminge-nacka-kommun-ormingeringen-13b-2574860276114219459,90-91m²,2026-03-16T11:59:16.344070
2720047271933251092,https://www.hemnet.se/salda/lagenhet-3rum-rud-karlstad-karlstads-kommun-mossgatan-191-2720047271933251092,90-91m²,2026-03-16T11:59:16.344071
282493558321838458,https://www.hemnet.se/salda/lagenhet-3rum-arlov-burlovs-kommun-tagvirkesgatan-6-282493558321838458,90-91m²,2026-03-16T11:59:16.344073
8819233321857251336,https://www.hemnet.se/salda/lagenhet-3rum-oster-malarstrand-vasteras-kommun-klyvargatan-4-8819233321857251336,90-91m²,2026-03-16T11:59:16.344074
2198087128110083167,https://www.hemnet.se/salda/lagenhet-3rum-tyreso-tyreso-kommun-myggdalsvagen-20-2198087128110083167,90-91m²,2026-03-16T11:59:16.344075
777698670720090337,https://www.hemnet.se/salda/lagenhet-4rum-grondal-stockholms-kommun-storsegelvagen-10-777698670720090337,90-91m²,2026-03-16T11:59:16.344077
3478541674187186012,"https://www.hemnet.se/salda/lagenhet-3rum-oceanhamnen,-helsingborg-helsingborgs-kommun-redaregatan-61-3478541674187186012",90-91m²,2026-03-16T11:59:16.344078
218079145368810879,https://www.hemnet.se/salda/lagenhet-4rum-domherren-norrtalje-kommun-domherrevagen-8-a-218079145368810879,90-91m²,2026-03-16T11:59:16.344079
3621890029736003412,https://www.hemnet.se/salda/lagenhet-3rum-aby-park-vallentuna-kommun-takpannevagen-177-3621890029736003412,90-91m²,2026-03-16T11:59:16.344080
877739562133505466,"https://www.hemnet.se/salda/lagenhet-2,5rum-rorsjostaden-malmo-kommun-celsiusgatan-4d-877739562133505466",90-91m²,2026-03-16T11:59:16.344082
8802533696988354029,https://www.hemnet.se/salda/lagenhet-3rum-vallentuna-centrum-vallentuna-kommun-gardesvagen-6-8802533696988354029,90-91m²,2026-03-16T11:59:16.344083
288103097708593591,https://www.hemnet.se/salda/lagenhet-4rum-aspudden-stockholms-kommun-harbargesvagen-2-288103097708593591,90-91m²,2026-03-16T11:59:16.344084
7183878050079423346,"https://www.hemnet.se/salda/lagenhet-3,5rum-raby-vasteras-kommun-morkullegatan-16-7183878050079423346",90-91m²,2026-03-16T11:59:16.344085
4971611822626421372,https://www.hemnet.se/salda/lagenhet-3rum-bagaregarden-goteborgs-kommun-ovre-olskroksgatan-20-4971611822626421372,90-91m²,2026-03-16T11:59:16.344087
4810471310505146951,"https://www.hemnet.se/salda/lagenhet-3rum-vasastan-stockholms-kommun-luntmakargatan-76,-3-tr-4810471310505146951",90-91m²,2026-03-16T11:59:16.344088
5055888443915189481,https://www.hemnet.se/salda/lagenhet-4rum-froson-ostersunds-kommun-vandrarvagen-7a-5055888443915189481,90-91m²,2026-03-16T11:59:16.344089
2556983916880649060,https://www.hemnet.se/salda/lagenhet-4rum-hammarby-sjostad-stockholms-kommun-batbyggargatan-21-2556983916880649060,90-91m²,2026-03-16T11:59:16.344090
3019241344941078639,https://www.hemnet.se/salda/lagenhet-4rum-oster-knutby-norrtalje-kommun-knutbyvagen-43-3019241344941078639,90-91m²,2026-03-16T11:59:16.344092
4896814082270550580,https://www.hemnet.se/salda/lagenhet-4rum-djurangen-kalmar-kommun-stamvagen-18-4896814082270550580,90-91m²,2026-03-16T11:59:16.344093
3595272225948776928,"https://www.hemnet.se/salda/lagenhet-3rum-huddinge-centrum-huddinge-kommun-sjodalsvagen-26,-4tr-3595272225948776928",90-91m²,2026-03-16T11:59:16.344094
4717067604914906676,"https://www.hemnet.se/salda/lagenhet-3rum-jarlaberg-nacka-kommun-landavagen-12,-van-5-av-5-4717067604914906676",90-91m²,2026-03-16T11:59:16.344095
7247492502182339992,https://www.hemnet.se/salda/lagenhet-4rum-centralt-strommen-norrkopings-kommun-sandgatan-13b-7247492502182339992,90-91m²,2026-03-16T11:59:16.344097
7810697006636896099,https://www.hemnet.se/salda/lagenhet-3rum-triangeln-malmo-kommun-carl-gustafs-vag-42-7810697006636896099,90-91m²,2026-03-16T11:59:16.344098
751029950377433403,https://www.hemnet.se/salda/lagenhet-4rum-centrum-trollhattans-kommun-osterlanggatan-41-751029950377433403,90-91m²,2026-03-16T11:59:16.344099
1858269358417953149,https://www.hemnet.se/salda/lagenhet-3rum-vasastaden-goteborgs-kommun-aschebergsgatan-34-1858269358417953149,90-91m²,2026-03-16T11:59:16.344101
269719430167477818,https://www.hemnet.se/salda/lagenhet-4rum-kungsangen-uppsala-kommun-dragarbrunnsgatan-64-269719430167477818,90-91m²,2026-03-16T11:59:16.344102
2975467540568641930,"https://www.hemnet.se/salda/lagenhet-4rum-arsta-gullmarsplan-stockholms-kommun-ymsenvagen-3,-4-tr-2975467540568641930",90-91m²,2026-03-16T11:59:16.344103
2346197669020884594,https://www.hemnet.se/salda/lagenhet-3rum-skytteholm-solna-kommun-nybodagatan-12-2346197669020884594,90-91m²,2026-03-16T11:59:16.344104
2293098626591967791,https://www.hemnet.se/salda/lagenhet-4rum-taby-centrum-taby-kommun-marknadsvagen-85-2293098626591967791,90-91m²,2026-03-16T11:59:16.344106
8094713980265214985,https://www.hemnet.se/salda/lagenhet-4rum-centrala-handen-haninge-kommun-vallavagen-14-8094713980265214985,90-91m²,2026-03-16T11:59:16.344107
6716739271347143932,https://www.hemnet.se/salda/lagenhet-4rum-luthagen-uppsala-kommun-prastgardsgatan-9a-uthyrningsdel-6716739271347143932,90-91m²,2026-03-16T11:59:16.344108
2893434120989036132,https://www.hemnet.se/salda/lagenhet-5rum-vemdalsskalet-harjedalens-kommun-vemdalsskalet-ovre-kullstigen-16-2893434120989036132,90-91m²,2026-03-16T11:59:16.344110
6387490026233997365,https://www.hemnet.se/salda/lagenhet-4rum-rosengarden-vallentuna-kommun-rosengardsvagen-49-6387490026233997365,90-91m²,2026-03-16T11:59:16.344111
2295022938092058546,https://www.hemnet.se/salda/lagenhet-4rum-soderkulla-malmo-kommun-humanistgatan-6d-2295022938092058546,90-91m²,2026-03-16T11:59:16.344112
8624483675476258175,https://www.hemnet.se/salda/lagenhet-4rum-hjortmossen-trollhattans-kommun-hjortmossegatan-137-8624483675476258175,90-91m²,2026-03-16T11:59:16.344114
3000145110447859389,https://www.hemnet.se/salda/lagenhet-4rum-arsta-stockholms-kommun-arstavagen-4-3000145110447859389,90-91m²,2026-03-16T11:59:16.344115
9013455074881824051,https://www.hemnet.se/salda/lagenhet-4rum-bjornrike-harjedalens-kommun-bjornrike-grizzlyvagen-5c-9013455074881824051,90-91m²,2026-03-16T11:59:16.344116
3600647022636390727,"https://www.hemnet.se/salda/lagenhet-4rum-tumba-botkyrka-kommun-skacklingevagen-129,-1-tr-3600647022636390727",90-91m²,2026-03-16T11:59:16.344117
4079761083603618422,https://www.hemnet.se/salda/lagenhet-3rum-linnestaden-goteborgs-kommun-nordhemsgatan-27a-4079761083603618422,90-91m²,2026-03-16T11:59:16.344119
2132648074552766391,https://www.hemnet.se/salda/lagenhet-3rum-ostermalm-stockholms-kommun-sturegatan-44c-2132648074552766391,90-91m²,2026-03-16T11:59:16.344120
1084982875601901307,https://www.hemnet.se/salda/lagenhet-3rum-limhamn-malmo-kommun-gronalundsgatan-32b-1084982875601901307,90-91m²,2026-03-16T11:59:16.344121
3478601443807447829,https://www.hemnet.se/salda/lagenhet-4rum-kungsladugard-goteborgs-kommun-silverkallegatan-4b-3478601443807447829,90-91m²,2026-03-16T11:59:16.344122
2523829724352030135,https://www.hemnet.se/salda/lagenhet-3rum-huvudsta-solna-kommun-huvudstagatan-27-2523829724352030135,90-91m²,2026-03-16T11:59:16.344124
2714994058751797727,https://www.hemnet.se/salda/lagenhet-3rum-djurangen-kalmar-kommun-djurangsvagen-64a-2714994058751797727,90-91m²,2026-03-16T11:59:16.344125
5333725651719242989,https://www.hemnet.se/salda/lagenhet-4rum-snosatra-stockholms-kommun-baverbacksgrand-84-5333725651719242989,90-91m²,2026-03-16T11:59:16.344126
586836875003349596,https://www.hemnet.se/salda/lagenhet-4rum-korseberg-vanersborgs-kommun-bryggvagen-13d-586836875003349596,90-91m²,2026-03-16T11:59:16.344127
1632343254751904788,https://www.hemnet.se/salda/lagenhet-4rum-hallunda-botkyrka-kommun-hampvagen-13-1632343254751904788,90-91m²,2026-03-16T11:59:16.344129
5813432428014280633,https://www.hemnet.se/salda/lagenhet-3rum-rindo-vaxholms-kommun-kustjagargrand-5-5813432428014280633,90-91m²,2026-03-16T11:59:16.344130
4086771108887316285,https://www.hemnet.se/salda/lagenhet-4rum-salabacke-uppsala-kommun-svardsliljegatan-4-4086771108887316285,90-91m²,2026-03-16T11:59:16.344131
3066030403199411969,https://www.hemnet.se/salda/lagenhet-4rum-handen-haninge-kommun-sleipnervagen-79-3066030403199411969,90-91m²,2026-03-16T11:59:16.344132
5625530608305597828,https://www.hemnet.se/salda/lagenhet-4rum-centrum-falu-kommun-engelbrektsgatan-18d-5625530608305597828,90-91m²,2026-03-16T11:59:16.344133
4838426281441792595,"https://www.hemnet.se/salda/lagenhet-3rum-vasastan-stockholms-kommun-vastmannagatan-90,-1-2tr-4838426281441792595",90-91m²,2026-03-16T11:59:16.344135
1293841594384384352,"https://www.hemnet.se/salda/lagenhet-4rum-traneberg-stockholms-kommun-tranebergsvagen-31,-van-2-1293841594384384352",90-91m²,2026-03-16T11:59:16.344136
1311316263830932732,https://www.hemnet.se/salda/lagenhet-3rum-gyllins-tradgard-malmo-kommun-bullerbygatan-93-1311316263830932732,90-91m²,2026-03-16T11:59:16.344137
5346978451812271175,"https://www.hemnet.se/salda/lagenhet-4rum-grondal-stockholms-kommun-grondalsvagen-179,-5-5tr-5346978451812271175",90-91m²,2026-03-16T11:59:16.344139
7082708217582054548,"https://www.hemnet.se/salda/lagenhet-3rum-handen-haninge-kommun-vallavagen-43,-3-tr-7082708217582054548",90-91m²,2026-03-16T11:59:16.344140
3999867817047716791,https://www.hemnet.se/salda/lagenhet-4rum-gota-boras-kommun-varbergsvagen-32a-3999867817047716791,90-91m²,2026-03-16T11:59:16.344141
6230290869030875347,https://www.hemnet.se/salda/lagenhet-3rum-kalleback-goteborgs-kommun-smorgatan-104-6230290869030875347,90-91m²,2026-03-16T11:59:16.344142
5804056070997816171,https://www.hemnet.se/salda/lagenhet-4rum-hisings-backa-goteborgs-kommun-heidenstams-gata-13-5804056070997816171,90-91m²,2026-03-16T11:59:16.344144
561507510398538090,https://www.hemnet.se/salda/lagenhet-4rum-salem-salems-kommun-sabytorgsvagen-8a-561507510398538090,90-91m²,2026-03-16T11:59:16.344145
7975631007068005793,"https://www.hemnet.se/salda/lagenhet-3,5rum-kvarnholmen-nacka-kommun-kvarngrand-3-7975631007068005793",90-91m²,2026-03-16T11:59:16.344146
2432666691966156829,https://www.hemnet.se/salda/lagenhet-4rum-hisings-karra-goteborgs-kommun-prilyckegatan-121d-2432666691966156829,90-91m²,2026-03-16T11:59:16.344147
2149167750367978410,https://www.hemnet.se/salda/lagenhet-4rum-sodra-omradet-kalmar-kommun-stathallaregatan-60a-2149167750367978410,90-91m²,2026-03-16T11:59:16.344149
8640025934402638027,https://www.hemnet.se/salda/lagenhet-4rum-tyreso-centrum-tyreso-kommun-myggdalsvagen-98-8640025934402638027,90-91m²,2026-03-16T11:59:16.344150
1913718965079594448,https://www.hemnet.se/salda/lagenhet-4rum-stadskarnan-heleneborg-uddevalla-kommun-vindfallegatan-45-1913718965079594448,90-91m²,2026-03-16T11:59:16.344151
4956888908737550831,https://www.hemnet.se/salda/lagenhet-4rum-handen-haninge-kommun-sleipnervagen-3-4956888908737550831,90-91m²,2026-03-16T11:59:16.344152
1474983769669354023,https://www.hemnet.se/salda/lagenhet-4rum-almvik-malmo-kommun-soprangatan-3-1474983769669354023,90-91m²,2026-03-16T11:59:16.344154
3171225683281409685,https://www.hemnet.se/salda/lagenhet-4rum-centrum-hudiksvalls-kommun-kalhagsgatan-1a-3171225683281409685,90-91m²,2026-03-16T11:59:16.344155
1162762768785193968,https://www.hemnet.se/salda/lagenhet-4rum-slottsstaden-erikslust-malmo-kommun-kopenhamnsvagen-48-c-1162762768785193968,90-91m²,2026-03-16T11:59:16.344156
5630401997039750083,https://www.hemnet.se/salda/lagenhet-3rum-vastra-orminge-nacka-kommun-ormingeringen-27a-5630401997039750083,90-91m²,2026-03-16T11:59:16.344157
7017112973755529541,"https://www.hemnet.se/salda/lagenhet-2,5rum-s-t-knut-malmo-kommun-master-danielsgatan-3-7017112973755529541",90-91m²,2026-03-16T11:59:16.344159
2745941044927672394,https://www.hemnet.se/salda/lagenhet-3rum-drottningtorget-malmo-kommun-norregatan-12-2745941044927672394,90-91m²,2026-03-16T11:59:16.344160
6891987271697516731,"https://www.hemnet.se/salda/lagenhet-4rum-husby-stockholms-kommun-stavangergatan-64,-1-tr-6891987271697516731",90-91m²,2026-03-16T11:59:16.344161
7994366660649968194,https://www.hemnet.se/salda/lagenhet-4rum-vallingby-parkstad-racksta-stockholms-kommun-jamtlandsgatan-97-7994366660649968194,90-91m²,2026-03-16T11:59:16.344162
2712714865250294602,https://www.hemnet.se/salda/lagenhet-3rum-norra-gryta-vasteras-kommun-julrosvagen-83-2712714865250294602,90-91m²,2026-03-16T11:59:16.344164
6720370154105053945,https://www.hemnet.se/salda/lagenhet-4rum-gamla-limhamn-malmo-kommun-idrottsgatan-19c-6720370154105053945,90-91m²,2026-03-16T11:59:16.344165
2097814054053334585,https://www.hemnet.se/salda/lagenhet-4rum-bromma-abrahamsberg-stockholms-kommun-spannvagen-48-2097814054053334585,90-91m²,2026-03-16T11:59:16.344166
7049753190719758643,https://www.hemnet.se/salda/lagenhet-3rum-norra-nynashamn-nynashamns-kommun-backluravagen-99-7049753190719758643,90-91m²,2026-03-16T11:59:16.344167
8451581311524418849,https://www.hemnet.se/salda/lagenhet-4rum-handen-haninge-kommun-vallavagen-15-8451581311524418849,90-91m²,2026-03-16T11:59:16.344169
2036310003397429837,https://www.hemnet.se/salda/lagenhet-4rum-centrum-dragarbrunn-uppsala-kommun-dragarbrunnsgatan-62-2036310003397429837,90-91m²,2026-03-16T11:59:16.344170
4522528869844669309,https://www.hemnet.se/salda/lagenhet-4rum-aspudden-ornsberg-stockholms-kommun-margaretha-krooks-gata-3-4522528869844669309,90-91m²,2026-03-16T11:59:16.344171
3135424094374705792,https://www.hemnet.se/salda/lagenhet-3rum-solna-c-fristaden-solna-kommun-huvudstagatan-3a-3135424094374705792,90-91m²,2026-03-16T11:59:16.344173
3135713625466660740,https://www.hemnet.se/salda/lagenhet-4rum-roslags-nasby-taby-kommun-nasbylundsvagen-16-3135713625466660740,90-91m²,2026-03-16T11:59:16.344174
7502310281891087900,https://www.hemnet.se/salda/lagenhet-3rum-kungsholmen-fridhemsplan-stockholms-kommun-fleminggatan-95-7502310281891087900,90-91m²,2026-03-16T11:59:16.344175
5941696553860156928,"https://www.hemnet.se/salda/lagenhet-5rum-haninge-c-haninge-kommun-sleipnervagen-13,-2tr-5941696553860156928",90-91m²,2026-03-16T11:59:16.344176
3530700633999253479,https://www.hemnet.se/salda/lagenhet-4rum-tingstade-gotlands-kommun-gnistvagen-7-3530700633999253479,90-91m²,2026-03-16T11:59:16.344178
7121103613688005263,https://www.hemnet.se/salda/lagenhet-3rum-aspudden-ornsberg-stockholms-kommun-selmedalsringen-10-7121103613688005263,90-91m²,2026-03-16T11:59:16.344179
2906460806399460443,https://www.hemnet.se/salda/lagenhet-4rum-stavre-trollhattans-kommun-peter-baggegatan-2b-2906460806399460443,90-91m²,2026-03-16T11:59:16.344180
6976114659619743040,https://www.hemnet.se/salda/lagenhet-4rum-varsta-botkyrka-kommun-sandavagen-1p-6976114659619743040,90-91m²,2026-03-16T11:59:16.344181
6000683973655477533,https://www.hemnet.se/salda/lagenhet-4rum-slottsstaden-malmo-kommun-kopenhamnsvagen-43a-6000683973655477533,90-91m²,2026-03-16T11:59:16.344183
1428283812106540047,https://www.hemnet.se/salda/lagenhet-3rum-brandholmen-nykopings-kommun-idrottsvagen-75-1428283812106540047,90-91m²,2026-03-16T11:59:16.344184
896256264179480133,https://www.hemnet.se/salda/lagenhet-4rum-nya-garda-goteborgs-kommun-sixten-camps-gata-8-896256264179480133,90-91m²,2026-03-16T11:59:16.344185
8380935659502310606,https://www.hemnet.se/salda/lagenhet-4rum-taby-centrum-taby-kommun-marknadsvagen-173-8380935659502310606,90-91m²,2026-03-16T11:59:16.344186
5439017938646759456,https://www.hemnet.se/salda/lagenhet-3rum-centralt-lunds-kommun-stora-sodergatan-37-5439017938646759456,90-91m²,2026-03-16T11:59:16.344187
1420848758408492479,https://www.hemnet.se/salda/lagenhet-4rum-vastra-orminge-nacka-kommun-ormingeringen-1-1420848758408492479,90-91m²,2026-03-16T11:59:16.344189
3228072112228221110,https://www.hemnet.se/salda/lagenhet-4rum-vireberg-solna-kommun-virebergsvagen-15-3228072112228221110,90-91m²,2026-03-16T11:59:16.344190
6918926653980079873,https://www.hemnet.se/salda/lagenhet-3rum-centrum-kungsbacka-kommun-vastergatan-4-6918926653980079873,90-91m²,2026-03-16T11:59:16.344191
1047893993236468280,https://www.hemnet.se/salda/lagenhet-4rum-centrala-sundbyberg-sundbybergs-kommun-hogklintavagen-12-1047893993236468280,90-91m²,2026-03-16T11:59:16.344196
8887619440468247373,https://www.hemnet.se/salda/lagenhet-3rum-bulltofta-friluftsstad-malmo-kommun-sallerupsvagen-218g-8887619440468247373,90-91m²,2026-03-16T11:59:16.344197
7764233552166382105,https://www.hemnet.se/salda/lagenhet-3rum-centralt-monsteras-kommun-sjotorget-5-7764233552166382105,90-91m²,2026-03-16T11:59:16.344198
6953445758681388785,https://www.hemnet.se/salda/lagenhet-4rum-helenelund-sollentuna-kommun-stupvagen-13-6953445758681388785,90-91m²,2026-03-16T11:59:16.344200
8478891027342823007,https://www.hemnet.se/salda/lagenhet-4rum-torslanda-lilleby-goteborgs-kommun-alvdanshagen-32-8478891027342823007,90-91m²,2026-03-16T11:59:16.344201
2459869167026362218,"https://www.hemnet.se/salda/lagenhet-4rum-frosunda-solna-kommun-gustav-iii-s-boulevard-39,-4-tr-2459869167026362218",90-91m²,2026-03-16T11:59:16.344202
2170885065726222939,https://www.hemnet.se/salda/lagenhet-3rum-mobacken-skelleftea-kommun-storakersgatan-75-2170885065726222939,90-91m²,2026-03-16T11:59:16.344204
7659907314735564043,https://www.hemnet.se/salda/lagenhet-3rum-vasastan-stockholms-kommun-tulegatan-22-7659907314735564043,90-91m²,2026-03-16T11:59:16.344205
2654888516261153761,https://www.hemnet.se/salda/lagenhet-4rum-grabo-gotlands-kommun-myrstigen-7-2654888516261153761,90-91m²,2026-03-16T11:59:16.344206
1739909265368258224,https://www.hemnet.se/salda/lagenhet-4rum-centrum-skara-kommun-skaraborgsgatan-44-a-1739909265368258224,90-91m²,2026-03-16T11:59:16.344207
450775364673694948,https://www.hemnet.se/salda/lagenhet-3rum-grashagen-jonkopings-kommun-norra-bogesundsgatan-1a-450775364673694948,90-91m²,2026-03-16T11:59:16.344209
3337143277307595268,https://www.hemnet.se/salda/lagenhet-3rum-djurangen-kalmar-kommun-djurangsvagen-82b-3337143277307595268,90-91m²,2026-03-16T11:59:16.344210
4127768587395260293,https://www.hemnet.se/salda/lagenhet-3rum-klippan-klippans-kommun-storgatan-35-4127768587395260293,90-91m²,2026-03-16T11:59:16.344211
221377007653957984,https://www.hemnet.se/salda/lagenhet-3rum-hestra-boras-kommun-hestra-ringvag-13-221377007653957984,90-91m²,2026-03-16T11:59:16.344213
5570461646573220323,https://www.hemnet.se/salda/lagenhet-3rum-klostergarden-lunds-kommun-sunnanvag-14h-5570461646573220323,90-91m²,2026-03-16T11:59:16.344214
1325605863676935126,"https://www.hemnet.se/salda/lagenhet-4rum-ballsta-strand-sundbybergs-kommun-hamngatan-31b,-4tr-1325605863676935126",90-91m²,2026-03-16T11:59:16.344215
604755690304607117,https://www.hemnet.se/salda/lagenhet-4rum-ekero-centrum-ekero-kommun-pramvagen-2g-lgh-1201-604755690304607117,90-91m²,2026-03-16T11:59:16.344217
4611145783079872962,https://www.hemnet.se/salda/lagenhet-3rum-vasastan-tegnerlunden-stockholms-kommun-teknologgatan-9-d-4611145783079872962,90-91m²,2026-03-16T11:59:16.344218
3817886492655590162,https://www.hemnet.se/salda/lagenhet-4rum-centralt-avesta-kommun-myrgatan-36a-3817886492655590162,90-91m²,2026-03-16T11:59:16.344219
2374381870309878485,https://www.hemnet.se/salda/lagenhet-4rum-sodra-skogen-karlsborgs-kommun-smedjegatan-36e-2374381870309878485,90-91m²,2026-03-16T11:59:16.344220
33692808440603669,https://www.hemnet.se/salda/lagenhet-4rum-jakobsberg-jarfalla-kommun-dackevagen-15-33692808440603669,90-91m²,2026-03-16T11:59:16.344222
689490095975145421,https://www.hemnet.se/salda/lagenhet-5rum-viken-hoganas-kommun-hylleblomsvagen-80-689490095975145421,90-91m²,2026-03-16T11:59:16.344223
9050496699690703433,https://www.hemnet.se/salda/lagenhet-2rum-falun-centrum-falu-kommun-trotzgatan-45b-9050496699690703433,90-91m²,2026-03-16T11:59:16.344224
7525831664439359671,https://www.hemnet.se/salda/lagenhet-4rum-minneberg-stockholms-kommun-svartviksslingan-15-7525831664439359671,90-91m²,2026-03-16T11:59:16.344225
4732435704685942659,https://www.hemnet.se/salda/lagenhet-4rum-oster-orebro-kommun-lykttandargatan-5-4732435704685942659,90-91m²,2026-03-16T11:59:16.344227
8803409001012303938,"https://www.hemnet.se/salda/lagenhet-3,5rum-ostermalm-gardet-stockholms-kommun-lojtnantsgatan-22-8803409001012303938",90-91m²,2026-03-16T11:59:16.344228
7724037675059968446,https://www.hemnet.se/salda/lagenhet-3rum-kungsbacka-centralt-kungsbacka-kommun-vastergatan-4-7724037675059968446,90-91m²,2026-03-16T11:59:16.344229
8517881186329309085,https://www.hemnet.se/salda/lagenhet-3rum-stensjon-molndals-kommun-tallkottegatan-9-8517881186329309085,90-91m²,2026-03-16T11:59:16.344230
5989356839298345970,https://www.hemnet.se/salda/lagenhet-4rum-centralt-sandvikens-kommun-norra-jarngatan-14c-5989356839298345970,90-91m²,2026-03-16T11:59:16.344232
7504840248862319132,https://www.hemnet.se/salda/lagenhet-4rum-aby-molndals-kommun-sodra-nedanvagsgatan-20b-7504840248862319132,90-91m²,2026-03-16T11:59:16.344233
6730591297677847100,https://www.hemnet.se/salda/lagenhet-5rum-klockarfjallet-harjedalens-kommun-ovre-kullstigen-10-kf503-6730591297677847100,90-91m²,2026-03-16T11:59:16.344234
5031391000989046471,https://www.hemnet.se/salda/lagenhet-4rum-lindholmen-goteborgs-kommun-gotaverksgatan-20-5031391000989046471,90-91m²,2026-03-16T11:59:16.344235
4298697463492373050,https://www.hemnet.se/salda/lagenhet-4rum-kungsholmen-radhuset-stockholms-kommun-hjarnegatan-8-4298697463492373050,90-91m²,2026-03-16T11:59:16.344237
8729101003370470040,https://www.hemnet.se/salda/lagenhet-3rum-vastra-orminge-nacka-kommun-ormingeringen-16b-8729101003370470040,90-91m²,2026-03-16T11:59:16.344238
2810513265901924116,https://www.hemnet.se/salda/lagenhet-4rum-vipelyckan-lunds-kommun-vipeholms-alle-55-2810513265901924116,90-91m²,2026-03-16T11:59:16.344239
3434987235157015296,https://www.hemnet.se/salda/lagenhet-3rum-jonkoping-jonkopings-kommun-norra-bogesundsgatan-1a-3434987235157015296,90-91m²,2026-03-16T11:59:16.344240
702896047061443482,https://www.hemnet.se/salda/lagenhet-4rum-ostanas-kopings-kommun-ostanasgatan-15-702896047061443482,90-91m²,2026-03-16T11:59:16.344242
6998711479451425199,https://www.hemnet.se/salda/lagenhet-4rum-jarfalla-jarfalla-kommun-ynglingavagen-20d-6998711479451425199,90-91m²,2026-03-16T11:59:16.344243
717634571319554666,https://www.hemnet.se/salda/lagenhet-3rum-umedalen-umea-kommun-gladjens-grand-45-717634571319554666,90-91m²,2026-03-16T11:59:16.344244
8471515718881705450,https://www.hemnet.se/salda/lagenhet-3rum-drottningtorget-malmo-kommun-husargatan-8-8471515718881705450,90-91m²,2026-03-16T11:59:16.344246
5724862497403760328,"https://www.hemnet.se/salda/lagenhet-4rum-sodermalm-stockholms-kommun-timmermansgatan-17,-4tr-5724862497403760328",90-91m²,2026-03-16T11:59:16.344247
8720067469231695289,https://www.hemnet.se/salda/lagenhet-6rum-are-bjornen-are-kommun-bjornen-raven-7a-8720067469231695289,90-91m²,2026-03-16T11:59:16.344248
6612824019342887320,"https://www.hemnet.se/salda/lagenhet-4rum-farsta-stockholms-kommun-agesta-brovag-63,-4-tr-6612824019342887320",90-91m²,2026-03-16T11:59:16.344249
249453620322130832,https://www.hemnet.se/salda/lagenhet-3rum-tagaborg-helsingborgs-kommun-brommagatan-15-249453620322130832,90-91m²,2026-03-16T11:59:16.344251
8245629031886498318,https://www.hemnet.se/salda/lagenhet-3rum-korseberg-vanersborgs-kommun-sjobodsvagen-14b-8245629031886498318,90-91m²,2026-03-16T11:59:16.344252
6184716000815071267,https://www.hemnet.se/salda/lagenhet-3rum-gryta-vasteras-kommun-julrosvagen-24-6184716000815071267,90-91m²,2026-03-16T11:59:16.344253
1320533736082989340,https://www.hemnet.se/salda/lagenhet-4rum-ekerum-borgholms-kommun-golfbyvagen-154-1320533736082989340,90-91m²,2026-03-16T11:59:16.344254
4974326491344731181,https://www.hemnet.se/salda/lagenhet-4rum-sodermalm-stockholms-kommun-gotgatan-124-4974326491344731181,90-91m²,2026-03-16T11:59:16.344255
1672037399703419792,https://www.hemnet.se/salda/lagenhet-3rum-gamla-vaster-malmo-kommun-master-johansgatan-5a-1672037399703419792,90-91m²,2026-03-16T11:59:16.344257
334644996735326382,https://www.hemnet.se/salda/lagenhet-3rum-molndal-bosgarden-molndals-kommun-vanortsgatan-26-334644996735326382,90-91m²,2026-03-16T11:59:16.344258
6066547918624927539,https://www.hemnet.se/salda/lagenhet-3rum-handen-haninge-kommun-vallavagen-99-6066547918624927539,90-91m²,2026-03-16T11:59:16.344259
5815413198918468151,https://www.hemnet.se/salda/lagenhet-4rum-vastra-kungsholmen-hornsbergs-strand-stockholms-kommun-lars-forssells-gata-31-5815413198918468151,90-91m²,2026-03-16T11:59:16.344261
353512892159008301,"https://www.hemnet.se/salda/lagenhet-3,5rum-sodermalm-katarina-sofia-stockholms-kommun-folkungagatan-108,-5tr-353512892159008301",90-91m²,2026-03-16T11:59:16.344262
1482082561333938313,https://www.hemnet.se/salda/lagenhet-4rum-rosendal-uppsala-kommun-torgny-segerstedts-alle-28-1482082561333938313,90-91m²,2026-03-16T11:59:16.344263
2017233443252284462,https://www.hemnet.se/salda/lagenhet-4rum-solleftea-solleftea-kommun-storgatan-108b-2017233443252284462,90-91m²,2026-03-16T11:59:16.344264
730880155598502261,"https://www.hemnet.se/salda/lagenhet-4rum-farsta-stockholms-kommun-torsbygatan-20,-5-tr-730880155598502261",90-91m²,2026-03-16T11:59:16.344266
8073339355361295829,https://www.hemnet.se/salda/lagenhet-4rum-vallingby-parkstad-racksta-stockholms-kommun-jamtlandsgatan-97-vaning-10-8073339355361295829,90-91m²,2026-03-16T11:59:16.344267
8906050063560740654,https://www.hemnet.se/salda/lagenhet-4rum-oster-orebro-kommun-lykttandargatan-5-8906050063560740654,90-91m²,2026-03-16T11:59:16.344268
1412382305665441708,"https://www.hemnet.se/salda/lagenhet-3,5rum-ursvik-sundbybergs-kommun-milstensvagen-17-1412382305665441708",90-91m²,2026-03-16T11:59:16.344270
3502061684351940642,https://www.hemnet.se/salda/lagenhet-3rum-mobacken-skelleftea-kommun-storakersgatan-111-3502061684351940642,90-91m²,2026-03-16T11:59:16.344271
2667492332703997607,https://www.hemnet.se/salda/lagenhet-4rum-berghem-umea-kommun-skidsparet-3b-2667492332703997607,90-91m²,2026-03-16T11:59:16.344272
8159558508665277064,https://www.hemnet.se/salda/lagenhet-3rum-umedalen-umea-kommun-gladjens-grand-53-8159558508665277064,90-91m²,2026-03-16T11:59:16.344273
3454316212564745201,https://www.hemnet.se/salda/lagenhet-3rum-kungshojd-goteborgs-kommun-arsenalsgatan-6a-3454316212564745201,90-91m²,2026-03-16T11:59:16.344274
7234150598952627393,https://www.hemnet.se/salda/lagenhet-3rum-centralt-gavle-kommun-brandstromsgatan-5-b-7234150598952627393,90-91m²,2026-03-16T11:59:16.344276
7246129865873299614,https://www.hemnet.se/salda/lagenhet-3rum-kallkallan-lulea-kommun-lingonstigen-42-7246129865873299614,90-91m²,2026-03-16T11:59:16.344277
2504156447169706874,https://www.hemnet.se/salda/lagenhet-3rum-hogaborg-helsingborgs-kommun-direktorsgatan-22-2504156447169706874,90-91m²,2026-03-16T11:59:16.344278
2149801295999418289,https://www.hemnet.se/salda/lagenhet-4rum-holma-malmo-kommun-holma-torg-1b-2149801295999418289,90-91m²,2026-03-16T11:59:16.344280
3771513716437888826,https://www.hemnet.se/salda/lagenhet-3rum-ostermalm-stockholms-kommun-frejgatan-6-3771513716437888826,90-91m²,2026-03-16T11:59:16.344281
1603610515151366894,https://www.hemnet.se/salda/lagenhet-4rum-hyllie-malmo-kommun-atles-gata-9-1603610515151366894,90-91m²,2026-03-16T11:59:16.344282
3244511546664714242,"https://www.hemnet.se/salda/lagenhet-5rum-hundfjallet,-salen-malung-salens-kommun-lavenvagen-5a-3244511546664714242",90-91m²,2026-03-16T11:59:16.344284
7797705851281144719,https://www.hemnet.se/salda/lagenhet-4rum-helsingborg-centrum-helsingborgs-kommun-nedre-langvinkelsgatan-8-7797705851281144719,90-91m²,2026-03-16T11:59:16.344285
5915124879848545101,https://www.hemnet.se/salda/lagenhet-4rum-vardsatra-uppsala-kommun-eksatravagen-142-5915124879848545101,90-91m²,2026-03-16T11:59:16.344286
6762334587995081810,https://www.hemnet.se/salda/lagenhet-4rum-lundby-mjolby-kommun-bjorkgatan-12a-6762334587995081810,90-91m²,2026-03-16T11:59:16.344288
5409590329652104851,https://www.hemnet.se/salda/lagenhet-4rum-centrala-tyreso-tyreso-kommun-sikvagen-9-5409590329652104851,90-91m²,2026-03-16T11:59:16.344289
3640957224248620551,https://www.hemnet.se/salda/lagenhet-3rum-kungsangen-uppsala-kommun-kungsangsgatan-59e-3640957224248620551,90-91m²,2026-03-16T11:59:16.344291
5224496901669467991,https://www.hemnet.se/salda/lagenhet-3rum-jordbro-haninge-kommun-hoglundavagen-15-5224496901669467991,90-91m²,2026-03-16T11:59:16.344292
5016768389761061776,"https://www.hemnet.se/salda/lagenhet-3,5rum-falhagen-uppsala-kommun-hjalmar-brantingsgatan-3a-5016768389761061776",90-91m²,2026-03-16T11:59:16.344293
7461556373839296898,https://www.hemnet.se/salda/lagenhet-4rum-ovre-norslund-falu-kommun-kungsgardsvagen-6-7461556373839296898,90-91m²,2026-03-16T11:59:16.344295
4432550208382284882,https://www.hemnet.se/salda/lagenhet-3rum-ostra-hamnen-vasteras-kommun-kungsangsgatan-21b-4432550208382284882,90-91m²,2026-03-16T11:59:16.344296
3361910288734803172,https://www.hemnet.se/salda/lagenhet-3rum-ostermalm-vasteras-kommun-kakelgatan-6-3361910288734803172,90-91m²,2026-03-16T11:59:16.344297
111931651139019846,"https://www.hemnet.se/salda/lagenhet-3rum-vasastan-stockholms-kommun-upplandsgatan-44,-1,5-tr-111931651139019846",90-91m²,2026-03-16T11:59:16.344299
7452364677576366098,https://www.hemnet.se/salda/lagenhet-3rum-ekhagen-jonkopings-kommun-hagtornsgatan-9-7452364677576366098,90-91m²,2026-03-16T11:59:16.344300
804067357726327807,https://www.hemnet.se/salda/lagenhet-4rum-nacka-nacka-kommun-finnboda-varvsvag-12a-804067357726327807,90-91m²,2026-03-16T11:59:16.344301
883390767012706900,https://www.hemnet.se/salda/lagenhet-4rum-trandared-boras-kommun-guldbrandsgatan-17-883390767012706900,90-91m²,2026-03-16T11:59:16.344302
3111218712700034128,https://www.hemnet.se/salda/lagenhet-4rum-taby-centrum-taby-kommun-marknadsvagen-145-3111218712700034128,90-91m²,2026-03-16T11:59:16.344304
9138531376771276489,https://www.hemnet.se/salda/lagenhet-3rum-luthagen-uppsala-kommun-sysslomansgatan-20a-9138531376771276489,90-91m²,2026-03-16T11:59:16.344305
1780116722333917,https://www.hemnet.se/salda/lagenhet-4rum-skutehagen-goteborgs-kommun-genuavagen-20-1780116722333917,90-91m²,2026-03-16T11:59:16.344306
474205394517109837,https://www.hemnet.se/salda/lagenhet-3rum-norrtalje-hamn-norrtalje-kommun-sjotullstorget-14-474205394517109837,90-91m²,2026-03-16T11:59:16.344308
7807343350567108734,https://www.hemnet.se/salda/lagenhet-4rum-akersberga-centralt-osterakers-kommun-bergavagen-74-7807343350567108734,90-91m²,2026-03-16T11:59:16.344309
3284825324048979272,https://www.hemnet.se/salda/lagenhet-4rum-centrum-falkenbergs-kommun-kopmansgatan-6-3284825324048979272,90-91m²,2026-03-16T11:59:16.344310
8435188416541095337,https://www.hemnet.se/salda/lagenhet-4rum-kviberg-goteborgs-kommun-margit-halls-gata-50-8435188416541095337,90-91m²,2026-03-16T11:59:16.344311
4709591668454115816,https://www.hemnet.se/salda/lagenhet-4rum-granby-uppsala-kommun-dimgatan-11-4709591668454115816,90-91m²,2026-03-16T11:59:16.344313
1102470121830276980,https://www.hemnet.se/salda/lagenhet-3rum-ekhagen-jonkopings-kommun-hagtornsgatan-9-1102470121830276980,90-91m²,2026-03-16T11:59:16.344314
7600564715863302463,https://www.hemnet.se/salda/lagenhet-4rum-savja-uppsala-kommun-stenbrohultsvagen-109-7600564715863302463,90-91m²,2026-03-16T11:59:16.344315
6921107067192862088,https://www.hemnet.se/salda/lagenhet-4rum-rosendal-uppsala-kommun-torgny-segerstedts-alle-9-6921107067192862088,90-91m²,2026-03-16T11:59:16.344317
7990027197252761206,https://www.hemnet.se/salda/lagenhet-4rum-marieholm-mariestads-kommun-drottning-kristinas-vag-65-7990027197252761206,90-91m²,2026-03-16T11:59:16.344318
1972712281480466615,https://www.hemnet.se/salda/lagenhet-3rum-vaster-park-orebro-kommun-karlsgatan-32f-1972712281480466615,90-91m²,2026-03-16T11:59:16.344319
3364308023444284630,"https://www.hemnet.se/salda/lagenhet-4,5rum-mollevangen-malmo-kommun-sofielundsvagen-12-3364308023444284630",90-91m²,2026-03-16T11:59:16.344321
9212986772577988330,"https://www.hemnet.se/salda/lagenhet-3rum-kronan-lulea-kommun-kompanivagen-23,-van-7-9212986772577988330",90-91m²,2026-03-16T11:59:16.344322
9105018007447639162,https://www.hemnet.se/salda/lagenhet-3rum-luthagen-uppsala-kommun-luthagsesplanaden-32c-9105018007447639162,90-91m²,2026-03-16T11:59:16.344323
5625160779975960850,https://www.hemnet.se/salda/lagenhet-4rum-vastra-sjostaden-ystads-kommun-orkangatan-6-5625160779975960850,90-91m²,2026-03-16T11:59:16.344325
4792986156349466691,https://www.hemnet.se/salda/lagenhet-3rum-ostermalm-stockholms-kommun-nybrogatan-42-b-4792986156349466691,90-91m²,2026-03-16T11:59:16.344326
3287903417130622668,https://www.hemnet.se/salda/lagenhet-4rum-hallerna-stenungsunds-kommun-angsbacken-11a-3287903417130622668,90-91m²,2026-03-16T11:59:16.344327
6603293406638459325,https://www.hemnet.se/salda/lagenhet-4rum-berghem-umea-kommun-axtorpsvagen-15-6603293406638459325,90-91m²,2026-03-16T11:59:16.344329
3450100859188462862,https://www.hemnet.se/salda/lagenhet-4rum-kvarnholmen-kalmar-kommun-proviantgatan-19-3450100859188462862,90-91m²,2026-03-16T11:59:16.344330
6700161972079183591,https://www.hemnet.se/salda/lagenhet-4rum-ultuna-uppsala-kommun-backlosavagen-5-6700161972079183591,90-91m²,2026-03-16T11:59:16.344331
8194603661908829354,https://www.hemnet.se/salda/lagenhet-3rum-vasteras-vasteras-kommun-labradorvagen-9-8194603661908829354,90-91m²,2026-03-16T11:59:16.344332
3701040857507989208,https://www.hemnet.se/salda/lagenhet-4rum-sollentuna-helenelund-sollentuna-kommun-stupvagen-17-3701040857507989208,90-91m²,2026-03-16T11:59:16.344334
3722096267550684827,"https://www.hemnet.se/salda/lagenhet-3,5rum-sodermalm-sofia-stockholms-kommun-folkungagatan-112-3722096267550684827",90-91m²,2026-03-16T11:59:16.344335
4180465833342443820,"https://www.hemnet.se/salda/lagenhet-3,5rum-frosunda-solna-kommun-gustav-iii-s-boulevard-67,-3-tr-4180465833342443820",90-91m²,2026-03-16T11:59:16.344336
5043988099142017482,https://www.hemnet.se/salda/lagenhet-1rum-vaster-landskrona-kommun-artillerigatan-9-timmermansgatan-2e-5043988099142017482,90-91m²,2026-03-16T11:59:16.344338
7755601090575103518,https://www.hemnet.se/salda/lagenhet-4rum-centrala-akersberga-osterakers-kommun-skolvagen-12a-7755601090575103518,90-91m²,2026-03-16T11:59:16.344339
5061154409973444019,https://www.hemnet.se/salda/lagenhet-4rum-skarpnack-stockholms-kommun-skarpnacks-alle-62-5061154409973444019,90-91m²,2026-03-16T11:59:16.344340
4568265670303746016,https://www.hemnet.se/salda/lagenhet-4rum-hisings-backa-goteborgs-kommun-ovralidsgatan-21-4568265670303746016,90-91m²,2026-03-16T11:59:16.344342
7682479760188637354,https://www.hemnet.se/salda/lagenhet-4rum-alliero-sundsvalls-kommun-ludvigsbergsvagen-12-7682479760188637354,90-91m²,2026-03-16T11:59:16.344343
3469934778476294001,https://www.hemnet.se/salda/lagenhet-4rum-rosendal-uppsala-kommun-gerd-enequists-gata-14-3469934778476294001,90-91m²,2026-03-16T11:59:16.344344
58560258356797334,https://www.hemnet.se/salda/lagenhet-4rum-centrala-handen-haninge-kommun-sleipnervagen-31-58560258356797334,90-91m²,2026-03-16T11:59:16.344346
4513753916233503043,https://www.hemnet.se/salda/lagenhet-4rum-sodra-gottsunda-uppsala-kommun-eksatravagen-116-4513753916233503043,90-91m²,2026-03-16T11:59:16.344347
4690826134025879446,"https://www.hemnet.se/salda/lagenhet-3,5rum-tollare-nacka-kommun-tollarevagen-51,-2-tr-4690826134025879446",90-91m²,2026-03-16T11:59:16.344348
7560343092643980008,"https://www.hemnet.se/salda/lagenhet-3rum-herrhagen-karlstads-kommun-stagnellsgatan-9,-1201-7560343092643980008",90-91m²,2026-03-16T11:59:16.344350
1748826011534071621,"https://www.hemnet.se/salda/lagenhet-4rum-hagsatra-alvsjobadet-stockholms-kommun-lillhagsvagen-18,-1-tr-1748826011534071621",90-91m²,2026-03-16T11:59:16.344351
2841960361098373475,https://www.hemnet.se/salda/lagenhet-4rum-enskededalen-stockholms-kommun-astri-taubes-torg-2-2841960361098373475,90-91m²,2026-03-16T11:59:16.344352
236808777819329081,"https://www.hemnet.se/salda/lagenhet-3,5rum-jonkoping-oster-jonkopings-kommun-odengatan-21b-236808777819329081",90-91m²,2026-03-16T11:59:16.344354
7497781400911035443,https://www.hemnet.se/salda/lagenhet-4rum-trandared-boras-kommun-trandaredsgatan-39a-7497781400911035443,90-91m²,2026-03-16T11:59:16.344355
5432906355775871570,https://www.hemnet.se/salda/lagenhet-3rum-karlsdal-vasteras-kommun-johanneshojden-4-5432906355775871570,90-91m²,2026-03-16T11:59:16.344356
2881552704597896006,"https://www.hemnet.se/salda/lagenhet-4rum-sveakvarteren-stockholms-kommun-melodislingan-7,-5-tr-2881552704597896006",90-91m²,2026-03-16T11:59:16.344357
4557660034585315048,https://www.hemnet.se/salda/lagenhet-4rum-centrala-marsta-sigtuna-kommun-satunavagen-17c-4557660034585315048,90-91m²,2026-03-16T11:59:16.344359
1926994307278124551,https://www.hemnet.se/salda/lagenhet-3rum-falun-falu-kommun-sturegatan-97c-1926994307278124551,90-91m²,2026-03-16T11:59:16.344360
4995089223349613044,https://www.hemnet.se/salda/lagenhet-3rum-kungsangen-centrum-upplands-bro-kommun-tallrisvagen-4-4995089223349613044,90-91m²,2026-03-16T11:59:16.344361
2139448138868856022,https://www.hemnet.se/salda/lagenhet-3rum-centralt-norr-orebro-kommun-storgatan-10c-2139448138868856022,90-91m²,2026-03-16T11:59:16.344363
230622984899081998,https://www.hemnet.se/salda/lagenhet-3rum-grondal-stockholms-kommun-ormbergsvagen-1-230622984899081998,90-91m²,2026-03-16T11:59:16.344364
5332078148065836387,https://www.hemnet.se/salda/lagenhet-3rum-eriksberg-goteborgs-kommun-ostindiefararen-13-5332078148065836387,90-91m²,2026-03-16T11:59:16.344365
6677443667164532184,https://www.hemnet.se/salda/lagenhet-4rum-ensta-taby-kommun-marknadsvagen-47-6677443667164532184,90-91m²,2026-03-16T11:59:16.344366
3267060949141558589,https://www.hemnet.se/salda/lagenhet-4rum-ormesta-orebro-kommun-olofsgatan-9-3267060949141558589,90-91m²,2026-03-16T11:59:16.344368
3019170917797966626,https://www.hemnet.se/salda/lagenhet-4rum-vendelso-haninge-kommun-virkesvagen-66-3019170917797966626,90-91m²,2026-03-16T11:59:16.344369
5729957078475299940,https://www.hemnet.se/salda/lagenhet-4rum-hagerstensasen-stockholms-kommun-bokbindarvagen-11b-5729957078475299940,90-91m²,2026-03-16T11:59:16.344370
166747834131171078,https://www.hemnet.se/salda/lagenhet-4rum-rosengarden-helsingborgs-kommun-alvkvarnsgatan-143-166747834131171078,90-91m²,2026-03-16T11:59:16.344371
5559243068715085538,https://www.hemnet.se/salda/lagenhet-3rum-frosunda-solna-kommun-gustav-iii-s-boulevard-61-5559243068715085538,90-91m²,2026-03-16T11:59:16.344373
8476858929066818533,https://www.hemnet.se/salda/lagenhet-4rum-vastra-hamnen-malmo-kommun-lilla-varvsgatan-23e-8476858929066818533,90-91m²,2026-03-16T11:59:16.344374
6456843999602669656,https://www.hemnet.se/salda/lagenhet-3rum-turbo-sala-kommun-mariebergsgatan-47-6456843999602669656,90-91m²,2026-03-16T11:59:16.344375
6072752676411710635,https://www.hemnet.se/salda/lagenhet-3rum-orminge-nacka-kommun-edovagen-10b-6072752676411710635,90-91m²,2026-03-16T11:59:16.344376
4889989829979077054,https://www.hemnet.se/salda/lagenhet-4rum-centrala-handen-slatmossen-haninge-kommun-tuvvagen-23-4889989829979077054,90-91m²,2026-03-16T11:59:16.344378
2121102077906269715,https://www.hemnet.se/salda/lagenhet-4rum-nordanby-vasteras-kommun-bangatan-55-2121102077906269715,90-91m²,2026-03-16T11:59:16.344379
4201610573645751165,https://www.hemnet.se/salda/lagenhet-3rum-rindo-vaxholms-kommun-brannuddsvagen-5-4201610573645751165,90-91m²,2026-03-16T11:59:16.344380
5726684112904030659,https://www.hemnet.se/salda/lagenhet-4rum-botkyrka-brunna-botkyrka-kommun-tomtbergavagen-29-5726684112904030659,90-91m²,2026-03-16T11:59:16.344381
6043738569307887475,https://www.hemnet.se/salda/lagenhet-4rum-farsta-strand-stockholms-kommun-ullerudsbacken-51-6043738569307887475,90-91m²,2026-03-16T11:59:16.344383
4616549471568672692,https://www.hemnet.se/salda/lagenhet-4rum-alvesta-vastra-alvesta-alvesta-kommun-odlingsvagen-29-4616549471568672692,90-91m²,2026-03-16T11:59:16.344384
8046006284688067218,https://www.hemnet.se/salda/lagenhet-3rum-rydeback-helsingborgs-kommun-rydebacks-stationsgata-3-8046006284688067218,90-91m²,2026-03-16T11:59:16.344385
8197316877618991931,https://www.hemnet.se/salda/lagenhet-4rum-hoganas-uppsala-kommun-torkelsgatan-28-a-8197316877618991931,90-91m²,2026-03-16T11:59:16.344387
3593910185286463103,https://www.hemnet.se/salda/lagenhet-3rum-limhamn-elinegard-kalkstensparken-malmo-kommun-blasebergavagen-23-3593910185286463103,90-91m²,2026-03-16T11:59:16.344388
3793704236934047304,https://www.hemnet.se/salda/lagenhet-4rum-frosunda-solna-kommun-gustav-iii-s-boulevard-135-3793704236934047304,90-91m²,2026-03-16T11:59:16.344389
8669021116778718041,https://www.hemnet.se/salda/lagenhet-4rum-jarnakra-lunds-kommun-jarnakravagen-25b-8669021116778718041,90-91m²,2026-03-16T11:59:16.344391
8262316939390470626,https://www.hemnet.se/salda/lagenhet-3rum-backadal-angelholms-kommun-lokgatan-20-8262316939390470626,90-91m²,2026-03-16T11:59:16.344392
4356935682753797045,https://www.hemnet.se/salda/lagenhet-3rum-ostra-hamnen-vasteras-kommun-malargatan-6b-4356935682753797045,90-91m²,2026-03-16T11:59:16.344393
7503363666028662218,"https://www.hemnet.se/salda/lagenhet-4rum-rasunda-solna-kommun-backvagen-10,-1tr-7503363666028662218",90-91m²,2026-03-16T11:59:16.344395
2213648817601421823,https://www.hemnet.se/salda/lagenhet-4rum-orebro-orebro-kommun-lertagsgatan-54-2213648817601421823,90-91m²,2026-03-16T11:59:16.344396
362160925981443119,https://www.hemnet.se/salda/lagenhet-4rum-centrum-tyreso-kommun-myggdalsvagen-48-362160925981443119,90-91m²,2026-03-16T11:59:16.344397
6108274414366551644,"https://www.hemnet.se/salda/lagenhet-3,5rum-hasthagen-varmdo-kommun-mariagatan-9b-6108274414366551644",90-91m²,2026-03-16T11:59:16.344399
6858803396408056648,"https://www.hemnet.se/salda/lagenhet-4rum-liljeholmskajen-stockholms-kommun-hildebergsvagen-2,-1tr-6858803396408056648",90-91m²,2026-03-16T11:59:16.344401
8879459769086644319,"https://www.hemnet.se/salda/lagenhet-4rum-farsta-strand-stockholms-kommun-filipstadsbacken-46,-6tr-8879459769086644319",90-91m²,2026-03-16T11:59:16.344402
368265026326802050,https://www.hemnet.se/salda/lagenhet-3rum-linnestaden-goteborgs-kommun-ovre-husargatan-23-a-368265026326802050,90-91m²,2026-03-16T11:59:16.344404
8954539049694545510,https://www.hemnet.se/salda/lagenhet-3rum-norra-asum-kristianstads-kommun-navvagen-31b-8954539049694545510,90-91m²,2026-03-16T11:59:16.344405
280350754615615514,https://www.hemnet.se/salda/lagenhet-4rum-porson-lulea-kommun-forskarvagen-139-280350754615615514,90-91m²,2026-03-16T11:59:16.344406
8735002933558990176,"https://www.hemnet.se/salda/lagenhet-4rum-akeshov-stockholms-kommun-bergslagsvagen-76,-van-6-6-8735002933558990176",90-91m²,2026-03-16T11:59:16.344407
2981676009872926028,https://www.hemnet.se/salda/lagenhet-4rum-tuve-goteborgs-kommun-arvesgarde-17-2981676009872926028,90-91m²,2026-03-16T11:59:16.344409
1161132952084506190,https://www.hemnet.se/salda/lagenhet-4rum-viksjo-jarfalla-kommun-axvagen-51-1161132952084506190,90-91m²,2026-03-16T11:59:16.344410
2531086696928722724,https://www.hemnet.se/salda/lagenhet-4rum-torslanda-amhult-goteborgs-kommun-amhults-byvag-23-2531086696928722724,90-91m²,2026-03-16T11:59:16.344412
6781430275215896536,https://www.hemnet.se/salda/lagenhet-3rum-haninge-c-haninge-kommun-vallavagen-35-6781430275215896536,90-91m²,2026-03-16T11:59:16.344413
2277111264276286884,"https://www.hemnet.se/salda/lagenhet-4rum-hammarby-sjostad-stockholms-kommun-fartygsgatan-8,-vaning-4-2277111264276286884",90-91m²,2026-03-16T11:59:16.344414
6996273107305415541,"https://www.hemnet.se/salda/lagenhet-4rum-botkyrka-hallunda-botkyrka-kommun-havrevagen-10,-7tr-6996273107305415541",90-91m²,2026-03-16T11:59:16.344416
3088891355510510392,https://www.hemnet.se/salda/lagenhet-3rum-ostermalm-stockholms-kommun-riddargatan-28b-3088891355510510392,90-91m²,2026-03-16T11:59:16.344417
3334170563493858220,https://www.hemnet.se/salda/lagenhet-2rum-centrala-linkoping-linkopings-kommun-borgmastaregatan-7b-3334170563493858220,90-91m²,2026-03-16T11:59:16.344418
4390010345771614449,https://www.hemnet.se/salda/lagenhet-3rum-centrala-tyreso-tyreso-kommun-myggdalsvagen-60-4390010345771614449,90-91m²,2026-03-16T11:59:16.344419
420156545617783366,"https://www.hemnet.se/salda/lagenhet-3,5rum-vipelyckan-lunds-kommun-vipeholms-alle-55-420156545617783366",90-91m²,2026-03-16T11:59:16.344421
6314464172357262607,https://www.hemnet.se/salda/lagenhet-4rum-kolla-kungsbacka-kommun-gnejsvagen-70-6314464172357262607,90-91m²,2026-03-16T11:59:16.344422
6522876231356150056,https://www.hemnet.se/salda/lagenhet-3rum-ekhagen-stockholms-kommun-ekhagsvagen-4-6522876231356150056,90-91m²,2026-03-16T11:59:16.344423
7494681089971947846,https://www.hemnet.se/salda/lagenhet-4rum-botkyrka-hallunda-botkyrka-kommun-tomtbergavagen-100-7494681089971947846,90-91m²,2026-03-16T11:59:16.344425
1502800270512838664,https://www.hemnet.se/salda/lagenhet-4rum-taby-centrum-taby-kommun-akerbyvagen-386-1502800270512838664,90-91m²,2026-03-16T11:59:16.344426
558762918547526123,https://www.hemnet.se/salda/lagenhet-4rum-nybodahojden-stockholms-kommun-nybodaringen-9-558762918547526123,90-91m²,2026-03-16T11:59:16.344436
5112969789564714650,https://www.hemnet.se/salda/lagenhet-3rum-vastra-hamnen-malmo-kommun-rodergatan-30-5112969789564714650,90-91m²,2026-03-16T11:59:16.344438
7729979629873425578,https://www.hemnet.se/salda/lagenhet-3rum-eriksberg-goteborgs-kommun-ostindiefararen-13-7729979629873425578,90-91m²,2026-03-16T11:59:16.344440
5299381474655080991,https://www.hemnet.se/salda/lagenhet-4rum-bollstanas-upplands-vasby-kommun-bjursvagen-46-5299381474655080991,90-91m²,2026-03-16T11:59:16.344441
2088334537045968533,https://www.hemnet.se/salda/lagenhet-4rum-nordanby-vasteras-kommun-bangatan-25-2088334537045968533,90-91m²,2026-03-16T11:59:16.344442
6733396657274513458,"https://www.hemnet.se/salda/lagenhet-3,5rum-centrala-molndal-molndals-kommun-torggatan-12-6733396657274513458",90-91m²,2026-03-16T11:59:16.344444
8086917899880542872,https://www.hemnet.se/salda/lagenhet-4rum-beckomberga-stockholms-kommun-beckomberga-alle-5-8086917899880542872,90-91m²,2026-03-16T11:59:16.344445
5284315870661071129,"https://www.hemnet.se/salda/lagenhet-3,5rum-huddinge-huddinge-kommun-mangardsvagen-4-5284315870661071129",90-91m²,2026-03-16T11:59:16.344446
2760254007239008143,https://www.hemnet.se/salda/lagenhet-4rum-tuve-goteborgs-kommun-arvesgarde-17-2760254007239008143,90-91m²,2026-03-16T11:59:16.344447
6203481473840991919,https://www.hemnet.se/salda/lagenhet-4rum-visby-gotlands-kommun-styrmansgatan-321-6203481473840991919,90-91m²,2026-03-16T11:59:16.344449
6604912199126709551,"https://www.hemnet.se/salda/lagenhet-4rum-lilla-essingen-stockholms-kommun-essinge-brogata-3,-2tr-6604912199126709551",90-91m²,2026-03-16T11:59:16.344450
2040521827170407434,https://www.hemnet.se/salda/lagenhet-3rum-centrum-alingsas-kommun-plangatan-17-2040521827170407434,90-91m²,2026-03-16T11:59:16.344451
8031145712391059210,https://www.hemnet.se/salda/lagenhet-3rum-limhamn-on-malmo-kommun-sundskajen-2b-8031145712391059210,90-91m²,2026-03-16T11:59:16.344453
5416539593552915698,https://www.hemnet.se/salda/lagenhet-3rum-jonkoping-habo-kommun-hjovagen-27b-5416539593552915698,90-91m²,2026-03-16T11:59:16.344454
162430935927052653,https://www.hemnet.se/salda/lagenhet-4rum-trandared-boras-kommun-kallhagsgatan-29-162430935927052653,90-91m²,2026-03-16T11:59:16.344455
5399879659671040169,https://www.hemnet.se/salda/lagenhet-3rum-fagersta-fagersta-kommun-dalavagen-74a-5399879659671040169,90-91m²,2026-03-16T11:59:16.344456
2944198212028700999,"https://www.hemnet.se/salda/lagenhet-3,5rum-rorsjostaden-malmo-kommun-foreningsgatan-66-2944198212028700999",90-91m²,2026-03-16T11:59:16.344458
652676383492936967,https://www.hemnet.se/salda/lagenhet-3rum-vasteras-vasteras-kommun-rudbecksgatan-6a-652676383492936967,90-91m²,2026-03-16T11:59:16.344459
7407131879735523433,"https://www.hemnet.se/salda/lagenhet-3rum-birkastan-vasastan-stockholms-kommun-tomtebogatan-53,-3,5tr-7407131879735523433",90-91m²,2026-03-16T11:59:16.344460
1068240318070266088,https://www.hemnet.se/salda/lagenhet-3rum-ostra-framby-falu-kommun-torkils-vag-9f-1068240318070266088,90-91m²,2026-03-16T11:59:16.344461
1685554308293088426,"https://www.hemnet.se/salda/lagenhet-3rum-sodermalm-stockholms-kommun-asogatan-172,-5-tr-1685554308293088426",90-91m²,2026-03-16T11:59:16.344463
7555533680692470331,https://www.hemnet.se/salda/lagenhet-3rum-hallby-eskilstuna-kommun-oknavagen-75a-7555533680692470331,90-91m²,2026-03-16T11:59:16.344464
6545587016865042565,https://www.hemnet.se/salda/lagenhet-4rum-bromma-mariehall-stockholms-kommun-klintbacken-68b-6545587016865042565,90-91m²,2026-03-16T11:59:16.344465
2161690127544797643,"https://www.hemnet.se/salda/lagenhet-3rum-vasastan-stockholms-kommun-sankt-eriksgatan-84,-7tr-2161690127544797643",90-91m²,2026-03-16T11:59:16.344466
6882652938157883247,https://www.hemnet.se/salda/lagenhet-4rum-danderyd-danderyds-kommun-morbydalen-21-6882652938157883247,90-91m²,2026-03-16T11:59:16.344468
8336603919768949662,https://www.hemnet.se/salda/lagenhet-4rum-kungshojd-goteborgs-kommun-norra-liden-29-8336603919768949662,90-91m²,2026-03-16T11:59:16.344469
8174215172833997372,https://www.hemnet.se/salda/lagenhet-4rum-lansmansgarden-goteborgs-kommun-varmfrontsgatan-10-8174215172833997372,90-91m²,2026-03-16T11:59:16.344470
2278967205651555212,"https://www.hemnet.se/salda/lagenhet-4rum-grondal-stockholms-kommun-grondalsvagen-167,-van-3-2278967205651555212",90-91m²,2026-03-16T11:59:16.344472
2190712943222755870,"https://www.hemnet.se/salda/lagenhet-4rum-alta-stenso-nacka-kommun-oxelvagen-55,-4-tr-2190712943222755870",90-91m²,2026-03-16T11:59:16.344473
8350894545845341372,https://www.hemnet.se/salda/lagenhet-3rum-ostermalm-stockholms-kommun-fredrikshovsgatan-5-8350894545845341372,90-91m²,2026-03-16T11:59:16.344474
4758477967186742925,https://www.hemnet.se/salda/lagenhet-4rum-lerum-centralt-lerums-kommun-kantor-edgrens-vag-2-g-4758477967186742925,90-91m²,2026-03-16T11:59:16.344476
9070930016509673723,https://www.hemnet.se/salda/lagenhet-4rum-blomangen-ostersunds-kommun-norra-torlandsgatan-13a-9070930016509673723,90-91m²,2026-03-16T11:59:16.344477
2141244096203161354,"https://www.hemnet.se/salda/lagenhet-3rum-kungsangen-tibble-upplands-bro-kommun-tibble-torg-7,-1tr-2141244096203161354",90-91m²,2026-03-16T11:59:16.344478
7974966482935737072,https://www.hemnet.se/salda/lagenhet-4rum-kungsladugard-goteborgs-kommun-mariagatan-16d-7974966482935737072,90-91m²,2026-03-16T11:59:16.344479
1311047723665186838,https://www.hemnet.se/salda/lagenhet-3rum-centrala-handen-haninge-kommun-vallavagen-15-1311047723665186838,90-91m²,2026-03-16T11:59:16.344481
7508883420147895165,https://www.hemnet.se/salda/lagenhet-4rum-hisings-backa-goteborgs-kommun-marbackagatan-7-7508883420147895165,90-91m²,2026-03-16T11:59:16.344482
530859874273483881,https://www.hemnet.se/salda/lagenhet-3rum-norrmalm-stockholms-kommun-klara-tvargrand-5-530859874273483881,90-91m²,2026-03-16T11:59:16.344483
6835032430927607388,https://www.hemnet.se/salda/lagenhet-3rum-luthagen-uppsala-kommun-sysslomansgatan-31b-6835032430927607388,90-91m²,2026-03-16T11:59:16.344484
9126802440074698531,https://www.hemnet.se/salda/lagenhet-4rum-hammarbyhojden-stockholms-kommun-paternostervagen-70-9126802440074698531,90-91m²,2026-03-16T11:59:16.344486
1963149082716137881,https://www.hemnet.se/salda/lagenhet-4rum-city-vasteras-kommun-mimergatan-2-1963149082716137881,90-91m²,2026-03-16T11:59:16.344487
7516405303878482687,https://www.hemnet.se/salda/lagenhet-4rum-masthugget-goteborgs-kommun-klamparegatan-17-7516405303878482687,90-91m²,2026-03-16T11:59:16.344488
2813311295691514941,https://www.hemnet.se/salda/lagenhet-3rum-sodermalm-katarina-stockholms-kommun-ostgotagatan-36-2813311295691514941,90-91m²,2026-03-16T11:59:16.344489
4925974499891214922,https://www.hemnet.se/salda/lagenhet-4rum-rasunda-solna-kommun-sjovagen-2-4925974499891214922,90-91m²,2026-03-16T11:59:16.344491
6472188333476934827,https://www.hemnet.se/salda/lagenhet-3rum-fagersta-fagersta-kommun-dalavagen-85a-6472188333476934827,90-91m²,2026-03-16T11:59:16.344492
162524945507228195,https://www.hemnet.se/salda/lagenhet-3rum-centralt-oster-orebro-kommun-isgatan-11-162524945507228195,90-91m²,2026-03-16T11:59:16.344493
1011781053801402389,https://www.hemnet.se/salda/lagenhet-4rum-vastra-orminge-nacka-kommun-edovagen-8b-1011781053801402389,90-91m²,2026-03-16T11:59:16.344494
7633888892403957324,https://www.hemnet.se/salda/lagenhet-4rum-ovre-vasastaden-linkopings-kommun-thorells-gata-12-7633888892403957324,90-91m²,2026-03-16T11:59:16.344496
6452391454892793427,https://www.hemnet.se/salda/lagenhet-3rum-bergshamra-solna-kommun-abergssons-vag-35-6452391454892793427,90-91m²,2026-03-16T11:59:16.344497
2760485539554250557,https://www.hemnet.se/salda/lagenhet-4rum-centralt-vaster-gavle-kommun-engelbrektsgatan-1-a-2760485539554250557,90-91m²,2026-03-16T11:59:16.344498
7067886690554489773,https://www.hemnet.se/salda/lagenhet-4rum-rabylund-lunds-kommun-agronomvagen-6-7067886690554489773,90-91m²,2026-03-16T11:59:16.344499
8151897328983929211,https://www.hemnet.se/salda/lagenhet-4rum-hovas-goteborgs-kommun-petter-jons-grand-1-8151897328983929211,90-91m²,2026-03-16T11:59:16.344501
5600211508096292376,https://www.hemnet.se/salda/lagenhet-4rum-borgmastaregarden-malmo-kommun-lagmansgatan-6g-5600211508096292376,90-91m²,2026-03-16T11:59:16.344502
8420377190858923842,https://www.hemnet.se/salda/lagenhet-3rum-dockan-malmo-kommun-dockgatan-3-a-8420377190858923842,90-91m²,2026-03-16T11:59:16.344503
4602902420514728773,https://www.hemnet.se/salda/lagenhet-4rum-stromsbro-gavle-kommun-rosgatan-37a-4602902420514728773,90-91m²,2026-03-16T11:59:16.344504
4179111783549477557,https://www.hemnet.se/salda/lagenhet-4rum-flatas-goteborgs-kommun-stenkastsgatan-3-4179111783549477557,90-91m²,2026-03-16T11:59:16.344506
6653499718369599541,https://www.hemnet.se/salda/lagenhet-3rum-eriksberg-goteborgs-kommun-ostindiefararen-13-6653499718369599541,90-91m²,2026-03-16T11:59:16.344507
3922967306387177480,https://www.hemnet.se/salda/lagenhet-4rum-hisings-backa-goteborgs-kommun-ovralidsgatan-27-3922967306387177480,90-91m²,2026-03-16T11:59:16.344508
6701160402053686804,https://www.hemnet.se/salda/lagenhet-4rum-froson-ostersunds-kommun-frojavagen-11c-6701160402053686804,90-91m²,2026-03-16T11:59:16.344510
4050349739051408815,https://www.hemnet.se/salda/lagenhet-4rum-are-bjornen-are-kommun-bjornen-ugglan-3d-4050349739051408815,90-91m²,2026-03-16T11:59:16.344511
4514088682664132916,https://www.hemnet.se/salda/lagenhet-4rum-hisings-backa-goteborgs-kommun-ovralidsgatan-11-4514088682664132916,90-91m²,2026-03-16T11:59:16.344513
4588047635283083304,https://www.hemnet.se/salda/lagenhet-3rum-mjolkudden-lulea-kommun-mjolkuddsvagen-195-4588047635283083304,90-91m²,2026-03-16T11:59:16.344514
2083921513827593471,https://www.hemnet.se/salda/lagenhet-4rum-bergvreten-fanna-korsangen-enkopings-kommun-fannagatan-30e-2083921513827593471,90-91m²,2026-03-16T11:59:16.344515
3565964687461065199,"https://www.hemnet.se/salda/lagenhet-4rum-botkyrka-hallunda-botkyrka-kommun-vetevagen-5,-3tr-3565964687461065199",90-91m²,2026-03-16T11:59:16.344517
3398318303297518519,https://www.hemnet.se/salda/lagenhet-4rum-jordbro-haninge-kommun-hoglundavagen-13-3398318303297518519,90-91m²,2026-03-16T11:59:16.344518
359181477221618279,"https://www.hemnet.se/salda/lagenhet-3rum-hammarby-sjostad-stockholms-kommun-rorgangargatan-11,-3-tr-359181477221618279",90-91m²,2026-03-16T11:59:16.344520
6210160588812840247,https://www.hemnet.se/salda/lagenhet-3rum-vasastan-birkastan-stockholms-kommun-karlbergsvagen-62-6210160588812840247,90-91m²,2026-03-16T11:59:16.344521
7536334661254379819,https://www.hemnet.se/salda/lagenhet-3rum-nasby-slott-taby-kommun-dora-lamms-gata-6-7536334661254379819,90-91m²,2026-03-16T11:59:16.344522
2000290481680960758,https://www.hemnet.se/salda/lagenhet-4rum-fagelbo-nykopings-kommun-fagelbovagen-21a-2000290481680960758,90-91m²,2026-03-16T11:59:16.344523
333564051063948458,https://www.hemnet.se/salda/lagenhet-2rum-centralt-stromstads-kommun-badhusgatan-7-333564051063948458,90-91m²,2026-03-16T11:59:16.344525
507742756293489796,https://www.hemnet.se/salda/lagenhet-4rum-vega-haninge-kommun-storseglet-43-507742756293489796,90-91m²,2026-03-16T11:59:16.344526
7211583848079905707,https://www.hemnet.se/salda/lagenhet-4rum-gustavsberg-varmdo-kommun-idrottsvagen-2-7211583848079905707,90-91m²,2026-03-16T11:59:16.344527
4176522290228188649,"https://www.hemnet.se/salda/lagenhet-4rum-taby-taby-kommun-marknadsvagen-67,-3-tr-4176522290228188649",90-91m²,2026-03-16T11:59:16.344528
4390821564017707962,https://www.hemnet.se/salda/lagenhet-5rum-bagarmossen-stockholms-kommun-lagavagen-18-4390821564017707962,90-91m²,2026-03-16T11:59:16.344530
2421130910503454857,https://www.hemnet.se/salda/lagenhet-4rum-minneberg-stockholms-kommun-svartviksslingan-73-2421130910503454857,90-91m²,2026-03-16T11:59:16.344531
25265067021740396,https://www.hemnet.se/salda/lagenhet-4rum-torekov-golfbanan-bastads-kommun-ekdahls-lycka-12b-25265067021740396,90-91m²,2026-03-16T11:59:16.344532
8689911399034607768,https://www.hemnet.se/salda/lagenhet-3rum-vastra-hamnen-malmo-kommun-lilla-varvsgatan-35c-8689911399034607768,90-91m²,2026-03-16T11:59:16.344534
1042879468152729239,https://www.hemnet.se/salda/lagenhet-4rum-nordanby-garde-vasteras-kommun-bangatan-27-1042879468152729239,90-91m²,2026-03-16T11:59:16.344535
810527260628697209,https://www.hemnet.se/salda/lagenhet-4rum-luthagen-uppsala-kommun-borjegatan-49-810527260628697209,90-91m²,2026-03-16T11:59:16.344536
1711741542104776899,https://www.hemnet.se/salda/lagenhet-4rum-vipelyckan-lunds-kommun-vipeholms-alle-57-1711741542104776899,90-91m²,2026-03-16T11:59:16.344538
8729901012779504240,https://www.hemnet.se/salda/lagenhet-3rum-centrum-falu-kommun-sturegatan-99b-8729901012779504240,90-91m²,2026-03-16T11:59:16.344539
8061539100113026263,https://www.hemnet.se/salda/lagenhet-4rum-brunnshog-lunds-kommun-solvandan-11a-8061539100113026263,90-91m²,2026-03-16T11:59:16.344540
1903152418737687346,https://www.hemnet.se/salda/lagenhet-4rum-midsommarkransen-stockholms-kommun-tellusborgsvagen-42-1903152418737687346,90-91m²,2026-03-16T11:59:16.344541
5562135005863101746,"https://www.hemnet.se/salda/lagenhet-4rum-vastra-orminge-nacka-kommun-ormingeringen-16c,-1-tr-5562135005863101746",90-91m²,2026-03-16T11:59:16.344543
4330145692464600288,https://www.hemnet.se/salda/lagenhet-4rum-algutstorp-vargarda-kommun-odlarvagen-7c-4330145692464600288,90-91m²,2026-03-16T11:59:16.344544
9037360380105624740,"https://www.hemnet.se/salda/lagenhet-3rum-centrum-upplands-bro-kommun-tallrisvagen-3,-5-tr-9037360380105624740",90-91m²,2026-03-16T11:59:16.344545
8958554921027556132,https://www.hemnet.se/salda/lagenhet-4rum-sigtuna-ragvaldsbo-sigtuna-kommun-ragvaldsbo-gardsvag-10-c-8958554921027556132,90-91m²,2026-03-16T11:59:16.344547
3734884708090677998,https://www.hemnet.se/salda/lagenhet-4rum-vastertorp-stockholms-kommun-bandyvagen-48-3734884708090677998,90-91m²,2026-03-16T11:59:16.344548
5553612821689871500,https://www.hemnet.se/salda/lagenhet-4rum-hovshaga-vaxjo-kommun-vingavagen-9a-5553612821689871500,90-91m²,2026-03-16T11:59:16.344549
6243812450225369361,https://www.hemnet.se/salda/lagenhet-4rum-kungsangen-uppsala-kommun-islandsgatan-10-6243812450225369361,90-91m²,2026-03-16T11:59:16.344550
914597430784508884,https://www.hemnet.se/salda/lagenhet-4rum-granby-uppsala-kommun-dimgatan-29-914597430784508884,90-91m²,2026-03-16T11:59:16.344552
1817665389938972030,https://www.hemnet.se/salda/lagenhet-3rum-norrangen-jonkopings-kommun-strandvagen-18b-1817665389938972030,90-91m²,2026-03-16T11:59:16.344553
6102403697737550328,https://www.hemnet.se/salda/lagenhet-3rum-hisingstorp-jonkopings-kommun-stattutgatan-14-6102403697737550328,90-91m²,2026-03-16T11:59:16.344554
1305143310507618222,https://www.hemnet.se/salda/lagenhet-3rum-ostra-hamnen-vasteras-kommun-malargatan-4b-1305143310507618222,90-91m²,2026-03-16T11:59:16.344555
557030275830711075,https://www.hemnet.se/salda/lagenhet-4rum-bromma-johannesfred-stockholms-kommun-tackjarnsvagen-11-557030275830711075,90-91m²,2026-03-16T11:59:16.344557
560794700544597197,https://www.hemnet.se/salda/lagenhet-4rum-finninge-ulvhall-strangnas-kommun-orrspelsvagen-2a-560794700544597197,90-91m²,2026-03-16T11:59:16.344558
3222460733212710862,"https://www.hemnet.se/salda/lagenhet-4rum-jakobsberg-jarfalla-kommun-engelbrektsvagen-20,-3-tr,-3222460733212710862",90-91m²,2026-03-16T11:59:16.344559
751409661148859648,https://www.hemnet.se/salda/lagenhet-3rum-klostergarden-lunds-kommun-tordonsvagen-4g-751409661148859648,90-91m²,2026-03-16T11:59:16.344561
4502237405199970343,https://www.hemnet.se/salda/lagenhet-3rum-lindholmen-goteborgs-kommun-lodjursstraket-1-4502237405199970343,90-91m²,2026-03-16T11:59:16.344562
2060420123949894179,https://www.hemnet.se/salda/lagenhet-4rum-sodermalm-mosebacke-stockholms-kommun-hogbergsgatan-30-2060420123949894179,90-91m²,2026-03-16T11:59:16.344563
717728771763196667,https://www.hemnet.se/salda/lagenhet-3rum-kungsholmen-stora-essingen-stockholms-kommun-gammelgardsvagen-50-717728771763196667,90-91m²,2026-03-16T11:59:16.344564
5657748440774436833,https://www.hemnet.se/salda/lagenhet-4rum-taby-centrum-taby-kommun-marknadsvagen-87-5657748440774436833,90-91m²,2026-03-16T11:59:16.344566
6282450678572349017,https://www.hemnet.se/salda/lagenhet-4rum-huddinge-huddinge-kommun-kavlevagen-165-6282450678572349017,90-91m²,2026-03-16T11:59:16.344567
8119043541389411769,https://www.hemnet.se/salda/lagenhet-4rum-centrum-falkenbergs-kommun-nygatan-22-8119043541389411769,90-91m²,2026-03-16T11:59:16.344569
6205662026652382099,https://www.hemnet.se/salda/lagenhet-3rum-vastra-orminge-nacka-kommun-ormingeringen-47a-6205662026652382099,90-91m²,2026-03-16T11:59:16.344570
7827997667849475699,https://www.hemnet.se/salda/lagenhet-3rum-svensknabben-kalmar-kommun-svensknabbevagen-25-7827997667849475699,90-91m²,2026-03-16T11:59:16.344571
2014334422061118570,https://www.hemnet.se/salda/lagenhet-3rum-gryta-vasteras-kommun-julrosvagen-81-2014334422061118570,90-91m²,2026-03-16T11:59:16.344573
2489288537262241885,https://www.hemnet.se/salda/lagenhet-3rum-visby-gotlands-kommun-irisdalsgatan-18-2489288537262241885,90-91m²,2026-03-16T11:59:16.344574
6271489240343002367,https://www.hemnet.se/salda/lagenhet-4rum-herrhagen-karlstads-kommun-varmlandsgatan-11-6271489240343002367,90-91m²,2026-03-16T11:59:16.344575
755869331001121854,"https://www.hemnet.se/salda/lagenhet-4rum-trosso-karlskrona-kommun-vallgatan-30,-2tr-755869331001121854",90-91m²,2026-03-16T11:59:16.344577
7574239809128075494,https://www.hemnet.se/salda/lagenhet-4rum-tyreso-tyreso-kommun-myggdalsvagen-92-7574239809128075494,90-91m²,2026-03-16T11:59:16.344578
3594371432154643999,https://www.hemnet.se/salda/lagenhet-4rum-fanna-enkopings-kommun-fannagatan-34-d-3594371432154643999,90-91m²,2026-03-16T11:59:16.344580
4623264240315409391,"https://www.hemnet.se/salda/lagenhet-3rum-bromma-akeslund-stockholms-kommun-tunnlandsvagen-93,-7tr-4623264240315409391",90-91m²,2026-03-16T11:59:16.344581
8678423950329789353,https://www.hemnet.se/salda/lagenhet-3rum-ribersborg-malmo-kommun-skvadronsgatan-9c-8678423950329789353,90-91m²,2026-03-16T11:59:16.344582
1365458731940528019,https://www.hemnet.se/salda/lagenhet-4rum-arvidstorp-falkenbergs-kommun-karrets-vag-11a-1365458731940528019,90-91m²,2026-03-16T11:59:16.344584
5959642921922964405,https://www.hemnet.se/salda/lagenhet-4rum-grondal-stockholms-kommun-storsegelvagen-12-5959642921922964405,90-91m²,2026-03-16T11:59:16.344585
4001924045881051033,https://www.hemnet.se/salda/lagenhet-4rum-centralt-habo-kommun-malmgatan-2-4001924045881051033,90-91m²,2026-03-16T11:59:16.344586
7534460232672026291,"https://www.hemnet.se/salda/lagenhet-4rum-botkyrka-hallunda-botkyrka-kommun-ragvagen-2,-2tr-7534460232672026291",90-91m²,2026-03-16T11:59:16.344588
1753931454734266999,https://www.hemnet.se/salda/lagenhet-3rum-orminge-nacka-kommun-edovagen-22c-1753931454734266999,90-91m²,2026-03-16T11:59:16.344589
7971166180666865898,https://www.hemnet.se/salda/lagenhet-4rum-kragstalund-vallentuna-kommun-tallasvagen-94-7971166180666865898,90-91m²,2026-03-16T11:59:16.344590
520897274218017315,https://www.hemnet.se/salda/lagenhet-4rum-viksjo-jarfalla-kommun-axvagen-35-520897274218017315,90-91m²,2026-03-16T11:59:16.344591
6331615972391441010,"https://www.hemnet.se/salda/lagenhet-4rum-sodermalm-katarina-stockholms-kommun-tideliusgatan-67,-3tr-6331615972391441010",90-91m²,2026-03-16T11:59:16.344593
8200656637856585248,https://www.hemnet.se/salda/lagenhet-3rum-vastra-orminge-nacka-kommun-edovagen-16a-8200656637856585248,90-91m²,2026-03-16T11:59:16.344594
561464721899462181,https://www.hemnet.se/salda/lagenhet-3rum-vastra-hamnen-malmo-kommun-vastra-varvsgatan-11a-561464721899462181,90-91m²,2026-03-16T11:59:16.344596
3655554798332286887,"https://www.hemnet.se/salda/lagenhet-3rum-karlastaden-goteborgs-kommun-karlatornet,-lodjursstraket-1-3655554798332286887",90-91m²,2026-03-16T11:59:16.344597
2982199778240987717,https://www.hemnet.se/salda/lagenhet-3rum-city-gagatan-malmo-kommun-vastra-alvgatan-6-2982199778240987717,90-91m²,2026-03-16T11:59:16.344598
5496084382086528549,https://www.hemnet.se/salda/lagenhet-4rum-eriksberg-goteborgs-kommun-fritiof-anderssons-gata-13-5496084382086528549,90-91m²,2026-03-16T11:59:16.344600
1331561178193233258,https://www.hemnet.se/salda/lagenhet-3rum-sundsvall-korsta-sundsvalls-kommun-klippgatan-3-1331561178193233258,90-91m²,2026-03-16T11:59:16.344601
4815189621283661137,https://www.hemnet.se/salda/lagenhet-4rum-timra-timra-kommun-kungsvagen-127-entreplan-vaning-3-fran-balkongsidan-4815189621283661137,90-91m²,2026-03-16T11:59:16.344603
178747960890862671,https://www.hemnet.se/salda/lagenhet-4rum-savja-uppsala-kommun-stenbrohultsvagen-109-178747960890862671,90-91m²,2026-03-16T11:59:16.344604
4350739594087051598,https://www.hemnet.se/salda/lagenhet-4rum-bromma-beckomberga-stockholms-kommun-soderberga-alle-42-4350739594087051598,90-91m²,2026-03-16T11:59:16.344605
7735688350540576951,https://www.hemnet.se/salda/lagenhet-4rum-alta-sodra-hedvigslund-nacka-kommun-anemonvagen-32-7735688350540576951,90-91m²,2026-03-16T11:59:16.344607
4701590620270536524,https://www.hemnet.se/salda/lagenhet-4rum-rudviken-solna-centrum-solna-kommun-vastra-vagen-23-4701590620270536524,90-91m²,2026-03-16T11:59:16.344608
7942062625424641074,https://www.hemnet.se/salda/lagenhet-4rum-gamlestaden-goteborgs-kommun-bunkebergsgatan-11-7942062625424641074,90-91m²,2026-03-16T11:59:16.344609
4345624515756919159,https://www.hemnet.se/salda/lagenhet-4rum-frostaliden-skovde-kommun-frostaliden-12-4345624515756919159,90-91m²,2026-03-16T11:59:16.344611
5961432623399969653,"https://www.hemnet.se/salda/lagenhet-3rum-vasastan-stockholms-kommun-vastmannagatan-81-b,-4tr-5961432623399969653",90-91m²,2026-03-16T11:59:16.344612
2949194189444879848,https://www.hemnet.se/salda/lagenhet-3rum-centrala-vaxholm-vaxholms-kommun-kungsgatan-5-2949194189444879848,90-91m²,2026-03-16T11:59:16.344613
3468102054538461482,https://www.hemnet.se/salda/lagenhet-4rum-stora-essingen-stockholms-kommun-segelbatsvagen-10-3468102054538461482,90-91m²,2026-03-16T11:59:16.344614
6412373240693237848,https://www.hemnet.se/salda/lagenhet-4rum-haninge-c-haninge-kommun-sleipnervagen-5-6412373240693237848,90-91m²,2026-03-16T11:59:16.344616
4789437498375473914,https://www.hemnet.se/salda/lagenhet-4rum-liljeholmskajen-stockholms-kommun-sjoviksbacken-47-4789437498375473914,90-91m²,2026-03-16T11:59:16.344617
37492524622001148,"https://www.hemnet.se/salda/lagenhet-4rum-sodermalm-stockholms-kommun-tideliusgatan-71,-5tr-37492524622001148",90-91m²,2026-03-16T11:59:16.344618
4624905466569922180,https://www.hemnet.se/salda/lagenhet-4rum-salem-salems-kommun-sabytorgsvagen-8c-4624905466569922180,90-91m²,2026-03-16T11:59:16.344620
8366025415305054312,https://www.hemnet.se/salda/lagenhet-4rum-karrtorp-stockholms-kommun-karrtorpsvagen-26d-8366025415305054312,90-91m²,2026-03-16T11:59:16.344621
4512921685122195069,"https://www.hemnet.se/salda/lagenhet-4,5rum-malarhojden-stockholms-kommun-vastertorpsvagen-142a-4512921685122195069",90-91m²,2026-03-16T11:59:16.344622
7337601247819738635,https://www.hemnet.se/salda/lagenhet-4rum-vastertorp-stockholms-kommun-broddgrand-37-7337601247819738635,90-91m²,2026-03-16T11:59:16.344624
871442091985044409,https://www.hemnet.se/salda/lagenhet-4rum-aby-molndals-kommun-sodra-nedanvagsgatan-22b-871442091985044409,90-91m²,2026-03-16T11:59:16.344625
7101947461555856189,https://www.hemnet.se/salda/lagenhet-4rum-botkyrka-norsborg-botkyrka-kommun-hundhamravagen-51-lgh-7101947461555856189,90-91m²,2026-03-16T11:59:16.344626
8083651184337114664,https://www.hemnet.se/salda/lagenhet-4rum-ekerum-borgholms-kommun-golfbyvagen-109-8083651184337114664,90-91m²,2026-03-16T11:59:16.344628
2046555706106948743,https://www.hemnet.se/salda/lagenhet-3rum-saltsjo-boo-nacka-kommun-edovagen-22-b-2046555706106948743,90-91m²,2026-03-16T11:59:16.344629
6291202869233882159,https://www.hemnet.se/salda/lagenhet-5rum-botkyrka-hallunda-botkyrka-kommun-tomtbergavagen-120-6291202869233882159,90-91m²,2026-03-16T11:59:16.344630
8329921702857966826,https://www.hemnet.se/salda/lagenhet-3rum-kalkbrottet-malmo-kommun-kalkstensvagen-10-8329921702857966826,90-91m²,2026-03-16T11:59:16.344632
7296784647528485270,https://www.hemnet.se/salda/lagenhet-4rum-hagsatra-stockholms-kommun-lillhagsvagen-10-7296784647528485270,90-91m²,2026-03-16T11:59:16.344633
6657843164501187643,https://www.hemnet.se/salda/lagenhet-3rum-centralt-falu-kommun-myntgatan-31-6657843164501187643,90-91m²,2026-03-16T11:59:16.344634
8732656682767035275,https://www.hemnet.se/salda/lagenhet-4rum-hogbrunn-nykopings-kommun-svedelius-vag-6-8732656682767035275,90-91m²,2026-03-16T11:59:16.344636
2381853860220356740,https://www.hemnet.se/salda/lagenhet-4rum-gavle-strand-gavle-kommun-stuvaregatan-40-2381853860220356740,90-91m²,2026-03-16T11:59:16.344637
54810219491879701,https://www.hemnet.se/salda/lagenhet-3rum-trosso-karlskrona-kommun-alamedan-12-54810219491879701,90-91m²,2026-03-16T11:59:16.344638
1608301986001241328,https://www.hemnet.se/salda/lagenhet-3rum-akersberga-centralt-osterakers-kommun-dansbanevagen-5-1608301986001241328,90-91m²,2026-03-16T11:59:16.344640
8295865662453270226,"https://www.hemnet.se/salda/lagenhet-3,5rum-kviberg-goteborgs-kommun-ingeborg-hammarskjolds-gata-56-8295865662453270226",90-91m²,2026-03-16T11:59:16.344641
7457721138866887442,"https://www.hemnet.se/salda/lagenhet-4rum-hammarby-sjostad-stockholms-kommun-virkesvagen-5e,-pl5-7457721138866887442",90-91m²,2026-03-16T11:59:16.344643
5152486324915651397,"https://www.hemnet.se/salda/lagenhet-4rum-sodermalm-stockholms-kommun-ringvagen-134,-6-6-tr-5152486324915651397",90-91m²,2026-03-16T11:59:16.344644
2553496009012601917,"https://www.hemnet.se/salda/lagenhet-4rum-botkyrka-hallunda-botkyrka-kommun-vetevagen-5,-3tr-2553496009012601917",90-91m²,2026-03-16T11:59:16.344645
366458370869289522,https://www.hemnet.se/salda/lagenhet-4rum-hagaborg-karlstads-kommun-tolvmansgatan-17-366458370869289522,90-91m²,2026-03-16T11:59:16.344646
3710180480804712364,"https://www.hemnet.se/salda/lagenhet-3,5rum-rosendal-uppsala-kommun-prefektgatan-8-3710180480804712364",90-91m²,2026-03-16T11:59:16.344648
6705476786412567591,https://www.hemnet.se/salda/lagenhet-4rum-centrala-tyreso-tyreso-kommun-axel-wennergrens-vag-12-6705476786412567591,90-91m²,2026-03-16T11:59:16.344649
305528042980531113,https://www.hemnet.se/salda/lagenhet-4rum-minneberg-stockholms-kommun-svartviksslingan-69-305528042980531113,90-91m²,2026-03-16T11:59:16.344650
2351602827747012652,https://www.hemnet.se/salda/lagenhet-3rum-brunstorp-huskvarna-jonkopings-kommun-sikvagen-12-2351602827747012652,90-91m²,2026-03-16T11:59:16.344652
5018061143595203965,"https://www.hemnet.se/salda/lagenhet-3rum-vastra-kungsholmen-hornbergs-strand-stockholms-kommun-lars-forssells-gata-31,-van-4-5018061143595203965",90-91m²,2026-03-16T11:59:16.344654
1630525995979946130,https://www.hemnet.se/salda/lagenhet-3rum-lund-centrum-lunds-kommun-sandgatan-12b-1630525995979946130,90-91m²,2026-03-16T11:59:16.344655
6272938672608323549,"https://www.hemnet.se/salda/lagenhet-3rum-vasastan-vasaparken-stockholms-kommun-sigtunagatan-10,-1tr,-6272938672608323549",90-91m²,2026-03-16T11:59:16.344656
6038813117349277807,https://www.hemnet.se/salda/lagenhet-3rum-sodertorp-malmo-kommun-arkitektgatan-3-6038813117349277807,90-91m²,2026-03-16T11:59:16.344657
2229209113431713927,https://www.hemnet.se/salda/lagenhet-4rum-sandtorp-norrkopings-kommun-nils-abergs-gata-9b-2229209113431713927,90-91m²,2026-03-16T11:59:16.344659
740725388035076680,https://www.hemnet.se/salda/lagenhet-4rum-sodermalm-hornstull-stockholms-kommun-hogalidsgatan-25-740725388035076680,90-91m²,2026-03-16T11:59:16.344660
2927008650662245894,https://www.hemnet.se/salda/lagenhet-3rum-saltsjoqvarn-nacka-kommun-saltsjoqvarns-kaj-3-2927008650662245894,90-91m²,2026-03-16T11:59:16.344661
6552877298078485367,https://www.hemnet.se/salda/lagenhet-3rum-centralt-strommen-norrkopings-kommun-sveagatan-7-6552877298078485367,90-91m²,2026-03-16T11:59:16.344663
7159401306445907354,https://www.hemnet.se/salda/lagenhet-4rum-bolinder-strand-jarfalla-kommun-maskinistvagen-12-7159401306445907354,90-91m²,2026-03-16T11:59:16.344664
7113320730428270200,"https://www.hemnet.se/salda/lagenhet-3,5rum-lund-centrum-lunds-kommun-erik-dahlbergsgatan-6-7113320730428270200",90-91m²,2026-03-16T11:59:16.344666
5458125247213024634,https://www.hemnet.se/salda/lagenhet-3rum-sollentuna-centrum-sollentuna-kommun-sollentunavagen-152-5458125247213024634,90-91m²,2026-03-16T11:59:16.344667
5298810427980311819,"https://www.hemnet.se/salda/lagenhet-3,5rum-visattra-huddinge-kommun-mangardsvagen-22-5298810427980311819",90-91m²,2026-03-16T11:59:16.344668
5393407489696862589,https://www.hemnet.se/salda/lagenhet-4rum-handen-haninge-kommun-sleipnervagen-79-5393407489696862589,90-91m²,2026-03-16T11:59:16.344670
7236845130793771762,https://www.hemnet.se/salda/lagenhet-4rum-apoteksskogen-upplands-vasby-kommun-vasbyvagen-26-h-7236845130793771762,90-91m²,2026-03-16T11:59:16.344671
528299862173594912,https://www.hemnet.se/salda/lagenhet-4rum-vardsatra-uppsala-kommun-eksatravagen-106-528299862173594912,90-91m²,2026-03-16T11:59:16.344672
357067710203681395,https://www.hemnet.se/salda/lagenhet-4rum-centrala-handen-haninge-kommun-vallavagen-65-357067710203681395,90-91m²,2026-03-16T11:59:16.344674
3323420670471186306,https://www.hemnet.se/salda/lagenhet-4rum-handen-haninge-kommun-sleipnervagen-41-3323420670471186306,90-91m²,2026-03-16T11:59:16.344675
148333449132076329,https://www.hemnet.se/salda/lagenhet-3rum-mjolkudden-lulea-kommun-mjolkuddsvagen-165-148333449132076329,90-91m²,2026-03-16T11:59:16.344676
3755518996078511163,https://www.hemnet.se/salda/lagenhet-3rum-centrum-alingsas-kommun-plangatan-1d-3755518996078511163,90-91m²,2026-03-16T11:59:16.344678
5473369903030685408,https://www.hemnet.se/salda/lagenhet-4rum-garda-goteborgs-kommun-sixten-camps-gata-8-5473369903030685408,90-91m²,2026-03-16T11:59:16.344679
3042911763518661970,"https://www.hemnet.se/salda/lagenhet-4rum-kungsholmen-stockholms-kommun-svarvargatan-17,-7-tr,-penthouse-3042911763518661970",90-91m²,2026-03-16T11:59:16.344680
4621815822075010563,https://www.hemnet.se/salda/lagenhet-3rum-dockan-malmo-kommun-dockgatan-53a-4621815822075010563,90-91m²,2026-03-16T11:59:16.344682
2262588061957979901,https://www.hemnet.se/salda/lagenhet-3rum-centrala-boden-bodens-kommun-drottninggatan-21-d-2262588061957979901,90-91m²,2026-03-16T11:59:16.344683
7923088960895770576,https://www.hemnet.se/salda/lagenhet-4rum-oster-knutby-norrtalje-kommun-knutbyvagen-25-7923088960895770576,90-91m²,2026-03-16T11:59:16.344684
9185427919462795292,https://www.hemnet.se/salda/lagenhet-4rum-vasastan-stockholms-kommun-sonja-kovalevskys-gata-4-9185427919462795292,90-91m²,2026-03-16T11:59:16.344686
4335803903831264274,https://www.hemnet.se/salda/lagenhet-3rum-sodermalm-sofia-stockholms-kommun-renstiernas-gata-25-4335803903831264274,90-91m²,2026-03-16T11:59:16.344687
2983004332192288278,https://www.hemnet.se/salda/lagenhet-3rum-ostermalm-stockholms-kommun-skeppargatan-51-2983004332192288278,90-91m²,2026-03-16T11:59:16.344688
2127905784218349413,"https://www.hemnet.se/salda/lagenhet-4rum-nacka-nacka-strand-nacka-kommun-tandkulevagen-31,-1tr-2127905784218349413",90-91m²,2026-03-16T11:59:16.344690
1387807939924552711,https://www.hemnet.se/salda/lagenhet-4rum-bromstensstaden-stockholms-kommun-skogangsvagen-31l-1387807939924552711,90-91m²,2026-03-16T11:59:16.344691
4134072141787198059,https://www.hemnet.se/salda/lagenhet-4rum-haninge-c-haninge-kommun-tuvvagen-13-4134072141787198059,90-91m²,2026-03-16T11:59:16.344692
3707212747925403068,https://www.hemnet.se/salda/lagenhet-3rum-dockan-malmo-kommun-dockgatan-49a-3707212747925403068,90-91m²,2026-03-16T11:59:16.344697
6668668091705892401,https://www.hemnet.se/salda/lagenhet-4rum-kortedala-goteborgs-kommun-fastlagsgatan-31-6668668091705892401,90-91m²,2026-03-16T11:59:16.344698
4488416265213329766,https://www.hemnet.se/salda/lagenhet-3rum-huskvarna-norrangen-jonkopings-kommun-strandvagen-14-b-4488416265213329766,90-91m²,2026-03-16T11:59:16.344700
5636916268589051831,https://www.hemnet.se/salda/lagenhet-3rum-handen-haninge-kommun-sleipnervagen-59-5636916268589051831,90-91m²,2026-03-16T11:59:16.344701
7415089445511511421,https://www.hemnet.se/salda/lagenhet-4rum-minneberg-stockholms-kommun-svartviksslingan-83-7415089445511511421,90-91m²,2026-03-16T11:59:16.344702
5197865735563637974,https://www.hemnet.se/salda/lagenhet-4rum-soderkulla-malmo-kommun-humanistgatan-2-a-5197865735563637974,90-91m²,2026-03-16T11:59:16.344704
7942506889653105553,https://www.hemnet.se/salda/lagenhet-3rum-centrala-staden-lunds-kommun-norbergsgatan-3-7942506889653105553,90-91m²,2026-03-16T11:59:16.344705
2105828273918989810,https://www.hemnet.se/salda/lagenhet-4rum-beckomberga-stockholms-kommun-beckomberga-angsvag-22-2105828273918989810,90-91m²,2026-03-16T11:59:16.344706
8758223961963269573,https://www.hemnet.se/salda/lagenhet-3rum-varnhem-malmo-kommun-sallerupsvagen-6-8758223961963269573,90-91m²,2026-03-16T11:59:16.344707
4850343123909996684,https://www.hemnet.se/salda/lagenhet-3rum-vaster-gavle-kommun-brandstromsgatan-5-a-4850343123909996684,90-91m²,2026-03-16T11:59:16.344708
2045195002784981831,https://www.hemnet.se/salda/lagenhet-4rum-centrala-handen-haninge-kommun-vallavagen-157-2045195002784981831,90-91m²,2026-03-16T11:59:16.344710
7245955391537140387,https://www.hemnet.se/salda/lagenhet-4rum-norrmalm-skovde-kommun-rotegatan-1-7245955391537140387,90-91m²,2026-03-16T11:59:16.344711
5891937698913755340,https://www.hemnet.se/salda/lagenhet-4rum-lilla-alby-sundbybergs-kommun-hamngatan-29a-5891937698913755340,90-91m²,2026-03-16T11:59:16.344712
5641805728187805836,"https://www.hemnet.se/salda/lagenhet-3,5rum-ballstaberg-vallentuna-kommun-svampskogsvagen-148-5641805728187805836",90-91m²,2026-03-16T11:59:16.344714
174968632641938066,https://www.hemnet.se/salda/lagenhet-4rum-siljans-strand-mora-kommun-stenuddsvagen-5c-174968632641938066,90-91m²,2026-03-16T11:59:16.344715
4844682949592968942,https://www.hemnet.se/salda/lagenhet-5rum-spanga-bromsten-stockholms-kommun-erik-tegels-vag-29-4844682949592968942,90-91m²,2026-03-16T11:59:16.344717
8417512301068547104,https://www.hemnet.se/salda/lagenhet-4rum-alliero-sundsvalls-kommun-ludvigsbergsvagen-12-8417512301068547104,90-91m²,2026-03-16T11:59:16.344718
4495534450098993158,https://www.hemnet.se/salda/lagenhet-4rum-norra-rosendal-uppsala-kommun-gerd-enequists-gata-14-4495534450098993158,90-91m²,2026-03-16T11:59:16.344719
895455684618271377,https://www.hemnet.se/salda/lagenhet-4rum-munksund-pitea-kommun-skihagestigen-2a-895455684618271377,90-91m²,2026-03-16T11:59:16.344721
2705352590110256954,https://www.hemnet.se/salda/lagenhet-4rum-vasterhaninge-haninge-kommun-ringvagen-61-2705352590110256954,90-91m²,2026-03-16T11:59:16.344722
1369396272367335140,"https://www.hemnet.se/salda/lagenhet-4rum-liljeholmen-stockholms-kommun-nybohovsgrand-28,-van-4-4-1369396272367335140",90-91m²,2026-03-16T11:59:16.344723
3012358200566292759,"https://www.hemnet.se/salda/lagenhet-4rum-akalla-stockholms-kommun-helsingforsgatan-31,-bv-3012358200566292759",90-91m²,2026-03-16T11:59:16.344724
6653549768183064476,"https://www.hemnet.se/salda/lagenhet-4rum-grimvagen-danderyds-kommun-grimvagen-4,-2tr-6653549768183064476",90-91m²,2026-03-16T11:59:16.344726
8161605731263433334,https://www.hemnet.se/salda/lagenhet-3rum-soder-gavle-kommun-brunnsgatan-64-8161605731263433334,90-91m²,2026-03-16T11:59:16.344727
5463429391102464502,https://www.hemnet.se/salda/lagenhet-3rum-norr-norrkopings-kommun-dragsgatan-1-5463429391102464502,90-91m²,2026-03-16T11:59:16.344728
532484028275690083,https://www.hemnet.se/salda/lagenhet-4rum-tullen-boras-kommun-fjallgatan-47a-532484028275690083,90-91m²,2026-03-16T11:59:16.344729
8849082635427389042,https://www.hemnet.se/salda/lagenhet-4rum-alvsjostaden-stockholms-kommun-spikskogatan-4-8849082635427389042,90-91m²,2026-03-16T11:59:16.344731
2247001684058368049,https://www.hemnet.se/salda/lagenhet-3rum-linnestaden-goteborgs-kommun-ovre-husargatan-23-a-2247001684058368049,90-91m²,2026-03-16T11:59:16.344732
4996061789517645249,https://www.hemnet.se/salda/lagenhet-4rum-hammarbyhojden-stockholms-kommun-lidkopingsvagen-10-4996061789517645249,90-91m²,2026-03-16T11:59:16.344733
7895890993103716680,https://www.hemnet.se/salda/lagenhet-3rum-vaster-vaxjo-kommun-kasernvagen-17b-7895890993103716680,90-91m²,2026-03-16T11:59:16.344734
1351474809055673357,https://www.hemnet.se/salda/lagenhet-4rum-trosso-karlskrona-kommun-alamedan-23-1351474809055673357,90-91m²,2026-03-16T11:59:16.344736
3896152099637841633,https://www.hemnet.se/salda/lagenhet-4rum-nyckelberget-kopings-kommun-odensvivagen-2b-3896152099637841633,90-91m²,2026-03-16T11:59:16.344737
1979963398208059492,https://www.hemnet.se/salda/lagenhet-3rum-mjolkudden-lulea-kommun-mjolkuddsvagen-213-1979963398208059492,90-91m²,2026-03-16T11:59:16.344738
5833137625824865033,https://www.hemnet.se/salda/lagenhet-4rum-vasastan-hagastaden-stockholms-kommun-nina-einhorns-gata-3a-5833137625824865033,90-91m²,2026-03-16T11:59:16.344740
6917330168704780809,https://www.hemnet.se/salda/lagenhet-4rum-oster-knutby-norrtalje-kommun-knutbyvagen-39-6917330168704780809,90-91m²,2026-03-16T11:59:16.344741
6153619897022193843,https://www.hemnet.se/salda/lagenhet-3rum-limhamn-malmo-kommun-gronalundsgatan-14b-6153619897022193843,90-91m²,2026-03-16T11:59:16.344742
8010739486996891538,https://www.hemnet.se/salda/lagenhet-4rum-vastra-orminge-nacka-kommun-ormingeringen-11a-8010739486996891538,90-91m²,2026-03-16T11:59:16.344743
4389004654176095437,"https://www.hemnet.se/salda/lagenhet-5rum-hundfjallet,-salen-malung-salens-kommun-trolldalen-40-b-4389004654176095437",90-91m²,2026-03-16T11:59:16.344745
3843665749632745557,https://www.hemnet.se/salda/lagenhet-4rum-tumba-botkyrka-kommun-skacklingevagen-31-3843665749632745557,90-91m²,2026-03-16T11:59:16.344746
5641023241222685554,https://www.hemnet.se/salda/lagenhet-4rum-rindo-hamn-vaxholms-kommun-kustjagargrand-1-5641023241222685554,90-91m²,2026-03-16T11:59:16.344747
6565604693828486259,https://www.hemnet.se/salda/lagenhet-4rum-hisings-backa-goteborgs-kommun-ekebygatan-10-6565604693828486259,90-91m²,2026-03-16T11:59:16.344749
2856904330290441385,https://www.hemnet.se/salda/lagenhet-4rum-skarpnack-stockholms-kommun-horisontvagen-59-2856904330290441385,90-91m²,2026-03-16T11:59:16.344750
5383410274162536427,https://www.hemnet.se/salda/lagenhet-3rum-lerum-lerums-kommun-adalavagen-13-c-5383410274162536427,90-91m²,2026-03-16T11:59:16.344751
4968708313802937110,https://www.hemnet.se/salda/lagenhet-3rum-sunnersta-uppsala-kommun-morkullevagen-70-4968708313802937110,90-91m²,2026-03-16T11:59:16.344752
2767702981139330950,https://www.hemnet.se/salda/lagenhet-4rum-centralt-malmen-varnamo-kommun-gjuterigatan-20-2767702981139330950,90-91m²,2026-03-16T11:59:16.344753
2866657723833271487,https://www.hemnet.se/salda/lagenhet-3rum-hammarby-sjostad-stockholms-kommun-sickla-kanalgata-60-2866657723833271487,90-91m²,2026-03-16T11:59:16.344755
8693706681332099834,https://www.hemnet.se/salda/lagenhet-4rum-centrala-handen-haninge-kommun-sleipnervagen-17-8693706681332099834,90-91m²,2026-03-16T11:59:16.344756
4178599528097817157,https://www.hemnet.se/salda/lagenhet-3rum-centralt-falu-kommun-sturegatan-97c-4178599528097817157,90-91m²,2026-03-16T11:59:16.344757
4286466105800349519,https://www.hemnet.se/salda/lagenhet-3rum-gamla-staden-lidkopings-kommun-skaragatan-22b-4286466105800349519,90-91m²,2026-03-16T11:59:16.344759
5509345546902305963,https://www.hemnet.se/salda/lagenhet-3rum-vasastan-city-norrmalm-stockholms-kommun-kammakargatan-43-5509345546902305963,90-91m²,2026-03-16T11:59:16.344760
7266778083210429543,https://www.hemnet.se/salda/lagenhet-4rum-gustavsberg-varmdo-kommun-kvarntorpsvagen-10-7266778083210429543,90-91m²,2026-03-16T11:59:16.344761
2418840012609037395,https://www.hemnet.se/salda/lagenhet-4rum-bymarken-jonkopings-kommun-bjornebergsvagen-14a-2418840012609037395,90-91m²,2026-03-16T11:59:16.344762
7910306715198591666,https://www.hemnet.se/salda/lagenhet-4rum-vallingby-racksta-stockholms-kommun-multragatan-126-7910306715198591666,90-91m²,2026-03-16T11:59:16.344764
4605721411202796012,https://www.hemnet.se/salda/lagenhet-4rum-ljungby-centralt-ljungby-kommun-harabergsplan-3d-4605721411202796012,90-91m²,2026-03-16T11:59:16.344765
7098425476943794898,https://www.hemnet.se/salda/lagenhet-3rum-kasta-huddinge-kommun-kavlevagen-47-7098425476943794898,90-91m²,2026-03-16T11:59:16.344766
8146320021810155696,https://www.hemnet.se/salda/lagenhet-3rum-liljeholmskajen-stockholms-kommun-argangsgatan-4-8146320021810155696,90-91m²,2026-03-16T11:59:16.344768
5828936461222348345,https://www.hemnet.se/salda/lagenhet-3rum-dockan-malmo-kommun-dockgatan-49a-5828936461222348345,90-91m²,2026-03-16T11:59:16.344769
1466921243032207140,https://www.hemnet.se/salda/lagenhet-3rum-brandkarr-nykopings-kommun-brandkarrsvagen-162-1466921243032207140,90-91m²,2026-03-16T11:59:16.344770
1456610976065072342,https://www.hemnet.se/salda/lagenhet-4rum-centrala-tyreso-tyreso-kommun-myggdalsvagen-64-1456610976065072342,90-91m²,2026-03-16T11:59:16.344771
6221479839959966809,https://www.hemnet.se/salda/lagenhet-4rum-are-by-are-kommun-bjornen-hoken-12d-j-6221479839959966809,90-91m²,2026-03-16T11:59:16.344773
2055888207845356009,"https://www.hemnet.se/salda/lagenhet-4rum-sodermalm-stockholms-kommun-skanegatan-57a,-hogst-upp-i-huset-2055888207845356009",90-91m²,2026-03-16T11:59:16.344774
7682760449867423153,https://www.hemnet.se/salda/lagenhet-3rum-sorbyangen-orebro-kommun-studievagen-23-7682760449867423153,90-91m²,2026-03-16T11:59:16.344775
2229679212642539651,https://www.hemnet.se/salda/lagenhet-4rum-nacka-kvarnholmen-nacka-kommun-tre-kronors-vag-39-2229679212642539651,90-91m²,2026-03-16T11:59:16.344777
2196128535699416684,https://www.hemnet.se/salda/lagenhet-4rum-centralt-ostersunds-kommun-biblioteksgatan-22-2196128535699416684,90-91m²,2026-03-16T11:59:16.344778
8661073691173055231,https://www.hemnet.se/salda/lagenhet-3rum-ostervarn-malmo-kommun-ostervarnsgatan-3b-8661073691173055231,90-91m²,2026-03-16T11:59:16.344779
327166483244204782,"https://www.hemnet.se/salda/lagenhet-3,5rum-vasastaden-stockholms-kommun-tulegatan-49-327166483244204782",90-91m²,2026-03-16T11:59:16.344781
8933680961129598118,https://www.hemnet.se/salda/lagenhet-4rum-gamla-filmstaden-solna-kommun-viktor-sjostroms-vag-5-8933680961129598118,90-91m²,2026-03-16T11:59:16.344782
4908848696115006111,https://www.hemnet.se/salda/lagenhet-3rum-vasastaden-stockholms-kommun-torsplan-10-4908848696115006111,90-91m²,2026-03-16T11:59:16.344783
1093191656286508904,https://www.hemnet.se/salda/lagenhet-3rum-fagersta-fagersta-kommun-dalavagen-79b-1093191656286508904,90-91m²,2026-03-16T11:59:16.344785
7923757290557117394,https://www.hemnet.se/salda/lagenhet-3rum-eriksberg-goteborgs-kommun-sorhallstorget-19-7923757290557117394,90-91m²,2026-03-16T11:59:16.344786
4377010171320506307,"https://www.hemnet.se/salda/lagenhet-3,5rum-bjorkhagen-stockholms-kommun-svedalavagen-12-4377010171320506307",90-91m²,2026-03-16T11:59:16.344787
8151260080638621002,https://www.hemnet.se/salda/lagenhet-4rum-snattringe-huddinge-kommun-kallkarrsvagen-74-8151260080638621002,90-91m²,2026-03-16T11:59:16.344789
2342514473267299551,https://www.hemnet.se/salda/lagenhet-4rum-bollstanas-upplands-vasby-kommun-torpvagen-24-2342514473267299551,90-91m²,2026-03-16T11:59:16.344790
8659624777579940159,https://www.hemnet.se/salda/lagenhet-4rum-jarnakra-lunds-kommun-jarnakravagen-25b-8659624777579940159,90-91m²,2026-03-16T11:59:16.344791
5878506415520203810,https://www.hemnet.se/salda/lagenhet-91m2-haga-norra-solna-kommun-sylvangatan-15-5878506415520203810,90-91m²,2026-03-16T11:59:16.344793
3675101547978023951,https://www.hemnet.se/salda/lagenhet-3rum-centralt-kanberget-linkopings-kommun-djurgardsgatan-27a-3675101547978023951,90-91m²,2026-03-16T11:59:16.344794
1278487628396896967,https://www.hemnet.se/salda/lagenhet-3rum-skrea-strand-falkenbergs-kommun-bacchus-vag-2-1278487628396896967,90-91m²,2026-03-16T11:59:16.344795
6435595421739718620,https://www.hemnet.se/salda/lagenhet-4rum-skogalund-nacka-kommun-skogalundsklippan-19-6435595421739718620,90-91m²,2026-03-16T11:59:16.344796
8202190353562556257,https://www.hemnet.se/salda/lagenhet-3rum-ostermalm-kristianstads-kommun-lonbladsgatan-5c-8202190353562556257,90-91m²,2026-03-16T11:59:16.344798
7860314366832789506,https://www.hemnet.se/salda/lagenhet-3rum-centralt-norrkopings-kommun-sveagatan-7-7860314366832789506,90-91m²,2026-03-16T11:59:16.344799
5110748057473616480,https://www.hemnet.se/salda/lagenhet-3rum-aga-dalenum-lidingo-kommun-agavagen-31-5110748057473616480,90-91m²,2026-03-16T11:59:16.344800
8943252295874677927,https://www.hemnet.se/salda/lagenhet-4rum-bagaregarden-goteborgs-kommun-stockholmsgatan-1h-8943252295874677927,90-91m²,2026-03-16T11:59:16.344801
2682249523155230405,https://www.hemnet.se/salda/lagenhet-3rum-viggbyholm-taby-kommun-sodervagen-6b-2682249523155230405,90-91m²,2026-03-16T11:59:16.344803
6825512053975329619,https://www.hemnet.se/salda/lagenhet-3rum-vastra-orminge-nacka-kommun-ormingeringen-9c-6825512053975329619,90-91m²,2026-03-16T11:59:16.344804
1635719531193270082,https://www.hemnet.se/salda/lagenhet-3rum-malmon-sotenas-kommun-olsebergsvagen-26a-1635719531193270082,90-91m²,2026-03-16T11:59:16.344805
3306461130102137087,https://www.hemnet.se/salda/lagenhet-4rum-centralt-klippans-kommun-kapellgatan-8d-3306461130102137087,90-91m²,2026-03-16T11:59:16.344806
8646310555857796324,https://www.hemnet.se/salda/lagenhet-4rum-dammfri-malmo-kommun-ribevagen-11a-8646310555857796324,90-91m²,2026-03-16T11:59:16.344808
1535595298715751883,https://www.hemnet.se/salda/lagenhet-4rum-bromma-blackeberg-stockholms-kommun-drachmannsgatan-4-1535595298715751883,90-91m²,2026-03-16T11:59:16.344809
3434293479669880260,"https://www.hemnet.se/salda/lagenhet-4rum-solna-bergshamra-solna-kommun-ripstigen-8,-4-tr-3434293479669880260",90-91m²,2026-03-16T11:59:16.344810
2942309968953525524,"https://www.hemnet.se/salda/lagenhet-3,5rum-linnestaden-goteborgs-kommun-plantagegatan-15-2942309968953525524",90-91m²,2026-03-16T11:59:16.344812
4329817939148496992,"https://www.hemnet.se/salda/lagenhet-3rum-viken-hoganas-kommun-sliprannevagen-50,-26363-viken-4329817939148496992",90-91m²,2026-03-16T11:59:16.344813
15035945833278842,"https://www.hemnet.se/salda/lagenhet-3rum-botkyrka-hallunda-botkyrka-kommun-havrevagen-2,-5tr-15035945833278842",90-91m²,2026-03-16T11:59:16.344815
643252868641343767,https://www.hemnet.se/salda/lagenhet-2rum-hunnebostrand-sotenas-kommun-kopmansgatan-31e-643252868641343767,90-91m²,2026-03-16T11:59:16.344816
7081603854476496,https://www.hemnet.se/salda/lagenhet-3rum-vasastaden-goteborgs-kommun-aschebergsgatan-7a-7081603854476496,90-91m²,2026-03-16T11:59:16.344817
8891968219659216005,https://www.hemnet.se/salda/lagenhet-3rum-dammfri-slottsstaden-malmo-kommun-korsorvagen-4b-8891968219659216005,90-91m²,2026-03-16T11:59:16.344818
1478638220302183122,https://www.hemnet.se/salda/lagenhet-3rum-centrum-gavle-kommun-kallbacksgatan-76-1478638220302183122,90-91m²,2026-03-16T11:59:16.344820
3481999081333442103,https://www.hemnet.se/salda/lagenhet-4rum-norrtorn-oskarshamns-kommun-norrbackavagen-24-3481999081333442103,90-91m²,2026-03-16T11:59:16.344821
7590670622016140246,https://www.hemnet.se/salda/lagenhet-3rum-frosunda-solna-kommun-gustav-iii-s-boulevard-67-7590670622016140246,90-91m²,2026-03-16T11:59:16.344823
2977355891050924576,https://www.hemnet.se/salda/lagenhet-4rum-blomangen-tegelplan-ostersunds-kommun-hardangegatan-14-c-2977355891050924576,90-91m²,2026-03-16T11:59:16.344824
8097263907232541785,https://www.hemnet.se/salda/lagenhet-4rum-handen-haninge-kommun-vallavagen-35-8097263907232541785,90-91m²,2026-03-16T11:59:16.344825
7148142466054063091,https://www.hemnet.se/salda/lagenhet-3rum-viksjo-jarfalla-kommun-axvagen-73-7148142466054063091,90-91m²,2026-03-16T11:59:16.344827
157799900336456047,https://www.hemnet.se/salda/lagenhet-3rum-dammfri-malmo-kommun-ribevagen-11a-157799900336456047,90-91m²,2026-03-16T11:59:16.344828
6777024577591168462,https://www.hemnet.se/salda/lagenhet-4rum-gavle-strand-gavle-kommun-stuvaregatan-32-6777024577591168462,90-91m²,2026-03-16T11:59:16.344830
4640213129231439059,https://www.hemnet.se/salda/lagenhet-4rum-mariestad-mariestads-kommun-sodra-vagen-92-4640213129231439059,90-91m²,2026-03-16T11:59:16.344831
5351849541805910421,https://www.hemnet.se/salda/lagenhet-3rum-gideonsberg-vasteras-kommun-siggesborgsgatan-11a-5351849541805910421,90-91m²,2026-03-16T11:59:16.344832
8613424442647806402,https://www.hemnet.se/salda/lagenhet-3rum-finnberget-saltsjohojden-nacka-kommun-finnbergsvagen-66-8613424442647806402,90-91m²,2026-03-16T11:59:16.344834
7194715402580995110,"https://www.hemnet.se/salda/lagenhet-3,5rum-fullersta-huddinge-kommun-claras-grand-11b-7194715402580995110",90-91m²,2026-03-16T11:59:16.344835
3873833108066488799,"https://www.hemnet.se/salda/lagenhet-3rum-ostra-framby-falu-kommun-torkils-vag-36f,-79152-falun-3873833108066488799",90-91m²,2026-03-16T11:59:16.344837
2220923751792378985,https://www.hemnet.se/salda/lagenhet-4rum-masthugget-goteborgs-kommun-kjellmansgatan-28-2220923751792378985,90-91m²,2026-03-16T11:59:16.344838
3551293494803569278,"https://www.hemnet.se/salda/lagenhet-3rum-vasastan-stockholms-kommun-dalagatan-72,-3tr-3551293494803569278",90-91m²,2026-03-16T11:59:16.344839
4907804725608752923,https://www.hemnet.se/salda/lagenhet-3rum-sundbyberg-sundbybergs-kommun-skolgatan-5-b-4907804725608752923,90-91m²,2026-03-16T11:59:16.344841
2396526985446366722,https://www.hemnet.se/salda/lagenhet-4rum-seestaden-sandvikens-kommun-agavagen-16b-2396526985446366722,90-91m²,2026-03-16T11:59:16.344842
1066472249628104061,https://www.hemnet.se/salda/lagenhet-4rum-grossgardet-norrtalje-kommun-esplanaden-21-a-1066472249628104061,90-91m²,2026-03-16T11:59:16.344843
7828536872580529598,https://www.hemnet.se/salda/lagenhet-3rum-vastra-orminge-nacka-kommun-ormingeringen-10c-7828536872580529598,90-91m²,2026-03-16T11:59:16.344844
7795858049449028533,https://www.hemnet.se/salda/lagenhet-3rum-norr-vaxjo-kommun-gamla-norrvagen-226-7795858049449028533,90-91m²,2026-03-16T11:59:16.344846
4629605371315979480,https://www.hemnet.se/salda/lagenhet-5rum-storhogna-bergs-kommun-merakvagen-20b-4629605371315979480,90-91m²,2026-03-16T11:59:16.344847
2213067438463042884,https://www.hemnet.se/salda/lagenhet-4rum-ornsberg-aspudden-stockholms-kommun-instrumentvagen-43-2213067438463042884,90-91m²,2026-03-16T11:59:16.344848
7429149129811791670,https://www.hemnet.se/salda/lagenhet-3rum-kronan-lulea-kommun-kompanivagen-21-van-6-7429149129811791670,90-91m²,2026-03-16T11:59:16.344849
3099442539574773745,https://www.hemnet.se/salda/lagenhet-4rum-hammarby-sjostad-stockholms-kommun-konvojgatan-5-3099442539574773745,90-91m²,2026-03-16T11:59:16.344851
7345994520139388833,https://www.hemnet.se/salda/lagenhet-4rum-goteborg-goteborgs-kommun-rodlonnsgangen-34-7345994520139388833,90-91m²,2026-03-16T11:59:16.344852
7937475605061862463,https://www.hemnet.se/salda/lagenhet-4rum-vastra-hamnen-malmo-kommun-marsgrand-25-7937475605061862463,90-91m²,2026-03-16T11:59:16.344853
423545092104943787,https://www.hemnet.se/salda/lagenhet-3rum-gustavsberg-farstadal-varmdo-kommun-rekordvagen-10-423545092104943787,90-91m²,2026-03-16T11:59:16.344854
4275072563710077206,https://www.hemnet.se/salda/lagenhet-4rum-vasterhaninge-aby-haninge-kommun-ringvagen-61-4275072563710077206,90-91m²,2026-03-16T11:59:16.344856
8791569582031152136,https://www.hemnet.se/salda/lagenhet-4rum-igelstavik-sodertalje-kommun-angbatsvagen-4-8791569582031152136,90-91m²,2026-03-16T11:59:16.344857
2628271213137780031,https://www.hemnet.se/salda/lagenhet-4rum-salem-salems-kommun-emanuel-birkes-vag-2-2628271213137780031,90-91m²,2026-03-16T11:59:16.344858
5943751186355501580,https://www.hemnet.se/salda/lagenhet-4rum-viksjo-jarfalla-kommun-hogbyvagen-278-5943751186355501580,90-91m²,2026-03-16T11:59:16.344860
9061538343343099251,"https://www.hemnet.se/salda/lagenhet-2,5rum-centrala-sodertalje-sodertalje-kommun-byggmastaregatan-2-9061538343343099251",90-91m²,2026-03-16T11:59:16.344861
336379222673796374,https://www.hemnet.se/salda/lagenhet-4rum-gustavsberg-porslinskvarteren-varmdo-kommun-wilhelm-kages-gata-82b-336379222673796374,90-91m²,2026-03-16T11:59:16.344862
4735877877882589144,https://www.hemnet.se/salda/lagenhet-3rum-kasta-huddinge-kommun-kavlevagen-151-4735877877882589144,90-91m²,2026-03-16T11:59:16.344864
1668314790537855105,"https://www.hemnet.se/salda/lagenhet-3rum-katarina-stockholms-kommun-gotgatan-124,-5-tr-ingang-ringvagen-121-1668314790537855105",90-91m²,2026-03-16T11:59:16.344865
1853202570072379985,https://www.hemnet.se/salda/lagenhet-4rum-hovas-goteborgs-kommun-skalldalsbacken-8-1853202570072379985,90-91m²,2026-03-16T11:59:16.344866
4417737621911395520,https://www.hemnet.se/salda/lagenhet-4rum-nasby-slottspark-taby-kommun-nasbyviksgrand-2-4417737621911395520,90-91m²,2026-03-16T11:59:16.344868
527203207091847136,https://www.hemnet.se/salda/lagenhet-4rum-centrala-handen-haninge-kommun-sleipnervagen-1-527203207091847136,90-91m²,2026-03-16T11:59:16.344869
3687927334420935120,https://www.hemnet.se/salda/lagenhet-4rum-arsta-stockholms-kommun-johanneshovsvagen-151-3687927334420935120,90-91m²,2026-03-16T11:59:16.344870
3848040786302864275,"https://www.hemnet.se/salda/lagenhet-4rum-aspudden-stockholms-kommun-hagerstensvagen-99b,-4tr-3848040786302864275",90-91m²,2026-03-16T11:59:16.344871
1665916951326917915,https://www.hemnet.se/salda/lagenhet-4rum-malmaberg-vasteras-kommun-slaggargatan-5-1665916951326917915,90-91m²,2026-03-16T11:59:16.344873
7707037650513502711,https://www.hemnet.se/salda/lagenhet-3rum-nissastrand-halmstads-kommun-westerbergs-gata-11-7707037650513502711,90-91m²,2026-03-16T11:59:16.344874
4404366638306402713,https://www.hemnet.se/salda/lagenhet-3rum-skytteholm-solna-kommun-nybodagatan-12-4404366638306402713,90-91m²,2026-03-16T11:59:16.344875
2050184655776563337,https://www.hemnet.se/salda/lagenhet-4rum-korseberg-vanersborgs-kommun-sjobodsvagen-16-d-2050184655776563337,90-91m²,2026-03-16T11:59:16.344876
1479022455343600237,https://www.hemnet.se/salda/lagenhet-3rum-ostermalm-gardet-stockholms-kommun-sandhamnsgatan-75d-1479022455343600237,90-91m²,2026-03-16T11:59:16.344878
4016523754692966001,https://www.hemnet.se/salda/lagenhet-3rum-nya-staden-lidkopings-kommun-alvgatan-14-4016523754692966001,90-91m²,2026-03-16T11:59:16.344879
3156115360638281849,https://www.hemnet.se/salda/lagenhet-4rum-jarvastaden-solna-kommun-honnorsgatan-18-3156115360638281849,90-91m²,2026-03-16T11:59:16.344880
4083961680262621794,https://www.hemnet.se/salda/lagenhet-4rum-tullinge-botkyrka-kommun-nyangsvagen-17-4083961680262621794,90-91m²,2026-03-16T11:59:16.344882
3678379290628732465,"https://www.hemnet.se/salda/lagenhet-4rum-ringstorp-helsingborgs-kommun-ryttmastaregatan-13d,-25453-helsingborg-3678379290628732465",90-91m²,2026-03-16T11:59:16.344883
7031499448866858765,https://www.hemnet.se/salda/lagenhet-3rum-vastra-orminge-nacka-kommun-ormingeringen-5-7031499448866858765,90-91m²,2026-03-16T11:59:16.344884
912808551994226594,"https://www.hemnet.se/salda/lagenhet-4,5rum-orminge-nacka-kommun-ormingeringen-46b-912808551994226594",90-91m²,2026-03-16T11:59:16.344885
5515527458555669505,https://www.hemnet.se/salda/lagenhet-4rum-dalaberg-uddevalla-kommun-vindfallegatan-34-5515527458555669505,90-91m²,2026-03-16T11:59:16.344887
6175386776747011859,https://www.hemnet.se/salda/lagenhet-3rum-centrum-falkopings-kommun-tradgardsgatan-26a-6175386776747011859,90-91m²,2026-03-16T11:59:16.344888
5700963198797985525,https://www.hemnet.se/salda/lagenhet-3rum-visby-sodercentrum-gotlands-kommun-magasinsgatan-11-5700963198797985525,90-91m²,2026-03-16T11:59:16.344889
9017102698970171647,https://www.hemnet.se/salda/lagenhet-4rum-bromma-mariehall-stockholms-kommun-klintbacken-58b-9017102698970171647,90-91m²,2026-03-16T11:59:16.344890
4810936780261064722,https://www.hemnet.se/salda/lagenhet-4rum-minneberg-stockholms-kommun-svartviksslingan-65-4810936780261064722,90-91m²,2026-03-16T11:59:16.344892
6774365283816380152,"https://www.hemnet.se/salda/lagenhet-3rum-vasastan-stockholms-kommun-dalagatan-41,-1,5-tr-6774365283816380152",90-91m²,2026-03-16T11:59:16.344893
3913731387516203691,https://www.hemnet.se/salda/lagenhet-3rum-skytteholm-solna-kommun-framnasbacken-7-3913731387516203691,90-91m²,2026-03-16T11:59:16.344894
7772902461936774831,https://www.hemnet.se/salda/lagenhet-3rum-karlsdal-vasteras-kommun-johanneshojden-2-7772902461936774831,90-91m²,2026-03-16T11:59:16.344895
4239272168165353004,https://www.hemnet.se/salda/lagenhet-4rum-hallbybrunn-eskilstuna-kommun-oknavagen-83a-4239272168165353004,90-91m²,2026-03-16T11:59:16.344897
5222411459845752485,https://www.hemnet.se/salda/lagenhet-3rum-baggeby-bodal-lidingo-kommun-bodalsvagen-4-5222411459845752485,90-91m²,2026-03-16T11:59:16.344898
7361246739968191670,https://www.hemnet.se/salda/lagenhet-3rum-lulea-innerstaden-ostermalm-lulea-kommun-kompanivagen-21-7361246739968191670,90-91m²,2026-03-16T11:59:16.344900
2257068682138371416,"https://www.hemnet.se/salda/lagenhet-3rum-ulricehamn-ulricehamns-kommun-prastgardsgatan-11,-lgh-364-2257068682138371416",90-91m²,2026-03-16T11:59:16.344901
1393401231237857612,https://www.hemnet.se/salda/lagenhet-3rum-gryta-vasteras-kommun-stockrosvagen-1-1393401231237857612,90-91m²,2026-03-16T11:59:16.344902
5964989098110526197,https://www.hemnet.se/salda/lagenhet-3rum-viksjo-jarfalla-kommun-axvagen-89-5964989098110526197,90-91m²,2026-03-16T11:59:16.344903
5887322848834977883,https://www.hemnet.se/salda/lagenhet-4rum-visby-gotlands-kommun-myrstigen-1-5887322848834977883,90-91m²,2026-03-16T11:59:16.344904
1508843164257467088,https://www.hemnet.se/salda/lagenhet-3rum-mjolkudden-ankarkronan-lulea-kommun-mjolkuddsvagen-209-1508843164257467088,90-91m²,2026-03-16T11:59:16.344906
250850926631328897,"https://www.hemnet.se/salda/lagenhet-4rum-taby-centrum-taby-kommun-marknadsvagen-173,-3-tr-250850926631328897",90-91m²,2026-03-16T11:59:16.344907
6511493481926882148,https://www.hemnet.se/salda/lagenhet-3rum-tingvallastaden-karlstads-kommun-sodra-kyrkogatan-11-6511493481926882148,90-91m²,2026-03-16T11:59:16.344909
7853344026879443671,https://www.hemnet.se/salda/lagenhet-4rum-danderyd-danderyds-kommun-edsviksvagen-31b-7853344026879443671,90-91m²,2026-03-16T11:59:16.344910
451887494351052763,https://www.hemnet.se/salda/lagenhet-4rum-gamla-huvudsta-solna-kommun-huvudstagatan-27-451887494351052763,90-91m²,2026-03-16T11:59:16.344911
937332600442305305,https://www.hemnet.se/salda/lagenhet-3rum-liljeholmskajen-stockholms-kommun-blekegatan-5-937332600442305305,90-91m²,2026-03-16T11:59:16.344912
8151692530219887529,https://www.hemnet.se/salda/lagenhet-3rum-granby-uppsala-kommun-tovadersgatan-15-a-8151692530219887529,90-91m²,2026-03-16T11:59:16.344914
6493552895873415896,https://www.hemnet.se/salda/lagenhet-4rum-sankt-jorgen-goteborgs-kommun-sankt-jorgens-vag-28a-6493552895873415896,90-91m²,2026-03-16T11:59:16.344915
632080067201869347,https://www.hemnet.se/salda/lagenhet-4rum-vastra-orminge-nacka-kommun-ormingeringen-33-632080067201869347,90-91m²,2026-03-16T11:59:16.344916
1748327080284739852,https://www.hemnet.se/salda/lagenhet-4rum-bergshamra-solna-kommun-ripstigen-2-1748327080284739852,90-91m²,2026-03-16T11:59:16.344917
6810138924982753944,https://www.hemnet.se/salda/lagenhet-4rum-liljeholmskajen-stockholms-kommun-sjoviksvagen-25-6810138924982753944,90-91m²,2026-03-16T11:59:16.344919
1716225078583667833,https://www.hemnet.se/salda/lagenhet-4rum-naset-lidingo-kommun-kallangsvagen-9-1716225078583667833,90-91m²,2026-03-16T11:59:16.344920
6722652649516126859,https://www.hemnet.se/salda/lagenhet-4rum-bromma-minneberg-stockholms-kommun-svartviksslingan-69-6722652649516126859,90-91m²,2026-03-16T11:59:16.344921
7897931634568695627,https://www.hemnet.se/salda/lagenhet-4rum-centrum-uddevalla-kommun-fyrmastaregatan-20a-7897931634568695627,90-91m²,2026-03-16T11:59:16.344922
8198259598741357679,https://www.hemnet.se/salda/lagenhet-3rum-fagersta-fagersta-kommun-dalavagen-32-8198259598741357679,90-91m²,2026-03-16T11:59:16.344924
1446508799008676029,https://www.hemnet.se/salda/lagenhet-4rum-haninge-c-haninge-kommun-sleipnervagen-83-1446508799008676029,90-91m²,2026-03-16T11:59:16.344925
5470357674938242863,https://www.hemnet.se/salda/lagenhet-3rum-korsta-sundsvalls-kommun-klippgatan-3-5470357674938242863,90-91m²,2026-03-16T11:59:16.344926
8993018969953686912,"https://www.hemnet.se/salda/lagenhet-3,5rum-bromma-ulvsunda-stockholms-kommun-smedjevagen-3a-8993018969953686912",90-91m²,2026-03-16T11:59:16.344927
2876885609942360897,"https://www.hemnet.se/salda/lagenhet-3rum-nacka-kvarnholmen-nacka-kommun-kvarngrand-3,-3tr-2876885609942360897",90-91m²,2026-03-16T11:59:16.344929
4970068331563447232,https://www.hemnet.se/salda/lagenhet-4rum-haga-sandbyhov-norrkopings-kommun-blommelundsallen-1-4970068331563447232,90-91m²,2026-03-16T11:59:16.344930
8849145989192391435,https://www.hemnet.se/salda/lagenhet-3rum-hammarbyhojden-stockholms-kommun-svedalavagen-14-8849145989192391435,90-91m²,2026-03-16T11:59:16.344931
2979581713589005964,https://www.hemnet.se/salda/lagenhet-4rum-bellevue-karlstads-kommun-artillerigatan-10b-2979581713589005964,90-91m²,2026-03-16T11:59:16.344932
2610926236218240387,https://www.hemnet.se/salda/lagenhet-4rum-vaster-vaxjo-kommun-kasernvagen-13b-2610926236218240387,90-91m²,2026-03-16T11:59:16.344934
5897539239426354045,https://www.hemnet.se/salda/lagenhet-3rum-framby-falu-kommun-torkils-vag-4d-5897539239426354045,90-91m²,2026-03-16T11:59:16.344935
5477997674044787629,https://www.hemnet.se/salda/lagenhet-4rum-salem-salems-kommun-emanuel-birkes-vag-2-5477997674044787629,90-91m²,2026-03-16T11:59:16.344936
3121674106482743921,https://www.hemnet.se/salda/lagenhet-4rum-sodermalm-stockholms-kommun-fatburs-brunnsgata-12-3121674106482743921,90-91m²,2026-03-16T11:59:16.344937
200166277845611374,https://www.hemnet.se/salda/lagenhet-3rum-anderstorp-gislaveds-kommun-lyckasvagen-12b-200166277845611374,90-91m²,2026-03-16T11:59:16.344939
2816229939809701495,https://www.hemnet.se/salda/lagenhet-3rum-sodermalm-katarina-stockholms-kommun-ringvagen-104-2816229939809701495,90-91m²,2026-03-16T11:59:16.344940
8295574781485909993,"https://www.hemnet.se/salda/lagenhet-3rum-vasastan-odenplan-stockholms-kommun-frejgatan-48,-3tr,-8295574781485909993",90-91m²,2026-03-16T11:59:16.344941
5697109114271512480,https://www.hemnet.se/salda/lagenhet-4rum-bolinder-strand-jarfalla-kommun-birger-dahlerus-vag-5-5697109114271512480,90-91m²,2026-03-16T11:59:16.344943
6402247003397137159,https://www.hemnet.se/salda/lagenhet-2rum-centralt-ostersunds-kommun-prastgatan-65-d-6402247003397137159,90-91m²,2026-03-16T11:59:16.344944
3713506608246192558,https://www.hemnet.se/salda/lagenhet-3rum-korsta-sundsvalls-kommun-klippgatan-15-3713506608246192558,90-91m²,2026-03-16T11:59:16.344945
4063817337832160254,https://www.hemnet.se/salda/lagenhet-3rum-fagelbacken-malmo-kommun-fagelbacksgatan-6h-4063817337832160254,90-91m²,2026-03-16T11:59:16.344946
401370375295241764,"https://www.hemnet.se/salda/lagenhet-3,5rum-kroksback-malmo-kommun-norrbacksgatan-5-401370375295241764",90-91m²,2026-03-16T11:59:16.344948
2649322997753644139,https://www.hemnet.se/salda/lagenhet-3rum-citadellskajen-malmo-kommun-vastra-alvgatan-6-2649322997753644139,90-91m²,2026-03-16T11:59:16.344949
2021990353575232144,https://www.hemnet.se/salda/lagenhet-4rum-hammarby-sjostad-stockholms-kommun-sickla-kanalgata-12-2021990353575232144,90-91m²,2026-03-16T11:59:16.344950
672727519889501936,https://www.hemnet.se/salda/lagenhet-4rum-taby-park-taby-kommun-sadelgatan-10-672727519889501936,90-91m²,2026-03-16T11:59:16.344952
7526307091323260759,https://www.hemnet.se/salda/lagenhet-4rum-roslags-nasby-taby-kommun-nasbyvagen-10-7526307091323260759,90-91m²,2026-03-16T11:59:16.344953
7848327822384937701,https://www.hemnet.se/salda/lagenhet-3rum-ribersborg-malmo-kommun-roslins-vag-17a-7848327822384937701,90-91m²,2026-03-16T11:59:16.344954
8681592163432167759,https://www.hemnet.se/salda/lagenhet-4rum-hedvigslund-alta-nacka-kommun-anemonvagen-38-8681592163432167759,90-91m²,2026-03-16T11:59:16.344956
7350904254000428504,"https://www.hemnet.se/salda/lagenhet-3rum-vasastan-stockholms-kommun-vastmannagatan-90,-2-tr-7350904254000428504",90-91m²,2026-03-16T11:59:16.344957
4740823792256990046,https://www.hemnet.se/salda/lagenhet-4rum-arsta-uppsala-kommun-fyrislundsgatan-37a-4740823792256990046,90-91m²,2026-03-16T11:59:16.344958
5018927320589928084,https://www.hemnet.se/salda/lagenhet-4rum-stenungsund-tatort-stenungsunds-kommun-vastergardsvagen-4-5018927320589928084,90-91m²,2026-03-16T11:59:16.344959
5434708362998980349,"https://www.hemnet.se/salda/lagenhet-3rum-sodermalm-stockholms-kommun-ringvagen-104,-2-tr-5434708362998980349",90-91m²,2026-03-16T11:59:16.344961
5541961607990349469,https://www.hemnet.se/salda/lagenhet-3rum-furulund-partille-kommun-grenvagen-5-5541961607990349469,90-91m²,2026-03-16T11:59:16.344962
2293668865536590355,https://www.hemnet.se/salda/lagenhet-3rum-vasastan-stockholms-kommun-drottninggatan-114b-2293668865536590355,90-91m²,2026-03-16T11:59:16.344963
3749963484985485178,https://www.hemnet.se/salda/lagenhet-3rum-vaxjo-sandsbro-vaxjo-kommun-schwerinvagen-58-d-3749963484985485178,90-91m²,2026-03-16T11:59:16.344964
6757210381187616233,https://www.hemnet.se/salda/lagenhet-6rum-orrliden-malung-salens-kommun-hjortstigen-23c-6757210381187616233,90-91m²,2026-03-16T11:59:16.344966
5592510049487562654,https://www.hemnet.se/salda/lagenhet-4rum-sunnersta-uppsala-kommun-gragasvagen-13-5592510049487562654,90-91m²,2026-03-16T11:59:16.344967
8185888915373992493,https://www.hemnet.se/salda/lagenhet-3rum-majorna-klippan-goteborgs-kommun-klippan-1h-8185888915373992493,90-91m²,2026-03-16T11:59:16.344968
5084409489142429437,https://www.hemnet.se/salda/lagenhet-3rum-slottsstaden-ronneholmsparken-malmo-kommun-fagelbacksgatan-37-5084409489142429437,90-91m²,2026-03-16T11:59:16.344969
632628361783685293,https://www.hemnet.se/salda/lagenhet-4rum-marsta-satuna-sigtuna-kommun-satunavagen-11a-632628361783685293,90-91m²,2026-03-16T11:59:16.344971
2419679195379680435,https://www.hemnet.se/salda/lagenhet-3rum-hagalund-borlange-kommun-hagavagen-38-2419679195379680435,90-91m²,2026-03-16T11:59:16.344972
9153302372385018934,https://www.hemnet.se/salda/lagenhet-4rum-tullinge-centrum-botkyrka-kommun-nyangsvagen-15-9153302372385018934,90-91m²,2026-03-16T11:59:16.344973
3223808201385395590,https://www.hemnet.se/salda/lagenhet-3rum-liljeholmskajen-stockholms-kommun-onologgatan-4-3223808201385395590,90-91m²,2026-03-16T11:59:16.344975
2842619195230880503,https://www.hemnet.se/salda/lagenhet-3rum-limhamn-malmo-kommun-kalkstensvagen-8-2842619195230880503,90-91m²,2026-03-16T11:59:16.344976
6920448481554089151,https://www.hemnet.se/salda/lagenhet-3rum-torpa-jonkopings-kommun-daltorpsvagen-3a-6920448481554089151,90-91m²,2026-03-16T11:59:16.344977
8909306996552075364,https://www.hemnet.se/salda/lagenhet-3rum-tynnered-goteborgs-kommun-topasgatan-89-8909306996552075364,90-91m²,2026-03-16T11:59:16.344978
3171882376465301658,https://www.hemnet.se/salda/lagenhet-4rum-edsangen-sollentuna-kommun-hovslagarevagen-17-3171882376465301658,90-91m²,2026-03-16T11:59:16.344980
2382902747077895811,https://www.hemnet.se/salda/lagenhet-3rum-tullinge-centrum-botkyrka-kommun-nyangsvagen-25-2382902747077895811,90-91m²,2026-03-16T11:59:16.344981
5275144328412910796,https://www.hemnet.se/salda/lagenhet-3rum-lorensberg-goteborgs-kommun-lundgrensgatan-8-5275144328412910796,90-91m²,2026-03-16T11:59:16.344982
7481321585490780822,"https://www.hemnet.se/salda/lagenhet-4rum-tyreso-centrum-tyreso-kommun-myggdalsvagen-96,-3-tr-7481321585490780822",90-91m²,2026-03-16T11:59:16.344984
9112457450876829484,https://www.hemnet.se/salda/lagenhet-4rum-komarken-kungalvs-kommun-kongahallagatan-45-9112457450876829484,90-91m²,2026-03-16T11:59:16.344985
5928699226723842337,https://www.hemnet.se/salda/lagenhet-3rum-sodermalm-stockholms-kommun-katarina-bangata-21-5928699226723842337,90-91m²,2026-03-16T11:59:16.344986
8628375472680242180,"https://www.hemnet.se/salda/lagenhet-4rum-viksjo-jarfalla-kommun-hogbyvagen-276,-entreplan-8628375472680242180",90-91m²,2026-03-16T11:59:16.344987
7211705724915158350,https://www.hemnet.se/salda/lagenhet-3rum-framre-luthagen-uppsala-kommun-luthagsesplanaden-23a-7211705724915158350,90-91m²,2026-03-16T11:59:16.344989
4371464784305056330,"https://www.hemnet.se/salda/lagenhet-4rum-taby-centrum-taby-kommun-akerbyvagen-194,-3tr-4371464784305056330",90-91m²,2026-03-16T11:59:16.344990
5839076431557044647,https://www.hemnet.se/salda/lagenhet-4rum-kortedala-goteborgs-kommun-fastlagsgatan-49-5839076431557044647,90-91m²,2026-03-16T11:59:16.344991
3691973330491349494,https://www.hemnet.se/salda/lagenhet-5rum-ostermalm-stockholms-kommun-rigagatan-6-3691973330491349494,90-91m²,2026-03-16T11:59:16.344992
162043841033855308,"https://www.hemnet.se/salda/lagenhet-4rum-satra-ang-danderyds-kommun-satraangsvagen-118,-2-tr-hiss-162043841033855308",90-91m²,2026-03-16T11:59:16.344994
6248164682910197162,https://www.hemnet.se/salda/lagenhet-3rum-centrala-norrtalje-norrtalje-kommun-fridstorpsgatan-3b-6248164682910197162,90-91m²,2026-03-16T11:59:16.344995
3385586608673241525,https://www.hemnet.se/salda/lagenhet-3rum-vasteras-vasteras-kommun-morkullegatan-26-3385586608673241525,90-91m²,2026-03-16T11:59:16.344996
8994887267832956092,"https://www.hemnet.se/salda/lagenhet-3rum-botkyrka-hallunda-botkyrka-kommun-havrevagen-15,-2tr-8994887267832956092",90-91m²,2026-03-16T11:59:16.344998
3347575867653227218,https://www.hemnet.se/salda/lagenhet-4rum-savja-uppsala-kommun-stenbrohultsvagen-107-3347575867653227218,90-91m²,2026-03-16T11:59:16.344999
1016478467948605681,https://www.hemnet.se/salda/lagenhet-3rum-centrum-falu-kommun-sturegatan-97c-1016478467948605681,90-91m²,2026-03-16T11:59:16.345000
6812991610536377915,https://www.hemnet.se/salda/lagenhet-3rum-centrala-norrtalje-norrtalje-kommun-fridstorpsgatan-3b-6812991610536377915,90-91m²,2026-03-16T11:59:16.345001
879830746745248730,https://www.hemnet.se/salda/lagenhet-4rum-hisings-backa-goteborgs-kommun-ekebygatan-18-879830746745248730,90-91m²,2026-03-16T11:59:16.345003
6709375298770026616,"https://www.hemnet.se/salda/lagenhet-3rum-sodermalm-stockholms-kommun-ostgotagatan-36,-2-tr-6709375298770026616",90-91m²,2026-03-16T11:59:16.345004
7418598074411143929,https://www.hemnet.se/salda/lagenhet-4rum-mjolkudden-lulea-kommun-munkebergsgatan-44-7418598074411143929,90-91m²,2026-03-16T11:59:16.345005
3064266779698285741,https://www.hemnet.se/salda/lagenhet-4rum-taby-centrum-taby-kommun-marknadsvagen-65-3064266779698285741,90-91m²,2026-03-16T11:59:16.345006
7395985648899421527,https://www.hemnet.se/salda/lagenhet-5rum-tullinge-botkyrka-kommun-nyangsvagen-7-7395985648899421527,90-91m²,2026-03-16T11:59:16.345008
6858260144068777827,https://www.hemnet.se/salda/lagenhet-5rum-gustavsberg-varmdo-kommun-wilhelm-kages-gata-36-6858260144068777827,90-91m²,2026-03-16T11:59:16.345009
5040614569993290820,https://www.hemnet.se/salda/lagenhet-4rum-bodal-lidingo-kommun-bodalsvagen-22-5040614569993290820,90-91m²,2026-03-16T11:59:16.345010
8874911117729054402,"https://www.hemnet.se/salda/lagenhet-4rum-husby-stockholms-kommun-lofotengatan-29,-5-tr-8874911117729054402",90-91m²,2026-03-16T11:59:16.345011
7562841287816007035,https://www.hemnet.se/salda/lagenhet-4rum-hisings-backa-goteborgs-kommun-ovralidsgatan-21-7562841287816007035,90-91m²,2026-03-16T11:59:16.345013
6685880375653692705,https://www.hemnet.se/salda/lagenhet-3rum-gideonsberg-vasteras-kommun-siggesborgsgatan-11a-6685880375653692705,90-91m²,2026-03-16T11:59:16.345014
2925465961037927235,"https://www.hemnet.se/salda/lagenhet-3rum-hammarby-sjostad-stockholms-kommun-heliosgatan-50,-6tr-2925465961037927235",90-91m²,2026-03-16T11:59:16.345015
9212971262309620235,"https://www.hemnet.se/salda/lagenhet-4rum-kungsholmen-radhuset-stockholms-kommun-hantverkargatan-44,-2-tr-9212971262309620235",90-91m²,2026-03-16T11:59:16.345017
3457264715924871305,https://www.hemnet.se/salda/lagenhet-4rum-brunnshog-lunds-kommun-solbjerstorget-4-3457264715924871305,90-91m²,2026-03-16T11:59:16.345018
991838568648056146,https://www.hemnet.se/salda/lagenhet-3rum-viksjo-jarfalla-kommun-axvagen-87-991838568648056146,90-91m²,2026-03-16T11:59:16.345019
1914578320226299286,https://www.hemnet.se/salda/lagenhet-4rum-centralt-ostersunds-kommun-kopmangatan-63-a-1914578320226299286,90-91m²,2026-03-16T11:59:16.345020
7191880668867135763,https://www.hemnet.se/salda/lagenhet-3rum-raby-vasteras-kommun-morkullegatan-80-7191880668867135763,90-91m²,2026-03-16T11:59:16.345021
5167982818770376836,"https://www.hemnet.se/salda/lagenhet-4,5rum-lorensberg-goteborgs-kommun-wadmansgatan-4a-5167982818770376836",90-91m²,2026-03-16T11:59:16.345023
5246382559165681873,https://www.hemnet.se/salda/lagenhet-3rum-anderstorp-gislaveds-kommun-lyckasvagen-26b-5246382559165681873,90-91m²,2026-03-16T11:59:16.345024
4855538915127017539,https://www.hemnet.se/salda/lagenhet-3rum-rasunda-solna-kommun-garvis-carlssons-gata-24-4855538915127017539,90-91m²,2026-03-16T11:59:16.345025
104040021956434154,"https://www.hemnet.se/salda/lagenhet-4rum-bodal-lidingo-kommun-bodalsvagen-10,-2-tr-104040021956434154",90-91m²,2026-03-16T11:59:16.345027
8621938196285639932,"https://www.hemnet.se/salda/lagenhet-4rum-stureby-enskede-stockholms-kommun-bastuhagsvagen-57,-3-tr-8621938196285639932",90-91m²,2026-03-16T11:59:16.345028
3207710049017356486,https://www.hemnet.se/salda/lagenhet-4rum-handen-haninge-kommun-sleipnervagen-107-3207710049017356486,90-91m²,2026-03-16T11:59:16.345029
6651075342365870858,https://www.hemnet.se/salda/lagenhet-3rum-kungsholmen-stockholms-kommun-kungsholms-kyrkoplan-4-6651075342365870858,90-91m²,2026-03-16T11:59:16.345030
1851177032918515450,https://www.hemnet.se/salda/lagenhet-4rum-vastra-orminge-nacka-kommun-ormingeringen-2-1851177032918515450,90-91m²,2026-03-16T11:59:16.345031
6432494861686738649,https://www.hemnet.se/salda/lagenhet-3rum-hollviken-vellinge-kommun-falsterbovagen-49-6432494861686738649,90-91m²,2026-03-16T11:59:16.345033
5675025186886374721,https://www.hemnet.se/salda/lagenhet-3rum-backadal-angelholms-kommun-lokgatan-24-5675025186886374721,90-91m²,2026-03-16T11:59:16.345034
8900563037307571355,https://www.hemnet.se/salda/lagenhet-4rum-korseberg-vanersborgs-kommun-sjobodsvagen-4d-8900563037307571355,90-91m²,2026-03-16T11:59:16.345035
33589476062402473,https://www.hemnet.se/salda/lagenhet-4rum-huskvarna-jonkopings-kommun-strandvagen-16b-33589476062402473,90-91m²,2026-03-16T11:59:16.345036
8510883637273817701,https://www.hemnet.se/salda/lagenhet-3rum-vaster-gavle-kommun-brandstromsgatan-5a-8510883637273817701,90-91m²,2026-03-16T11:59:16.345038
1242929926544160488,https://www.hemnet.se/salda/lagenhet-4rum-sodertorn-oskarshamns-kommun-tallvagen-16-1242929926544160488,90-91m²,2026-03-16T11:59:16.345039
